iteration,Train/mean_reward,Train/mean_episode_length,Train/mean_step_reward,Episode_Termination/time_out,Episode_Termination/fell_over,Metrics/twist/error_vel_xy,Metrics/twist/error_vel_yaw,Loss/value,Loss/surrogate,Loss/entropy,Loss/learning_rate,Loss/kl,Policy/mean_std,Perf/total_fps,Perf/collection_time,Perf/learning_time,Curriculum/action_rate_weight,Curriculum/standing_envs,time_s,env_steps,Episode_Reward/track_linear_velocity,Episode_Reward/track_angular_velocity,Episode_Reward/upright,Episode_Reward/pose,Episode_Reward/action_rate_l2,Episode_Reward/alive,Episode_Reward/air_time,Episode_Reward/single_stance,Episode_Reward/foot_lift,Episode_Reward/foot_alternation,Episode_Reward/foot_symmetry,Episode_Reward/foot_clearance,Episode_Reward/foot_swing_height,Episode_Reward/foot_slip,Episode_Reward/trot,Episode_Reward/joint_torque,Episode_Reward/self_collisions,Episode_Reward/dof_pos_limits,Episode_Reward/body_ang_vel,Episode_Reward/angular_momentum,Episode_Reward/joint_vel,Episode_Reward/undesired_contacts,Episode_Reward/base_height,Episode_Reward/three_stance,Episode_Reward/under_stance,Episode_Reward/all_stance,Episode_Reward/footfall_sequence,Episode_Reward/termination
1001,-11.5476,14,-0.05812,0,0.0416667,0.13517,1.20884,0.675297,-0.006388,2.57786,0.0002,0.0158905,0.29992,15542.9,0.518179,0.272408,-0.1,0.15,0.790727,1.23003e+07,2.84392e-05,9.26827e-07,0.00599539,0.000781753,-0.00316197,0.014,-0.0004,nan,nan,nan,nan,-0.00226103,-0.00231536,-0.0005687,nan,-0.00514193,0,-0.00332426,-0.0223586,nan,-0.0228727,-0.018,0.0142175,0.004,-0.036,0,0,-0.5
1002,-13.5582,35.2143,-0.0646952,0,0.583333,0.146026,1.35496,1.57255,-0.00130957,2.57603,0.000133333,0.0252362,0.299952,11976.7,0.589696,0.436298,-0.1,0.15,1.81845,1.23126e+07,0.0120622,0.000378608,0.0138389,0.00149153,-0.0105519,0.0352143,-0.00484286,nan,nan,nan,nan,-0.00375595,-0.0110445,-0.00223564,nan,-0.0136247,-0.000285714,-0.00723482,-0.0517455,nan,-0.0574191,-0.0627857,0.0403451,0.0111429,-0.088,-0.000285714,0.0214286,-0.5
1003,-15.4713,61.8571,-0.0650173,0,0.583333,0.144477,1.35188,1.63685,-0.00782888,2.57923,8.88889e-05,0.0215715,0.300046,17142.1,0.474526,0.242306,-0.1,0.15,2.53665,1.23249e+07,0.0102645,0.00128652,0.0268471,0.0021636,-0.0183015,0.0618571,-0.00865714,nan,nan,nan,nan,-0.00522387,-0.0219871,-0.00419966,nan,-0.0236959,0,-0.0140581,-0.0847509,nan,-0.0997468,-0.103929,0.0728174,0.0205714,-0.134,-0.00171429,0.0508929,-0.5
1004,-16.4245,82,-0.0613047,0,0.375,0.142609,1.33797,1.24991,-0.00505548,2.58297,8.88889e-05,0.0130444,0.300129,17061.2,0.473049,0.247181,-0.1,0.15,3.25827,1.23372e+07,0.0157616,0.000798822,0.0355108,0.00328641,-0.024915,0.082,-0.01,nan,nan,nan,nan,-0.00643334,-0.031315,-0.0057578,nan,-0.0313065,0,-0.0189396,-0.10434,nan,-0.133144,-0.150333,0.10268,0.0266667,-0.177333,-0.00244444,0.108333,-0.5
1005,-16.5118,97.1818,-0.0608443,0,0.458333,0.144097,1.33531,1.21543,-0.00560642,2.58577,8.88889e-05,0.0137197,0.300181,16627,0.497264,0.241773,-0.1,0.15,3.99876,1.23494e+07,0.0336596,0.00164599,0.0493791,0.00303831,-0.0273087,0.0971818,-0.0152727,nan,nan,nan,nan,-0.00585146,-0.0242376,-0.00589145,nan,-0.0365544,0,-0.0212852,-0.118442,nan,-0.134952,-0.153,0.118667,0.0392727,-0.194909,-0.00345455,0.0727273,-0.5
1006,-17.7023,131.75,-0.0530744,0,0.166667,0.141772,1.30502,0.798408,-0.00670883,2.58774,8.88889e-05,0.0136621,0.300244,16939.7,0.485377,0.240019,-0.1,0.15,4.72695,1.23617e+07,0.0393277,0.00529077,0.0635256,0.00564196,-0.0376271,0.13175,-0.0187,nan,nan,nan,nan,-0.00876279,-0.0409124,-0.00896573,nan,-0.0490346,0,-0.0302468,-0.14198,nan,-0.188999,-0.23175,0.167077,0.049,-0.266,-0.005,0.18125,-0.5
1007,-21.3602,147.222,-0.0550287,0,0.375,0.142874,1.28386,0.914358,-0.00509296,2.59035,8.88889e-05,0.0149109,0.300293,17396.6,0.467086,0.23926,-0.1,0.15,5.43465,1.2374e+07,0.0470153,0.00362294,0.0709922,0.00541849,-0.0426795,0.147222,-0.0217111,nan,nan,nan,nan,-0.0104341,-0.0508526,-0.0108601,nan,-0.0560835,0,-0.0325325,-0.18349,nan,-0.216067,-0.255667,0.190761,0.0524444,-0.311556,-0.00466667,0.111111,-0.5
1008,-21.1912,161.25,-0.0521336,0,0.333333,0.142243,1.27692,0.656973,-0.00706874,2.59156,8.88889e-05,0.0136922,0.300306,16022.9,0.51377,0.253134,-0.1,0.15,6.20282,1.23863e+07,0.0540823,0.00403827,0.075912,0.00602542,-0.0462189,0.16125,-0.024475,nan,nan,nan,nan,-0.0114351,-0.0624048,-0.0117751,nan,-0.0610549,0,-0.0365702,-0.174859,nan,-0.238587,-0.26925,0.216698,0.0675,-0.3315,-0.0035,0.126562,-0.5
1009,-22.1527,176.857,-0.0496618,0,0.291667,0.143677,1.27532,0.714213,-0.00412029,2.59199,8.88889e-05,0.0126131,0.300309,17102,0.476772,0.241741,-0.1,0.15,6.92254,1.23986e+07,0.0464573,0.00391215,0.0860872,0.00574831,-0.0500237,0.176857,-0.0139143,nan,nan,nan,nan,-0.0103679,-0.057969,-0.0101906,nan,-0.0655264,0,-0.0402182,-0.187601,nan,-0.251176,-0.283286,0.231435,0.0565714,-0.365714,-0.00371429,0.125,-0.5
1010,-20.8271,200.25,-0.0531078,0,0.333333,0.147258,1.25749,0.52138,-0.00525983,2.59145,5.92593e-05,0.0203644,0.300287,17153.2,0.474037,0.24233,-0.1,0.15,7.64014,1.24109e+07,0.0683112,0.00523662,0.114499,0.00730136,-0.0532942,0.20025,-0.0428,nan,nan,nan,nan,-0.0111546,-0.0413649,-0.0136659,nan,-0.0728924,0,-0.0457773,-0.209517,nan,-0.253255,-0.285375,0.259583,0.1025,-0.4055,-0.00975,0.145313,-0.5
1011,-25.3745,241.429,-0.0477183,0,0.291667,0.142944,1.24896,0.469607,-0.00805824,2.59068,5.92593e-05,0.00975146,0.300275,12968.4,0.585031,0.362501,-0.1,0.15,8.58895,1.24232e+07,0.0794041,0.00652427,0.134757,0.00759588,-0.0670524,0.241429,-0.0414286,nan,nan,nan,nan,-0.0139534,-0.0628537,-0.0180287,nan,-0.0895591,-0.000714286,-0.0542339,-0.263927,nan,-0.326447,-0.379714,0.324334,0.108571,-0.484,-0.00514286,0.135714,-0.5
1012,-22.2621,243.75,-0.0487958,0,0.333333,0.141023,1.28627,0.674999,-0.00847112,2.59052,5.92593e-05,0.00750731,0.300299,13591.2,0.56821,0.335906,-0.1,0.15,9.49458,1.24355e+07,0.116226,0.00620039,0.14013,0.00874491,-0.066223,0.24375,-0.040325,nan,nan,nan,nan,-0.0114385,-0.0466557,-0.0149548,nan,-0.0887115,0,-0.0556065,-0.258607,nan,-0.314287,-0.346875,0.33478,0.1135,-0.4825,-0.0065,0.15625,-0.5
1013,-25.592,279,-0.0490387,0,0.416667,0.138988,1.26668,0.676512,-0.00890922,2.59144,5.92593e-05,0.00840864,0.300278,14039.1,0.547577,0.327692,-0.1,0.15,10.3712,1.24477e+07,0.0949728,0.0084862,0.160654,0.0101538,-0.0758287,0.279,-0.05046,nan,nan,nan,nan,-0.0151913,-0.0750607,-0.0201474,nan,-0.101829,0,-0.0631961,-0.297329,nan,-0.368758,-0.3978,0.369732,0.136,-0.5708,-0.0122,0.21,-0.5
1014,-27.6297,320.556,-0.0486324,0,0.375,0.144448,1.23261,0.484907,-0.00837662,2.59011,5.92593e-05,0.0127123,0.300266,14448.8,0.554706,0.295743,-0.1,0.15,11.2233,1.246e+07,0.125506,0.00892597,0.183142,0.0100284,-0.0853927,0.320556,-0.0546222,nan,nan,nan,nan,-0.0172343,-0.0796478,-0.0232373,nan,-0.117182,0,-0.0722396,-0.327005,nan,-0.417288,-0.451667,0.432709,0.152444,-0.644,-0.01,0.184722,-0.5
1015,-23.4065,343.6,-0.046399,0,0.208333,0.150207,1.24209,0.388259,-0.00936492,2.58937,5.92593e-05,0.0154686,0.300217,15971,0.513675,0.255718,-0.1,0.15,11.9944,1.24723e+07,0.162598,0.0106599,0.204721,0.0144292,-0.0898495,0.3436,-0.07464,nan,nan,nan,nan,-0.0152069,-0.0578719,-0.0241186,nan,-0.122148,-0.0002,-0.0801042,-0.321908,nan,-0.42149,-0.4362,0.496303,0.2064,-0.6872,-0.0156,0.2375,-0.5
1016,-30.6812,371.8,-0.0433586,0,0.208333,0.144647,1.23274,0.385048,-0.00910338,2.58689,5.92593e-05,0.0141396,0.300146,16527.1,0.488134,0.25537,-0.1,0.15,12.7393,1.24846e+07,0.105009,0.0105583,0.203631,0.013985,-0.101148,0.3718,-0.05644,nan,nan,nan,nan,-0.0207596,-0.100495,-0.0250964,nan,-0.135263,-0.0004,-0.0862996,-0.383266,nan,-0.488115,-0.5532,0.512338,0.1768,-0.7624,-0.0128,0.2975,-0.5
1017,-29.026,388,-0.0434465,0,0.125,0.14736,1.23283,0.238494,-0.00832028,2.58302,5.92593e-05,0.0144897,0.300004,14615.8,0.494075,0.346659,-0.1,0.15,13.5815,1.24969e+07,0.134249,0.0076921,0.231815,0.00988377,-0.105353,0.388,-0.0674,nan,nan,nan,nan,-0.0206502,-0.0993013,-0.030282,nan,-0.142712,-0.001,-0.0873724,-0.415954,nan,-0.498077,-0.575,0.500996,0.182667,-0.778667,-0.014,0.429167,-0.5
1018,-26.5869,346.333,-0.0408472,0,0.125,0.144801,1.23213,0.291502,-0.00897617,2.57688,5.92593e-05,0.0155831,0.299895,12773.7,0.616771,0.345204,-0.1,0.15,14.545,1.25092e+07,0.0873816,0.00711384,0.206102,0.0161911,-0.0930587,0.346333,-0.0635333,nan,nan,nan,nan,-0.0159584,-0.065921,-0.0255053,nan,-0.125031,0,-0.0796555,-0.323989,nan,-0.446973,-0.445,0.51016,0.176,-0.682667,-0.0113333,0.2,-0.5
1019,-30.6545,443,-0.0400824,0,0.166667,0.142519,1.22803,0.309866,-0.00930749,2.5746,5.92593e-05,0.0170648,0.299886,13704.7,0.551177,0.345449,-0.1,0.15,15.4435,1.25215e+07,0.183254,0.0167848,0.267793,0.0093374,-0.116988,0.443,-0.0581,nan,nan,nan,nan,-0.0164255,-0.0777918,-0.0225032,nan,-0.159671,0,-0.102834,-0.439445,nan,-0.561621,-0.59325,0.612609,0.162,-0.858,-0.0115,0.290625,-0.5
1020,-28.1321,416.5,-0.0439619,0,0.333333,0.143402,1.23787,0.316412,-0.00877624,2.57506,5.92593e-05,0.014124,0.299891,13843.8,0.582454,0.305163,-0.1,0.15,16.3325,1.25338e+07,0.209697,0.0101478,0.257592,0.0109098,-0.108909,0.4165,-0.0758,nan,nan,nan,nan,-0.0176263,-0.0802064,-0.0275784,nan,-0.150475,0,-0.096612,-0.416645,nan,-0.508978,-0.572625,0.57238,0.2165,-0.824,-0.0115,0.290625,-0.5
1021,-31.6385,489.75,-0.0416042,0,0.166667,0.146318,1.24329,0.315017,-0.00970395,2.5737,5.92593e-05,0.0122149,0.299816,13661.4,0.565097,0.334372,-0.1,0.15,17.2334,1.2546e+07,0.261577,0.0135922,0.305198,0.0121528,-0.128303,0.48975,-0.0794,nan,nan,nan,nan,-0.0209715,-0.0850569,-0.0321484,nan,-0.177561,-0.00025,-0.111539,-0.501756,nan,-0.594847,-0.672,0.674513,0.218,-0.953,-0.0155,0.315625,-0.5
1022,-28.9325,426.4,-0.0412612,0,0.208333,0.147001,1.21025,0.382158,-0.0109752,2.56948,3.95062e-05,0.0214637,0.299698,13279.9,0.571574,0.353731,-0.1,0.15,18.1603,1.25583e+07,0.158995,0.0126372,0.254273,0.0133756,-0.112003,0.4264,-0.06992,nan,nan,nan,nan,-0.0199702,-0.0879514,-0.0262337,nan,-0.154616,-0.0004,-0.099507,-0.408634,nan,-0.529045,-0.567,0.588374,0.2024,-0.8352,-0.0176,0.325,-0.5
1023,-34.6192,524.571,-0.0445813,0,0.291667,0.144409,1.21157,0.294842,-0.00772311,2.56626,3.95062e-05,0.00851363,0.299646,13576.5,0.572221,0.332872,-0.1,0.15,19.0669,1.25706e+07,0.203225,0.0171457,0.323418,0.0163477,-0.137415,0.524571,-0.0882,nan,nan,nan,nan,-0.0215828,-0.10011,-0.0338557,nan,-0.189506,0,-0.120895,-0.508861,nan,-0.646374,-0.693429,0.726917,0.248571,-1.02057,-0.0214286,0.291071,-0.5
1024,-33.2191,562.25,-0.0387467,0,0.166667,0.141416,1.23854,0.271843,-0.00949696,2.56397,3.95062e-05,0.015637,0.299591,13111.1,0.580066,0.357154,-0.1,0.15,20.0057,1.25829e+07,0.225971,0.017246,0.351135,0.0203936,-0.147332,0.56225,-0.12465,nan,nan,nan,nan,-0.0259074,-0.109738,-0.0410293,nan,-0.202242,-0.002,-0.128906,-0.542545,nan,-0.674479,-0.729,0.789754,0.306,-1.102,-0.032,0.428125,-0.5
1025,-34.3611,589,-0.0368258,0,0.0833333,0.144139,1.20259,0.188658,-0.010382,2.56181,3.95062e-05,0.00868714,0.299533,13397.2,0.522909,0.394299,-0.1,0.15,20.9242,1.25952e+07,0.354236,0.0195834,0.357397,0.0144412,-0.151873,0.589,-0.1063,nan,nan,nan,nan,-0.0324595,-0.1688,-0.045082,nan,-0.215517,-0.002,-0.133112,-0.64247,nan,-0.741276,-0.774,0.839677,0.292,-1.168,-0.016,0.5125,-0.5
1026,-34.3835,543,-0.0402256,0,0.208333,0.145852,1.22479,0.257555,-0.00895879,2.5596,5.92593e-05,0.00352139,0.299488,12780,0.579683,0.381822,-0.1,0.15,21.887,1.26075e+07,0.17737,0.0172517,0.32941,0.0195298,-0.141677,0.543,-0.1108,nan,nan,nan,nan,-0.0232628,-0.100389,-0.0379556,nan,-0.194874,0,-0.126046,-0.50436,nan,-0.653164,-0.6846,0.759493,0.2848,-1.0568,-0.0236,0.3075,-0.5
1027,-38.259,561.25,-0.0383018,0,0.166667,0.14751,1.23124,0.236882,-0.0120497,2.55725,5.92593e-05,0.0113961,0.299412,13929.1,0.556136,0.326048,-0.1,0.15,22.7706,1.26198e+07,0.179586,0.0126529,0.31881,0.0133973,-0.148504,0.56125,-0.07945,nan,nan,nan,nan,-0.0265982,-0.1337,-0.03349,nan,-0.204884,-0.0005,-0.127692,-0.555433,nan,-0.69943,-0.76275,0.75366,0.253,-1.102,-0.0215,0.390625,-0.5
1028,-31.0931,543.25,-0.0348715,0,0.166667,0.144629,1.21218,0.382137,-0.012209,2.55448,5.92593e-05,0.0133349,0.299368,12680.2,0.56147,0.407598,-0.1,0.15,23.7411,1.26321e+07,0.184445,0.0142551,0.321896,0.0202475,-0.144097,0.54325,-0.0992,nan,nan,nan,nan,-0.0240351,-0.117714,-0.0376249,nan,-0.196586,0,-0.122593,-0.567413,nan,-0.668247,-0.66975,0.768763,0.288,-1.058,-0.0215,0.53125,-0.5
1029,-36.0133,654.875,-0.0396437,0,0.333333,0.145261,1.20554,0.214686,-0.0121189,2.55328,5.92593e-05,0.0136528,0.299338,12892.4,0.587012,0.366107,-0.1,0.15,24.6958,1.26444e+07,0.298229,0.0208679,0.395308,0.0209648,-0.16999,0.654875,-0.108875,nan,nan,nan,nan,-0.0275149,-0.118712,-0.041504,nan,-0.235983,0,-0.150973,-0.618259,nan,-0.797212,-0.843375,0.924241,0.3275,-1.28,-0.02525,0.475,-0.5
1030,-43.0035,705.5,-0.0344948,0,0.0833333,0.147978,1.21014,0.173336,-0.012055,2.55041,3.95062e-05,0.0211148,0.299204,13392.7,0.55148,0.366032,-0.1,0.15,25.6151,1.26566e+07,0.275854,0.0221879,0.419762,0.0268995,-0.183288,0.7055,-0.13,nan,nan,nan,nan,-0.0327889,-0.15645,-0.0464036,nan,-0.251541,-0.0025,-0.166979,-0.702829,nan,-0.879687,-0.951,0.974088,0.378,-1.418,-0.031,0.5,-0.5
1031,-38.8028,728,-0.036117,0,0.125,0.146307,1.19418,0.18572,-0.0102466,2.54462,3.95062e-05,0.00864596,0.299069,13941.4,0.55626,0.325142,-0.1,0.15,26.498,1.26689e+07,0.370703,0.0222983,0.446565,0.0225212,-0.192199,0.728,-0.124667,nan,nan,nan,nan,-0.0301993,-0.144577,-0.0437559,nan,-0.263514,0,-0.166383,-0.673578,nan,-0.888792,-0.928,1.03077,0.341333,-1.41867,-0.028,0.5,-0.5
1032,-27.249,446.4,-0.0364422,0,0.208333,0.143055,1.19236,0.245573,-0.00867022,2.53996,3.95062e-05,0.00666441,0.298995,14264.8,0.579994,0.281425,-0.1,0.15,27.3607,1.26812e+07,0.188782,0.0143392,0.280562,0.014123,-0.114436,0.4464,-0.09568,nan,nan,nan,nan,-0.0169479,-0.0625153,-0.027834,nan,-0.157916,0,-0.103564,-0.417799,nan,-0.513969,-0.5358,0.623905,0.2464,-0.8568,-0.0212,0.2475,-0.5
1033,-48.7573,780.5,-0.0331682,0,0.0833333,0.140932,1.20431,0.179434,-0.00925535,2.5375,3.95062e-05,0.0126524,0.298932,12822.2,0.599981,0.358358,-0.1,0.15,28.3208,1.26935e+07,0.171755,0.0232758,0.444278,0.0298064,-0.20545,0.7805,-0.1388,nan,nan,nan,nan,-0.0356592,-0.180647,-0.0563625,nan,-0.283091,0,-0.177844,-0.760291,nan,-0.977182,-1.0545,1.11885,0.406,-1.516,-0.039,0.5125,-0.5
1034,-24.9572,426.5,-0.0329941,0,0.0833333,0.147792,1.19883,0.177925,-0.0100733,2.53458,3.95062e-05,0.0122348,0.298845,11260.5,0.631566,0.459679,-0.1,0.15,29.4139,1.27058e+07,0.164365,0.0225039,0.255008,0.0168067,-0.106785,0.4265,-0.0825,nan,nan,nan,nan,-0.0150372,-0.0576799,-0.0286288,nan,-0.148845,0,-0.0996894,-0.368307,nan,-0.496601,-0.5475,0.643028,0.252,-0.842,-0.022,0.2875,-0.5
1035,-53.9551,836,-0.0328452,0,0.0416667,0.147026,1.20834,0.218717,-0.00923657,2.5312,3.95062e-05,0.00876073,0.298786,12490.8,0.609657,0.374105,-0.1,0.15,30.3993,1.27181e+07,0.261633,0.0175674,0.483498,0.0288299,-0.220746,0.836,-0.1176,nan,nan,nan,nan,-0.023949,-0.129074,-0.0416625,nan,-0.297328,0,-0.192557,-0.77856,nan,-1.03182,-1.182,1.17151,0.312,-1.616,-0.04,0.3625,-0.5
1036,-39.8894,718.2,-0.0361426,0,0.208333,0.14954,1.18123,0.197782,-0.0104565,2.52958,3.95062e-05,0.0109772,0.298755,12906.4,0.611395,0.340692,-0.1,0.15,31.353,1.27304e+07,0.292695,0.0265589,0.432861,0.0184414,-0.188376,0.7182,-0.13268,nan,nan,nan,nan,-0.0297096,-0.140213,-0.0465692,nan,-0.256669,0,-0.16629,-0.709197,nan,-0.864936,-0.9456,1.00491,0.3616,-1.376,-0.026,0.5325,-0.5
1037,-41.3928,776.333,-0.0341642,0,0.125,0.149385,1.18484,0.237744,-0.00833389,2.52804,3.95062e-05,0.0114401,0.298714,13172.7,0.56134,0.3715,-0.1,0.15,32.2873,1.27427e+07,0.350844,0.0235909,0.503248,0.0179788,-0.199285,0.776333,-0.141267,nan,nan,nan,nan,-0.0289189,-0.121011,-0.0457538,nan,-0.276709,0,-0.180811,-0.744505,nan,-0.913353,-0.994,1.07081,0.425333,-1.52533,-0.0293333,0.4625,-0.5
1038,-34.4789,638.667,-0.0360213,0,0.25,0.147616,1.18878,0.206956,-0.00890138,2.52697,3.95062e-05,0.0108457,0.298703,12913.7,0.589464,0.362085,-0.1,0.15,33.2407,1.27549e+07,0.318779,0.0191066,0.406043,0.0180934,-0.16326,0.638667,-0.1127,nan,nan,nan,nan,-0.0251064,-0.105172,-0.0384989,nan,-0.227133,0,-0.148503,-0.618366,nan,-0.738027,-0.784,0.906216,0.325333,-1.23867,-0.0213333,0.364583,-0.5
1039,-37.8829,673.5,-0.0319512,0,0.166667,0.149403,1.19168,0.222085,-0.00818242,2.52579,3.95062e-05,0.00622518,0.298645,13733.1,0.580586,0.314184,-0.1,0.15,34.1371,1.27672e+07,0.304744,0.0207431,0.427339,0.0146785,-0.173762,0.6735,-0.10415,nan,nan,nan,nan,-0.0224808,-0.0977247,-0.0374541,nan,-0.240533,0,-0.156878,-0.619207,nan,-0.78879,-0.7905,0.946578,0.31,-1.306,-0.023,0.26875,-0.5
1040,-48.8379,940.5,-0.0349476,0,0.166667,0.145909,1.21577,0.188264,-0.00907538,2.52248,3.95062e-05,0.00946449,0.298547,14558.4,0.521638,0.322413,-0.1,0.15,34.9826,1.27795e+07,0.370899,0.0365264,0.570863,0.0297582,-0.245162,0.9405,-0.1587,nan,nan,nan,nan,-0.0398189,-0.204255,-0.0580113,nan,-0.336295,-0.003,-0.217576,-0.896023,nan,-1.13959,-1.21575,1.31549,0.472,-1.841,-0.0415,0.71875,-0.5
1041,-46.2096,975.667,-0.0323545,0,0.125,0.145534,1.21663,0.250687,-0.00855429,2.51862,3.95062e-05,0.00848471,0.298459,13005.9,0.581182,0.363621,-0.1,0.15,35.9293,1.27918e+07,0.410876,0.0361686,0.622748,0.0310166,-0.248934,0.975667,-0.166067,nan,nan,nan,nan,-0.0382597,-0.168308,-0.0592858,nan,-0.346093,0,-0.224067,-0.882153,nan,-1.1369,-1.17,1.41277,0.481333,-1.90933,-0.04,0.608333,-0.5
1042,-38.2518,998.636,-0.0337195,13.4583,0.166667,0.14002,1.14517,0.202424,-0.00917175,2.51534,3.95062e-05,0.0122227,0.298386,12754.8,0.608898,0.354503,-0.1,0.15,36.8947,1.28041e+07,0.411547,0.0329591,0.627948,0.0289188,-0.257191,0.998636,-0.187445,nan,nan,nan,nan,-0.0366934,-0.174144,-0.0638947,nan,-0.354354,-0.000324159,-0.233793,-0.914729,nan,-1.17242,-1.21905,1.43701,0.521138,-1.92429,-0.0431193,0.61682,-0.5
1043,-25.8759,538.5,-0.0303643,0.0833333,0.0833333,0.143243,1.17905,0.22718,-0.00904595,2.51245,5.92593e-05,0.00462522,0.298315,14244.9,0.573041,0.289582,-0.1,0.15,37.7589,1.28164e+07,0.233935,0.0216408,0.339473,0.0169513,-0.135511,0.5385,-0.1004,nan,nan,nan,nan,-0.0187811,-0.077581,-0.0313323,nan,-0.188757,0,-0.127044,-0.457131,nan,-0.623642,-0.615,0.785759,0.251,-1.058,-0.026,0.228125,-0.5
1044,-28.3788,657.429,-0.0376614,0.291667,0.291667,0.143455,1.20516,0.19928,-0.0106832,2.50919,5.92593e-05,0.00693225,0.298233,16129.6,0.511952,0.249878,-0.1,0.15,38.5221,1.28287e+07,0.255404,0.0217004,0.422681,0.0185207,-0.167537,0.657429,-0.141843,nan,nan,nan,nan,-0.0250881,-0.106579,-0.043792,nan,-0.232617,-0.000214286,-0.153767,-0.606433,nan,-0.755125,-0.767143,0.951998,0.369429,-1.24886,-0.0322857,0.415179,-0.5
1045,-34.3438,830.846,-0.0332719,0.375,0.166667,0.145738,1.17203,0.189356,-0.00973122,2.50513,5.92593e-05,0.0104418,0.298088,16394.9,0.481823,0.267678,-0.1,0.15,39.2728,1.2841e+07,0.383196,0.0276845,0.520567,0.0226887,-0.211661,0.830846,-0.132246,nan,nan,nan,nan,-0.0237686,-0.104994,-0.0415892,nan,-0.292866,-7.69231e-05,-0.19529,-0.742406,nan,-0.950116,-0.968538,1.20657,0.352,-1.59138,-0.0336923,0.381731,-0.5
1046,-23.8289,425,-0.0341028,0.0833333,0.208333,0.141309,1.20065,0.198462,-0.00976847,2.49958,5.92593e-05,0.0106583,0.297989,13564.4,0.538811,0.367089,-0.1,0.15,40.1802,1.28532e+07,0.175125,0.0132763,0.262524,0.0129489,-0.107325,0.425,-0.0747714,nan,nan,nan,nan,-0.017073,-0.0750755,-0.026182,nan,-0.151125,0,-0.0986178,-0.388467,nan,-0.50063,-0.514714,0.610233,0.226286,-0.844571,-0.0182857,0.257143,-0.5
1047,-30.54,733.4,-0.031055,0.291667,0.125,0.140069,1.18357,0.121839,-0.00951482,2.49539,5.92593e-05,0.0164473,0.297853,13349.8,0.58052,0.339946,-0.1,0.15,41.1021,1.28655e+07,0.282198,0.0228406,0.452536,0.0239508,-0.188714,0.7334,-0.14464,nan,nan,nan,nan,-0.0269499,-0.123044,-0.046508,nan,-0.259475,0,-0.170548,-0.662793,nan,-0.847884,-0.8601,1.05813,0.404,-1.4216,-0.0368,0.435,-0.5
1048,-31.3386,786,-0.0282629,0.125,0.0416667,0.146324,1.17899,0.143372,-0.00849639,2.49034,5.92593e-05,0.0100075,0.297768,13118.4,0.562869,0.373828,-0.1,0.15,42.0401,1.28778e+07,0.245791,0.0236813,0.479988,0.0270461,-0.201033,0.786,-0.17275,nan,nan,nan,nan,-0.0311018,-0.146132,-0.0531195,nan,-0.279193,0,-0.181694,-0.73444,nan,-0.921476,-0.906,1.13463,0.449,-1.518,-0.04,0.596875,-0.5
1049,-32.4537,917.5,-0.0295193,0.375,0.0416667,0.146042,1.18292,0.149852,-0.00887825,2.4876,5.92593e-05,0.0084473,0.297706,14790,0.573348,0.257485,-0.1,0.15,42.8724,1.28901e+07,0.375485,0.0289477,0.587421,0.0224513,-0.23008,0.9175,-0.1566,nan,nan,nan,nan,-0.0262005,-0.111725,-0.0481467,nan,-0.320999,-0.0002,-0.217315,-0.798196,nan,-1.02943,-1.0014,1.3438,0.4224,-1.7472,-0.0382,0.455,-0.5
1050,-27.1244,576.6,-0.0300136,0.0833333,0.125,0.144632,1.17087,0.176907,-0.0103815,2.48514,5.92593e-05,0.00798859,0.297658,16910.8,0.483875,0.242763,-0.1,0.15,43.6003,1.29024e+07,0.287938,0.0189794,0.347118,0.0141228,-0.145546,0.5766,-0.08212,nan,nan,nan,nan,-0.0148338,-0.0563032,-0.0253425,nan,-0.201805,0,-0.134512,-0.510478,nan,-0.648822,-0.6138,0.848488,0.2128,-1.0736,-0.0176,0.1625,-0.5
1051,-34.3211,909.4,-0.0297598,0.333333,0.0833333,0.144935,1.1488,0.145139,-0.010272,2.48182,5.92593e-05,0.0101297,0.297509,13495,0.553895,0.356663,-0.1,0.15,44.5122,1.29147e+07,0.391118,0.0295671,0.57195,0.0225253,-0.228197,0.9094,-0.15084,nan,nan,nan,nan,-0.026592,-0.112647,-0.0486089,nan,-0.319061,-0.0003,-0.212445,-0.795624,nan,-1.01721,-1.0053,1.32411,0.4164,-1.7336,-0.0382,0.4075,-0.5
1052,-28.3528,696.625,-0.0319664,0.125,0.208333,0.145188,1.18767,0.210615,-0.010345,2.47509,5.92593e-05,0.013401,0.29737,13718.8,0.564243,0.331463,-0.1,0.15,45.4095,1.2927e+07,0.335702,0.0263306,0.455197,0.0153908,-0.174923,0.696625,-0.1154,nan,nan,nan,nan,-0.0188552,-0.0687334,-0.0356743,nan,-0.244967,0,-0.16281,-0.598823,nan,-0.778304,-0.69825,1.02798,0.309,-1.337,-0.022,0.284375,-0.5
1053,-23.4498,546.273,-0.0318091,0.166667,0.291667,0.144747,1.21963,0.225972,-0.00879222,2.47095,5.92593e-05,0.00616736,0.297287,13835.5,0.5517,0.336453,-0.1,0.15,46.2991,1.29393e+07,0.211559,0.0181917,0.33081,0.0179107,-0.137881,0.546273,-0.110855,nan,nan,nan,nan,-0.0206442,-0.0833768,-0.0341536,nan,-0.191745,0,-0.128115,-0.484493,nan,-0.613797,-0.593182,0.805645,0.288,-1.05127,-0.0254545,0.402273,-0.5
1054,-30.3066,850.667,-0.030547,0.375,0.125,0.145916,1.1954,0.196696,-0.0106227,2.46761,5.92593e-05,0.00956526,0.297195,15055.5,0.526617,0.289562,-0.1,0.15,47.1165,1.29516e+07,0.341076,0.030663,0.539108,0.0225477,-0.212744,0.850667,-0.154967,nan,nan,nan,nan,-0.0254293,-0.104219,-0.0471034,nan,-0.297582,0,-0.202549,-0.733041,nan,-0.944982,-0.9275,1.24964,0.411,-1.624,-0.038,0.477083,-0.5
1055,-29.5562,732.364,-0.0308716,0.25,0.208333,0.145908,1.18993,0.204026,-0.00944199,2.46387,5.92593e-05,0.0136554,0.297124,17043,0.479873,0.241125,-0.1,0.15,47.839,1.29638e+07,0.256487,0.0250064,0.462942,0.0193237,-0.182362,0.732364,-0.129164,nan,nan,nan,nan,-0.0219172,-0.0873632,-0.0381799,nan,-0.256133,0,-0.172165,-0.631768,nan,-0.808132,-0.767182,1.07593,0.342545,-1.41345,-0.0289091,0.371591,-0.5
1056,-26.995,681.357,-0.0319127,0.333333,0.25,0.147007,1.15429,0.257309,-0.0092931,2.4609,5.92593e-05,0.0119873,0.297023,13537.7,0.533166,0.374522,-0.1,0.15,48.7479,1.29761e+07,0.298679,0.0229466,0.430105,0.0155985,-0.169697,0.681357,-0.112443,nan,nan,nan,nan,-0.0192757,-0.0785424,-0.0347575,nan,-0.237918,0,-0.161135,-0.583913,nan,-0.752303,-0.713357,0.999866,0.312571,-1.304,-0.0301429,0.300893,-0.5
1057,-22.8803,718.429,-0.0305806,0.166667,0.125,0.149108,1.16844,0.197996,-0.00902394,2.45624,5.92593e-05,0.010976,0.296919,12691.7,0.61167,0.356523,-0.1,0.15,49.7177,1.29884e+07,0.427011,0.0219242,0.460538,0.021578,-0.177903,0.718429,-0.131371,nan,nan,nan,nan,-0.022774,-0.0882508,-0.0412324,nan,-0.249408,-0.000428571,-0.170765,-0.6046,nan,-0.790095,-0.700286,1.05134,0.377714,-1.39429,-0.0368571,0.4,-0.5
1058,-28.4558,724.667,-0.0309913,0.208333,0.166667,0.15071,1.2045,0.210771,-0.0100135,2.45254,5.92593e-05,0.0102242,0.296832,13048.2,0.591619,0.350121,-0.1,0.15,50.6611,1.30007e+07,0.215652,0.0229802,0.444304,0.021637,-0.179127,0.724667,-0.137133,nan,nan,nan,nan,-0.0244761,-0.0912649,-0.0424331,nan,-0.252464,-0.000222222,-0.170875,-0.617578,nan,-0.794351,-0.753333,1.06412,0.394222,-1.41156,-0.03,0.416667,-0.5
1059,-27.1234,526.25,-0.0344199,0,0.333333,0.14333,1.2078,0.278339,-0.00940361,2.44853,5.92593e-05,0.0131548,0.296715,14642.6,0.544358,0.29484,-0.1,0.15,51.5018,1.3013e+07,0.253128,0.0229661,0.311939,0.0127982,-0.131251,0.52625,-0.08355,nan,nan,nan,nan,-0.0172974,-0.0576882,-0.025496,nan,-0.183622,0,-0.122314,-0.460255,nan,-0.573136,-0.530625,0.78292,0.238,-1.012,-0.021,0.214062,-0.5
1060,-23.5897,625.154,-0.0349247,0.208333,0.333333,0.144753,1.19457,0.265431,-0.0103208,2.44411,5.92593e-05,0.00859785,0.296641,15778.9,0.503526,0.275235,-0.1,0.15,52.2819,1.30253e+07,0.265596,0.0202459,0.396248,0.0185201,-0.154442,0.625154,-0.125462,nan,nan,nan,nan,-0.0217992,-0.0823351,-0.0383071,nan,-0.21839,-0.000153846,-0.147194,-0.535144,nan,-0.681361,-0.615923,0.921225,0.328,-1.18954,-0.03,0.393269,-0.5
1061,-26.8297,608.917,-0.0310943,0.166667,0.333333,0.146675,1.19726,0.244071,-0.0101116,2.44206,5.92593e-05,0.00818949,0.296593,13522.7,0.612452,0.296244,-0.1,0.15,53.1919,1.30376e+07,0.21683,0.0218223,0.373091,0.017732,-0.151572,0.608917,-0.119183,nan,nan,nan,nan,-0.0204005,-0.0747771,-0.0356938,nan,-0.212099,0,-0.143888,-0.530017,nan,-0.668724,-0.629,0.890771,0.326667,-1.16233,-0.0298333,0.313542,-0.5
1062,-28.9609,787.3,-0.0306202,0.208333,0.208333,0.147347,1.19884,0.237767,-0.00884587,2.4389,5.92593e-05,0.0102102,0.296488,12157.9,0.596988,0.413712,-0.1,0.15,54.2045,1.30499e+07,0.300328,0.0256446,0.494534,0.0242438,-0.195865,0.7873,-0.16284,nan,nan,nan,nan,-0.0265603,-0.100174,-0.0481612,nan,-0.274621,-0.0001,-0.184465,-0.681497,nan,-0.862207,-0.8307,1.16755,0.4292,-1.5052,-0.0432,0.48875,-0.5
1063,-25.203,584.375,-0.0310935,0.0416667,0.291667,0.145303,1.17018,0.23048,-0.0105812,2.43545,5.92593e-05,0.00978223,0.296446,12271.7,0.641894,0.359436,-0.1,0.15,55.2076,1.30621e+07,0.293721,0.0221809,0.360554,0.0189155,-0.144855,0.584375,-0.117675,nan,nan,nan,nan,-0.0192196,-0.0701422,-0.0330508,nan,-0.20389,0,-0.135969,-0.512282,nan,-0.634528,-0.575625,0.857468,0.3205,-1.115,-0.0275,0.309375,-0.5
1064,-26.1973,683.857,-0.0285639,0.125,0.166667,0.142256,1.18193,0.145826,-0.00698329,2.43306,5.92593e-05,0.00757718,0.296325,12256.3,0.631856,0.370732,-0.1,0.15,56.2121,1.30744e+07,0.28627,0.0211834,0.435419,0.0211423,-0.170171,0.683857,-0.135314,nan,nan,nan,nan,-0.022164,-0.0848455,-0.0399579,nan,-0.237694,-0.000285714,-0.161219,-0.58991,nan,-0.740558,-0.681857,1.01338,0.365714,-1.31143,-0.0328571,0.357143,-0.5
1065,-27.8878,863.625,-0.0272717,0.25,0.0833333,0.147656,1.17854,0.215999,-0.0105829,2.42627,5.92593e-05,0.0136198,0.29615,14987.6,0.553121,0.266757,-0.1,0.15,57.0335,1.30867e+07,0.304296,0.0269064,0.542389,0.0255449,-0.215107,0.863625,-0.17325,nan,nan,nan,nan,-0.0281461,-0.106526,-0.0536808,nan,-0.301567,0,-0.202222,-0.742832,nan,-0.940731,-0.87075,1.27191,0.491,-1.659,-0.03875,0.5375,-0.5
1066,-28.1537,683.667,-0.0303071,0.125,0.25,0.145884,1.18883,0.254508,-0.00982167,2.42044,5.92593e-05,0.0105884,0.296042,17143.1,0.475299,0.241491,-0.1,0.15,57.7516,1.3099e+07,0.25248,0.0237832,0.432582,0.0181807,-0.168408,0.683667,-0.129467,nan,nan,nan,nan,-0.0219868,-0.0807787,-0.0395948,nan,-0.237386,0,-0.162512,-0.591781,nan,-0.741598,-0.665,1.01397,0.344,-1.31822,-0.0348889,0.348611,-0.5
1067,-23.1169,564.333,-0.0274722,0.0416667,0.0833333,0.145444,1.1998,0.244435,-0.00934394,2.41676,5.92593e-05,0.00696794,0.295976,16336.6,0.471687,0.28049,-0.1,0.15,58.505,1.31113e+07,0.240404,0.022624,0.355778,0.0152346,-0.139889,0.564333,-0.1138,nan,nan,nan,nan,-0.0186603,-0.0642091,-0.0316927,nan,-0.195258,0,-0.133021,-0.472746,nan,-0.607653,-0.583,0.820208,0.306667,-1.112,-0.03,0.354167,-0.5
1068,-25.7565,703.6,-0.0307381,0.166667,0.25,0.147665,1.19851,0.204291,-0.0111547,2.41388,5.92593e-05,0.0136347,0.295881,12371.8,0.619831,0.373393,-0.1,0.15,59.4996,1.31236e+07,0.288689,0.0225655,0.448363,0.0197286,-0.175388,0.7036,-0.12894,nan,nan,nan,nan,-0.021512,-0.0789202,-0.0381991,nan,-0.245708,-0.0001,-0.165249,-0.586488,nan,-0.763604,-0.7077,1.03644,0.358,-1.3228,-0.0306,0.4,-0.5
1069,-26.5418,732.143,-0.0287944,0.125,0.166667,0.147846,1.22049,0.279355,-0.010483,2.40977,5.92593e-05,0.0133649,0.295804,13728.6,0.555926,0.339141,-0.1,0.15,60.3962,1.31359e+07,0.321989,0.0244443,0.451952,0.0230846,-0.180483,0.732143,-0.150829,nan,nan,nan,nan,-0.0238385,-0.0840804,-0.0432525,nan,-0.25369,0,-0.174304,-0.63183,nan,-0.785375,-0.730714,1.10605,0.402286,-1.41429,-0.036,0.405357,-0.5
1070,-27.3272,767.556,-0.0260124,0.25,0.125,0.146623,1.18703,0.224405,-0.00845456,2.40775,5.92593e-05,0.0116874,0.295779,14768.7,0.560933,0.271096,-0.1,0.15,61.2301,1.31482e+07,0.320337,0.0282448,0.493524,0.0223211,-0.187691,0.767556,-0.149311,nan,nan,nan,nan,-0.0243073,-0.0911999,-0.0433904,nan,-0.266584,0,-0.181377,-0.639109,nan,-0.825449,-0.758,1.12457,0.376889,-1.47556,-0.0397778,0.348611,-0.5
1071,-24.4299,642.667,-0.0298413,0.0833333,0.291667,0.14594,1.1866,0.187748,-0.00918898,2.40635,5.92593e-05,0.00935157,0.295718,16129.8,0.524197,0.237622,-0.1,0.15,61.9932,1.31604e+07,0.263026,0.0246539,0.400328,0.0207737,-0.158517,0.642667,-0.142644,nan,nan,nan,nan,-0.023256,-0.0827064,-0.0404621,nan,-0.22251,0,-0.151657,-0.529902,nan,-0.680608,-0.621,0.946763,0.389778,-1.22089,-0.0353333,0.388889,-0.5
1072,-27.4294,810.6,-0.0277656,0.125,0.0833333,0.14631,1.19739,0.170864,-0.010151,2.40183,5.92593e-05,0.0113716,0.295554,17069.2,0.476478,0.243413,-0.1,0.15,62.7143,1.31727e+07,0.297121,0.0247614,0.514218,0.0256592,-0.198528,0.8106,-0.1714,nan,nan,nan,nan,-0.0256513,-0.0937687,-0.0464586,nan,-0.279121,-0.0002,-0.19221,-0.650731,nan,-0.860587,-0.7962,1.21783,0.4696,-1.576,-0.0504,0.41,-0.5
1073,-30.0711,747,-0.0273051,0.0833333,0.125,0.148009,1.20641,0.194913,-0.0101848,2.39564,5.92593e-05,0.00594505,0.295451,17025,0.476213,0.245549,-0.1,0.15,63.4374,1.3185e+07,0.318174,0.0298862,0.470549,0.0164173,-0.181591,0.747,-0.1066,nan,nan,nan,nan,-0.0165693,-0.0622785,-0.0302408,nan,-0.257167,0,-0.177661,-0.635916,nan,-0.790652,-0.7404,1.1259,0.3064,-1.4176,-0.0212,0.22,-0.5
1074,-24.6232,644.571,-0.0272133,0.125,0.166667,0.147042,1.19128,0.202968,-0.00956325,2.39176,5.92593e-05,0.00912118,0.295349,16670.1,0.489396,0.247731,-0.1,0.15,64.1758,1.31973e+07,0.297835,0.0241711,0.40064,0.0168844,-0.159019,0.644571,-0.111,nan,nan,nan,nan,-0.0172228,-0.065871,-0.0324213,nan,-0.222992,0,-0.150023,-0.543778,nan,-0.685541,-0.623571,0.961035,0.306857,-1.23543,-0.0291429,0.278571,-0.5
1075,-28.1703,688,-0.0295002,0.0416667,0.25,0.144234,1.19422,0.211092,-0.00883363,2.38794,5.92593e-05,0.0114045,0.295275,16887.8,0.480721,0.246906,-0.1,0.15,64.9046,1.32096e+07,0.320786,0.0267799,0.430471,0.0192047,-0.167655,0.688,-0.116143,nan,nan,nan,nan,-0.0206146,-0.0676162,-0.0330968,nan,-0.237887,-0.000285714,-0.163883,-0.585218,nan,-0.732378,-0.648429,1.04309,0.318857,-1.312,-0.0294286,0.2875,-0.5
1076,-30.2191,768.625,-0.0296063,0.0833333,0.25,0.140851,1.18575,0.259092,-0.00985023,2.38464,5.92593e-05,0.0118463,0.295178,16776.8,0.488997,0.243444,-0.1,0.15,65.6384,1.32219e+07,0.244899,0.02969,0.476877,0.0211923,-0.187001,0.768625,-0.1563,nan,nan,nan,nan,-0.0267794,-0.0998167,-0.044097,nan,-0.26623,-0.000375,-0.182016,-0.639069,nan,-0.819089,-0.76125,1.14729,0.4225,-1.4705,-0.03825,0.44375,-0.5
1077,-25.8528,665.286,-0.0281492,0.0833333,0.208333,0.142205,1.18284,0.240127,-0.0104514,2.38046,5.92593e-05,0.00948869,0.295079,16987.4,0.477488,0.245872,-0.1,0.15,66.3632,1.32342e+07,0.262444,0.0268518,0.413772,0.0204802,-0.162159,0.665286,-0.1156,nan,nan,nan,nan,-0.0202224,-0.0700702,-0.0348893,nan,-0.230201,0,-0.15623,-0.544837,nan,-0.712461,-0.659571,0.984054,0.334286,-1.28057,-0.0308571,0.375,-0.5
1078,-31.5445,900.444,-0.0272438,0.166667,0.208333,0.142918,1.19589,0.303466,-0.00913093,2.37781,5.92593e-05,0.00956187,0.295081,16957.4,0.479288,0.245351,-0.1,0.15,67.0892,1.32465e+07,0.386711,0.0262663,0.566605,0.0256232,-0.219206,0.900444,-0.161956,nan,nan,nan,nan,-0.0271194,-0.104949,-0.0477003,nan,-0.310389,0,-0.212334,-0.758764,nan,-0.961357,-0.854667,1.32923,0.460889,-1.71422,-0.042,0.419444,-0.5
1079,-31.2786,844.714,-0.0269312,0.0416667,0.25,0.141082,1.20387,0.172429,-0.010168,2.37824,5.92593e-05,0.0133026,0.295063,17096.1,0.475176,0.243584,-0.1,0.15,67.8093,1.32588e+07,0.34056,0.0308902,0.533952,0.0259677,-0.206814,0.844714,-0.180171,nan,nan,nan,nan,-0.0273617,-0.0982314,-0.0504754,nan,-0.291494,0,-0.200242,-0.691698,nan,-0.895187,-0.805714,1.24681,0.470857,-1.62686,-0.0477143,0.492857,-0.5
1080,-31.3605,953.75,-0.0249051,0.0833333,0.0833333,0.142694,1.17285,0.169934,-0.00994991,2.37546,5.92593e-05,0.00929437,0.294938,16357.8,0.493463,0.25774,-0.1,0.15,68.5618,1.3271e+07,0.366889,0.0312986,0.599449,0.0261525,-0.233257,0.95375,-0.17385,nan,nan,nan,nan,-0.0281351,-0.107277,-0.0504309,nan,-0.330125,0,-0.226094,-0.798753,nan,-1.01625,-1.01175,1.42336,0.459,-1.809,-0.043,0.65,-0.5
1081,-31.519,796.6,-0.0266052,0.0416667,0.166667,0.1381,1.15919,0.164032,-0.0107145,2.36979,5.92593e-05,0.0117032,0.294812,15305.8,0.540214,0.262619,-0.1,0.15,69.3664,1.32833e+07,0.277843,0.029806,0.512485,0.0191929,-0.195022,0.7966,-0.14208,nan,nan,nan,nan,-0.0230533,-0.0873878,-0.0414907,nan,-0.274523,-0.0012,-0.187763,-0.645559,nan,-0.832859,-0.7302,1.17306,0.3872,-1.5072,-0.0288,0.325,-0.5
1082,-28.5535,807.333,-0.0272135,0.0416667,0.208333,0.140004,1.18006,0.29697,-0.0101006,2.36577,5.92593e-05,0.0078999,0.294751,16598.3,0.488362,0.251953,-0.1,0.15,70.1081,1.32956e+07,0.306833,0.0321733,0.500476,0.0267149,-0.196861,0.807333,-0.1575,nan,nan,nan,nan,-0.0265241,-0.0970255,-0.0430165,nan,-0.278227,0,-0.191329,-0.666386,nan,-0.848776,-0.743,1.19844,0.416,-1.532,-0.0433333,0.525,-0.5
1083,-30.719,967.538,-0.0269449,0.25,0.291667,0.136437,1.17453,0.20453,-0.00888884,2.36364,5.92593e-05,0.00535817,0.29469,16023.3,0.503673,0.263208,-0.1,0.15,70.8762,1.33079e+07,0.423519,0.0394521,0.614542,0.028288,-0.236307,0.967538,-0.185308,nan,nan,nan,nan,-0.0280628,-0.0983316,-0.0525705,nan,-0.331697,0,-0.231856,-0.790749,nan,-1.01421,-0.943154,1.45892,0.532,-1.82831,-0.0452308,0.454808,-0.5
1084,-25.8072,995.741,-0.0249121,9.08333,0.0833333,0.134492,1.13106,0.132881,-0.0119295,2.35981,5.92593e-05,0.0104717,0.294555,15401.1,0.522235,0.275631,-0.1,0.15,71.6755,1.33202e+07,0.423208,0.0367336,0.638735,0.0289455,-0.242604,0.995741,-0.196462,nan,nan,nan,nan,-0.0289348,-0.110173,-0.0554033,nan,-0.342127,-0.000204545,-0.238594,-0.818424,nan,-1.04365,-0.945518,1.49586,0.536327,-1.88615,-0.0489182,0.515795,-0.5
1085,-19.8525,708.222,-0.0255255,0.25,0.125,0.141821,1.19531,0.175267,-0.00979888,2.35339,5.92593e-05,0.0106552,0.294391,16310.4,0.501731,0.251653,-0.1,0.15,72.4304,1.33325e+07,0.417318,0.0256253,0.454874,0.0174523,-0.170823,0.708222,-0.120556,nan,nan,nan,nan,-0.0188701,-0.0642284,-0.0336915,nan,-0.242515,0,-0.170238,-0.605775,nan,-0.734135,-0.675333,1.05594,0.335556,-1.33467,-0.034,0.363889,-0.5
1086,-22.2311,822.846,-0.0243109,0.416667,0.125,0.14213,1.18285,0.136521,-0.00912838,2.34656,5.92593e-05,0.00789999,0.294234,16829.4,0.48705,0.243099,-0.1,0.15,73.162,1.33448e+07,0.387749,0.0314557,0.536424,0.0239741,-0.200128,0.822846,-0.173785,nan,nan,nan,nan,-0.0246759,-0.0934395,-0.0474726,nan,-0.28319,-0.000153846,-0.197635,-0.669235,nan,-0.860607,-0.781154,1.22666,0.459385,-1.56154,-0.0426154,0.450962,-0.5
1087,-21.0171,813,-0.0263576,0.458333,0.166667,0.143647,1.18172,0.183645,-0.00958666,2.34127,5.92593e-05,0.0127949,0.294156,16115.9,0.498464,0.264012,-0.1,0.15,73.9256,1.33571e+07,0.424132,0.0308792,0.52563,0.0231312,-0.19669,0.813,-0.149067,nan,nan,nan,nan,-0.021186,-0.080405,-0.0419488,nan,-0.277952,0,-0.195845,-0.655597,nan,-0.845525,-0.7796,1.23136,0.3976,-1.53173,-0.0385333,0.450833,-0.5
1088,-21.6512,755.091,-0.0243127,0.333333,0.125,0.144463,1.17439,0.175676,-0.00951308,2.33884,5.92593e-05,0.00642204,0.294093,15801,0.510458,0.267216,-0.1,0.15,74.7048,1.33693e+07,0.323654,0.0289461,0.481335,0.0232646,-0.18343,0.755091,-0.151218,nan,nan,nan,nan,-0.0213471,-0.0807066,-0.0424245,nan,-0.258092,-0.000363636,-0.183723,-0.610616,nan,-0.781933,-0.721909,1.13677,0.398909,-1.43418,-0.0367273,0.4125,-0.5
1089,-21.4987,611,-0.0241663,0.166667,0.125,0.144829,1.16142,0.207435,-0.00960628,2.33613,5.92593e-05,0.00968631,0.294039,15942.9,0.500941,0.269809,-0.1,0.15,75.4769,1.33816e+07,0.197027,0.0223674,0.376269,0.0222095,-0.147924,0.611,-0.145543,nan,nan,nan,nan,-0.0217746,-0.0806983,-0.0379467,nan,-0.208997,-0.000714286,-0.145943,-0.522203,nan,-0.632553,-0.606857,0.913772,0.381143,-1.14629,-0.0334286,0.346429,-0.5
1090,-24.391,741.111,-0.0272883,0.166667,0.208333,0.143421,1.14967,0.242626,-0.00865964,2.33455,5.92593e-05,0.00824028,0.294022,15865.8,0.509225,0.265273,-0.1,0.15,76.2527,1.33939e+07,0.375491,0.0265247,0.475938,0.0203173,-0.179963,0.741111,-0.142267,nan,nan,nan,nan,-0.0207325,-0.071132,-0.0391347,nan,-0.254491,0,-0.178363,-0.61789,nan,-0.771013,-0.678,1.10361,0.390667,-1.39511,-0.0328889,0.305556,-0.5
1091,-24.7284,882.857,-0.0226324,0.25,0.0416667,0.142127,1.16795,0.15009,-0.00881954,2.33308,5.92593e-05,0.00664989,0.293951,16221.5,0.49021,0.267302,-0.1,0.15,77.0114,1.34062e+07,0.385138,0.0329409,0.564785,0.0215251,-0.212291,0.882857,-0.158914,nan,nan,nan,nan,-0.0244315,-0.0927172,-0.0424418,nan,-0.302021,0,-0.213439,-0.744496,nan,-0.91715,-0.807857,1.32788,0.416,-1.69029,-0.0382857,0.448214,-0.5
1092,-19.9155,670.2,-0.0224109,0.125,0.0833333,0.14589,1.15789,0.17973,-0.0100426,2.32877,5.92593e-05,0.00768612,0.293823,16382.4,0.49482,0.255253,-0.1,0.15,77.7629,1.34185e+07,0.327119,0.0182328,0.436913,0.0215588,-0.162635,0.6702,-0.15244,nan,nan,nan,nan,-0.0242697,-0.0844838,-0.0427273,nan,-0.229774,0,-0.160305,-0.57109,nan,-0.702082,-0.6348,0.999508,0.4256,-1.276,-0.0368,0.3825,-0.5
1093,-22.7704,711.467,-0.0288212,0.333333,0.291667,0.145898,1.1547,0.218053,-0.00941824,2.32349,5.92593e-05,0.00688075,0.293706,15810,0.514252,0.26298,-0.1,0.15,78.5416,1.34308e+07,0.302143,0.0266792,0.450292,0.0212569,-0.17123,0.711467,-0.145787,nan,nan,nan,nan,-0.0220767,-0.0801947,-0.0394333,nan,-0.242312,-0.00146667,-0.174869,-0.583771,nan,-0.728093,-0.655,1.07217,0.392,-1.34267,-0.0334667,0.339167,-0.5
1094,-19.8889,538.625,-0.0277316,0.0833333,0.25,0.144589,1.19097,0.226718,-0.0101437,2.31887,5.92593e-05,0.0124041,0.293595,16113,0.50634,0.256272,-0.1,0.15,79.3056,1.34431e+07,0.205831,0.0224482,0.333591,0.017587,-0.12833,0.538625,-0.102125,nan,nan,nan,nan,-0.0183681,-0.0627059,-0.0292362,nan,-0.1842,0,-0.130143,-0.460557,nan,-0.553816,-0.49425,0.797266,0.2945,-1.015,-0.024,0.373437,-0.5
1095,-25.2258,1000,-0.022609,0.458333,0,0.145067,1.17469,0.171421,-0.00728096,2.31395,5.92593e-05,0.011484,0.293466,15734,0.515752,0.26523,-0.1,0.15,80.088,1.34554e+07,0.376565,0.0364538,0.63438,0.033106,-0.241061,1,-0.214509,nan,nan,nan,nan,-0.0321396,-0.12209,-0.0602288,nan,-0.341258,-9.09091e-05,-0.243024,-0.811112,nan,-1.03391,-0.957,1.49772,0.591636,-1.88473,-0.0581818,0.568182,nan
1096,-23.6558,790.3,-0.0243991,0.291667,0.125,0.147427,1.19215,0.172075,-0.00978265,2.30857,5.92593e-05,0.0132481,0.293339,15685.1,0.51466,0.268757,-0.1,0.15,80.8727,1.34676e+07,0.318874,0.0294063,0.500594,0.0201773,-0.191018,0.7903,-0.1469,nan,nan,nan,nan,-0.0218969,-0.0832504,-0.0398487,nan,-0.269853,-0.0002,-0.191555,-0.642657,nan,-0.811015,-0.7233,1.18805,0.3952,-1.506,-0.0354,0.3875,-0.5
1097,-24.199,867.235,-0.0248151,0.458333,0.25,0.143202,1.14321,0.206699,-0.0104049,2.30341,5.92593e-05,0.0129026,0.293215,16885.9,0.487867,0.239843,-0.1,0.15,81.6017,1.34799e+07,0.381894,0.0307075,0.55963,0.026768,-0.209289,0.867235,-0.184376,nan,nan,nan,nan,-0.0271149,-0.10107,-0.050547,nan,-0.295957,-0.000235294,-0.211407,-0.698458,nan,-0.893272,-0.784588,1.30987,0.479294,-1.648,-0.0470588,0.4625,-0.5
1098,-23.0174,933.417,-0.0252504,0.416667,0.0833333,0.143768,1.19346,0.151598,-0.00875184,2.29823,5.92593e-05,0.00509441,0.293085,17351.4,0.467846,0.240339,-0.1,0.15,82.3113,1.34922e+07,0.428142,0.0380974,0.590485,0.0247551,-0.225428,0.933417,-0.168117,nan,nan,nan,nan,-0.0250548,-0.0917455,-0.0462008,nan,-0.318772,-0.000333333,-0.228913,-0.744286,nan,-0.956464,-0.86075,1.41017,0.486667,-1.753,-0.0383333,0.478125,-0.5
1099,-21.9161,789,-0.0222677,0.166667,0.0833333,0.146135,1.15671,0.190877,-0.0103052,2.29315,5.92593e-05,0.00786326,0.292988,17511.3,0.46246,0.239259,-0.1,0.15,83.0144,1.35045e+07,0.333838,0.0322632,0.498909,0.0235347,-0.186805,0.789,-0.1568,nan,nan,nan,nan,-0.021784,-0.0778725,-0.0409907,nan,-0.26777,-0.000333333,-0.193126,-0.66801,nan,-0.796611,-0.733,1.20092,0.415333,-1.50067,-0.0333333,0.454167,-0.5
1100,-22.3126,767.417,-0.0252492,0.291667,0.208333,0.147703,1.14655,0.223887,-0.00969221,2.29001,5.92593e-05,0.0150075,0.29294,17393.3,0.464472,0.242006,-0.1,0.15,83.7221,1.35168e+07,0.322912,0.024987,0.485069,0.0214832,-0.183672,0.767417,-0.1458,nan,nan,nan,nan,-0.0214523,-0.0797268,-0.0398822,nan,-0.261232,-0.000333333,-0.187912,-0.627665,nan,-0.777835,-0.7195,1.16368,0.393333,-1.44033,-0.0341667,0.433333,-0.5
1101,-22.0017,825.909,-0.0297346,0.333333,0.125,0.147936,1.14102,0.201256,-0.00828019,2.28753,5.92593e-05,0.00653589,0.292846,17292.5,0.466956,0.243641,-0.2,0.15,86.131,1.35291e+07,0.303004,0.0285905,0.524937,0.0248253,-0.203495,0.825909,-0.172545,nan,nan,nan,nan,-0.0272115,-0.101507,-0.0498341,nan,-0.283288,-0.000181818,-0.199499,-0.689646,nan,-0.860752,-0.770727,1.21693,0.481091,-1.55709,-0.0452727,0.592045,-0.5
1102,-21.8418,922.167,-0.0266539,0.458333,0.0416667,0.147212,1.1603,0.158592,-0.00879403,2.28292,8.88889e-05,0.0042481,0.292722,17559.7,0.461724,0.238062,-0.2,0.15,86.8321,1.35414e+07,0.371941,0.036254,0.586219,0.0275935,-0.230949,0.922167,-0.1777,nan,nan,nan,nan,-0.0272237,-0.0978096,-0.0502253,nan,-0.314007,0,-0.22689,-0.752145,nan,-0.942293,-0.853,1.39556,0.502333,-1.763,-0.0468333,0.589583,-0.5
1103,-22.8699,770,-0.0295627,0.25,0.208333,0.142168,1.16368,0.26487,-0.0089852,2.27666,8.88889e-05,0.0150518,0.29257,17509.8,0.465466,0.236314,-0.2,0.15,87.5352,1.35537e+07,0.329206,0.0345149,0.492153,0.0226889,-0.197794,0.77,-0.153564,nan,nan,nan,nan,-0.0229155,-0.0852471,-0.0422524,nan,-0.261285,0,-0.18829,-0.611911,nan,-0.781382,-0.685636,1.15894,0.425091,-1.43527,-0.0378182,0.354545,-0.5
1104,-22.8683,769.333,-0.0284806,0.208333,0.166667,0.146614,1.17924,0.141076,-0.0106909,2.27121,8.88889e-05,0.0131656,0.292455,14270,0.508862,0.352244,-0.2,0.15,88.3976,1.3566e+07,0.369049,0.0320165,0.489007,0.0213907,-0.203775,0.769333,-0.135444,nan,nan,nan,nan,-0.0238792,-0.0883736,-0.0398815,nan,-0.262773,-0.000222222,-0.184597,-0.644232,nan,-0.791007,-0.733667,1.15475,0.406667,-1.45467,-0.0342222,0.433333,-0.5
1105,-22.7594,898.667,-0.0254894,0.291667,0.0833333,0.148727,1.16152,0.20159,-0.0102753,2.26605,8.88889e-05,0.0179794,0.292314,13454.9,0.576029,0.337245,-0.2,0.15,89.3122,1.35782e+07,0.45452,0.0318077,0.580932,0.0248282,-0.24004,0.898667,-0.175756,nan,nan,nan,nan,-0.0245532,-0.088218,-0.0481699,nan,-0.304817,-0.000222222,-0.222831,-0.729835,nan,-0.906717,-0.800667,1.36149,0.502222,-1.68178,-0.0368889,0.379167,-0.5
1106,-21.7364,725.857,-0.0279974,0.166667,0.125,0.144709,1.17022,0.199754,-0.0107983,2.26013,8.88889e-05,0.0124665,0.292188,14028.9,0.53384,0.342065,-0.2,0.15,90.1894,1.35905e+07,0.314297,0.0269049,0.462744,0.0232008,-0.202434,0.725857,-0.165971,nan,nan,nan,nan,-0.0227031,-0.0811843,-0.0418207,nan,-0.244344,-0.000571429,-0.180871,-0.578272,nan,-0.726506,-0.661286,1.10428,0.431429,-1.38857,-0.0488571,0.382143,-0.5
1107,-23.4957,899,-0.0279322,0.333333,0.0833333,0.146049,1.17015,0.213092,-0.00914644,2.25608,8.88889e-05,0.016452,0.292132,15350.8,0.509787,0.290692,-0.2,0.15,90.9911,1.36028e+07,0.428893,0.036569,0.584025,0.0236867,-0.255735,0.899,-0.17196,nan,nan,nan,nan,-0.0257475,-0.0983958,-0.046709,nan,-0.306969,0,-0.220491,-0.743441,nan,-0.915483,-0.8103,1.34597,0.468,-1.6856,-0.0426,0.4625,-0.5
1108,-20.8384,636.889,-0.030758,0.166667,0.208333,0.14486,1.16642,0.240233,-0.00974296,2.25417,8.88889e-05,0.0114136,0.29209,13594.7,0.560332,0.343552,-0.2,0.15,91.8966,1.36151e+07,0.230502,0.0279137,0.409724,0.0167407,-0.19176,0.636889,-0.128867,nan,nan,nan,nan,-0.0200949,-0.0713419,-0.0361068,nan,-0.216403,-0.000111111,-0.159387,-0.517424,nan,-0.645455,-0.569,0.947318,0.375111,-1.18667,-0.0282222,0.3625,-0.5
1109,-25.287,809.556,-0.0285403,0.208333,0.166667,0.146105,1.17678,0.208236,-0.0109973,2.25069,8.88889e-05,0.0182554,0.291943,13163.3,0.578194,0.355311,-0.2,0.15,92.8321,1.36274e+07,0.238069,0.0304436,0.511051,0.021942,-0.241538,0.809556,-0.164133,nan,nan,nan,nan,-0.0270959,-0.100876,-0.0451864,nan,-0.273814,-0.000666667,-0.20401,-0.654417,nan,-0.816017,-0.736667,1.21312,0.437778,-1.52622,-0.0384444,0.525,-0.5
1110,-23.6045,841.4,-0.0293024,0.25,0.166667,0.143427,1.18167,0.20622,-0.00998096,2.24432,8.88889e-05,0.0139691,0.291825,14790.5,0.539311,0.291494,-0.2,0.15,93.6641,1.36397e+07,0.349509,0.0303862,0.552337,0.0237267,-0.251416,0.8414,-0.17548,nan,nan,nan,nan,-0.023501,-0.0854193,-0.046187,nan,-0.285361,-0.0004,-0.208683,-0.672304,nan,-0.842198,-0.7809,1.26467,0.4856,-1.5644,-0.0466,0.455,-0.5
1111,-21.8209,808,-0.026191,0.333333,0.125,0.145221,1.17862,0.162856,-0.010843,2.23979,8.88889e-05,0.015949,0.291704,13873.4,0.506341,0.379386,-0.2,0.15,94.5511,1.3652e+07,0.340965,0.0317916,0.513247,0.0218145,-0.246752,0.808,-0.149982,nan,nan,nan,nan,-0.0233089,-0.0885711,-0.0421361,nan,-0.273544,0,-0.20134,-0.658119,nan,-0.820781,-0.740182,1.20513,0.413818,-1.52255,-0.0403636,0.518182,-0.5
1112,-26.9314,986.4,-0.0247114,0.166667,0.0416667,0.146418,1.16571,0.143273,-0.00999636,2.23349,8.88889e-05,0.0174665,0.291523,13757,0.567038,0.326183,-0.2,0.15,95.446,1.36643e+07,0.491521,0.0400468,0.625623,0.0212449,-0.29514,0.9864,-0.15832,nan,nan,nan,nan,-0.024629,-0.090196,-0.0429247,nan,-0.332494,-0.0004,-0.247795,-0.791291,nan,-0.985107,-0.9108,1.47449,0.4304,-1.8776,-0.0396,0.48,-0.5
1113,-26.4581,884.833,-0.0285203,0.125,0.125,0.148752,1.15729,0.1735,-0.0114434,2.22562,8.88889e-05,0.0143479,0.291355,13926.2,0.564396,0.317969,-0.2,0.15,96.3299,1.36765e+07,0.370459,0.0373118,0.568307,0.0267136,-0.281665,0.884833,-0.2143,nan,nan,nan,nan,-0.0280869,-0.10483,-0.0550058,nan,-0.29901,0,-0.223443,-0.709732,nan,-0.883791,-0.795,1.30717,0.543333,-1.64,-0.0553333,0.479167,-0.5
1114,-26.8259,1000,-0.0268445,0.208333,0,0.144451,1.16415,0.196331,-0.0107685,2.21922,8.88889e-05,0.0112929,0.291196,14373.6,0.559704,0.295194,-0.2,0.15,97.1861,1.36888e+07,0.432167,0.0429333,0.642014,0.0281208,-0.315225,1,-0.18084,nan,nan,nan,nan,-0.0267869,-0.0996973,-0.0497533,nan,-0.33834,0,-0.249322,-0.809712,nan,-1.0051,-0.9264,1.49635,0.5152,-1.8744,-0.05,0.4275,nan
1115,-24.1929,785.625,-0.0287631,0.125,0.208333,0.1453,1.15897,0.256018,-0.00873004,2.21231,8.88889e-05,0.0136404,0.291049,16690.8,0.502581,0.233635,-0.2,0.15,97.9236,1.37011e+07,0.305958,0.0335312,0.512503,0.0229501,-0.266045,0.785625,-0.168925,nan,nan,nan,nan,-0.0249565,-0.0858426,-0.0466674,nan,-0.265549,0,-0.195456,-0.630732,nan,-0.790683,-0.686625,1.19308,0.4655,-1.482,-0.04,0.467187,-0.5
1116,-23.5824,801.6,-0.0266199,0.25,0.166667,0.145525,1.17364,0.131305,-0.010935,2.20693,8.88889e-05,0.00510088,0.290922,14225.4,0.50201,0.361799,-0.2,0.15,98.7886,1.37134e+07,0.304586,0.034042,0.519255,0.0216526,-0.276365,0.8016,-0.1534,nan,nan,nan,nan,-0.0229009,-0.084436,-0.0413567,nan,-0.270171,-0.0002,-0.202559,-0.638478,nan,-0.79512,-0.7323,1.20048,0.4404,-1.4872,-0.0354,0.43875,-0.5
1117,-22.9714,885.556,-0.0258672,0.291667,0.0833333,0.142617,1.1397,0.142612,-0.0107331,2.20099,8.88889e-05,0.0121173,0.290773,13443.7,0.571401,0.342632,-0.2,0.15,99.7044,1.37257e+07,0.287532,0.0332839,0.582345,0.0247158,-0.292318,0.885556,-0.189267,nan,nan,nan,nan,-0.0263226,-0.0949056,-0.0498029,nan,-0.299133,-0.000555556,-0.223443,-0.696931,nan,-0.888166,-0.777667,1.3424,0.514222,-1.62933,-0.0424444,0.502778,-0.5
1118,-20.63,723.3,-0.0253663,0.25,0.166667,0.1403,1.15189,0.2164,-0.0101461,2.19514,8.88889e-05,0.0152314,0.29065,13664.4,0.560026,0.339244,-0.2,0.15,100.605,1.3738e+07,0.275753,0.028843,0.463591,0.0210259,-0.247394,0.7233,-0.13338,nan,nan,nan,nan,-0.02119,-0.0804266,-0.0377719,nan,-0.244176,0,-0.18038,-0.572909,nan,-0.721374,-0.6372,1.07764,0.3864,-1.378,-0.0376,0.48375,-0.5
1119,-23.5602,733.6,-0.0317207,0.291667,0.333333,0.142097,1.1536,0.240265,-0.0107575,2.18949,8.88889e-05,0.0146349,0.290489,15649.9,0.535359,0.249822,-0.2,0.15,101.392,1.37503e+07,0.281785,0.0294642,0.478635,0.0186498,-0.26132,0.7336,-0.1492,nan,nan,nan,nan,-0.0215703,-0.0755472,-0.0392254,nan,-0.246321,0,-0.185258,-0.592517,nan,-0.727388,-0.6484,1.10803,0.403467,-1.37253,-0.0332,0.3875,-0.5
1120,-22.3592,1000,-0.0238673,0.5,0,0.142571,1.13346,0.159792,-0.0101892,2.18103,8.88889e-05,0.0121444,0.290246,16566.8,0.507197,0.234526,-0.2,0.15,102.135,1.37626e+07,0.393171,0.0384533,0.647694,0.0305557,-0.346614,1,-0.21,nan,nan,nan,nan,-0.0324876,-0.125709,-0.0591447,nan,-0.337332,-0.000416667,-0.248709,-0.781126,nan,-1.00271,-0.91475,1.50449,0.605333,-1.87967,-0.0531667,0.654167,nan
1121,-26.1978,611.8,-0.0287153,0,0.208333,0.143286,1.17207,0.214737,-0.00985256,2.17189,8.88889e-05,0.0138905,0.290084,17499.1,0.456715,0.245491,-0.2,0.15,102.838,1.37748e+07,0.289661,0.0193606,0.391358,0.0160361,-0.236904,0.6118,-0.11772,nan,nan,nan,nan,-0.0188338,-0.0648678,-0.0330292,nan,-0.205581,0,-0.155988,-0.520248,nan,-0.612673,-0.5514,0.916738,0.3344,-1.156,-0.036,0.32,-0.5
1122,-24.084,854.75,-0.027303,0.166667,0.166667,0.142877,1.15757,0.183294,-0.00931531,2.16685,8.88889e-05,0.011214,0.290004,16303.2,0.459937,0.29378,-0.2,0.15,103.593,1.37871e+07,0.470774,0.0341316,0.560244,0.019043,-0.321188,0.85475,-0.1468,nan,nan,nan,nan,-0.0223596,-0.0790899,-0.0392865,nan,-0.289131,-0.000125,-0.214811,-0.681175,nan,-0.852361,-0.754875,1.28594,0.3905,-1.5615,-0.035,0.428125,-0.5
1123,-24.6884,973.2,-0.0240674,0.125,0.0833333,0.142753,1.15775,0.131952,-0.00959208,2.16243,8.88889e-05,0.00858584,0.289836,13695.8,0.557451,0.339757,-0.2,0.15,104.492,1.37994e+07,0.517162,0.0358117,0.628156,0.0236319,-0.355132,0.9732,-0.1784,nan,nan,nan,nan,-0.0256204,-0.0949309,-0.0472314,nan,-0.326287,0,-0.246633,-0.760204,nan,-0.964269,-0.873,1.46063,0.4944,-1.8016,-0.0416,0.5475,-0.5
1124,-23.4024,858.385,-0.0254012,0.375,0.166667,0.13853,1.14331,0.187801,-0.0112195,2.153,8.88889e-05,0.013866,0.28958,14190.2,0.548426,0.317526,-0.2,0.15,105.359,1.38117e+07,0.376843,0.0349381,0.558323,0.0216209,-0.324122,0.858385,-0.170769,nan,nan,nan,nan,-0.023825,-0.0907182,-0.0441537,nan,-0.289062,0,-0.215191,-0.682517,nan,-0.850693,-0.774462,1.2954,0.457538,-1.58185,-0.0421538,0.470192,-0.5
1125,-23.9384,988.598,-0.027793,7.04167,0.208333,0.141977,1.13439,0.193137,-0.00989974,2.14299,8.88889e-05,0.0112004,0.289367,14338.5,0.558996,0.297997,-0.2,0.15,106.218,1.3824e+07,0.411001,0.0387841,0.640076,0.0261959,-0.369812,0.988598,-0.196202,nan,nan,nan,nan,-0.0284145,-0.109668,-0.0527057,nan,-0.332604,-0.000321839,-0.249754,-0.788476,nan,-0.978088,-0.882931,1.49252,0.543977,-1.83182,-0.0474483,0.54454,-0.5
1126,-23.9681,894.75,-0.0250712,0.125,0.0416667,0.137735,1.12647,0.116687,-0.0105348,2.13385,8.88889e-05,0.0133861,0.289131,16698.4,0.492354,0.243523,-0.2,0.15,106.955,1.38363e+07,0.315859,0.0350817,0.563561,0.026597,-0.350485,0.89475,-0.2048,nan,nan,nan,nan,-0.0322392,-0.132301,-0.0543696,nan,-0.302032,-0.00025,-0.220878,-0.738721,nan,-0.896887,-0.828,1.35096,0.573,-1.72,-0.046,0.69375,-0.5
1127,-20.3553,922.667,-0.0233133,0.458333,0.0416667,0.138498,1.17796,0.177239,-0.0105737,2.12335,8.88889e-05,0.0163791,0.288883,16943.7,0.462772,0.262452,-0.2,0.15,107.681,1.38486e+07,0.388038,0.0337707,0.593701,0.0251802,-0.352113,0.922667,-0.192517,nan,nan,nan,nan,-0.0265286,-0.0986419,-0.0517605,nan,-0.310434,0,-0.233341,-0.731005,nan,-0.912835,-0.8365,1.38093,0.528,-1.68033,-0.0505,0.628125,-0.5
1128,-22.1907,790.533,-0.0268844,0.375,0.25,0.138745,1.15162,0.198444,-0.0111734,2.11431,8.88889e-05,0.0134482,0.288728,13328,0.546968,0.374999,-0.2,0.15,108.604,1.38609e+07,0.369714,0.0359611,0.508664,0.0223053,-0.314557,0.790533,-0.170053,nan,nan,nan,nan,-0.0253669,-0.0919676,-0.0441389,nan,-0.265013,0,-0.201562,-0.611347,nan,-0.780459,-0.7138,1.19665,0.470667,-1.472,-0.0396,0.425833,-0.5
1129,-20.8048,867.6,-0.0243893,0.5,0.125,0.138549,1.16146,0.190322,-0.00960678,2.10883,8.88889e-05,0.0109756,0.288602,12951,0.588282,0.360523,-0.2,0.15,109.555,1.38732e+07,0.427886,0.034219,0.564858,0.0227715,-0.344644,0.8676,-0.169213,nan,nan,nan,nan,-0.0247712,-0.0936682,-0.0451429,nan,-0.291048,-6.66667e-05,-0.219875,-0.687061,nan,-0.856642,-0.7568,1.30609,0.466933,-1.58987,-0.0401333,0.488333,-0.5
1130,-23.0011,876.462,-0.0250542,0.375,0.166667,0.13428,1.14977,0.236535,-0.00987443,2.10306,8.88889e-05,0.0106651,0.288465,13470.3,0.567181,0.345047,-0.2,0.15,110.469,1.38854e+07,0.412171,0.0369754,0.573432,0.02525,-0.360533,0.876462,-0.183831,nan,nan,nan,nan,-0.0268299,-0.0985933,-0.0493467,nan,-0.294213,0,-0.222145,-0.699288,nan,-0.869474,-0.793615,1.33291,0.506769,-1.628,-0.0458462,0.511538,-0.5
1131,-22.1085,686,-0.025749,0.208333,0.166667,0.139293,1.14131,0.24133,-0.0102855,2.09726,8.88889e-05,0.0147353,0.288335,15307.1,0.537466,0.265301,-0.2,0.15,111.274,1.38977e+07,0.253641,0.0265881,0.441675,0.0202476,-0.280894,0.686,-0.1508,nan,nan,nan,nan,-0.0232667,-0.0845167,-0.0416904,nan,-0.230507,0,-0.176899,-0.547255,nan,-0.674781,-0.631667,1.02092,0.438222,-1.27822,-0.0388889,0.388889,-0.5
1132,-21.8273,743.5,-0.0267085,0.25,0.166667,0.139687,1.13561,0.251563,-0.0102322,2.09221,8.88889e-05,0.015157,0.288251,16626.4,0.506632,0.232434,-0.2,0.15,112.014,1.391e+07,0.362504,0.0265302,0.479956,0.0207103,-0.307228,0.7435,-0.14996,nan,nan,nan,nan,-0.0230007,-0.0853112,-0.0393075,nan,-0.249343,-0.0001,-0.188072,-0.595416,nan,-0.729396,-0.6879,1.13752,0.4084,-1.378,-0.0362,0.39875,-0.5
1133,-17.885,777.75,-0.0243206,0.25,0.0833333,0.138277,1.15811,0.152981,-0.0104201,2.08924,8.88889e-05,0.0096111,0.288165,17492.9,0.463425,0.239033,-0.2,0.15,112.718,1.39223e+07,0.317746,0.0275873,0.512535,0.0248161,-0.321861,0.77775,-0.17305,nan,nan,nan,nan,-0.0262615,-0.101523,-0.0465949,nan,-0.260744,0,-0.192312,-0.639999,nan,-0.772818,-0.66075,1.18085,0.487,-1.4585,-0.04,0.596875,-0.5
1134,-18.9384,948.333,-0.0232092,0.208333,0.0416667,0.137862,1.1647,0.13022,-0.0103929,2.08364,8.88889e-05,0.0127613,0.287997,17030.8,0.462192,0.259323,-0.2,0.15,113.44,1.39346e+07,0.566375,0.0436841,0.631155,0.0256079,-0.403948,0.948333,-0.185533,nan,nan,nan,nan,-0.0283277,-0.108372,-0.0487392,nan,-0.319013,0,-0.236566,-0.734052,nan,-0.939659,-0.8205,1.42072,0.525333,-1.76,-0.0463333,0.60625,-0.5
1135,-23.5705,929.727,-0.0246948,0.375,0.0833333,0.136833,1.14286,0.165525,-0.0104417,2.07637,8.88889e-05,0.0149527,0.287846,13692.3,0.557985,0.339452,-0.2,0.15,114.339,1.39469e+07,0.346896,0.0363459,0.603472,0.0274298,-0.396238,0.929727,-0.197527,nan,nan,nan,nan,-0.0310418,-0.117377,-0.055653,nan,-0.312201,0,-0.234547,-0.737121,nan,-0.913393,-0.811636,1.40979,0.565818,-1.72982,-0.0523636,0.581818,-0.5
1136,-21.6927,973.75,-0.0245441,0.291667,0.0416667,0.139875,1.14866,0.153211,-0.0104806,2.06904,8.88889e-05,0.0193319,0.287638,13811.2,0.546512,0.343199,-0.2,0.15,115.231,1.39592e+07,0.371616,0.0364905,0.634121,0.0274443,-0.419183,0.97375,-0.20615,nan,nan,nan,nan,-0.0319306,-0.119,-0.0572413,nan,-0.325128,0,-0.246065,-0.742054,nan,-0.944807,-0.830625,1.48906,0.6165,-1.8335,-0.04825,0.632812,-0.5
1137,-21.2427,756.933,-0.0248724,0.416667,0.208333,0.141166,1.14243,0.176389,-0.0108658,2.06185,8.88889e-05,0.00990389,0.287572,14073,0.576287,0.296875,-0.2,0.15,116.105,1.39715e+07,0.32987,0.0331576,0.484172,0.0175456,-0.326071,0.756933,-0.1376,nan,nan,nan,nan,-0.0203936,-0.0769151,-0.035996,nan,-0.252203,-0.000266667,-0.193622,-0.599236,nan,-0.732082,-0.6992,1.14094,0.381867,-1.3856,-0.0349333,0.454167,-0.5
1138,-25.7007,852.615,-0.0254602,0.375,0.166667,0.13784,1.16359,0.184755,-0.0108224,2.05978,8.88889e-05,0.0128468,0.287498,16390.7,0.507826,0.241869,-0.2,0.15,116.856,1.39837e+07,0.374411,0.0334359,0.548058,0.0205311,-0.373101,0.852615,-0.160262,nan,nan,nan,nan,-0.0239624,-0.0900858,-0.0428845,nan,-0.284031,-0.000230769,-0.218192,-0.69202,nan,-0.826628,-0.774923,1.29396,0.442462,-1.56954,-0.0398462,0.399038,-0.5
1139,-20.6334,711.625,-0.026684,0.416667,0.25,0.142533,1.15456,0.232393,-0.0100085,2.05633,8.88889e-05,0.0161969,0.287444,17472.1,0.466421,0.236873,-0.2,0.15,117.561,1.3996e+07,0.300493,0.0291414,0.458824,0.0187699,-0.319578,0.711625,-0.138437,nan,nan,nan,nan,-0.0230252,-0.0866886,-0.0378269,nan,-0.239463,0,-0.180164,-0.561306,nan,-0.702696,-0.636562,1.07026,0.412,-1.31875,-0.034375,0.433594,-0.5
1140,-24.4305,916.8,-0.0228309,0.333333,0.0833333,0.140545,1.16529,0.196977,-0.0101692,2.0531,8.88889e-05,0.016683,0.287318,17606.7,0.46376,0.234157,-0.2,0.15,118.26,1.40083e+07,0.418255,0.0399501,0.598784,0.02471,-0.417856,0.9168,-0.18676,nan,nan,nan,nan,-0.0270154,-0.102558,-0.0489855,nan,-0.306962,-0.0001,-0.233854,-0.712204,nan,-0.895307,-0.8499,1.38583,0.496,-1.7028,-0.0438,0.52625,-0.5
1141,-20.2058,708.6,-0.0256062,0.25,0.166667,0.14148,1.16411,0.230193,-0.0099538,2.04781,8.88889e-05,0.0139624,0.287231,14116.9,0.511256,0.359191,-0.2,0.15,119.131,1.40206e+07,0.300782,0.0303739,0.459305,0.0176201,-0.323069,0.7086,-0.14036,nan,nan,nan,nan,-0.0201943,-0.070579,-0.0361338,nan,-0.237231,0,-0.17931,-0.565557,nan,-0.692113,-0.6459,1.08277,0.398,-1.2792,-0.0306,0.4125,-0.5
1142,-24.6994,859.933,-0.026675,0.458333,0.166667,0.142371,1.13703,0.262766,-0.00988274,2.04472,8.88889e-05,0.0156885,0.28716,13357.1,0.573127,0.34683,-0.2,0.15,120.053,1.40329e+07,0.35459,0.0351549,0.56216,0.0205431,-0.395716,0.859933,-0.157053,nan,nan,nan,nan,-0.0249435,-0.0934336,-0.0413232,nan,-0.287471,-0.0002,-0.219068,-0.685229,nan,-0.843478,-0.7614,1.29736,0.4368,-1.6,-0.0405333,0.481667,-0.5
1143,-24.6856,831.765,-0.0279657,0.416667,0.291667,0.138625,1.14408,0.211184,-0.00969051,2.04131,8.88889e-05,0.01439,0.287056,14186.6,0.542053,0.324114,-0.2,0.15,120.921,1.40452e+07,0.350835,0.0397508,0.534274,0.0211405,-0.380382,0.831765,-0.158612,nan,nan,nan,nan,-0.0252002,-0.0977091,-0.04349,nan,-0.276945,-0.000117647,-0.214522,-0.651382,nan,-0.807357,-0.766765,1.24982,0.465412,-1.55341,-0.0403529,0.494853,-0.5
1144,-23.3567,803.083,-0.0266658,0.333333,0.166667,0.14294,1.15762,0.221888,-0.00985283,2.03507,8.88889e-05,0.0118835,0.286885,15486.8,0.53315,0.260302,-0.2,0.15,121.716,1.40575e+07,0.341969,0.0360614,0.517368,0.0201201,-0.365308,0.803083,-0.14645,nan,nan,nan,nan,-0.0225179,-0.0824674,-0.0386925,nan,-0.267774,0,-0.205823,-0.631794,nan,-0.778313,-0.7295,1.2122,0.431333,-1.48533,-0.0343333,0.425,-0.5
1145,-22.2225,902.5,-0.0233982,0.333333,0.0833333,0.143675,1.15795,0.171801,-0.0100292,2.02833,8.88889e-05,0.0125727,0.286739,17235.5,0.478438,0.234508,-0.2,0.15,122.43,1.40698e+07,0.404904,0.0368245,0.589288,0.0249518,-0.41351,0.9025,-0.17794,nan,nan,nan,nan,-0.027119,-0.102492,-0.047924,nan,-0.301755,0,-0.226912,-0.718935,nan,-0.879774,-0.825,1.35507,0.5248,-1.6712,-0.0444,0.5875,-0.5
1146,-23.7659,842.5,-0.0241923,0.25,0.0833333,0.139765,1.12503,0.203932,-0.01026,2.0214,8.88889e-05,0.0173263,0.286552,16484.5,0.475254,0.270173,-0.2,0.15,123.177,1.4082e+07,0.371152,0.0313,0.547633,0.023072,-0.383306,0.8425,-0.153,nan,nan,nan,nan,-0.0241794,-0.091305,-0.0426982,nan,-0.281457,0,-0.212906,-0.658236,nan,-0.827072,-0.754125,1.25977,0.448,-1.5895,-0.03925,0.470313,-0.5
1147,-23.5031,784.167,-0.0256113,0.333333,0.166667,0.139655,1.11607,0.212817,-0.0110915,2.01384,8.88889e-05,0.0122199,0.286396,13354.5,0.569837,0.350301,-0.2,0.15,124.098,1.40943e+07,0.293765,0.0322842,0.506329,0.0213355,-0.355489,0.784167,-0.158983,nan,nan,nan,nan,-0.0231876,-0.0851704,-0.0411428,nan,-0.262211,0,-0.199232,-0.606032,nan,-0.760987,-0.68425,1.18682,0.448,-1.45,-0.042,0.3875,-0.5
1148,-19.7714,782.571,-0.0252167,0.166667,0.125,0.139268,1.12368,0.228367,-0.00943157,2.009,8.88889e-05,0.0148196,0.286344,14055.3,0.547918,0.32634,-0.2,0.15,124.974,1.41066e+07,0.3049,0.0318024,0.49293,0.0250455,-0.355261,0.782571,-0.170914,nan,nan,nan,nan,-0.0293505,-0.107325,-0.0467702,nan,-0.26159,-0.000571429,-0.198022,-0.608199,nan,-0.75658,-0.697714,1.18055,0.521143,-1.45314,-0.0402857,0.6125,-0.5
1149,-21.7736,825.556,-0.0244416,0.25,0.125,0.137816,1.13176,0.134712,-0.00997602,2.00587,8.88889e-05,0.0169051,0.2862,13941.4,0.545891,0.335511,-0.2,0.15,125.857,1.41189e+07,0.346674,0.0255234,0.540146,0.0233646,-0.380228,0.825556,-0.157089,nan,nan,nan,nan,-0.0265797,-0.100274,-0.0441337,nan,-0.276813,-0.000333333,-0.208434,-0.652695,nan,-0.808514,-0.744333,1.2541,0.470667,-1.54089,-0.0413333,0.573611,-0.5
1150,-24.091,848,-0.0258172,0.291667,0.166667,0.141838,1.12517,0.187531,-0.0096171,1.99904,8.88889e-05,0.0157014,0.286058,15631.5,0.498374,0.28773,-0.2,0.15,126.644,1.41312e+07,0.389307,0.0324433,0.553733,0.0217938,-0.386659,0.848,-0.167909,nan,nan,nan,nan,-0.0244746,-0.0923565,-0.043521,nan,-0.281888,-0.000909091,-0.215165,-0.680946,nan,-0.826242,-0.757364,1.29565,0.463636,-1.55964,-0.0390909,0.448864,-0.5
1151,-25.2286,909.133,-0.0241935,0.5,0.125,0.142565,1.09812,0.250267,-0.00952028,1.99406,8.88889e-05,0.0138931,0.28596,17068.4,0.480512,0.239415,-0.2,0.15,127.365,1.41435e+07,0.352899,0.0353695,0.589938,0.0244875,-0.414474,0.909133,-0.18476,nan,nan,nan,nan,-0.0288154,-0.110238,-0.0487068,nan,-0.303011,0,-0.232366,-0.731293,nan,-0.880216,-0.818,1.36696,0.524267,-1.66693,-0.0473333,0.501667,-0.5
1152,-28.6736,846,-0.02516,0.125,0.125,0.142273,1.10789,0.160609,-0.00951006,1.9894,8.88889e-05,0.00825956,0.285837,17623,0.461233,0.236039,-0.2,0.15,128.064,1.41558e+07,0.384927,0.0377129,0.551587,0.0150456,-0.375913,0.846,-0.109967,nan,nan,nan,nan,-0.0195972,-0.0703074,-0.0315763,nan,-0.281621,-0.000166667,-0.211676,-0.659359,nan,-0.815326,-0.7735,1.26814,0.318,-1.56267,-0.033,0.339583,-0.5
1153,-21.7412,802.154,-0.0238427,0.375,0.166667,0.138141,1.11756,0.166237,-0.0104478,1.98248,8.88889e-05,0.0135177,0.285622,13310.9,0.577587,0.345569,-0.2,0.15,128.989,1.41681e+07,0.286783,0.0309168,0.516547,0.0203964,-0.358732,0.802154,-0.161769,nan,nan,nan,nan,-0.0247113,-0.0956831,-0.0411374,nan,-0.266703,0,-0.206201,-0.632573,nan,-0.770325,-0.705923,1.22132,0.453846,-1.47354,-0.0423077,0.514423,-0.5
1154,-23.2563,804.25,-0.0233333,0.166667,0.166667,0.13983,1.1161,0.167219,-0.0114313,1.97223,8.88889e-05,0.011819,0.285376,14117.9,0.54581,0.324573,-0.2,0.15,129.86,1.41804e+07,0.360176,0.0306349,0.512529,0.021834,-0.362623,0.80425,-0.15915,nan,nan,nan,nan,-0.025168,-0.0915024,-0.0409322,nan,-0.266154,0,-0.211549,-0.624351,nan,-0.761754,-0.718125,1.21088,0.4595,-1.4655,-0.0405,0.454688,-0.5
1155,-19.4546,701.714,-0.0235384,0.166667,0.125,0.136847,1.12242,0.205781,-0.00964558,1.96317,8.88889e-05,0.0155196,0.285221,14253.4,0.54334,0.318772,-0.2,0.15,130.724,1.41926e+07,0.361501,0.0280761,0.457557,0.0194795,-0.315812,0.701714,-0.149314,nan,nan,nan,nan,-0.0212191,-0.0774568,-0.0383693,nan,-0.232801,0,-0.178963,-0.559648,nan,-0.667615,-0.617571,1.066,0.402857,-1.26457,-0.0365714,0.364286,-0.5
1156,-17.5311,839.2,-0.0209178,0.166667,0.0416667,0.133405,1.13155,0.209462,-0.0103631,1.95845,8.88889e-05,0.00967755,0.285149,15529.9,0.51594,0.275306,-0.2,0.15,131.517,1.42049e+07,0.34736,0.0338741,0.545093,0.0239866,-0.383926,0.8392,-0.18692,nan,nan,nan,nan,-0.0281128,-0.112601,-0.0489732,nan,-0.280448,0,-0.215297,-0.668433,nan,-0.817568,-0.7668,1.26991,0.5328,-1.5176,-0.0396,0.6975,-0.5
1157,-20.736,901.9,-0.023504,0.291667,0.125,0.141858,1.11933,0.153035,-0.0117023,1.9536,8.88889e-05,0.0100309,0.284952,17501,0.462423,0.23971,-0.2,0.15,132.22,1.42172e+07,0.37037,0.0351702,0.578053,0.0249408,-0.40737,0.9019,-0.20144,nan,nan,nan,nan,-0.029347,-0.114422,-0.0513004,nan,-0.298487,0,-0.236574,-0.693023,nan,-0.849932,-0.7902,1.38561,0.5852,-1.6688,-0.0484,0.62125,-0.5
1158,-23.5119,764,-0.0235074,0.208333,0.125,0.138467,1.13202,0.157744,-0.00936637,1.94441,8.88889e-05,0.0178672,0.284752,17448.8,0.462108,0.242123,-0.2,0.15,132.925,1.42295e+07,0.259659,0.0300761,0.485241,0.0209116,-0.344664,0.764,-0.153875,nan,nan,nan,nan,-0.0232954,-0.0877012,-0.0394241,nan,-0.25382,0,-0.195902,-0.60901,nan,-0.731668,-0.687375,1.15575,0.4375,-1.4295,-0.04125,0.45625,-0.5
1159,-26.3501,910,-0.0219277,0.25,0.125,0.138828,1.12928,0.172552,-0.0114534,1.9367,8.88889e-05,0.0177993,0.284617,14542.1,0.49752,0.347473,-0.2,0.15,133.772,1.42418e+07,0.322433,0.0390037,0.587433,0.0226658,-0.411756,0.91,-0.168689,nan,nan,nan,nan,-0.0257024,-0.0941534,-0.0429865,nan,-0.302443,-0.000222222,-0.234308,-0.687487,nan,-0.869108,-0.811667,1.39393,0.472444,-1.67333,-0.0435556,0.466667,-0.5
1160,-22.7155,822.929,-0.0217729,0.416667,0.166667,0.136293,1.1268,0.230905,-0.00948359,1.93181,8.88889e-05,0.0102768,0.284497,13870.3,0.560379,0.325542,-0.2,0.15,134.659,1.42541e+07,0.395032,0.0334026,0.527583,0.0203227,-0.373668,0.822929,-0.151057,nan,nan,nan,nan,-0.0221489,-0.0827547,-0.0388102,nan,-0.273242,0,-0.211472,-0.647129,nan,-0.791135,-0.719786,1.2432,0.419143,-1.51086,-0.0387143,0.40625,-0.5
1161,-22.0416,873.25,-0.0264394,0.625,0.208333,0.140458,1.12831,0.336636,-0.0102839,1.92661,8.88889e-05,0.009543,0.284398,14263.3,0.536938,0.324572,-0.2,0.15,135.522,1.42664e+07,0.412304,0.0351573,0.562943,0.0228437,-0.391332,0.87325,-0.17092,nan,nan,nan,nan,-0.0263097,-0.0999977,-0.0442201,nan,-0.29002,-0.0002,-0.224282,-0.674521,nan,-0.833273,-0.76515,1.31537,0.4826,-1.6042,-0.0415,0.484375,-0.5
1162,-19.4741,822.714,-0.0246759,0.291667,0.291667,0.14113,1.11939,0.210376,-0.00867283,1.92294,8.88889e-05,0.00934052,0.284311,15618.3,0.524134,0.262635,-0.2,0.15,136.31,1.42787e+07,0.405434,0.0340295,0.53341,0.0225914,-0.367512,0.822714,-0.1568,nan,nan,nan,nan,-0.0245046,-0.0917842,-0.0416299,nan,-0.273515,0,-0.208983,-0.635839,nan,-0.790638,-0.702643,1.23639,0.475429,-1.522,-0.0378571,0.6,-0.5
1163,-23.9171,878.25,-0.0217805,0.25,0.0833333,0.135192,1.11024,0.263931,-0.0102848,1.91922,8.88889e-05,0.0137977,0.284246,17608.1,0.462846,0.235016,-0.2,0.15,137.01,1.42909e+07,0.361835,0.0392289,0.565535,0.0200233,-0.395716,0.87825,-0.1461,nan,nan,nan,nan,-0.0229187,-0.0880376,-0.0381841,nan,-0.293198,0,-0.223083,-0.672514,nan,-0.855292,-0.796125,1.322,0.43,-1.605,-0.03125,0.479688,-0.5
1164,-20.408,723.875,-0.0243106,0.0833333,0.25,0.131301,1.12382,0.202535,-0.010923,1.91545,8.88889e-05,0.0147424,0.284098,16644.3,0.503294,0.234978,-0.2,0.15,137.749,1.43032e+07,0.379362,0.0317546,0.472861,0.0224751,-0.321208,0.723875,-0.15555,nan,nan,nan,nan,-0.0260892,-0.0875585,-0.041281,nan,-0.241237,0,-0.181801,-0.563685,nan,-0.695796,-0.62925,1.08672,0.418,-1.3385,-0.04225,0.54375,-0.5
1165,-22.4079,690.333,-0.0184702,0.125,0.125,0.131811,1.12457,0.157959,-0.00922821,1.90766,8.88889e-05,0.0109771,0.283909,13782.2,0.511543,0.380042,-0.2,0.15,138.642,1.43155e+07,0.217844,0.026839,0.442122,0.01897,-0.303396,0.690333,-0.150467,nan,nan,nan,nan,-0.0247232,-0.0918466,-0.038273,nan,-0.226903,0,-0.179714,-0.539323,nan,-0.660611,-0.6185,1.0435,0.416,-1.26733,-0.0353333,0.410417,-0.5
1166,-20.0554,961,-0.0185834,0.291667,0.0416667,0.131593,1.12785,0.137776,-0.00935921,1.89939,8.88889e-05,0.00982694,0.283718,12338,0.594644,0.401305,-0.2,0.15,139.639,1.43278e+07,0.46448,0.0426508,0.611691,0.0252479,-0.42813,0.961,-0.189825,nan,nan,nan,nan,-0.030067,-0.122219,-0.0525345,nan,-0.319073,-0.000125,-0.246904,-0.747542,nan,-0.916769,-0.86025,1.45548,0.57,-1.7475,-0.0505,0.640625,-0.5
1167,-21.4086,1000,-0.0199276,5.45833,0,0.131865,1.12457,0.13147,-0.0112583,1.89101,8.88889e-05,0.01737,0.28353,13305.5,0.57026,0.353266,-0.2,0.15,140.565,1.43401e+07,0.438602,0.0407557,0.646699,0.0259743,-0.444671,1,-0.196557,nan,nan,nan,nan,-0.0295343,-0.118521,-0.0516811,nan,-0.330593,-4.58015e-05,-0.257768,-0.772723,nan,-0.947769,-0.882092,1.51587,0.56855,-1.82446,-0.0489466,0.598473,nan
1168,-17.4928,967.286,-0.0184679,0.25,0.0416667,0.136736,1.13072,0.154979,-0.0111036,1.88314,8.88889e-05,0.00674165,0.283346,12810.3,0.609467,0.349758,-0.2,0.15,141.525,1.43524e+07,0.461246,0.0331369,0.636438,0.0255257,-0.430989,0.967286,-0.186086,nan,nan,nan,nan,-0.0265461,-0.105657,-0.0472201,nan,-0.319548,-0.000142857,-0.247707,-0.733081,nan,-0.917871,-0.834,1.48443,0.532571,-1.74971,-0.0488571,0.703571,-0.5
1169,-18.6519,774.143,-0.023205,0.416667,0.166667,0.133503,1.12293,0.183823,-0.00996745,1.87472,8.88889e-05,0.0122722,0.28313,15901.1,0.521276,0.251499,-0.2,0.15,142.299,1.43647e+07,0.33013,0.0325264,0.496871,0.0197059,-0.344092,0.774143,-0.147157,nan,nan,nan,nan,-0.0235629,-0.0934443,-0.0380831,nan,-0.255579,0,-0.201744,-0.58987,nan,-0.725152,-0.680571,1.17157,0.430571,-1.38829,-0.0362857,0.478571,-0.5
1170,-22.285,966.5,-0.0199492,0.666667,0.0833333,0.133546,1.1235,0.15126,-0.0099755,1.86471,8.88889e-05,0.00742564,0.282892,17470.9,0.468565,0.234776,-0.2,0.15,143.004,1.4377e+07,0.506639,0.0431639,0.634047,0.0214549,-0.427522,0.9665,-0.169978,nan,nan,nan,nan,-0.0237472,-0.0913205,-0.0420872,nan,-0.31882,-0.000388889,-0.248406,-0.728468,nan,-0.912693,-0.843,1.46674,0.470222,-1.77022,-0.0428889,0.452083,-0.5
1171,-19.1198,793.727,-0.0232693,0.291667,0.166667,0.135341,1.12637,0.176934,-0.0108243,1.85554,8.88889e-05,0.0132558,0.282742,16369.9,0.483541,0.267103,-0.2,0.15,143.756,1.43892e+07,0.300514,0.0343918,0.511852,0.0225681,-0.349742,0.793727,-0.164073,nan,nan,nan,nan,-0.0263836,-0.100403,-0.0438326,nan,-0.261518,0,-0.204288,-0.616317,nan,-0.750361,-0.691364,1.19305,0.496727,-1.45636,-0.0396364,0.577273,-0.5
1172,-20.3755,901.688,-0.0214664,0.5,0.166667,0.137581,1.15906,0.154796,-0.0115798,1.8499,8.88889e-05,0.0169442,0.2826,12410.8,0.585632,0.404471,-0.2,0.15,144.747,1.44015e+07,0.487695,0.0368685,0.583916,0.0219101,-0.399263,0.901687,-0.162388,nan,nan,nan,nan,-0.0250598,-0.096069,-0.0429088,nan,-0.298583,-6.25e-05,-0.231126,-0.696757,nan,-0.854359,-0.78675,1.35594,0.47025,-1.63625,-0.042,0.519531,-0.5
1173,-22.8444,951.75,-0.0191495,0.291667,0.0416667,0.136816,1.1388,0.180719,-0.00884249,1.84317,8.88889e-05,0.0119608,0.28247,13563.7,0.581484,0.324463,-0.2,0.15,145.655,1.44138e+07,0.459066,0.0428328,0.632072,0.0222922,-0.421984,0.95175,-0.1513,nan,nan,nan,nan,-0.0225206,-0.0880265,-0.0390989,nan,-0.315838,0,-0.240704,-0.737284,nan,-0.909945,-0.79275,1.43422,0.4245,-1.745,-0.03825,0.45625,-0.5
1174,-21.239,813.933,-0.0229819,0.375,0.25,0.134711,1.13607,0.288149,-0.010375,1.83886,8.88889e-05,0.00919339,0.282396,13192.2,0.583362,0.348095,-0.2,0.15,146.588,1.44261e+07,0.399602,0.0353741,0.523852,0.0174768,-0.359179,0.813933,-0.13288,nan,nan,nan,nan,-0.0227857,-0.0873167,-0.0355351,nan,-0.269424,0,-0.209305,-0.630158,nan,-0.771287,-0.7212,1.21848,0.393067,-1.4728,-0.0318667,0.48,-0.5
1175,-21.6193,770.5,-0.0226184,0.0833333,0.166667,0.136697,1.12097,0.199882,-0.0100913,1.83512,8.88889e-05,0.015353,0.282264,13655.2,0.524204,0.375675,-0.2,0.15,147.489,1.44384e+07,0.320643,0.0273085,0.505423,0.0246192,-0.337197,0.7705,-0.1714,nan,nan,nan,nan,-0.0273161,-0.0981657,-0.046917,nan,-0.254341,0,-0.196289,-0.601512,nan,-0.735543,-0.675,1.16847,0.502,-1.39867,-0.043,0.51875,-0.5
1176,-19.202,1000,-0.0166193,0.291667,0,0.13354,1.12078,0.208066,-0.00975836,1.82914,8.88889e-05,0.0125703,0.282144,16997,0.478215,0.244738,-0.2,0.15,148.213,1.44507e+07,0.524342,0.0416154,0.653506,0.0263773,-0.442768,1,-0.189257,nan,nan,nan,nan,-0.0287239,-0.1129,-0.0510501,nan,-0.330237,0,-0.256141,-0.783553,nan,-0.944431,-0.889286,1.53026,0.546857,-1.83829,-0.0485714,0.632143,nan
1177,-18.8794,687.077,-0.0250798,0.291667,0.25,0.131953,1.13891,0.24532,-0.0116466,1.82408,8.88889e-05,0.0130454,0.28203,17302.6,0.469653,0.240529,-0.2,0.15,148.925,1.4463e+07,0.300492,0.0249538,0.443041,0.0193417,-0.3039,0.687077,-0.143862,nan,nan,nan,nan,-0.0231532,-0.0868328,-0.0368227,nan,-0.227722,-0.000153846,-0.175443,-0.532181,nan,-0.651721,-0.595615,1.04572,0.401231,-1.26215,-0.0349231,0.439423,-0.5
1178,-19.5967,863.583,-0.020471,0.375,0.125,0.135378,1.11002,0.14569,-0.0108336,1.8182,8.88889e-05,0.0170878,0.28186,15433,0.469433,0.326785,-0.2,0.15,149.722,1.44753e+07,0.418287,0.0406271,0.556825,0.0227325,-0.381357,0.863583,-0.173617,nan,nan,nan,nan,-0.0251801,-0.0978192,-0.0429999,nan,-0.284221,0,-0.221425,-0.659945,nan,-0.811435,-0.74675,1.31223,0.470667,-1.58067,-0.0425,0.528125,-0.5
1179,-20.5645,934.455,-0.0187893,0.416667,0.0416667,0.139669,1.09789,0.139367,-0.0102146,1.8088,8.88889e-05,0.0115779,0.281576,16186.2,0.51851,0.240656,-0.2,0.15,150.483,1.44876e+07,0.399606,0.0394606,0.596406,0.0248952,-0.410049,0.934455,-0.191182,nan,nan,nan,nan,-0.0287061,-0.114843,-0.0490156,nan,-0.30616,-9.09091e-05,-0.246425,-0.710569,nan,-0.868002,-0.830455,1.42036,0.549091,-1.69164,-0.0430909,0.543182,-0.5
1180,-20.8717,823.857,-0.0226479,0.375,0.208333,0.138482,1.12617,0.245351,-0.0102302,1.79766,8.88889e-05,0.0162568,0.281403,16781.4,0.491962,0.240277,-0.2,0.15,151.217,1.44998e+07,0.326175,0.0350217,0.517677,0.0236261,-0.359361,0.823857,-0.178914,nan,nan,nan,nan,-0.0276104,-0.102368,-0.0460919,nan,-0.269554,-0.000142857,-0.217233,-0.626436,nan,-0.763563,-0.714643,1.24869,0.520857,-1.49943,-0.0412857,0.485714,-0.5
1181,-20.9606,864,-0.018791,0.416667,0.125,0.133244,1.12666,0.298343,-0.0113569,1.79077,8.88889e-05,0.0129525,0.281254,16966.2,0.486597,0.237668,-0.2,0.15,151.942,1.45121e+07,0.368574,0.0386711,0.567719,0.0217748,-0.38016,0.864,-0.172231,nan,nan,nan,nan,-0.0241675,-0.0915446,-0.0436125,nan,-0.284703,0,-0.224597,-0.649154,nan,-0.808878,-0.768,1.32063,0.481846,-1.58031,-0.0483077,0.479808,-0.5
1182,-14.9514,592.125,-0.0202427,0.166667,0.166667,0.135303,1.13416,0.189834,-0.0108944,1.78459,5.92593e-05,0.0201349,0.281104,16917.5,0.483324,0.243026,-0.2,0.15,152.67,1.45244e+07,0.300678,0.0249499,0.379666,0.0157943,-0.261006,0.592125,-0.11935,nan,nan,nan,nan,-0.0172073,-0.0627341,-0.0299601,nan,-0.195472,-0.00025,-0.150806,-0.466983,nan,-0.551501,-0.49425,0.889358,0.333,-1.08,-0.03175,0.428125,-0.5
1183,-17.7416,858.176,-0.020759,0.5,0.208333,0.13613,1.13871,0.175356,-0.00930474,1.77867,5.92593e-05,0.0112778,0.280987,16488.2,0.478483,0.266776,-0.2,0.15,153.416,1.45367e+07,0.415685,0.0368714,0.559799,0.0223727,-0.374083,0.858176,-0.167329,nan,nan,nan,nan,-0.0271327,-0.107268,-0.0444775,nan,-0.282318,0,-0.222423,-0.653678,nan,-0.8023,-0.725118,1.30773,0.493647,-1.54212,-0.0375294,0.551471,-0.5
1184,-19.0037,946.5,-0.0197675,0.458333,0.0416667,0.13552,1.11546,0.18869,-0.00979301,1.77292,5.92593e-05,0.015651,0.280842,17049.9,0.476029,0.24468,-0.2,0.15,154.138,1.4549e+07,0.471093,0.0408837,0.619091,0.023012,-0.411445,0.9465,-0.16975,nan,nan,nan,nan,-0.0256087,-0.100922,-0.043938,nan,-0.311442,0,-0.243579,-0.720983,nan,-0.88906,-0.829,1.43008,0.495333,-1.73267,-0.0405,0.584375,-0.5
1185,-21.3081,847.75,-0.0212604,0.458333,0.208333,0.137758,1.12642,0.189048,-0.00938833,1.7666,5.92593e-05,0.00847647,0.280716,16842.1,0.469113,0.260488,-0.2,0.15,154.869,1.45613e+07,0.386918,0.0370477,0.542551,0.0194564,-0.371818,0.84775,-0.144262,nan,nan,nan,nan,-0.0222453,-0.0811786,-0.0376107,nan,-0.278688,-0.0006875,-0.221163,-0.644961,nan,-0.786048,-0.713625,1.299,0.428,-1.54,-0.034625,0.407031,-0.5
1186,-19.2289,824.312,-0.0213973,0.5,0.166667,0.138657,1.15029,0.234579,-0.00821606,1.76208,5.92593e-05,0.0134399,0.280631,16401.3,0.504914,0.244297,-0.2,0.15,155.62,1.45736e+07,0.451156,0.0359507,0.530207,0.0204342,-0.362088,0.824312,-0.156412,nan,nan,nan,nan,-0.0234591,-0.0919821,-0.0399314,nan,-0.2711,-0.0003125,-0.213478,-0.622866,nan,-0.770114,-0.706875,1.24833,0.44,-1.494,-0.04125,0.407031,-0.5
1187,-22.2656,900.5,-0.0195484,0.291667,0.125,0.13543,1.13885,0.178755,-0.00819992,1.75896,5.92593e-05,0.0139862,0.280584,16880.5,0.470775,0.257165,-0.2,0.15,156.349,1.45859e+07,0.417744,0.0393721,0.567725,0.0224194,-0.393886,0.9005,-0.16972,nan,nan,nan,nan,-0.0266555,-0.107091,-0.0445289,nan,-0.295152,-0.0001,-0.238145,-0.706911,nan,-0.837576,-0.7998,1.36027,0.494,-1.6308,-0.0462,0.53125,-0.5
1188,-17.5933,795.571,-0.0185194,0.208333,0.0833333,0.134372,1.13265,0.219898,-0.00899888,1.75659,5.92593e-05,0.00962352,0.280512,17130.3,0.478854,0.238472,-0.2,0.15,157.068,1.45981e+07,0.372492,0.0327974,0.510101,0.0208442,-0.342976,0.795571,-0.1704,nan,nan,nan,nan,-0.0237114,-0.0910548,-0.0411078,nan,-0.257926,0,-0.214229,-0.595135,nan,-0.724502,-0.665571,1.22029,0.472571,-1.44343,-0.0414286,0.45,-0.5
1189,-18.9367,804.143,-0.0229581,0.375,0.208333,0.135278,1.10535,0.232622,-0.00865354,1.75247,5.92593e-05,0.00646619,0.280401,17270.5,0.470848,0.240656,-0.2,0.15,157.78,1.46104e+07,0.364526,0.0355775,0.523607,0.0231787,-0.349913,0.804143,-0.170843,nan,nan,nan,nan,-0.026287,-0.0977156,-0.044234,nan,-0.26379,0,-0.209179,-0.62521,nan,-0.746824,-0.679071,1.21306,0.506,-1.45629,-0.0404286,0.471429,-0.5
1190,-20.9839,783.143,-0.0193949,0.208333,0.0833333,0.132742,1.10016,0.144945,-0.00947098,1.74658,5.92593e-05,0.0057522,0.280239,16796.6,0.470089,0.261488,-0.2,0.15,158.513,1.46227e+07,0.422203,0.0370516,0.501883,0.0137896,-0.338592,0.783143,-0.114971,nan,nan,nan,nan,-0.0168526,-0.0630073,-0.0280121,nan,-0.256016,0,-0.205725,-0.599524,nan,-0.72106,-0.691286,1.16364,0.328,-1.40857,-0.0302857,0.317857,-0.5
1191,-21.172,907.846,-0.0184804,0.458333,0.0833333,0.13256,1.10868,0.227603,-0.00869728,1.73995,5.92593e-05,0.0109208,0.280126,16000.3,0.520449,0.247537,-0.2,0.15,159.282,1.4635e+07,0.364914,0.0363012,0.583931,0.0235789,-0.393802,0.907846,-0.194938,nan,nan,nan,nan,-0.0289137,-0.114609,-0.0481558,nan,-0.296945,0,-0.243655,-0.690926,nan,-0.833857,-0.804462,1.36925,0.574154,-1.65754,-0.0492308,0.515385,-0.5
1192,-19.2706,793.818,-0.0228055,0.25,0.208333,0.131342,1.09388,0.155362,-0.00872923,1.73574,5.92593e-05,0.00618949,0.280022,16321,0.491215,0.261679,-0.2,0.15,160.037,1.46473e+07,0.406513,0.0351049,0.514202,0.0188936,-0.342968,0.793818,-0.153709,nan,nan,nan,nan,-0.0231175,-0.0839564,-0.0395566,nan,-0.25933,-0.000181818,-0.209139,-0.61398,nan,-0.737817,-0.660545,1.20283,0.439636,-1.436,-0.0358182,0.448864,-0.5
1193,-17.6283,1000,-0.0178201,0.541667,0,0.134536,1.11185,0.114452,-0.00929226,1.72937,5.92593e-05,0.0100859,0.27983,16418.5,0.507876,0.240548,-0.2,0.15,160.787,1.46596e+07,0.451336,0.0428498,0.65324,0.0274542,-0.42971,1,-0.207462,nan,nan,nan,nan,-0.0301109,-0.115714,-0.0524333,nan,-0.325673,0,-0.264972,-0.758408,nan,-0.917568,-0.865385,1.51502,0.637538,-1.78246,-0.0503077,0.591346,nan
1194,-20.6808,946.545,-0.0194469,0.375,0.0833333,0.132343,1.12148,0.209319,-0.00921426,1.72245,5.92593e-05,0.0104059,0.279762,17215.5,0.472721,0.241053,-0.2,0.15,161.502,1.46719e+07,0.443225,0.0429909,0.614485,0.0212709,-0.411021,0.946545,-0.175473,nan,nan,nan,nan,-0.0277217,-0.105843,-0.0439162,nan,-0.309574,-0.000727273,-0.249619,-0.732818,nan,-0.878871,-0.804818,1.42753,0.504,-1.72145,-0.0438182,0.5625,-0.5
1195,-16.5706,879.8,-0.0207699,0.291667,0.125,0.13422,1.11748,0.140473,-0.00948585,1.71954,5.92593e-05,0.00824177,0.279629,16946.2,0.482124,0.242996,-0.2,0.15,162.228,1.46842e+07,0.437547,0.0331502,0.566112,0.023817,-0.379395,0.8798,-0.17748,nan,nan,nan,nan,-0.0286349,-0.110177,-0.0456598,nan,-0.288513,-0.0004,-0.23066,-0.677689,nan,-0.810184,-0.726,1.33858,0.534,-1.6,-0.043,0.62625,-0.5
1196,-24.772,969.75,-0.016953,0.125,0.0416667,0.135277,1.13152,0.123935,-0.00814771,1.71135,5.92593e-05,0.0088891,0.279419,17117.8,0.472542,0.245306,-0.2,0.15,162.947,1.46964e+07,0.382804,0.039228,0.62131,0.0236598,-0.421558,0.96975,-0.205,nan,nan,nan,nan,-0.0288678,-0.111958,-0.050853,nan,-0.314104,0,-0.267138,-0.740061,nan,-0.885845,-0.864,1.49028,0.615,-1.727,-0.0455,0.40625,-0.5
1197,-18.8347,924.889,-0.0173474,0.333333,0.0416667,0.137877,1.1074,0.138341,-0.00871421,1.70251,5.92593e-05,0.00978627,0.279243,17300.1,0.46777,0.242514,-0.2,0.15,163.659,1.47087e+07,0.470855,0.0370764,0.594758,0.0211093,-0.400067,0.924889,-0.163156,nan,nan,nan,nan,-0.0259929,-0.105105,-0.042972,nan,-0.302375,0,-0.243213,-0.712104,nan,-0.863067,-0.792,1.39696,0.481333,-1.68,-0.0386667,0.555556,-0.5
1198,-19.1024,879.1,-0.0200437,0.25,0.166667,0.138206,1.13362,0.197063,-0.00954954,1.69598,5.92593e-05,0.0112996,0.279124,16352.2,0.512021,0.239439,-0.2,0.15,164.412,1.4721e+07,0.446044,0.0367988,0.559389,0.0198042,-0.376876,0.8791,-0.1749,nan,nan,nan,nan,-0.0264539,-0.0989011,-0.0403847,nan,-0.285251,0,-0.236285,-0.650039,nan,-0.796617,-0.7377,1.34735,0.504,-1.5448,-0.0344,0.455,-0.5
1199,-17.2943,812.667,-0.0193049,0.291667,0.0833333,0.133863,1.12161,0.199194,-0.00825494,1.6902,5.92593e-05,0.007242,0.278969,17193.1,0.471347,0.243357,-0.2,0.15,165.128,1.47333e+07,0.404443,0.0321061,0.523338,0.0212404,-0.35082,0.812667,-0.171667,nan,nan,nan,nan,-0.0249106,-0.0944018,-0.042865,nan,-0.265005,-0.000222222,-0.214121,-0.613115,nan,-0.751649,-0.677333,1.23888,0.495111,-1.45244,-0.0408889,0.418056,-0.5
1200,-17.8033,782.143,-0.0171706,0.208333,0.0833333,0.140565,1.11803,0.155865,-0.00982848,1.6836,5.92593e-05,0.0118685,0.278848,16776,0.479193,0.253282,-0.2,0.15,165.862,1.47456e+07,0.364705,0.0339032,0.510926,0.0187623,-0.331294,0.782143,-0.158629,nan,nan,nan,nan,-0.0221084,-0.082308,-0.0378788,nan,-0.253498,0,-0.206717,-0.585419,nan,-0.7131,-0.626571,1.20442,0.44,-1.43029,-0.0382857,0.383929,-0.5
1201,-17.7053,871.875,-0.024657,0.25,0.0833333,0.137916,1.11663,0.193634,-0.00847848,1.67925,5.92593e-05,0.0111396,0.278766,17086.3,0.475881,0.243292,-0.3,0.15,168.29,1.47579e+07,0.385042,0.0423194,0.565119,0.0196665,-0.379474,0.871875,-0.16615,nan,nan,nan,nan,-0.0261568,-0.102703,-0.0434863,nan,-0.286258,0,-0.227615,-0.653147,nan,-0.807554,-0.713625,1.31913,0.479,-1.5695,-0.04175,0.575,-0.5
1202,-19.8831,950.688,-0.022418,0.583333,0.0833333,0.140575,1.11143,0.164775,-0.00964406,1.67545,5.92593e-05,0.0141267,0.278678,16433.6,0.494597,0.25314,-0.3,0.15,169.039,1.47702e+07,0.419874,0.0424002,0.613026,0.0238773,-0.418344,0.950687,-0.2035,nan,nan,nan,nan,-0.0298093,-0.120089,-0.0511061,nan,-0.310348,0,-0.251876,-0.725451,nan,-0.869883,-0.834,1.45336,0.59525,-1.709,-0.048125,0.541406,-0.5
1203,-15.9418,1000,-0.022948,0.541667,0,0.13851,1.11775,0.152292,-0.00853654,1.67132,5.92593e-05,0.00892969,0.278587,17161.1,0.471382,0.244655,-0.3,0.15,169.757,1.47825e+07,0.511087,0.0431185,0.652525,0.0247831,-0.442837,1,-0.190785,nan,nan,nan,nan,-0.0289638,-0.113836,-0.0504921,nan,-0.325502,0,-0.268506,-0.752287,nan,-0.917333,-0.825692,1.52244,0.588923,-1.78308,-0.0473846,0.606731,nan
1204,-19.1379,947.692,-0.0229034,0.416667,0.125,0.13845,1.13074,0.182528,-0.00895895,1.66701,5.92593e-05,0.0129838,0.278484,17119.1,0.476736,0.241058,-0.3,0.15,170.476,1.47948e+07,0.431801,0.0429513,0.616878,0.0216201,-0.42645,0.947692,-0.185431,nan,nan,nan,nan,-0.0279864,-0.109038,-0.047554,nan,-0.309956,-7.69231e-05,-0.250223,-0.722283,nan,-0.87145,-0.810923,1.45242,0.528923,-1.68985,-0.0450769,0.6125,-0.5
1205,-19.6815,727,-0.0249085,0.25,0.25,0.135098,1.11511,0.284753,-0.00892476,1.66221,5.92593e-05,0.0121727,0.278395,16879.1,0.479709,0.248291,-0.3,0.15,171.205,1.4807e+07,0.320673,0.0283269,0.467913,0.0186154,-0.338027,0.727,-0.159233,nan,nan,nan,nan,-0.0248986,-0.0911448,-0.0384836,nan,-0.238722,0,-0.194832,-0.554172,nan,-0.67393,-0.597,1.09192,0.464333,-1.29833,-0.0336667,0.389583,-0.5
1206,-21.0573,936.5,-0.0232943,0.25,0.166667,0.134317,1.09989,0.178538,-0.0079565,1.65772,5.92593e-05,0.00891846,0.278257,13852.1,0.509876,0.377208,-0.3,0.15,172.094,1.48193e+07,0.446502,0.0330643,0.600609,0.0214687,-0.429513,0.9365,-0.18296,nan,nan,nan,nan,-0.0278628,-0.11363,-0.0466632,nan,-0.304667,0,-0.253942,-0.733207,nan,-0.85309,-0.771,1.42533,0.5292,-1.69,-0.044,0.605,-0.5
1207,-18.6222,745.5,-0.0229795,0.25,0.166667,0.135378,1.11757,0.155878,-0.0103441,1.65072,5.92593e-05,0.0168222,0.278091,13125,0.583184,0.353041,-0.3,0.15,173.032,1.48316e+07,0.379518,0.0321713,0.483968,0.0140748,-0.349731,0.7455,-0.13174,nan,nan,nan,nan,-0.0199461,-0.0749703,-0.0332114,nan,-0.243108,0,-0.198536,-0.563876,nan,-0.683245,-0.6294,1.14357,0.3808,-1.3292,-0.03,0.37625,-0.5
1208,-17.7229,974.444,-0.0201341,0.333333,0.0416667,0.1363,1.09338,0.17073,-0.0112578,1.64406,5.92593e-05,0.00949955,0.277964,13251.1,0.601405,0.325913,-0.3,0.15,173.96,1.48439e+07,0.478296,0.0380578,0.634642,0.0248554,-0.458973,0.974444,-0.219044,nan,nan,nan,nan,-0.031686,-0.130806,-0.0539578,nan,-0.317212,-0.000555556,-0.262952,-0.711109,nan,-0.885715,-0.832667,1.47835,0.634222,-1.72978,-0.0506667,0.591667,-0.5
1209,-17.5309,984.425,-0.0245335,4.29167,0.125,0.134598,1.11529,0.191075,-0.00821907,1.6393,5.92593e-05,0.0106808,0.277875,14720.8,0.570888,0.263851,-0.3,0.15,174.797,1.48562e+07,0.468038,0.0429719,0.642363,0.0236855,-0.465801,0.984425,-0.200681,nan,nan,nan,nan,-0.0284652,-0.112604,-0.049472,nan,-0.320382,-1.88679e-05,-0.264098,-0.736508,nan,-0.897133,-0.814274,1.50492,0.585698,-1.74585,-0.0466604,0.567453,-0.5
1210,-17.3044,754.222,-0.0218695,0.25,0.125,0.133682,1.1065,0.205622,-0.00802065,1.63511,5.92593e-05,0.00908245,0.27778,13710.9,0.526466,0.369757,-0.3,0.15,175.694,1.48685e+07,0.407126,0.0378948,0.479428,0.0171292,-0.363503,0.754222,-0.1506,nan,nan,nan,nan,-0.0208295,-0.0799625,-0.0358418,nan,-0.244731,0,-0.205114,-0.560124,nan,-0.68216,-0.65,1.13729,0.434222,-1.31422,-0.0393333,0.380556,-0.5
1211,-16.3466,904.083,-0.0233703,0.416667,0.0833333,0.13612,1.10549,0.202338,-0.00864228,1.63078,5.92593e-05,0.00664913,0.277686,13820.9,0.559834,0.329255,-0.3,0.15,176.585,1.48808e+07,0.551434,0.0380847,0.587196,0.0213399,-0.437458,0.904083,-0.188367,nan,nan,nan,nan,-0.0256729,-0.0985209,-0.0445861,nan,-0.293482,0,-0.243392,-0.669205,nan,-0.819258,-0.744,1.38772,0.539,-1.61633,-0.0388333,0.45625,-0.5
1212,-20.1861,871.412,-0.0233692,0.541667,0.166667,0.1349,1.08834,0.125361,-0.00927305,1.62523,5.92593e-05,0.00893459,0.277508,14225.1,0.542682,0.321144,-0.3,0.15,177.45,1.48931e+07,0.400552,0.0397861,0.555832,0.0198813,-0.428712,0.871412,-0.164071,nan,nan,nan,nan,-0.0254137,-0.095332,-0.0417758,nan,-0.282958,0,-0.235348,-0.673003,nan,-0.795257,-0.730235,1.32257,0.489882,-1.54729,-0.0383529,0.466176,-0.5
1213,-17.2575,921.833,-0.0210136,0.416667,0.0833333,0.134746,1.08116,0.147534,-0.0084036,1.6171,5.92593e-05,0.0082846,0.27733,15453.3,0.540356,0.254816,-0.3,0.15,178.246,1.49053e+07,0.521495,0.042435,0.606334,0.0178062,-0.453923,0.921833,-0.163033,nan,nan,nan,nan,-0.0229104,-0.0895217,-0.040471,nan,-0.298676,0,-0.2495,-0.677991,nan,-0.832068,-0.77125,1.44398,0.481667,-1.61633,-0.0348333,0.435417,-0.5
1214,-16.8661,884.25,-0.0205426,0.416667,0.0833333,0.132851,1.07606,0.22692,-0.00822668,1.61,5.92593e-05,0.0086432,0.277198,14130.7,0.523541,0.346057,-0.3,0.15,179.117,1.49176e+07,0.492547,0.0435344,0.577644,0.0179924,-0.444553,0.88425,-0.164,nan,nan,nan,nan,-0.0232432,-0.0942091,-0.0395534,nan,-0.285861,0,-0.23856,-0.658551,nan,-0.79878,-0.7255,1.35275,0.458667,-1.56033,-0.0406667,0.486458,-0.5
1215,-17.0964,921.615,-0.0218729,0.458333,0.0833333,0.13638,1.08252,0.168476,-0.00913363,1.60466,5.92593e-05,0.00823601,0.277085,13574.1,0.580232,0.325018,-0.3,0.15,180.024,1.49299e+07,0.42807,0.0381486,0.601797,0.0204892,-0.461739,0.921615,-0.186046,nan,nan,nan,nan,-0.0257248,-0.102285,-0.0458775,nan,-0.298105,0,-0.253158,-0.684464,nan,-0.829214,-0.778385,1.40629,0.552,-1.62031,-0.0475385,0.586538,-0.5
1216,-20.3586,933.667,-0.0203648,0.458333,0.0416667,0.13572,1.10189,0.131451,-0.0101262,1.59874,5.92593e-05,0.0107398,0.276929,14174.2,0.539773,0.327153,-0.3,0.15,180.893,1.49422e+07,0.468936,0.0406724,0.600069,0.0175797,-0.46762,0.933667,-0.1555,nan,nan,nan,nan,-0.0217905,-0.0858616,-0.03654,nan,-0.300157,0,-0.263447,-0.687729,nan,-0.818665,-0.78725,1.43504,0.464333,-1.62833,-0.0378333,0.354167,-0.5
1217,-20.2521,877,-0.0208614,0.0833333,0.0833333,0.137651,1.1205,0.110191,-0.00871593,1.59142,5.92593e-05,0.00952218,0.276764,15353.7,0.550141,0.250187,-0.3,0.15,181.694,1.49545e+07,0.346599,0.0460444,0.573491,0.0208026,-0.45905,0.877,-0.22165,nan,nan,nan,nan,-0.0302805,-0.110795,-0.0489356,nan,-0.28338,0,-0.242281,-0.629936,nan,-0.780027,-0.705,1.33217,0.585,-1.536,-0.0495,0.553125,-0.5
1218,-20.0996,850.182,-0.0216202,0.291667,0.166667,0.135919,1.09022,0.165941,-0.00754324,1.58446,5.92593e-05,0.0124716,0.276626,17148.4,0.485192,0.231377,-0.3,0.15,182.412,1.49668e+07,0.325962,0.0413223,0.550366,0.019408,-0.448803,0.850182,-0.1786,nan,nan,nan,nan,-0.0249321,-0.0972768,-0.0431069,nan,-0.27427,-9.09091e-05,-0.236461,-0.623752,nan,-0.758217,-0.717,1.31315,0.509818,-1.50473,-0.0454545,0.519318,-0.5
1219,-20.5771,1000,-0.0174354,0.333333,0,0.133471,1.0997,0.0906571,-0.00822512,1.57781,5.92593e-05,0.00876659,0.276454,17637.5,0.462307,0.23439,-0.3,0.15,183.11,1.49791e+07,0.373427,0.0456562,0.661166,0.0232822,-0.520154,1,-0.2011,nan,nan,nan,nan,-0.0278413,-0.109613,-0.049188,nan,-0.323855,0,-0.275769,-0.735171,nan,-0.897201,-0.845625,1.54663,0.5805,-1.774,-0.05,0.55,nan
1220,-21.2445,1000,-0.0175393,0.5,0,0.131523,1.09165,0.104305,-0.00942571,1.56988,5.92593e-05,0.0138229,0.276275,13779.3,0.529836,0.361934,-0.3,0.15,184.003,1.49914e+07,0.402771,0.0456894,0.657546,0.0204857,-0.52331,1,-0.19385,nan,nan,nan,nan,-0.027099,-0.107659,-0.0464075,nan,-0.323966,-8.33333e-05,-0.27509,-0.754571,nan,-0.899013,-0.81425,1.52541,0.573,-1.769,-0.0486667,0.495833,nan
1221,-19.1638,985.875,-0.0188642,0.291667,0.0416667,0.131103,1.08399,0.145388,-0.00952142,1.56238,5.92593e-05,0.0129904,0.276131,13479.9,0.552349,0.359231,-0.3,0.15,184.916,1.50036e+07,0.343424,0.0384391,0.645252,0.0241067,-0.5226,0.985875,-0.230525,nan,nan,nan,nan,-0.0346204,-0.143137,-0.057553,nan,-0.319878,0,-0.267142,-0.742042,nan,-0.88785,-0.80325,1.50925,0.69,-1.7675,-0.05125,0.695312,-0.5
1222,-17.2692,956.6,-0.0179202,0.583333,0.0416667,0.13117,1.09342,0.126824,-0.0103921,1.55645,5.92593e-05,0.0112745,0.276003,14307.2,0.537908,0.320957,-0.3,0.15,185.776,1.50159e+07,0.502554,0.0450879,0.634339,0.0184704,-0.509575,0.9566,-0.17744,nan,nan,nan,nan,-0.0230272,-0.0894047,-0.0413576,nan,-0.307968,-0.0002,-0.263926,-0.695175,nan,-0.843222,-0.8016,1.47558,0.5088,-1.6648,-0.0372,0.483333,-0.5
1223,-18.6797,975.167,-0.0209657,0.458333,0.0416667,0.132561,1.09419,0.129445,-0.00910752,1.55066,5.92593e-05,0.0164765,0.275888,15625.7,0.522346,0.264053,-0.3,0.15,186.564,1.50282e+07,0.436166,0.0421372,0.639579,0.0237652,-0.527836,0.975167,-0.219267,nan,nan,nan,nan,-0.03285,-0.130451,-0.0532659,nan,-0.315489,-0.00025,-0.266063,-0.713531,nan,-0.877139,-0.79875,1.47313,0.638667,-1.749,-0.0526667,0.615625,-0.5
1224,-20.0367,815,-0.0213138,0.291667,0.166667,0.130647,1.11026,0.142428,-0.00832568,1.54414,5.92593e-05,0.00717749,0.275688,16966.3,0.480961,0.243297,-0.3,0.15,187.29,1.50405e+07,0.364272,0.0382203,0.541932,0.0189842,-0.453414,0.815,-0.174545,nan,nan,nan,nan,-0.0255554,-0.0974738,-0.042892,nan,-0.264988,0,-0.222895,-0.596754,nan,-0.736462,-0.678545,1.25138,0.487636,-1.46436,-0.0409091,0.461364,-0.5
1225,-19.9288,945,-0.0180104,0.625,0.0833333,0.129149,1.10547,0.152633,-0.00823692,1.53505,5.92593e-05,0.00893326,0.27552,16527.9,0.470785,0.272684,-0.3,0.15,188.035,1.50528e+07,0.499737,0.03739,0.620801,0.0186073,-0.516054,0.945,-0.189094,nan,nan,nan,nan,-0.0262294,-0.105045,-0.0446967,nan,-0.305202,-0.000117647,-0.258903,-0.716895,nan,-0.846691,-0.786529,1.43625,0.534353,-1.65953,-0.0468235,0.472059,-0.5
1226,-18.4607,893.615,-0.0208925,0.458333,0.0833333,0.132929,1.10666,0.15219,-0.0100185,1.52869,5.92593e-05,0.00841163,0.275369,12162.7,0.592821,0.417483,-0.3,0.15,189.046,1.50651e+07,0.399092,0.0392368,0.596007,0.0187608,-0.494801,0.893615,-0.194338,nan,nan,nan,nan,-0.0261905,-0.103952,-0.0462856,nan,-0.287372,-0.000384615,-0.24852,-0.672806,nan,-0.796734,-0.741692,1.37971,0.545231,-1.552,-0.0430769,0.490385,-0.5
1227,-16.7982,864.462,-0.0196797,0.458333,0.0833333,0.133775,1.08684,0.110982,-0.00836579,1.52124,5.92593e-05,0.0152829,0.275179,14206,0.547948,0.317037,-0.3,0.15,189.912,1.50774e+07,0.48022,0.0388223,0.570907,0.0180261,-0.480954,0.864462,-0.181138,nan,nan,nan,nan,-0.0247397,-0.0955532,-0.042762,nan,-0.278024,-0.000230769,-0.240355,-0.652839,nan,-0.769826,-0.711923,1.32734,0.520615,-1.52554,-0.0458462,0.466346,-0.5
1228,-17.9222,936,-0.0191923,0.5,0.0833333,0.132032,1.07236,0.127611,-0.00829601,1.51244,5.92593e-05,0.0101713,0.274989,13452.1,0.596252,0.317214,-0.3,0.15,190.828,1.50897e+07,0.508603,0.0416636,0.619986,0.0174066,-0.528051,0.936,-0.180914,nan,nan,nan,nan,-0.0244448,-0.0979615,-0.0420279,nan,-0.300193,-0.000142857,-0.263108,-0.681392,nan,-0.822668,-0.780214,1.44617,0.526857,-1.64429,-0.0425714,0.486607,-0.5
1229,-18.2612,900.25,-0.0174058,0.416667,0.0833333,0.128865,1.10093,0.175776,-0.00704751,1.5048,5.92593e-05,0.00624936,0.27484,15601.4,0.507084,0.280536,-0.3,0.15,191.616,1.5102e+07,0.460074,0.0478385,0.593068,0.0170617,-0.512583,0.90025,-0.18615,nan,nan,nan,nan,-0.0234878,-0.0885935,-0.0425328,nan,-0.288818,0,-0.251906,-0.645353,nan,-0.791388,-0.7415,1.38892,0.526667,-1.574,-0.0433333,0.426042,-0.5
1230,-18.8454,871.091,-0.0182691,0.333333,0.125,0.132758,1.10353,0.143941,-0.00977135,1.49848,5.92593e-05,0.012783,0.274707,17707.3,0.460844,0.233106,-0.3,0.15,192.312,1.51142e+07,0.451803,0.035432,0.582755,0.0159828,-0.496396,0.871091,-0.175564,nan,nan,nan,nan,-0.023062,-0.0907986,-0.0410021,nan,-0.281007,0,-0.241385,-0.638598,nan,-0.776704,-0.727636,1.34,0.493818,-1.50182,-0.0369091,0.434091,-0.5
1231,-18.2064,927,-0.0210323,0.291667,0.0416667,0.142073,1.08713,0.136413,-0.00804388,1.49242,5.92593e-05,0.0100862,0.274573,17716.2,0.460462,0.23314,-0.3,0.15,193.006,1.51265e+07,0.441978,0.0378116,0.600618,0.0178885,-0.53043,0.927,-0.19845,nan,nan,nan,nan,-0.0257507,-0.100343,-0.0466254,nan,-0.296491,0,-0.265696,-0.677825,nan,-0.80425,-0.78525,1.43018,0.5515,-1.5615,-0.045,0.482812,-0.5
1232,-18.6343,1000,-0.0166313,0.25,0,0.134739,1.08035,0.130616,-0.00835543,1.48661,5.92593e-05,0.0100786,0.274464,15927.1,0.463425,0.308091,-0.3,0.15,193.779,1.51388e+07,0.55899,0.0490584,0.654486,0.0206834,-0.576452,1,-0.191967,nan,nan,nan,nan,-0.0268959,-0.107963,-0.0466651,nan,-0.323131,0,-0.274963,-0.721053,nan,-0.884978,-0.7915,1.53355,0.564,-1.76933,-0.0413333,0.44375,nan
1233,-18.9171,977.692,-0.0170795,0.5,0.0416667,0.131297,1.07794,0.136625,-0.00828551,1.48204,5.92593e-05,0.00682643,0.274353,13701.7,0.554258,0.342566,-0.3,0.15,194.678,1.51511e+07,0.441995,0.0483101,0.654328,0.0197109,-0.570105,0.977692,-0.210077,nan,nan,nan,nan,-0.0273292,-0.110162,-0.0479535,nan,-0.312901,0,-0.275879,-0.707182,nan,-0.854379,-0.819923,1.49677,0.607692,-1.68769,-0.0456923,0.515385,-0.5
1234,-17.6837,831.357,-0.021251,0.416667,0.166667,0.133689,1.08275,0.189691,-0.00852802,1.47724,5.92593e-05,0.0108345,0.274273,13600.8,0.544716,0.358757,-0.3,0.15,195.583,1.51634e+07,0.408646,0.0391138,0.552892,0.0178276,-0.488627,0.831357,-0.177314,nan,nan,nan,nan,-0.0241428,-0.0961693,-0.0414765,nan,-0.265573,0,-0.233463,-0.61297,nan,-0.727879,-0.684429,1.2772,0.485714,-1.44771,-0.0462857,0.491964,-0.5
1235,-18.4494,907,-0.0186616,0.416667,0.0833333,0.132324,1.06918,0.175187,-0.0083934,1.47383,5.92593e-05,0.00811241,0.274187,13896.8,0.579517,0.304718,-0.3,0.15,196.468,1.51757e+07,0.483627,0.0406264,0.595982,0.0165594,-0.529641,0.907,-0.183033,nan,nan,nan,nan,-0.0239021,-0.0911772,-0.0424734,nan,-0.287709,0,-0.264245,-0.661716,nan,-0.780291,-0.74925,1.39734,0.540667,-1.55567,-0.0435,0.391667,-0.5
1236,-18.2853,903.875,-0.0163937,0.291667,0.0416667,0.134088,1.05893,0.131941,-0.00795073,1.4686,5.92593e-05,0.0072444,0.27402,16232.6,0.504555,0.252439,-0.3,0.15,197.227,1.5188e+07,0.547806,0.0405427,0.617545,0.015671,-0.535924,0.903875,-0.1716,nan,nan,nan,nan,-0.0210477,-0.0768139,-0.0406174,nan,-0.29024,0,-0.250434,-0.672303,nan,-0.795861,-0.7545,1.40239,0.4745,-1.558,-0.043,0.35625,-0.5
1237,-20.521,1000,-0.0159817,0.291667,0,0.134193,1.05997,0.128112,-0.00864458,1.46026,5.92593e-05,0.0117572,0.273864,17277.1,0.475254,0.235977,-0.3,0.15,197.939,1.52003e+07,0.426675,0.0465972,0.660933,0.0198531,-0.59759,1,-0.206171,nan,nan,nan,nan,-0.0263989,-0.103253,-0.0484362,nan,-0.320859,0,-0.281854,-0.707632,nan,-0.874743,-0.815571,1.54412,0.589714,-1.73714,-0.0442857,0.45,nan
1238,-19.8853,842.75,-0.0160267,0.25,0.0833333,0.136865,1.07069,0.139213,-0.0081516,1.45534,5.92593e-05,0.00798944,0.273785,14452.6,0.504127,0.346099,-0.3,0.15,198.79,1.52125e+07,0.332828,0.0394146,0.568602,0.0147827,-0.516036,0.84275,-0.178825,nan,nan,nan,nan,-0.0236903,-0.0901137,-0.0417462,nan,-0.270325,0,-0.234251,-0.619589,nan,-0.742767,-0.71925,1.3067,0.51,-1.4825,-0.04025,0.475,-0.5
1239,-20.0807,930.667,-0.0164781,0.208333,0.0416667,0.14166,1.0911,0.157492,-0.00783483,1.45166,5.92593e-05,0.00616113,0.273692,13316.3,0.57961,0.34317,-0.3,0.15,199.715,1.52248e+07,0.48034,0.0456897,0.612813,0.0167813,-0.565719,0.930667,-0.199167,nan,nan,nan,nan,-0.0272526,-0.114368,-0.0454756,nan,-0.296805,0,-0.263985,-0.669591,nan,-0.808914,-0.7535,1.41854,0.583333,-1.618,-0.044,0.397917,-0.5
1240,-20.8786,1000,-0.0150604,0.458333,0,0.1354,1.08916,0.153364,-0.00788966,1.44697,5.92593e-05,0.0131217,0.273586,14356.2,0.540282,0.315656,-0.3,0.15,200.572,1.52371e+07,0.488375,0.0426803,0.67828,0.01742,-0.608275,1,-0.213927,nan,nan,nan,nan,-0.0261315,-0.105445,-0.0482456,nan,-0.318135,0,-0.285477,-0.742349,nan,-0.872898,-0.807818,1.55375,0.580727,-1.76473,-0.0503636,0.438636,nan
1241,-20.7045,950.333,-0.0187673,0.375,0.125,0.133991,1.07817,0.190448,-0.00907695,1.44234,5.92593e-05,0.0103496,0.273498,14904.1,0.558252,0.266221,-0.3,0.15,201.398,1.52494e+07,0.521525,0.0430717,0.643283,0.0160849,-0.582742,0.950333,-0.190317,nan,nan,nan,nan,-0.0248681,-0.0976368,-0.0433399,nan,-0.301185,0,-0.272005,-0.691309,nan,-0.822354,-0.75775,1.46711,0.553,-1.659,-0.0465,0.384375,-0.5
1242,-19.671,745.875,-0.0184353,0.208333,0.125,0.136135,1.09313,0.163094,-0.00906311,1.43859,5.92593e-05,0.0105176,0.273425,16995.6,0.488238,0.234773,-0.3,0.15,202.122,1.52617e+07,0.292828,0.0380619,0.497975,0.0106459,-0.459789,0.745875,-0.130775,nan,nan,nan,nan,-0.0172972,-0.0655792,-0.02967,nan,-0.237278,0,-0.217308,-0.536479,nan,-0.644293,-0.635625,1.13866,0.371,-1.284,-0.033,0.4,-0.5
1243,-19.3895,939.333,-0.0170532,0.333333,0.0416667,0.135076,1.09182,0.141257,-0.00819896,1.43503,5.92593e-05,0.0138436,0.273335,16853.7,0.495038,0.234061,-0.3,0.15,202.852,1.5274e+07,0.345362,0.0447607,0.643173,0.0179924,-0.577911,0.939333,-0.213044,nan,nan,nan,nan,-0.0282502,-0.11099,-0.048414,nan,-0.298256,0,-0.268799,-0.67897,nan,-0.809254,-0.778,1.44724,0.600444,-1.62444,-0.052,0.536111,-0.5
1244,-17.8474,981.944,-0.0169473,0.625,0.125,0.133761,1.07628,0.163767,-0.00754553,1.43095,5.92593e-05,0.00995383,0.273262,14417.8,0.509983,0.342298,-0.3,0.15,203.706,1.52863e+07,0.435127,0.043629,0.663967,0.0179185,-0.60582,0.981944,-0.237,nan,nan,nan,nan,-0.0293958,-0.115105,-0.0521223,nan,-0.311156,0,-0.283404,-0.702175,nan,-0.841642,-0.8015,1.51045,0.676,-1.67444,-0.0516667,0.567361,-0.5
1245,-19.7033,931.909,-0.016751,0.375,0.0833333,0.136751,1.09991,0.144578,-0.00881769,1.42796,5.92593e-05,0.0065144,0.273191,13877.7,0.564,0.321452,-0.3,0.15,204.593,1.52986e+07,0.489153,0.0480901,0.627804,0.0153038,-0.574516,0.931909,-0.177782,nan,nan,nan,nan,-0.0247183,-0.0986609,-0.0411735,nan,-0.297123,-0.000272727,-0.264726,-0.685828,nan,-0.811636,-0.785182,1.43378,0.510909,-1.60218,-0.0385455,0.451136,-0.5
1246,-18.5929,977.889,-0.016456,0.291667,0.0833333,0.136498,1.08288,0.153212,-0.00964207,1.42396,5.92593e-05,0.0114708,0.273084,13358.8,0.603574,0.316268,-0.3,0.15,205.514,1.53108e+07,0.546741,0.0443831,0.665365,0.0151673,-0.595424,0.977889,-0.192956,nan,nan,nan,nan,-0.0241693,-0.0982326,-0.0431598,nan,-0.308393,0,-0.287642,-0.704129,nan,-0.826952,-0.76,1.50948,0.548889,-1.66711,-0.0446667,0.426389,-0.5
1247,-17.8666,969.375,-0.0175012,0.583333,0.0833333,0.134338,1.07513,0.173414,-0.00905882,1.41824,5.92593e-05,0.00824712,0.272925,14755.3,0.54931,0.283474,-0.3,0.15,206.348,1.53231e+07,0.433163,0.0485162,0.651805,0.0183961,-0.592948,0.969375,-0.221512,nan,nan,nan,nan,-0.0293009,-0.118733,-0.0511588,nan,-0.306912,0,-0.278248,-0.699576,nan,-0.832801,-0.780375,1.49295,0.648,-1.6705,-0.0555,0.544531,-0.5
1248,-17.4543,1000,-0.0128605,0.291667,0,0.134216,1.06251,0.117185,-0.00744616,1.41059,5.92593e-05,0.0104962,0.272734,16826.8,0.488704,0.241558,-0.3,0.15,207.08,1.53354e+07,0.494985,0.0433206,0.663908,0.0170693,-0.616359,1,-0.214429,nan,nan,nan,nan,-0.0285532,-0.117935,-0.0493352,nan,-0.316583,0,-0.287863,-0.728369,nan,-0.856631,-0.821571,1.53577,0.608571,-1.708,-0.0442857,0.553571,nan
1249,-19.8041,988.286,-0.0144314,0.25,0.0416667,0.131933,1.08838,0.11186,-0.008255,1.40128,5.92593e-05,0.00708195,0.27253,17354.6,0.462157,0.245899,-0.3,0.15,207.79,1.53477e+07,0.472544,0.0513205,0.675742,0.0144369,-0.609994,0.988286,-0.174857,nan,nan,nan,nan,-0.0232913,-0.0957775,-0.0394111,nan,-0.312606,-0.000285714,-0.286902,-0.721626,nan,-0.852831,-0.794143,1.53526,0.488,-1.69886,-0.0391429,0.505357,-0.5
1250,-16.821,990.626,-0.0142556,4.08333,0.0416667,0.134388,1.07942,0.112168,-0.00787366,1.39267,5.92593e-05,0.00903122,0.272353,15336.7,0.478747,0.322469,-0.3,0.15,208.592,1.536e+07,0.489684,0.0477381,0.6731,0.0165147,-0.605061,0.990626,-0.20536,nan,nan,nan,nan,-0.0267273,-0.107185,-0.0468701,nan,-0.31306,-0.00010101,-0.286841,-0.713893,nan,-0.847766,-0.802515,1.52584,0.593212,-1.70792,-0.0466667,0.537247,-0.5
1251,-19.8205,1000,-0.0163842,0.25,0,0.135744,1.05708,0.105979,-0.00806753,1.38445,5.92593e-05,0.0080109,0.272166,13615.6,0.560617,0.34188,-0.3,0.15,209.497,1.53723e+07,0.381756,0.0387341,0.680764,0.0180453,-0.618052,1,-0.214167,nan,nan,nan,nan,-0.0280575,-0.11737,-0.0476773,nan,-0.318604,0,-0.281679,-0.728883,nan,-0.865119,-0.841,1.48637,0.603333,-1.72267,-0.0563333,0.639583,nan
1252,-17.1733,1000,-0.016739,0.458333,0,0.138488,1.07912,0.119182,-0.00876032,1.37573,5.92593e-05,0.00976745,0.271967,14259,0.538096,0.323677,-0.3,0.15,210.36,1.53846e+07,0.542377,0.0520018,0.676673,0.0149373,-0.602644,1,-0.1912,nan,nan,nan,nan,-0.0246231,-0.097013,-0.0427607,nan,-0.313748,-0.000545455,-0.290512,-0.709645,nan,-0.848875,-0.828273,1.54682,0.536727,-1.728,-0.0412727,0.490909,nan
1253,-17.2953,890.867,-0.0171859,0.541667,0.0833333,0.137396,1.0654,0.12626,-0.00833478,1.3675,5.92593e-05,0.0100669,0.271824,15779.6,0.526918,0.251808,-0.3,0.15,211.14,1.53969e+07,0.437498,0.0431349,0.6025,0.0134302,-0.538028,0.890867,-0.165867,nan,nan,nan,nan,-0.0210815,-0.0827293,-0.037839,nan,-0.279851,0,-0.260431,-0.627143,nan,-0.754588,-0.7142,1.36876,0.482933,-1.53013,-0.0386667,0.413333,-0.5
1254,-15.3351,909,-0.0170347,0.375,0.0416667,0.138058,1.07846,0.18868,-0.0085209,1.36157,5.92593e-05,0.0122251,0.271701,16185.9,0.525135,0.234042,-0.3,0.15,211.901,1.54092e+07,0.550316,0.0435288,0.622535,0.0122046,-0.551025,0.909,-0.15088,nan,nan,nan,nan,-0.020655,-0.0831431,-0.0348997,nan,-0.285497,0,-0.267222,-0.645109,nan,-0.768006,-0.7194,1.4011,0.4676,-1.5408,-0.0314,0.375,-0.5
1255,-17.3242,830.933,-0.0183023,0.458333,0.166667,0.137976,1.07188,0.125212,-0.00819159,1.35604,5.92593e-05,0.00576731,0.271589,17474.5,0.466939,0.236257,-0.3,0.15,212.605,1.54214e+07,0.41247,0.0431175,0.571514,0.0116286,-0.503704,0.830933,-0.169133,nan,nan,nan,nan,-0.0208278,-0.0808849,-0.0370973,nan,-0.261876,0,-0.241375,-0.591325,nan,-0.703899,-0.657,1.28075,0.4696,-1.4208,-0.0408,0.375833,-0.5
1256,-16.94,933.462,-0.0140847,0.5,0.0416667,0.134756,1.0668,0.110183,-0.00862345,1.3504,5.92593e-05,0.0134569,0.27145,15594,0.464742,0.323256,-0.3,0.15,213.394,1.54337e+07,0.510322,0.0437892,0.629194,0.0132395,-0.558127,0.933462,-0.179138,nan,nan,nan,nan,-0.0238975,-0.0960797,-0.0411968,nan,-0.292495,-0.000153846,-0.274298,-0.66119,nan,-0.784385,-0.765462,1.43603,0.526154,-1.58308,-0.0412308,0.4,-0.5
1257,-13.8807,1000,-0.0116233,0.375,0,0.133614,1.06494,0.107754,-0.00695416,1.34406,5.92593e-05,0.00810185,0.271304,13379.7,0.557591,0.360816,-0.3,0.15,214.314,1.5446e+07,0.529897,0.0507372,0.681564,0.0164051,-0.593293,1,-0.231067,nan,nan,nan,nan,-0.0272625,-0.111895,-0.0504501,nan,-0.311311,0,-0.298867,-0.700778,nan,-0.827304,-0.820667,1.54476,0.642667,-1.67289,-0.0462222,0.531944,nan
1258,-17.5987,1000,-0.0133964,0.333333,0,0.133067,1.04526,0.139174,-0.00741577,1.33787,5.92593e-05,0.00873292,0.271188,14485.8,0.534719,0.313561,-0.3,0.15,215.164,1.54583e+07,0.494758,0.0545511,0.672098,0.017264,-0.602367,1,-0.2268,nan,nan,nan,nan,-0.0286729,-0.115297,-0.0493521,nan,-0.31314,-0.001,-0.297858,-0.711135,nan,-0.838265,-0.818625,1.54309,0.653,-1.715,-0.055,0.457812,nan
1259,-17.2302,904.167,-0.0143756,0.166667,0.0833333,0.130421,1.06015,0.103022,-0.00832509,1.33291,5.92593e-05,0.00635262,0.271079,14877.9,0.530649,0.295272,-0.3,0.15,215.991,1.54706e+07,0.414759,0.0465571,0.604641,0.0153935,-0.537012,0.904167,-0.207167,nan,nan,nan,nan,-0.027559,-0.110644,-0.0461086,nan,-0.282321,0,-0.273472,-0.626394,nan,-0.741605,-0.716,1.38217,0.599333,-1.54533,-0.0503333,0.502083,-0.5
1260,-13.7748,1000,-0.0146486,0.416667,0,0.134762,1.06813,0.140473,-0.00852095,1.32685,5.92593e-05,0.00777998,0.270924,16307.2,0.49787,0.255661,-0.3,0.15,216.746,1.54829e+07,0.479579,0.0472299,0.677853,0.0163052,-0.595268,1,-0.22058,nan,nan,nan,nan,-0.029514,-0.122235,-0.0498611,nan,-0.314455,0,-0.289881,-0.700824,nan,-0.844844,-0.7695,1.53951,0.6548,-1.7216,-0.0492,0.60375,nan
1261,-20.0659,937.333,-0.0149472,0.333333,0.0416667,0.133348,1.06197,0.127211,-0.00755659,1.31876,5.92593e-05,0.0129184,0.270732,17583.6,0.466441,0.232394,-0.3,0.15,217.446,1.54952e+07,0.441083,0.0384207,0.634494,0.0138844,-0.562337,0.937333,-0.199978,nan,nan,nan,nan,-0.0258397,-0.101395,-0.0441065,nan,-0.295839,0,-0.274121,-0.671176,nan,-0.787749,-0.776333,1.4017,0.531556,-1.59822,-0.048,0.438889,-0.5
1262,-14.7667,992.385,-0.015736,0.458333,0.0833333,0.131775,1.08817,0.117533,-0.00894097,1.31056,5.92593e-05,0.00771159,0.270571,17232.8,0.465848,0.247209,-0.3,0.15,218.16,1.55075e+07,0.529793,0.0483778,0.666399,0.0160796,-0.587594,0.992385,-0.216108,nan,nan,nan,nan,-0.0288193,-0.114475,-0.047435,nan,-0.309591,-7.69231e-05,-0.296276,-0.689517,nan,-0.82601,-0.784385,1.50276,0.627692,-1.65846,-0.0476923,0.561538,-0.5
1263,-14.8658,890.636,-0.0136916,0.375,0.0833333,0.127123,1.07664,0.124492,-0.00747209,1.30368,5.92593e-05,0.0101554,0.27043,13500.7,0.55462,0.355556,-0.3,0.15,219.072,1.55197e+07,0.485316,0.0505876,0.609883,0.0136419,-0.525722,0.890636,-0.187836,nan,nan,nan,nan,-0.0230123,-0.0882156,-0.0420495,nan,-0.278742,0,-0.26506,-0.606432,nan,-0.741876,-0.724091,1.3735,0.552,-1.52036,-0.0427273,0.418182,-0.5
1264,-15.3466,1000,-0.0125745,0.5,0,0.129476,1.06349,0.103436,-0.00650153,1.29723,5.92593e-05,0.00729489,0.270294,13890,0.558936,0.325732,-0.3,0.15,219.958,1.5532e+07,0.537882,0.0556496,0.685471,0.0151703,-0.596273,1,-0.2058,nan,nan,nan,nan,-0.0270595,-0.114444,-0.0465771,nan,-0.312798,-8.33333e-05,-0.296431,-0.684703,nan,-0.833697,-0.81275,1.55403,0.595,-1.732,-0.05,0.502083,nan
1265,-16.6626,952.462,-0.0133831,0.5,0.0416667,0.128267,1.08782,0.107656,-0.00873002,1.29114,5.92593e-05,0.00928178,0.27017,14239.6,0.541912,0.321031,-0.3,0.15,220.822,1.55443e+07,0.457684,0.0451423,0.650612,0.0144326,-0.563067,0.952462,-0.205738,nan,nan,nan,nan,-0.026152,-0.105096,-0.0463466,nan,-0.297844,0,-0.28362,-0.674222,nan,-0.792021,-0.757385,1.47053,0.575385,-1.61354,-0.0487692,0.452885,-0.5
1266,-15.7114,1000,-0.0114614,0.291667,0,0.133235,1.08516,0.173611,-0.00886076,1.28614,5.92593e-05,0.00624693,0.270089,15902.3,0.504991,0.267729,-0.3,0.15,221.596,1.55566e+07,0.447746,0.0533518,0.669038,0.0147499,-0.587689,1,-0.2196,nan,nan,nan,nan,-0.029703,-0.12106,-0.0495756,nan,-0.311287,0,-0.301249,-0.701304,nan,-0.829066,-0.795857,1.53243,0.669143,-1.71314,-0.0428571,0.530357,nan
1267,-13.9211,926.412,-0.0164144,0.583333,0.125,0.133732,1.08889,0.141878,-0.00863046,1.28259,5.92593e-05,0.00968497,0.270015,15650.2,0.525376,0.259788,-0.3,0.15,222.382,1.55689e+07,0.520994,0.0462024,0.625723,0.0135896,-0.54258,0.926412,-0.187882,nan,nan,nan,nan,-0.0251734,-0.102098,-0.0420674,nan,-0.287618,0,-0.279002,-0.652476,nan,-0.758272,-0.739941,1.43981,0.535059,-1.57459,-0.0437647,0.519853,-0.5
1268,-12.593,1000,-0.0147477,0.541667,0,0.13345,1.08182,0.105815,-0.00789662,1.27802,5.92593e-05,0.0116861,0.269863,16934.9,0.488667,0.236935,-0.3,0.15,223.109,1.55812e+07,0.532357,0.0465355,0.677967,0.0163286,-0.590426,1,-0.225585,nan,nan,nan,nan,-0.0286325,-0.118842,-0.0499303,nan,-0.310721,0,-0.301619,-0.697388,nan,-0.820465,-0.818308,1.5345,0.673538,-1.668,-0.0492308,0.568269,nan
1269,-15.893,997.231,-0.0148819,0.5,0.0416667,0.13515,1.05862,0.115914,-0.00754128,1.27094,5.92593e-05,0.00750252,0.269722,17108.1,0.462907,0.255351,-0.3,0.15,223.829,1.55935e+07,0.427885,0.0511463,0.68181,0.0152932,-0.588861,0.997231,-0.225754,nan,nan,nan,nan,-0.0299779,-0.123006,-0.0505859,nan,-0.312531,0,-0.294697,-0.702325,nan,-0.836473,-0.787846,1.52481,0.651077,-1.69569,-0.0538462,0.596154,-0.5
1270,-11.8811,897.143,-0.0136739,0.5,0.0833333,0.128139,1.06335,0.147147,-0.00739538,1.26497,8.88889e-05,0.0041383,0.269591,13554.2,0.557714,0.34887,-0.3,0.15,224.737,1.56058e+07,0.522776,0.0461408,0.60215,0.0135312,-0.523486,0.897143,-0.187029,nan,nan,nan,nan,-0.0231835,-0.0942059,-0.0408768,nan,-0.277311,0,-0.270914,-0.609906,nan,-0.730977,-0.704143,1.40038,0.539429,-1.50543,-0.041,0.464286,-0.5
1271,-15.6964,1000,-0.0117256,0.375,0,0.13202,1.06609,0.109836,-0.00866621,1.25729,8.88889e-05,0.0176622,0.26937,14090.2,0.551167,0.320931,-0.3,0.15,225.611,1.5618e+07,0.464045,0.0525741,0.675957,0.0153942,-0.589287,1,-0.224933,nan,nan,nan,nan,-0.0282048,-0.12025,-0.0496471,nan,-0.309501,0,-0.30731,-0.696599,nan,-0.817744,-0.796,1.57019,0.670667,-1.68356,-0.0508889,0.440278,nan
1272,-16.3447,970.929,-0.0133525,0.541667,0.0416667,0.135217,1.06194,0.0995293,-0.0075611,1.24716,8.88889e-05,0.0162113,0.269148,14290,0.538532,0.321371,-0.3,0.15,226.472,1.56303e+07,0.459179,0.0464408,0.644936,0.0143403,-0.56717,0.970929,-0.2189,nan,nan,nan,nan,-0.0280891,-0.116174,-0.0488113,nan,-0.301482,-0.000142857,-0.295574,-0.668667,nan,-0.798265,-0.777,1.48175,0.641143,-1.64686,-0.049,0.475893,-0.5
1273,-11.5369,1000,-0.011822,0.208333,0,0.130092,1.06706,0.0921457,-0.00967647,1.23722,8.88889e-05,0.0139912,0.268939,15152.8,0.504643,0.306298,-0.3,0.15,227.284,1.56426e+07,0.529161,0.0477039,0.673232,0.0147127,-0.580275,1,-0.2316,nan,nan,nan,nan,-0.0272247,-0.115241,-0.0481427,nan,-0.30516,0,-0.315204,-0.663462,nan,-0.786501,-0.7506,1.55196,0.6616,-1.6232,-0.0536,0.445,nan
1274,-14.2034,1000,-0.011374,0.375,0,0.134332,1.06317,0.0955009,-0.00892505,1.22774,8.88889e-05,0.00914204,0.268729,17295.3,0.475942,0.23454,-0.3,0.15,227.996,1.56549e+07,0.445629,0.0467515,0.678523,0.0144928,-0.582764,1,-0.227444,nan,nan,nan,nan,-0.0278657,-0.115128,-0.0490146,nan,-0.309121,0,-0.307102,-0.682846,nan,-0.810705,-0.762333,1.52231,0.665333,-1.65778,-0.0511111,0.5,nan
1275,-11.8855,1000,-0.0122651,0.458333,0,0.13336,1.06281,0.104641,-0.0086827,1.21702,8.88889e-05,0.0130217,0.268476,13293.3,0.565634,0.358742,-0.3,0.15,228.922,1.56672e+07,0.499344,0.0455299,0.675092,0.0158286,-0.584073,1,-0.210873,nan,nan,nan,nan,-0.0281965,-0.117434,-0.0478005,nan,-0.310439,0,-0.300324,-0.687122,nan,-0.820055,-0.781636,1.54807,0.625091,-1.69455,-0.048,0.627273,nan
1276,-12.9491,887.105,-0.0144892,0.666667,0.125,0.132902,1.05075,0.162049,-0.00945518,1.20778,8.88889e-05,0.0153527,0.268368,13923.3,0.564454,0.318095,-0.3,0.15,229.806,1.56795e+07,0.449381,0.0488285,0.597267,0.0124806,-0.518884,0.887105,-0.184232,nan,nan,nan,nan,-0.0241225,-0.0974953,-0.0411186,nan,-0.273696,-0.000105263,-0.272435,-0.613551,nan,-0.719014,-0.718579,1.36377,0.555579,-1.48211,-0.0402105,0.502632,-0.5
1277,-17.8094,996.286,-0.0127604,0.25,0.0416667,0.128908,1.05877,0.111168,-0.00888459,1.20283,8.88889e-05,0.00936826,0.268215,14845,0.539625,0.288126,-0.3,0.15,230.635,1.56918e+07,0.402949,0.0563537,0.669208,0.0155166,-0.58279,0.996286,-0.223371,nan,nan,nan,nan,-0.0273071,-0.111139,-0.0470822,nan,-0.307309,0,-0.309297,-0.663992,nan,-0.811949,-0.786429,1.53738,0.62,-1.63486,-0.0522857,0.441071,-0.5
1278,-15.1633,1000,-0.0121567,0.291667,0,0.125993,1.06551,0.104965,-0.00935443,1.19267,8.88889e-05,0.0113888,0.267948,15856.8,0.522926,0.252012,-0.3,0.15,231.411,1.57041e+07,0.536038,0.0456903,0.664544,0.013337,-0.58366,1,-0.200457,nan,nan,nan,nan,-0.0284577,-0.118439,-0.0463199,nan,-0.311164,0,-0.300848,-0.702447,nan,-0.828841,-0.801429,1.50979,0.577143,-1.68114,-0.0425714,0.541071,nan
1279,-14.3902,1000,-0.00893226,0.375,0,0.128404,1.05134,0.129897,-0.00774242,1.18103,8.88889e-05,0.00984823,0.267729,17257.3,0.469167,0.242879,-0.3,0.15,232.124,1.57164e+07,0.446917,0.0542097,0.67178,0.01542,-0.580061,1,-0.219044,nan,nan,nan,nan,-0.027698,-0.116742,-0.0478301,nan,-0.309146,0,-0.306379,-0.687417,nan,-0.813755,-0.808,1.56301,0.666222,-1.69689,-0.0491111,0.525,nan
1280,-14.9819,818.667,-0.0136445,0.25,0.125,0.129396,1.05709,0.144786,-0.00816759,1.17215,8.88889e-05,0.0112767,0.26756,16501.8,0.494282,0.250366,-0.3,0.15,232.871,1.57286e+07,0.231177,0.0404264,0.544072,0.0126355,-0.473544,0.818667,-0.194378,nan,nan,nan,nan,-0.0265904,-0.104942,-0.0436551,nan,-0.25388,0,-0.246812,-0.572198,nan,-0.668507,-0.624667,1.27649,0.583556,-1.37422,-0.038,0.531944,-0.5
1281,-12.7172,1000,-0.0117144,0.291667,0,0.127169,1.06949,0.128777,-0.0082066,1.16458,8.88889e-05,0.0155289,0.267386,17193.6,0.467352,0.247331,-0.3,0.15,233.587,1.57409e+07,0.485867,0.0503288,0.69311,0.0131853,-0.581152,1,-0.224457,nan,nan,nan,nan,-0.0270212,-0.109248,-0.0486257,nan,-0.309456,0,-0.304257,-0.700928,nan,-0.817695,-0.778286,1.56263,0.641714,-1.66971,-0.044,0.532143,nan
1282,-13.6339,911.429,-0.00997898,0.5,0.0833333,0.127863,1.0827,0.154381,-0.00729371,1.15644,8.88889e-05,0.0138068,0.267222,17217.7,0.471985,0.2417,-0.3,0.15,234.301,1.57532e+07,0.542239,0.0437958,0.612007,0.0107831,-0.527415,0.911429,-0.174557,nan,nan,nan,nan,-0.0231619,-0.099641,-0.0383684,nan,-0.280841,-0.000142857,-0.280979,-0.617661,nan,-0.735464,-0.700929,1.40743,0.519714,-1.53486,-0.0382857,0.394643,-0.5
1283,-15.7839,907.6,-0.0115994,0.333333,0.0833333,0.129744,1.07492,0.12319,-0.00895558,1.14956,8.88889e-05,0.00984377,0.267088,17161.6,0.474079,0.241939,-0.3,0.15,235.019,1.57655e+07,0.388167,0.0442019,0.619717,0.014054,-0.523953,0.9076,-0.20688,nan,nan,nan,nan,-0.0278322,-0.111158,-0.0452291,nan,-0.282004,0,-0.270873,-0.636814,nan,-0.749716,-0.7203,1.39533,0.6004,-1.5112,-0.0502,0.4775,-0.5
1284,-8.94015,1000,-0.0121693,0.375,0,0.131145,1.07794,0.110439,-0.00906258,1.14315,8.88889e-05,0.0087288,0.26695,16876.2,0.486386,0.241741,-0.3,0.15,235.748,1.57778e+07,0.633897,0.0446186,0.681945,0.0135222,-0.577196,1,-0.216733,nan,nan,nan,nan,-0.026839,-0.110154,-0.047137,nan,-0.309029,0,-0.30704,-0.663328,nan,-0.807981,-0.779333,1.55467,0.654222,-1.64978,-0.0464444,0.511111,nan
1285,-15.9262,967.364,-0.0130518,0.333333,0.125,0.129801,1.08179,0.132013,-0.00844911,1.13697,8.88889e-05,0.0114682,0.266824,17127.8,0.473571,0.243858,-0.3,0.15,236.467,1.57901e+07,0.467747,0.0438828,0.64934,0.0126981,-0.559257,0.967364,-0.210927,nan,nan,nan,nan,-0.0267982,-0.109146,-0.0451932,nan,-0.29696,0,-0.300677,-0.665226,nan,-0.776155,-0.798545,1.48509,0.615636,-1.61855,-0.0465455,0.552273,-0.5
1286,-15.2093,1000,-0.0099069,0.708333,0,0.127598,1.07044,0.17499,-0.00869692,1.13155,8.88889e-05,0.0128134,0.266745,16223.5,0.512379,0.245041,-0.3,0.15,237.226,1.58024e+07,0.507877,0.0510534,0.666749,0.0127242,-0.578052,1,-0.201871,nan,nan,nan,nan,-0.0257889,-0.107081,-0.0434438,nan,-0.307518,0,-0.310766,-0.689055,nan,-0.803467,-0.806471,1.54094,0.592471,-1.67106,-0.0421176,0.454412,nan
1287,-13.269,895.455,-0.011857,0.333333,0.125,0.125201,1.05695,0.173792,-0.00953425,1.12797,8.88889e-05,0.00738425,0.266663,16166.8,0.488094,0.27198,-0.3,0.15,237.987,1.58147e+07,0.480155,0.0496875,0.602374,0.0119238,-0.512269,0.895455,-0.186091,nan,nan,nan,nan,-0.0249281,-0.100442,-0.0400327,nan,-0.275482,0,-0.275544,-0.613692,nan,-0.715254,-0.670091,1.38546,0.547273,-1.49455,-0.0467273,0.455682,-0.5
1288,-14.0339,970.308,-0.0108129,0.5,0.0416667,0.130025,1.05618,0.133526,-0.00949154,1.12322,8.88889e-05,0.00940248,0.266544,15661.2,0.536653,0.247959,-0.3,0.15,238.773,1.58269e+07,0.411953,0.0517145,0.650076,0.0126191,-0.555977,0.970308,-0.195677,nan,nan,nan,nan,-0.0247283,-0.102882,-0.0432682,nan,-0.296838,0,-0.305092,-0.667086,nan,-0.777022,-0.747231,1.51436,0.592,-1.61446,-0.0398462,0.503846,-0.5
1289,-14.3163,933.083,-0.0125305,0.416667,0.0833333,0.130765,1.05565,0.110974,-0.00896631,1.11613,8.88889e-05,0.00940292,0.266357,17052.8,0.47929,0.241297,-0.3,0.15,239.495,1.58392e+07,0.435318,0.0448498,0.625525,0.0124833,-0.532875,0.933083,-0.199333,nan,nan,nan,nan,-0.025483,-0.10425,-0.0431852,nan,-0.286107,0,-0.289034,-0.654849,nan,-0.746348,-0.72075,1.45018,0.577333,-1.56967,-0.0425,0.503125,-0.5
1290,-17.3024,940,-0.010201,0.208333,0.0833333,0.127009,1.06123,0.14278,-0.00883303,1.10721,8.88889e-05,0.0135646,0.266146,16991.3,0.479739,0.243456,-0.3,0.15,240.22,1.58515e+07,0.322228,0.0481592,0.642077,0.0144593,-0.535852,0.94,-0.216657,nan,nan,nan,nan,-0.0285725,-0.119789,-0.046962,nan,-0.28727,0,-0.288142,-0.637571,nan,-0.756723,-0.725143,1.44757,0.635429,-1.57943,-0.0482857,0.498214,-0.5
1291,-12.6689,1000,-0.0100013,0.291667,0,0.128623,1.05556,0.0964585,-0.00842552,1.09693,8.88889e-05,0.0133618,0.265914,16834.8,0.479125,0.25079,-0.3,0.15,240.951,1.58638e+07,0.568384,0.0569133,0.679009,0.0115066,-0.571897,1,-0.191429,nan,nan,nan,nan,-0.0221222,-0.0897598,-0.0394473,nan,-0.307146,0,-0.30824,-0.674942,nan,-0.797327,-0.757714,1.55748,0.556,-1.65143,-0.0405714,0.389286,nan
1292,-12.9556,1000,-0.0130606,3.75,0,0.126438,1.05955,0.09092,-0.010288,1.08607,8.88889e-05,0.0188491,0.265689,16233.4,0.511998,0.244962,-0.3,0.15,241.709,1.58761e+07,0.511043,0.0524023,0.679641,0.0128527,-0.568766,1,-0.201571,nan,nan,nan,nan,-0.0255694,-0.107574,-0.0441224,nan,-0.306437,-4.44444e-05,-0.311571,-0.676659,nan,-0.799272,-0.768067,1.54851,0.603644,-1.65533,-0.0438,0.452917,nan
1293,-11.508,948.333,-0.0106027,0.333333,0.0416667,0.128055,1.05379,0.102915,-0.00972054,1.07526,5.92593e-05,0.0202063,0.265455,17177.3,0.475339,0.240023,-0.3,0.15,242.426,1.58884e+07,0.515307,0.049684,0.638877,0.0119259,-0.541758,0.948333,-0.19,nan,nan,nan,nan,-0.0249748,-0.107298,-0.0407204,nan,-0.290696,-0.00133333,-0.295378,-0.64571,nan,-0.751998,-0.730333,1.47895,0.579111,-1.568,-0.0413333,0.4875,-0.5
1294,-10.6408,1000,-0.00789211,0.458333,0,0.129597,1.04362,0.10041,-0.00720518,1.06643,5.92593e-05,0.00940744,0.26532,15272.6,0.484371,0.320209,-0.3,0.15,243.232,1.59007e+07,0.608713,0.0509969,0.678503,0.0126045,-0.569444,1,-0.2056,nan,nan,nan,nan,-0.0249826,-0.106961,-0.0431612,nan,-0.305026,0,-0.314456,-0.677042,nan,-0.790603,-0.775909,1.56624,0.637455,-1.648,-0.0412727,0.415909,nan
1295,-10.5381,904.133,-0.0105352,0.541667,0.0833333,0.132084,1.04263,0.164057,-0.00742626,1.06077,5.92593e-05,0.00912473,0.265213,16638.5,0.486935,0.251595,-0.3,0.15,243.972,1.5913e+07,0.495934,0.0486924,0.623004,0.0115088,-0.516191,0.904133,-0.176733,nan,nan,nan,nan,-0.0229735,-0.0950558,-0.0388179,nan,-0.277391,0,-0.281507,-0.607822,nan,-0.720194,-0.6978,1.40624,0.539733,-1.5168,-0.0365333,0.498333,-0.5
1296,-8.89221,996.083,-0.00965247,0.458333,0.0416667,0.130532,1.04853,0.149012,-0.0084022,1.05542,5.92593e-05,0.0154893,0.265088,16881.4,0.479548,0.248352,-0.3,0.15,244.701,1.59252e+07,0.536312,0.055772,0.69166,0.0137417,-0.562659,0.996083,-0.230533,nan,nan,nan,nan,-0.0275206,-0.114916,-0.0488364,nan,-0.304591,0,-0.311674,-0.660578,nan,-0.790869,-0.759,1.546,0.677,-1.62,-0.0508333,0.5625,-0.5
1297,-14.2844,862,-0.0118422,0.458333,0.125,0.131403,1.05855,0.226816,-0.00819651,1.04973,5.92593e-05,0.00741307,0.264994,16423.4,0.486505,0.261696,-0.3,0.15,245.45,1.59375e+07,0.331944,0.0413703,0.586526,0.0121292,-0.484001,0.862,-0.194786,nan,nan,nan,nan,-0.0250638,-0.104026,-0.041579,nan,-0.263223,0,-0.272636,-0.588831,nan,-0.678237,-0.687,1.32277,0.592857,-1.43657,-0.045,0.464286,-0.5
1298,-11.6496,893.111,-0.00896424,0.333333,0.0416667,0.128225,1.05349,0.108684,-0.00806992,1.04462,5.92593e-05,0.00916019,0.264844,17074.8,0.477784,0.241875,-0.3,0.15,246.171,1.59498e+07,0.445662,0.0416773,0.602717,0.0115921,-0.501869,0.893111,-0.170378,nan,nan,nan,nan,-0.0207635,-0.0860282,-0.0366315,nan,-0.271298,0,-0.284181,-0.593927,nan,-0.693854,-0.691333,1.38825,0.540889,-1.48044,-0.034,0.413889,-0.5
1299,-11.9102,1000,-0.00730397,0.541667,0,0.129344,1.05308,0.105503,-0.00743682,1.03682,5.92593e-05,0.0108739,0.264671,17094.9,0.47789,0.240919,-0.3,0.15,246.891,1.59621e+07,0.525233,0.0507052,0.683177,0.013447,-0.565376,1,-0.206062,nan,nan,nan,nan,-0.0263758,-0.115144,-0.044141,nan,-0.304943,0,-0.313425,-0.679516,nan,-0.787394,-0.780692,1.55469,0.596615,-1.64492,-0.0436923,0.492308,nan
1300,-11.7405,912.5,-0.0098652,0.291667,0.0416667,0.131794,1.02622,0.148319,-0.0084854,1.02968,5.92593e-05,0.0134267,0.264553,16987.2,0.477957,0.245409,-0.3,0.15,247.616,1.59744e+07,0.531546,0.0520882,0.627864,0.0110905,-0.513678,0.9125,-0.164975,nan,nan,nan,nan,-0.0220937,-0.0885228,-0.0355143,nan,-0.279535,0,-0.285692,-0.617807,nan,-0.727597,-0.7035,1.42118,0.4995,-1.521,-0.036,0.415625,-0.5
1301,-10.6483,885.625,-0.0139084,0.25,0.0833333,0.131401,1.0548,0.156747,-0.00670147,1.02533,5.92593e-05,0.00862898,0.264482,17153,0.474893,0.241483,-0.4,0.15,250.02,1.59867e+07,0.460221,0.0490325,0.617689,0.0102589,-0.495138,0.885625,-0.17325,nan,nan,nan,nan,-0.02151,-0.0802227,-0.0359164,nan,-0.268162,0,-0.282392,-0.591029,nan,-0.687305,-0.667125,1.39512,0.517,-1.4405,-0.03575,0.435937,-0.5
1302,-9.86075,913.091,-0.0128506,0.416667,0.0416667,0.131223,1.06482,0.140249,-0.0070835,1.02238,5.92593e-05,0.0117225,0.264443,16230.6,0.506684,0.250405,-0.4,0.15,250.778,1.5999e+07,0.487553,0.0422574,0.621879,0.0113529,-0.522205,0.913091,-0.179145,nan,nan,nan,nan,-0.0237233,-0.0996092,-0.0391314,nan,-0.278954,0,-0.290785,-0.623448,nan,-0.719574,-0.671182,1.41418,0.553091,-1.50473,-0.0350909,0.496591,-0.5
1303,-11.1697,867.25,-0.0152488,0.375,0.125,0.133149,1.05747,0.185727,-0.0080123,1.02002,5.92593e-05,0.00501236,0.264386,16978.3,0.481046,0.242701,-0.4,0.15,251.506,1.60113e+07,0.424128,0.0451486,0.592794,0.0115799,-0.498422,0.86725,-0.192817,nan,nan,nan,nan,-0.0258179,-0.109403,-0.0414514,nan,-0.264194,0,-0.271775,-0.597231,nan,-0.683737,-0.6515,1.34992,0.604333,-1.43767,-0.039,0.484375,-0.5
1304,-11.6216,894.308,-0.0129671,0.458333,0.0833333,0.131723,1.05012,0.142539,-0.00797649,1.01611,5.92593e-05,0.0107325,0.264286,16896.9,0.483856,0.243376,-0.4,0.15,252.234,1.60236e+07,0.429057,0.0488434,0.606556,0.0120824,-0.516737,0.894308,-0.195723,nan,nan,nan,nan,-0.0253611,-0.105338,-0.0418485,nan,-0.272883,-7.69231e-05,-0.283585,-0.616548,nan,-0.704808,-0.693923,1.40368,0.603385,-1.46831,-0.0423077,0.465385,-0.5
1305,-11.4224,857.385,-0.0153794,0.416667,0.125,0.127778,1.05757,0.156605,-0.0085413,1.01027,5.92593e-05,0.0127776,0.264142,17083.9,0.477552,0.241723,-0.4,0.15,252.955,1.60358e+07,0.412303,0.0485371,0.588172,0.0119662,-0.498524,0.857385,-0.191123,nan,nan,nan,nan,-0.0248665,-0.105155,-0.041463,nan,-0.260028,-0.000153846,-0.27096,-0.580109,nan,-0.670318,-0.646615,1.34014,0.579077,-1.40369,-0.0387692,0.438462,-0.5
1306,-11.9859,933.8,-0.0134838,0.375,0.0416667,0.130142,1.06292,0.140284,-0.00754046,1.00367,5.92593e-05,0.00836638,0.264011,17118.7,0.476035,0.241775,-0.4,0.15,253.674,1.60481e+07,0.462173,0.046051,0.635004,0.0119614,-0.546448,0.9338,-0.17928,nan,nan,nan,nan,-0.0244947,-0.104485,-0.0394477,nan,-0.282707,0,-0.298527,-0.614741,nan,-0.72842,-0.7248,1.45837,0.5672,-1.5336,-0.0394,0.4525,-0.5
1307,-9.47526,960.8,-0.0125603,0.375,0.0416667,0.129414,1.04117,0.0964418,-0.00822461,0.996959,5.92593e-05,0.0113343,0.263841,17013.1,0.477196,0.245072,-0.4,0.15,254.398,1.60604e+07,0.513938,0.0488281,0.664075,0.0129014,-0.562839,0.9608,-0.2223,nan,nan,nan,nan,-0.0285841,-0.121898,-0.0468864,nan,-0.291879,0,-0.307976,-0.643565,nan,-0.750529,-0.7305,1.5,0.672,-1.5728,-0.0528,0.53625,-0.5
1308,-10.5737,1000,-0.0124213,0.541667,0,0.128764,1.03727,0.100141,-0.00831118,0.988144,5.92593e-05,0.0102643,0.26364,17147.5,0.471654,0.244953,-0.4,0.15,255.115,1.60727e+07,0.642448,0.0554719,0.698957,0.0109834,-0.589412,1,-0.175862,nan,nan,nan,nan,-0.0209597,-0.0879293,-0.0364575,nan,-0.303397,-0.000153846,-0.317856,-0.677722,nan,-0.777196,-0.741462,1.55559,0.527077,-1.608,-0.0356923,0.352885,nan
1309,-12.362,1000,-0.0121103,0.458333,0,0.131232,1.03283,0.0999308,-0.00770606,0.978743,8.88889e-05,0.00209075,0.263454,16720.7,0.488491,0.246408,-0.4,0.15,255.852,1.6085e+07,0.450728,0.0597241,0.69748,0.011493,-0.591037,1,-0.195636,nan,nan,nan,nan,-0.0245206,-0.107819,-0.0407049,nan,-0.303955,0,-0.317777,-0.666611,nan,-0.778057,-0.758727,1.56091,0.592364,-1.60473,-0.0387273,0.4375,nan
1310,-10.6984,943.214,-0.0104965,0.541667,0.0416667,0.127915,1.05128,0.118453,-0.00871678,0.969129,8.88889e-05,0.0103723,0.263232,16889.3,0.484685,0.242876,-0.4,0.15,256.58,1.60973e+07,0.564551,0.0478093,0.651161,0.0113294,-0.56147,0.943214,-0.170914,nan,nan,nan,nan,-0.0241428,-0.108045,-0.037089,nan,-0.285882,-7.14286e-05,-0.29886,-0.643906,nan,-0.736274,-0.716357,1.46603,0.535429,-1.52943,-0.0384286,0.432143,-0.5
1311,-9.98892,975.188,-0.0123782,0.625,0.0416667,0.128853,1.08191,0.150085,-0.00954506,0.958752,8.88889e-05,0.0102914,0.263016,13002.3,0.568567,0.376493,-0.4,0.15,257.527,1.61096e+07,0.486164,0.0475955,0.681247,0.0127041,-0.586823,0.975187,-0.212575,nan,nan,nan,nan,-0.0271331,-0.110267,-0.0451883,nan,-0.296711,0,-0.307686,-0.654894,nan,-0.76739,-0.722813,1.53851,0.6585,-1.59075,-0.045875,0.5,-0.5
1312,-13.7379,955.667,-0.0133499,0.458333,0.0416667,0.131216,1.05084,0.0857572,-0.00896228,0.948736,8.88889e-05,0.0104539,0.262807,12894.5,0.611829,0.341132,-0.4,0.15,258.482,1.61219e+07,0.482028,0.0473883,0.665171,0.0109525,-0.580877,0.955667,-0.193933,nan,nan,nan,nan,-0.0231586,-0.0978416,-0.0392247,nan,-0.288795,0,-0.311139,-0.631455,nan,-0.735572,-0.7225,1.4841,0.567,-1.57267,-0.0426667,0.382292,-0.5
1313,-11.3306,1000,-0.0102012,0.25,0,0.130934,1.01976,0.105368,-0.0073052,0.938183,8.88889e-05,0.00798369,0.262558,12974.9,0.573048,0.374015,-0.4,0.15,259.431,1.61341e+07,0.461196,0.0509779,0.704983,0.0115613,-0.606877,1,-0.2107,nan,nan,nan,nan,-0.0258174,-0.106809,-0.0438939,nan,-0.303539,0,-0.318165,-0.678188,nan,-0.784221,-0.771,1.58796,0.630667,-1.62867,-0.0443333,0.508333,nan
1314,-11.188,1000,-0.0104493,0.541667,0,0.129042,1.04629,0.10661,-0.00862611,0.926246,8.88889e-05,0.0123222,0.262309,13102.9,0.575076,0.362733,-0.4,0.15,260.37,1.61464e+07,0.470685,0.0541057,0.697362,0.0130111,-0.608393,1,-0.208969,nan,nan,nan,nan,-0.0271584,-0.115073,-0.0440902,nan,-0.301612,0,-0.322984,-0.673669,nan,-0.775277,-0.731308,1.56532,0.649231,-1.62492,-0.042,0.466346,nan
1315,-10.6912,833.2,-0.0106019,0.166667,0.0416667,0.127851,1.02682,0.131972,-0.00933799,0.914483,8.88889e-05,0.0157078,0.262054,12747.7,0.605345,0.358591,-0.4,0.15,261.336,1.61587e+07,0.373517,0.0383541,0.593661,0.0110845,-0.509915,0.8332,-0.17072,nan,nan,nan,nan,-0.0224199,-0.0964494,-0.0367692,nan,-0.24959,-0.0002,-0.269766,-0.538466,nan,-0.632252,-0.5838,1.31777,0.4952,-1.352,-0.04,0.405,-0.5
1316,-12.225,919.273,-0.00955538,0.416667,0.0416667,0.130706,1.04017,0.0956059,-0.00774913,0.90262,8.88889e-05,0.0148083,0.261805,14012.8,0.551347,0.325566,-0.4,0.15,262.214,1.6171e+07,0.441685,0.0511412,0.648176,0.0112165,-0.570975,0.919273,-0.193291,nan,nan,nan,nan,-0.0252398,-0.110003,-0.0402544,nan,-0.279007,0,-0.293581,-0.625266,nan,-0.721004,-0.684545,1.42524,0.576364,-1.49927,-0.0396364,0.443182,-0.5
1317,-10.3887,1000,-0.00867418,0.416667,0,0.129006,1.04601,0.0951457,-0.00856588,0.890335,8.88889e-05,0.00823701,0.261555,14263.7,0.541963,0.319527,-0.4,0.15,263.077,1.61833e+07,0.563891,0.0541695,0.702932,0.0117418,-0.629515,1,-0.20072,nan,nan,nan,nan,-0.0237739,-0.101835,-0.0412157,nan,-0.301983,0,-0.318491,-0.674195,nan,-0.777929,-0.7593,1.60159,0.6092,-1.608,-0.041,0.415,nan
1318,-10.7445,1000,-0.00784123,0.708333,0,0.130089,1.02591,0.102736,-0.00728905,0.878925,8.88889e-05,0.00918378,0.261328,13681,0.530175,0.368003,-0.4,0.15,263.977,1.61956e+07,0.552747,0.0529427,0.707565,0.012053,-0.627344,1,-0.201671,nan,nan,nan,nan,-0.0254235,-0.110073,-0.042346,nan,-0.301897,-0.000235294,-0.318616,-0.672138,nan,-0.778232,-0.742412,1.57609,0.616,-1.64376,-0.0434118,0.452941,nan
1319,-10.8431,960.25,-0.0107708,0.291667,0.0416667,0.132852,1.02974,0.0936199,-0.00847886,0.868885,8.88889e-05,0.0079584,0.261142,13646.2,0.564717,0.335754,-0.4,0.15,264.879,1.62079e+07,0.464698,0.0565684,0.68501,0.0119897,-0.614819,0.96025,-0.21885,nan,nan,nan,nan,-0.0275753,-0.119603,-0.0465519,nan,-0.292101,0,-0.306518,-0.640072,nan,-0.746364,-0.701625,1.50885,0.6645,-1.5295,-0.04575,0.457813,-0.5
1320,-10.9764,1000,-0.0118381,0.25,0,0.134605,1.04222,0.111507,-0.0087268,0.86046,5.92593e-05,0.0203368,0.260945,14343.5,0.538118,0.318576,-0.4,0.15,265.737,1.62202e+07,0.61076,0.0534203,0.708307,0.0097527,-0.637967,1,-0.184267,nan,nan,nan,nan,-0.0226551,-0.0946053,-0.0382534,nan,-0.302006,0,-0.320967,-0.672559,nan,-0.765395,-0.7585,1.57261,0.541333,-1.64133,-0.044,0.4375,nan
1321,-12.4703,905.333,-0.0104318,0.333333,0.0416667,0.133476,1.01371,0.137498,-0.00746423,0.852665,5.92593e-05,0.00936771,0.260823,14533.7,0.543792,0.301689,-0.4,0.15,266.584,1.62324e+07,0.448427,0.0427664,0.645837,0.00975487,-0.572983,0.905333,-0.179467,nan,nan,nan,nan,-0.0223373,-0.094133,-0.0377468,nan,-0.272528,-0.000111111,-0.291329,-0.608019,nan,-0.699759,-0.688333,1.43428,0.536,-1.46489,-0.0351111,0.376389,-0.5
1322,-11.9933,1000,-0.00695795,0.291667,0,0.128085,1.02453,0.10358,-0.00763795,0.847011,5.92593e-05,0.00872515,0.260708,16594.1,0.499418,0.241084,-0.4,0.15,267.326,1.62447e+07,0.47003,0.0523635,0.705069,0.0126919,-0.64316,1,-0.231486,nan,nan,nan,nan,-0.0277246,-0.121141,-0.0456727,nan,-0.301179,0,-0.325743,-0.668241,nan,-0.765486,-0.755571,1.56773,0.682286,-1.62229,-0.05,0.467857,nan
1323,-7.52423,1000,-0.01012,0.416667,0,0.130832,1.02133,0.102859,-0.00902832,0.841316,5.92593e-05,0.00913729,0.260598,17517.7,0.46524,0.236224,-0.4,0.15,268.029,1.6257e+07,0.630608,0.052794,0.713412,0.011756,-0.644332,1,-0.21702,nan,nan,nan,nan,-0.0264501,-0.113269,-0.0448683,nan,-0.30243,0,-0.324372,-0.672585,nan,-0.769652,-0.7257,1.5734,0.6672,-1.586,-0.0412,0.4425,nan
1324,-10.9771,963.154,-0.00884268,0.5,0.0416667,0.12826,1.01743,0.133059,-0.00702998,0.835469,5.92593e-05,0.00976405,0.260449,13216.5,0.570184,0.359563,-0.4,0.15,268.96,1.62693e+07,0.53619,0.050754,0.688048,0.011533,-0.624324,0.963154,-0.199215,nan,nan,nan,nan,-0.0243562,-0.104372,-0.0416565,nan,-0.290353,0,-0.312135,-0.630089,nan,-0.737415,-0.687,1.51196,0.599692,-1.55446,-0.0423077,0.375962,-0.5
1325,-12.1101,920.083,-0.00980745,0.458333,0.0416667,0.126546,1.03454,0.10895,-0.00766306,0.827376,5.92593e-05,0.0104885,0.26028,13915.2,0.558347,0.324716,-0.4,0.15,269.844,1.62816e+07,0.444103,0.0494751,0.648927,0.011791,-0.601715,0.920083,-0.190917,nan,nan,nan,nan,-0.0259249,-0.112919,-0.0413277,nan,-0.27768,0,-0.296857,-0.612005,nan,-0.716182,-0.7065,1.43722,0.597333,-1.50133,-0.0415,0.452083,-0.5
1326,-11.9796,1000,-0.00906612,0.291667,0,0.127123,1.04136,0.100633,-0.00795219,0.819209,5.92593e-05,0.00998416,0.260096,14012.6,0.546904,0.330018,-0.4,0.15,270.722,1.62939e+07,0.447404,0.051194,0.704941,0.0129248,-0.654678,1,-0.213543,nan,nan,nan,nan,-0.0276919,-0.118413,-0.0479237,nan,-0.302015,0,-0.320064,-0.672062,nan,-0.769862,-0.756,1.57766,0.669714,-1.62114,-0.0451429,0.485714,nan
1327,-12.909,940.571,-0.0119772,0.541667,0.0416667,0.12937,1.03379,0.116377,-0.00891376,0.810886,5.92593e-05,0.0111855,0.259957,15220.9,0.512216,0.295093,-0.4,0.15,271.531,1.63062e+07,0.490211,0.0509178,0.668568,0.00948643,-0.61736,0.940571,-0.171314,nan,nan,nan,nan,-0.0230808,-0.101428,-0.0360876,nan,-0.283157,0,-0.30575,-0.626138,nan,-0.721775,-0.7185,1.47349,0.524,-1.512,-0.037,0.386607,-0.5
1328,-10.9108,951.375,-0.00905064,0.625,0.0416667,0.12868,1.02784,0.131807,-0.0083146,0.804695,5.92593e-05,0.0127718,0.259822,16953.1,0.471816,0.253008,-0.4,0.15,272.258,1.63185e+07,0.461529,0.0498275,0.680341,0.0114689,-0.629586,0.951375,-0.206737,nan,nan,nan,nan,-0.0260374,-0.112083,-0.0426749,nan,-0.28674,0,-0.30597,-0.627984,nan,-0.73501,-0.709875,1.47987,0.627,-1.54,-0.0405,0.4875,-0.5
1329,-9.62658,1000,-0.00797377,0.375,0,0.131118,1.04883,0.107344,-0.00871318,0.79706,5.92593e-05,0.0108115,0.259621,17298.4,0.476339,0.234017,-0.4,0.15,272.969,1.63308e+07,0.485241,0.0509978,0.717768,0.0122694,-0.660678,1,-0.218178,nan,nan,nan,nan,-0.0277304,-0.12387,-0.046475,nan,-0.300191,0,-0.326682,-0.677302,nan,-0.767621,-0.725,1.55757,0.692444,-1.58978,-0.0424444,0.508333,nan
1330,-9.51843,961.692,-0.00897708,0.5,0.0416667,0.126341,1.04286,0.127781,-0.00799085,0.788008,5.92593e-05,0.0138843,0.259479,15494.1,0.478602,0.314475,-0.4,0.15,273.764,1.6343e+07,0.557854,0.0489493,0.684515,0.0112026,-0.640334,0.961692,-0.194892,nan,nan,nan,nan,-0.0256729,-0.109233,-0.0429573,nan,-0.289341,0,-0.312369,-0.640187,nan,-0.737839,-0.719308,1.51035,0.626154,-1.55354,-0.0407692,0.468269,-0.5
1331,-8.66035,1000,-0.00696841,0.416667,0,0.128723,1.03788,0.133023,-0.00970807,0.782016,5.92593e-05,0.010303,0.259347,13106.8,0.58982,0.347712,-0.4,0.15,274.703,1.63553e+07,0.625981,0.0608511,0.722165,0.0115537,-0.66636,1,-0.2041,nan,nan,nan,nan,-0.0263402,-0.112734,-0.0436561,nan,-0.300839,0,-0.321893,-0.66865,nan,-0.769326,-0.7161,1.57283,0.65,-1.6328,-0.0386,0.425,nan
1332,-11.5442,823.636,-0.0117417,0.333333,0.125,0.129194,1.02748,0.151154,-0.00840965,0.775531,5.92593e-05,0.00997644,0.259217,14220.8,0.546174,0.317914,-0.4,0.15,275.569,1.63676e+07,0.487492,0.0433311,0.583953,0.00954623,-0.557182,0.823636,-0.163109,nan,nan,nan,nan,-0.0224962,-0.0962238,-0.0339745,nan,-0.24792,0,-0.267371,-0.55584,nan,-0.631971,-0.633818,1.28774,0.505455,-1.30945,-0.0285455,0.365909,-0.5
1333,-11.5063,980.4,-0.00967783,0.375,0.0416667,0.131638,1.03767,0.103488,-0.00719684,0.768896,5.92593e-05,0.0118079,0.259068,13952.5,0.58474,0.295965,-0.4,0.15,276.451,1.63799e+07,0.456966,0.0493919,0.705101,0.0115848,-0.66675,0.9804,-0.21302,nan,nan,nan,nan,-0.0255145,-0.10588,-0.043297,nan,-0.293261,0,-0.317427,-0.661117,nan,-0.74502,-0.7161,1.54403,0.644,-1.5872,-0.0422,0.5,-0.5
1334,-9.51186,994.179,-0.00949931,3.45833,0.0416667,0.128508,1.0083,0.142515,-0.00776357,0.761404,5.92593e-05,0.0104514,0.258916,16347.2,0.515747,0.235942,-0.4,0.15,277.204,1.63922e+07,0.49422,0.0546193,0.710838,0.0122206,-0.67595,0.994179,-0.21271,nan,nan,nan,nan,-0.0274203,-0.119628,-0.0451073,nan,-0.297941,-5.95238e-05,-0.322896,-0.656602,nan,-0.758223,-0.741179,1.5626,0.675857,-1.59329,-0.0420714,0.518899,-0.5
1335,-9.29342,962.3,-0.00752568,0.375,0.0416667,0.125088,1.02831,0.125158,-0.00852981,0.755021,5.92593e-05,0.0132273,0.25881,17651.7,0.461644,0.234491,-0.4,0.15,277.901,1.64045e+07,0.627859,0.0520337,0.687603,0.00912816,-0.659391,0.9623,-0.1691,nan,nan,nan,nan,-0.0223208,-0.0973593,-0.0352565,nan,-0.2901,0,-0.314632,-0.63347,nan,-0.733178,-0.714,1.52186,0.536,-1.5456,-0.0308,0.43375,-0.5
1336,-6.75057,1000,-0.00858715,0.375,0,0.126314,1.04028,0.122226,-0.00905366,0.749564,5.92593e-05,0.0146273,0.258681,14293.4,0.503412,0.356284,-0.4,0.15,278.762,1.64168e+07,0.601578,0.0547146,0.71638,0.0118945,-0.687705,1,-0.222244,nan,nan,nan,nan,-0.0284024,-0.125369,-0.0465791,nan,-0.299841,0,-0.326389,-0.674685,nan,-0.758952,-0.728,1.58557,0.688,-1.60267,-0.0462222,0.551389,nan
1337,-10.8683,971.867,-0.00851093,0.583333,0.0416667,0.12931,1.02924,0.114301,-0.00787058,0.74321,5.92593e-05,0.01305,0.25855,12780.9,0.600714,0.360722,-0.4,0.15,279.725,1.64291e+07,0.505525,0.0543929,0.690916,0.0105394,-0.676127,0.971867,-0.19432,nan,nan,nan,nan,-0.0251955,-0.107867,-0.0411403,nan,-0.290571,0,-0.318853,-0.63463,nan,-0.735427,-0.7308,1.52521,0.608533,-1.54613,-0.0393333,0.463333,-0.5
1338,-9.41189,1000,-0.00898153,0.541667,0,0.131793,1.03336,0.0958099,-0.0085903,0.73664,5.92593e-05,0.00799906,0.258422,13902.9,0.558877,0.324966,-0.4,0.15,280.61,1.64413e+07,0.534384,0.0445226,0.715682,0.0110355,-0.687294,1,-0.218,nan,nan,nan,nan,-0.028221,-0.127245,-0.0455191,nan,-0.299364,0,-0.326349,-0.648115,nan,-0.75465,-0.746769,1.55746,0.673846,-1.60092,-0.0404615,0.515385,nan
1339,-5.99707,1000,-0.00649034,0.5,0,0.128625,1.02917,0.0926276,-0.00791573,0.730542,5.92593e-05,0.00914944,0.258291,15635.6,0.533392,0.252508,-0.4,0.15,281.398,1.64536e+07,0.563529,0.0592483,0.716725,0.0111386,-0.690934,1,-0.216783,nan,nan,nan,nan,-0.028066,-0.122201,-0.0461796,nan,-0.298574,0,-0.326879,-0.628302,nan,-0.752272,-0.731,1.58353,0.691333,-1.60267,-0.044,0.5625,nan
1340,-12.602,934.8,-0.00842054,0.541667,0.0833333,0.128416,1.00785,0.147848,-0.00811478,0.723812,5.92593e-05,0.0122447,0.258153,16649,0.496517,0.241546,-0.4,0.15,282.137,1.64659e+07,0.425414,0.0549543,0.667897,0.0100426,-0.652055,0.9348,-0.184307,nan,nan,nan,nan,-0.0244038,-0.105581,-0.0392242,nan,-0.279565,0,-0.305114,-0.617124,nan,-0.706246,-0.6904,1.45714,0.585867,-1.4976,-0.0362667,0.438333,-0.5
1341,-8.70549,1000,-0.00793824,0.375,0,0.128041,1.0513,0.089419,-0.00801656,0.717102,5.92593e-05,0.00947697,0.258022,16363,0.494979,0.255983,-0.4,0.15,282.889,1.64782e+07,0.559586,0.0504003,0.727207,0.0113035,-0.700645,1,-0.200089,nan,nan,nan,nan,-0.0249501,-0.106674,-0.042342,nan,-0.297418,0,-0.328669,-0.640187,nan,-0.762547,-0.743,1.56253,0.623556,-1.61111,-0.04,0.527778,nan
1342,-6.63231,1000,-0.00654318,0.208333,0,0.127438,1.03919,0.101511,-0.00799605,0.710076,5.92593e-05,0.0111279,0.257857,16937,0.478642,0.246869,-0.4,0.15,283.616,1.64905e+07,0.715846,0.052679,0.711277,0.00896504,-0.70588,1,-0.16148,nan,nan,nan,nan,-0.0222515,-0.0967659,-0.0355574,nan,-0.298131,0,-0.328147,-0.632509,nan,-0.75706,-0.7248,1.6046,0.516,-1.5968,-0.0316,0.45,nan
1343,-7.8683,1000,-0.00632333,0.375,0,0.125158,1.03265,0.128646,-0.00797677,0.702197,5.92593e-05,0.00675032,0.257711,14206.7,0.502598,0.362346,-0.4,0.15,284.482,1.65028e+07,0.575157,0.0573196,0.713899,0.0111783,-0.710999,1,-0.208467,nan,nan,nan,nan,-0.0273906,-0.119838,-0.0452005,nan,-0.299557,0,-0.323891,-0.664488,nan,-0.760751,-0.751667,1.57122,0.671556,-1.62356,-0.0371111,0.579167,nan
1344,-8.79495,918.7,-0.00770215,0.333333,0.0833333,0.12895,1.06166,0.154685,-0.00918712,0.696089,5.92593e-05,0.00910862,0.257595,12859.9,0.611909,0.343623,-0.4,0.15,285.44,1.65151e+07,0.529531,0.0530568,0.65534,0.00914247,-0.642473,0.9187,-0.18892,nan,nan,nan,nan,-0.0247242,-0.107654,-0.0393185,nan,-0.274741,0,-0.300576,-0.605673,nan,-0.699657,-0.6732,1.44137,0.574,-1.4764,-0.0388,0.55125,-0.5
1345,-9.12271,1000,-0.00871425,0.583333,0,0.131729,1.04487,0.103522,-0.00789005,0.690529,5.92593e-05,0.00825997,0.257472,13816.7,0.554666,0.334693,-0.4,0.15,286.331,1.65274e+07,0.568124,0.0573722,0.721884,0.010484,-0.702614,1,-0.211286,nan,nan,nan,nan,-0.0267642,-0.120062,-0.0434753,nan,-0.297665,0,-0.32634,-0.635773,nan,-0.754569,-0.749143,1.58684,0.626857,-1.59514,-0.0434286,0.478571,nan
1346,-5.71405,1000,-0.00648252,0.375,0,0.129126,1.04574,0.0983822,-0.0070272,0.684621,5.92593e-05,0.00669389,0.257358,15586.9,0.540148,0.248205,-0.4,0.15,287.121,1.65396e+07,0.553575,0.0642641,0.716364,0.0105894,-0.705108,1,-0.213378,nan,nan,nan,nan,-0.026411,-0.118256,-0.043758,nan,-0.297654,0,-0.329852,-0.650713,nan,-0.747529,-0.715333,1.59727,0.682222,-1.57867,-0.0388889,0.555556,nan
1347,-10.3179,1000,-0.00738897,0.458333,0,0.130934,1.0134,0.134177,-0.00790306,0.678807,5.92593e-05,0.00585875,0.257234,16786.5,0.497171,0.234846,-0.4,0.15,287.854,1.65519e+07,0.499036,0.0564236,0.715342,0.0101492,-0.697646,1,-0.182527,nan,nan,nan,nan,-0.0240053,-0.105935,-0.0388825,nan,-0.296968,0,-0.328916,-0.64732,nan,-0.748176,-0.732545,1.56394,0.594545,-1.59018,-0.0338182,0.471591,nan
1348,-8.86155,972.643,-0.0065425,0.5,0.0833333,0.130282,1.03195,0.124814,-0.00682531,0.672861,5.92593e-05,0.0115696,0.257109,17464.9,0.468103,0.235481,-0.4,0.15,288.559,1.65642e+07,0.586824,0.0552683,0.692268,0.00899502,-0.67859,0.972643,-0.179529,nan,nan,nan,nan,-0.0251877,-0.10828,-0.0385829,nan,-0.289421,0,-0.31906,-0.629437,nan,-0.730563,-0.717429,1.54543,0.573429,-1.56114,-0.0328571,0.503571,-0.5
1349,-10.8915,1000,-0.0067501,0.291667,0,0.131402,1.01502,0.111386,-0.0077046,0.665123,5.92593e-05,0.0106224,0.256908,13525.3,0.550495,0.358023,-0.4,0.15,289.469,1.65765e+07,0.549651,0.0597161,0.706787,0.00911472,-0.700612,1,-0.179971,nan,nan,nan,nan,-0.0222178,-0.0960533,-0.0370386,nan,-0.298379,0,-0.330106,-0.650807,nan,-0.747129,-0.72,1.60454,0.550286,-1.59714,-0.0362857,0.391071,nan
1350,-6.37752,1000,-0.00619791,0.583333,0,0.130246,1.02822,0.104379,-0.00824956,0.655971,5.92593e-05,0.00870944,0.256734,12886.4,0.555886,0.397677,-0.4,0.15,290.425,1.65888e+07,0.580007,0.0576864,0.706464,0.0107963,-0.692356,1,-0.214529,nan,nan,nan,nan,-0.0285877,-0.132185,-0.045425,nan,-0.296616,0,-0.332108,-0.654274,nan,-0.742335,-0.722786,1.56866,0.688,-1.582,-0.0408571,0.553571,nan
1351,-8.86271,1000,-0.00703458,0.416667,0,0.130857,1.02737,0.096817,-0.00908058,0.648086,5.92593e-05,0.0152326,0.256576,13869,0.554732,0.331274,-0.4,0.15,291.312,1.66011e+07,0.489358,0.056747,0.715205,0.0106683,-0.692435,1,-0.20704,nan,nan,nan,nan,-0.0277042,-0.119001,-0.0440858,nan,-0.298013,0,-0.326613,-0.633306,nan,-0.749162,-0.7116,1.55985,0.6488,-1.6048,-0.04,0.53,nan
1352,-10.3455,1000,-0.00472882,0.458333,0,0.129498,1.03432,0.0967974,-0.00792046,0.641098,5.92593e-05,0.0138182,0.256446,15444,0.521951,0.273696,-0.4,0.15,292.109,1.66134e+07,0.491304,0.051445,0.706976,0.0112849,-0.694285,1,-0.202764,nan,nan,nan,nan,-0.0267828,-0.119591,-0.0427184,nan,-0.29792,0,-0.329838,-0.652087,nan,-0.751043,-0.752727,1.57097,0.655273,-1.55673,-0.0405455,0.4625,nan
1353,-7.94191,942.105,-0.00885533,0.708333,0.0833333,0.130326,1.03718,0.162427,-0.00665866,0.635347,5.92593e-05,0.010858,0.256343,17446.2,0.469298,0.235037,-0.4,0.15,292.815,1.66257e+07,0.539599,0.0498464,0.672572,0.00955257,-0.650092,0.942105,-0.172779,nan,nan,nan,nan,-0.0232046,-0.102888,-0.036311,nan,-0.279471,0,-0.311221,-0.603863,nan,-0.700462,-0.680842,1.48468,0.556,-1.49411,-0.0304211,0.486842,-0.5
1354,-7.40338,1000,-0.00660902,0.375,0,0.128695,1.02314,0.128288,-0.00789379,0.630093,5.92593e-05,0.0116154,0.256232,14514.6,0.49364,0.352954,-0.4,0.15,293.663,1.6638e+07,0.569513,0.0626046,0.713193,0.00990343,-0.692879,1,-0.190933,nan,nan,nan,nan,-0.0250371,-0.111448,-0.0402798,nan,-0.297483,0,-0.330265,-0.644607,nan,-0.747912,-0.747333,1.58891,0.595556,-1.56267,-0.0328889,0.513889,nan
1355,-7.97495,1000,-0.00502806,0.416667,0,0.129165,1.02213,0.164235,-0.0075138,0.625006,5.92593e-05,0.00821742,0.256147,13696.8,0.56455,0.332592,-0.4,0.15,294.562,1.66502e+07,0.462049,0.058091,0.707503,0.0116896,-0.694402,1,-0.21238,nan,nan,nan,nan,-0.0306783,-0.137557,-0.0479008,nan,-0.29684,0,-0.326504,-0.644132,nan,-0.756805,-0.747,1.59137,0.6948,-1.6,-0.0438,0.61375,nan
1356,-12.9345,798.75,-0.010097,0.291667,0.208333,0.131307,1.01628,0.240703,-0.00868684,0.620946,5.92593e-05,0.0138737,0.256073,13719.8,0.556956,0.338685,-0.4,0.15,295.458,1.66625e+07,0.397379,0.0387088,0.557568,0.00878296,-0.55681,0.79875,-0.162717,nan,nan,nan,nan,-0.0235947,-0.0989556,-0.0355569,nan,-0.237132,-0.000166667,-0.264073,-0.52808,nan,-0.599011,-0.608,1.24322,0.531333,-1.26967,-0.0335,0.403125,-0.5
1357,-10.5399,736.727,-0.00996434,0.291667,0.166667,0.130487,0.99867,0.145166,-0.00817652,0.616774,5.92593e-05,0.00870821,0.255966,14226.7,0.589617,0.274112,-0.4,0.15,296.324,1.66748e+07,0.380544,0.0438442,0.512356,0.00883666,-0.50846,0.736727,-0.144418,nan,nan,nan,nan,-0.0227886,-0.0944194,-0.0324291,nan,-0.219624,0,-0.241185,-0.481858,nan,-0.554091,-0.569455,1.15988,0.485455,-1.20218,-0.0269091,0.425,-0.5
1358,-10.403,1000,-0.00642266,0.333333,0,0.126827,1.02809,0.196365,-0.00794965,0.610979,5.92593e-05,0.00518444,0.255844,16531.3,0.501022,0.242294,-0.4,0.15,297.068,1.66871e+07,0.599559,0.0644443,0.707548,0.0083015,-0.699544,1,-0.166125,nan,nan,nan,nan,-0.0229784,-0.102283,-0.0356619,nan,-0.297044,0,-0.327234,-0.638862,nan,-0.750346,-0.74775,1.57958,0.531,-1.6025,-0.03275,0.4125,nan
1359,-10.0183,920.867,-0.0061293,0.541667,0.0833333,0.126619,1.01769,0.130854,-0.00754324,0.605145,5.92593e-05,0.0136071,0.255708,17095.3,0.472074,0.246721,-0.4,0.15,297.788,1.66994e+07,0.41074,0.0476746,0.646858,0.0108565,-0.635854,0.920867,-0.20052,nan,nan,nan,nan,-0.026318,-0.115308,-0.0423228,nan,-0.273297,0,-0.304029,-0.600445,nan,-0.684031,-0.6804,1.46085,0.626933,-1.46213,-0.0385333,0.504167,-0.5
1360,-8.90526,1000,-0.00509539,0.666667,0,0.130111,1.0128,0.187275,-0.00758266,0.598921,5.92593e-05,0.00891561,0.255605,14223.1,0.504134,0.359812,-0.4,0.15,298.654,1.67117e+07,0.474665,0.0575084,0.698219,0.0108052,-0.690787,1,-0.1982,nan,nan,nan,nan,-0.0270222,-0.122321,-0.0415282,nan,-0.296743,0,-0.33048,-0.646144,nan,-0.743041,-0.7395,1.57806,0.6245,-1.58075,-0.04125,0.56875,nan
1361,-7.98919,680.857,-0.00621239,0.166667,0.125,0.123669,1.02384,0.24658,-0.00882572,0.594408,5.92593e-05,0.0109147,0.255523,13684.1,0.560603,0.337375,-0.4,0.15,299.553,1.6724e+07,0.292154,0.0390358,0.485648,0.0074302,-0.466251,0.680857,-0.140057,nan,nan,nan,nan,-0.0225486,-0.0901805,-0.0318838,nan,-0.201911,0,-0.223954,-0.439756,nan,-0.509987,-0.512143,1.08266,0.487429,-1.096,-0.0328571,0.507143,-0.5
1362,-8.96175,929.5,-0.00757747,0.208333,0.0416667,0.130526,1.046,0.185236,-0.00817808,0.589737,5.92593e-05,0.0172932,0.255413,13705.4,0.548209,0.348369,-0.4,0.15,300.451,1.67363e+07,0.592407,0.0555909,0.66028,0.00854348,-0.639553,0.9295,-0.148567,nan,nan,nan,nan,-0.0202281,-0.0854253,-0.032648,nan,-0.274099,0,-0.308954,-0.598001,nan,-0.688671,-0.6825,1.45449,0.512,-1.476,-0.0333333,0.410417,-0.5
1363,-5.61565,876,-0.00862283,0.458333,0.0833333,0.131275,1.03612,0.190731,-0.00837941,0.585274,5.92593e-05,0.00802127,0.255353,14017.9,0.550453,0.326141,-0.4,0.15,301.329,1.67485e+07,0.454143,0.0538648,0.615322,0.00920549,-0.592534,0.876,-0.178646,nan,nan,nan,nan,-0.0243367,-0.107389,-0.0376931,nan,-0.258192,-7.69231e-05,-0.290666,-0.550875,nan,-0.644994,-0.633692,1.40901,0.566769,-1.39754,-0.0330769,0.561538,-0.5
1364,-8.86124,1000,-0.00475997,0.208333,0,0.127167,1.00948,0.131255,-0.00865285,0.581746,5.92593e-05,0.00885702,0.255268,16070,0.511223,0.25343,-0.4,0.15,302.095,1.67608e+07,0.516454,0.060117,0.700757,0.0114447,-0.691779,1,-0.19296,nan,nan,nan,nan,-0.0260959,-0.123145,-0.0417084,nan,-0.296962,0,-0.327987,-0.648378,nan,-0.749405,-0.7374,1.58339,0.6544,-1.5976,-0.0312,0.495,nan
1365,-7.20385,964.6,-0.0060856,0.375,0.0416667,0.129124,1.00949,0.156124,-0.00775426,0.576927,5.92593e-05,0.01292,0.255167,17319.4,0.473355,0.236138,-0.4,0.15,302.807,1.67731e+07,0.528458,0.0516542,0.688818,0.00934222,-0.665627,0.9646,-0.18386,nan,nan,nan,nan,-0.0252159,-0.113486,-0.0395161,nan,-0.285476,0,-0.317956,-0.625091,nan,-0.71295,-0.6942,1.54406,0.5868,-1.4968,-0.035,0.51125,-0.5
1366,-6.92159,1000,-0.00369107,0.625,0,0.128031,1.04459,0.138164,-0.00814876,0.571233,5.92593e-05,0.00861563,0.255029,17377.5,0.470428,0.236694,-0.4,0.15,303.515,1.67854e+07,0.585232,0.0563402,0.706711,0.00981917,-0.685723,1,-0.184853,nan,nan,nan,nan,-0.0239022,-0.108002,-0.0386823,nan,-0.294571,0,-0.332612,-0.630881,nan,-0.736272,-0.7254,1.59075,0.5784,-1.5744,-0.0372,0.499167,nan
1367,-4.95918,1000,-0.00567204,0.375,0,0.128839,1.02131,0.110582,-0.00756263,0.563814,5.92593e-05,0.00825545,0.25487,16231.6,0.473434,0.28361,-0.4,0.15,304.273,1.67977e+07,0.564992,0.0498838,0.698702,0.0108287,-0.681704,1,-0.209489,nan,nan,nan,nan,-0.0283032,-0.131719,-0.0435701,nan,-0.295101,0,-0.331904,-0.643713,nan,-0.730423,-0.745333,1.57412,0.688889,-1.58133,-0.0433333,0.630556,nan
1368,-6.96272,1000,-0.00476255,0.416667,0,0.125833,1.044,0.157486,-0.00768884,0.55654,5.92593e-05,0.0101839,0.254757,13415,0.569938,0.346051,-0.4,0.15,305.191,1.681e+07,0.504904,0.0553416,0.698251,0.00968108,-0.684165,1,-0.20416,nan,nan,nan,nan,-0.0293388,-0.13328,-0.0450621,nan,-0.297049,0,-0.329731,-0.661294,nan,-0.743671,-0.735,1.57174,0.6756,-1.59,-0.0434,0.6325,nan
1369,-6.54943,963.133,-0.00598455,0.583333,0.0416667,0.127511,1.01912,0.103686,-0.00856921,0.550825,5.92593e-05,0.00694037,0.254628,13978.8,0.556201,0.322847,-0.4,0.15,306.071,1.68223e+07,0.585489,0.0581916,0.676176,0.00945365,-0.651756,0.963133,-0.1794,nan,nan,nan,nan,-0.0238302,-0.107252,-0.0384805,nan,-0.282441,0,-0.322155,-0.609161,nan,-0.700965,-0.704,1.51486,0.579733,-1.50853,-0.0332,0.48,-0.5
1370,-8.91662,1000,-0.00570131,0.541667,0,0.127202,1.01889,0.0865398,-0.00759587,0.543588,5.92593e-05,0.0114619,0.254479,12903.9,0.599457,0.352813,-0.4,0.15,307.025,1.68346e+07,0.484028,0.0544031,0.707828,0.0111129,-0.678827,1,-0.202277,nan,nan,nan,nan,-0.0265384,-0.120219,-0.0417662,nan,-0.293728,0,-0.333019,-0.646069,nan,-0.734038,-0.757846,1.58059,0.629231,-1.59077,-0.0398462,0.551923,nan
1371,-8.52677,1000,-0.00443909,0.333333,0,0.126396,1.02212,0.10226,-0.00784607,0.535548,5.92593e-05,0.0110772,0.254292,13984.3,0.57516,0.30354,-0.4,0.15,307.905,1.68468e+07,0.641118,0.0571971,0.706721,0.00862437,-0.675764,1,-0.15605,nan,nan,nan,nan,-0.0219929,-0.101364,-0.034999,nan,-0.294186,0,-0.335418,-0.632467,nan,-0.735645,-0.738,1.57676,0.504,-1.5885,-0.0345,0.428125,nan
1372,-6.36396,1000,-0.00406119,0.583333,0,0.124739,1.03164,0.10054,-0.00866336,0.526192,5.92593e-05,0.00918631,0.254125,12375.5,0.524637,0.46829,-0.4,0.15,308.9,1.68591e+07,0.55979,0.0624236,0.709543,0.0097269,-0.677602,1,-0.1887,nan,nan,nan,nan,-0.0262249,-0.121443,-0.0401674,nan,-0.295299,0,-0.333172,-0.641066,nan,-0.736596,-0.742286,1.56713,0.616571,-1.57829,-0.0348571,0.572321,nan
1373,-8.93846,987.455,-0.00584674,0.416667,0.0416667,0.129221,1.05042,0.113361,-0.0082292,0.518444,5.92593e-05,0.00997897,0.253973,12763.8,0.61504,0.347683,-0.4,0.15,309.864,1.68714e+07,0.358951,0.0580662,0.697929,0.0109843,-0.670263,0.987455,-0.211,nan,nan,nan,nan,-0.029814,-0.139918,-0.0469247,nan,-0.291646,0,-0.326487,-0.632928,nan,-0.726219,-0.723818,1.53439,0.711273,-1.55527,-0.046,0.639773,-0.5
1374,-5.1699,1000,-0.00447593,0.291667,0,0.131426,1.03298,0.101435,-0.00750221,0.511475,5.92593e-05,0.010979,0.253858,13524.1,0.550372,0.358227,-0.4,0.15,310.774,1.68837e+07,0.523224,0.0623486,0.706379,0.0102442,-0.672162,1,-0.200371,nan,nan,nan,nan,-0.0268944,-0.128331,-0.0428718,nan,-0.293299,0,-0.330817,-0.624637,nan,-0.732652,-0.72,1.59549,0.649143,-1.56457,-0.0437143,0.575,nan
1375,-4.49453,990.464,-0.00365537,3.45833,0.0416667,0.128046,1.01813,0.161693,-0.00793983,0.506266,5.92593e-05,0.0100379,0.253753,14439.4,0.585273,0.265732,-0.4,0.15,311.627,1.6896e+07,0.55996,0.0575625,0.699077,0.0099141,-0.671667,0.990464,-0.193048,nan,nan,nan,nan,-0.0271443,-0.125207,-0.0417172,nan,-0.291229,-1.19048e-05,-0.329132,-0.629731,nan,-0.723929,-0.724679,1.56415,0.641524,-1.55519,-0.035881,0.607143,-0.5
1376,-7.43405,1000,-0.0035533,0.291667,0,0.123908,1.00142,0.0989685,-0.00881058,0.500042,5.92593e-05,0.0146654,0.253595,16082.4,0.522839,0.241228,-0.4,0.15,312.392,1.69083e+07,0.44155,0.0539464,0.698308,0.0131889,-0.685541,1,-0.228486,nan,nan,nan,nan,-0.0332616,-0.151846,-0.050538,nan,-0.296868,0,-0.331386,-0.632464,nan,-0.743731,-0.777429,1.55364,0.773143,-1.57371,-0.0448571,0.644643,nan
1377,-4.50708,949.417,-0.00623804,0.458333,0.0416667,0.126519,1.02382,0.1264,-0.00801718,0.492334,5.92593e-05,0.00698153,0.253459,16338.5,0.510214,0.241877,-0.4,0.15,313.146,1.69206e+07,0.57484,0.0561923,0.668279,0.00883484,-0.641663,0.949417,-0.1636,nan,nan,nan,nan,-0.024564,-0.110827,-0.0368706,nan,-0.278959,0,-0.314126,-0.600435,nan,-0.689604,-0.71,1.49869,0.554,-1.482,-0.034,0.592708,-0.5
1378,-5.58594,928.154,-0.00544897,0.5,0.0416667,0.128124,1.02327,0.139474,-0.00780837,0.486428,5.92593e-05,0.00917611,0.253363,13413.1,0.557089,0.35903,-0.4,0.15,314.063,1.69329e+07,0.485497,0.0488247,0.650747,0.00897642,-0.62183,0.928154,-0.171723,nan,nan,nan,nan,-0.0252129,-0.116311,-0.0382105,nan,-0.271897,0,-0.307512,-0.589599,nan,-0.675279,-0.690692,1.47639,0.555692,-1.48615,-0.0295385,0.628846,-0.5
1379,-4.69473,952.875,-0.00712167,0.291667,0.0416667,0.126279,1.0318,0.14906,-0.00813994,0.481794,5.92593e-05,0.0116038,0.253274,13078.7,0.604886,0.334654,-0.4,0.15,315.004,1.69452e+07,0.55277,0.0583774,0.676279,0.0115396,-0.643801,0.952875,-0.1952,nan,nan,nan,nan,-0.0275911,-0.121594,-0.0426439,nan,-0.278707,0,-0.316296,-0.579182,nan,-0.694481,-0.7095,1.5086,0.644,-1.51,-0.03425,0.576562,-0.5
1380,-8.25492,1000,-0.00558057,0.583333,0,0.123029,1.00618,0.185864,-0.006861,0.477037,5.92593e-05,0.00784459,0.253181,13507.3,0.56901,0.340719,-0.4,0.15,315.915,1.69574e+07,0.454362,0.06064,0.704349,0.0109045,-0.674713,1,-0.185543,nan,nan,nan,nan,-0.0267231,-0.120149,-0.0409768,nan,-0.292645,0,-0.332521,-0.630767,nan,-0.727289,-0.760071,1.58179,0.612857,-1.59971,-0.0367143,0.590179,nan
1381,-8.41688,980.938,-0.00466552,0.625,0.0416667,0.124833,1.02773,0.125686,-0.00921114,0.472265,5.92593e-05,0.0117738,0.253069,14606.3,0.535417,0.305864,-0.4,0.15,316.758,1.69697e+07,0.401607,0.0557147,0.685638,0.0105154,-0.663178,0.980937,-0.197987,nan,nan,nan,nan,-0.0278747,-0.129179,-0.0415103,nan,-0.2883,0,-0.32652,-0.632201,nan,-0.716036,-0.7305,1.54622,0.6595,-1.559,-0.03775,0.620312,-0.5
1382,-2.89863,1000,-0.00350718,0.416667,0,0.126845,1.01675,0.113931,-0.00727616,0.465916,8.88889e-05,0.0043851,0.252933,15946.2,0.523362,0.24723,-0.4,0.15,317.53,1.6982e+07,0.593679,0.0571482,0.704597,0.00996594,-0.672771,1,-0.19246,nan,nan,nan,nan,-0.0259842,-0.11972,-0.0413269,nan,-0.292336,0,-0.332071,-0.632563,nan,-0.722815,-0.7233,1.61698,0.614,-1.5824,-0.0398,0.63625,nan
1383,-6.03135,1000,-0.00217539,0.291667,0,0.12499,0.997976,0.126511,-0.0085892,0.457846,8.88889e-05,0.0128094,0.252716,16755.8,0.484403,0.248957,-0.4,0.15,318.264,1.69943e+07,0.465035,0.0544509,0.707427,0.0115471,-0.673516,1,-0.211971,nan,nan,nan,nan,-0.0276348,-0.129717,-0.0447673,nan,-0.293479,0,-0.331192,-0.636051,nan,-0.726144,-0.735,1.57444,0.682286,-1.57314,-0.0391429,0.625,nan
1384,-7.63092,784.125,-0.00539343,0.25,0.0833333,0.126629,1.01739,0.122445,-0.00951382,0.448942,8.88889e-05,0.0115774,0.252586,16669.6,0.489416,0.247733,-0.4,0.15,319.003,1.70066e+07,0.404481,0.0433236,0.538645,0.00828467,-0.527965,0.784125,-0.153275,nan,nan,nan,nan,-0.0234731,-0.109407,-0.0343425,nan,-0.229885,0,-0.260695,-0.495919,nan,-0.573578,-0.601875,1.23401,0.5095,-1.2435,-0.03125,0.50625,-0.5
1385,-6.50831,1000,-0.00148392,0.375,0,0.125085,1.01709,0.1087,-0.00869202,0.442403,8.88889e-05,0.0164951,0.252419,15664,0.497971,0.286501,-0.4,0.15,319.789,1.70189e+07,0.513021,0.0617856,0.697416,0.00880726,-0.671003,1,-0.188022,nan,nan,nan,nan,-0.0268831,-0.129265,-0.0404464,nan,-0.294248,0,-0.332516,-0.645078,nan,-0.734658,-0.735333,1.57934,0.618667,-1.58889,-0.0375556,0.619444,nan
1386,-5.56214,937.5,-0.00388902,0.458333,0.0416667,0.124202,1.0046,0.116335,-0.00793794,0.432605,8.88889e-05,0.0126355,0.252193,16103.5,0.484944,0.278122,-0.4,0.15,320.553,1.70312e+07,0.446074,0.0554554,0.653834,0.00993998,-0.632746,0.9375,-0.197233,nan,nan,nan,nan,-0.0281372,-0.125698,-0.0423865,nan,-0.276038,0,-0.310659,-0.59061,nan,-0.684635,-0.68475,1.48128,0.655333,-1.49633,-0.0368333,0.630208,-0.5
1387,-5.58933,1000,-0.00196953,0.5,0,0.124568,1.02496,0.100375,-0.00839837,0.420145,8.88889e-05,0.0118027,0.251898,16340.8,0.507166,0.244817,-0.4,0.15,321.307,1.70435e+07,0.567351,0.0570306,0.706851,0.010157,-0.671467,1,-0.17905,nan,nan,nan,nan,-0.0243754,-0.108894,-0.0389921,nan,-0.292418,0,-0.334225,-0.628342,nan,-0.723357,-0.7485,1.58631,0.595333,-1.59167,-0.031,0.569792,nan
1388,-3.48037,1000,-0.00102022,0.5,0,0.125136,1.013,0.165127,-0.00845684,0.407744,8.88889e-05,0.0141602,0.251725,16364.8,0.497549,0.25333,-0.4,0.15,322.059,1.70557e+07,0.598253,0.0663191,0.699615,0.00968355,-0.672935,1,-0.190733,nan,nan,nan,nan,-0.0255948,-0.119447,-0.0402473,nan,-0.291786,0,-0.334854,-0.6274,nan,-0.720798,-0.7225,1.5872,0.654333,-1.581,-0.0381667,0.576042,nan
1389,-5.36323,902.1,-0.00341578,0.375,0.0416667,0.122444,1.01441,0.113669,-0.0069298,0.400206,8.88889e-05,0.00885998,0.251554,16133.3,0.491894,0.269759,-0.4,0.15,322.822,1.7068e+07,0.508489,0.0522325,0.644962,0.00915267,-0.60847,0.9021,-0.18516,nan,nan,nan,nan,-0.0244158,-0.110701,-0.0384854,nan,-0.264456,0,-0.302174,-0.569929,nan,-0.654167,-0.6702,1.43486,0.596,-1.4324,-0.0354,0.53,-0.5
1390,-5.6209,946.467,-0.00161411,0.583333,0.0416667,0.123365,1.01769,0.136751,-0.0087215,0.391024,8.88889e-05,0.0111074,0.251387,16479.2,0.496282,0.249385,-0.4,0.15,323.569,1.70803e+07,0.483519,0.0585545,0.670045,0.00932523,-0.635082,0.946467,-0.184747,nan,nan,nan,nan,-0.0251642,-0.114613,-0.0394933,nan,-0.27611,-0.000266667,-0.316927,-0.595022,nan,-0.681829,-0.7034,1.51127,0.610133,-1.49147,-0.0370667,0.564167,-0.5
1391,-6.39852,895.714,-0.0039253,0.25,0.0416667,0.127846,1.00966,0.146192,-0.00922688,0.383499,8.88889e-05,0.00854409,0.25122,16607.7,0.498406,0.241494,-0.4,0.15,324.312,1.70926e+07,0.360091,0.0494065,0.624765,0.00921514,-0.600501,0.895714,-0.182229,nan,nan,nan,nan,-0.0257562,-0.120387,-0.0408559,nan,-0.261601,0,-0.299523,-0.566638,nan,-0.644677,-0.648,1.41991,0.618286,-1.38057,-0.0337143,0.578571,-0.5
1392,-4.28409,982.071,-0.00294686,0.541667,0.0416667,0.127055,0.995876,0.103418,-0.00716079,0.374279,8.88889e-05,0.0129806,0.251047,16960.7,0.480778,0.243722,-0.4,0.15,325.037,1.71049e+07,0.504715,0.0584906,0.696972,0.0103043,-0.654414,0.982071,-0.202614,nan,nan,nan,nan,-0.0282599,-0.130924,-0.0435662,nan,-0.286741,0,-0.328442,-0.624701,nan,-0.707881,-0.730071,1.57414,0.66,-1.55629,-0.0391429,0.667857,-0.5
1393,-3.40178,1000,-0.0036739,0.458333,0,0.127332,1.00839,0.166653,-0.00819706,0.366279,5.92593e-05,0.0218539,0.250911,16712.8,0.48768,0.247566,-0.4,0.15,325.774,1.71172e+07,0.55537,0.0588413,0.696117,0.0107204,-0.659564,1,-0.198636,nan,nan,nan,nan,-0.0262036,-0.120073,-0.0418833,nan,-0.290833,0,-0.335292,-0.627064,nan,-0.710835,-0.749727,1.5862,0.672364,-1.56073,-0.0390909,0.610227,nan
1394,-4.19141,1000,-0.00433426,0.5,0,0.126356,1.03021,0.137621,-0.0101369,0.360204,5.92593e-05,0.0114653,0.250791,16686.2,0.483727,0.252691,-0.4,0.15,326.512,1.71295e+07,0.595653,0.0563035,0.697603,0.00863994,-0.667828,1,-0.17585,nan,nan,nan,nan,-0.0244537,-0.111447,-0.0373219,nan,-0.292719,0,-0.336257,-0.635214,nan,-0.71684,-0.73525,1.5887,0.583667,-1.54733,-0.0315,0.571875,nan
1395,-3.50829,953.214,-0.00342334,0.541667,0.0416667,0.128373,1.01224,0.0983677,-0.0085139,0.353102,5.92593e-05,0.0120662,0.250634,16671.8,0.491996,0.245056,-0.4,0.15,327.25,1.71418e+07,0.566689,0.0560167,0.666526,0.0105773,-0.63851,0.953214,-0.194371,nan,nan,nan,nan,-0.0255317,-0.115808,-0.0412543,nan,-0.27865,0,-0.320035,-0.581703,nan,-0.688458,-0.701357,1.50246,0.628571,-1.48514,-0.0332857,0.580357,-0.5
1396,-5.94773,947,-0.00201056,0.25,0.0416667,0.125398,1.0058,0.120833,-0.00758038,0.34585,5.92593e-05,0.0116702,0.250514,16984.8,0.483009,0.24046,-0.4,0.15,327.975,1.7154e+07,0.538829,0.0559015,0.6642,0.00879711,-0.632217,0.947,-0.171971,nan,nan,nan,nan,-0.0277023,-0.127551,-0.0370489,nan,-0.277339,0,-0.316967,-0.595585,nan,-0.684027,-0.714,1.47401,0.584,-1.51429,-0.0357143,0.635714,-0.5
1397,-2.20354,1000,-0.000586496,0.583333,0,0.122838,1.0165,0.108471,-0.00804515,0.341052,5.92593e-05,0.007943,0.250439,16952.4,0.4823,0.242555,-0.4,0.15,328.701,1.71663e+07,0.578046,0.0655408,0.706728,0.00999761,-0.664948,1,-0.1969,nan,nan,nan,nan,-0.0261458,-0.118556,-0.0412416,nan,-0.292052,0,-0.334939,-0.625771,nan,-0.717545,-0.724929,1.57611,0.662857,-1.53771,-0.0358571,0.607143,nan
1398,-3.52502,1000,-0.00231408,0.375,0,0.123418,1.02332,0.114431,-0.00760851,0.336794,5.92593e-05,0.0159853,0.25034,16273.7,0.51424,0.240843,-0.4,0.15,329.457,1.71786e+07,0.549496,0.0628981,0.699066,0.00940818,-0.653863,1,-0.180289,nan,nan,nan,nan,-0.02532,-0.116241,-0.0386015,nan,-0.289919,0,-0.337682,-0.615937,nan,-0.709336,-0.731,1.58918,0.627556,-1.54711,-0.0324444,0.563889,nan
1399,-8.51598,911.1,-0.00224489,0.375,0.0416667,0.123961,0.996812,0.136834,-0.00869704,0.331607,5.92593e-05,0.00977639,0.250227,17026.2,0.476348,0.245364,-0.4,0.15,330.18,1.71909e+07,0.388903,0.0533907,0.62766,0.0109006,-0.609132,0.9111,-0.18336,nan,nan,nan,nan,-0.0268498,-0.122001,-0.0399411,nan,-0.266275,0,-0.303022,-0.568502,nan,-0.66203,-0.7083,1.43326,0.6352,-1.4724,-0.0344,0.56,-0.5
1400,-3.89969,963,-0.00403595,0.416667,0.0416667,0.127286,1.01952,0.157561,-0.00842881,0.326205,5.92593e-05,0.00921049,0.250126,17024.1,0.477067,0.244735,-0.4,0.15,330.903,1.72032e+07,0.503845,0.0538317,0.681965,0.010675,-0.63625,0.963,-0.216782,nan,nan,nan,nan,-0.0284644,-0.131597,-0.0457462,nan,-0.280846,-0.000272727,-0.32383,-0.616592,nan,-0.69019,-0.733364,1.52754,0.717455,-1.50291,-0.0396364,0.638636,-0.5
1401,-4.66437,992.474,-0.00150341,0.75,0.0416667,0.127381,0.995347,0.113077,-0.0079635,0.320691,5.92593e-05,0.0125038,0.249994,17120.9,0.47734,0.24038,-0.4,0.15,333.31,1.72155e+07,0.533098,0.0559863,0.700584,0.0100575,-0.653852,0.992474,-0.195305,nan,nan,nan,nan,-0.0280029,-0.12706,-0.0423867,nan,-0.289782,-0.000315789,-0.332988,-0.626395,nan,-0.712554,-0.744632,1.56354,0.657263,-1.55474,-0.0382105,0.626316,-0.5
1402,-6.87276,1000,-0.00252893,0.333333,0,0.125784,1.00994,0.112875,-0.008454,0.314236,5.92593e-05,0.010012,0.249876,17403.6,0.465093,0.240969,-0.4,0.15,334.017,1.72278e+07,0.520825,0.060633,0.685038,0.0106704,-0.667244,1,-0.1763,nan,nan,nan,nan,-0.0240273,-0.111132,-0.0373051,nan,-0.291265,0,-0.334495,-0.634412,nan,-0.717305,-0.763875,1.57831,0.588,-1.5425,-0.031,0.54375,nan
1403,-1.97523,1000,-0.00181345,0.208333,0,0.126275,1.01013,0.155466,-0.00703968,0.308686,5.92593e-05,0.00804548,0.249771,16339.2,0.510496,0.241562,-0.4,0.15,334.771,1.72401e+07,0.506118,0.0666089,0.712805,0.00797724,-0.66578,1,-0.18968,nan,nan,nan,nan,-0.0283398,-0.13147,-0.0409382,nan,-0.293848,0,-0.336053,-0.634873,nan,-0.724468,-0.7128,1.60968,0.64,-1.54,-0.0312,0.6875,nan
1404,-3.9971,955.556,-0.000902701,0.333333,0.0416667,0.124021,1.00341,0.141718,-0.00791461,0.302506,5.92593e-05,0.0117985,0.249605,17409.2,0.465812,0.240023,-0.4,0.15,335.478,1.72524e+07,0.56878,0.0597303,0.674976,0.0083629,-0.631749,0.955556,-0.171111,nan,nan,nan,nan,-0.0249641,-0.12205,-0.0372137,nan,-0.278417,0,-0.320248,-0.600337,nan,-0.684335,-0.723667,1.51844,0.561333,-1.48978,-0.034,0.626389,-0.5
1405,-4.4443,936.583,-0.0040905,0.458333,0.0416667,0.122465,1.0135,0.121326,-0.00796073,0.294806,5.92593e-05,0.0112279,0.249491,16803,0.469678,0.261618,-0.4,0.15,336.21,1.72646e+07,0.532953,0.056747,0.654853,0.00887102,-0.617742,0.936583,-0.1763,nan,nan,nan,nan,-0.0240741,-0.109658,-0.0358293,nan,-0.272392,0,-0.315504,-0.567826,nan,-0.663758,-0.6915,1.49086,0.585,-1.44667,-0.0376667,0.5125,-0.5
1406,0.65185,1000,-0.00273596,0.291667,0,0.124566,1.01447,0.111162,-0.00813649,0.289428,5.92593e-05,0.00994587,0.249375,15624,0.525784,0.260699,-0.4,0.15,336.998,1.72769e+07,0.691622,0.0611284,0.707188,0.010881,-0.663035,1,-0.184914,nan,nan,nan,nan,-0.025554,-0.118886,-0.0403817,nan,-0.289846,0,-0.335029,-0.624852,nan,-0.71565,-0.716143,1.58135,0.650857,-1.55486,-0.0334286,0.632143,nan
1407,-4.21847,1000,-0.000910259,0.458333,0,0.124805,0.993838,0.109516,-0.0075671,0.283212,5.92593e-05,0.00614805,0.249261,16512.8,0.50414,0.240008,-0.4,0.15,337.744,1.72892e+07,0.524095,0.0552432,0.703045,0.00992364,-0.662492,1,-0.202727,nan,nan,nan,nan,-0.0276217,-0.129722,-0.0435073,nan,-0.292576,0,-0.33866,-0.62757,nan,-0.718493,-0.744545,1.56364,0.677818,-1.57527,-0.0394545,0.657955,nan
1408,-3.05942,959.154,-0.00202439,0.5,0.0416667,0.123429,1.02153,0.106141,-0.00878752,0.277805,5.92593e-05,0.0122904,0.249143,17035.7,0.479358,0.241951,-0.4,0.15,338.466,1.73015e+07,0.54138,0.0586093,0.685038,0.00886472,-0.633414,0.959154,-0.191062,nan,nan,nan,nan,-0.0258691,-0.121849,-0.0407824,nan,-0.278393,0,-0.323323,-0.602272,nan,-0.681027,-0.707308,1.53147,0.62,-1.49077,-0.0373846,0.614423,-0.5
1409,-7.73876,941.1,-0.00416757,0.333333,0.0833333,0.12425,1.01126,0.139208,-0.00865235,0.272278,5.92593e-05,0.0161732,0.249041,16998.2,0.481806,0.241096,-0.4,0.15,339.19,1.73138e+07,0.410768,0.0504992,0.655628,0.00970575,-0.616365,0.9411,-0.1878,nan,nan,nan,nan,-0.0263773,-0.118511,-0.0400116,nan,-0.273578,0,-0.317086,-0.584907,nan,-0.669427,-0.7128,1.48502,0.6184,-1.4676,-0.0386,0.595,-0.5
1410,-1.79659,1000,-0.00161184,0.416667,0,0.123617,1.02314,0.235037,-0.00738986,0.267922,5.92593e-05,0.0129949,0.248978,16362.7,0.504712,0.246266,-0.4,0.15,339.943,1.73261e+07,0.580414,0.0539122,0.700499,0.0100965,-0.653026,1,-0.20972,nan,nan,nan,nan,-0.0281436,-0.132562,-0.0440272,nan,-0.290204,0,-0.340055,-0.636344,nan,-0.704446,-0.7425,1.58633,0.7044,-1.5452,-0.043,0.64375,nan
1411,-5.16977,938.7,-0.00320786,0.708333,0.125,0.125705,0.991904,0.159809,-0.00870342,0.264658,5.92593e-05,0.0135888,0.248904,17031.8,0.477404,0.24407,-0.4,0.15,340.665,1.73384e+07,0.575,0.0534814,0.664042,0.00802574,-0.613865,0.9387,-0.15413,nan,nan,nan,nan,-0.022209,-0.101073,-0.0326212,nan,-0.272861,0,-0.315542,-0.574931,nan,-0.668399,-0.6915,1.48529,0.5128,-1.4484,-0.0303,0.505,-0.5
1412,-3.70288,1000,-0.00220606,0.416667,0,0.125873,0.990189,0.115948,-0.00883985,0.258725,5.92593e-05,0.0118704,0.248739,15943.9,0.479832,0.29087,-0.4,0.15,341.438,1.73507e+07,0.504911,0.0553514,0.705343,0.0098084,-0.650401,1,-0.1922,nan,nan,nan,nan,-0.0278289,-0.130234,-0.041496,nan,-0.2919,0,-0.335577,-0.608151,nan,-0.70959,-0.7368,1.57692,0.6612,-1.5624,-0.0346,0.6225,nan
1413,-1.26252,1000,-0.000151954,0.541667,0,0.126044,1.00576,0.158794,-0.00856472,0.250544,5.92593e-05,0.0105545,0.248602,16679.7,0.494207,0.242499,-0.4,0.15,342.176,1.73629e+07,0.625172,0.0595869,0.699749,0.00994838,-0.65481,1,-0.194569,nan,nan,nan,nan,-0.025255,-0.117446,-0.0403099,nan,-0.290264,0,-0.337935,-0.615446,nan,-0.70573,-0.716769,1.59411,0.650769,-1.55938,-0.0349231,0.590385,nan
1414,-3.84433,928.077,-0.00369177,0.458333,0.0833333,0.127424,1.00625,0.217684,-0.00761281,0.243516,5.92593e-05,0.0116402,0.248459,13237,0.548778,0.379528,-0.4,0.15,343.105,1.73752e+07,0.45741,0.0495829,0.654175,0.00915195,-0.610166,0.928077,-0.195523,nan,nan,nan,nan,-0.0272585,-0.129849,-0.0414705,nan,-0.271326,0,-0.313213,-0.589237,nan,-0.664975,-0.678231,1.45425,0.655385,-1.41877,-0.0352308,0.651923,-0.5
1415,-7.4532,972.1,-0.00089201,0.375,0.0416667,0.125358,0.998507,0.116626,-0.00851694,0.23661,5.92593e-05,0.00915841,0.248331,13190.7,0.594947,0.336615,-0.4,0.15,344.039,1.73875e+07,0.401599,0.0578385,0.688196,0.00884014,-0.63551,0.9721,-0.19442,nan,nan,nan,nan,-0.0263942,-0.121548,-0.0408092,nan,-0.281696,0,-0.328762,-0.613326,nan,-0.690473,-0.7212,1.5316,0.6644,-1.5168,-0.0388,0.5625,-0.5
1416,-0.380348,1000,-0.00167117,0.291667,0,0.124344,0.99599,0.105771,-0.00687247,0.230309,8.88889e-05,0.00416511,0.248218,12669,0.556616,0.41331,-0.4,0.15,345.01,1.73998e+07,0.647396,0.0656407,0.708465,0.00871984,-0.653166,1,-0.158686,nan,nan,nan,nan,-0.0220312,-0.10203,-0.033068,nan,-0.289054,0,-0.337815,-0.589047,nan,-0.703246,-0.708429,1.62226,0.565143,-1.55429,-0.0268571,0.541071,nan
1417,-2.70986,1000,-0.000849623,3.25,0,0.123422,0.983694,0.103753,-0.00804036,0.223107,8.88889e-05,0.0122558,0.248043,14248.3,0.568959,0.293457,-0.4,0.15,345.874,1.74121e+07,0.576329,0.058804,0.70464,0.00929602,-0.653638,1,-0.191097,nan,nan,nan,nan,-0.0266919,-0.125921,-0.0408818,nan,-0.290213,0,-0.337144,-0.624023,nan,-0.708815,-0.745115,1.58817,0.647744,-1.548,-0.0369487,0.608013,nan
1418,-3.28111,1000,-0.00145965,0.375,0,0.121529,0.985028,0.0942033,-0.0080282,0.214164,8.88889e-05,0.0125242,0.247878,16563.6,0.497949,0.243919,-0.4,0.15,346.618,1.74244e+07,0.575442,0.0600855,0.697049,0.00885895,-0.648462,1,-0.182444,nan,nan,nan,nan,-0.0247555,-0.117453,-0.0385548,nan,-0.289896,0,-0.337768,-0.615492,nan,-0.703462,-0.743667,1.58713,0.644889,-1.53378,-0.0351111,0.533333,nan
