iteration,Train/mean_reward,Train/mean_episode_length,Train/mean_step_reward,Episode_Termination/time_out,Episode_Termination/fell_over,Metrics/twist/error_vel_xy,Metrics/twist/error_vel_yaw,Loss/value,Loss/surrogate,Loss/entropy,Loss/learning_rate,Loss/kl,Policy/mean_std,Perf/total_fps,Perf/collection_time,Perf/learning_time,Curriculum/action_rate_weight,Curriculum/standing_envs,time_s,env_steps,Episode_Reward/track_linear_velocity,Episode_Reward/track_angular_velocity,Episode_Reward/upright,Episode_Reward/pose,Episode_Reward/action_rate_l2,Episode_Reward/alive,Episode_Reward/air_time,Episode_Reward/single_stance,Episode_Reward/foot_lift,Episode_Reward/foot_alternation,Episode_Reward/foot_symmetry,Episode_Reward/foot_clearance,Episode_Reward/foot_swing_height,Episode_Reward/foot_slip,Episode_Reward/trot,Episode_Reward/joint_torque,Episode_Reward/self_collisions,Episode_Reward/dof_pos_limits,Episode_Reward/body_ang_vel,Episode_Reward/angular_momentum,Episode_Reward/base_height,Episode_Reward/three_stance,Episode_Reward/all_stance,Episode_Reward/footfall_sequence
601,0.55315,20,0.0568846,0,0.0416667,0.150988,1.05748,0.202134,-0.0105432,4.42493,0.000133333,0.0213579,0.349738,13065,0.565385,0.375143,-0.2,0.05,0.940664,7.38509e+06,0.00230346,0.000904988,0.00749726,0.000288635,-0.0118636,0.02,0.0007,nan,nan,nan,nan,-0.00218819,-0.00294988,-0.000189863,nan,-0.00853158,0,-0.00111087,-0.0323032,nan,0.00310038,0.002,0,0.05
602,0.996266,34.4,0.0622765,0,0.208333,0.143068,1.16646,0.264066,-0.00880986,4.4187,0.000133333,0.0104501,0.349644,14122.9,0.540946,0.329132,-0.2,0.05,1.81272,7.39738e+06,0.0068216,0.000589227,0.0179649,0.000606418,-0.0215304,0.0344,0.0054,nan,nan,nan,nan,-0.0035411,-0.00506823,-0.000501606,nan,-0.0143213,-0.0002,-0.00170077,-0.0352271,nan,0.00372171,0.0028,-0.0004,0.06
603,0.875507,56,0.063868,0,0.125,0.146607,1.1524,0.225172,-0.00843255,4.41642,0.000133333,0.0108597,0.34964,14421.8,0.525401,0.326645,-0.2,0.05,2.66616,7.40966e+06,0.00913622,0.00150003,0.0378617,0.000958348,-0.0367346,0.056,0.0105667,nan,nan,nan,nan,-0.00320062,-0.0088084,-0.00141097,nan,-0.0226432,-0.001,-0.00348676,-0.0643917,nan,0.00492865,0.00333333,-0.00133333,0.0625
604,4.3301,82.3333,0.0626429,0,0.125,0.142605,1.16279,0.23171,-0.00813721,4.41759,0.000133333,0.00920828,0.349653,15473.4,0.504571,0.289566,-0.2,0.05,3.46175,7.42195e+06,0.0218214,0.00173245,0.0529908,0.000985037,-0.0524299,0.0823333,0.0202667,nan,nan,nan,nan,-0.0060155,-0.0105173,-0.00196267,nan,-0.0330906,-0.000333333,-0.00432851,-0.0684666,nan,0.00551956,0.008,0,0.2
605,5.908,113.167,0.062222,0,0.25,0.143028,1.18987,0.248073,-0.0098204,4.41497,0.000133333,0.0137149,0.349464,14538,0.519628,0.325607,-0.2,0.05,4.30844,7.43424e+06,0.0349436,0.0046179,0.0821643,0.00157576,-0.0704188,0.113167,0.0261667,nan,nan,nan,nan,-0.00631548,-0.0164119,-0.0029304,nan,-0.0455247,-0.000166667,-0.00590464,-0.085645,nan,0.00716626,0.0123333,-0.00133333,0.247917
606,7.31514,126.5,0.0614453,0,0.166667,0.144492,1.18635,0.233707,-0.00861755,4.40998,0.000133333,0.0145609,0.349467,13336.4,0.542952,0.378435,-0.2,0.05,5.23127,7.44653e+06,0.0776499,0.00185882,0.0919856,0.00162202,-0.0790051,0.1265,0.030475,nan,nan,nan,nan,-0.00654592,-0.0190353,-0.00376569,nan,-0.0509216,-0.00025,-0.0067271,-0.101136,nan,0.00605213,0.012,-0.0025,0.2875
607,8.60851,155.25,0.0611535,0,0.166667,0.143933,1.14469,0.240813,-0.0103845,4.41147,0.000133333,0.0156676,0.349456,12173.6,0.562455,0.446939,-0.2,0.05,6.24197,7.45882e+06,0.0472107,0.0101463,0.116959,0.00180248,-0.0957985,0.15525,0.03825,nan,nan,nan,nan,-0.00725263,-0.0231403,-0.00401396,nan,-0.0623566,-0.00025,-0.00856507,-0.129918,nan,0.00472704,0.016,-0.0005,0.371875
608,9.61588,179.4,0.061354,0,0.208333,0.143097,1.18276,0.258901,-0.00870499,4.40957,0.000133333,0.00713654,0.349384,15477.6,0.509863,0.284059,-0.2,0.05,7.0374,7.4711e+06,0.0389656,0.00785126,0.132698,0.0023209,-0.109296,0.1794,0.04674,nan,nan,nan,nan,-0.00873464,-0.0249019,-0.00432123,nan,-0.0716009,-0.0004,-0.0103663,-0.133848,nan,0.00738605,0.0176,-0.0012,0.4125
609,9.4003,201.6,0.0600841,0,0.208333,0.142549,1.17662,0.253527,-0.00870911,4.40459,0.000133333,0.0108979,0.349117,14362.6,0.49328,0.362274,-0.2,0.05,7.89425,7.48339e+06,0.0411642,0.00778534,0.155112,0.00294848,-0.127928,0.2016,0.0472,nan,nan,nan,nan,-0.00990516,-0.0263148,-0.00484368,nan,-0.0802571,-0.0002,-0.0127615,-0.1443,nan,0.00511622,0.0196,-0.004,0.4
610,12.2877,224.75,0.0611537,0,0.166667,0.141764,1.19404,0.241326,-0.0116121,4.39612,8.88889e-05,0.0241102,0.349005,13337.5,0.548625,0.372686,-0.2,0.05,8.81748,7.49568e+06,0.048118,0.009266,0.173713,0.00324662,-0.139359,0.22475,0.056225,nan,nan,nan,nan,-0.00987801,-0.0265751,-0.00607673,nan,-0.0896176,-0.00025,-0.011673,-0.169661,nan,0.00540726,0.021,-0.0055,0.53125
611,17.9254,250,0.0628713,0,0.0833333,0.143289,1.18984,0.239989,-0.0097682,4.39353,8.88889e-05,0.0109993,0.348875,13708.5,0.533632,0.362749,-0.2,0.05,9.71571,7.50797e+06,0.120717,0.0123038,0.203212,0.00400134,-0.160465,0.25,0.05855,nan,nan,nan,nan,-0.0110884,-0.0350182,-0.00708857,nan,-0.0988816,0,-0.0128591,-0.185011,nan,0.00614609,0.036,-0.003,0.71875
612,14.5093,249.5,0.0618878,0,0.0833333,0.141279,1.18411,0.240232,-0.00919033,4.38914,8.88889e-05,0.00773573,0.348818,13358.8,0.579124,0.340721,-0.2,0.05,10.6373,7.52026e+06,0.166451,0.00492051,0.181282,0.00338782,-0.149694,0.2495,0.06585,nan,nan,nan,nan,-0.0144988,-0.0346664,-0.00660419,nan,-0.101482,-0.0005,-0.013763,-0.198258,nan,0.00954091,0.017,-0.003,0.55
613,17.3884,291.2,0.0580684,0,0.208333,0.140025,1.21228,0.251805,-0.0109827,4.38821,8.88889e-05,0.0141573,0.348782,13355.2,0.526232,0.39386,-0.2,0.05,11.5586,7.53254e+06,0.153755,0.0110606,0.22372,0.00401466,-0.177907,0.2912,0.07492,nan,nan,nan,nan,-0.0129526,-0.0434238,-0.00777257,nan,-0.115626,-0.0002,-0.016542,-0.220521,nan,0.00829295,0.0264,-0.004,0.675
614,13.081,325,0.0590922,0,0.0416667,0.143712,1.19272,0.221096,-0.0107318,4.38656,8.88889e-05,0.0107447,0.348726,13049.5,0.603752,0.337894,-0.2,0.05,12.5016,7.54483e+06,0.0361496,0.0161464,0.248548,0.00408449,-0.199535,0.325,0.0821,nan,nan,nan,nan,-0.0146836,-0.0469201,-0.00664965,nan,-0.130481,0,-0.0175075,-0.26165,nan,0.00544823,0.018,-0.004,0.6
615,20.1976,344,0.0602865,0,0.125,0.145428,1.18885,0.210158,-0.0104689,4.38436,8.88889e-05,0.0171756,0.348658,14113.6,0.522427,0.348225,-0.2,0.05,13.3738,7.55712e+06,0.0913802,0.0137906,0.285087,0.00450547,-0.207084,0.344,0.0881333,nan,nan,nan,nan,-0.0148586,-0.0513272,-0.0097351,nan,-0.137758,0,-0.0153092,-0.242425,nan,0.00598279,0.038,-0.00333333,0.820833
616,23.757,373,0.0580493,0,0.0416667,0.146461,1.17061,0.234925,-0.0106848,4.38112,8.88889e-05,0.0186301,0.348532,13447.7,0.592469,0.32129,-0.2,0.05,14.2892,7.56941e+06,0.106795,0.0178138,0.286856,0.00532611,-0.232942,0.373,0.092,nan,nan,nan,nan,-0.0178034,-0.0548874,-0.00934313,nan,-0.149893,0,-0.0227276,-0.287778,nan,0.00843314,0.05,-0.002,1.025
617,20.5745,388.333,0.0630552,0,0.125,0.146864,1.18246,0.216251,-0.0100839,4.37674,8.88889e-05,0.0114395,0.348398,14117.9,0.51628,0.354102,-0.2,0.05,15.1609,7.5817e+06,0.153387,0.0178071,0.30548,0.00571226,-0.235603,0.388333,0.0906333,nan,nan,nan,nan,-0.0164776,-0.047409,-0.0106661,nan,-0.153883,-0.00166667,-0.0209061,-0.301182,nan,0.00766516,0.048,-0.00466667,0.804167
618,28.283,353,0.0584056,0,0.0833333,0.148265,1.17749,0.240025,-0.0115029,4.37259,8.88889e-05,0.0120512,0.34833,13714.4,0.540292,0.355699,-0.2,0.05,16.0582,7.59398e+06,0.141949,0.0131767,0.28589,0.00499645,-0.214062,0.353,0.0802,nan,nan,nan,nan,-0.0153761,-0.0531615,-0.010078,nan,-0.142582,0,-0.0156939,-0.272274,nan,0.0116629,0.039,-0.005,1.2125
619,21.8749,369,0.0633345,0,0.125,0.145877,1.18238,0.241335,-0.00903003,4.37132,8.88889e-05,0.00944732,0.348301,13775.6,0.542405,0.349609,-0.2,0.05,16.9523,7.60627e+06,0.186704,0.0112351,0.297458,0.00481885,-0.224464,0.369,0.0909,nan,nan,nan,nan,-0.0146205,-0.0485718,-0.0108476,nan,-0.14746,0,-0.0194043,-0.290103,nan,0.00676537,0.0446667,-0.004,0.841667
620,25.8272,462,0.0574153,0,0.0416667,0.1455,1.19163,0.238374,-0.011339,4.37087,8.88889e-05,0.0125221,0.348322,14382.7,0.575957,0.2784,-0.2,0.05,17.8081,7.61856e+06,0.119122,0.0157737,0.370867,0.00578455,-0.287492,0.462,0.1248,nan,nan,nan,nan,-0.0192867,-0.0717189,-0.0128098,nan,-0.182938,0,-0.0227975,-0.293856,nan,0.00690999,0.052,0,1.025
621,27.8956,480.333,0.0627649,0,0.125,0.148153,1.16857,0.241358,-0.00942109,4.37047,8.88889e-05,0.00848806,0.348238,13906.4,0.524872,0.35875,-0.2,0.05,18.6931,7.63085e+06,0.178761,0.0199274,0.382482,0.00730308,-0.298969,0.480333,0.119,nan,nan,nan,nan,-0.0210077,-0.0732852,-0.0135755,nan,-0.191613,-0.000333333,-0.0239364,-0.362942,nan,0.00946806,0.0573333,-0.00333333,1.12917
622,34.4137,514,0.0618234,0,0.0416667,0.143559,1.16287,0.237015,-0.00979834,4.36667,8.88889e-05,0.018173,0.348139,13438,0.545566,0.368858,-0.2,0.05,19.609,7.64314e+06,0.389799,0.0115699,0.420322,0.00706565,-0.314228,0.514,0.1331,nan,nan,nan,nan,-0.0207473,-0.0658812,-0.0152965,nan,-0.205598,0,-0.0217125,-0.356929,nan,0.00972068,0.054,-0.006,1.1875
623,32.2134,542,0.0596418,0,0.125,0.1454,1.20281,0.236325,-0.0118667,4.36632,8.88889e-05,0.0183326,0.348267,13940.7,0.528095,0.353352,-0.2,0.05,20.4918,7.65542e+06,0.263438,0.0194921,0.422638,0.00747143,-0.337993,0.542,0.137567,nan,nan,nan,nan,-0.0238554,-0.0813172,-0.0148339,nan,-0.215936,-0.00166667,-0.0271357,-0.406653,nan,0.0117865,0.0626667,-0.00533333,1.25833
624,30.1288,560,0.0618975,0,0.0416667,0.144019,1.18502,0.213459,-0.0111482,4.37066,8.88889e-05,0.012711,0.348292,13621.6,0.557747,0.344347,-0.2,0.05,21.3953,7.66771e+06,0.337299,0.0304642,0.457746,0.00441308,-0.357971,0.56,0.0914,nan,nan,nan,nan,-0.013924,-0.0555259,-0.0102669,nan,-0.225551,-0.001,-0.0301362,-0.388017,nan,0.0125088,0.024,-0.004,1.075
625,29.2185,590,0.0609587,0,0.208333,0.143534,1.18665,0.254981,-0.011412,4.36915,8.88889e-05,0.0125232,0.348226,14787.4,0.496619,0.334358,-0.2,0.05,22.2277,7.68e+06,0.262466,0.0240338,0.475351,0.00681781,-0.359225,0.59,0.13336,nan,nan,nan,nan,-0.0221257,-0.0728821,-0.0142927,nan,-0.23607,-0.0006,-0.0321554,-0.423303,nan,0.00994654,0.058,-0.0084,1.07
626,38.6501,609,0.0606087,0,0.125,0.14829,1.20869,0.239225,-0.00905181,4.36704,8.88889e-05,0.0131478,0.348178,14424.8,0.521306,0.330561,-0.2,0.05,23.0811,7.69229e+06,0.292027,0.0244787,0.494074,0.00824547,-0.375932,0.609,0.155667,nan,nan,nan,nan,-0.0257084,-0.0913457,-0.0171582,nan,-0.243312,-0.000333333,-0.0332457,-0.428499,nan,0.0118819,0.074,-0.00466667,1.48333
627,35.8224,642.5,0.0637466,0,0.0833333,0.145605,1.17623,0.252485,-0.00895425,4.36612,8.88889e-05,0.017556,0.348174,13524.9,0.529157,0.379391,-0.2,0.05,23.9911,7.70458e+06,0.332922,0.0301942,0.525794,0.00879041,-0.399429,0.6425,0.1523,nan,nan,nan,nan,-0.0245596,-0.0911878,-0.019586,nan,-0.260066,0,-0.0300136,-0.461992,nan,0.00970472,0.092,-0.01,1.29375
628,38.4192,661,0.0639561,0,0.0416667,0.143631,1.19252,0.281684,-0.00980129,4.36555,8.88889e-05,0.00822045,0.348133,14138.6,0.549991,0.319122,-0.2,0.05,24.8618,7.71686e+06,0.237418,0.0274476,0.533838,0.00864169,-0.398148,0.661,0.1719,nan,nan,nan,nan,-0.0270321,-0.0862224,-0.0181951,nan,-0.261926,0,-0.0308573,-0.453616,nan,0.00721226,0.072,-0.01,1.4875
629,35.1487,601.5,0.064758,0,0.166667,0.143229,1.20475,0.244411,-0.0113571,4.36415,8.88889e-05,0.0145367,0.348119,12642.2,0.514487,0.457497,-0.2,0.05,25.835,7.72915e+06,0.307668,0.0209702,0.487104,0.00733805,-0.373879,0.6015,0.147325,nan,nan,nan,nan,-0.0255011,-0.0924049,-0.0181086,nan,-0.241283,0,-0.0349317,-0.454191,nan,0.0093275,0.075,-0.0085,1.35
630,34.9024,701.5,0.0611797,0,0.0833333,0.143119,1.22377,0.210556,-0.0104119,4.36419,8.88889e-05,0.0192248,0.348121,13243.5,0.569075,0.358777,-0.2,0.05,26.7645,7.74144e+06,0.431422,0.015826,0.548698,0.00725578,-0.440154,0.7015,0.1444,nan,nan,nan,nan,-0.0283797,-0.0984562,-0.0172836,nan,-0.281924,0,-0.0351983,-0.524155,nan,0.0165691,0.066,-0.011,1.25
631,50.6479,732.5,0.0605923,0,0.0833333,0.145118,1.19316,0.222288,-0.0100186,4.36198,8.88889e-05,0.0170423,0.347963,14098.3,0.534098,0.337498,-0.2,0.05,27.6374,7.75373e+06,0.357144,0.0357632,0.608408,0.0101839,-0.454385,0.7325,0.1876,nan,nan,nan,nan,-0.0292257,-0.100939,-0.0202216,nan,-0.291704,-0.0005,-0.0384457,-0.531279,nan,0.0124971,0.062,-0.007,2
632,42.9658,760.333,0.0654602,0,0.125,0.141153,1.19867,0.273899,-0.0106874,4.35701,8.88889e-05,0.0116642,0.347899,14309,0.5623,0.296463,-0.2,0.05,28.4978,7.76602e+06,0.281414,0.0302914,0.616357,0.0100814,-0.469466,0.760333,0.163767,nan,nan,nan,nan,-0.0294444,-0.101519,-0.0206139,nan,-0.303527,-0.000333333,-0.0390324,-0.573778,nan,0.0119286,0.0953333,-0.0126667,1.72917
633,37.5947,771,0.0666143,0,0.0416667,0.139803,1.18228,0.218369,-0.0100357,4.3551,8.88889e-05,0.0112825,0.347787,14120.1,0.512628,0.357621,-0.2,0.05,29.3693,7.7783e+06,0.391348,0.03423,0.643463,0.00783596,-0.492165,0.771,0.1279,nan,nan,nan,nan,-0.0220076,-0.0763189,-0.0147076,nan,-0.309241,0,-0.0402235,-0.560711,nan,0.0113317,0.064,-0.006,1.35
634,47.9509,745,0.0626578,0,0.125,0.143287,1.19333,0.267135,-0.0109921,4.35054,8.88889e-05,0.0143996,0.347685,13461.6,0.54341,0.369409,-0.2,0.05,30.2835,7.79059e+06,0.315155,0.0264152,0.605123,0.011025,-0.456974,0.745,0.177267,nan,nan,nan,nan,-0.0287832,-0.099229,-0.0230482,nan,-0.29885,0,-0.0361429,-0.568386,nan,0.0124742,0.0973333,-0.01,1.92917
635,47.2157,779.25,0.0626267,0,0.166667,0.144228,1.189,0.251809,-0.0098709,4.34688,8.88889e-05,0.010882,0.347543,13069.3,0.576215,0.364,-0.2,0.05,31.2251,7.80288e+06,0.357961,0.0326828,0.640842,0.0116642,-0.481251,0.77925,0.18535,nan,nan,nan,nan,-0.0314363,-0.113122,-0.0224032,nan,-0.311262,-0.0005,-0.0406103,-0.561874,nan,0.0128685,0.099,-0.012,1.81562
636,50.245,825.667,0.063959,0,0.125,0.14516,1.20552,0.295943,-0.0103909,4.34147,8.88889e-05,0.0113669,0.347406,14949,0.546815,0.275179,-0.2,0.05,32.0486,7.81517e+06,0.372379,0.0281519,0.677726,0.0106133,-0.515206,0.825667,0.176467,nan,nan,nan,nan,-0.0286603,-0.109004,-0.0217296,nan,-0.328452,-0.001,-0.0412958,-0.572663,nan,0.0135889,0.096,-0.012,1.94167
637,nan,nan,0.0647275,0,0,0.146417,1.18884,0.206852,-0.00959395,4.3373,8.88889e-05,0.0135606,0.347292,14333.4,0.508513,0.348787,-0.2,0.05,32.9072,7.82746e+06,nan,nan,nan,nan,nan,nan,nan,nan,nan,nan,nan,nan,nan,nan,nan,nan,nan,nan,nan,nan,nan,nan,nan,nan
638,52.191,895,0.0616145,0,0.0833333,0.144985,1.19417,0.224752,-0.0108653,4.33333,5.92593e-05,0.0204806,0.347176,13283.9,0.557496,0.367532,-0.2,0.05,33.8336,7.83974e+06,0.370658,0.0345281,0.718418,0.00954918,-0.554684,0.895,0.19675,nan,nan,nan,nan,-0.0317305,-0.114799,-0.0222868,nan,-0.361741,-0.0025,-0.0411163,-0.656658,nan,0.0146642,0.081,-0.013,2.0875
639,57.722,866.5,0.0673077,0,0.0833333,0.140386,1.16737,0.249575,-0.0096284,4.33074,5.92593e-05,0.0109506,0.347174,13701.8,0.558438,0.33838,-0.2,0.05,34.7316,7.85203e+06,0.269026,0.042084,0.702965,0.0119915,-0.537953,0.8665,0.2087,nan,nan,nan,nan,-0.0362526,-0.125354,-0.0254501,nan,-0.346204,0,-0.0455984,-0.587381,nan,0.0122775,0.1,-0.017,2.39375
640,20.1097,351,0.0610391,0,0.0416667,0.141845,1.18135,0.236816,-0.00897066,4.33032,5.92593e-05,0.0173967,0.347101,14845.1,0.540412,0.287337,-0.2,0.05,35.5609,7.86432e+06,0.099416,0.0116779,0.285068,0.00508751,-0.214052,0.351,0.077,nan,nan,nan,nan,-0.0154501,-0.0583294,-0.0108098,nan,-0.142524,0,-0.0199061,-0.259436,nan,0.00924424,0.058,-0.008,0.8375
641,65.6511,970.5,0.0647515,0,0.0833333,0.142108,1.19369,0.26051,-0.00895833,4.32631,5.92593e-05,0.0097694,0.346964,13196.8,0.533939,0.397196,-0.2,0.05,36.4934,7.87661e+06,0.653583,0.050851,0.776311,0.0131428,-0.602354,0.9705,0.23745,nan,nan,nan,nan,-0.0417463,-0.137825,-0.0277548,nan,-0.391049,0,-0.0480211,-0.690128,nan,0.020596,0.112,-0.013,2.4
642,62.0223,999.867,0.0616269,17.0833,0.166667,0.15182,1.12903,0.219544,-0.00880319,4.32253,5.92593e-05,0.0130391,0.346911,11517.7,0.660179,0.406703,-0.2,0.05,37.5615,7.8889e+06,0.429159,0.037571,0.824204,0.0138852,-0.625405,0.999867,0.231369,nan,nan,nan,nan,-0.0373827,-0.143786,-0.0284778,nan,-0.401177,-0.000231884,-0.0490352,-0.710896,nan,0.0141564,0.12471,-0.0145556,2.43714
643,62.7365,1000,0.0599655,0.0833333,0,0.14899,1.13961,0.235484,-0.00968353,4.32124,5.92593e-05,0.0124198,0.34686,13392.7,0.545293,0.372222,-0.2,0.05,38.4805,7.90118e+06,0.315853,0.0515621,0.830759,0.015044,-0.611678,1,0.23915,nan,nan,nan,nan,-0.0379308,-0.141009,-0.0289934,nan,-0.399566,0,-0.0512414,-0.682871,nan,0.0119958,0.124,-0.017,2.51875
644,13.2856,364,0.06539,0.0416667,0.0833333,0.14407,1.17934,0.246301,-0.00829428,4.31991,5.92593e-05,0.0068242,0.346868,12413.6,0.63434,0.355539,-0.2,0.05,39.472,7.91347e+06,0.136065,0.0151083,0.285913,0.00322489,-0.23036,0.364,0.0601333,nan,nan,nan,nan,-0.0110528,-0.0359697,-0.00633806,nan,-0.148462,-0.000333333,-0.0180459,-0.268044,nan,0.00694053,0.0273333,-0.00333333,0.4875
645,33.7888,553.571,0.0662779,0.125,0.166667,0.143323,1.18948,0.297703,-0.00846316,4.32078,5.92593e-05,0.00814385,0.346899,12657,0.581184,0.389659,-0.2,0.05,40.4446,7.92576e+06,0.242169,0.0229198,0.460649,0.00846974,-0.349352,0.553571,0.117086,nan,nan,nan,nan,-0.0213519,-0.081323,-0.0159206,nan,-0.223068,-0.000428571,-0.0268255,-0.391116,nan,0.0111747,0.072,-0.00885714,1.31964
646,nan,nan,0.0615535,0,0,0.142838,1.2008,0.24114,-0.00903077,4.32175,5.92593e-05,0.00669714,0.346917,13733.6,0.548474,0.346263,-0.2,0.05,41.3411,7.93805e+06,nan,nan,nan,nan,nan,nan,nan,nan,nan,nan,nan,nan,nan,nan,nan,nan,nan,nan,nan,nan,nan,nan,nan,nan
647,51.7002,815.9,0.0635738,0.333333,0.0833333,0.14581,1.18198,0.227285,-0.00903008,4.32149,5.92593e-05,0.00802801,0.346874,12887.8,0.568499,0.384959,-0.2,0.05,42.296,7.95034e+06,0.365138,0.0314933,0.664417,0.0122512,-0.514384,0.8159,0.19166,nan,nan,nan,nan,-0.0320343,-0.126091,-0.0247541,nan,-0.327821,-0.0005,-0.0393184,-0.584861,nan,0.0129166,0.1062,-0.0152,2.05
648,44.3953,714.667,0.0616556,0.0833333,0.0416667,0.143781,1.19122,0.26321,-0.00902547,4.31972,5.92593e-05,0.0071051,0.346836,13283.5,0.524517,0.400539,-0.2,0.05,43.2222,7.96262e+06,0.290437,0.0298839,0.593669,0.0100012,-0.453204,0.714667,0.1699,nan,nan,nan,nan,-0.025703,-0.0984215,-0.0199215,nan,-0.290299,-0.00233333,-0.0358249,-0.50473,nan,0.0116459,0.0733333,-0.01,1.76667
649,49.5402,789.25,0.0645137,0.125,0.0416667,0.142209,1.17931,0.225219,-0.00893906,4.31879,5.92593e-05,0.0113345,0.346821,12118.6,0.627778,0.386201,-0.2,0.05,44.2381,7.97491e+06,0.361806,0.0234984,0.643453,0.011472,-0.492338,0.78925,0.176825,nan,nan,nan,nan,-0.0298843,-0.124098,-0.0225218,nan,-0.317241,0,-0.0399782,-0.594324,nan,0.0119659,0.104,-0.0155,1.99062
650,49.1866,729.833,0.064318,0.166667,0.0833333,0.143496,1.16462,0.256867,-0.00849457,4.31781,5.92593e-05,0.0051288,0.346767,13176.8,0.577401,0.355148,-0.2,0.05,45.1722,7.9872e+06,0.296087,0.0285427,0.604465,0.0109299,-0.462793,0.729833,0.17,nan,nan,nan,nan,-0.029569,-0.115932,-0.021957,nan,-0.293928,-0.000666667,-0.0355368,-0.5134,nan,0.0140068,0.088,-0.015,2.00625
651,39.3657,659.429,0.0669343,0.166667,0.125,0.142656,1.2022,0.232682,-0.00877697,4.31589,5.92593e-05,0.0134159,0.34673,13913.5,0.557845,0.325325,-0.2,0.05,46.0569,7.99949e+06,0.37999,0.0210837,0.540888,0.00930895,-0.416162,0.659429,0.150629,nan,nan,nan,nan,-0.026134,-0.103286,-0.0184946,nan,-0.265182,-0.000285714,-0.0302036,-0.475776,nan,0.011839,0.09,-0.0111429,1.45179
652,53.6759,808.75,0.0647671,0.125,0.0416667,0.143457,1.199,0.225603,-0.00845469,4.31533,5.92593e-05,0.0068015,0.346736,14112.8,0.516877,0.353825,-0.2,0.05,46.929,8.01178e+06,0.24142,0.026805,0.662864,0.0114916,-0.508131,0.80875,0.190025,nan,nan,nan,nan,-0.0321211,-0.126535,-0.0251232,nan,-0.326118,-0.00075,-0.0385536,-0.601385,nan,0.0104057,0.113,-0.016,2.29375
653,50.0329,815.25,0.0635203,0.125,0.0416667,0.142289,1.19079,0.221611,-0.00970197,4.31572,5.92593e-05,0.0126765,0.346746,13080.7,0.586416,0.352986,-0.2,0.05,47.8698,8.02406e+06,0.453753,0.0290582,0.66528,0.0108728,-0.523562,0.81525,0.1715,nan,nan,nan,nan,-0.0293882,-0.112642,-0.0222205,nan,-0.32903,-0.00075,-0.0423638,-0.595133,nan,0.00964474,0.1015,-0.0095,1.90938
654,33.2797,668.667,0.0669333,0.0416667,0.0833333,0.138965,1.18527,0.229719,-0.00946453,4.31567,5.92593e-05,0.00754372,0.34673,12887.8,0.583226,0.370237,-0.2,0.05,48.8246,8.03635e+06,0.161755,0.0158258,0.542419,0.00815635,-0.425141,0.668667,0.137667,nan,nan,nan,nan,-0.0245396,-0.0979259,-0.0181356,nan,-0.269753,-0.000666667,-0.0304422,-0.498292,nan,0.0130601,0.074,-0.00933333,1.41667
655,64.1454,1000,0.0677909,0.125,0,0.145491,1.19142,0.256082,-0.00869132,4.31491,5.92593e-05,0.0154255,0.346716,14635.6,0.556069,0.283525,-0.2,0.05,49.6655,8.04864e+06,0.45108,0.0399569,0.839552,0.0150167,-0.638416,1,0.2184,nan,nan,nan,nan,-0.0365124,-0.145197,-0.0277433,nan,-0.405859,0,-0.0447491,-0.706434,nan,0.01434,0.118,-0.0133333,2.52917
656,46.2884,670.667,0.0649717,0.125,0.125,0.142111,1.17681,0.252155,-0.00938929,4.31543,5.92593e-05,0.0102788,0.34677,16653.9,0.492633,0.245214,-0.2,0.05,50.4048,8.06093e+06,0.253558,0.0246593,0.548112,0.0102142,-0.425917,0.670667,0.1488,nan,nan,nan,nan,-0.0285263,-0.111852,-0.0213973,nan,-0.270563,-0.000333333,-0.0317359,-0.478398,nan,0.0132129,0.0906667,-0.0163333,1.93958
657,32.8863,521.25,0.0664372,0.0416667,0.125,0.145088,1.20876,0.295272,-0.0089739,4.31647,5.92593e-05,0.00819736,0.346752,16876.1,0.482744,0.245386,-0.2,0.05,51.1342,8.07322e+06,0.215569,0.0240639,0.424687,0.00828865,-0.332784,0.52125,0.12035,nan,nan,nan,nan,-0.0218836,-0.0876927,-0.0162118,nan,-0.212115,-0.00025,-0.0236136,-0.376619,nan,0.0132752,0.072,-0.009,1.325
658,44.043,687.5,0.0672589,0.0833333,0.0833333,0.143316,1.21732,0.243612,-0.00908877,4.31519,5.92593e-05,0.00735449,0.346696,15217.8,0.497155,0.310321,-0.2,0.05,51.9429,8.0855e+06,0.275837,0.0231789,0.562307,0.0100097,-0.435597,0.6875,0.147725,nan,nan,nan,nan,-0.0249228,-0.103505,-0.0182638,nan,-0.278226,0,-0.0328849,-0.505741,nan,0.0121065,0.0785,-0.0115,1.81563
659,26.3511,404.5,0.065156,0,0.0833333,0.142302,1.19498,0.255116,-0.00922036,4.31284,5.92593e-05,0.0101078,0.346629,15013.3,0.536698,0.281775,-0.2,0.05,52.7628,8.09779e+06,0.183644,0.0172872,0.329037,0.00596671,-0.252386,0.4045,0.0921,nan,nan,nan,nan,-0.0175392,-0.0549873,-0.0116048,nan,-0.162099,-0.0005,-0.0205284,-0.279178,nan,0.00734288,0.067,-0.003,1.0125
660,48.185,688.375,0.0658574,0.125,0.208333,0.141732,1.19131,0.312032,-0.00908217,4.31161,5.92593e-05,0.0059543,0.346643,16685.5,0.471739,0.264709,-0.2,0.05,53.5005,8.11008e+06,0.289003,0.0234201,0.563952,0.0107394,-0.437431,0.688375,0.16055,nan,nan,nan,nan,-0.0290683,-0.113005,-0.0208476,nan,-0.278853,-0.000375,-0.0320417,-0.495981,nan,0.0127518,0.10125,-0.00975,1.97656
661,59.016,1000,0.0688381,0.0833333,0,0.144652,1.19955,0.232925,-0.00852964,4.31198,5.92593e-05,0.00869879,0.346609,16306.3,0.454768,0.298805,-0.2,0.05,54.2556,8.12237e+06,0.328564,0.0416897,0.819956,0.0148268,-0.634496,1,0.22265,nan,nan,nan,nan,-0.0394512,-0.174844,-0.0313539,nan,-0.404571,0,-0.0528735,-0.707377,nan,0.0143314,0.149,-0.014,2.41875
662,74.1236,1000,0.0672188,0.0833333,0,0.140676,1.16884,0.258368,-0.00878414,4.30973,5.92593e-05,0.00950528,0.346535,17146.9,0.462406,0.254224,-0.2,0.05,54.9736,8.13466e+06,0.421236,0.0399018,0.832623,0.0173351,-0.625402,1,0.2213,nan,nan,nan,nan,-0.0389741,-0.164099,-0.0331277,nan,-0.403521,0,-0.0433603,-0.713393,nan,0.0146631,0.149,-0.018,3.05
663,36.6139,662.667,0.0663013,0.0416667,0.0833333,0.143087,1.22255,0.25467,-0.00940683,4.3077,5.92593e-05,0.00936299,0.346495,16690.6,0.476062,0.260162,-0.2,0.05,55.7111,8.14694e+06,0.272114,0.0242408,0.537157,0.00885306,-0.427727,0.662667,0.141333,nan,nan,nan,nan,-0.0255575,-0.0959764,-0.0185788,nan,-0.269406,-0.000333333,-0.0289142,-0.524706,nan,0.0153657,0.0826667,-0.01,1.4875
664,44.9559,723.333,0.0628205,0.0833333,0.0416667,0.143743,1.20364,0.230836,-0.00950075,4.30654,5.92593e-05,0.0106477,0.346474,16531.1,0.49582,0.247506,-0.2,0.05,56.4558,8.15923e+06,0.216641,0.0328363,0.598381,0.0113019,-0.470151,0.723333,0.1679,nan,nan,nan,nan,-0.0287245,-0.118494,-0.0233382,nan,-0.295275,-0.000333333,-0.0369645,-0.507614,nan,0.0112945,0.0926667,-0.0173333,1.89167
665,56.9985,775,0.067627,0.125,0.0416667,0.138899,1.20173,0.248797,-0.00818882,4.30685,5.92593e-05,0.00776004,0.346527,17417.3,0.462034,0.24347,-0.2,0.05,57.1625,8.17152e+06,0.425233,0.0328834,0.646616,0.0110749,-0.488734,0.775,0.164625,nan,nan,nan,nan,-0.0279292,-0.120558,-0.0219174,nan,-0.315234,0,-0.0354951,-0.544377,nan,0.0112402,0.101,-0.0135,2.25
666,68.7917,1000,0.0659228,0.0416667,0,0.138024,1.18697,0.229755,-0.00899431,4.30911,5.92593e-05,0.00595898,0.346579,17681.2,0.456065,0.238909,-0.2,0.05,57.8588,8.18381e+06,0.329949,0.0269276,0.852643,0.0141366,-0.641001,1,0.2185,nan,nan,nan,nan,-0.038765,-0.166686,-0.0318558,nan,-0.405046,0,-0.0455892,-0.686419,nan,0.0132892,0.146,-0.034,2.8875
667,66.1285,1000,0.0653843,0.208333,0,0.140314,1.1738,0.223189,-0.0091282,4.31016,5.92593e-05,0.0113608,0.346593,17653.2,0.453356,0.242723,-0.2,0.05,58.5561,8.1961e+06,0.480916,0.0377749,0.829356,0.0144791,-0.639343,1,0.22682,nan,nan,nan,nan,-0.0373507,-0.155859,-0.0288324,nan,-0.403118,-0.0004,-0.0450009,-0.693252,nan,0.0155364,0.1336,-0.0164,2.5875
668,42.4844,553.333,0.067055,0.0416667,0.0833333,0.141998,1.21111,0.275134,-0.00784571,4.30973,5.92593e-05,0.00929785,0.34655,17172.2,0.462569,0.253005,-0.2,0.05,59.273,8.20838e+06,0.239147,0.0232557,0.458622,0.00895064,-0.358847,0.553333,0.127567,nan,nan,nan,nan,-0.0224694,-0.0993427,-0.0165216,nan,-0.224435,-0.001,-0.0246874,-0.372827,nan,0.0103075,0.072,-0.0113333,1.7625
669,59.127,880.667,0.0681201,0.0833333,0.0416667,0.13887,1.19644,0.26372,-0.008427,4.3086,8.88889e-05,0.00443149,0.346545,16850,0.474723,0.254534,-0.2,0.05,60.0036,8.22067e+06,0.361271,0.0383079,0.727908,0.0136935,-0.567281,0.880667,0.2045,nan,nan,nan,nan,-0.0354346,-0.147047,-0.0272314,nan,-0.357656,0,-0.0392236,-0.629417,nan,0.0161263,0.118,-0.0133333,2.4125
670,54.9532,904.857,0.0659751,0.208333,0.0833333,0.140758,1.20377,0.274718,-0.0103106,4.30779,8.88889e-05,0.012727,0.3465,17311.1,0.469488,0.240344,-0.2,0.05,60.7145,8.23296e+06,0.457378,0.0321765,0.758829,0.0113393,-0.579506,0.904857,0.177371,nan,nan,nan,nan,-0.0304671,-0.126129,-0.0239967,nan,-0.366115,-0.000142857,-0.0423957,-0.642803,nan,0.0134777,0.116286,-0.0142857,2.10179
671,39.4908,682,0.0642253,0.0833333,0.166667,0.141984,1.20527,0.279088,-0.0107729,4.30714,8.88889e-05,0.0130749,0.346527,17287.9,0.454232,0.256553,-0.2,0.05,61.4266,8.24525e+06,0.332555,0.0292663,0.56259,0.00889596,-0.434785,0.682,0.1265,nan,nan,nan,nan,-0.0234185,-0.0998588,-0.0170645,nan,-0.276943,0,-0.0335214,-0.486759,nan,0.0185815,0.0816667,-0.00766667,1.5125
672,34.4951,440,0.0685394,0,0.0833333,0.145324,1.20561,0.254193,-0.0100653,4.30657,8.88889e-05,0.015968,0.346413,17062,0.463445,0.256752,-0.2,0.05,62.148,8.25754e+06,0.375254,0.0186672,0.365749,0.00734694,-0.283487,0.44,0.1034,nan,nan,nan,nan,-0.0188631,-0.076064,-0.0131134,nan,-0.179688,0,-0.0177811,-0.309882,nan,0.011467,0.07,-0.012,1.24375
673,46.5875,721.2,0.0642829,0.0833333,0.125,0.145599,1.17072,0.265964,-0.00866675,4.30196,8.88889e-05,0.00823237,0.346341,17750.7,0.45295,0.239305,-0.2,0.05,62.8418,8.26982e+06,0.256774,0.0223789,0.597975,0.0105729,-0.462356,0.7212,0.1613,nan,nan,nan,nan,-0.0285968,-0.113745,-0.0227293,nan,-0.292458,-0.0002,-0.0351273,-0.527085,nan,0.0114727,0.104,-0.014,1.94
674,52.6762,807.4,0.0651684,0.166667,0.0416667,0.144155,1.20158,0.273767,-0.0109858,4.30133,8.88889e-05,0.00639372,0.346355,17801.7,0.452677,0.237593,-0.2,0.05,63.5335,8.28211e+06,0.41132,0.032865,0.669239,0.0110891,-0.524284,0.8074,0.16628,nan,nan,nan,nan,-0.0298351,-0.116916,-0.0229014,nan,-0.328648,0,-0.0395152,-0.566519,nan,0.012834,0.09,-0.0136,2.075
675,17.7832,323,0.0651301,0,0.0833333,0.141764,1.17683,0.240763,-0.0115124,4.30004,8.88889e-05,0.0132936,0.346238,16806,0.467254,0.263914,-0.2,0.05,64.2659,8.2944e+06,0.120718,0.00932429,0.256545,0.00452278,-0.207141,0.323,0.07245,nan,nan,nan,nan,-0.0159003,-0.0537827,-0.00991961,nan,-0.132152,0,-0.0149,-0.261574,nan,0.00971739,0.04,-0.008,0.75625
676,60.6378,1000,0.0642244,0.208333,0,0.14294,1.16118,0.259123,-0.0102503,4.29467,8.88889e-05,0.0130207,0.34608,17215.8,0.472247,0.241518,-0.2,0.05,64.9809,8.30669e+06,0.448543,0.0411507,0.838655,0.0132315,-0.649519,1,0.194,nan,nan,nan,nan,-0.032546,-0.147738,-0.025801,nan,-0.406532,0,-0.045985,-0.687841,nan,0.0148706,0.1284,-0.016,2.365
677,62.5185,899.4,0.0655311,0.0833333,0.125,0.146726,1.22305,0.238616,-0.0112473,4.28944,8.88889e-05,0.0124153,0.345942,17274.5,0.467198,0.24414,-0.2,0.05,65.6936,8.31898e+06,0.46352,0.0381643,0.728605,0.0133825,-0.588982,0.8994,0.2121,nan,nan,nan,nan,-0.0386653,-0.169838,-0.029049,nan,-0.368049,0,-0.0421947,-0.673666,nan,0.0150985,0.1208,-0.0172,2.5625
678,58.74,933,0.0648574,0.125,0.0833333,0.145526,1.19608,0.280908,-0.0107656,4.2859,8.88889e-05,0.0101838,0.345888,17846,0.447357,0.241201,-0.2,0.05,66.3833,8.33126e+06,0.51487,0.0285335,0.758748,0.0128926,-0.605359,0.933,0.21422,nan,nan,nan,nan,-0.0368156,-0.154333,-0.0273152,nan,-0.378189,0,-0.0487706,-0.700609,nan,0.0137259,0.1184,-0.016,2.31
679,72.2528,1000,0.0684505,0.0833333,0,0.144684,1.19401,0.225403,-0.0103742,4.28311,8.88889e-05,0.0138459,0.345742,17890.2,0.448382,0.238475,-0.2,0.05,67.0714,8.34355e+06,0.455437,0.0302549,0.82402,0.0142078,-0.641972,1,0.2394,nan,nan,nan,nan,-0.0394954,-0.170551,-0.0312023,nan,-0.405142,0,-0.0553328,-0.717045,nan,0.0120586,0.161,-0.013,2.95
680,64.4516,960,0.0658955,0.0416667,0.0416667,0.143277,1.19521,0.240687,-0.0108275,4.27872,8.88889e-05,0.013182,0.345685,17918.8,0.447692,0.23807,-0.2,0.05,67.7584,8.35584e+06,0.649873,0.0272742,0.809581,0.0125687,-0.60935,0.96,0.20225,nan,nan,nan,nan,-0.0340395,-0.131415,-0.0271796,nan,-0.388653,0,-0.053328,-0.703553,nan,0.0130534,0.125,-0.017,2.3875
681,77.315,1000,0.0665153,0.0416667,0,0.143773,1.17809,0.237466,-0.00930559,4.27832,8.88889e-05,0.0125798,0.345707,17851.3,0.446584,0.24177,-0.2,0.05,68.448,8.36813e+06,0.425692,0.0383657,0.814725,0.0148712,-0.643458,1,0.2429,nan,nan,nan,nan,-0.0400738,-0.163474,-0.033923,nan,-0.407534,0,-0.0450322,-0.749208,nan,0.0208997,0.134,-0.018,3.275
682,59.0056,988.667,0.0663685,0.0833333,0.0416667,0.145693,1.18901,0.281582,-0.0100112,4.27772,8.88889e-05,0.0134985,0.345624,17751.6,0.450491,0.241727,-0.2,0.05,69.1414,8.38042e+06,0.39224,0.0448522,0.8184,0.0134988,-0.634053,0.988667,0.210933,nan,nan,nan,nan,-0.0372619,-0.148602,-0.0266725,nan,-0.402174,0,-0.0503106,-0.730965,nan,0.0213946,0.112,-0.0133333,2.39167
683,63.1425,988.8,0.0666154,0.0833333,0.125,0.143648,1.19926,0.272159,-0.010749,4.275,8.88889e-05,0.0100623,0.345604,17973.7,0.445601,0.238064,-0.2,0.05,69.8263,8.3927e+06,0.44563,0.039887,0.814059,0.0130902,-0.63123,0.9888,0.21496,nan,nan,nan,nan,-0.0387282,-0.154821,-0.0293533,nan,-0.400842,0,-0.049767,-0.740517,nan,0.0171563,0.124,-0.0152,2.56
684,65.7775,1000,0.0636448,15.2083,0,0.15376,1.09586,0.195794,-0.010755,4.27456,8.88889e-05,0.0176129,0.345556,12905.1,0.59436,0.357822,-0.2,0.05,70.7798,8.40499e+06,0.438171,0.0375279,0.829228,0.0141375,-0.643773,1,0.224855,nan,nan,nan,nan,-0.0381682,-0.164427,-0.0304559,nan,-0.406113,-0.000608219,-0.0497152,-0.723165,nan,0.0154377,0.133501,-0.0180712,2.67051
685,57.5499,1000,0.0644665,0.0833333,0,0.151361,1.19551,0.244603,-0.010243,4.27249,8.88889e-05,0.0114248,0.345512,14307.9,0.532293,0.326532,-0.2,0.05,71.6401,8.41728e+06,0.436927,0.0458244,0.839175,0.0112292,-0.636429,1,0.1672,nan,nan,nan,nan,-0.0296988,-0.128549,-0.024019,nan,-0.405625,0,-0.0519609,-0.710393,nan,0.011566,0.106,-0.01,2.25625
686,36.6472,564.667,0.0636138,0.125,0.125,0.14997,1.17951,0.260029,-0.0113949,4.27094,8.88889e-05,0.0130824,0.345466,14509,0.522589,0.324335,-0.2,0.05,72.4882,8.42957e+06,0.219359,0.013801,0.462936,0.00792882,-0.358934,0.564667,0.1197,nan,nan,nan,nan,-0.0219694,-0.0929375,-0.016292,nan,-0.229244,-0.000666667,-0.0310113,-0.424362,nan,0.0118005,0.078,-0.01,1.53958
687,59.1833,969.2,0.0634354,0.166667,0.0416667,0.147641,1.22465,0.227172,-0.00911449,4.26998,8.88889e-05,0.0141634,0.345471,14805.3,0.509642,0.320329,-0.2,0.05,73.3197,8.44186e+06,0.466555,0.0329295,0.79935,0.0121099,-0.620938,0.9692,0.20184,nan,nan,nan,nan,-0.0350233,-0.146026,-0.0275319,nan,-0.393803,-0.0006,-0.0479858,-0.708342,nan,0.0154309,0.118,-0.016,2.34
688,51.3613,820.6,0.0655361,0.166667,0.0416667,0.148921,1.19327,0.247327,-0.0100854,4.26894,8.88889e-05,0.00757376,0.345379,14595.6,0.518768,0.323128,-0.2,0.05,74.163,8.45414e+06,0.293732,0.0305233,0.675877,0.0107368,-0.527913,0.8206,0.17768,nan,nan,nan,nan,-0.0301777,-0.132081,-0.0233151,nan,-0.333135,-0.0004,-0.0396072,-0.593524,nan,0.0120697,0.098,-0.016,2.145
689,55.2616,850.778,0.0668118,0.291667,0.0833333,0.146736,1.19571,0.267271,-0.0106068,4.26497,8.88889e-05,0.00831664,0.345279,14276.4,0.521606,0.339113,-0.2,0.05,75.0249,8.46643e+06,0.394089,0.0392189,0.701745,0.0125208,-0.54698,0.850778,0.187589,nan,nan,nan,nan,-0.0327385,-0.146148,-0.0256258,nan,-0.34581,-0.000333333,-0.0428336,-0.622548,nan,0.0136558,0.109111,-0.0173333,2.23472
690,51.322,784.25,0.0663416,0.125,0.0416667,0.147014,1.22565,0.261952,-0.0104559,4.26359,8.88889e-05,0.0149653,0.34532,14719.7,0.518899,0.315899,-0.2,0.05,75.8608,8.47872e+06,0.212509,0.0258581,0.645656,0.0107991,-0.507233,0.78425,0.188825,nan,nan,nan,nan,-0.0325617,-0.140526,-0.0248323,nan,-0.317957,0,-0.0399769,-0.558303,nan,0.0114701,0.1075,-0.015,2.21563
691,40.7414,582,0.0637474,0.0833333,0.0833333,0.150208,1.21835,0.258357,-0.00955738,4.26511,8.88889e-05,0.00887793,0.345321,16344.4,0.480098,0.271717,-0.2,0.05,76.6139,8.49101e+06,0.28701,0.0216329,0.488001,0.00910257,-0.367363,0.582,0.1374,nan,nan,nan,nan,-0.023858,-0.0998697,-0.0186849,nan,-0.234927,0,-0.0289348,-0.408826,nan,0.00938757,0.0945,-0.0095,1.6
692,56.4227,854.364,0.065605,0.375,0.0833333,0.146583,1.21319,0.222159,-0.0104181,4.2634,8.88889e-05,0.0114495,0.345234,17824.8,0.452652,0.236723,-0.2,0.05,77.3047,8.5033e+06,0.348187,0.0301795,0.70641,0.011868,-0.550628,0.854364,0.1971,nan,nan,nan,nan,-0.0339879,-0.142998,-0.0262467,nan,-0.347835,-0.000181818,-0.0420128,-0.634888,nan,0.0135308,0.118364,-0.0141818,2.33409
693,62.6697,1000,0.0694013,0.166667,0,0.143708,1.20818,0.21775,-0.00983503,4.25888,8.88889e-05,0.0107459,0.345056,17948.6,0.451849,0.232773,-0.2,0.05,77.9906,8.51558e+06,0.508865,0.0303209,0.821762,0.0118086,-0.641281,1,0.21245,nan,nan,nan,nan,-0.0340338,-0.143845,-0.0283386,nan,-0.406253,-0.00025,-0.0516068,-0.753229,nan,0.0159897,0.1125,-0.012,2.49062
694,60.9393,812.25,0.0661982,0.125,0.0416667,0.144535,1.22408,0.24067,-0.0107025,4.25417,8.88889e-05,0.0124639,0.345028,17892.8,0.452387,0.234371,-0.2,0.05,78.6786,8.52787e+06,0.418434,0.0205162,0.68313,0.0121435,-0.525743,0.81225,0.1816,nan,nan,nan,nan,-0.0334519,-0.153415,-0.0265202,nan,-0.331651,0,-0.0405193,-0.57936,nan,0.0129241,0.1125,-0.019,2.50312
695,68.0776,1000,0.0656186,0.166667,0,0.147532,1.20455,0.246484,-0.0101832,4.25525,8.88889e-05,0.00854716,0.345076,18018.1,0.44555,0.236431,-0.2,0.05,79.362,8.54016e+06,0.326327,0.0399456,0.840726,0.0132578,-0.642416,1,0.23925,nan,nan,nan,nan,-0.0397221,-0.162735,-0.0306926,nan,-0.407131,0,-0.0497913,-0.718464,nan,0.0126978,0.133,-0.016,2.86562
696,57.7873,827.8,0.064167,0.125,0.0833333,0.146434,1.20083,0.280642,-0.00976682,4.25672,8.88889e-05,0.014251,0.345136,14200.9,0.522031,0.343268,-0.2,0.05,80.2286,8.55245e+06,0.383564,0.0307898,0.674781,0.0116025,-0.539009,0.8278,0.19536,nan,nan,nan,nan,-0.0346607,-0.154546,-0.0270958,nan,-0.337706,0,-0.0399428,-0.607785,nan,0.0158119,0.1112,-0.0108,2.39
697,42.4166,654.25,0.0674437,0.0833333,0.0833333,0.145166,1.21769,0.250987,-0.0110005,4.25877,8.88889e-05,0.014039,0.345184,14372.2,0.537452,0.317533,-0.2,0.05,81.0847,8.56474e+06,0.210914,0.0213467,0.53272,0.00873788,-0.412242,0.65425,0.1559,nan,nan,nan,nan,-0.0274532,-0.115371,-0.0202465,nan,-0.265462,-0.00075,-0.035604,-0.474902,nan,0.0128678,0.0835,-0.0105,1.80313
698,63.0701,1000,0.0672179,0.25,0,0.142174,1.20105,0.229942,-0.010907,4.25982,8.88889e-05,0.0133152,0.345205,13840.5,0.529675,0.358152,-0.2,0.05,81.9741,8.57702e+06,0.431365,0.0355838,0.823198,0.0128888,-0.645085,1,0.230167,nan,nan,nan,nan,-0.0382163,-0.166204,-0.0302704,nan,-0.405292,0,-0.0521825,-0.726547,nan,0.0150145,0.135333,-0.0183333,2.55208
699,57.5772,843.25,0.0671925,0.125,0.0416667,0.14162,1.196,0.255146,-0.0109282,4.26082,8.88889e-05,0.0118716,0.34526,14435.6,0.523438,0.327788,-0.2,0.05,82.8267,8.58931e+06,0.484818,0.0309213,0.699129,0.0123536,-0.545347,0.84325,0.202525,nan,nan,nan,nan,-0.0339508,-0.143861,-0.0267758,nan,-0.343576,0,-0.0416691,-0.617964,nan,0.0152573,0.1165,-0.0165,2.24375
700,52.6165,793,0.0678814,0.0833333,0.0416667,0.145434,1.20079,0.271253,-0.0108605,4.26207,8.88889e-05,0.017228,0.345249,13965.6,0.53791,0.341969,-0.2,0.05,83.7081,8.6016e+06,0.443374,0.0296454,0.663451,0.0111931,-0.513863,0.793,0.190067,nan,nan,nan,nan,-0.032151,-0.127672,-0.0252066,nan,-0.323474,0,-0.0423352,-0.570621,nan,0.0102524,0.108,-0.012,2.02917
701,49.8947,881,0.0642013,0.166667,0.0416667,0.145188,1.21124,0.228799,-0.01098,4.26111,8.88889e-05,0.00914827,0.345208,13945.7,0.51724,0.363889,-0.2,0.05,86.4081,8.61389e+06,0.357597,0.0299686,0.730104,0.009358,-0.575863,0.881,0.17136,nan,nan,nan,nan,-0.0295568,-0.12243,-0.0223231,nan,-0.360325,-0.0004,-0.0447159,-0.640057,nan,0.0130172,0.0908,-0.0128,2.02
702,55.5408,919.571,0.0664478,0.25,0.0416667,0.145223,1.22715,0.265238,-0.0092179,4.25844,8.88889e-05,0.0114647,0.345083,13590.8,0.521286,0.382856,-0.2,0.05,87.3143,8.62618e+06,0.363513,0.0375233,0.75092,0.0108237,-0.596578,0.919571,0.2005,nan,nan,nan,nan,-0.0338179,-0.146264,-0.0273974,nan,-0.375981,0,-0.0473219,-0.684991,nan,0.0173942,0.116571,-0.0131429,2.28571
703,31.5332,554.25,0.0677554,0.0416667,0.125,0.144304,1.23196,0.301643,-0.010512,4.25404,8.88889e-05,0.0136798,0.344986,13604.9,0.559573,0.343628,-0.2,0.05,88.2191,8.63846e+06,0.288096,0.027801,0.453978,0.00504372,-0.361288,0.55425,0.0807,nan,nan,nan,nan,-0.0155253,-0.0667057,-0.0127442,nan,-0.226921,0,-0.0273247,-0.39433,nan,0.0150068,0.0485,-0.0075,1.21562
704,56.779,794,0.0650325,0.125,0.0833333,0.148015,1.21034,0.27481,-0.0100876,4.25262,8.88889e-05,0.0123952,0.345026,13422.9,0.547248,0.368202,-0.2,0.05,89.136,8.65075e+06,0.369176,0.0299157,0.663486,0.0113843,-0.517904,0.794,0.18406,nan,nan,nan,nan,-0.0314363,-0.14087,-0.025966,nan,-0.321038,-0.0008,-0.0411632,-0.56334,nan,0.0124439,0.108,-0.016,2.325
705,58.9331,899.8,0.0702777,0.166667,0.0416667,0.145124,1.20254,0.282712,-0.0111023,4.25354,8.88889e-05,0.0113888,0.344991,15433.6,0.520773,0.275412,-0.2,0.05,89.9333,8.66304e+06,0.397153,0.0382492,0.748266,0.0117904,-0.588935,0.8998,0.19792,nan,nan,nan,nan,-0.0348685,-0.1551,-0.0276432,nan,-0.367566,0,-0.0480471,-0.66398,nan,0.0138169,0.1172,-0.0164,2.425
706,76.1325,1000,0.0676096,0.0416667,0,0.146115,1.1918,0.252235,-0.0101809,4.25202,8.88889e-05,0.0170426,0.34497,13893.8,0.513056,0.371368,-0.2,0.05,90.8191,8.67533e+06,0.444572,0.0318966,0.847029,0.0151344,-0.644434,1,0.2293,nan,nan,nan,nan,-0.0401804,-0.194755,-0.0334113,nan,-0.407528,0,-0.0490055,-0.730456,nan,0.0144608,0.142,-0.018,3.2
707,55.5065,848.667,0.0699545,0.0833333,0.0416667,0.14705,1.18427,0.248627,-0.0113776,4.25128,8.88889e-05,0.0150097,0.344944,14203.6,0.538163,0.326969,-0.2,0.05,91.6856,8.68762e+06,0.47373,0.0291065,0.67412,0.0104929,-0.555342,0.848667,0.208,nan,nan,nan,nan,-0.0360168,-0.164409,-0.0262548,nan,-0.347761,-0.00566667,-0.0459147,-0.617168,nan,0.0179076,0.11,-0.0106667,2.2125
708,48.8791,790.25,0.0676746,0.0833333,0.0833333,0.145794,1.21561,0.273416,-0.0115667,4.24929,8.88889e-05,0.0136869,0.344847,14697.3,0.510181,0.32589,-0.2,0.05,92.523,8.6999e+06,0.284504,0.0244205,0.645346,0.0105579,-0.517373,0.79025,0.18155,nan,nan,nan,nan,-0.0319868,-0.141042,-0.0241002,nan,-0.321882,0,-0.044841,-0.601904,nan,0.0154554,0.101,-0.0135,2.0875
709,52.9417,830.333,0.0663825,0.125,0.125,0.140871,1.18324,0.287024,-0.0103738,4.2472,8.88889e-05,0.00972639,0.344871,14624.8,0.528265,0.311951,-0.2,0.05,93.3649,8.71219e+06,0.339982,0.0298058,0.683984,0.0101397,-0.545387,0.830333,0.175783,nan,nan,nan,nan,-0.0320375,-0.138621,-0.0249069,nan,-0.340358,-0.000166667,-0.0447663,-0.60994,nan,0.0134903,0.095,-0.014,2.21875
710,76.8543,1000,0.06817,0.0833333,0,0.142526,1.18979,0.246702,-0.0105481,4.2476,8.88889e-05,0.012319,0.344814,13542.8,0.521549,0.385799,-0.2,0.05,94.2736,8.72448e+06,0.318205,0.0342453,0.812382,0.0139843,-0.64586,1,0.25145,nan,nan,nan,nan,-0.0405585,-0.192949,-0.0302852,nan,-0.410038,0,-0.0458631,-0.741131,nan,0.0198843,0.133,-0.015,3.38125
711,54.0866,912.5,0.0702006,0.125,0.0416667,0.144256,1.19348,0.261274,-0.0101989,4.24572,8.88889e-05,0.0125993,0.344826,13580.1,0.564487,0.340364,-0.2,0.05,95.1797,8.73677e+06,0.37516,0.0332705,0.752369,0.0104578,-0.585585,0.9125,0.183025,nan,nan,nan,nan,-0.0314761,-0.143549,-0.0240486,nan,-0.37012,0,-0.0489625,-0.658888,nan,0.015676,0.1005,-0.016,2.2
712,65.7889,982.25,0.0685978,0.291667,0.0416667,0.141871,1.20269,0.243,-0.0107262,4.24626,8.88889e-05,0.015034,0.344811,13854.2,0.546147,0.340804,-0.2,0.05,96.0684,8.74906e+06,0.503642,0.0340868,0.805226,0.0114953,-0.644892,0.98225,0.197775,nan,nan,nan,nan,-0.0351933,-0.160732,-0.029122,nan,-0.401586,-0.000375,-0.0484902,-0.71107,nan,0.0144964,0.117,-0.0185,2.67344
713,62.4779,1000,0.0691315,0.25,0,0.14403,1.20569,0.249209,-0.0112125,4.24487,8.88889e-05,0.0123713,0.344754,15606.2,0.48093,0.306448,-0.2,0.05,96.8572,8.76134e+06,0.438569,0.0430001,0.820274,0.0128864,-0.649638,1,0.216417,nan,nan,nan,nan,-0.0379632,-0.175538,-0.030062,nan,-0.409132,0,-0.0502366,-0.75734,nan,0.0173248,0.127,-0.0166667,2.575
714,73.4547,1000,0.0651354,0.0833333,0,0.143231,1.18621,0.274698,-0.00990644,4.2437,8.88889e-05,0.00967324,0.344769,14196.8,0.529095,0.33645,-0.2,0.05,97.7242,8.77363e+06,0.286666,0.0387401,0.836007,0.0134306,-0.641239,1,0.23705,nan,nan,nan,nan,-0.0419272,-0.184675,-0.0326325,nan,-0.405646,0,-0.0537815,-0.700491,nan,0.0122312,0.159,-0.025,3.175
715,59.4776,858.125,0.0707041,0.166667,0.166667,0.143109,1.22808,0.287936,-0.010676,4.24294,8.88889e-05,0.00827632,0.344672,12216.4,0.599632,0.406229,-0.2,0.05,98.7313,8.78592e+06,0.416583,0.0321312,0.698428,0.011151,-0.564012,0.858125,0.190337,nan,nan,nan,nan,-0.0344724,-0.159274,-0.0271405,nan,-0.351325,-0.000375,-0.0418961,-0.635293,nan,0.0151631,0.10725,-0.0165,2.475
716,61.5898,918,0.0694189,0.125,0.125,0.146606,1.23623,0.282957,-0.0105857,4.23858,8.88889e-05,0.0100251,0.344547,13877.1,0.55389,0.331597,-0.2,0.05,99.6183,8.79821e+06,0.436361,0.0296646,0.747221,0.0114264,-0.608472,0.918,0.19925,nan,nan,nan,nan,-0.037095,-0.172728,-0.0289213,nan,-0.37748,-0.000166667,-0.0454057,-0.669223,nan,0.0161407,0.113,-0.0166667,2.56458
717,76.8222,1000,0.0670243,0.0416667,0,0.145071,1.23426,0.24566,-0.00990622,4.2347,8.88889e-05,0.00960791,0.34446,15586.6,0.489202,0.299167,-0.2,0.05,100.408,8.8105e+06,0.626541,0.044381,0.788309,0.0125332,-0.654471,1,0.2415,nan,nan,nan,nan,-0.0421742,-0.191408,-0.0348967,nan,-0.414598,0,-0.0515151,-0.775528,nan,0.0179383,0.134,-0.022,3.1625
718,72.6549,1000,0.0683934,0.208333,0,0.143558,1.1972,0.244912,-0.00986678,4.23315,8.88889e-05,0.0130281,0.344471,14275.2,0.52353,0.337263,-0.2,0.05,101.27,8.82278e+06,0.50006,0.0356026,0.827502,0.0134652,-0.655836,1,0.23542,nan,nan,nan,nan,-0.0427765,-0.200978,-0.0341505,nan,-0.410685,-0.0002,-0.0496335,-0.744424,nan,0.0180777,0.1564,-0.0176,3.0025
719,56.243,962,0.0710588,0.125,0.0416667,0.144607,1.22069,0.268563,-0.0112394,4.23435,8.88889e-05,0.0188147,0.34452,14006.6,0.545489,0.331813,-0.2,0.05,102.149,8.83507e+06,0.471418,0.0383503,0.785526,0.0107029,-0.631933,0.962,0.179525,nan,nan,nan,nan,-0.0319896,-0.147097,-0.0260068,nan,-0.395351,-0.00025,-0.0473487,-0.727769,nan,0.0158734,0.1055,-0.0115,2.2625
720,58.1074,987.5,0.0693646,0.125,0.0416667,0.144235,1.19981,0.243042,-0.0104068,4.23407,8.88889e-05,0.0134092,0.344435,14662.6,0.536968,0.301081,-0.2,0.05,102.988,8.84736e+06,0.343521,0.0362486,0.814771,0.0121432,-0.650979,0.9875,0.21105,nan,nan,nan,nan,-0.0380926,-0.162427,-0.0287802,nan,-0.404401,-0.00025,-0.0501718,-0.721175,nan,0.0169132,0.129,-0.0145,2.425
721,68.2214,947.75,0.0724728,0.0833333,0.0833333,0.138662,1.21567,0.30232,-0.0101334,4.23077,8.88889e-05,0.0176291,0.344349,14259,0.499749,0.362022,-0.2,0.05,103.851,8.85965e+06,0.352857,0.0421009,0.778042,0.0136011,-0.614846,0.94775,0.219575,nan,nan,nan,nan,-0.0416702,-0.201026,-0.0326588,nan,-0.388284,-0.00025,-0.0490152,-0.686719,nan,0.0206129,0.1315,-0.018,2.9375
722,47.9093,955,0.0726348,0.0416667,0.0416667,0.1395,1.19573,0.275849,-0.010468,4.22771,8.88889e-05,0.0105085,0.344232,14085.6,0.542079,0.330302,-0.2,0.05,104.725,8.87194e+06,0.54139,0.0337898,0.782163,0.00893659,-0.634509,0.955,0.1582,nan,nan,nan,nan,-0.0295416,-0.13834,-0.0230159,nan,-0.394343,-0.002,-0.0446877,-0.71972,nan,0.0141421,0.076,-0.013,1.825
723,54.0197,1000,0.0728761,0.0416667,0,0.139978,1.18805,0.248729,-0.0104295,4.22303,8.88889e-05,0.0122401,0.344104,14259.5,0.541695,0.320046,-0.2,0.05,105.588,8.88422e+06,0.371489,0.0323501,0.813184,0.0144304,-0.648152,1,0.2356,nan,nan,nan,nan,-0.0412187,-0.208064,-0.0340059,nan,-0.407902,0,-0.0495909,-0.77336,nan,0.0187242,0.158,-0.018,2.2375
724,63.161,925.857,0.0670836,0.166667,0.125,0.145215,1.20442,0.299775,-0.0103888,4.21951,8.88889e-05,0.0140023,0.344049,15422.9,0.526793,0.269945,-0.2,0.05,106.386,8.89651e+06,0.360994,0.0417001,0.752614,0.0121585,-0.604762,0.925857,0.223043,nan,nan,nan,nan,-0.0399879,-0.182669,-0.0313984,nan,-0.380148,0,-0.0430261,-0.702911,nan,0.0177984,0.119429,-0.016,2.70536
725,67.8777,1000,0.0705001,13.7917,0,0.142993,1.20758,0.26646,-0.0104908,4.21906,8.88889e-05,0.0102429,0.344086,15874.9,0.525755,0.248298,-0.2,0.05,107.162,8.9088e+06,0.419775,0.035926,0.817433,0.0126522,-0.659562,1,0.223653,nan,nan,nan,nan,-0.0401193,-0.1933,-0.0326986,nan,-0.41148,-0.000277946,-0.0484969,-0.748446,nan,0.0161484,0.13064,-0.0169728,2.88901
726,54.8112,1000,0.0651025,0.0833333,0,0.147516,1.13633,0.232069,-0.0103421,4.21984,8.88889e-05,0.00981401,0.344058,17567.8,0.455182,0.24428,-0.2,0.05,107.862,8.92109e+06,0.47031,0.036347,0.824034,0.0107705,-0.661155,1,0.1938,nan,nan,nan,nan,-0.0357011,-0.171222,-0.0274134,nan,-0.411901,0,-0.0500018,-0.77227,nan,0.0154634,0.117,-0.01,2.2125
727,65.7423,1000,0.0707125,0.125,0,0.145474,1.22575,0.254199,-0.00962605,4.21785,8.88889e-05,0.0127156,0.344012,17794.4,0.450381,0.240174,-0.2,0.05,108.554,8.93338e+06,0.399419,0.0349319,0.828722,0.0134997,-0.657216,1,0.242867,nan,nan,nan,nan,-0.0429658,-0.199661,-0.0339799,nan,-0.412188,0,-0.0497829,-0.720816,nan,0.0146184,0.131333,-0.02,2.75833
728,53.5788,850,0.0714561,0.166667,0.0833333,0.149376,1.22335,0.319219,-0.0109668,4.21711,8.88889e-05,0.00819536,0.344011,17882.1,0.449873,0.237296,-0.2,0.05,109.243,8.94566e+06,0.356917,0.0340208,0.694544,0.0101296,-0.563212,0.85,0.17065,nan,nan,nan,nan,-0.0319296,-0.160042,-0.0253484,nan,-0.351873,0,-0.0405078,-0.635869,nan,0.0143746,0.105667,-0.0173333,2.26875
729,59.3138,847.667,0.0692056,0.208333,0.0416667,0.146694,1.21403,0.263948,-0.0107743,4.21714,8.88889e-05,0.0129692,0.34402,13683.6,0.514538,0.383469,-0.2,0.05,110.142,8.95795e+06,0.322998,0.0253821,0.693791,0.01139,-0.551822,0.847667,0.199567,nan,nan,nan,nan,-0.0366481,-0.180395,-0.0301998,nan,-0.350927,-0.000833333,-0.0390442,-0.619969,nan,0.0154844,0.125333,-0.014,2.54792
730,59.2777,861.636,0.0696076,0.375,0.0833333,0.147508,1.21444,0.279077,-0.0116026,4.2177,8.88889e-05,0.0150412,0.344037,13703.7,0.562992,0.333702,-0.2,0.05,111.04,8.97024e+06,0.468991,0.0259799,0.708208,0.0106735,-0.56664,0.861636,0.1933,nan,nan,nan,nan,-0.0346655,-0.169805,-0.0275078,nan,-0.354377,-0.000181818,-0.0422092,-0.63191,nan,0.0154815,0.112909,-0.0150909,2.40909
731,64.4441,877.571,0.0732615,0.25,0.0416667,0.144822,1.19562,0.297934,-0.0105961,4.21869,8.88889e-05,0.0102263,0.344115,14137.5,0.521946,0.347233,-0.2,0.05,111.91,8.98253e+06,0.461789,0.0296869,0.724104,0.011725,-0.582635,0.877571,0.193743,nan,nan,nan,nan,-0.0358868,-0.172039,-0.0300829,nan,-0.362822,0,-0.0416079,-0.641356,nan,0.013445,0.116286,-0.0111429,2.67143
732,58.3854,831.2,0.0699855,0.166667,0.0416667,0.142708,1.18029,0.261615,-0.0103841,4.2213,8.88889e-05,0.0121661,0.344142,15647.6,0.512116,0.27318,-0.2,0.05,112.697,8.99482e+06,0.388155,0.028549,0.675222,0.011085,-0.547143,0.8312,0.17242,nan,nan,nan,nan,-0.034884,-0.172979,-0.0287256,nan,-0.342227,-0.0006,-0.0372132,-0.626896,nan,0.0143085,0.126,-0.022,2.485
733,53.2606,722.889,0.070884,0.208333,0.166667,0.143004,1.20291,0.316787,-0.00927437,4.2198,8.88889e-05,0.0148604,0.344007,13689.2,0.528735,0.36891,-0.2,0.05,113.596,9.0071e+06,0.350534,0.0288547,0.588102,0.0104512,-0.484507,0.722889,0.167067,nan,nan,nan,nan,-0.0316666,-0.153373,-0.0253676,nan,-0.299559,-0.000333333,-0.0334463,-0.541387,nan,0.0148812,0.108667,-0.0115556,2.25278
734,71.7172,1000,0.0706042,0.291667,0,0.145372,1.20542,0.234696,-0.010658,4.21546,8.88889e-05,0.0135169,0.343958,14086.5,0.546375,0.32595,-0.2,0.05,114.47,9.01939e+06,0.45112,0.0384902,0.809253,0.0131427,-0.662341,1,0.235543,nan,nan,nan,nan,-0.0430074,-0.215461,-0.0335976,nan,-0.412249,-0.000142857,-0.0459891,-0.730805,nan,0.0161178,0.130571,-0.0165714,3.05179
735,71.3557,1000,0.0695119,0.166667,0,0.145269,1.17844,0.29486,-0.0100286,4.21512,8.88889e-05,0.0124893,0.343966,13657.6,0.525657,0.374063,-0.2,0.05,115.371,9.03168e+06,0.311898,0.0407499,0.819149,0.0135727,-0.662836,1,0.2259,nan,nan,nan,nan,-0.0433188,-0.212873,-0.03644,nan,-0.411143,0,-0.048341,-0.737301,nan,0.0138936,0.1485,-0.0255,3.17188
736,60.6668,848.6,0.0682586,0.166667,0.0416667,0.143685,1.18014,0.229556,-0.0100134,4.21622,8.88889e-05,0.00959659,0.344024,15069.5,0.531798,0.283625,-0.2,0.05,116.188,9.04397e+06,0.369277,0.027287,0.693324,0.0105017,-0.558113,0.8486,0.17626,nan,nan,nan,nan,-0.0333611,-0.169168,-0.0276592,nan,-0.348906,0,-0.0437916,-0.652428,nan,0.0138155,0.1232,-0.018,2.6225
737,62.2179,1000,0.0685596,0.166667,0,0.136983,1.21266,0.245521,-0.0108228,4.21785,8.88889e-05,0.0194392,0.344057,18022.2,0.446128,0.235698,-0.2,0.05,116.871,9.05626e+06,0.442017,0.0443939,0.811671,0.0122306,-0.66543,1,0.21385,nan,nan,nan,nan,-0.0401337,-0.203076,-0.0312151,nan,-0.411035,0,-0.050853,-0.738088,nan,0.0148126,0.1305,-0.0125,2.59375
738,65.9894,932,0.0704757,0.333333,0.0416667,0.140302,1.19447,0.253602,-0.0100944,4.21836,8.88889e-05,0.0098124,0.34405,17975.5,0.443287,0.240311,-0.2,0.05,117.555,9.06854e+06,0.445426,0.0391417,0.757386,0.0124836,-0.615721,0.932,0.207178,nan,nan,nan,nan,-0.0395775,-0.192847,-0.0318099,nan,-0.384815,-0.000111111,-0.0436066,-0.683614,nan,0.0150706,0.128667,-0.018,2.77222
739,12.5642,274,0.0703234,0,0.0416667,0.145412,1.17159,0.279986,-0.0107724,4.21788,8.88889e-05,0.0137909,0.34404,14861.7,0.471686,0.35514,-0.2,0.05,118.383,9.08083e+06,0.0581248,0.00605575,0.217859,0.00355837,-0.177237,0.274,0.0559,nan,nan,nan,nan,-0.0143513,-0.0626717,-0.0101795,nan,-0.111756,0,-0.0118485,-0.232299,nan,0.0075535,0.04,-0.002,0.5875
740,55.2421,1000,0.0672579,0.166667,0,0.145673,1.21241,0.261183,-0.00997917,4.21663,8.88889e-05,0.0118177,0.343954,13321.4,0.566664,0.355758,-0.2,0.05,119.307,9.09312e+06,0.320749,0.035012,0.814703,0.0118704,-0.665138,1,0.199625,nan,nan,nan,nan,-0.0364887,-0.179219,-0.0301393,nan,-0.413925,0,-0.0478825,-0.733922,nan,0.0206111,0.1245,-0.0145,2.35625
741,61.4501,911.571,0.0725225,0.25,0.0416667,0.140804,1.22816,0.28035,-0.0103379,4.21289,8.88889e-05,0.0114296,0.343856,13669.2,0.552244,0.346711,-0.2,0.05,120.208,9.10541e+06,0.446907,0.0340305,0.739015,0.010604,-0.603211,0.911571,0.186086,nan,nan,nan,nan,-0.0359179,-0.177226,-0.0286081,nan,-0.376528,0,-0.0464768,-0.69008,nan,0.0163396,0.115429,-0.0151429,2.58571
742,69.3768,957.8,0.0719009,0.166667,0.0416667,0.14253,1.20693,0.263694,-0.00934488,4.21017,8.88889e-05,0.0196945,0.343793,15355.2,0.542289,0.25796,-0.2,0.05,121.01,9.1177e+06,0.429042,0.0273459,0.764241,0.0129051,-0.643566,0.9578,0.22274,nan,nan,nan,nan,-0.0440888,-0.220635,-0.034143,nan,-0.397984,0,-0.0434985,-0.768189,nan,0.0176715,0.144,-0.0148,3.06
743,70.8403,1000,0.0722002,0.166667,0,0.140492,1.22561,0.295195,-0.010672,4.20685,8.88889e-05,0.0129896,0.343661,16924.6,0.481669,0.244375,-0.2,0.05,121.737,9.12998e+06,0.425175,0.0412458,0.815843,0.0124715,-0.667641,1,0.217,nan,nan,nan,nan,-0.0415155,-0.207662,-0.0358341,nan,-0.413717,-0.00075,-0.0478785,-0.743696,nan,0.015226,0.1375,-0.02,3.05625
744,55.4797,788.7,0.071326,0.25,0.166667,0.144814,1.17123,0.341161,-0.0097493,4.20308,8.88889e-05,0.0115354,0.343628,18027.5,0.446762,0.234863,-0.2,0.05,122.42,9.14227e+06,0.358016,0.0325314,0.631645,0.0092621,-0.527684,0.7887,0.16645,nan,nan,nan,nan,-0.0337141,-0.16617,-0.0262018,nan,-0.325621,-0.0005,-0.037108,-0.600634,nan,0.0169125,0.104,-0.0134,2.3975
745,49.2982,731.75,0.0720714,0.0833333,0.0833333,0.14392,1.18571,0.278334,-0.0108782,4.20274,8.88889e-05,0.0149537,0.343609,18011.1,0.446114,0.236132,-0.2,0.05,123.103,9.15456e+06,0.296452,0.0293974,0.56854,0.00896722,-0.484559,0.73175,0.1639,nan,nan,nan,nan,-0.0326378,-0.156408,-0.0237266,nan,-0.302929,-0.0005,-0.036429,-0.583872,nan,0.0183392,0.103,-0.0125,2.17813
746,65.5796,1000,0.0704403,0.333333,0,0.141296,1.17405,0.269535,-0.00991999,4.20285,8.88889e-05,0.0114954,0.343664,17946.1,0.442029,0.242687,-0.2,0.05,123.789,9.16685e+06,0.427494,0.0364068,0.816883,0.0117702,-0.664457,1,0.2042,nan,nan,nan,nan,-0.0391738,-0.197242,-0.0323335,nan,-0.41517,0,-0.046959,-0.756101,nan,0.018347,0.1315,-0.01775,2.80156
747,56.2591,837.667,0.0716057,0.0833333,0.0416667,0.143644,1.20264,0.274406,-0.010818,4.20503,8.88889e-05,0.0164905,0.343709,14050.4,0.538868,0.335695,-0.2,0.05,124.665,9.17914e+06,0.427073,0.0282622,0.67489,0.0103795,-0.548807,0.837667,0.1585,nan,nan,nan,nan,-0.0320518,-0.168887,-0.0282533,nan,-0.347013,-0.000333333,-0.0393232,-0.660455,nan,0.0189764,0.106667,-0.016,2.39167
748,59.7608,817.8,0.0706145,0.125,0.0833333,0.143117,1.21131,0.318072,-0.00999625,4.20591,8.88889e-05,0.00825082,0.34372,14470.1,0.529886,0.319313,-0.2,0.05,125.516,9.19142e+06,0.32473,0.024279,0.64961,0.00958422,-0.554825,0.8178,0.19002,nan,nan,nan,nan,-0.0351963,-0.173154,-0.0280993,nan,-0.33951,0,-0.0382134,-0.635358,nan,0.0135747,0.1064,-0.0136,2.67
749,58.2761,777,0.0701283,0.0416667,0.0416667,0.148836,1.21446,0.27233,-0.0116353,4.20645,8.88889e-05,0.0175484,0.343747,14348,0.518125,0.338298,-0.2,0.05,126.374,9.20371e+06,0.299421,0.0268381,0.628896,0.00919619,-0.524197,0.777,0.186,nan,nan,nan,nan,-0.0358412,-0.170617,-0.0272169,nan,-0.322226,-0.0005,-0.0374513,-0.566759,nan,0.0107609,0.09,-0.017,2.5875
750,75.7951,1000,0.0715446,0.208333,0,0.146019,1.2077,0.240991,-0.0103355,4.20627,8.88889e-05,0.00958626,0.343707,16088,0.510233,0.253565,-0.2,0.05,127.139,9.216e+06,0.498605,0.0418702,0.796867,0.012718,-0.669956,1,0.22546,nan,nan,nan,nan,-0.0424224,-0.227822,-0.0358497,nan,-0.415814,-0.0004,-0.0435495,-0.784395,nan,0.0177427,0.1492,-0.02,3.2875
751,74.7968,1000,0.0563948,0.166667,0,0.143574,1.19721,0.263058,-0.00743149,4.20519,8.88889e-05,0.00779032,0.343699,18049,0.445488,0.235324,-0.4,0.1,127.821,9.22829e+06,0.468452,0.0358945,0.809533,0.0127088,-0.666068,1,0.231625,nan,nan,nan,nan,-0.0447538,-0.235608,-0.0375741,nan,-0.413658,-0.00075,-0.0446641,-0.756348,nan,0.0146759,0.153,-0.021,3.23438
752,68.6703,927,0.0566416,0.166667,0.0416667,0.142353,1.22646,0.273187,-0.00787717,4.2046,8.88889e-05,0.00861974,0.34366,17613.5,0.443929,0.253719,-0.4,0.1,128.52,9.24058e+06,0.430342,0.035097,0.753188,0.0113312,-0.649008,0.927,0.19734,nan,nan,nan,nan,-0.0395988,-0.200856,-0.0325841,nan,-0.386294,-0.0008,-0.0416852,-0.721071,nan,0.0127159,0.1256,-0.0172,3.03
753,58.5565,888.667,0.056377,0.166667,0.0833333,0.146296,1.19494,0.314853,-0.0079018,4.20213,8.88889e-05,0.0108845,0.343553,13291.8,0.557248,0.367233,-0.4,0.1,129.446,9.25286e+06,0.346357,0.0317339,0.719098,0.0100851,-0.632758,0.888667,0.1913,nan,nan,nan,nan,-0.0373821,-0.187984,-0.0298315,nan,-0.370193,-0.000333333,-0.0406705,-0.672202,nan,0.0167734,0.115333,-0.016,2.59583
754,68.7773,1000,0.0568441,0.25,0,0.148232,1.19772,0.242034,-0.00847314,4.1981,8.88889e-05,0.0158008,0.343468,12545.9,0.605371,0.374075,-0.4,0.1,130.427,9.26515e+06,0.474712,0.030956,0.812199,0.0123548,-0.71264,1,0.230933,nan,nan,nan,nan,-0.0442371,-0.237133,-0.0373175,nan,-0.416818,-0.00133333,-0.0446463,-0.77661,nan,0.0163636,0.132667,-0.0193333,3.01875
755,63.0474,953.167,0.0576172,0.208333,0.0416667,0.144185,1.21973,0.29524,-0.00835965,4.19619,8.88889e-05,0.00996047,0.343431,13753.4,0.555728,0.337724,-0.4,0.1,131.322,9.27744e+06,0.357345,0.0366637,0.758239,0.0114369,-0.706152,0.953167,0.22005,nan,nan,nan,nan,-0.0419819,-0.220927,-0.0339771,nan,-0.393181,-0.000333333,-0.04302,-0.710651,nan,0.0158599,0.133667,-0.013,2.82917
756,58.5559,866.143,0.0581266,0.166667,0.125,0.141586,1.21189,0.301483,-0.00910934,4.19461,8.88889e-05,0.00696452,0.343354,15242.7,0.546759,0.259399,-0.4,0.1,132.129,9.28973e+06,0.425272,0.0335256,0.693437,0.0103621,-0.667919,0.866143,0.184343,nan,nan,nan,nan,-0.0370585,-0.188968,-0.0316831,nan,-0.360631,-0.000428571,-0.0394379,-0.669231,nan,0.0167834,0.118571,-0.0145714,2.58929
757,71.7527,969.125,0.0609086,0.291667,0.0416667,0.139438,1.18761,0.286538,-0.00963909,4.19024,8.88889e-05,0.00987891,0.343197,17060.1,0.478261,0.242018,-0.4,0.1,132.851,9.30202e+06,0.497552,0.0329848,0.789425,0.0113964,-0.744966,0.969125,0.202212,nan,nan,nan,nan,-0.0394883,-0.209418,-0.0333451,nan,-0.401422,-0.000125,-0.0454719,-0.724122,nan,0.0146118,0.137,-0.01675,3.14844
758,68.8948,1000,0.0571359,0.166667,0,0.13712,1.18642,0.269455,-0.00890123,4.18456,8.88889e-05,0.0153904,0.343049,17803.4,0.452526,0.237681,-0.4,0.1,133.542,9.3143e+06,0.500327,0.0423998,0.809391,0.0110969,-0.78548,1,0.2111,nan,nan,nan,nan,-0.0395202,-0.199783,-0.0332539,nan,-0.411198,0,-0.0518208,-0.753182,nan,0.0160372,0.142,-0.0165,3.00312
759,73.7954,1000,0.0575185,0.0833333,0,0.140621,1.19862,0.264219,-0.00995712,4.18002,8.88889e-05,0.0116958,0.342931,17946.1,0.447307,0.237408,-0.4,0.1,134.228,9.32659e+06,0.435514,0.0405127,0.796897,0.0123166,-0.802159,1,0.22975,nan,nan,nan,nan,-0.0431276,-0.214831,-0.0356278,nan,-0.414154,0,-0.0407621,-0.779811,nan,0.0167544,0.148,-0.022,3.3625
760,65.4643,1000,0.0555834,0.25,0,0.139253,1.23288,0.261779,-0.0081911,4.17471,8.88889e-05,0.011105,0.342725,17469.2,0.451773,0.251636,-0.4,0.1,134.933,9.33888e+06,0.364447,0.0366484,0.801916,0.0114923,-0.815893,1,0.228683,nan,nan,nan,nan,-0.0430043,-0.23224,-0.0335143,nan,-0.413262,-0.00116667,-0.0480319,-0.767638,nan,0.0153629,0.124333,-0.0153333,3.06042
761,62.0689,1000,0.0540461,0.125,0,0.138425,1.23706,0.286442,-0.00861518,4.1666,8.88889e-05,0.0177828,0.3425,16971.6,0.457715,0.26632,-0.4,0.1,135.658,9.35117e+06,0.377063,0.0387906,0.807878,0.0111665,-0.824331,1,0.2173,nan,nan,nan,nan,-0.0418399,-0.216815,-0.0351615,nan,-0.414351,-0.000333333,-0.0459431,-0.745225,nan,0.0145796,0.126667,-0.016,2.85
762,58.4912,1000,0.0555507,0.0833333,0,0.140122,1.22561,0.266853,-0.0098561,4.15937,8.88889e-05,0.0122788,0.342304,17636.7,0.448465,0.248263,-0.4,0.1,136.356,9.36346e+06,0.490913,0.0322438,0.814186,0.0105592,-0.839337,1,0.18015,nan,nan,nan,nan,-0.0345789,-0.17966,-0.0309403,nan,-0.412403,0,-0.0505865,-0.693773,nan,0.0162887,0.129,-0.02,2.5125
763,66.5679,1000,0.0540134,0.166667,0,0.142432,1.2168,0.244286,-0.00848653,4.15352,8.88889e-05,0.0109259,0.34219,17658.3,0.451156,0.24472,-0.4,0.1,137.053,9.37574e+06,0.546246,0.0426282,0.812033,0.0105689,-0.87087,1,0.204575,nan,nan,nan,nan,-0.0384839,-0.20248,-0.0330236,nan,-0.415823,-0.00025,-0.0480138,-0.778671,nan,0.0159566,0.15,-0.016,2.95
764,48.9811,801,0.0527363,0.0833333,0.0833333,0.141213,1.19882,0.296663,-0.00878483,4.15033,8.88889e-05,0.0114731,0.342105,17832.1,0.449194,0.2399,-0.4,0.1,137.744,9.38803e+06,0.346764,0.0258517,0.63347,0.00832259,-0.722572,0.801,0.167025,nan,nan,nan,nan,-0.0335523,-0.158909,-0.0256674,nan,-0.332205,-0.00025,-0.0390218,-0.626538,nan,0.0134618,0.0955,-0.013,2.30937
765,51.4744,971.333,0.0555187,0.0416667,0.0833333,0.139333,1.20129,0.302157,-0.00976761,4.14705,8.88889e-05,0.0160311,0.342011,17835.2,0.448192,0.240783,-0.4,0.1,138.434,9.40032e+06,0.478893,0.0327033,0.794089,0.0109703,-0.899939,0.971333,0.178533,nan,nan,nan,nan,-0.0371523,-0.178521,-0.0290741,nan,-0.405826,0,-0.0467489,-0.74336,nan,0.0193195,0.100667,-0.018,2.34583
766,66.0107,973.714,0.0548756,0.25,0.0416667,0.139318,1.19111,0.285465,-0.010112,4.14334,8.88889e-05,0.0121213,0.341866,18017.9,0.444972,0.237018,-0.4,0.1,139.117,9.41261e+06,0.367218,0.0328504,0.766673,0.0110943,-0.893684,0.973714,0.215514,nan,nan,nan,nan,-0.0420755,-0.222311,-0.035885,nan,-0.405393,-0.001,-0.0440874,-0.75567,nan,0.0157937,0.132286,-0.0162857,3.20179
767,64.1151,999.072,0.0521381,12.7083,0.0833333,0.141154,1.16446,0.259922,-0.0108555,4.13682,8.88889e-05,0.0195237,0.34167,16810.4,0.497108,0.233868,-0.4,0.1,139.849,9.4249e+06,0.438841,0.0352685,0.80387,0.0110901,-0.927564,0.999072,0.213839,nan,nan,nan,nan,-0.0417712,-0.22134,-0.0344889,nan,-0.414883,-0.000374593,-0.0467315,-0.761271,nan,0.0160584,0.13473,-0.0176026,3.01901
768,0.289529,18,0.0562665,0,0.0416667,0.140944,1.13099,0.310433,-0.0115496,4.13085,8.88889e-05,0.00953661,0.34153,18058.2,0.444662,0.235804,-0.4,0.1,140.531,9.43718e+06,0.00119965,2.41367e-15,0.00705738,0.000560638,-0.0324482,0.018,0.0024,nan,nan,nan,nan,-0.00125446,-0.00634613,-0.000687353,nan,-0.0079246,0,-0.000426594,-0.0451293,nan,0.00447544,0,0,0.075
769,59.5801,1000,0.0593598,0.166667,0,0.13687,1.17691,0.279509,-0.0107159,4.12633,8.88889e-05,0.0146587,0.341432,17958,0.446178,0.238086,-0.4,0.1,141.217,9.44947e+06,0.432612,0.0321607,0.797147,0.0107868,-0.949223,1,0.22395,nan,nan,nan,nan,-0.0446999,-0.243715,-0.0356702,nan,-0.413732,-0.00025,-0.0489374,-0.777942,nan,0.015519,0.1475,-0.0165,2.85
770,60.8623,1000,0.0573561,0.375,0,0.135955,1.19461,0.256818,-0.00979465,4.12263,8.88889e-05,0.0116865,0.341318,17658.1,0.459793,0.23609,-0.4,0.1,141.914,9.46176e+06,0.485325,0.0384231,0.807026,0.0103636,-0.971921,1,0.201422,nan,nan,nan,nan,-0.0395667,-0.20296,-0.0323294,nan,-0.413739,-0.000666667,-0.048702,-0.782508,nan,0.015726,0.124667,-0.0168889,2.86944
771,52.6464,763.5,0.0569337,0.0833333,0.0833333,0.140063,1.17363,0.312855,-0.0101027,4.11851,8.88889e-05,0.0111232,0.341222,18126.6,0.444882,0.233018,-0.4,0.1,142.593,9.47405e+06,0.268767,0.0283202,0.608651,0.00932432,-0.760944,0.7635,0.17555,nan,nan,nan,nan,-0.0342142,-0.183952,-0.028872,nan,-0.316314,-0.0015,-0.0364201,-0.589678,nan,0.0142256,0.105,-0.011,2.62188
772,62.2946,919.182,0.0579829,0.416667,0.0416667,0.138271,1.1997,0.303808,-0.00973876,4.11464,8.88889e-05,0.015098,0.34109,17738.1,0.458076,0.234672,-0.4,0.1,143.287,9.48634e+06,0.329317,0.0338778,0.742529,0.0107675,-0.920932,0.919182,0.203382,nan,nan,nan,nan,-0.0413431,-0.22033,-0.0353848,nan,-0.381915,-0.000363636,-0.0422378,-0.703382,nan,0.0127429,0.145818,-0.0165455,3.07955
773,57.2272,1000,0.0564221,0.208333,0,0.139921,1.19096,0.284187,-0.0103959,4.10926,8.88889e-05,0.0149531,0.340918,17576.1,0.46414,0.234993,-0.4,0.1,143.987,9.49862e+06,0.358394,0.0303621,0.808075,0.00911376,-1.02125,1,0.19026,nan,nan,nan,nan,-0.0366943,-0.184653,-0.029914,nan,-0.413528,0,-0.0507297,-0.751735,nan,0.0143569,0.1136,-0.0168,2.8425
774,53.239,912.6,0.0578214,0.125,0.0833333,0.139315,1.20313,0.295027,-0.0117592,4.10291,8.88889e-05,0.0145787,0.340744,18221.8,0.442124,0.232232,-0.4,0.1,144.663,9.51091e+06,0.43088,0.0308774,0.724271,0.01036,-0.981075,0.9126,0.19118,nan,nan,nan,nan,-0.0393983,-0.201373,-0.0315314,nan,-0.381968,-0.0002,-0.0411261,-0.715454,nan,0.0134063,0.1232,-0.0152,2.6325
775,52.9237,820.071,0.0569903,0.458333,0.125,0.139648,1.20818,0.336108,-0.0118279,4.09655,8.88889e-05,0.0145089,0.340561,17705.6,0.450889,0.243128,-0.4,0.1,145.358,9.5232e+06,0.373129,0.030549,0.659559,0.00933409,-0.875503,0.820071,0.187314,nan,nan,nan,nan,-0.0367316,-0.194623,-0.0296783,nan,-0.340873,-0.0005,-0.0385778,-0.612991,nan,0.012457,0.112714,-0.0142857,2.58482
776,53.1179,828.143,0.0542169,0.208333,0.0833333,0.138289,1.20304,0.292073,-0.00938634,4.09036,8.88889e-05,0.0154086,0.340408,15110.5,0.47179,0.34142,-0.4,0.1,146.173,9.53549e+06,0.445554,0.0300451,0.659806,0.00914578,-0.904626,0.828143,0.1781,nan,nan,nan,nan,-0.0351007,-0.18858,-0.0283823,nan,-0.345039,-0.001,-0.0373898,-0.627745,nan,0.0126781,0.105143,-0.0162857,2.57143
777,40.9776,645.286,0.059319,0.166667,0.125,0.137944,1.19456,0.314331,-0.0105295,4.08533,8.88889e-05,0.0101515,0.340281,13296.5,0.550977,0.373176,-0.4,0.1,147.098,9.54778e+06,0.305608,0.024865,0.509917,0.00684878,-0.712569,0.645286,0.141086,nan,nan,nan,nan,-0.028122,-0.143459,-0.0226717,nan,-0.267419,-0.000285714,-0.0299368,-0.48796,nan,0.0112643,0.0834286,-0.012,2.025
778,48.1904,727.75,0.0540796,0.208333,0.125,0.138317,1.17707,0.308173,-0.0108692,4.08274,8.88889e-05,0.0117967,0.340274,14855.9,0.511388,0.315756,-0.4,0.1,147.927,9.56006e+06,0.341733,0.0255106,0.5753,0.00776724,-0.820313,0.72775,0.167137,nan,nan,nan,nan,-0.0332191,-0.166931,-0.026455,nan,-0.302092,0,-0.0360336,-0.571001,nan,0.0124294,0.107,-0.01,2.41094
779,66.3918,1000,0.0558552,0.208333,0,0.139565,1.1917,0.291225,-0.0104536,4.08233,8.88889e-05,0.00903646,0.340225,16100.7,0.513279,0.249918,-0.4,0.1,148.691,9.57235e+06,0.33112,0.0363622,0.802486,0.0108854,-1.12428,1,0.22588,nan,nan,nan,nan,-0.0431432,-0.231648,-0.0360617,nan,-0.416989,-0.0008,-0.0460576,-0.749686,nan,0.0132256,0.1364,-0.0156,3.4275
780,47.8021,757.222,0.056446,0.25,0.125,0.140634,1.1903,0.346692,-0.0106408,4.07961,8.88889e-05,0.0126312,0.340156,14441.3,0.499257,0.351637,-0.4,0.1,149.543,9.58464e+06,0.308697,0.0224937,0.608637,0.00874652,-0.872148,0.757222,0.172244,nan,nan,nan,nan,-0.0347161,-0.17808,-0.02852,nan,-0.314047,-0.000333333,-0.0381409,-0.572526,nan,0.0120756,0.118222,-0.0144444,2.43472
781,43.7818,709.8,0.0610283,0.125,0.0833333,0.134686,1.21957,0.308509,-0.0105058,4.07682,8.88889e-05,0.0123203,0.340049,13991.6,0.540528,0.337712,-0.4,0.1,150.423,9.59693e+06,0.245135,0.0255437,0.5572,0.00847479,-0.841816,0.7098,0.1624,nan,nan,nan,nan,-0.032405,-0.172244,-0.0258095,nan,-0.295533,0,-0.0327658,-0.555644,nan,0.0105524,0.1036,-0.0124,2.335
782,53.3583,1000,0.0594015,0.125,0,0.136561,1.21897,0.305692,-0.0110771,4.07294,8.88889e-05,0.0131359,0.339936,14741.7,0.514916,0.318637,-0.4,0.1,151.258,9.60922e+06,0.365568,0.0403629,0.817285,0.0101692,-1.15938,1,0.2024,nan,nan,nan,nan,-0.04053,-0.216908,-0.0320565,nan,-0.413516,-0.000666667,-0.0499565,-0.734602,nan,0.0167443,0.110667,-0.0226667,2.775
783,51.9006,860.889,0.060744,0.291667,0.0833333,0.134584,1.2016,0.307254,-0.0108739,4.06873,8.88889e-05,0.0157443,0.339821,15719.3,0.488826,0.292888,-0.4,0.1,152.041,9.6215e+06,0.417641,0.0310846,0.683726,0.00900515,-1.01659,0.860889,0.1916,nan,nan,nan,nan,-0.0384867,-0.202322,-0.030249,nan,-0.3584,-0.000222222,-0.0393104,-0.665889,nan,0.013161,0.109111,-0.01,2.64028
784,41.8656,767.286,0.0583567,0.166667,0.125,0.134773,1.2055,0.312506,-0.0113852,4.06534,8.88889e-05,0.0165458,0.339762,17655.7,0.463042,0.232938,-0.4,0.1,152.739,9.63379e+06,0.332,0.0298451,0.607537,0.00768422,-0.923601,0.767286,0.166229,nan,nan,nan,nan,-0.0332371,-0.171109,-0.0244105,nan,-0.317454,-0.000714286,-0.0385954,-0.595413,nan,0.0118052,0.0928571,-0.0102857,2.19286
785,55.9607,936,0.0576322,0.375,0.0416667,0.137728,1.22139,0.316319,-0.00938647,4.06244,8.88889e-05,0.0110046,0.339592,15568.6,0.462574,0.326709,-0.4,0.1,153.529,9.64608e+06,0.443501,0.035527,0.755428,0.00937614,-1.13089,0.936,0.20643,nan,nan,nan,nan,-0.0391252,-0.204447,-0.0320309,nan,-0.386861,0,-0.0485201,-0.715097,nan,0.0148995,0.1202,-0.0126,2.84625
786,62.464,1000,0.0590548,0.291667,0,0.13656,1.19081,0.285636,-0.0108021,4.0557,8.88889e-05,0.0169125,0.339455,14016.6,0.545174,0.331501,-0.4,0.1,154.407,9.65837e+06,0.342464,0.0370988,0.747145,0.010346,-1.20126,1,0.238143,nan,nan,nan,nan,-0.0469222,-0.250946,-0.0377661,nan,-0.414197,-0.00428571,-0.0504508,-0.770705,nan,0.0141116,0.139429,-0.0182857,3.38929
787,55.6409,872.571,0.0569397,0.25,0.0416667,0.135785,1.20779,0.321076,-0.0119008,4.05074,8.88889e-05,0.0165076,0.339263,14714.4,0.518165,0.316938,-0.4,0.1,155.244,9.67066e+06,0.380749,0.0323295,0.698602,0.00917887,-1.06705,0.872571,0.197871,nan,nan,nan,nan,-0.038428,-0.203368,-0.0299537,nan,-0.36085,-0.000571429,-0.0410006,-0.652278,nan,0.0128861,0.103714,-0.0162857,2.88393
788,37.6993,770.167,0.0566946,0.166667,0.0833333,0.140125,1.21824,0.294405,-0.010757,4.04338,8.88889e-05,0.0123114,0.339075,15308.1,0.514706,0.288004,-0.4,0.1,156.048,9.68294e+06,0.392994,0.0321804,0.623856,0.00658566,-0.968562,0.770167,0.1359,nan,nan,nan,nan,-0.027063,-0.138282,-0.0219787,nan,-0.320263,-0.0005,-0.0394886,-0.590085,nan,0.0125899,0.08,-0.011,1.94792
789,54.3885,883.5,0.0591408,0.125,0.0416667,0.138554,1.23305,0.302165,-0.00941082,4.03917,8.88889e-05,0.0080923,0.339043,17286.8,0.475249,0.235583,-0.4,0.1,156.76,9.69523e+06,0.324209,0.0266812,0.697237,0.00955872,-1.125,0.8835,0.2083,nan,nan,nan,nan,-0.0422937,-0.220114,-0.0313671,nan,-0.366453,-0.00075,-0.0442544,-0.712393,nan,0.0173128,0.1145,-0.013,2.99375
790,58.3089,1000,0.0584015,0.25,0,0.138312,1.2152,0.323036,-0.0109021,4.03716,8.88889e-05,0.0106655,0.338929,17527.6,0.450502,0.250565,-0.4,0.1,157.462,9.70752e+06,0.404036,0.0370172,0.816786,0.0107606,-1.29106,1,0.223267,nan,nan,nan,nan,-0.0442911,-0.23952,-0.0349292,nan,-0.413884,0,-0.0528793,-0.72916,nan,0.0163822,0.124667,-0.018,3.10625
791,44.2404,722.857,0.0592093,0.125,0.166667,0.139449,1.20915,0.35448,-0.00916001,4.03366,8.88889e-05,0.0113292,0.338877,18041.9,0.44676,0.234322,-0.4,0.1,158.144,9.71981e+06,0.369735,0.0225972,0.565959,0.00756865,-0.943889,0.722857,0.163743,nan,nan,nan,nan,-0.0324397,-0.162603,-0.0243949,nan,-0.297582,-0.00114286,-0.0399109,-0.567159,nan,0.0125372,0.0877143,-0.0108571,2.33929
792,42.1813,820.8,0.0616895,0.0833333,0.125,0.136721,1.18994,0.380575,-0.0103815,4.03189,8.88889e-05,0.0142437,0.338798,18012.5,0.440626,0.241565,-0.4,0.1,158.828,9.7321e+06,0.356837,0.026953,0.645646,0.00685429,-1.06735,0.8208,0.15316,nan,nan,nan,nan,-0.0310803,-0.159284,-0.0246381,nan,-0.341297,-0.0012,-0.0396897,-0.660882,nan,0.0135415,0.072,-0.0088,2.3475
793,39.1528,672.9,0.0593573,0.166667,0.25,0.136901,1.21393,0.402115,-0.0110871,4.02902,8.88889e-05,0.0138038,0.338769,13507.5,0.546861,0.362855,-0.4,0.1,159.739,9.74438e+06,0.289553,0.0209602,0.525888,0.00692089,-0.881534,0.6729,0.1597,nan,nan,nan,nan,-0.030832,-0.158421,-0.023447,nan,-0.27699,-0.0009,-0.0381066,-0.529885,nan,0.0121846,0.0826,-0.0092,2.13625
794,42.6335,734.286,0.0600519,0.166667,0.125,0.138026,1.18748,0.30819,-0.00988049,4.02879,8.88889e-05,0.0102307,0.338764,13500.2,0.543369,0.36684,-0.4,0.1,160.651,9.75667e+06,0.300153,0.0188273,0.580759,0.00787575,-0.95192,0.734286,0.164714,nan,nan,nan,nan,-0.0342391,-0.175255,-0.0262872,nan,-0.30512,-0.000142857,-0.0324889,-0.575397,nan,0.0134828,0.0862857,-0.0131429,2.33929
795,53.7389,910.636,0.0588247,0.333333,0.125,0.139088,1.20221,0.331703,-0.0113974,4.02669,8.88889e-05,0.0123522,0.338628,12789.8,0.531835,0.428931,-0.4,0.1,161.613,9.76896e+06,0.389406,0.0353219,0.725486,0.0098755,-1.18108,0.910636,0.204636,nan,nan,nan,nan,-0.0397478,-0.206785,-0.0315767,nan,-0.37799,-0.000272727,-0.0448206,-0.700695,nan,0.0143684,0.11,-0.0116364,2.88182
796,49.5746,793.375,0.0597869,0.208333,0.125,0.138896,1.19991,0.334077,-0.0104568,4.02079,8.88889e-05,0.00763127,0.338472,14244.5,0.555617,0.307029,-0.4,0.1,162.477,9.78125e+06,0.387365,0.0248446,0.635316,0.00948501,-1.04197,0.793375,0.187775,nan,nan,nan,nan,-0.0372102,-0.19568,-0.029674,nan,-0.329169,-0.0005,-0.0396834,-0.602842,nan,0.013048,0.10975,-0.01175,2.60625
797,60.342,1000,0.0589357,0.166667,0,0.140278,1.20433,0.310318,-0.0108944,4.01528,8.88889e-05,0.0086173,0.338311,14328.7,0.529456,0.328126,-0.4,0.1,163.336,9.79354e+06,0.553582,0.0341307,0.807804,0.0111971,-1.2976,1,0.2198,nan,nan,nan,nan,-0.042352,-0.22103,-0.0349376,nan,-0.413596,-0.00075,-0.0476997,-0.779004,nan,0.0148082,0.1235,-0.017,3.10625
798,49.6482,950.25,0.0598365,0.291667,0.0416667,0.137579,1.20297,0.284267,-0.011265,4.01054,8.88889e-05,0.0101508,0.338236,12572.5,0.586248,0.391127,-0.4,0.1,164.314,9.80582e+06,0.393434,0.0311444,0.753289,0.00911416,-1.23798,0.95025,0.201775,nan,nan,nan,nan,-0.0394466,-0.209293,-0.0303994,nan,-0.394309,-0.000125,-0.0485592,-0.735059,nan,0.0171328,0.11225,-0.01425,2.72344
799,55.2194,960.444,0.0578955,0.291667,0.0833333,0.141142,1.19114,0.344137,-0.0117237,4.00884,8.88889e-05,0.0129654,0.338204,14005.7,0.547415,0.329943,-0.4,0.1,165.193,9.81811e+06,0.498836,0.0338347,0.76641,0.00972876,-1.25527,0.960444,0.2057,nan,nan,nan,nan,-0.0394495,-0.216073,-0.0309656,nan,-0.398273,-0.000777778,-0.0485058,-0.730882,nan,0.0142086,0.116667,-0.0135556,2.88889
800,35.643,748.4,0.0612483,0.0833333,0.125,0.137739,1.18123,0.34069,-0.00925395,4.00727,8.88889e-05,0.00713586,0.338146,15247.1,0.48913,0.316792,-0.4,0.1,166.001,9.8304e+06,0.380607,0.0214788,0.560774,0.00554959,-0.965823,0.7484,0.14822,nan,nan,nan,nan,-0.0294347,-0.147124,-0.0207827,nan,-0.310405,-0.004,-0.0421816,-0.608152,nan,0.0128245,0.0628,-0.0056,1.975
801,49.3767,869.857,0.0600756,0.166667,0.125,0.136331,1.21229,0.344744,-0.0100915,4.00434,8.88889e-05,0.0120151,0.338037,15427.9,0.512526,0.283951,-0.4,0.1,168.555,9.84269e+06,0.352336,0.0310338,0.692426,0.00965285,-1.13325,0.869857,0.197029,nan,nan,nan,nan,-0.0391051,-0.209627,-0.0307707,nan,-0.360156,-0.00185714,-0.0430577,-0.674457,nan,0.0162849,0.108,-0.0137143,2.69821
802,38.464,623.143,0.0609745,0.166667,0.125,0.141501,1.18315,0.336469,-0.0104003,4.00091,8.88889e-05,0.010937,0.337983,13383.2,0.549588,0.368578,-0.4,0.1,169.474,9.85498e+06,0.304748,0.0198295,0.499803,0.00646905,-0.806961,0.623143,0.134871,nan,nan,nan,nan,-0.026877,-0.144204,-0.0215729,nan,-0.256768,-0.000285714,-0.0357517,-0.476833,nan,0.0118749,0.0865714,-0.00914286,2.01429
803,59.0966,974,0.0600433,0.166667,0.0416667,0.136185,1.23067,0.323726,-0.00971094,3.99862,8.88889e-05,0.0121439,0.337883,14097.8,0.524281,0.347343,-0.4,0.1,170.35,9.86726e+06,0.50945,0.0382025,0.791264,0.0107062,-1.28028,0.974,0.20712,nan,nan,nan,nan,-0.038799,-0.199967,-0.0301306,nan,-0.403937,-0.0002,-0.0528188,-0.731467,nan,0.0145889,0.112,-0.0124,3.0475
804,48.3053,1000,0.0610124,0.0833333,0,0.139603,1.22136,0.342135,-0.0107169,3.99451,8.88889e-05,0.0174454,0.337782,12663.3,0.56755,0.402817,-0.4,0.1,171.322,9.87955e+06,0.322097,0.035723,0.811121,0.00939427,-1.28323,1,0.1939,nan,nan,nan,nan,-0.0389037,-0.206428,-0.0345626,nan,-0.416001,-0.0005,-0.0546641,-0.757992,nan,0.0135585,0.119,-0.016,2.71875
805,43.4917,818.6,0.0567375,0.0833333,0.125,0.139886,1.183,0.316509,-0.0105986,3.99089,8.88889e-05,0.0160696,0.337661,13386.9,0.602077,0.315835,-0.4,0.1,172.241,9.89184e+06,0.317126,0.0315104,0.650742,0.00762027,-1.06972,0.8186,0.15986,nan,nan,nan,nan,-0.0329416,-0.176236,-0.026289,nan,-0.339706,-0.0014,-0.0444075,-0.64831,nan,0.0122373,0.0936,-0.0152,2.4375
806,54.52,926.8,0.0617921,0.125,0.0833333,0.143148,1.21545,0.344254,-0.0106977,3.98634,8.88889e-05,0.00924109,0.337534,15929.6,0.506084,0.26531,-0.4,0.1,173.014,9.90413e+06,0.421241,0.035154,0.741468,0.00971759,-1.20598,0.9268,0.20154,nan,nan,nan,nan,-0.0398466,-0.217872,-0.0317806,nan,-0.384385,-0.0024,-0.0484695,-0.708025,nan,0.0172397,0.1252,-0.0136,2.9
807,53.8833,981.5,0.0608376,0.125,0.0416667,0.138363,1.20979,0.347972,-0.0103312,3.98168,8.88889e-05,0.014509,0.337411,13122.3,0.56135,0.375073,-0.4,0.1,173.952,9.91642e+06,0.616564,0.0381731,0.790433,0.008278,-1.2689,0.9815,0.1734,nan,nan,nan,nan,-0.0332127,-0.172492,-0.0269432,nan,-0.407174,-0.0075,-0.0545841,-0.751225,nan,0.0159681,0.098,-0.0155,2.70937
808,64.8089,1000,0.0615933,0.208333,0,0.142238,1.1934,0.364092,-0.00930443,3.9782,8.88889e-05,0.0126624,0.337346,13450.3,0.55201,0.361576,-0.4,0.1,174.867,9.9287e+06,0.401196,0.0345842,0.801276,0.0109558,-1.29986,1,0.24442,nan,nan,nan,nan,-0.046312,-0.255862,-0.0375381,nan,-0.415099,-0.0002,-0.0523383,-0.787447,nan,0.0140673,0.1396,-0.016,3.505
809,58.5439,997.231,0.0546998,11.3333,0.0416667,0.149273,1.10781,0.250763,-0.0110226,3.9746,8.88889e-05,0.00881798,0.33719,13283.5,0.574878,0.350182,-0.4,0.1,175.793,9.94099e+06,0.462735,0.0360275,0.80383,0.00991771,-1.29604,0.997231,0.214226,nan,nan,nan,nan,-0.0412918,-0.221503,-0.0330119,nan,-0.412918,-0.000490842,-0.0531708,-0.769045,nan,0.014506,0.119465,-0.0147179,3.11145
810,75.7181,1000,0.0624302,0.0416667,0,0.141178,1.18939,0.290796,-0.0113659,3.96806,8.88889e-05,0.0125659,0.337,14012.4,0.583443,0.293492,-0.4,0.1,176.673,9.95328e+06,0.551797,0.03559,0.784127,0.012475,-1.30347,1,0.2465,nan,nan,nan,nan,-0.0494764,-0.278463,-0.0344671,nan,-0.416794,-0.003,-0.0488265,-0.809245,nan,0.0221549,0.114,-0.012,3.975
811,38.0779,680.875,0.0622173,0.208333,0.125,0.139487,1.22866,0.313292,-0.00931493,3.96256,8.88889e-05,0.0120582,0.336903,14040.7,0.538994,0.336179,-0.4,0.1,177.549,9.96557e+06,0.286453,0.02513,0.55231,0.00696621,-0.878986,0.680875,0.14365,nan,nan,nan,nan,-0.0278158,-0.147939,-0.0223523,nan,-0.280756,-0.00075,-0.0383097,-0.525134,nan,0.0101169,0.085,-0.013,2.04844
812,56.9362,1000,0.0627287,0.291667,0,0.139037,1.21371,0.349056,-0.0101045,3.95919,8.88889e-05,0.0113552,0.336798,14012.3,0.54279,0.334157,-0.4,0.1,178.427,9.97786e+06,0.459582,0.035111,0.79188,0.00907238,-1.29789,1,0.2096,nan,nan,nan,nan,-0.0405054,-0.211746,-0.0324457,nan,-0.414436,-0.000571429,-0.0528553,-0.763754,nan,0.0137659,0.118571,-0.0194286,3.04286
813,50.1419,886.375,0.0625783,0.291667,0.0416667,0.138506,1.1953,0.318407,-0.010904,3.95505,8.88889e-05,0.0154478,0.33667,15736,0.521836,0.259046,-0.4,0.1,179.21,9.99014e+06,0.514429,0.0303609,0.710411,0.00844205,-1.14667,0.886375,0.181225,nan,nan,nan,nan,-0.0352092,-0.185099,-0.028559,nan,-0.366644,-0.000125,-0.0497712,-0.692395,nan,0.0120795,0.094,-0.01325,2.5875
814,55.5343,952.333,0.0625989,0.208333,0.0416667,0.140313,1.2125,0.325331,-0.00969043,3.95059,8.88889e-05,0.0141085,0.336564,17713.9,0.461638,0.232056,-0.4,0.1,179.905,1.00024e+07,0.476673,0.0358564,0.72892,0.00939892,-1.22914,0.952333,0.20655,nan,nan,nan,nan,-0.0420213,-0.242554,-0.032602,nan,-0.395843,-0.00266667,-0.0496744,-0.755388,nan,0.0139565,0.117,-0.012,2.99792
815,62.8743,1000,0.0624737,0.125,0,0.142028,1.20174,0.318565,-0.01073,3.9481,8.88889e-05,0.0165147,0.336543,17062.4,0.460505,0.259673,-0.4,0.1,180.626,1.00147e+07,0.539118,0.0291062,0.812456,0.0109093,-1.30477,1,0.226167,nan,nan,nan,nan,-0.043977,-0.238176,-0.0344395,nan,-0.412832,-0.000333333,-0.0545489,-0.777889,nan,0.0122586,0.149333,-0.0186667,3.25
816,55.4828,863,0.0607059,0.208333,0.0416667,0.138103,1.20734,0.296965,-0.0101213,3.94708,8.88889e-05,0.0106697,0.336476,16688.9,0.474326,0.261972,-0.4,0.1,181.364,1.0027e+07,0.393096,0.0334012,0.689699,0.00961479,-1.13507,0.863,0.20345,nan,nan,nan,nan,-0.0397148,-0.216966,-0.0302286,nan,-0.35837,-0.001,-0.0490646,-0.659518,nan,0.0140609,0.106333,-0.009,2.96042
817,61.2336,1000,0.0597464,0.458333,0,0.138091,1.20302,0.303055,-0.0105948,3.94314,8.88889e-05,0.00891343,0.336324,13762.8,0.57902,0.313821,-0.4,0.1,182.258,1.00393e+07,0.5257,0.0346183,0.809654,0.0100202,-1.30869,1,0.206227,nan,nan,nan,nan,-0.0407194,-0.226392,-0.0338564,nan,-0.413825,-0.000181818,-0.0543001,-0.772875,nan,0.0145753,0.126545,-0.0125455,3.19773
818,52.0717,845.2,0.0602771,0.166667,0.0416667,0.140567,1.20807,0.325903,-0.0106297,3.93747,8.88889e-05,0.0170472,0.336171,13925.3,0.650076,0.232344,-0.4,0.1,183.142,1.00516e+07,0.441061,0.0302542,0.683192,0.00801582,-1.09223,0.8452,0.1735,nan,nan,nan,nan,-0.0330357,-0.169238,-0.0252953,nan,-0.347693,-0.0004,-0.0491146,-0.662117,nan,0.0126813,0.09,-0.0112,2.71
819,63.2497,1000,0.0624826,0.291667,0,0.13532,1.21095,0.335508,-0.0110557,3.93213,8.88889e-05,0.0154473,0.336033,17759.2,0.446534,0.24539,-0.4,0.1,183.835,1.00639e+07,0.486665,0.0337524,0.807466,0.00975196,-1.29094,1,0.212571,nan,nan,nan,nan,-0.0409232,-0.229669,-0.0342274,nan,-0.411657,-0.000285714,-0.0560495,-0.774932,nan,0.0157441,0.126857,-0.0148571,3.32321
820,51.2888,918.375,0.0647674,0.291667,0.0416667,0.135215,1.22803,0.344085,-0.0110914,3.92859,8.88889e-05,0.0121188,0.335985,17873.1,0.453744,0.233768,-0.4,0.1,184.524,1.00762e+07,0.462751,0.0349002,0.744693,0.00820023,-1.19031,0.918375,0.17965,nan,nan,nan,nan,-0.0357344,-0.183756,-0.0276466,nan,-0.379814,-0.0005,-0.0499922,-0.704413,nan,0.0135996,0.10725,-0.0125,2.67969
821,53.3465,811,0.0641947,0.291667,0.0833333,0.136362,1.21527,0.42116,-0.011185,3.92728,8.88889e-05,0.0117275,0.335954,17693.5,0.448011,0.246483,-0.4,0.1,185.219,1.00884e+07,0.362658,0.0266512,0.647952,0.00771276,-1.05876,0.811,0.178533,nan,nan,nan,nan,-0.0360767,-0.198686,-0.0279929,nan,-0.337138,-0.000888889,-0.0439441,-0.64227,nan,0.0132374,0.0957778,-0.0137778,2.88333
822,48.7235,811.8,0.0593401,0.291667,0.125,0.137793,1.18524,0.328491,-0.0107275,3.92547,8.88889e-05,0.00953823,0.33587,16908.4,0.463785,0.262952,-0.4,0.1,185.947,1.01007e+07,0.397375,0.0300685,0.6385,0.0079184,-1.06547,0.8118,0.17513,nan,nan,nan,nan,-0.0349142,-0.193173,-0.0272975,nan,-0.336553,-0.001,-0.0481161,-0.645032,nan,0.01364,0.0974,-0.0116,2.6275
823,47.9199,911.833,0.0619322,0.208333,0.0416667,0.13771,1.21832,0.343465,-0.00993683,3.92203,8.88889e-05,0.012318,0.335775,17720.4,0.458455,0.234985,-0.4,0.1,186.642,1.0113e+07,0.421178,0.030529,0.720485,0.00907098,-1.18785,0.911833,0.184667,nan,nan,nan,nan,-0.0390329,-0.205503,-0.0315101,nan,-0.377765,-0.000333333,-0.0477477,-0.72672,nan,0.0143585,0.106333,-0.011,2.625
824,49.5055,747.167,0.0651666,0.166667,0.0833333,0.135299,1.2193,0.335916,-0.00836639,3.91915,8.88889e-05,0.00704802,0.335728,18002.2,0.44942,0.233165,-0.4,0.1,187.326,1.01253e+07,0.334488,0.0268466,0.597077,0.0088088,-0.998111,0.747167,0.177733,nan,nan,nan,nan,-0.0358723,-0.211392,-0.0278206,nan,-0.312171,-0.000333333,-0.0399188,-0.577455,nan,0.0162265,0.094,-0.00733333,2.68333
825,55.0662,1000,0.0635319,0.208333,0,0.136298,1.22337,0.385264,-0.00943299,3.91733,8.88889e-05,0.0107096,0.335634,17863.1,0.454773,0.233125,-0.4,0.1,188.015,1.01376e+07,0.425535,0.0428,0.807276,0.0106042,-1.30251,1,0.20934,nan,nan,nan,nan,-0.041912,-0.237477,-0.0339577,nan,-0.413047,-0.0012,-0.0565536,-0.769045,nan,0.0141525,0.1188,-0.012,2.9925
826,56.4063,1000,0.0618368,0.166667,0,0.133827,1.22585,0.325514,-0.0094746,3.91334,8.88889e-05,0.0137026,0.335534,17688.4,0.45713,0.237563,-0.4,0.1,188.711,1.01499e+07,0.430558,0.0312165,0.79232,0.00989804,-1.29716,1,0.21705,nan,nan,nan,nan,-0.0414601,-0.226287,-0.0320362,nan,-0.414616,-0.00075,-0.0562903,-0.792884,nan,0.0142592,0.1115,-0.0125,3.0875
827,62.7541,1000,0.0649838,0.458333,0,0.133574,1.20636,0.329434,-0.0086965,3.91014,8.88889e-05,0.00981963,0.335454,17765.6,0.456055,0.23562,-0.4,0.1,189.404,1.01622e+07,0.436346,0.0383577,0.793823,0.0102022,-1.29842,1,0.222609,nan,nan,nan,nan,-0.044694,-0.248006,-0.036086,nan,-0.415744,-0.000272727,-0.0540468,-0.783358,nan,0.0155404,0.125455,-0.0149091,3.39091
828,51.832,853.111,0.0670856,0.25,0.125,0.134374,1.21486,0.367918,-0.0100911,3.90695,8.88889e-05,0.011696,0.335363,17802.5,0.4515,0.238739,-0.4,0.1,190.096,1.01745e+07,0.374368,0.0338452,0.68358,0.00827935,-1.11447,0.853111,0.186389,nan,nan,nan,nan,-0.0390712,-0.215346,-0.0295914,nan,-0.353935,-0.000333333,-0.047536,-0.661946,nan,0.0138093,0.101111,-0.0117778,2.81111
829,54.6861,1000,0.0680897,0.291667,0,0.136112,1.22208,0.335599,-0.00911807,3.90357,8.88889e-05,0.00613078,0.335253,17698.5,0.45049,0.243807,-0.4,0.1,190.791,1.01868e+07,0.582849,0.0347221,0.794983,0.00867362,-1.32714,1,0.199729,nan,nan,nan,nan,-0.038524,-0.222588,-0.0299564,nan,-0.41788,0,-0.0534669,-0.788533,nan,0.0160057,0.0937143,-0.0111429,2.89286
830,46.8572,785.556,0.0617625,0.25,0.125,0.13839,1.23251,0.362862,-0.00974198,3.89922,8.88889e-05,0.0141463,0.335139,17268.9,0.46981,0.241759,-0.4,0.1,191.504,1.0199e+07,0.364255,0.0256099,0.626966,0.00733835,-1.0315,0.785556,0.161922,nan,nan,nan,nan,-0.0335056,-0.193034,-0.0262823,nan,-0.326619,-0.000222222,-0.0430332,-0.625008,nan,0.0116431,0.0906667,-0.0102222,2.55833
831,38.5831,810.2,0.0658312,0.125,0.0833333,0.137027,1.24474,0.425252,-0.00951169,3.89589,8.88889e-05,0.0139422,0.33509,17646.7,0.460057,0.236278,-0.4,0.1,192.202,1.02113e+07,0.428844,0.0271629,0.654348,0.00683152,-1.06584,0.8102,0.13842,nan,nan,nan,nan,-0.0277431,-0.152412,-0.0233739,nan,-0.338186,-0.002,-0.0439148,-0.636869,nan,0.0147837,0.0752,-0.0088,2.0725
832,53.7778,852.333,0.0649765,0.25,0.125,0.135291,1.23674,0.396589,-0.00955624,3.89399,8.88889e-05,0.0116458,0.335007,17855.3,0.448089,0.240109,-0.4,0.1,192.891,1.02236e+07,0.357056,0.0317058,0.679795,0.00857779,-1.11711,0.852333,0.185744,nan,nan,nan,nan,-0.0380856,-0.211788,-0.0301395,nan,-0.352385,0,-0.0474665,-0.668215,nan,0.0160932,0.108222,-0.0104444,2.925
833,55.7596,930.667,0.0670567,0.208333,0.0416667,0.135518,1.25308,0.373555,-0.00962277,3.89085,8.88889e-05,0.0129828,0.334943,17724.4,0.451788,0.241494,-0.4,0.1,193.586,1.02359e+07,0.415807,0.0377555,0.742188,0.0092165,-1.23388,0.930667,0.1891,nan,nan,nan,nan,-0.0398707,-0.225814,-0.0308536,nan,-0.387582,-0.001,-0.0495814,-0.720902,nan,0.0138187,0.111,-0.0116667,3.03958
834,67.2065,1000,0.0652322,0.291667,0,0.136336,1.25309,0.403291,-0.0101874,3.88896,8.88889e-05,0.0124308,0.3349,17993.9,0.449009,0.23389,-0.4,0.1,194.27,1.02482e+07,0.459995,0.0322424,0.794394,0.0104172,-1.31342,1,0.241729,nan,nan,nan,nan,-0.047003,-0.272142,-0.0353413,nan,-0.415007,-0.000714286,-0.0566138,-0.791449,nan,0.0165949,0.122286,-0.00885714,3.62321
835,59.2418,949.444,0.0662401,0.291667,0.0833333,0.137199,1.2595,0.414147,-0.0106841,3.88739,8.88889e-05,0.0135934,0.334854,18027.2,0.446912,0.234724,-0.4,0.1,194.953,1.02605e+07,0.564884,0.0359169,0.754264,0.00915847,-1.24943,0.949444,0.2114,nan,nan,nan,nan,-0.0433507,-0.245533,-0.0334426,nan,-0.396676,-0.000555556,-0.052251,-0.758586,nan,0.0153498,0.109556,-0.0122222,3.10417
836,60.5688,923.778,0.0687286,0.291667,0.0833333,0.135908,1.22412,0.444978,-0.00989315,3.88479,8.88889e-05,0.00844176,0.334757,17855.4,0.452574,0.235622,-0.4,0.1,195.642,1.02728e+07,0.451554,0.0318554,0.734431,0.00822094,-1.20308,0.923778,0.184656,nan,nan,nan,nan,-0.0388207,-0.216195,-0.0317088,nan,-0.383059,-0.000444444,-0.049698,-0.736566,nan,0.0150748,0.112444,-0.0128889,3.23889
837,57.919,899.636,0.0665488,0.375,0.0833333,0.138531,1.21562,0.348124,-0.0110858,3.88047,8.88889e-05,0.0136269,0.334634,17700.7,0.459349,0.23486,-0.4,0.1,196.338,1.02851e+07,0.427668,0.0346448,0.701644,0.00876483,-1.19715,0.899636,0.207673,nan,nan,nan,nan,-0.0422658,-0.245066,-0.0326081,nan,-0.375386,-0.000636364,-0.0485513,-0.725312,nan,0.0166654,0.0996364,-0.0118182,3.17841
838,62.7527,950.167,0.0651573,0.208333,0.0416667,0.137559,1.22413,0.351305,-0.0106534,3.8769,8.88889e-05,0.0198255,0.334566,17891.7,0.447178,0.239619,-0.4,0.1,197.026,1.02973e+07,0.379728,0.0397313,0.762825,0.0085955,-1.23594,0.950167,0.203383,nan,nan,nan,nan,-0.0405319,-0.236254,-0.0334563,nan,-0.39547,-0.000833333,-0.0535934,-0.761839,nan,0.0124589,0.112333,-0.0153333,3.44167
839,58.4168,953.833,0.0672152,0.208333,0.0416667,0.141549,1.25719,0.441496,-0.0103358,3.87524,8.88889e-05,0.0130031,0.334542,17939.1,0.449339,0.235647,-0.4,0.1,197.712,1.03096e+07,0.466827,0.036821,0.750177,0.00997271,-1.24766,0.953833,0.2074,nan,nan,nan,nan,-0.0425121,-0.245506,-0.0351218,nan,-0.396313,-0.00133333,-0.0492663,-0.769838,nan,0.016612,0.126333,-0.0116667,3.15208
840,62.3215,1000,0.0671243,0.333333,0,0.141452,1.23326,0.387869,-0.0103724,3.87471,8.88889e-05,0.0113264,0.334535,17856.8,0.452263,0.235878,-0.4,0.1,198.401,1.03219e+07,0.469402,0.0387789,0.786682,0.00848478,-1.3375,1,0.217087,nan,nan,nan,nan,-0.0436386,-0.248743,-0.0346822,nan,-0.418975,-0.000625,-0.0555391,-0.806432,nan,0.0149,0.1105,-0.01175,3.42813
841,53.903,891.2,0.0712323,0.291667,0.125,0.13995,1.26136,0.435777,-0.00816225,3.87442,8.88889e-05,0.0122457,0.334518,17959.6,0.449833,0.234368,-0.4,0.1,199.087,1.03342e+07,0.405195,0.0357802,0.694439,0.00784322,-1.16443,0.8912,0.20036,nan,nan,nan,nan,-0.0411228,-0.241198,-0.0302719,nan,-0.371849,-0.0002,-0.0484311,-0.725014,nan,0.0164003,0.0942,-0.009,2.98125
842,62.819,951.25,0.0697628,0.125,0.0416667,0.139953,1.24031,0.4058,-0.00826232,3.87326,8.88889e-05,0.00810517,0.334458,18058.9,0.446726,0.233716,-0.4,0.1,199.769,1.03465e+07,0.420158,0.0306309,0.742601,0.00857855,-1.24629,0.95125,0.21325,nan,nan,nan,nan,-0.042505,-0.247498,-0.0358964,nan,-0.396795,-0.0005,-0.0518075,-0.764985,nan,0.0137553,0.1215,-0.012,3.4375
843,60.1702,1000,0.0714944,0.333333,0,0.137834,1.22569,0.414678,-0.00943977,3.87061,8.88889e-05,0.00904063,0.334384,17053.1,0.480199,0.240373,-0.4,0.1,200.49,1.03588e+07,0.467755,0.0369776,0.805909,0.00944213,-1.31142,1,0.202825,nan,nan,nan,nan,-0.0407045,-0.239983,-0.0334332,nan,-0.415564,-0.000125,-0.0535924,-0.775792,nan,0.0158448,0.11125,-0.0115,3.24062
844,65.2215,1000,0.0696179,0.208333,0,0.138959,1.21505,0.382644,-0.00916335,3.86762,8.88889e-05,0.00906654,0.334298,16598.2,0.451236,0.289087,-0.4,0.1,201.232,1.03711e+07,0.565073,0.0307314,0.783557,0.00895052,-1.32455,1,0.22526,nan,nan,nan,nan,-0.0470831,-0.277627,-0.0373183,nan,-0.418019,-0.0002,-0.0530412,-0.828097,nan,0.0169418,0.1256,-0.0116,3.5025
845,64.362,1000,0.0731268,0.125,0,0.137479,1.22864,0.403382,-0.00886142,3.86357,8.88889e-05,0.0081958,0.334135,15820.6,0.507944,0.268764,-0.4,0.1,202.01,1.03834e+07,0.513819,0.0276425,0.794189,0.0107024,-1.33136,1,0.232167,nan,nan,nan,nan,-0.0467503,-0.291986,-0.0358254,nan,-0.419086,-0.000333333,-0.0561321,-0.829121,nan,0.0176715,0.114667,-0.0113333,3.52917
846,69.0154,1000,0.066792,0.208333,0,0.137992,1.2156,0.432835,-0.0112522,3.85724,8.88889e-05,0.0185035,0.333973,16680.8,0.4888,0.247856,-0.4,0.1,202.748,1.03956e+07,0.463017,0.0326322,0.786515,0.00877674,-1.31602,1,0.22312,nan,nan,nan,nan,-0.0461525,-0.271671,-0.0382847,nan,-0.41703,-0.001,-0.0547621,-0.842368,nan,0.0128991,0.1168,-0.0132,3.8075
847,55.9164,916.6,0.0700551,0.125,0.0833333,0.136066,1.23074,0.472105,-0.0104714,3.85236,8.88889e-05,0.0135273,0.333864,12083.6,0.66378,0.353136,-0.4,0.1,203.766,1.04079e+07,0.493993,0.0367753,0.705846,0.0074911,-1.21555,0.9166,0.18786,nan,nan,nan,nan,-0.0407826,-0.250343,-0.0329627,nan,-0.38407,-0.0006,-0.0514423,-0.786702,nan,0.0159016,0.088,-0.0092,3.115
848,47.2988,779,0.0686463,0.125,0.0416667,0.138435,1.24427,0.461771,-0.0113428,3.85075,8.88889e-05,0.0181729,0.333911,15314.4,0.526561,0.275822,-0.4,0.1,204.57,1.04202e+07,0.246494,0.0242104,0.582174,0.00644991,-1.03513,0.779,0.2045,nan,nan,nan,nan,-0.0413027,-0.225467,-0.0305702,nan,-0.326157,-0.001,-0.047738,-0.657464,nan,0.0134376,0.082,-0.0085,2.8
849,66.5963,990.75,0.0643332,0.25,0.0833333,0.13992,1.21983,0.455283,-0.00930716,3.85311,8.88889e-05,0.00873804,0.333973,17707.5,0.45474,0.239203,-0.4,0.1,205.266,1.04325e+07,0.400843,0.0342706,0.763676,0.00842072,-1.29455,0.99075,0.2361,nan,nan,nan,nan,-0.0486925,-0.286698,-0.0378193,nan,-0.413231,-0.000875,-0.0575879,-0.802446,nan,0.0159717,0.117,-0.0125,3.71719
850,64.4641,992.024,0.067147,10.125,0.208333,0.138215,1.2324,0.448519,-0.00989392,3.85531,8.88889e-05,0.00937166,0.334034,16308.8,0.497209,0.256248,-0.4,0.1,206.02,1.04448e+07,0.457877,0.0332784,0.778356,0.00838316,-1.30384,0.992024,0.215227,nan,nan,nan,nan,-0.044588,-0.267209,-0.0356885,nan,-0.413946,-0.000693548,-0.0554031,-0.813607,nan,0.0157336,0.112895,-0.0113387,3.55575
851,66.975,1000,0.0618569,0.166667,0,0.13952,1.1412,0.375176,-0.0104837,3.85625,8.88889e-05,0.0156331,0.334009,16157,0.461882,0.298654,-0.4,0.1,206.782,1.04571e+07,0.488538,0.0320807,0.788151,0.0103086,-1.30577,1,0.25345,nan,nan,nan,nan,-0.0486372,-0.265894,-0.0395733,nan,-0.415485,-0.00175,-0.0579418,-0.77837,nan,0.0150184,0.1235,-0.0145,3.56562
852,38.6335,661.8,0.0733833,0.0833333,0.125,0.133333,1.22585,0.457766,-0.0100031,3.85457,8.88889e-05,0.00864868,0.333945,17442.3,0.466645,0.237851,-0.4,0.1,207.488,1.04694e+07,0.313884,0.0235066,0.513624,0.00505621,-0.865567,0.6618,0.13776,nan,nan,nan,nan,-0.0299611,-0.174925,-0.0238594,nan,-0.274944,-0.0002,-0.0360507,-0.541918,nan,0.0130674,0.0768,-0.0064,2.14
853,54.7696,881.75,0.0694326,0.291667,0.0416667,0.136174,1.2411,0.402533,-0.00945951,3.85158,8.88889e-05,0.0123763,0.333838,17564.8,0.458272,0.241308,-0.4,0.1,208.189,1.04817e+07,0.445998,0.0384181,0.69195,0.00676804,-1.17016,0.88175,0.185162,nan,nan,nan,nan,-0.0384491,-0.230372,-0.0297351,nan,-0.369457,-0.000375,-0.048587,-0.727913,nan,0.0142319,0.0875,-0.01075,3.0125
854,68.3829,1000,0.0736456,0.291667,0,0.132995,1.26342,0.404719,-0.00912067,3.8477,8.88889e-05,0.00942155,0.333746,17674.8,0.452592,0.242636,-0.4,0.1,208.886,1.0494e+07,0.398646,0.0324328,0.766639,0.00851719,-1.3163,1,0.241029,nan,nan,nan,nan,-0.0498181,-0.301508,-0.0387643,nan,-0.418046,-0.000142857,-0.0573323,-0.836277,nan,0.0169275,0.114571,-0.0128571,3.87143
855,74.9917,1000,0.070556,0.333333,0,0.132294,1.26939,0.430219,-0.0105753,3.84395,8.88889e-05,0.013888,0.333621,17258.6,0.460317,0.251674,-0.4,0.1,209.599,1.05062e+07,0.498361,0.0285764,0.781023,0.00881437,-1.31215,1,0.232787,nan,nan,nan,nan,-0.0472653,-0.286612,-0.0378115,nan,-0.4161,-0.001125,-0.0566279,-0.837962,nan,0.0140539,0.1195,-0.00975,4.07187
856,29.5988,558.5,0.0717662,0.125,0.125,0.137254,1.28187,0.453661,-0.0112359,3.83978,8.88889e-05,0.00904026,0.333528,16993.1,0.458917,0.264198,-0.4,0.1,210.323,1.05185e+07,0.251484,0.0186975,0.428591,0.00285031,-0.754906,0.5585,0.0877333,nan,nan,nan,nan,-0.0207745,-0.123441,-0.0161695,nan,-0.235911,-0.00233333,-0.0297354,-0.466376,nan,0.0101461,0.051,-0.00233333,1.72292
857,47.805,930.4,0.0730128,0.166667,0.0416667,0.135402,1.25091,0.472121,-0.00937582,3.83687,8.88889e-05,0.0117053,0.333453,17692.5,0.45456,0.239972,-0.4,0.1,211.019,1.05308e+07,0.571622,0.0300149,0.720642,0.00472329,-1.24144,0.9304,0.14362,nan,nan,nan,nan,-0.031476,-0.206311,-0.0243813,nan,-0.390357,-0.0014,-0.0510565,-0.804298,nan,0.0152535,0.0708,-0.0036,2.6575
858,70.4683,1000,0.076783,0.375,0,0.137893,1.27307,0.519989,-0.00999945,3.8348,8.88889e-05,0.0132377,0.333419,15261,0.468631,0.336558,-0.4,0.1,211.825,1.05431e+07,0.430353,0.0336671,0.786582,0.00875312,-1.31559,1,0.229822,nan,nan,nan,nan,-0.0487661,-0.301739,-0.0395802,nan,-0.419289,-0.000888889,-0.0558814,-0.835633,nan,0.0163852,0.132222,-0.0108889,3.91389
859,53.0929,812.667,0.0734989,0.166667,0.0833333,0.13188,1.27818,0.578014,-0.0104932,3.83367,8.88889e-05,0.0107927,0.333395,13142.3,0.640136,0.294863,-0.4,0.1,212.762,1.05554e+07,0.363592,0.0289583,0.616344,0.00556388,-1.08889,0.812667,0.15925,nan,nan,nan,nan,-0.0369439,-0.239386,-0.0291117,nan,-0.342371,-0.00183333,-0.048075,-0.713421,nan,0.0123081,0.0906667,-0.00966667,3.075
860,56.3604,880.143,0.0706118,0.25,0.0416667,0.13501,1.25963,0.47363,-0.0108789,3.83278,8.88889e-05,0.0127135,0.333377,14053,0.552307,0.322094,-0.4,0.1,213.638,1.05677e+07,0.416323,0.0290864,0.682739,0.0073754,-1.17319,0.880143,0.202386,nan,nan,nan,nan,-0.0412766,-0.256465,-0.0316392,nan,-0.369153,-0.000285714,-0.0495263,-0.773368,nan,0.0152278,0.0894286,-0.008,3.19821
861,64.2718,889.875,0.0707265,0.291667,0.0416667,0.134407,1.26475,0.48788,-0.0108291,3.83158,8.88889e-05,0.00961246,0.333312,15457.1,0.553392,0.241582,-0.4,0.1,214.434,1.058e+07,0.38334,0.028057,0.67449,0.00706647,-1.19498,0.889875,0.2123,nan,nan,nan,nan,-0.0480635,-0.308461,-0.0353779,nan,-0.373739,-0.0015,-0.0543717,-0.777782,nan,0.0162976,0.105,-0.007,3.69844
862,62.6458,793.143,0.073989,0.208333,0.0833333,0.135716,1.26786,0.648298,-0.0101653,3.82917,8.88889e-05,0.010861,0.333281,14115.3,0.617754,0.252791,-0.4,0.1,215.306,1.05923e+07,0.33736,0.0280224,0.607863,0.00690349,-1.05562,0.793143,0.196114,nan,nan,nan,nan,-0.0420272,-0.263423,-0.0321314,nan,-0.333039,-0.00128571,-0.0469826,-0.697076,nan,0.016828,0.0945714,-0.0108571,3.53393
863,62.2815,872,0.0703432,0.541667,0.166667,0.135492,1.30591,0.562792,-0.0113542,3.82786,8.88889e-05,0.0127276,0.33323,15520.1,0.55125,0.240496,-0.4,0.1,216.099,1.06045e+07,0.400686,0.0302356,0.667483,0.00677227,-1.17444,0.872,0.200735,nan,nan,nan,nan,-0.0433479,-0.27562,-0.0340842,nan,-0.366524,-0.00376471,-0.0520464,-0.751126,nan,0.0143818,0.0974118,-0.0107059,3.53603
864,68.7545,915.75,0.0722192,0.291667,0.0416667,0.134659,1.30332,0.51915,-0.00883064,3.82518,8.88889e-05,0.00614529,0.333142,17631.7,0.456296,0.240632,-0.4,0.1,216.797,1.06168e+07,0.36913,0.0257522,0.685976,0.00688043,-1.23044,0.91575,0.2091,nan,nan,nan,nan,-0.0459375,-0.294404,-0.0371383,nan,-0.385574,-0.000875,-0.0551993,-0.797541,nan,0.0164347,0.102,-0.01025,3.96406
865,42.382,600.778,0.0719609,0.166667,0.208333,0.131716,1.25569,0.581429,-0.0110906,3.82287,8.88889e-05,0.0127704,0.333141,15517.7,0.454699,0.337172,-0.4,0.1,217.59,1.06291e+07,0.299839,0.0223195,0.449467,0.00422388,-0.810794,0.600778,0.140078,nan,nan,nan,nan,-0.0319983,-0.192384,-0.0234576,nan,-0.254322,-0.000444444,-0.0368694,-0.541041,nan,0.0118724,0.0633333,-0.00511111,2.42361
866,57.3215,804.077,0.0734839,0.333333,0.208333,0.130349,1.27519,0.681937,-0.0103497,3.82404,8.88889e-05,0.0112461,0.333198,13122.3,0.550935,0.385489,-0.4,0.1,218.528,1.06414e+07,0.352908,0.0269176,0.617139,0.00624664,-1.07463,0.804077,0.186769,nan,nan,nan,nan,-0.0400406,-0.245896,-0.0302434,nan,-0.337151,-0.00138462,-0.047353,-0.685069,nan,0.014439,0.0792308,-0.00892308,3.24904
867,58.1362,844,0.0737852,0.166667,0.0416667,0.134685,1.26501,0.501078,-0.0108816,3.82477,8.88889e-05,0.0108682,0.333158,14466.7,0.524869,0.324528,-0.4,0.1,219.38,1.06537e+07,0.409106,0.0296737,0.62442,0.00492635,-1.13908,0.844,0.17338,nan,nan,nan,nan,-0.0418558,-0.271887,-0.0311537,nan,-0.356713,-0.0014,-0.0517152,-0.756156,nan,0.0125592,0.09,-0.0088,3.3775
868,66.6938,743.667,0.0667186,0.125,0.125,0.131887,1.28369,0.534277,-0.00903834,3.82271,8.88889e-05,0.0113554,0.33312,15060.5,0.523967,0.291942,-0.4,0.1,220.197,1.0666e+07,0.301675,0.0223622,0.561402,0.00506597,-1.01433,0.743667,0.179583,nan,nan,nan,nan,-0.0458948,-0.294379,-0.0324316,nan,-0.314291,-0.00166667,-0.047772,-0.664889,nan,0.0151682,0.0776667,-0.00833333,3.85208
869,55.0278,870.071,0.0692271,0.458333,0.125,0.135594,1.24558,0.601807,-0.0100255,3.82204,8.88889e-05,0.0134606,0.333125,14424.6,0.505185,0.346694,-0.4,0.1,221.05,1.06783e+07,0.422489,0.0301674,0.668644,0.00627671,-1.1693,0.870071,0.181636,nan,nan,nan,nan,-0.0407561,-0.257205,-0.0307251,nan,-0.366042,-0.00121429,-0.0521774,-0.744535,nan,0.0151308,0.0807143,-0.01,3.14821
870,51.1638,789.429,0.0680761,0.208333,0.0833333,0.134579,1.23894,0.484662,-0.0116223,3.8212,8.88889e-05,0.0121528,0.333059,13634.8,0.551123,0.350097,-0.4,0.1,221.953,1.06906e+07,0.362776,0.0270729,0.600628,0.00611288,-1.06599,0.789429,0.1858,nan,nan,nan,nan,-0.0421224,-0.269642,-0.0320183,nan,-0.33235,-0.00228571,-0.0494417,-0.705933,nan,0.0187988,0.0937143,-0.0102857,2.98393
871,71.1224,970.833,0.0700957,0.458333,0.0416667,0.135038,1.25013,0.580519,-0.0112691,3.81881,8.88889e-05,0.013349,0.333017,14582.4,0.527193,0.315469,-0.4,0.1,222.797,1.07028e+07,0.520986,0.0292429,0.756716,0.008045,-1.3048,0.970833,0.226217,nan,nan,nan,nan,-0.0507906,-0.328067,-0.0387507,nan,-0.408395,-0.00208333,-0.0589889,-0.818202,nan,0.018699,0.107833,-0.00883333,3.93646
872,62.122,917.5,0.0707169,0.208333,0.0416667,0.133477,1.29259,0.577171,-0.0112207,3.81774,8.88889e-05,0.0100345,0.333003,14939,0.521314,0.301232,-0.4,0.1,223.62,1.07151e+07,0.451507,0.0299819,0.704549,0.00613581,-1.23602,0.9175,0.204517,nan,nan,nan,nan,-0.0447042,-0.286917,-0.0335104,nan,-0.387146,-0.00133333,-0.0542133,-0.795195,nan,0.0185297,0.091,-0.00566667,3.52708
873,63.0854,792.3,0.0721854,0.291667,0.125,0.135892,1.28787,0.624184,-0.00898455,3.817,8.88889e-05,0.0155776,0.332991,14768,0.514312,0.317755,-0.4,0.1,224.454,1.07274e+07,0.380752,0.0227619,0.605081,0.00569064,-1.07202,0.7923,0.177,nan,nan,nan,nan,-0.0403013,-0.270743,-0.0310774,nan,-0.333627,-0.0013,-0.0483513,-0.711935,nan,0.011985,0.085,-0.0082,3.59125
874,69.9676,892.625,0.0763391,0.25,0.0833333,0.136657,1.28077,0.542028,-0.00997857,3.81683,8.88889e-05,0.0155129,0.333005,13478.4,0.570069,0.341612,-0.4,0.1,225.367,1.07397e+07,0.426405,0.0290537,0.669192,0.00640323,-1.21469,0.892625,0.204937,nan,nan,nan,nan,-0.0468486,-0.307051,-0.0363877,nan,-0.376608,-0.00175,-0.0545789,-0.795219,nan,0.016017,0.094,-0.004,3.99688
875,67.539,930,0.0755569,0.208333,0.0416667,0.136275,1.26436,0.586991,-0.00984313,3.81675,8.88889e-05,0.0153897,0.332963,14261.2,0.537974,0.323666,-0.4,0.1,226.23,1.0752e+07,0.453797,0.0344988,0.712345,0.00701363,-1.24526,0.93,0.210467,nan,nan,nan,nan,-0.0454742,-0.28967,-0.0350793,nan,-0.391693,-0.000833333,-0.0540896,-0.810111,nan,0.0186186,0.0956667,-0.007,3.79375
876,51.9948,925.25,0.0745777,0.375,0.125,0.13694,1.27674,0.573304,-0.0106936,3.81493,8.88889e-05,0.0142859,0.332937,14835.7,0.526582,0.301689,-0.4,0.1,227.06,1.07643e+07,0.4698,0.0313051,0.708317,0.00578164,-1.24312,0.92525,0.184508,nan,nan,nan,nan,-0.0409558,-0.260755,-0.0300662,nan,-0.39031,-0.00258333,-0.0581759,-0.801031,nan,0.0176557,0.0843333,-0.0075,3.00729
877,56.1844,763.818,0.076237,0.333333,0.125,0.138347,1.26249,0.63789,-0.00997628,3.81399,8.88889e-05,0.00936136,0.332908,16365.7,0.497464,0.253375,-0.4,0.1,227.812,1.07766e+07,0.403424,0.0238273,0.581267,0.00528062,-1.03994,0.763818,0.165945,nan,nan,nan,nan,-0.0381187,-0.249304,-0.0281462,nan,-0.322074,-0.00109091,-0.0488602,-0.678741,nan,0.0120654,0.0818182,-0.00490909,3.18295
878,65.9826,924.385,0.0779541,0.458333,0.0833333,0.135943,1.271,0.617845,-0.0100462,3.81263,8.88889e-05,0.0090445,0.332863,14709.7,0.492669,0.342697,-0.4,0.1,228.648,1.07889e+07,0.373622,0.0287081,0.688882,0.00661272,-1.25484,0.924385,0.212931,nan,nan,nan,nan,-0.0487408,-0.308708,-0.0371707,nan,-0.391268,-0.00169231,-0.0571318,-0.835079,nan,0.0178871,0.0970769,-0.00769231,3.89135
879,54.375,931.75,0.0723446,0.25,0.0833333,0.136878,1.26677,0.520291,-0.0111255,3.81127,8.88889e-05,0.016678,0.332826,13715.5,0.572797,0.323123,-0.4,0.1,229.546,1.08012e+07,0.527155,0.0248079,0.711146,0.00550009,-1.2674,0.93175,0.184925,nan,nan,nan,nan,-0.0420037,-0.269848,-0.0306025,nan,-0.392821,-0.001,-0.0583648,-0.842896,nan,0.0229628,0.07775,-0.0045,3.14219
880,55.1243,845.556,0.0764053,0.166667,0.208333,0.136585,1.2947,0.793122,-0.00934692,3.81043,8.88889e-05,0.00798069,0.332835,14434.7,0.52838,0.322903,-0.4,0.1,230.398,1.08134e+07,0.38064,0.0287887,0.614642,0.005759,-1.15433,0.845556,0.195367,nan,nan,nan,nan,-0.0483681,-0.305596,-0.034307,nan,-0.358996,-0.000888889,-0.0551627,-0.761092,nan,0.0155324,0.0822222,-0.0102222,3.31667
881,76.8804,1000,0.0741345,0.291667,0,0.13908,1.29577,0.578354,-0.00997107,3.81049,8.88889e-05,0.0111754,0.332809,15911.2,0.522476,0.249809,-0.4,0.1,231.172,1.08257e+07,0.517773,0.0327933,0.750116,0.00624573,-1.4001,1,0.226057,nan,nan,nan,nan,-0.0531425,-0.363821,-0.0402627,nan,-0.42367,-0.00328571,-0.0663086,-0.916309,nan,0.0202258,0.109143,-0.00857143,4.45714
882,67.643,855.231,0.0789196,0.333333,0.208333,0.138531,1.2959,0.610389,-0.00893224,3.80806,8.88889e-05,0.0102992,0.332705,16529,0.498318,0.245101,-0.4,0.1,231.917,1.0838e+07,0.426815,0.0247739,0.635223,0.00571153,-1.18081,0.855231,0.195285,nan,nan,nan,nan,-0.0460325,-0.304077,-0.0349474,nan,-0.362599,-0.00130769,-0.0555737,-0.774063,nan,0.0180573,0.0932308,-0.00507692,3.89231
883,57.0395,876.444,0.0824198,0.291667,0.0833333,0.13972,1.30017,0.679072,-0.00979164,3.80341,8.88889e-05,0.0126258,0.332564,17632.7,0.462712,0.234175,-0.4,0.1,232.615,1.08503e+07,0.435048,0.0269879,0.666634,0.00523458,-1.19575,0.876444,0.1796,nan,nan,nan,nan,-0.0404984,-0.25537,-0.0308736,nan,-0.368933,-0.00233333,-0.0561582,-0.779382,nan,0.0151522,0.0837778,-0.00622222,3.29861
884,70.1367,943.857,0.0815151,0.208333,0.0833333,0.138085,1.30686,0.610761,-0.00968361,3.79967,8.88889e-05,0.00857006,0.332544,14106.2,0.500321,0.370788,-0.4,0.1,233.487,1.08626e+07,0.404445,0.030655,0.710951,0.00615579,-1.29625,0.943857,0.215529,nan,nan,nan,nan,-0.0495677,-0.329515,-0.0383932,nan,-0.398124,-0.00128571,-0.0605979,-0.852405,nan,0.0164463,0.103714,-0.00771429,4.10893
885,57.3858,821.444,0.0787509,0.25,0.125,0.13468,1.27856,0.583417,-0.00956488,3.79927,8.88889e-05,0.0126353,0.332506,13167.7,0.558281,0.374912,-0.4,0.1,234.422,1.08749e+07,0.378774,0.0252999,0.610239,0.00429384,-1.14687,0.821444,0.170422,nan,nan,nan,nan,-0.0420998,-0.289809,-0.0318249,nan,-0.350275,-0.00277778,-0.0555678,-0.745616,nan,0.0186507,0.0686667,-0.00533333,3.44167
886,62.0992,845.8,0.0745159,0.0833333,0.125,0.133769,1.28098,0.605748,-0.0097463,3.79667,8.88889e-05,0.00854039,0.332426,13096.4,0.60289,0.335382,-0.4,0.1,235.361,1.08872e+07,0.450961,0.0288828,0.637108,0.00590829,-1.15944,0.8458,0.17576,nan,nan,nan,nan,-0.0441802,-0.282246,-0.032701,nan,-0.358715,-0.0016,-0.0533395,-0.749724,nan,0.0196829,0.078,-0.0052,3.55
887,67.0242,936.6,0.0770875,0.125,0.0833333,0.133475,1.27624,0.570033,-0.0100367,3.79407,8.88889e-05,0.009025,0.332371,14791.1,0.560607,0.270164,-0.4,0.1,236.194,1.08995e+07,0.427054,0.0298632,0.672591,0.00520743,-1.33015,0.9366,0.2098,nan,nan,nan,nan,-0.0546201,-0.377227,-0.037691,nan,-0.400178,-0.0026,-0.0624484,-0.863597,nan,0.0218079,0.0968,-0.01,4.09
888,56.5857,886.833,0.0794949,0.166667,0.0833333,0.135077,1.24775,0.77605,-0.00914046,3.79176,8.88889e-05,0.00790736,0.332298,16801.9,0.486803,0.244541,-0.4,0.1,236.926,1.09117e+07,0.507314,0.0307148,0.654407,0.00463322,-1.21862,0.886833,0.173717,nan,nan,nan,nan,-0.0410841,-0.276845,-0.0309142,nan,-0.375258,-0.00133333,-0.0571523,-0.816331,nan,0.0173729,0.067,-0.00766667,3.3125
889,77.2611,990,0.0736823,0.291667,0.0416667,0.135989,1.26194,0.607161,-0.010335,3.78923,8.88889e-05,0.012254,0.332223,15953.3,0.479588,0.290661,-0.4,0.1,237.698,1.0924e+07,0.434698,0.0283423,0.735394,0.00727577,-1.35593,0.99,0.240062,nan,nan,nan,nan,-0.0567785,-0.376404,-0.0420536,nan,-0.41918,-0.002375,-0.0639366,-0.908488,nan,0.0204845,0.11675,-0.00825,4.52344
890,36.8529,712.5,0.0811953,0.0416667,0.0416667,0.134942,1.29173,0.540611,-0.00961371,3.78677,8.88889e-05,0.0114776,0.332165,17463,0.468078,0.235582,-0.4,0.1,238.403,1.09363e+07,0.339458,0.0336496,0.536975,0.00424947,-0.975553,0.7125,0.12935,nan,nan,nan,nan,-0.034003,-0.223099,-0.0232939,nan,-0.30485,-0.001,-0.0408663,-0.631075,nan,0.0167026,0.07,-0.004,2.2375
891,74.6673,937.182,0.0777229,0.375,0.0833333,0.138601,1.29379,0.606588,-0.0100942,3.78454,8.88889e-05,0.00907102,0.332108,14145.2,0.515088,0.353615,-0.4,0.1,239.273,1.09486e+07,0.420434,0.0281951,0.683948,0.00680244,-1.31237,0.937182,0.224327,nan,nan,nan,nan,-0.0545578,-0.371466,-0.0394646,nan,-0.399414,-0.00245455,-0.0604886,-0.852679,nan,0.0216871,0.0929091,-0.00854545,4.41932
892,71.907,996.716,0.0768233,8.58333,0.0833333,0.140227,1.25839,0.553356,-0.0105743,3.78258,8.88889e-05,0.0162236,0.33205,13523.9,0.57841,0.330204,-0.4,0.1,240.183,1.09609e+07,0.491536,0.0317466,0.736596,0.00619938,-1.387,0.996716,0.223004,nan,nan,nan,nan,-0.0535674,-0.365657,-0.0397222,nan,-0.423628,-0.00207212,-0.0650303,-0.900131,nan,0.0200214,0.0977404,-0.00770192,4.2363
893,65.8982,797.25,0.0801799,0.0833333,0.0833333,0.139454,1.29416,0.557088,-0.00968104,3.78017,8.88889e-05,0.0122136,0.331989,13710.5,0.571967,0.324279,-0.4,0.1,241.082,1.09732e+07,0.486124,0.024958,0.612937,0.00507152,-1.10741,0.79725,0.16365,nan,nan,nan,nan,-0.0410566,-0.277712,-0.0323208,nan,-0.338237,-0.00125,-0.0501505,-0.691108,nan,0.0115381,0.084,-0.0045,3.65313
894,68.9633,1000,0.0818998,0.208333,0,0.135813,1.32869,0.50329,-0.00957404,3.77785,8.88889e-05,0.00997086,0.331907,15822.5,0.512857,0.263758,-0.4,0.1,241.862,1.09855e+07,0.404635,0.0324938,0.720599,0.00535593,-1.39455,1,0.2091,nan,nan,nan,nan,-0.0516463,-0.343626,-0.0382997,nan,-0.424234,-0.0008,-0.0688459,-0.905815,nan,0.016793,0.082,-0.01,4.215
895,51.0491,661.846,0.0859867,0.333333,0.208333,0.135048,1.30705,0.600647,-0.0100657,3.77465,8.88889e-05,0.0135917,0.331834,16015,0.512528,0.254751,-0.4,0.1,242.631,1.09978e+07,0.264135,0.0203672,0.465349,0.00400676,-0.940114,0.661846,0.164046,nan,nan,nan,nan,-0.042127,-0.283171,-0.0290061,nan,-0.283873,-0.00192308,-0.0450291,-0.626806,nan,0.014484,0.0663077,-0.00507692,3.14904
896,65.3213,1000,0.081638,0.166667,0,0.137033,1.29928,0.558557,-0.00912866,3.77222,8.88889e-05,0.0118695,0.331788,14264.9,0.499782,0.361632,-0.4,0.1,243.494,1.101e+07,0.531152,0.0269971,0.747967,0.00662389,-1.38018,1,0.217975,nan,nan,nan,nan,-0.0494755,-0.339351,-0.0380047,nan,-0.425887,-0.0015,-0.0645587,-0.894814,nan,0.0187498,0.1065,-0.0055,3.80938
897,88.3251,1000,0.0891123,0.25,0,0.137441,1.3257,0.589033,-0.00790542,3.77091,0.000133333,0.004774,0.331777,12234.5,0.562059,0.442317,-0.4,0.1,244.499,1.10223e+07,0.430151,0.0302043,0.707013,0.00581366,-1.44119,1,0.250733,nan,nan,nan,nan,-0.0622683,-0.440261,-0.0458862,nan,-0.429829,-0.00366667,-0.0679703,-0.964738,nan,0.0220699,0.105667,-0.00666667,5.32708
898,55.7826,840,0.0842988,0.166667,0.0416667,0.136023,1.33507,0.488251,-0.0101392,3.76963,0.000133333,0.0168795,0.331711,12356,0.575846,0.418647,-0.4,0.1,245.496,1.10346e+07,0.431922,0.0277526,0.624307,0.00519508,-1.17129,0.84,0.16848,nan,nan,nan,nan,-0.0425767,-0.285866,-0.0322197,nan,-0.357583,-0.001,-0.0518706,-0.741553,nan,0.0145302,0.0752,-0.0068,3.2925
899,60.7206,1000,0.0881216,0.0833333,0,0.136917,1.3117,0.699761,-0.00929483,3.7673,0.000133333,0.0136431,0.331652,14906.9,0.524669,0.299648,-0.4,0.1,246.321,1.10469e+07,0.55622,0.0291785,0.743015,0.00574465,-1.40113,1,0.20885,nan,nan,nan,nan,-0.0561044,-0.400053,-0.0391243,nan,-0.425543,-0.001,-0.0685526,-0.945868,nan,0.0168955,0.109,-0.008,3.7125
900,72.0462,952,0.0891849,0.375,0.0416667,0.139318,1.33513,0.728,-0.0103357,3.76391,0.000133333,0.0142343,0.331509,16845.4,0.496262,0.233193,-0.4,0.1,247.052,1.10592e+07,0.451156,0.0226595,0.677963,0.00516101,-1.36582,0.952,0.21772,nan,nan,nan,nan,-0.05802,-0.42073,-0.0415329,nan,-0.408168,-0.0021,-0.0687572,-0.931774,nan,0.0195032,0.0984,-0.0066,4.46125
901,62.4099,706.111,0.0869523,0.208333,0.166667,0.139418,1.31516,0.636785,-0.010045,3.75864,0.000133333,0.0130495,0.331397,12400.4,0.610464,0.380471,-0.4,0.1,249.758,1.10715e+07,0.273551,0.017112,0.47941,0.00413609,-1.0407,0.706111,0.185689,nan,nan,nan,nan,-0.0497111,-0.354218,-0.0347818,nan,-0.304198,-0.00333333,-0.0522469,-0.729433,nan,0.0164414,0.0733333,-0.00555556,3.93889
902,68.0025,832.222,0.0843806,0.25,0.125,0.141335,1.34516,0.701775,-0.0105726,3.75624,8.88889e-05,0.0204474,0.331396,12384.8,0.602644,0.389542,-0.4,0.1,250.752,1.10838e+07,0.327298,0.0232569,0.591782,0.00515257,-1.1831,0.832222,0.201822,nan,nan,nan,nan,-0.0522635,-0.358374,-0.0361689,nan,-0.356988,-0.00277778,-0.0555224,-0.793647,nan,0.0204282,0.0853333,-0.00666667,4.15833
903,72.4645,925.5,0.0818686,0.375,0.0416667,0.139952,1.32956,0.757311,-0.0103207,3.75687,8.88889e-05,0.0078394,0.331415,13234.6,0.577003,0.351475,-0.4,0.1,251.682,1.10961e+07,0.452311,0.0297536,0.670043,0.00534905,-1.32484,0.9255,0.21565,nan,nan,nan,nan,-0.0543622,-0.381882,-0.0403177,nan,-0.396895,-0.0016,-0.0615598,-0.872021,nan,0.0195934,0.0914,-0.0054,4.3525
904,70.1493,886.5,0.080468,0.333333,0.166667,0.136005,1.34524,0.808362,-0.0108616,3.75698,8.88889e-05,0.00573979,0.331406,14803.9,0.498888,0.331162,-0.4,0.1,252.513,1.11084e+07,0.337762,0.0279395,0.625679,0.00500424,-1.28015,0.8865,0.213858,nan,nan,nan,nan,-0.057363,-0.405783,-0.0391301,nan,-0.3818,-0.00341667,-0.0623509,-0.84736,nan,0.0186194,0.0893333,-0.00633333,4.38646
905,79.4175,953,0.083975,0.583333,0.0833333,0.13124,1.3443,0.803434,-0.00872607,3.75655,8.88889e-05,0.00992836,0.33139,12258.1,0.595977,0.406466,-0.4,0.1,253.517,1.11206e+07,0.457789,0.0271111,0.66034,0.00513926,-1.39298,0.953,0.23325,nan,nan,nan,nan,-0.0646523,-0.473645,-0.0445648,nan,-0.411801,-0.002625,-0.0683146,-0.947054,nan,0.0250055,0.0935,-0.00675,4.92812
906,66.6949,820.5,0.0848949,0.25,0.166667,0.133604,1.33457,0.811272,-0.00999561,3.75562,8.88889e-05,0.00924104,0.331355,12243.5,0.639131,0.364505,-0.4,0.1,254.522,1.11329e+07,0.428864,0.0246427,0.583301,0.00410418,-1.19718,0.8205,0.18323,nan,nan,nan,nan,-0.0512504,-0.366231,-0.0338408,nan,-0.354563,-0.0037,-0.0611818,-0.802443,nan,0.0244376,0.0656,-0.0058,4.07625
907,73.8494,925.75,0.0847624,0.416667,0.0833333,0.134425,1.30182,0.736639,-0.00959501,3.75427,8.88889e-05,0.0158113,0.331319,13150.3,0.588405,0.346019,-0.4,0.1,255.458,1.11452e+07,0.43331,0.0286378,0.66236,0.00477616,-1.34234,0.92575,0.210483,nan,nan,nan,nan,-0.0552127,-0.393113,-0.0397782,nan,-0.397939,-0.00383333,-0.0646347,-0.887846,nan,0.021399,0.0843333,-0.00533333,4.51146
908,72.2955,929.889,0.0868004,0.333333,0.0416667,0.13372,1.30976,0.600807,-0.00933917,3.75273,8.88889e-05,0.0189412,0.33127,13614,0.558973,0.343629,-0.4,0.1,256.362,1.11575e+07,0.473773,0.0276911,0.667037,0.00533454,-1.33031,0.929889,0.218444,nan,nan,nan,nan,-0.0572281,-0.39711,-0.0400073,nan,-0.398617,-0.00311111,-0.0623093,-0.870482,nan,0.0237817,0.0891111,-0.00555556,4.34444
909,73.1851,901.833,0.0883389,0.208333,0.0416667,0.135508,1.32552,0.763833,-0.0105793,3.75091,8.88889e-05,0.00820198,0.331233,13280.5,0.559001,0.366264,-0.4,0.1,257.289,1.11698e+07,0.446264,0.0244538,0.638109,0.00553642,-1.29789,0.901833,0.222433,nan,nan,nan,nan,-0.0580952,-0.402169,-0.041686,nan,-0.38633,-0.00233333,-0.0600293,-0.891916,nan,0.018152,0.095,-0.00833333,4.45625
910,60.0684,866.25,0.0845481,0.375,0.125,0.134768,1.32154,0.590669,-0.0121356,3.75009,8.88889e-05,0.0131214,0.331222,14085.9,0.556751,0.315609,-0.4,0.1,258.163,1.11821e+07,0.404767,0.0262113,0.615907,0.00374458,-1.25791,0.86625,0.1687,nan,nan,nan,nan,-0.0463627,-0.333825,-0.0318717,nan,-0.372011,-0.00316667,-0.0605276,-0.811648,nan,0.0175813,0.0636667,-0.0065,3.76042
911,81.595,920.8,0.0813593,0.375,0.0416667,0.131888,1.308,0.613508,-0.00929204,3.74982,8.88889e-05,0.00699689,0.331219,13544.7,0.588974,0.318244,-0.4,0.1,259.072,1.11944e+07,0.456733,0.0277174,0.645336,0.00477487,-1.35556,0.9208,0.22463,nan,nan,nan,nan,-0.0610337,-0.44788,-0.0434373,nan,-0.396763,-0.0047,-0.0679123,-0.89438,nan,0.0256235,0.0876,-0.0068,4.965
912,76.6627,1000,0.0835926,0.333333,0,0.131592,1.31644,0.686751,-0.0097205,3.74927,0.000133333,0.00263667,0.331201,13618.2,0.562453,0.339866,-0.4,0.1,259.975,1.12067e+07,0.466921,0.0269524,0.712514,0.00503103,-1.44637,1,0.229412,nan,nan,nan,nan,-0.0605804,-0.421079,-0.0436632,nan,-0.430659,-0.00475,-0.0697582,-0.956666,nan,0.0233269,0.0925,-0.00875,4.71875
913,58.281,750.444,0.0886172,0.208333,0.166667,0.133959,1.32996,0.660522,-0.0112015,3.74627,0.000133333,0.0145952,0.331023,13659.6,0.576353,0.323233,-0.4,0.1,260.876,1.12189e+07,0.396946,0.0203989,0.551325,0.00430745,-1.06901,0.750444,0.166067,nan,nan,nan,nan,-0.0436251,-0.295776,-0.0310479,nan,-0.320237,-0.00277778,-0.0512066,-0.679021,nan,0.0166561,0.0697778,-0.00666667,3.4375
914,68.4139,911.5,0.0882609,0.291667,0.125,0.136187,1.31817,0.679615,-0.0105344,3.74008,0.000133333,0.0196941,0.330931,13678.4,0.566466,0.331882,-0.4,0.1,261.776,1.12312e+07,0.444748,0.0292982,0.646241,0.00454565,-1.33183,0.9115,0.19675,nan,nan,nan,nan,-0.0532117,-0.381892,-0.0384898,nan,-0.393854,-0.0041,-0.062519,-0.917249,nan,0.0204092,0.0804,-0.0038,4.27375
915,80.3482,943.5,0.0869755,0.291667,0.0416667,0.136711,1.31248,0.736069,-0.00904671,3.73788,0.000133333,0.0112951,0.330871,14175.6,0.572944,0.293898,-0.4,0.1,262.644,1.12435e+07,0.423559,0.025225,0.657504,0.00533684,-1.38345,0.9435,0.2251,nan,nan,nan,nan,-0.0630473,-0.439063,-0.0427901,nan,-0.4084,-0.003375,-0.066854,-0.921559,nan,0.0199749,0.08625,-0.00925,4.96875
916,81.7227,908.636,0.0908981,0.375,0.0833333,0.135518,1.34804,0.643311,-0.00895619,3.73461,0.000133333,0.012051,0.330766,11766.2,0.634336,0.410011,-0.4,0.1,263.69,1.12558e+07,0.468701,0.0260199,0.652187,0.00470784,-1.32473,0.908636,0.206336,nan,nan,nan,nan,-0.0561426,-0.407241,-0.0398542,nan,-0.392415,-0.00336364,-0.0622757,-0.886255,nan,0.0209601,0.0872727,-0.00618182,4.88977
917,75.9091,904.8,0.0899588,0.125,0.0833333,0.134974,1.35739,0.782573,-0.00883491,3.7307,0.000133333,0.0151573,0.330686,12075,0.637099,0.380542,-0.4,0.1,264.709,1.12681e+07,0.429046,0.0238909,0.625443,0.00526932,-1.30885,0.9048,0.21566,nan,nan,nan,nan,-0.05843,-0.418847,-0.0416773,nan,-0.389041,-0.0046,-0.061185,-0.900051,nan,0.025324,0.0808,-0.0096,4.6775
918,75.1168,863.154,0.0844718,0.416667,0.125,0.139185,1.33604,0.832038,-0.0116803,3.73006,0.000133333,0.0146329,0.330747,12874,0.599058,0.355424,-0.4,0.1,265.666,1.12804e+07,0.429825,0.0252894,0.599969,0.00336427,-1.28472,0.863154,0.188492,nan,nan,nan,nan,-0.0538375,-0.398153,-0.0383347,nan,-0.373666,-0.00507692,-0.0651359,-0.895047,nan,0.0201341,0.0747692,-0.00538462,4.67019
919,79.131,973.692,0.0869293,0.5,0.0416667,0.140828,1.36579,0.642935,-0.0125146,3.73132,0.000133333,0.0179096,0.330725,14067.3,0.582329,0.291186,-0.4,0.1,266.541,1.12927e+07,0.479167,0.0302902,0.680153,0.00501605,-1.41835,0.973692,0.232754,nan,nan,nan,nan,-0.0629043,-0.450345,-0.0436413,nan,-0.421064,-0.0137692,-0.0683477,-0.965303,nan,0.0245813,0.0807692,-0.00615385,4.9
920,70.9576,901.385,0.0848722,0.416667,0.125,0.136184,1.35003,0.684064,-0.0104604,3.73014,0.000133333,0.0113195,0.330716,12847.3,0.528631,0.427838,-0.4,0.1,267.499,1.1305e+07,0.428346,0.0265775,0.635013,0.00434321,-1.32126,0.901385,0.195569,nan,nan,nan,nan,-0.0551333,-0.398807,-0.039354,nan,-0.388642,-0.00230769,-0.0624366,-0.862227,nan,0.0186653,0.0750769,-0.00692308,4.4
921,85.4151,982.25,0.0828867,0.125,0.0416667,0.139366,1.34471,0.959191,-0.0126479,3.72904,0.000133333,0.0155453,0.330652,13830.3,0.554701,0.333782,-0.4,0.1,268.39,1.13172e+07,0.417291,0.0278459,0.69984,0.00638419,-1.46352,0.98225,0.253975,nan,nan,nan,nan,-0.0703271,-0.511171,-0.0479955,nan,-0.428004,-0.0015,-0.0651723,-0.968907,nan,0.0293918,0.096,-0.0075,5.32187
922,68.6514,836.643,0.0881974,0.333333,0.25,0.140839,1.32352,0.955034,-0.0101333,3.72609,0.000133333,0.0121345,0.330586,11753.3,0.668575,0.376915,-0.4,0.1,269.437,1.13295e+07,0.410129,0.0262411,0.577532,0.00427976,-1.23904,0.836643,0.194786,nan,nan,nan,nan,-0.0560061,-0.405282,-0.0387903,nan,-0.362875,-0.00321429,-0.0602902,-0.846914,nan,0.0201598,0.076,-0.00614286,4.30536
923,63.8296,863.714,0.0918134,0.166667,0.125,0.138204,1.3502,0.887249,-0.0105879,3.72515,0.000133333,0.0146048,0.330617,14413.8,0.571409,0.281108,-0.4,0.1,270.291,1.13418e+07,0.39956,0.0209482,0.595925,0.00463447,-1.29222,0.863714,0.197343,nan,nan,nan,nan,-0.0595111,-0.424805,-0.0400682,nan,-0.374485,-0.00271429,-0.0622143,-0.853248,nan,0.0218325,0.0885714,-0.00428571,4.1125
924,73.2586,873.929,0.0859436,0.333333,0.25,0.138969,1.3924,0.756085,-0.0106385,3.72446,8.88889e-05,0.0240612,0.330514,16087.6,0.509709,0.254108,-0.4,0.1,271.056,1.13541e+07,0.402055,0.0218256,0.58862,0.00433241,-1.30814,0.873929,0.210964,nan,nan,nan,nan,-0.0629779,-0.453301,-0.0420733,nan,-0.379514,-0.002,-0.0641449,-0.904163,nan,0.0221652,0.077,-0.00557143,4.68393
925,74.6396,865.667,0.0849688,0.25,0.125,0.141884,1.38624,0.907194,-0.00844703,3.72093,8.88889e-05,0.00835785,0.330464,14375,0.528888,0.32593,-0.4,0.1,271.913,1.13664e+07,0.438546,0.0235313,0.598874,0.00394945,-1.29904,0.865667,0.193378,nan,nan,nan,nan,-0.0567029,-0.434041,-0.0395217,nan,-0.378085,-0.00366667,-0.0619252,-0.908319,nan,0.0236123,0.0737778,-0.00666667,4.69861
926,87.5183,932.6,0.0849591,0.333333,0.0833333,0.137913,1.37363,0.758258,-0.00944636,3.71856,8.88889e-05,0.0155045,0.330377,13545.5,0.596596,0.310569,-0.4,0.1,272.821,1.13787e+07,0.400754,0.0264088,0.630123,0.00430005,-1.4182,0.9326,0.23077,nan,nan,nan,nan,-0.0693349,-0.514817,-0.0474679,nan,-0.407277,-0.004,-0.0716993,-1.00467,nan,0.0249753,0.0882,-0.006,5.58125
927,59.5305,864.625,0.086774,0.25,0.0833333,0.137844,1.36905,0.910481,-0.0103586,3.71673,8.88889e-05,0.018123,0.330394,14117.1,0.549076,0.321356,-0.4,0.1,273.693,1.1391e+07,0.419008,0.0226477,0.604914,0.00401377,-1.27806,0.864625,0.182175,nan,nan,nan,nan,-0.053564,-0.393889,-0.0372142,nan,-0.376179,-0.0035,-0.0632358,-0.889435,nan,0.0254671,0.071,-0.0035,3.88125
928,76.3183,912.778,0.0907494,0.333333,0.0416667,0.140321,1.35866,0.655399,-0.0111932,3.71657,8.88889e-05,0.0147539,0.330328,13660.1,0.576929,0.322623,-0.4,0.1,274.594,1.14033e+07,0.433163,0.0279774,0.662682,0.00415797,-1.33285,0.912778,0.202856,nan,nan,nan,nan,-0.0553234,-0.401408,-0.0384736,nan,-0.392021,-0.002,-0.0646983,-0.867875,nan,0.0165035,0.0791111,-0.00755556,4.63889
929,83.7849,845,0.0904688,0.0833333,0.0416667,0.140321,1.40262,0.707901,-0.0108326,3.71378,8.88889e-05,0.0127128,0.330277,14143.7,0.528075,0.340721,-0.4,0.1,275.465,1.14156e+07,0.258289,0.022767,0.553457,0.00394932,-1.30868,0.845,0.2277,nan,nan,nan,nan,-0.0724114,-0.52896,-0.0443885,nan,-0.373761,-0.00633333,-0.0685875,-0.897386,nan,0.0234235,0.08,-0.004,5.47917
930,89.356,1000,0.0843752,0.25,0,0.140442,1.37487,0.788069,-0.00800739,3.71254,8.88889e-05,0.0168242,0.330247,13489.7,0.572278,0.338639,-0.4,0.1,276.377,1.14278e+07,0.575887,0.0234881,0.699705,0.00460108,-1.50469,1,0.2264,nan,nan,nan,nan,-0.0655508,-0.492028,-0.0476511,nan,-0.435235,-0.0025,-0.0686583,-0.982958,nan,0.0254958,0.0826667,-0.00866667,5.4375
931,73.0398,861.6,0.0880389,0.166667,0.0416667,0.135346,1.39694,0.787201,-0.0101197,3.71153,8.88889e-05,0.0154087,0.330224,13535,0.56326,0.344607,-0.4,0.1,277.286,1.14401e+07,0.338561,0.0253063,0.600999,0.00437111,-1.30389,0.8616,0.20816,nan,nan,nan,nan,-0.0591805,-0.422493,-0.0396113,nan,-0.377203,-0.0038,-0.0640302,-0.891228,nan,0.0195245,0.068,-0.0056,4.6925
932,83.9593,871.5,0.0884663,0.208333,0.0416667,0.135964,1.39797,0.751508,-0.00820222,3.71055,8.88889e-05,0.00682365,0.330179,13498.8,0.591158,0.319145,-0.4,0.1,278.198,1.14524e+07,0.465952,0.0281333,0.600267,0.00400074,-1.29988,0.8715,0.216417,nan,nan,nan,nan,-0.0600052,-0.432142,-0.0411522,nan,-0.378495,-0.00333333,-0.0623864,-0.909012,nan,0.0207642,0.0756667,-0.00666667,5.10833
933,79.4672,919.75,0.0906057,0.333333,0.166667,0.136242,1.39449,0.795211,-0.00925032,3.70825,8.88889e-05,0.0129701,0.330097,16921,0.477112,0.249087,-0.4,0.1,278.925,1.14647e+07,0.392754,0.0281478,0.614201,0.0041492,-1.41152,0.91975,0.223192,nan,nan,nan,nan,-0.0664607,-0.494759,-0.0445232,nan,-0.402815,-0.006,-0.0714031,-0.975072,nan,0.0215493,0.0815,-0.006,5.16667
934,87.9077,1000,0.08485,7.5,0,0.144313,1.30054,0.537331,-0.00888177,3.70467,8.88889e-05,0.0147582,0.329991,15993.8,0.510245,0.258052,-0.4,0.1,279.695,1.1477e+07,0.453869,0.0269156,0.674677,0.00435215,-1.52463,1,0.240565,nan,nan,nan,nan,-0.0714356,-0.535606,-0.0486341,nan,-0.437356,-0.00656111,-0.076926,-1.05971,nan,0.0266563,0.0841778,-0.00552222,5.65056
935,87.9464,1000,0.0912493,0.125,0,0.139975,1.38445,0.723718,-0.0110966,3.70169,8.88889e-05,0.0123142,0.329957,16767,0.485838,0.247029,-0.4,0.1,280.429,1.14893e+07,0.605272,0.0222924,0.733802,0.00611569,-1.47606,1,0.2302,nan,nan,nan,nan,-0.0635001,-0.455552,-0.0441345,nan,-0.432631,-0.00466667,-0.0684958,-0.960332,nan,0.0268465,0.0926667,-0.002,5.1875
936,73.734,786.882,0.0902956,0.416667,0.291667,0.141636,1.35978,0.842132,-0.00952842,3.70085,8.88889e-05,0.00869896,0.329918,16998.5,0.482634,0.240254,-0.4,0.1,281.153,1.15016e+07,0.384083,0.0228842,0.538008,0.00393176,-1.17799,0.786882,0.194335,nan,nan,nan,nan,-0.0580601,-0.428465,-0.0384912,nan,-0.342437,-0.00441176,-0.0590472,-0.819185,nan,0.022195,0.0745882,-0.00623529,4.59412
937,50.0998,680.75,0.0977732,0.25,0.25,0.136867,1.37534,0.880397,-0.00967868,3.69912,8.88889e-05,0.0158962,0.329886,17076.3,0.467267,0.252328,-0.4,0.1,281.874,1.15139e+07,0.323963,0.0182722,0.464183,0.00292672,-1.02861,0.68075,0.149942,nan,nan,nan,nan,-0.0458383,-0.333683,-0.0297671,nan,-0.29736,-0.0045,-0.0506312,-0.729569,nan,0.0179136,0.0495,-0.00333333,3.32083
938,77.725,779.333,0.0943215,0.166667,0.0833333,0.138812,1.38005,0.686711,-0.0102045,3.69808,8.88889e-05,0.0138463,0.329855,16336.1,0.485604,0.266594,-0.4,0.1,282.628,1.15261e+07,0.313887,0.0154875,0.490348,0.00256159,-1.27178,0.779333,0.19775,nan,nan,nan,nan,-0.0673389,-0.512189,-0.0434694,nan,-0.345839,-0.0103333,-0.0753878,-0.924833,nan,0.0263859,0.056,-0.00266667,5.25833
939,103.373,1000,0.09605,0.208333,0,0.13823,1.39148,0.68025,-0.00957383,3.69621,8.88889e-05,0.0114551,0.329773,16882.1,0.48472,0.243151,-0.4,0.1,283.357,1.15384e+07,0.460414,0.0260268,0.684993,0.00464691,-1.55548,1,0.2578,nan,nan,nan,nan,-0.0785922,-0.59336,-0.0534958,nan,-0.437258,-0.007,-0.0808594,-1.0707,nan,0.0223064,0.086,-0.0068,6.51
940,64.1159,713.667,0.0945475,0.0833333,0.0416667,0.136443,1.39615,0.83029,-0.00790025,3.69276,8.88889e-05,0.0109761,0.329703,17078.5,0.476622,0.242878,-0.4,0.1,284.078,1.15507e+07,0.363861,0.0233735,0.515719,0.0033028,-1.01836,0.713667,0.159567,nan,nan,nan,nan,-0.0415393,-0.281838,-0.0309836,nan,-0.30624,-0.002,-0.0518459,-0.696608,nan,0.015885,0.066,-0.00533333,3.77917
941,72.4114,876.25,0.0917074,0.25,0.0833333,0.140101,1.4085,0.886928,-0.0101995,3.69184,8.88889e-05,0.00871883,0.329735,17329.1,0.466257,0.242839,-0.4,0.1,284.788,1.1563e+07,0.42556,0.0250615,0.599563,0.00389872,-1.31286,0.87625,0.202637,nan,nan,nan,nan,-0.0605286,-0.434663,-0.0410176,nan,-0.382255,-0.0025,-0.0676951,-0.919093,nan,0.0187164,0.0755,-0.00475,4.61875
942,78.7669,848.444,0.0910388,0.25,0.125,0.13985,1.41297,0.871263,-0.0096399,3.69256,8.88889e-05,0.0117023,0.329706,17230.5,0.469221,0.243934,-0.4,0.1,285.502,1.15753e+07,0.35791,0.0209272,0.566631,0.00337363,-1.3028,0.848444,0.197767,nan,nan,nan,nan,-0.0615336,-0.476175,-0.0426938,nan,-0.371722,-0.00511111,-0.065498,-0.914679,nan,0.0201648,0.0726667,-0.00377778,5.09444
943,90.0024,1000,0.0965007,0.291667,0,0.137715,1.39657,0.894092,-0.0103282,3.69098,8.88889e-05,0.0144233,0.329679,17192.2,0.466956,0.247786,-0.4,0.1,286.218,1.15876e+07,0.53835,0.0285448,0.691599,0.00377766,-1.48855,1,0.221271,nan,nan,nan,nan,-0.0632119,-0.469505,-0.0465552,nan,-0.435024,-0.00514286,-0.0752978,-1.07301,nan,0.0237341,0.0774286,-0.00685714,5.57857
944,78.8022,901.091,0.0932491,0.375,0.0833333,0.141154,1.38078,0.756058,-0.0115148,3.6906,8.88889e-05,0.0106808,0.329669,16906.4,0.470135,0.256692,-0.4,0.1,286.947,1.15999e+07,0.39611,0.0218649,0.617581,0.0038785,-1.36654,0.901091,0.220018,nan,nan,nan,nan,-0.0634412,-0.469984,-0.0450372,nan,-0.393306,-0.0111818,-0.0709361,-0.942309,nan,0.0207591,0.0869091,-0.004,5.03864
945,93.7458,1000,0.101472,0.333333,0,0.145027,1.40902,0.83705,-0.00954451,3.68996,8.88889e-05,0.0165446,0.329663,15279.3,0.558849,0.245377,-0.4,0.1,287.752,1.16122e+07,0.491756,0.0258253,0.682859,0.00401646,-1.5134,1,0.248975,nan,nan,nan,nan,-0.0690771,-0.506065,-0.0482915,nan,-0.435095,-0.006125,-0.0757542,-1.07417,nan,0.0215247,0.09675,-0.008,5.85156
946,64.2876,827.133,0.0946544,0.458333,0.166667,0.140367,1.41417,0.836657,-0.0110703,3.68901,8.88889e-05,0.0154471,0.329594,16596.5,0.486728,0.253671,-0.4,0.1,288.494,1.16244e+07,0.410729,0.0236336,0.556482,0.00310603,-1.24596,0.827133,0.187673,nan,nan,nan,nan,-0.0550321,-0.39178,-0.0372877,nan,-0.360781,-0.00346667,-0.0638911,-0.869568,nan,0.018152,0.0658667,-0.0048,4.15417
947,88.3417,930.286,0.0919216,0.5,0.0833333,0.140498,1.38035,0.893826,-0.010367,3.68658,8.88889e-05,0.011484,0.329548,16200,0.503419,0.255099,-0.4,0.1,289.254,1.16367e+07,0.444785,0.0230945,0.618089,0.00363658,-1.43474,0.930286,0.222564,nan,nan,nan,nan,-0.0680971,-0.507066,-0.0468107,nan,-0.408051,-0.01,-0.0747794,-1.0177,nan,0.021631,0.077,-0.00585714,5.64911
948,82.4656,966.222,0.0947709,0.333333,0.0416667,0.141719,1.37019,0.853472,-0.0103062,3.68596,8.88889e-05,0.0103643,0.329556,16954.9,0.482241,0.242507,-0.4,0.1,289.98,1.1649e+07,0.509198,0.0264133,0.659801,0.00326932,-1.46591,0.966222,0.204378,nan,nan,nan,nan,-0.0616649,-0.473366,-0.0426654,nan,-0.421927,-0.007,-0.0746198,-1.02161,nan,0.024876,0.0726667,-0.00533333,5.23056
949,80.5484,902,0.0979322,0.458333,0.0833333,0.141735,1.40251,0.740953,-0.00761143,3.68609,8.88889e-05,0.0118487,0.329553,16903.6,0.483615,0.243329,-0.4,0.1,290.708,1.16613e+07,0.459606,0.0255145,0.61138,0.00415844,-1.3434,0.902,0.228231,nan,nan,nan,nan,-0.0648811,-0.473477,-0.0453557,nan,-0.391025,-0.00538462,-0.0684567,-0.949749,nan,0.0245679,0.0878462,-0.00492308,5.03077
950,57.1243,706,0.0995671,0.0833333,0.0833333,0.135101,1.37723,0.84826,-0.00889579,3.68567,8.88889e-05,0.0141233,0.32955,17000.3,0.472405,0.250408,-0.4,0.1,291.432,1.16736e+07,0.281243,0.0184426,0.453278,0.00209488,-1.08859,0.706,0.153225,nan,nan,nan,nan,-0.0528007,-0.37838,-0.0311572,nan,-0.309768,-0.005,-0.0609523,-0.80012,nan,0.0194465,0.0455,-0.0025,3.90625
951,81.1603,848.333,0.0922386,0.291667,0.0833333,0.134635,1.40962,0.86108,-0.0094536,3.68619,8.88889e-05,0.0104212,0.329578,17045.1,0.474824,0.246089,-0.4,0.1,292.155,1.16859e+07,0.35677,0.0238795,0.553549,0.00336526,-1.32365,0.848333,0.209867,nan,nan,nan,nan,-0.0674191,-0.506922,-0.0447597,nan,-0.372953,-0.00366667,-0.0693956,-0.918178,nan,0.0247514,0.0717778,-0.00511111,5.27778
952,77.0833,942.688,0.0948118,0.583333,0.0833333,0.134767,1.36405,0.903538,-0.00895182,3.687,8.88889e-05,0.0109618,0.329571,16957.8,0.479962,0.244661,-0.4,0.1,292.88,1.16982e+07,0.514266,0.0227927,0.639023,0.00397239,-1.44086,0.942687,0.210181,nan,nan,nan,nan,-0.0634767,-0.471359,-0.0433549,nan,-0.412134,-0.0055,-0.0739577,-0.99418,nan,0.0215966,0.07275,-0.005,4.93672
953,86.8584,890,0.0951523,0.291667,0.0416667,0.139056,1.41321,0.840309,-0.0103433,3.68616,8.88889e-05,0.0100665,0.329537,16777.1,0.478692,0.253733,-0.4,0.1,293.614,1.17105e+07,0.441564,0.0205253,0.588264,0.00289745,-1.36184,0.89,0.216012,nan,nan,nan,nan,-0.0631861,-0.472961,-0.0447552,nan,-0.388777,-0.006,-0.0747225,-0.983015,nan,0.0188548,0.06925,-0.0045,5.49531
954,78.3979,901.75,0.0941266,0.291667,0.0416667,0.137155,1.40265,0.714708,-0.0111101,3.68586,8.88889e-05,0.0157489,0.329573,16593.2,0.486406,0.254138,-0.4,0.1,294.356,1.17228e+07,0.415206,0.0256204,0.598927,0.00361651,-1.38077,0.90175,0.2045,nan,nan,nan,nan,-0.0638356,-0.483342,-0.0456107,nan,-0.394207,-0.00475,-0.0740896,-0.968239,nan,0.021558,0.07425,-0.006,5.09531
955,77.5682,927.625,0.0959539,0.291667,0.0416667,0.135095,1.38381,0.821687,-0.00957054,3.68654,8.88889e-05,0.0167405,0.329537,16967.8,0.46953,0.254664,-0.4,0.1,295.081,1.1735e+07,0.444197,0.0274806,0.619122,0.00343057,-1.39972,0.927625,0.2194,nan,nan,nan,nan,-0.0626423,-0.460001,-0.0428258,nan,-0.404484,-0.005875,-0.071414,-0.954977,nan,0.0234739,0.06575,-0.00325,4.95312
956,85.6215,918.778,0.0927099,0.25,0.125,0.134529,1.41195,0.852378,-0.00884382,3.68489,8.88889e-05,0.0104328,0.32952,16615.4,0.486578,0.252977,-0.4,0.1,295.822,1.17473e+07,0.429976,0.0252697,0.615148,0.00336202,-1.38556,0.918778,0.219867,nan,nan,nan,nan,-0.0632196,-0.467734,-0.0443914,nan,-0.400656,-0.00588889,-0.0720025,-0.991833,nan,0.0213455,0.0806667,-0.00622222,5.40417
957,65.0114,795.182,0.0909317,0.333333,0.125,0.135164,1.40451,0.982995,-0.00764846,3.68445,8.88889e-05,0.00603288,0.329509,16328.2,0.487537,0.265024,-0.4,0.1,296.576,1.17596e+07,0.325538,0.0199791,0.530013,0.00295962,-1.21544,0.795182,0.179145,nan,nan,nan,nan,-0.0547326,-0.409025,-0.038383,nan,-0.347607,-0.00772727,-0.0626348,-0.84467,nan,0.0174703,0.0616364,-0.00454545,4.30341
958,80.6135,868.625,0.0930054,0.25,0.0833333,0.136433,1.37625,0.841577,-0.0102404,3.68308,8.88889e-05,0.0160831,0.329449,16356.9,0.50501,0.246232,-0.4,0.1,297.329,1.17719e+07,0.35809,0.0195241,0.56294,0.00285608,-1.3635,0.868625,0.205862,nan,nan,nan,nan,-0.0647476,-0.487554,-0.0418915,nan,-0.382371,-0.00725,-0.0761341,-0.999667,nan,0.0208305,0.06425,-0.007,5.35781
959,76.9757,986.222,0.0948835,0.333333,0.0416667,0.138568,1.38588,0.797254,-0.00928082,3.68048,8.88889e-05,0.0062276,0.329376,16938.3,0.479396,0.246059,-0.4,0.1,298.055,1.17842e+07,0.492031,0.0314477,0.672123,0.00446219,-1.4757,0.986222,0.221511,nan,nan,nan,nan,-0.0672897,-0.490461,-0.0463195,nan,-0.428379,-0.015,-0.0744025,-1.02176,nan,0.0229098,0.0793333,-0.00444444,4.9625
960,92.7556,1000,0.0913682,0.5,0,0.136081,1.36038,0.87083,-0.0105618,3.67785,8.88889e-05,0.010095,0.329319,16111.1,0.492977,0.269728,-0.4,0.1,298.82,1.17965e+07,0.451097,0.0242993,0.668264,0.00350078,-1.52829,1,0.2294,nan,nan,nan,nan,-0.0677804,-0.517569,-0.0502418,nan,-0.437646,-0.00641667,-0.0833009,-1.08388,nan,0.0228352,0.0878333,-0.00766667,5.93333
961,79.1751,885.923,0.0914077,0.375,0.166667,0.137884,1.37111,0.785199,-0.00925263,3.67578,8.88889e-05,0.0102576,0.329273,16842.6,0.479979,0.249598,-0.4,0.1,299.55,1.18088e+07,0.430623,0.0258852,0.59245,0.00364126,-1.34217,0.885923,0.216769,nan,nan,nan,nan,-0.063385,-0.468356,-0.0456375,nan,-0.385421,-0.01,-0.0736168,-0.938843,nan,0.0214757,0.0827692,-0.00507692,5.03173
962,81.2967,934.286,0.0956557,0.458333,0.125,0.137969,1.37506,0.749114,-0.0107824,3.67469,8.88889e-05,0.012824,0.32926,16723.1,0.478284,0.256509,-0.4,0.1,300.286,1.18211e+07,0.362653,0.0205714,0.613771,0.00305248,-1.45733,0.934286,0.21595,nan,nan,nan,nan,-0.0675482,-0.497093,-0.0461309,nan,-0.40948,-0.00878571,-0.0811225,-1.03685,nan,0.0230704,0.0702857,-0.00571429,5.43125
963,67.6489,692.429,0.0913637,0.166667,0.125,0.141767,1.36408,1.0871,-0.00974786,3.67457,8.88889e-05,0.0163543,0.329293,16277.5,0.472407,0.282498,-0.4,0.1,301.043,1.18333e+07,0.298169,0.0128598,0.445607,0.00224242,-1.08606,0.692429,0.1663,nan,nan,nan,nan,-0.0531187,-0.396005,-0.0340896,nan,-0.303676,-0.00842857,-0.0616531,-0.787405,nan,0.0171977,0.0508571,-0.00314286,4.43036
964,65.6776,837.667,0.0990759,0.416667,0.208333,0.138618,1.40385,0.81548,-0.0106697,3.6753,8.88889e-05,0.0142394,0.329293,15806.6,0.504007,0.273391,-0.4,0.1,301.821,1.18456e+07,0.47965,0.0203919,0.56762,0.00282352,-1.25619,0.837667,0.168173,nan,nan,nan,nan,-0.0509729,-0.373762,-0.0349917,nan,-0.363584,-0.00446667,-0.0667091,-0.903153,nan,0.0164517,0.0573333,-0.00573333,4.19333
965,99.2151,1000,0.0971453,0.375,0,0.137028,1.41961,0.816801,-0.0105074,3.67434,8.88889e-05,0.0121345,0.329248,15735.3,0.504537,0.276384,-0.4,0.1,302.603,1.18579e+07,0.568523,0.0203318,0.654875,0.0035388,-1.51602,1,0.234722,nan,nan,nan,nan,-0.0703588,-0.544989,-0.0496544,nan,-0.436535,-0.00766667,-0.0815181,-1.0716,nan,0.0239465,0.0866667,-0.00488889,6.15139
966,92.7888,958.938,0.0944782,0.541667,0.125,0.135055,1.40222,0.786231,-0.00950563,3.67223,8.88889e-05,0.0120154,0.329196,15228,0.504136,0.3028,-0.4,0.1,303.412,1.18702e+07,0.436448,0.022067,0.625827,0.00312627,-1.49442,0.958937,0.228681,nan,nan,nan,nan,-0.0713198,-0.537247,-0.047819,nan,-0.421838,-0.00725,-0.0816848,-1.06957,nan,0.0196952,0.07025,-0.005375,6.01094
967,86.5994,871.7,0.0962445,0.333333,0.0833333,0.13623,1.37576,0.774858,-0.010222,3.67117,8.88889e-05,0.0166964,0.329196,11524.6,0.6422,0.424037,-0.4,0.1,304.48,1.18825e+07,0.37116,0.0196847,0.545453,0.00298038,-1.39351,0.8717,0.22283,nan,nan,nan,nan,-0.0725811,-0.55827,-0.0498993,nan,-0.385425,-0.0083,-0.0769787,-0.987996,nan,0.0223782,0.0734,-0.0054,5.73875
968,83.6094,962,0.0914594,0.416667,0.0416667,0.140728,1.40343,0.897115,-0.0113473,3.66978,8.88889e-05,0.012814,0.329117,11908.5,0.648775,0.383092,-0.4,0.1,305.513,1.18948e+07,0.412712,0.019396,0.625113,0.00281684,-1.48071,0.962,0.216255,nan,nan,nan,nan,-0.0672739,-0.504538,-0.0465634,nan,-0.42052,-0.00836364,-0.0811222,-1.07867,nan,0.0188544,0.0696364,-0.004,5.54545
969,82.907,803.875,0.0941691,0.208333,0.125,0.137182,1.36908,0.829208,-0.0114215,3.66713,8.88889e-05,0.0150959,0.329066,12718.7,0.584814,0.381325,-0.4,0.1,306.481,1.19071e+07,0.347317,0.0171679,0.530076,0.00313675,-1.25434,0.803875,0.197775,nan,nan,nan,nan,-0.0618666,-0.461552,-0.0412698,nan,-0.353112,-0.006625,-0.0697412,-0.882008,nan,0.0190144,0.0625,-0.005,5.3
970,81.4228,847.2,0.091845,0.166667,0.0416667,0.137915,1.36566,1.01265,-0.0104239,3.66616,8.88889e-05,0.0132028,0.329076,12854.8,0.611256,0.344653,-0.4,0.1,307.438,1.19194e+07,0.371533,0.0195985,0.56994,0.00388536,-1.28901,0.8472,0.20184,nan,nan,nan,nan,-0.0597071,-0.442923,-0.0419428,nan,-0.369426,-0.005,-0.0648354,-0.878821,nan,0.0226111,0.0864,-0.0052,5.105
971,77.5554,791.111,0.0930953,0.166667,0.208333,0.134869,1.38816,0.874133,-0.0113437,3.66582,8.88889e-05,0.0162486,0.329041,11782.4,0.588918,0.453991,-0.4,0.1,308.483,1.19316e+07,0.376788,0.0175945,0.531646,0.00287757,-1.20212,0.791111,0.180911,nan,nan,nan,nan,-0.0561806,-0.408423,-0.039855,nan,-0.345932,-0.00577778,-0.0661645,-0.842509,nan,0.0175217,0.0697778,-0.006,4.8625
972,72.0305,847,0.09716,0.25,0.125,0.137401,1.38282,1.01733,-0.00783358,3.66396,8.88889e-05,0.0135023,0.328994,11593.1,0.672973,0.386965,-0.4,0.1,309.544,1.19439e+07,0.459004,0.0200987,0.561763,0.00288251,-1.28081,0.847,0.186522,nan,nan,nan,nan,-0.0568995,-0.410335,-0.0390488,nan,-0.369437,-0.0137778,-0.0705531,-0.901072,nan,0.021412,0.0642222,-0.00555556,4.58611
973,98.3978,987,0.0971856,0.125,0.0416667,0.139093,1.38444,0.937823,-0.00991185,3.6625,8.88889e-05,0.0104581,0.328967,12362.2,0.659983,0.334013,-0.4,0.1,310.54,1.19562e+07,0.449657,0.020812,0.643673,0.00434978,-1.53109,0.987,0.260675,nan,nan,nan,nan,-0.0789239,-0.59067,-0.0558165,nan,-0.434624,-0.00875,-0.0827221,-1.09736,nan,0.0236742,0.091,-0.006,6.325
974,80.1209,897.857,0.0997511,0.25,0.0416667,0.130476,1.39003,0.777019,-0.00989231,3.66122,8.88889e-05,0.0105892,0.328937,13346.4,0.588784,0.331914,-0.4,0.1,311.462,1.19685e+07,0.35473,0.0242643,0.583689,0.00351651,-1.38569,0.897857,0.219057,nan,nan,nan,nan,-0.06826,-0.499449,-0.0472227,nan,-0.393382,-0.00685714,-0.0746075,-0.992831,nan,0.0228742,0.0851429,-0.00428571,5.2875
975,95.5956,1000,0.0989929,6.54167,0,0.133849,1.37827,0.836684,-0.00954756,3.66016,8.88889e-05,0.00956112,0.328898,14689.6,0.568583,0.267925,-0.4,0.1,312.3,1.19808e+07,0.479095,0.0247643,0.659381,0.00340408,-1.53362,1,0.237808,nan,nan,nan,nan,-0.0712981,-0.531393,-0.0507224,nan,-0.43725,-0.00864331,-0.0842955,-1.08803,nan,0.0222573,0.0841019,-0.00587261,6.0801
976,99.6992,1000,0.0873818,0.166667,0,0.140521,1.297,0.776099,-0.0084698,3.65885,8.88889e-05,0.0122019,0.328876,13163.4,0.560748,0.37275,-0.4,0.1,313.235,1.19931e+07,0.498013,0.023803,0.671493,0.00382852,-1.51873,1,0.2354,nan,nan,nan,nan,-0.0718017,-0.522096,-0.052212,nan,-0.436556,-0.00625,-0.0833125,-1.0859,nan,0.0205268,0.093,-0.003,6.21875
977,92.3765,1000,0.093398,0.25,0,0.135342,1.39745,0.672969,-0.00852835,3.65834,8.88889e-05,0.00561115,0.328871,12260.2,0.641964,0.3603,-0.4,0.1,314.239,1.20054e+07,0.470564,0.0247247,0.673832,0.0046997,-1.49069,1,0.238583,nan,nan,nan,nan,-0.0706399,-0.496788,-0.0505135,nan,-0.432297,-0.00516667,-0.0783317,-1.04061,nan,0.0213695,0.095,-0.00533333,5.76042
978,95.998,1000,0.0996809,0.666667,0,0.135235,1.3821,0.634951,-0.00951803,3.65733,8.88889e-05,0.0103919,0.328817,13097.5,0.586385,0.35181,-0.4,0.1,315.178,1.20177e+07,0.451078,0.0279056,0.655739,0.00382727,-1.55313,1,0.250162,nan,nan,nan,nan,-0.0751202,-0.572877,-0.0515082,nan,-0.438741,-0.01025,-0.087601,-1.11997,nan,0.0252577,0.08325,-0.00375,6.21562
979,88.067,943.111,0.0956441,0.333333,0.0416667,0.138326,1.41587,0.639417,-0.0111395,3.65502,8.88889e-05,0.0122456,0.328763,13396.6,0.617352,0.299898,-0.4,0.1,316.098,1.203e+07,0.39353,0.0267185,0.611184,0.00318457,-1.49388,0.943111,0.234722,nan,nan,nan,nan,-0.0741704,-0.552204,-0.0527936,nan,-0.413817,-0.0111111,-0.0879676,-1.06358,nan,0.0194826,0.0797778,-0.00466667,5.84583
980,79.0746,937.667,0.0979783,0.333333,0.0416667,0.133678,1.39067,0.596502,-0.00947874,3.65344,8.88889e-05,0.014251,0.328756,13962.7,0.566903,0.313154,-0.4,0.1,316.979,1.20422e+07,0.493342,0.0212763,0.631799,0.0034544,-1.40327,0.937667,0.206122,nan,nan,nan,nan,-0.0622464,-0.446504,-0.0438442,nan,-0.408572,-0.005,-0.0729313,-0.999904,nan,0.0203955,0.0748889,-0.00822222,5.01528
981,96.4678,909.25,0.0989838,0.125,0.0416667,0.132383,1.41044,0.754774,-0.0102705,3.65221,8.88889e-05,0.00837324,0.328687,11307.3,0.696878,0.38985,-0.4,0.1,318.067,1.20545e+07,0.559843,0.0212732,0.627879,0.0037287,-1.36271,0.90925,0.24125,nan,nan,nan,nan,-0.0653502,-0.481427,-0.0460914,nan,-0.393849,-0.00425,-0.0705162,-0.957181,nan,0.0175392,0.0815,-0.0075,5.75
982,90.5219,866.333,0.0947318,0.166667,0.0833333,0.137622,1.43236,1.07216,-0.00882075,3.64975,8.88889e-05,0.0145348,0.328635,14140.2,0.545112,0.323898,-0.4,0.1,318.937,1.20668e+07,0.45405,0.0160726,0.568906,0.00283947,-1.3294,0.866333,0.220367,nan,nan,nan,nan,-0.0654011,-0.46135,-0.0457869,nan,-0.378893,-0.00766667,-0.0762854,-0.961322,nan,0.016218,0.0693333,-0.00566667,5.64375
983,84.379,808.929,0.0980196,0.416667,0.166667,0.135403,1.4163,0.806498,-0.00890834,3.6482,8.88889e-05,0.00803866,0.328609,13026,0.622605,0.320739,-0.4,0.1,319.882,1.20791e+07,0.406732,0.0206438,0.525579,0.00266083,-1.28164,0.808929,0.201514,nan,nan,nan,nan,-0.0620677,-0.466202,-0.043956,nan,-0.356386,-0.0118571,-0.0740222,-0.901527,nan,0.0141553,0.0634286,-0.00471429,5.37768
984,94.7994,1000,0.0956495,0.25,0,0.137738,1.40962,1.0079,-0.00999741,3.64641,8.88889e-05,0.0116415,0.328534,14466,0.524316,0.325122,-0.4,0.1,320.733,1.20914e+07,0.350798,0.0232346,0.637164,0.00358102,-1.55617,1,0.24695,nan,nan,nan,nan,-0.0764952,-0.565101,-0.055351,nan,-0.437893,-0.00533333,-0.084949,-1.09877,nan,0.0247278,0.0823333,-0.005,6.25625
985,77.937,855.364,0.100246,0.291667,0.166667,0.137746,1.40973,1.01871,-0.0102662,3.6445,8.88889e-05,0.0111976,0.328541,13673.9,0.559211,0.339437,-0.4,0.1,321.633,1.21037e+07,0.413797,0.0221604,0.573442,0.00274696,-1.30603,0.855364,0.204355,nan,nan,nan,nan,-0.060652,-0.428136,-0.0412346,nan,-0.372822,-0.00681818,-0.0713967,-0.898003,nan,0.0169365,0.0598182,-0.00418182,4.9375
986,85.0774,917.556,0.100057,0.333333,0.0416667,0.140502,1.39975,0.942727,-0.00882559,3.64546,8.88889e-05,0.0121014,0.328564,12190.4,0.613222,0.394785,-0.4,0.1,322.643,1.2116e+07,0.452514,0.0247165,0.622133,0.00357467,-1.39196,0.917556,0.225722,nan,nan,nan,nan,-0.067776,-0.481468,-0.0457638,nan,-0.400537,-0.00577778,-0.0731136,-0.947277,nan,0.0166628,0.0797778,-0.00844444,5.33333
987,75.3354,879,0.0971671,0.25,0.0416667,0.140603,1.42626,0.841613,-0.00969869,3.64562,8.88889e-05,0.010242,0.328555,11521.6,0.641414,0.425102,-0.4,0.1,323.711,1.21283e+07,0.406322,0.0263572,0.597008,0.00288501,-1.35195,0.879,0.198329,nan,nan,nan,nan,-0.0620758,-0.453047,-0.043944,nan,-0.384185,-0.00657143,-0.0732248,-0.930412,nan,0.0189917,0.0691429,-0.008,4.88214
988,91.7493,1000,0.094047,0.583333,0,0.141067,1.40657,0.961384,-0.0101988,3.64502,8.88889e-05,0.0138227,0.328531,14154.4,0.570395,0.297745,-0.4,0.1,324.581,1.21405e+07,0.495088,0.0268919,0.697769,0.00387033,-1.49526,1,0.228986,nan,nan,nan,nan,-0.0642791,-0.455172,-0.0464579,nan,-0.433779,-0.00642857,-0.0786633,-1.02576,nan,0.0168737,0.0821429,-0.00657143,5.64821
989,80.546,870.333,0.0962336,0.5,0.125,0.138013,1.41033,1.00419,-0.0100871,3.6445,8.88889e-05,0.0162886,0.32854,13976.7,0.55072,0.328457,-0.4,0.1,325.462,1.21528e+07,0.422321,0.0238831,0.580175,0.00335611,-1.3378,0.870333,0.204447,nan,nan,nan,nan,-0.0619379,-0.456503,-0.0440859,nan,-0.380672,-0.0124667,-0.0724509,-0.943091,nan,0.0181604,0.0714667,-0.00533333,5.1475
990,101.879,1000,0.0985935,0.291667,0,0.138171,1.4368,0.817888,-0.00774519,3.64482,8.88889e-05,0.0130508,0.32854,12609.2,0.646469,0.328061,-0.4,0.1,326.438,1.21651e+07,0.461621,0.0224871,0.660144,0.00393546,-1.57982,1,0.255129,nan,nan,nan,nan,-0.0791762,-0.591412,-0.0545722,nan,-0.442013,-0.0107143,-0.0873293,-1.09149,nan,0.0241789,0.0905714,-0.00542857,6.51786
991,86.0476,904,0.0981534,0.5,0.0833333,0.140992,1.42109,0.91433,-0.00970701,3.64363,8.88889e-05,0.00642044,0.328463,12488.3,0.624774,0.359189,-0.4,0.1,327.423,1.21774e+07,0.416206,0.0239662,0.618106,0.00342707,-1.36366,0.904,0.2197,nan,nan,nan,nan,-0.0624424,-0.44932,-0.0462057,nan,-0.393971,-0.00678571,-0.0756227,-0.936618,nan,0.0175975,0.0761429,-0.00642857,5.36429
992,100.022,879.143,0.0972406,0.25,0.0416667,0.140232,1.42462,0.811782,-0.00991271,3.64071,8.88889e-05,0.00724964,0.328403,13748.7,0.629117,0.264637,-0.4,0.1,328.319,1.21897e+07,0.447412,0.0182634,0.556676,0.00259591,-1.37841,0.879143,0.208929,nan,nan,nan,nan,-0.0666223,-0.496842,-0.0478967,nan,-0.387917,-0.00885714,-0.077557,-1.01505,nan,0.014869,0.0702857,-0.00542857,6.2875
993,76.0676,908.286,0.0923922,0.25,0.0416667,0.141383,1.39132,0.900413,-0.0105443,3.63908,8.88889e-05,0.00833548,0.328362,13632.4,0.546348,0.355036,-0.4,0.1,329.222,1.2202e+07,0.422255,0.0272574,0.585043,0.00239382,-1.42577,0.908286,0.191586,nan,nan,nan,nan,-0.0654977,-0.488315,-0.044883,nan,-0.39948,-0.00885714,-0.0806766,-0.962872,nan,0.0177003,0.064,-0.00485714,5.06607
994,90.5576,919.474,0.0938987,0.625,0.166667,0.137773,1.36042,0.852391,-0.00980366,3.63711,8.88889e-05,0.014159,0.32828,12554.3,0.632687,0.346104,-0.4,0.1,330.202,1.22143e+07,0.428385,0.0233769,0.604399,0.00270485,-1.42905,0.919474,0.212579,nan,nan,nan,nan,-0.0667373,-0.497505,-0.0467115,nan,-0.403952,-0.00815789,-0.0781438,-1.00047,nan,0.019448,0.0715789,-0.00557895,5.78224
995,83.4009,849,0.0975548,0.208333,0.0833333,0.136407,1.41363,0.908702,-0.00986528,3.6336,8.88889e-05,0.0133,0.328187,13206.7,0.593499,0.336941,-0.4,0.1,331.134,1.22266e+07,0.400644,0.0231543,0.573669,0.00315053,-1.31316,0.849,0.215414,nan,nan,nan,nan,-0.0652434,-0.459738,-0.0454237,nan,-0.370117,-0.007,-0.0742107,-0.869866,nan,0.0159126,0.0691429,-0.00742857,5.23214
996,85.0463,865.769,0.0929222,0.416667,0.125,0.140234,1.37887,1.06059,-0.009203,3.6305,8.88889e-05,0.01376,0.328127,13474.7,0.600771,0.31116,-0.4,0.1,332.047,1.22388e+07,0.438562,0.018964,0.578179,0.00259162,-1.30781,0.865769,0.203585,nan,nan,nan,nan,-0.0594859,-0.43338,-0.0431002,nan,-0.376952,-0.00576923,-0.076645,-0.913033,nan,0.0182257,0.0635385,-0.00553846,5.28462
997,89.2575,881.667,0.091439,0.166667,0.0833333,0.144017,1.40061,1.02317,-0.0101017,3.62907,8.88889e-05,0.0165062,0.328116,14112.2,0.525838,0.344899,-0.4,0.1,332.919,1.22511e+07,0.32768,0.0250576,0.605566,0.0033155,-1.35667,0.881667,0.2198,nan,nan,nan,nan,-0.0676677,-0.489392,-0.0478197,nan,-0.385692,-0.00633333,-0.0757744,-0.926581,nan,0.0203863,0.0816667,-0.00466667,5.65833
998,88.0156,873.923,0.09616,0.375,0.166667,0.140203,1.38088,0.907405,-0.00980691,3.62854,8.88889e-05,0.00908552,0.328107,13031.8,0.620027,0.322894,-0.4,0.1,333.864,1.22634e+07,0.424002,0.0238988,0.59223,0.00309541,-1.34329,0.873923,0.213831,nan,nan,nan,nan,-0.0643612,-0.464243,-0.0459774,nan,-0.38199,-0.00676923,-0.0788103,-0.914554,nan,0.0157571,0.0743077,-0.00584615,5.48558
999,95.0178,903.7,0.094975,0.333333,0.0833333,0.140234,1.36363,1.04602,-0.0113728,3.62712,8.88889e-05,0.0111242,0.328035,13172.2,0.598145,0.334727,-0.4,0.1,334.798,1.22757e+07,0.435899,0.0206471,0.579222,0.00248386,-1.46394,0.9037,0.21593,nan,nan,nan,nan,-0.0724306,-0.547135,-0.0490646,nan,-0.401001,-0.0088,-0.085265,-1.02204,nan,0.022229,0.0626,-0.0034,6.16125
1000,95.3051,970,0.0945736,0.208333,0.0416667,0.139567,1.37616,1.04411,-0.0098795,3.62497,8.88889e-05,0.0110708,0.328033,12729.4,0.618482,0.346841,-0.4,0.1,335.765,1.2288e+07,0.447983,0.0209724,0.635417,0.0034113,-1.52186,0.97,0.244233,nan,nan,nan,nan,-0.0790683,-0.591312,-0.0531587,nan,-0.428666,-0.00433333,-0.0844559,-1.05847,nan,0.0196445,0.0763333,-0.00433333,6.17292
1001,80.1094,920.273,0.0836855,0.333333,0.125,0.139512,1.36226,0.809041,-0.0107362,3.62379,8.88889e-05,0.0163289,0.327941,13331.5,0.593497,0.328229,-0.6,0.15,338.503,1.23003e+07,0.433623,0.0248082,0.615275,0.00289461,-1.41794,0.920273,0.203745,nan,nan,nan,nan,-0.064858,-0.468557,-0.0437839,nan,-0.402719,-0.00554545,-0.0799322,-0.964365,nan,0.0191866,0.0661818,-0.00327273,5.17045
1002,79.4611,936.154,0.0767123,0.416667,0.125,0.136437,1.36329,1.06459,-0.00520464,3.62029,8.88889e-05,0.014053,0.327885,13081.9,0.600302,0.339008,-0.6,0.15,339.444,1.23126e+07,0.453538,0.0246848,0.636123,0.00311075,-1.45812,0.936154,0.198831,nan,nan,nan,nan,-0.061822,-0.451142,-0.04278,nan,-0.409442,-0.00507692,-0.0781772,-0.982616,nan,0.019556,0.0656923,-0.00430769,5.12885
1003,92.8521,974.538,0.0817775,0.5,0.0416667,0.137078,1.36947,1.17092,-0.0097464,3.61947,8.88889e-05,0.016954,0.327879,14717.3,0.540009,0.294926,-0.6,0.15,340.28,1.23249e+07,0.48867,0.0269478,0.643888,0.00311008,-1.5511,0.974538,0.229685,nan,nan,nan,nan,-0.0715977,-0.527375,-0.0490118,nan,-0.42797,-0.00638462,-0.0842621,-1.04806,nan,0.0216022,0.0809231,-0.00523077,5.94423
1004,71.5811,855.167,0.0805269,0.166667,0.0833333,0.13985,1.37184,1.00523,-0.0102708,3.61904,8.88889e-05,0.0190005,0.327865,13737.9,0.540681,0.35378,-0.6,0.15,341.176,1.23372e+07,0.63518,0.0237682,0.616495,0.0027771,-1.31115,0.855167,0.169367,nan,nan,nan,nan,-0.0480865,-0.325809,-0.0360204,nan,-0.366869,-0.00383333,-0.0681634,-0.807604,nan,0.0123399,0.0733333,-0.00433333,4.1625
1005,100.454,970.9,0.0811102,0.375,0.0416667,0.138309,1.37507,1.0214,-0.00743571,3.61905,8.88889e-05,0.0110286,0.327885,12083.3,0.632241,0.384701,-0.6,0.15,342.194,1.23494e+07,0.404093,0.0198092,0.601147,0.00281925,-1.6785,0.9709,0.24538,nan,nan,nan,nan,-0.0838599,-0.640462,-0.0554799,nan,-0.431207,-0.0104,-0.0973935,-1.10777,nan,0.0282193,0.0672,-0.0068,6.795
1006,79.3654,974.727,0.0772622,0.416667,0.0416667,0.137968,1.33753,1.09703,-0.006714,3.62034,8.88889e-05,0.0127269,0.327944,12053.9,0.626099,0.393326,-0.6,0.15,343.215,1.23617e+07,0.451964,0.0269762,0.650669,0.00349381,-1.58484,0.974727,0.222118,nan,nan,nan,nan,-0.0704381,-0.526869,-0.0479541,nan,-0.42557,-0.00381818,-0.0792332,-1.03086,nan,0.0215856,0.0785455,-0.00472727,5.3125
1007,78.9815,893.25,0.0811414,0.541667,0.125,0.13825,1.41013,0.751343,-0.0113896,3.62098,8.88889e-05,0.015405,0.327882,12944,0.666556,0.282761,-0.6,0.15,344.166,1.2374e+07,0.409395,0.0225451,0.597131,0.00303724,-1.50433,0.89325,0.207219,nan,nan,nan,nan,-0.06487,-0.474684,-0.0434693,nan,-0.391165,-0.0049375,-0.0764574,-0.954275,nan,0.0176839,0.062,-0.00525,5.25625
1008,86.7321,925.923,0.0814783,0.5,0.0416667,0.140112,1.4157,0.85676,-0.00848503,3.61789,8.88889e-05,0.0111818,0.327823,13297.4,0.552044,0.372048,-0.6,0.15,345.092,1.23863e+07,0.434982,0.0236805,0.616471,0.00291089,-1.58376,0.925923,0.209738,nan,nan,nan,nan,-0.0662492,-0.495499,-0.0463846,nan,-0.40781,-0.00746154,-0.0821091,-0.970878,nan,0.0182485,0.064,-0.004,5.70481
1009,78.4951,953.5,0.0780508,0.291667,0.0416667,0.138103,1.37777,1.0023,-0.011266,3.61561,8.88889e-05,0.0120683,0.327725,12221,0.65281,0.352673,-0.6,0.15,346.1,1.23986e+07,0.505394,0.0267681,0.646918,0.00264201,-1.64042,0.9535,0.190275,nan,nan,nan,nan,-0.0624695,-0.473647,-0.0423341,nan,-0.418674,-0.0065,-0.0844854,-0.998456,nan,0.0190613,0.05575,-0.00325,5.25469
1010,83.5476,920.636,0.0750747,0.416667,0.0416667,0.139862,1.35694,0.792478,-0.00848853,3.61059,8.88889e-05,0.00971867,0.327569,12784,0.631378,0.329827,-0.6,0.15,347.062,1.24109e+07,0.443345,0.0243183,0.624749,0.00331243,-1.58119,0.920636,0.209391,nan,nan,nan,nan,-0.0644903,-0.472767,-0.0463378,nan,-0.403001,-0.007,-0.0816734,-0.952841,nan,0.0185679,0.0736364,-0.004,5.47273
1011,70.4917,900.444,0.080253,0.333333,0.0416667,0.141267,1.34477,0.739229,-0.00690567,3.60617,8.88889e-05,0.00662668,0.32752,13111.9,0.587084,0.350082,-0.6,0.15,348.001,1.24232e+07,0.433125,0.0231936,0.621848,0.00383261,-1.54564,0.900444,0.204878,nan,nan,nan,nan,-0.0615819,-0.445432,-0.0423545,nan,-0.393887,-0.00388889,-0.0731971,-0.94194,nan,0.0219099,0.0733333,-0.00422222,4.75417
1012,91.7922,983.714,0.0812302,0.25,0.0416667,0.13642,1.35213,0.881435,-0.0095434,3.60507,8.88889e-05,0.00967537,0.327476,12733.3,0.579025,0.386007,-0.6,0.15,348.967,1.24355e+07,0.534493,0.0232692,0.644973,0.00224286,-1.76928,0.983714,0.2125,nan,nan,nan,nan,-0.0703752,-0.535896,-0.0492414,nan,-0.431978,-0.00828571,-0.0984332,-1.07237,nan,0.0204248,0.068,-0.00342857,6.13929
1013,72.3488,869.778,0.0791294,0.291667,0.0833333,0.139938,1.37292,1.0937,-0.00893271,3.60382,8.88889e-05,0.0128575,0.327479,12489,0.626974,0.356929,-0.6,0.15,349.952,1.24477e+07,0.414937,0.0228499,0.566072,0.00278955,-1.62097,0.869778,0.214778,nan,nan,nan,nan,-0.0698291,-0.50769,-0.045933,nan,-0.380582,-0.00388889,-0.076984,-0.932691,nan,0.021246,0.0635556,-0.00333333,5.08333
1014,63.1984,790.417,0.0770956,0.333333,0.166667,0.136402,1.36349,0.915006,-0.00904284,3.6036,8.88889e-05,0.0135082,0.327459,12880,0.612686,0.34135,-0.6,0.15,350.908,1.246e+07,0.332065,0.0234896,0.512277,0.00255889,-1.51018,0.790417,0.187,nan,nan,nan,nan,-0.064232,-0.460891,-0.0409542,nan,-0.348903,-0.00475,-0.0738712,-0.871359,nan,0.0203805,0.0525,-0.00333333,4.61771
1015,87.4271,840,0.0785185,0.125,0.0416667,0.136836,1.34472,1.11521,-0.00967943,3.60312,8.88889e-05,0.0111723,0.32746,13548.1,0.608355,0.298634,-0.6,0.15,351.817,1.24723e+07,0.340547,0.017538,0.518368,0.00219136,-1.67428,0.84,0.226125,nan,nan,nan,nan,-0.0751061,-0.548144,-0.0515,nan,-0.371362,-0.00825,-0.0867631,-0.968985,nan,0.0150984,0.0655,-0.004,6.13437
1016,78.6375,922.133,0.0781661,0.458333,0.166667,0.136286,1.34064,1.13434,-0.00803334,3.60216,8.88889e-05,0.00956172,0.327383,15514.5,0.527745,0.264287,-0.6,0.15,352.61,1.24846e+07,0.427562,0.0257197,0.612753,0.00315419,-1.6983,0.922133,0.220373,nan,nan,nan,nan,-0.0691775,-0.503882,-0.0448924,nan,-0.402292,-0.0062,-0.0789674,-0.976932,nan,0.019292,0.0645333,-0.00466667,5.42167
1017,90.3408,991.85,0.0763241,5.66667,0.166667,0.139013,1.29024,0.939764,-0.00989838,3.60007,8.88889e-05,0.0131632,0.327384,13737.7,0.565481,0.328989,-0.6,0.15,353.506,1.24969e+07,0.482881,0.023852,0.658702,0.00299352,-1.86255,0.99185,0.23556,nan,nan,nan,nan,-0.0752229,-0.557712,-0.0511701,nan,-0.436472,-0.00696429,-0.0903681,-1.05619,nan,0.0202548,0.0716571,-0.00468571,6.17063
1018,56.1662,561.5,0.0791626,0.0833333,0.0833333,0.134305,1.31562,1.12599,-0.0102045,3.60103,8.88889e-05,0.0118438,0.327411,12763.7,0.615381,0.347348,-0.6,0.15,354.47,1.25092e+07,0.26099,0.014195,0.370196,0.00144201,-1.16238,0.5615,0.148375,nan,nan,nan,nan,-0.0480525,-0.348105,-0.0300869,nan,-0.250354,-0.00425,-0.0566902,-0.635979,nan,0.0112565,0.035,-0.0025,3.94375
1019,73.7267,806.583,0.0777877,0.375,0.125,0.136209,1.32776,0.917695,-0.00802805,3.60107,8.88889e-05,0.0157073,0.327368,12569.1,0.611429,0.366209,-0.6,0.15,355.473,1.25215e+07,0.338037,0.0230303,0.530192,0.00281155,-1.58631,0.806583,0.198858,nan,nan,nan,nan,-0.0652657,-0.476597,-0.0442886,nan,-0.356517,-0.00666667,-0.0732576,-0.850198,nan,0.0161292,0.0601667,-0.00433333,5.17396
1020,87.4353,922.5,0.0783197,0.5,0.0833333,0.135005,1.31399,0.830654,-0.00865721,3.59786,8.88889e-05,0.0141438,0.32723,12879.4,0.632713,0.32137,-0.6,0.15,356.429,1.25338e+07,0.379882,0.0202551,0.597325,0.00245572,-1.86748,0.9225,0.227329,nan,nan,nan,nan,-0.0774374,-0.577249,-0.0519588,nan,-0.409876,-0.00642857,-0.088475,-1.01648,nan,0.0185788,0.0642857,-0.00385714,6.23839
1021,89.2902,942.556,0.0827442,0.333333,0.0416667,0.132636,1.34956,0.95635,-0.00857962,3.59291,8.88889e-05,0.0177675,0.327127,15533.7,0.526438,0.264618,-0.6,0.15,357.221,1.2546e+07,0.437262,0.0196527,0.594667,0.00189726,-1.93712,0.942556,0.225,nan,nan,nan,nan,-0.0746459,-0.564571,-0.0520419,nan,-0.417094,-0.0122222,-0.0997617,-1.03799,nan,0.0172045,0.0553333,-0.00444444,6.37083
1022,76.4273,921.429,0.0816977,0.208333,0.0833333,0.134656,1.35802,0.878784,-0.00972712,3.58946,8.88889e-05,0.0124553,0.327043,12720.5,0.627804,0.338197,-0.6,0.15,358.189,1.25583e+07,0.370934,0.0242857,0.607287,0.0027315,-1.86812,0.921429,0.208271,nan,nan,nan,nan,-0.0735596,-0.554139,-0.0484131,nan,-0.409385,-0.00614286,-0.0863373,-0.999727,nan,0.0213232,0.056,-0.004,5.65893
1023,68.1842,856.833,0.0798733,0.208333,0.0416667,0.138909,1.35581,0.827965,-0.010011,3.5863,8.88889e-05,0.0121234,0.326941,11735.3,0.676586,0.370511,-0.6,0.15,359.237,1.25706e+07,0.420215,0.0217977,0.572599,0.00330734,-1.67977,0.856833,0.19765,nan,nan,nan,nan,-0.0641763,-0.474736,-0.0425708,nan,-0.376573,-0.00483333,-0.0723638,-0.908945,nan,0.0181089,0.0636667,-0.00433333,4.88333
1024,69.4087,862,0.0851603,0.25,0.0833333,0.135371,1.34616,0.978535,-0.0103928,3.58288,8.88889e-05,0.0132278,0.326871,13719.2,0.566027,0.329649,-0.6,0.15,360.134,1.25829e+07,0.435642,0.0220218,0.595339,0.0027259,-1.70763,0.862,0.184287,nan,nan,nan,nan,-0.0603916,-0.457846,-0.0403404,nan,-0.378658,-0.0035,-0.0716773,-0.884985,nan,0.0175133,0.054,-0.00275,4.90469
1025,65.3947,912.5,0.0796699,0.375,0.0416667,0.133155,1.35932,0.883328,-0.00877353,3.58023,8.88889e-05,0.0129458,0.32678,13644.4,0.628524,0.272063,-0.6,0.15,361.036,1.25952e+07,0.363267,0.0234928,0.611127,0.00297155,-1.80652,0.9125,0.20346,nan,nan,nan,nan,-0.0659119,-0.482269,-0.0444863,nan,-0.400081,-0.0072,-0.0792209,-0.948468,nan,0.0211281,0.0624,-0.0052,4.90875
1026,79.9574,1000,0.0830893,0.291667,0,0.133499,1.32416,0.701092,-0.0104243,3.57593,8.88889e-05,0.0127926,0.326649,14113.8,0.544533,0.326103,-0.6,0.15,361.908,1.26075e+07,0.430407,0.0284809,0.646219,0.00224778,-2.06963,1,0.225186,nan,nan,nan,nan,-0.0766604,-0.568843,-0.052257,nan,-0.443823,-0.00728571,-0.0955765,-1.11159,nan,0.0197795,0.0568571,-0.00171429,6.01607
1027,68.011,868.545,0.0811465,0.375,0.0833333,0.133519,1.31927,1.14621,-0.0072405,3.57181,8.88889e-05,0.0116215,0.326601,13311.3,0.58119,0.341938,-0.6,0.15,362.832,1.26198e+07,0.466229,0.0237457,0.604345,0.00260727,-1.71926,0.868545,0.179382,nan,nan,nan,nan,-0.0556584,-0.403188,-0.0376939,nan,-0.377714,-0.00463636,-0.0705125,-0.869741,nan,0.0143711,0.0590909,-0.00436364,4.725
1028,74.7961,836.333,0.0778973,0.291667,0.0833333,0.133876,1.34515,1.38844,-0.00860073,3.57132,8.88889e-05,0.00892955,0.326633,13350.7,0.589438,0.330966,-0.6,0.15,363.754,1.26321e+07,0.466065,0.0216718,0.566308,0.0023772,-1.69977,0.836333,0.190189,nan,nan,nan,nan,-0.0573185,-0.421899,-0.0410621,nan,-0.36467,-0.00711111,-0.0710535,-0.86831,nan,0.0131663,0.0604444,-0.00222222,5.11667
1029,90.9281,956,0.0803368,0.416667,0.0833333,0.133353,1.34377,0.978674,-0.00822797,3.57187,8.88889e-05,0.0113264,0.326608,13801.5,0.602033,0.288304,-0.6,0.15,364.646,1.26444e+07,0.502413,0.0232288,0.637339,0.00253028,-2.00307,0.956,0.22215,nan,nan,nan,nan,-0.0704018,-0.522034,-0.0494621,nan,-0.421256,-0.0065,-0.0867626,-0.996554,nan,0.0175748,0.0693333,-0.00416667,6.27604
1030,76.3901,863.938,0.0756914,0.541667,0.125,0.138434,1.35501,0.846172,-0.0100678,3.56984,8.88889e-05,0.0137687,0.326536,15452,0.532629,0.262608,-0.6,0.15,365.443,1.26566e+07,0.388835,0.0179851,0.559451,0.00226743,-1.87398,0.863937,0.205825,nan,nan,nan,nan,-0.0676692,-0.511521,-0.0463964,nan,-0.38135,-0.00675,-0.0828271,-0.936827,nan,0.0183739,0.05475,-0.004125,5.61953
1031,84.5457,1000,0.0810206,0.416667,0,0.133507,1.33279,0.922236,-0.0106208,3.56678,8.88889e-05,0.00641069,0.326452,16332.1,0.477121,0.275262,-0.6,0.15,366.196,1.26689e+07,0.511359,0.0239562,0.674007,0.00227151,-2.10149,1,0.20817,nan,nan,nan,nan,-0.0676067,-0.521981,-0.0476094,nan,-0.439858,-0.0072,-0.088416,-1.03833,nan,0.0168601,0.064,-0.0046,6.04375
1032,74.1357,919,0.0835302,0.416667,0.0416667,0.131496,1.31259,1.14703,-0.00905458,3.56475,8.88889e-05,0.0109591,0.32646,15941.3,0.522848,0.24798,-0.6,0.15,366.969,1.26812e+07,0.440955,0.0273754,0.608425,0.00314087,-1.97438,0.919,0.209682,nan,nan,nan,nan,-0.069651,-0.525345,-0.0476599,nan,-0.404313,-0.00427273,-0.078083,-0.953747,nan,0.019479,0.0638182,-0.00490909,5.47727
1033,83.4942,1000,0.0806996,0.333333,0,0.135064,1.32645,0.861057,-0.00974846,3.5654,8.88889e-05,0.00842131,0.326459,17180.8,0.468956,0.246261,-0.6,0.15,367.685,1.26935e+07,0.470322,0.0276245,0.651523,0.00270602,-2.177,1,0.2333,nan,nan,nan,nan,-0.0782566,-0.58871,-0.0523491,nan,-0.440738,-0.006375,-0.0921782,-1.10625,nan,0.0205206,0.06275,-0.00375,6.25156
1034,68.1711,1000,0.0796168,0.291667,0,0.138194,1.3108,0.835151,-0.0089517,3.56372,8.88889e-05,0.0128198,0.326385,16781.5,0.489735,0.2425,-0.6,0.15,368.419,1.27058e+07,0.510345,0.0315758,0.717184,0.00381075,-2.03895,1,0.199557,nan,nan,nan,nan,-0.0587495,-0.423467,-0.0424165,nan,-0.432032,-0.00542857,-0.0713508,-0.943352,nan,0.0157553,0.0714286,-0.00571429,4.88036
1035,76.4912,870.389,0.0818354,0.583333,0.166667,0.132781,1.34471,0.876398,-0.0103189,3.56175,8.88889e-05,0.016663,0.326376,16367.2,0.481686,0.269085,-0.6,0.15,369.171,1.27181e+07,0.49343,0.0200404,0.586699,0.00296363,-1.91922,0.870389,0.205744,nan,nan,nan,nan,-0.0671836,-0.502536,-0.0451438,nan,-0.382322,-0.00627778,-0.0768732,-0.888143,nan,0.0160494,0.0608889,-0.00366667,5.45972
1036,57.5226,738.583,0.085571,0.333333,0.166667,0.134461,1.32134,1.01727,-0.0106403,3.56057,8.88889e-05,0.0167037,0.326306,16594.7,0.488558,0.251918,-0.6,0.15,369.912,1.27304e+07,0.262049,0.0200906,0.462164,0.00235014,-1.68264,0.738583,0.1667,nan,nan,nan,nan,-0.0633716,-0.487851,-0.0399591,nan,-0.327467,-0.003,-0.0664684,-0.800952,nan,0.0200253,0.0495,-0.00383333,4.63021
1037,85.1405,951.818,0.084605,0.416667,0.0416667,0.132114,1.33578,0.878059,-0.00981337,3.55782,8.88889e-05,0.0134115,0.326267,15181.7,0.535659,0.273737,-0.6,0.15,370.723,1.27427e+07,0.401858,0.0215321,0.598031,0.00277692,-2.17518,0.951818,0.230082,nan,nan,nan,nan,-0.0826439,-0.625506,-0.0538024,nan,-0.422229,-0.00672727,-0.08726,-1.03548,nan,0.0230236,0.0707273,-0.004,6.45
1038,97.51,1000,0.0843868,0.291667,0,0.135324,1.3293,0.870312,-0.0110041,3.55634,8.88889e-05,0.0135841,0.326204,16668.7,0.477726,0.259465,-0.6,0.15,371.462,1.27549e+07,0.515756,0.023777,0.637006,0.00296352,-2.28131,1,0.2452,nan,nan,nan,nan,-0.0805236,-0.621751,-0.0578582,nan,-0.442073,-0.00842857,-0.0942036,-1.08154,nan,0.0161287,0.0737143,-0.00171429,7.03036
1039,52.2803,886.8,0.0836777,0.333333,0.0833333,0.132464,1.3462,0.810374,-0.00858154,3.5545,8.88889e-05,0.0100829,0.326173,15533.5,0.546454,0.244612,-0.6,0.15,372.255,1.27672e+07,0.481791,0.0303091,0.606293,0.00291161,-1.93503,0.8868,0.16888,nan,nan,nan,nan,-0.0575228,-0.418256,-0.0370999,nan,-0.385883,-0.0035,-0.0656314,-0.876088,nan,0.0204917,0.0552,-0.0034,4.14375
1040,88.6476,1000,0.0858018,0.458333,0,0.132893,1.31038,0.793199,-0.0104258,3.55333,8.88889e-05,0.0108022,0.32614,17173.4,0.465363,0.250162,-0.6,0.15,372.972,1.27795e+07,0.477154,0.0275631,0.657826,0.00264895,-2.31125,1,0.234555,nan,nan,nan,nan,-0.0768068,-0.595416,-0.0543308,nan,-0.440317,-0.0117273,-0.0917891,-1.03783,nan,0.0186853,0.0669091,-0.00509091,6.57159
1041,78.5498,940.455,0.0842469,0.375,0.0833333,0.132037,1.30779,1.05013,-0.00877917,3.55287,5.92593e-05,0.0207365,0.326151,16373,0.499106,0.251399,-0.6,0.15,373.724,1.27918e+07,0.412828,0.023027,0.602951,0.00247328,-2.23696,0.940455,0.221082,nan,nan,nan,nan,-0.0789021,-0.607854,-0.0523211,nan,-0.4166,-0.00918182,-0.0902514,-1.03188,nan,0.0207142,0.0623636,-0.00490909,6.17045
1042,92.5492,943.571,0.0856422,0.25,0.0416667,0.127972,1.35628,1.00054,-0.0095482,3.55331,5.92593e-05,0.0066802,0.326171,16596.2,0.494483,0.245926,-0.6,0.15,374.466,1.28041e+07,0.450263,0.0225767,0.605689,0.00231061,-2.25296,0.943571,0.232886,nan,nan,nan,nan,-0.0797931,-0.611909,-0.0544583,nan,-0.417708,-0.00742857,-0.088192,-1.0142,nan,0.0184597,0.072,-0.00257143,6.80893
1043,69.6291,886,0.0852303,0.291667,0.0833333,0.12891,1.33218,0.926672,-0.00932186,3.55235,5.92593e-05,0.0108024,0.326082,17000.1,0.474504,0.248315,-0.6,0.15,375.19,1.28164e+07,0.520557,0.022203,0.597698,0.00271535,-1.97304,0.886,0.181633,nan,nan,nan,nan,-0.0593754,-0.449123,-0.0412952,nan,-0.385594,-0.00577778,-0.0690487,-0.896444,nan,0.0172355,0.0646667,-0.00377778,5.07222
1044,82.4448,971.333,0.0814731,0.458333,0.0416667,0.132322,1.31182,1.06353,-0.00990339,3.54827,5.92593e-05,0.0106815,0.325985,17338.9,0.465822,0.242873,-0.6,0.15,375.9,1.28287e+07,0.39746,0.0243047,0.611259,0.00313502,-2.31662,0.971333,0.235542,nan,nan,nan,nan,-0.0823822,-0.644641,-0.0551927,nan,-0.430772,-0.00625,-0.0880843,-1.06899,nan,0.0202196,0.0665,-0.00416667,6.48958
1045,64.1126,849.357,0.0787686,0.458333,0.125,0.133879,1.31568,0.939319,-0.00978291,3.54541,5.92593e-05,0.00896998,0.325937,17007.6,0.47275,0.249752,-0.6,0.15,376.623,1.2841e+07,0.438594,0.0254757,0.559256,0.00250079,-1.94954,0.849357,0.190464,nan,nan,nan,nan,-0.0644254,-0.487641,-0.0426532,nan,-0.373657,-0.00371429,-0.0703876,-0.879035,nan,0.0191378,0.053,-0.00485714,4.94375
1046,104.76,1000,0.0857779,0.208333,0,0.131805,1.32536,0.86454,-0.00887154,3.54407,5.92593e-05,0.00894812,0.325894,15841.8,0.499847,0.275823,-0.6,0.15,377.4,1.28532e+07,0.589976,0.0193396,0.65626,0.00335738,-2.2959,1,0.2694,nan,nan,nan,nan,-0.0806653,-0.625444,-0.0578391,nan,-0.440081,-0.01,-0.0850433,-1.04421,nan,0.0228255,0.0792,-0.0032,7.24
1047,66.528,926.5,0.0813044,0.666667,0.0833333,0.12718,1.28684,0.826339,-0.00883303,3.54275,5.92593e-05,0.013096,0.325885,16430.2,0.483142,0.264747,-0.6,0.15,378.15,1.28655e+07,0.471779,0.0268566,0.634225,0.00268738,-2.07608,0.9265,0.1808,nan,nan,nan,nan,-0.0589182,-0.451037,-0.0403606,nan,-0.404262,-0.00472222,-0.0695782,-0.904056,nan,0.0183957,0.0565556,-0.00322222,5.02083
1048,69.9995,814.5,0.0849301,0.125,0.0416667,0.127902,1.31771,0.938497,-0.0100633,3.54219,5.92593e-05,0.010233,0.325845,17215.2,0.469918,0.24387,-0.6,0.15,378.865,1.28778e+07,0.440795,0.0197605,0.547152,0.00309347,-1.87159,0.8145,0.2023,nan,nan,nan,nan,-0.0661541,-0.487114,-0.0445869,nan,-0.357,-0.00875,-0.0760978,-0.817748,nan,0.0185368,0.0655,-0.0045,5.12187
1049,92.232,1000,0.085026,0.583333,0,0.130237,1.35399,1.13913,-0.008637,3.54037,5.92593e-05,0.00995468,0.325797,17146.5,0.471081,0.245568,-0.6,0.15,379.583,1.28901e+07,0.491389,0.0275942,0.653852,0.00350917,-2.31632,1,0.242571,nan,nan,nan,nan,-0.0787789,-0.596043,-0.053584,nan,-0.44057,-0.00692857,-0.0847984,-1.03733,nan,0.0233887,0.0725714,-0.005,6.71607
1050,85.0206,956.083,0.0823745,0.458333,0.0416667,0.134973,1.3574,0.942054,-0.00943021,3.53912,5.92593e-05,0.0105794,0.32578,16631.6,0.49295,0.245885,-0.6,0.15,380.323,1.29024e+07,0.503017,0.0252047,0.632426,0.00373382,-2.16559,0.956083,0.233875,nan,nan,nan,nan,-0.0770932,-0.575872,-0.0507027,nan,-0.418465,-0.0055,-0.077826,-0.980165,nan,0.0192751,0.072,-0.00483333,6.16146
1051,74.2642,982.364,0.0854701,0.416667,0.0416667,0.130583,1.33639,0.745948,-0.00777019,3.53806,5.92593e-05,0.00859488,0.325736,17049.4,0.472022,0.248708,-0.6,0.15,381.045,1.29147e+07,0.594755,0.0251426,0.652383,0.00244996,-2.23688,0.982364,0.202073,nan,nan,nan,nan,-0.0685213,-0.5284,-0.045216,nan,-0.431009,-0.00709091,-0.0808562,-1.01629,nan,0.019485,0.0581818,-0.00254545,5.59318
1052,69.7343,1000,0.0844368,0.291667,0,0.12873,1.3464,0.875987,-0.00923313,3.53589,5.92593e-05,0.010993,0.325662,16822.1,0.479628,0.250841,-0.6,0.15,381.777,1.2927e+07,0.489256,0.0272229,0.66804,0.00229774,-2.2701,1,0.192443,nan,nan,nan,nan,-0.0648472,-0.493576,-0.0461424,nan,-0.437472,-0.0162857,-0.0832156,-1.01907,nan,0.0213049,0.0625714,-0.00285714,5.45714
1053,67.3552,827.154,0.081394,0.375,0.166667,0.133786,1.36379,1.24008,-0.00743432,3.53396,5.92593e-05,0.0103066,0.325656,16994.8,0.476924,0.24612,-0.6,0.15,382.501,1.29393e+07,0.45912,0.0206728,0.518051,0.00121895,-1.95142,0.827154,0.1695,nan,nan,nan,nan,-0.0626277,-0.473639,-0.0392607,nan,-0.365816,-0.00907692,-0.0754835,-0.913307,nan,0.015525,0.0398462,-0.00230769,5.20962
1054,70.4983,867.857,0.0802852,0.208333,0.0833333,0.129816,1.33468,0.927876,-0.00868801,3.53393,5.92593e-05,0.0103545,0.325654,15654.8,0.528293,0.256644,-0.6,0.15,383.287,1.29516e+07,0.492368,0.0301641,0.579495,0.00382536,-1.91526,0.867857,0.221271,nan,nan,nan,nan,-0.0688949,-0.508314,-0.0462408,nan,-0.378914,-0.0108571,-0.0669132,-0.87069,nan,0.019156,0.0734286,-0.00371429,5.10714
1055,66.1528,899.071,0.0902345,0.5,0.0833333,0.128897,1.35518,1.12198,-0.00987086,3.53306,5.92593e-05,0.0111469,0.325612,16757.3,0.486229,0.247064,-0.6,0.15,384.022,1.29638e+07,0.522136,0.0280998,0.595574,0.00218094,-2.02341,0.899071,0.17775,nan,nan,nan,nan,-0.058788,-0.449237,-0.0408314,nan,-0.392189,-0.00457143,-0.0710486,-0.897593,nan,0.0163167,0.0575714,-0.00428571,4.95089
1056,81.2341,962.778,0.0850163,0.291667,0.0833333,0.126167,1.33219,0.885446,-0.0082762,3.53067,5.92593e-05,0.00673795,0.325517,17204.7,0.47026,0.243962,-0.6,0.15,384.738,1.29761e+07,0.509243,0.0264114,0.640853,0.00373246,-2.15463,0.962778,0.229267,nan,nan,nan,nan,-0.0746278,-0.562204,-0.05065,nan,-0.41988,-0.00666667,-0.0761286,-0.968898,nan,0.0187742,0.0737778,-0.00333333,5.91389
1057,75.769,929.2,0.0850354,0.375,0.0416667,0.133445,1.32756,0.936421,-0.00799323,3.52626,5.92593e-05,0.0117466,0.32541,16986,0.471162,0.252257,-0.6,0.15,385.462,1.29884e+07,0.430176,0.0256917,0.591562,0.00260241,-2.1441,0.9292,0.20982,nan,nan,nan,nan,-0.0735174,-0.566926,-0.0509204,nan,-0.409564,-0.0064,-0.0813231,-0.961069,nan,0.0181204,0.068,-0.0054,5.8125
1058,77.1928,870.308,0.0847815,0.458333,0.0833333,0.129495,1.34,0.900273,-0.0093189,3.5226,5.92593e-05,0.00758041,0.32531,17072.3,0.470684,0.249077,-0.6,0.15,386.183,1.30007e+07,0.399433,0.0199718,0.535679,0.0028857,-2.01645,0.870308,0.2174,nan,nan,nan,nan,-0.0778421,-0.589479,-0.0507624,nan,-0.384499,-0.00969231,-0.0748509,-0.937091,nan,0.019321,0.0718462,-0.00384615,5.86731
1059,85.3232,1000,0.0745627,5,0,0.131981,1.3106,0.910392,-0.00742117,3.51983,5.92593e-05,0.00872299,0.325286,15466.3,0.512918,0.281586,-0.6,0.15,386.979,1.3013e+07,0.51817,0.0260694,0.650759,0.00293186,-2.28213,1,0.226731,nan,nan,nan,nan,-0.0753148,-0.572533,-0.0516969,nan,-0.438929,-0.00825833,-0.0846963,-1.03797,nan,0.0191797,0.0686667,-0.0044,6.30958
1060,62.6279,845,0.0875709,0.208333,0.0416667,0.130685,1.31761,0.839741,-0.00917392,3.51938,5.92593e-05,0.0104911,0.325252,15511.2,0.494291,0.297912,-0.6,0.15,387.773,1.30253e+07,0.428708,0.0247356,0.566779,0.00362866,-1.89629,0.845,0.194217,nan,nan,nan,nan,-0.0653971,-0.489653,-0.0435625,nan,-0.368697,-0.00516667,-0.0637817,-0.831315,nan,0.0196951,0.064,-0.00566667,4.75417
1061,86.6323,949.562,0.0871368,0.625,0.0416667,0.128513,1.35791,0.833599,-0.00786313,3.51702,5.92593e-05,0.012071,0.325159,12031.9,0.637452,0.383829,-0.6,0.15,388.795,1.30376e+07,0.504609,0.0236071,0.619689,0.00304981,-2.18743,0.949562,0.220669,nan,nan,nan,nan,-0.0743408,-0.57388,-0.0505207,nan,-0.416196,-0.008,-0.0794336,-0.987199,nan,0.0201186,0.070625,-0.004875,6.30156
1062,65.5378,931.083,0.0857493,0.458333,0.0416667,0.130693,1.33366,0.807727,-0.00629678,3.51385,5.92593e-05,0.00938828,0.325089,13663.3,0.582198,0.317143,-0.6,0.15,389.696,1.30499e+07,0.530642,0.0269088,0.638386,0.00358284,-2.07792,0.931083,0.184917,nan,nan,nan,nan,-0.0624791,-0.47398,-0.0420337,nan,-0.405463,-0.00425,-0.0696067,-0.916653,nan,0.0200115,0.0593333,-0.00516667,4.93958
1063,84.1281,849.111,0.0827557,0.291667,0.0833333,0.126413,1.33509,0.976268,-0.00971748,3.51232,5.92593e-05,0.00835359,0.325081,13619.7,0.583645,0.318575,-0.6,0.15,390.6,1.30621e+07,0.402509,0.0204815,0.541486,0.00301376,-1.94627,0.849111,0.209911,nan,nan,nan,nan,-0.07062,-0.537509,-0.0496125,nan,-0.373011,-0.00677778,-0.0716434,-0.871168,nan,0.0194481,0.0755556,-0.00377778,6.01528
1064,68.0907,919.5,0.0852137,0.166667,0.0833333,0.125451,1.3484,0.888402,-0.00893687,3.51286,5.92593e-05,0.00784646,0.325109,13841,0.567502,0.320297,-0.6,0.15,391.489,1.30744e+07,0.35936,0.0325764,0.571479,0.00277728,-2.09674,0.9195,0.206833,nan,nan,nan,nan,-0.0736974,-0.563763,-0.0496353,nan,-0.403852,-0.004,-0.0739908,-0.960161,nan,0.0186028,0.0686667,-0.00566667,5.45625
1065,58.4061,824.75,0.0923282,0.25,0.0833333,0.124119,1.31096,0.731054,-0.00859161,3.51256,5.92593e-05,0.00872115,0.325035,13705.5,0.564186,0.332386,-0.6,0.15,392.387,1.30867e+07,0.501199,0.0231792,0.584322,0.00325728,-1.778,0.82475,0.16635,nan,nan,nan,nan,-0.0502284,-0.366548,-0.0361633,nan,-0.355846,-0.003,-0.0563683,-0.75711,nan,0.0157634,0.05975,-0.005,4.15
1066,70.3321,879.357,0.0835042,0.458333,0.125,0.130934,1.33888,1.05087,-0.00760236,3.50863,5.92593e-05,0.00797189,0.324926,13470.5,0.574203,0.33801,-0.6,0.15,393.302,1.3099e+07,0.508987,0.0255929,0.573049,0.00180034,-1.97714,0.879357,0.177907,nan,nan,nan,nan,-0.0601034,-0.452561,-0.0410424,nan,-0.384026,-0.00792857,-0.0713024,-0.891003,nan,0.0130515,0.0468571,-0.00257143,5.17768
1067,76.0788,927.222,0.0876712,0.333333,0.0416667,0.130284,1.31751,1.07992,-0.00981937,3.50543,5.92593e-05,0.0131905,0.324881,11886.7,0.66059,0.373167,-0.6,0.15,394.337,1.31113e+07,0.428023,0.0216763,0.576413,0.00200372,-2.16944,0.927222,0.207744,nan,nan,nan,nan,-0.0741621,-0.572953,-0.0500817,nan,-0.409871,-0.009,-0.0835953,-1.00634,nan,0.0242498,0.0544444,-0.00266667,5.94028
1068,85.4621,912.111,0.0847955,0.333333,0.0416667,0.130204,1.32967,1.1999,-0.00685351,3.50431,5.92593e-05,0.0124599,0.324844,14925.8,0.542543,0.28073,-0.6,0.15,395.161,1.31236e+07,0.479798,0.0268674,0.571664,0.00243428,-2.12741,0.912111,0.216589,nan,nan,nan,nan,-0.0728933,-0.559156,-0.0502903,nan,-0.401874,-0.00933333,-0.0826493,-0.988545,nan,0.018349,0.0606667,-0.00377778,6.28056
1069,71.5947,924.8,0.086047,0.375,0.0416667,0.128398,1.35074,0.888731,-0.00806546,3.50251,5.92593e-05,0.0112943,0.324806,16331.5,0.509269,0.243141,-0.6,0.15,395.915,1.31359e+07,0.514827,0.0287889,0.611031,0.00262128,-2.07379,0.9248,0.19702,nan,nan,nan,nan,-0.0665167,-0.507319,-0.0447987,nan,-0.40394,-0.0071,-0.0741213,-0.947478,nan,0.0167046,0.0686,-0.0046,5.345
1070,75.6405,863.333,0.0866406,0.291667,0.0833333,0.130198,1.33704,1.08729,-0.00813198,3.5015,5.92593e-05,0.00806658,0.324781,16943.4,0.480439,0.244799,-0.6,0.15,396.641,1.31482e+07,0.418128,0.0208514,0.541615,0.00277138,-1.97429,0.863333,0.208844,nan,nan,nan,nan,-0.0714708,-0.55924,-0.0488668,nan,-0.378549,-0.00822222,-0.0733857,-0.915269,nan,0.0227224,0.0708889,-0.00311111,5.66528
1071,81.5487,897,0.0915053,0.583333,0.125,0.128668,1.37674,1.14718,-0.00800106,3.50017,5.92593e-05,0.0130027,0.324737,16943.9,0.481661,0.243555,-0.6,0.15,397.368,1.31604e+07,0.433446,0.024335,0.569224,0.0027071,-2.06095,0.897,0.210094,nan,nan,nan,nan,-0.0732757,-0.559496,-0.0493158,nan,-0.394203,-0.00811765,-0.0784644,-0.949566,nan,0.0195431,0.0696471,-0.00458824,6.02941
1072,72.0444,959.615,0.0911917,0.5,0.0416667,0.128754,1.33774,0.982265,-0.00841274,3.49888,5.92593e-05,0.0102341,0.324722,17003.1,0.479375,0.243318,-0.6,0.15,398.092,1.31727e+07,0.457265,0.0247023,0.620354,0.00270737,-2.17728,0.959615,0.205854,nan,nan,nan,nan,-0.0708077,-0.543359,-0.0487039,nan,-0.420125,-0.00846154,-0.0804472,-0.960428,nan,0.0177138,0.0693846,-0.00538462,5.55962
1073,86.0357,828.5,0.0890939,0.25,0.0833333,0.130452,1.35646,0.98603,-0.00922391,3.49837,5.92593e-05,0.0145,0.324707,16723.1,0.491056,0.243737,-0.6,0.15,398.828,1.3185e+07,0.403185,0.0188364,0.517196,0.00247576,-1.92735,0.8285,0.215362,nan,nan,nan,nan,-0.0745846,-0.568057,-0.0508485,nan,-0.366353,-0.00825,-0.0751151,-0.909388,nan,0.0218045,0.06825,-0.00325,6.20938
1074,69.0882,928.417,0.0873684,0.416667,0.0833333,0.133204,1.38453,1.11652,-0.00918741,3.49813,5.92593e-05,0.0108608,0.324724,16415.2,0.478489,0.270086,-0.6,0.15,399.578,1.31973e+07,0.542935,0.0224718,0.597544,0.00229535,-2.0964,0.928417,0.184317,nan,nan,nan,nan,-0.0665871,-0.506697,-0.0451565,nan,-0.40691,-0.00866667,-0.0764188,-0.942311,nan,0.0197477,0.0566667,-0.005,5.25417
1075,47.2969,766.875,0.0870876,0.208333,0.125,0.135444,1.39184,1.17433,-0.0068597,3.49893,5.92593e-05,0.00924442,0.324733,11641.8,0.669064,0.386444,-0.6,0.15,400.635,1.32096e+07,0.394805,0.0193156,0.504591,0.00162213,-1.71691,0.766875,0.141087,nan,nan,nan,nan,-0.0480571,-0.352188,-0.0334547,nan,-0.335555,-0.007875,-0.0621369,-0.766736,nan,0.0127101,0.04275,-0.00225,3.80625
1076,72.0642,857,0.0914349,0.333333,0.125,0.130548,1.40822,0.992649,-0.00844977,3.49917,5.92593e-05,0.00968642,0.324758,13012.5,0.621623,0.322703,-0.6,0.15,401.581,1.32219e+07,0.472778,0.0263672,0.563639,0.00264405,-1.89394,0.857,0.195027,nan,nan,nan,nan,-0.0647496,-0.490564,-0.0426419,nan,-0.374409,-0.00818182,-0.0667447,-0.860849,nan,0.01933,0.0594545,-0.00345455,5.2125
1077,78.1971,960.632,0.0864946,0.708333,0.0833333,0.133706,1.35967,1.09799,-0.0092726,3.50005,5.92593e-05,0.0124364,0.324777,13671.3,0.570883,0.327932,-0.6,0.15,402.481,1.32342e+07,0.514119,0.0270009,0.617489,0.00255218,-2.16912,0.960632,0.207937,nan,nan,nan,nan,-0.0721493,-0.559672,-0.0488574,nan,-0.421718,-0.00810526,-0.0773143,-0.992565,nan,0.0206026,0.0610526,-0.004,5.85197
1078,65.7755,924.182,0.0885474,0.375,0.0833333,0.131522,1.34589,0.953461,-0.0098552,3.50046,5.92593e-05,0.0132729,0.324782,13668.6,0.616149,0.282843,-0.6,0.15,403.381,1.32465e+07,0.483058,0.0229774,0.591463,0.00252106,-2.08652,0.924182,0.197936,nan,nan,nan,nan,-0.0688454,-0.527965,-0.0449837,nan,-0.405737,-0.00672727,-0.0739185,-0.971143,nan,0.0221103,0.0558182,-0.00272727,5.17727
1079,78.9201,937,0.0901022,0.291667,0.0416667,0.13441,1.4027,0.851145,-0.00958822,3.50028,5.92593e-05,0.00721235,0.324775,12787.2,0.580163,0.380801,-0.6,0.15,404.344,1.32588e+07,0.470701,0.0282958,0.623149,0.00316999,-2.0724,0.937,0.210037,nan,nan,nan,nan,-0.068386,-0.521036,-0.0459346,nan,-0.409397,-0.008375,-0.0757392,-0.963178,nan,0.0176615,0.06925,-0.0035,5.75469
1080,83.1157,928,0.0882956,0.333333,0.0416667,0.136817,1.40667,0.911039,-0.00892772,3.49967,5.92593e-05,0.0122874,0.32476,13260.8,0.588803,0.337835,-0.6,0.15,405.272,1.3271e+07,0.377576,0.0208325,0.551495,0.00178962,-2.21912,0.928,0.220922,nan,nan,nan,nan,-0.0835298,-0.656404,-0.0535275,nan,-0.413709,-0.0108889,-0.0908205,-1.06562,nan,0.0211138,0.0542222,-0.00155556,6.575
1081,80.86,953.6,0.0945321,0.375,0.0416667,0.133997,1.36638,1.05028,-0.00748314,3.49878,5.92593e-05,0.0133244,0.324731,12486.9,0.603697,0.380372,-0.6,0.15,406.257,1.32833e+07,0.476371,0.0256611,0.610627,0.00191747,-2.18318,0.9536,0.19262,nan,nan,nan,nan,-0.0671908,-0.532995,-0.0450199,nan,-0.419264,-0.0095,-0.0813264,-0.986722,nan,0.0186047,0.0516,-0.0028,6.04
1082,74.7822,816.929,0.0886107,0.458333,0.125,0.131504,1.39758,1.111,-0.0103586,3.49782,5.92593e-05,0.00582099,0.324718,13560,0.613838,0.292359,-0.6,0.15,407.165,1.32956e+07,0.364039,0.0204069,0.500452,0.00141401,-1.93481,0.816929,0.175371,nan,nan,nan,nan,-0.0658754,-0.513915,-0.0438852,nan,-0.362074,-0.0117143,-0.0820073,-0.8873,nan,0.0178255,0.0411429,-0.00314286,5.70625
1083,72.3425,925.7,0.0868673,0.333333,0.0833333,0.128475,1.37423,1.02363,-0.0099971,3.49684,5.92593e-05,0.0135889,0.324683,15074.6,0.54446,0.270687,-0.6,0.15,407.982,1.33079e+07,0.460122,0.0216342,0.610089,0.00218675,-2.06556,0.9257,0.19305,nan,nan,nan,nan,-0.0623511,-0.471456,-0.0432458,nan,-0.403665,-0.0093,-0.071492,-0.936019,nan,0.0168368,0.0596,-0.004,5.395
1084,66.3555,856.7,0.0871742,0.291667,0.125,0.134026,1.37159,0.993258,-0.00758921,3.4951,5.92593e-05,0.0072528,0.324638,13720.9,0.486897,0.408672,-0.6,0.15,408.879,1.33202e+07,0.52846,0.0245494,0.565969,0.00197989,-1.8932,0.8567,0.16481,nan,nan,nan,nan,-0.0547639,-0.412735,-0.0379137,nan,-0.373701,-0.0094,-0.0655814,-0.870033,nan,0.0159814,0.0482,-0.0028,4.83125
1085,84.5741,925.273,0.0898352,0.375,0.0833333,0.13093,1.39648,0.976981,-0.0077949,3.49344,5.92593e-05,0.01201,0.324599,12158.4,0.64547,0.365187,-0.6,0.15,409.891,1.33325e+07,0.455442,0.0252438,0.582098,0.00269362,-2.1239,0.925273,0.227227,nan,nan,nan,nan,-0.0780568,-0.604682,-0.0517586,nan,-0.40711,-0.00690909,-0.0766139,-0.982814,nan,0.0209358,0.0623636,-0.00436364,6.26364
1086,85.343,935.533,0.0866366,0.5,0.125,0.129572,1.36211,0.973621,-0.00874792,3.49209,5.92593e-05,0.0122539,0.324567,13137,0.600823,0.334549,-0.6,0.15,410.827,1.33448e+07,0.486823,0.0235206,0.595602,0.00236574,-2.18155,0.935533,0.215167,nan,nan,nan,nan,-0.0759689,-0.591547,-0.0517089,nan,-0.41422,-0.0115333,-0.0845307,-1.00962,nan,0.023957,0.0625333,-0.00266667,6.345
1087,61.477,838.2,0.0937866,0.291667,0.125,0.129955,1.33699,0.88693,-0.00714603,3.49086,5.92593e-05,0.00864885,0.324533,12668,0.622222,0.34778,-0.6,0.15,411.799,1.33571e+07,0.43272,0.0192534,0.530453,0.0018421,-1.93073,0.8382,0.1721,nan,nan,nan,nan,-0.0665014,-0.506989,-0.0416676,nan,-0.369422,-0.0078,-0.0717208,-0.920919,nan,0.0194842,0.0438,-0.002,4.93375
1088,87.6595,918.375,0.0962259,0.25,0.0833333,0.127379,1.39062,0.975067,-0.00980263,3.48843,5.92593e-05,0.00883128,0.324415,15288.4,0.525886,0.277859,-0.6,0.15,412.604,1.33693e+07,0.443834,0.0216948,0.557717,0.00269231,-2.14621,0.918375,0.22815,nan,nan,nan,nan,-0.0822651,-0.658827,-0.0532023,nan,-0.407487,-0.008875,-0.0819176,-1.03856,nan,0.0199218,0.0675,-0.00425,6.60469
1089,84.7137,940.5,0.094703,0.541667,0.0416667,0.131053,1.38652,1.00804,-0.00810537,3.48356,5.92593e-05,0.0114187,0.324316,15730.9,0.497701,0.283435,-0.6,0.15,413.387,1.33816e+07,0.458435,0.0239394,0.592498,0.00285465,-2.18807,0.9405,0.230493,nan,nan,nan,nan,-0.0785907,-0.603317,-0.0521584,nan,-0.414762,-0.0127857,-0.0800593,-1.01677,nan,0.0192639,0.0641429,-0.00528571,6.35536
1090,62.4965,843.083,0.090395,0.333333,0.166667,0.129941,1.38964,0.903612,-0.0087494,3.48154,5.92593e-05,0.0158568,0.324314,12301.2,0.622901,0.37603,-0.6,0.15,414.387,1.33939e+07,0.46038,0.0253524,0.551162,0.00283414,-1.88955,0.843083,0.18005,nan,nan,nan,nan,-0.060718,-0.462229,-0.0396695,nan,-0.370032,-0.0108333,-0.0641198,-0.878523,nan,0.0162679,0.0538333,-0.00433333,4.77187
1091,97.4227,1000,0.0914284,0.416667,0,0.126402,1.3517,1.10525,-0.00770925,3.4817,5.92593e-05,0.00629355,0.324317,12287.7,0.66005,0.339974,-0.6,0.15,415.39,1.34062e+07,0.458633,0.0242167,0.615845,0.00298636,-2.34245,1,0.25847,nan,nan,nan,nan,-0.0889047,-0.68411,-0.0596472,nan,-0.44343,-0.0113,-0.0903817,-1.10303,nan,0.023383,0.0718,-0.0022,7.24125
1092,97.5927,985.273,0.0939721,0.416667,0.0416667,0.1244,1.33066,1.0532,-0.00672483,3.48132,5.92593e-05,0.0123774,0.32431,13306,0.581109,0.342385,-0.6,0.15,416.314,1.34185e+07,0.44654,0.0255156,0.596619,0.00256983,-2.33882,0.985273,0.242773,nan,nan,nan,nan,-0.0866054,-0.674782,-0.0571931,nan,-0.438391,-0.0131818,-0.0938373,-1.0824,nan,0.0216022,0.0709091,-0.00309091,7.27614
1093,77.4594,1000,0.0905571,0.458333,0,0.12783,1.34949,0.873306,-0.00954262,3.48087,5.92593e-05,0.00537391,0.324282,13731.1,0.607945,0.286958,-0.6,0.15,417.211,1.34308e+07,0.562935,0.0259463,0.637847,0.00290061,-2.28037,1,0.219518,nan,nan,nan,nan,-0.0746717,-0.572551,-0.0494687,nan,-0.438018,-0.0123636,-0.0838333,-1.06648,nan,0.0185805,0.0638182,-0.00581818,5.925
1094,87.2493,1000,0.0906617,0.125,0,0.129861,1.34789,1.12113,-0.00920078,3.48032,5.92593e-05,0.00950419,0.324299,15919.7,0.524476,0.2474,-0.6,0.15,417.984,1.34431e+07,0.549939,0.0316397,0.665468,0.00266359,-2.2214,1,0.199033,nan,nan,nan,nan,-0.0642945,-0.506805,-0.0452592,nan,-0.436026,-0.007,-0.0787879,-0.958973,nan,0.014601,0.064,-0.00466667,6.15833
1095,87.5711,933.143,0.0867149,0.416667,0.166667,0.135368,1.34775,1.13442,-0.00769044,3.4805,5.92593e-05,0.0125899,0.324264,13379.7,0.541761,0.376643,-0.6,0.15,418.904,1.34554e+07,0.45637,0.0245658,0.585129,0.00229363,-2.19834,0.933143,0.221071,nan,nan,nan,nan,-0.0783682,-0.59941,-0.0515876,nan,-0.413772,-0.0135714,-0.0891591,-1.02982,nan,0.0211552,0.0578571,-0.00257143,6.55357
1096,78.5616,883.231,0.0914595,0.291667,0.25,0.133776,1.35963,1.04223,-0.00890036,3.47868,5.92593e-05,0.00997806,0.324226,12633.7,0.623084,0.349555,-0.6,0.15,419.878,1.34676e+07,0.441713,0.0241489,0.536925,0.00251706,-2.06116,0.883231,0.207285,nan,nan,nan,nan,-0.0773684,-0.585084,-0.0469651,nan,-0.391366,-0.00830769,-0.0780358,-0.974944,nan,0.0228369,0.0489231,-0.00184615,5.98558
1097,80.1516,937.938,0.0868001,0.583333,0.0833333,0.130616,1.33123,1.35279,-0.00748541,3.47789,5.92593e-05,0.0147198,0.324228,13007.2,0.600719,0.343991,-0.6,0.15,420.824,1.34799e+07,0.46363,0.0266617,0.616625,0.0026808,-2.1286,0.937937,0.211687,nan,nan,nan,nan,-0.0695361,-0.532231,-0.0474433,nan,-0.410945,-0.0091875,-0.0788242,-0.980707,nan,0.0190824,0.0565,-0.004125,5.93438
1098,111.391,991,0.087375,0.208333,0.0416667,0.130446,1.35154,0.992959,-0.00910865,3.47781,5.92593e-05,0.0106459,0.32421,14105.6,0.587616,0.283526,-0.6,0.15,421.697,1.34922e+07,0.575332,0.0226392,0.625301,0.00270514,-2.28302,0.991,0.2482,nan,nan,nan,nan,-0.0875203,-0.666769,-0.0565131,nan,-0.438265,-0.01,-0.0912925,-1.08695,nan,0.0198017,0.06,-0.003,7.74792
1099,80.2565,1000,0.090908,0.416667,0,0.12928,1.33902,0.964286,-0.0105764,3.47627,5.92593e-05,0.0080853,0.324154,16364,0.50359,0.247325,-0.6,0.15,422.449,1.35045e+07,0.550102,0.0225301,0.656564,0.00252208,-2.30581,1,0.20215,nan,nan,nan,nan,-0.070065,-0.555776,-0.0466919,nan,-0.439029,-0.0113,-0.0848438,-1.0582,nan,0.0225724,0.0538,-0.0032,6.0775
1100,86.9946,996.248,0.0915386,4.5,0.0416667,0.130696,1.30826,0.981499,-0.00871559,3.47425,5.92593e-05,0.00962071,0.324103,11086.3,0.580865,0.527535,-0.6,0.15,423.559,1.35168e+07,0.541224,0.0264174,0.634729,0.00259611,-2.29099,0.996248,0.222437,nan,nan,nan,nan,-0.0771461,-0.59289,-0.0509707,nan,-0.438525,-0.0121835,-0.0869402,-1.07342,nan,0.0191281,0.0626972,-0.00377982,6.4711
1101,45.4613,570.286,0.0877686,0.0833333,0.208333,0.132099,1.31345,1.09185,-0.0100343,3.4725,5.92593e-05,0.0107774,0.324068,13523.9,0.568006,0.340607,-0.6,0.15,426.446,1.35291e+07,0.299282,0.0162798,0.358077,0.00158153,-1.27737,0.570286,0.1277,nan,nan,nan,nan,-0.0463249,-0.330807,-0.0285333,nan,-0.250904,-0.00971429,-0.0444272,-0.605913,nan,0.0152773,0.0391429,-0.00342857,3.44286
1102,75.6078,827.364,0.095423,0.375,0.0833333,0.128036,1.38884,1.18549,-0.00921127,3.4711,5.92593e-05,0.00988516,0.324036,14850.7,0.519191,0.308242,-0.6,0.15,427.275,1.35414e+07,0.49161,0.0232351,0.535896,0.00203568,-1.83765,0.827364,0.1806,nan,nan,nan,nan,-0.0600902,-0.449564,-0.0412157,nan,-0.361027,-0.0120909,-0.067996,-0.859691,nan,0.0154279,0.0587273,-0.00381818,5.33864
1103,76.0724,926.167,0.0907873,0.416667,0.0833333,0.12698,1.34968,1.08539,-0.00951397,3.46946,5.92593e-05,0.014574,0.323979,13036.8,0.547012,0.395553,-0.6,0.15,428.219,1.35537e+07,0.516027,0.0239704,0.608209,0.00242058,-2.04638,0.926167,0.191858,nan,nan,nan,nan,-0.0610852,-0.466277,-0.0440252,nan,-0.40444,-0.0115,-0.0750207,-0.955279,nan,0.0157223,0.057,-0.005,5.53125
1104,87.388,827.333,0.0909812,0.291667,0.0833333,0.12842,1.34341,0.80686,-0.00849789,3.46671,5.92593e-05,0.00933485,0.323884,13071.5,0.607338,0.332721,-0.6,0.15,429.161,1.3566e+07,0.420233,0.021255,0.522371,0.00245003,-1.93572,0.827333,0.210533,nan,nan,nan,nan,-0.0735139,-0.548584,-0.046594,nan,-0.365429,-0.013,-0.0786095,-0.892558,nan,0.0182854,0.0542222,-0.00466667,6.25139
1105,86.7906,984.273,0.0905279,0.416667,0.0416667,0.127247,1.35579,0.856385,-0.00991463,3.46276,5.92593e-05,0.0130882,0.323781,12228.6,0.634766,0.370092,-0.6,0.15,430.167,1.35782e+07,0.518613,0.0202584,0.616861,0.00316626,-2.24058,0.984273,0.236445,nan,nan,nan,nan,-0.0807855,-0.62458,-0.0541618,nan,-0.431764,-0.0111818,-0.081654,-1.09064,nan,0.0205393,0.0641818,-0.00490909,6.49545
1106,68.1595,841.857,0.0904701,0.208333,0.0833333,0.125539,1.34494,0.816139,-0.0090678,3.45902,5.92593e-05,0.00800236,0.323685,11884.7,0.652311,0.381623,-0.6,0.15,431.202,1.35905e+07,0.457179,0.0254855,0.551978,0.00222347,-1.87325,0.841857,0.1731,nan,nan,nan,nan,-0.0576349,-0.430487,-0.0396674,nan,-0.367777,-0.00885714,-0.064959,-0.869848,nan,0.0150584,0.0534286,-0.00342857,5.00357
1107,82.7267,969.222,0.0905154,0.333333,0.0416667,0.127392,1.34258,1.12848,-0.00854819,3.45561,5.92593e-05,0.00816334,0.323608,13784.4,0.573785,0.317659,-0.6,0.15,432.096,1.36028e+07,0.500128,0.0246712,0.583835,0.00167933,-2.28829,0.969222,0.214867,nan,nan,nan,nan,-0.0796089,-0.618024,-0.0517185,nan,-0.428825,-0.0121111,-0.0908616,-1.07213,nan,0.0240589,0.0488889,-0.00333333,6.41389
1108,78.8472,847.733,0.0847682,0.5,0.125,0.129159,1.37319,1.06706,-0.00762498,3.45355,5.92593e-05,0.00911037,0.323578,12136.2,0.660183,0.352328,-0.6,0.15,433.11,1.36151e+07,0.457346,0.0214715,0.539098,0.0021423,-1.92434,0.847733,0.19078,nan,nan,nan,nan,-0.0633938,-0.473649,-0.0441729,nan,-0.371072,-0.0109333,-0.0731489,-0.902961,nan,0.0130258,0.0534667,-0.0032,5.68417
1109,61.1654,741.143,0.0862572,0.166667,0.125,0.129749,1.33365,1.0105,-0.00858106,3.45261,5.92593e-05,0.00524495,0.323552,12388,0.585019,0.406911,-0.6,0.15,434.103,1.36274e+07,0.405197,0.024077,0.509259,0.00275256,-1.60956,0.741143,0.166214,nan,nan,nan,nan,-0.0524583,-0.375324,-0.0353209,nan,-0.321204,-0.00742857,-0.0545561,-0.717762,nan,0.0128804,0.0545714,-0.00742857,4.32321
1110,86.3314,902.3,0.0818846,0.333333,0.0833333,0.130714,1.33446,1.09358,-0.00746015,3.45156,5.92593e-05,0.00807279,0.323518,11988.2,0.651815,0.373196,-0.6,0.15,435.13,1.36397e+07,0.423887,0.0204924,0.541489,0.00240252,-2.14941,0.9023,0.23264,nan,nan,nan,nan,-0.0844217,-0.635913,-0.0536433,nan,-0.399975,-0.0118,-0.0876772,-1.02746,nan,0.0207095,0.0584,-0.0042,6.56875
1111,63.8029,842.786,0.0854421,0.375,0.208333,0.13299,1.33881,1.3075,-0.00854632,3.45027,5.92593e-05,0.0129491,0.323496,13717.4,0.561159,0.334635,-0.6,0.15,436.027,1.3652e+07,0.419051,0.0199439,0.530802,0.00198192,-1.93021,0.842786,0.174564,nan,nan,nan,nan,-0.0650915,-0.486929,-0.0411299,nan,-0.37052,-0.0107857,-0.0723805,-0.914451,nan,0.0170551,0.0474286,-0.005,5.03304
1112,83.8881,842.846,0.0891698,0.416667,0.125,0.129716,1.31215,0.814718,-0.00840218,3.44934,5.92593e-05,0.0118954,0.32345,10884.7,0.715002,0.41392,-0.6,0.15,437.157,1.36643e+07,0.436903,0.021412,0.530074,0.00232059,-1.9848,0.842846,0.205615,nan,nan,nan,nan,-0.0725343,-0.560468,-0.0480658,nan,-0.372922,-0.0103846,-0.0789353,-0.931748,nan,0.0170196,0.0547692,-0.00476923,6.14808
1113,81.9457,1000,0.0848962,0.541667,0,0.126929,1.33037,0.949615,-0.0087438,3.44677,5.92593e-05,0.015894,0.323382,11559.5,0.652889,0.410135,-0.6,0.15,438.222,1.36765e+07,0.562708,0.0269488,0.639078,0.00321038,-2.27824,1,0.233492,nan,nan,nan,nan,-0.0807048,-0.621386,-0.0542415,nan,-0.439189,-0.00861538,-0.0798698,-1.07496,nan,0.023776,0.0683077,-0.00476923,6.18173
1114,84.5198,920.364,0.0894781,0.375,0.0833333,0.127001,1.3323,1.29174,-0.00925836,3.44438,5.92593e-05,0.0158135,0.32333,10567.5,0.706548,0.456263,-0.6,0.15,439.387,1.36888e+07,0.518597,0.0231133,0.587757,0.00259352,-2.1203,0.920364,0.2111,nan,nan,nan,nan,-0.0736997,-0.542091,-0.0487834,nan,-0.405128,-0.0119091,-0.0798004,-0.998535,nan,0.0184347,0.058,-0.00418182,6.17045
1115,82.0516,905.286,0.0848625,0.25,0.0416667,0.124767,1.31624,0.858146,-0.00905634,3.4424,5.92593e-05,0.0102212,0.323264,11028.3,0.730237,0.383989,-0.6,0.15,440.503,1.37011e+07,0.512278,0.0229177,0.586901,0.0026346,-2.01683,0.905286,0.209771,nan,nan,nan,nan,-0.0653883,-0.485664,-0.0469233,nan,-0.395818,-0.0145714,-0.0755283,-0.9354,nan,0.0158472,0.0611429,-0.00485714,5.82679
1116,82.6946,1000,0.0903395,0.5,0,0.121063,1.31014,1.01138,-0.0094401,3.43958,8.88889e-05,0.0024444,0.323196,13600,0.576424,0.327106,-0.6,0.15,441.408,1.37134e+07,0.59359,0.0263716,0.639005,0.00253657,-2.29713,1,0.217708,nan,nan,nan,nan,-0.0753769,-0.574088,-0.0485591,nan,-0.44077,-0.0113333,-0.085707,-1.06198,nan,0.0192175,0.053,-0.003,6.18125
1117,91.028,926,0.091318,0.291667,0.0416667,0.122483,1.32271,0.995403,-0.00955437,3.43637,8.88889e-05,0.0114704,0.323099,12268.8,0.624133,0.37743,-0.6,0.15,442.412,1.37257e+07,0.377194,0.0226167,0.572228,0.00250012,-2.17697,0.926,0.229012,nan,nan,nan,nan,-0.0784892,-0.608274,-0.0533678,nan,-0.409757,-0.015,-0.0859988,-1.03778,nan,0.0182359,0.05925,-0.0025,6.8125
1118,69.633,875.455,0.0886226,0.375,0.0833333,0.126057,1.33189,1.00441,-0.0101199,3.43343,8.88889e-05,0.0162913,0.32306,11501.9,0.664204,0.404142,-0.6,0.15,443.481,1.3738e+07,0.473255,0.0220565,0.56665,0.0027254,-1.97142,0.875455,0.189809,nan,nan,nan,nan,-0.0644459,-0.468513,-0.0413792,nan,-0.383575,-0.0118182,-0.0735508,-0.934888,nan,0.0187945,0.0572727,-0.00545455,5.23068
1119,91.9087,961.762,0.0893846,0.791667,0.0833333,0.126553,1.33165,0.978813,-0.00968992,3.43212,8.88889e-05,0.0148495,0.323016,12352.5,0.634303,0.360477,-0.6,0.15,444.478,1.37503e+07,0.499448,0.0258596,0.620553,0.00285106,-2.20469,0.961762,0.229238,nan,nan,nan,nan,-0.0773237,-0.594291,-0.0518072,nan,-0.424333,-0.0131429,-0.0823966,-1.03238,nan,0.0172978,0.060381,-0.00409524,6.6625
1120,74.2186,967,0.0923714,0.333333,0.0416667,0.129466,1.32696,0.732488,-0.0100082,3.42945,8.88889e-05,0.0139406,0.322934,13029.5,0.589573,0.353517,-0.6,0.15,445.423,1.37626e+07,0.521496,0.0282861,0.617282,0.00227156,-2.22563,0.967,0.1971,nan,nan,nan,nan,-0.0718118,-0.56041,-0.0466728,nan,-0.424919,-0.0101111,-0.0845304,-1.05416,nan,0.018735,0.0486667,-0.00333333,5.79167
1121,98.683,1000,0.0918518,0.416667,0,0.126811,1.32801,1.0563,-0.00965915,3.4266,8.88889e-05,0.0133495,0.322879,12560,0.593873,0.384468,-0.6,0.15,446.403,1.37748e+07,0.489927,0.0258925,0.605771,0.00204075,-2.42109,1,0.2413,nan,nan,nan,nan,-0.0871633,-0.686421,-0.0572093,nan,-0.445661,-0.0129,-0.0962358,-1.13472,nan,0.0205118,0.0556,-0.003,7.4375
1122,79.7163,802.8,0.089974,0.25,0.166667,0.124754,1.3301,1.15982,-0.0105668,3.42471,8.88889e-05,0.0183418,0.322821,11902.2,0.682991,0.349424,-0.6,0.15,447.437,1.37871e+07,0.361656,0.0250257,0.47701,0.00180226,-1.97378,0.8028,0.20225,nan,nan,nan,nan,-0.0768329,-0.584282,-0.0492127,nan,-0.357638,-0.0174,-0.0864113,-0.875916,nan,0.0220414,0.0488,-0.0016,6.0675
1123,75.6263,940.083,0.0873856,0.458333,0.0416667,0.126462,1.33238,1.15426,-0.00850447,3.42275,8.88889e-05,0.0110594,0.322787,12485.7,0.608739,0.375423,-0.6,0.15,448.423,1.37994e+07,0.513717,0.0238239,0.602948,0.00222906,-2.16104,0.940083,0.202592,nan,nan,nan,nan,-0.0706916,-0.540885,-0.044536,nan,-0.413058,-0.0103333,-0.0802961,-0.989282,nan,0.0192505,0.0531667,-0.00283333,5.73646
1124,93.4812,996.429,0.0921831,0.541667,0.0416667,0.123663,1.33396,1.13571,-0.0090512,3.42031,8.88889e-05,0.00828016,0.32269,12236.5,0.667091,0.33712,-0.6,0.15,449.429,1.38117e+07,0.60396,0.0242513,0.643795,0.00245861,-2.28344,0.996429,0.227164,nan,nan,nan,nan,-0.0759068,-0.564725,-0.0498838,nan,-0.436883,-0.013,-0.0878061,-1.04903,nan,0.0150736,0.0624286,-0.00242857,6.66161
1125,80.475,1000,0.0897584,0.208333,0,0.12516,1.34818,0.799519,-0.00844345,3.41529,8.88889e-05,0.0156575,0.322549,13108.7,0.659473,0.277918,-0.6,0.15,450.369,1.3824e+07,0.599311,0.0270765,0.676609,0.00247887,-2.22178,1,0.18198,nan,nan,nan,nan,-0.0582861,-0.443386,-0.0408802,nan,-0.434276,-0.0168,-0.0836105,-0.992693,nan,0.0141046,0.0688,-0.0024,5.7475
1126,90.5282,946.769,0.0885351,0.5,0.0416667,0.127168,1.37026,1.04797,-0.0113597,3.4117,8.88889e-05,0.0111585,0.322538,14956.2,0.530383,0.291216,-0.6,0.15,451.191,1.38363e+07,0.425279,0.0207604,0.566171,0.00226234,-2.28981,0.946769,0.234954,nan,nan,nan,nan,-0.0854559,-0.674778,-0.0559467,nan,-0.422139,-0.0133846,-0.0938202,-1.11343,nan,0.0200227,0.0529231,-0.00261538,7.00865
1127,79.3968,897.125,0.0837668,0.541667,0.125,0.129797,1.36257,1.4707,-0.00930556,3.41231,8.88889e-05,0.0105835,0.322566,13204.4,0.62956,0.301037,-0.6,0.15,452.123,1.38486e+07,0.509247,0.0261692,0.574002,0.00191699,-2.07489,0.897125,0.193075,nan,nan,nan,nan,-0.0673637,-0.503301,-0.0436075,nan,-0.395472,-0.012625,-0.0835413,-0.951351,nan,0.0156438,0.04925,-0.0035,5.83906
1128,88.7655,908.5,0.0853239,0.583333,0.0833333,0.127679,1.3271,0.760156,-0.0106987,3.41355,8.88889e-05,0.0113191,0.322594,16453.8,0.501384,0.245434,-0.6,0.15,452.872,1.38609e+07,0.490392,0.0233584,0.57953,0.00249479,-2.12471,0.9085,0.220512,nan,nan,nan,nan,-0.0741554,-0.550083,-0.0488291,nan,-0.400917,-0.0138125,-0.0839442,-0.972859,nan,0.0154825,0.05775,-0.0045,6.41406
1129,88.4074,946.167,0.0877145,0.208333,0.0416667,0.126356,1.34789,0.97442,-0.0109986,3.41317,8.88889e-05,0.0150788,0.322544,16115.2,0.480904,0.281608,-0.6,0.15,453.635,1.38732e+07,0.471252,0.0223269,0.585108,0.00267692,-2.23574,0.946167,0.2385,nan,nan,nan,nan,-0.0851905,-0.637163,-0.054707,nan,-0.421034,-0.0186667,-0.0858499,-1.05132,nan,0.0220896,0.061,-0.00366667,6.66458
1130,96.5339,971.6,0.0875761,0.375,0.0416667,0.127185,1.35296,1.14436,-0.011154,3.4104,8.88889e-05,0.0146862,0.322469,15569,0.525159,0.264102,-0.6,0.15,454.426,1.38854e+07,0.493709,0.0263779,0.616599,0.00292848,-2.26494,0.9716,0.23909,nan,nan,nan,nan,-0.0845091,-0.644373,-0.0566596,nan,-0.428789,-0.0115,-0.0880947,-1.03549,nan,0.0202536,0.078,-0.005,6.9975
1131,88.7125,1000,0.0894201,0.333333,0,0.127143,1.34277,1.08766,-0.00914578,3.40878,8.88889e-05,0.0147983,0.322478,16389.4,0.493763,0.255989,-0.6,0.15,455.177,1.38977e+07,0.55637,0.0238028,0.619638,0.00198521,-2.39894,1,0.226662,nan,nan,nan,nan,-0.0825438,-0.639661,-0.0522857,nan,-0.444764,-0.017375,-0.0969142,-1.12897,nan,0.0205616,0.05525,-0.0025,6.79531
1132,82.1741,1000,0.0907013,0.583333,0,0.125145,1.36536,0.836164,-0.00840776,3.40915,8.88889e-05,0.0119565,0.32244,17182.4,0.471124,0.244028,-0.6,0.15,455.893,1.391e+07,0.50463,0.0269531,0.625939,0.00202859,-2.34214,1,0.212879,nan,nan,nan,nan,-0.0788353,-0.613707,-0.0503843,nan,-0.441433,-0.0101429,-0.0896065,-1.08163,nan,0.0198709,0.0517143,-0.00242857,6.375
1133,83.2002,1000,0.0908533,0.375,0,0.13121,1.32339,1.45273,-0.00960277,3.40706,8.88889e-05,0.0153244,0.322405,16237.9,0.499219,0.257531,-0.6,0.15,456.651,1.39223e+07,0.491408,0.0270255,0.640232,0.00289217,-2.30769,1,0.225267,nan,nan,nan,nan,-0.07924,-0.6004,-0.0510954,nan,-0.439784,-0.01,-0.0852482,-1.07159,nan,0.0200698,0.06,-0.00488889,6.34306
1134,81.4018,978.375,0.0968978,0.291667,0.0416667,0.128715,1.33556,0.964062,-0.00826404,3.40648,8.88889e-05,0.0131337,0.322388,16040.6,0.522408,0.243648,-0.6,0.15,457.419,1.39346e+07,0.485055,0.0258134,0.620473,0.00163566,-2.28277,0.978375,0.193925,nan,nan,nan,nan,-0.0714703,-0.535129,-0.047654,nan,-0.429201,-0.023625,-0.0942232,-1.04869,nan,0.0148828,0.05675,-0.00375,6.22969
1135,94.4211,1000,0.0920558,0.333333,0,0.125788,1.36996,1.0929,-0.00704867,3.40517,8.88889e-05,0.0173022,0.322362,16314,0.503975,0.249245,-0.6,0.15,458.173,1.39469e+07,0.507854,0.0250685,0.640983,0.0029159,-2.28908,1,0.245462,nan,nan,nan,nan,-0.0837774,-0.628179,-0.0568042,nan,-0.441308,-0.020875,-0.089612,-1.08581,nan,0.0197787,0.06925,-0.00575,6.91094
1136,89.3943,946.4,0.0940297,0.333333,0.0833333,0.124283,1.33653,1.50693,-0.00877865,3.40449,8.88889e-05,0.00901867,0.322328,16371.6,0.482485,0.268081,-0.6,0.15,458.925,1.39592e+07,0.517093,0.0245317,0.607663,0.00281334,-2.19788,0.9464,0.23319,nan,nan,nan,nan,-0.0811215,-0.59887,-0.0525069,nan,-0.416913,-0.0129,-0.0842563,-1.01241,nan,0.021577,0.0636,-0.0028,6.5125
1137,64.8685,872.167,0.0903979,0.416667,0.0833333,0.124554,1.31923,1.02552,-0.00951511,3.40328,8.88889e-05,0.0130671,0.322298,16372.3,0.485774,0.26476,-0.6,0.15,459.677,1.39715e+07,0.419942,0.0239322,0.562978,0.00210531,-1.98653,0.872167,0.171475,nan,nan,nan,nan,-0.0610066,-0.4576,-0.0399901,nan,-0.382248,-0.01075,-0.0722354,-0.883456,nan,0.0168529,0.048,-0.00416667,5.02396
1138,77.1053,945.769,0.0901024,0.5,0.0416667,0.126536,1.31616,0.894798,-0.00933749,3.40235,8.88889e-05,0.0100817,0.32228,15443.2,0.535649,0.260042,-0.6,0.15,460.474,1.39837e+07,0.532937,0.0249397,0.636034,0.00276337,-2.08739,0.945769,0.196777,nan,nan,nan,nan,-0.0616119,-0.446968,-0.0429852,nan,-0.411012,-0.0110769,-0.0716022,-0.934063,nan,0.0142903,0.0575385,-0.00446154,5.51538
1139,80.1815,903.571,0.0951424,0.5,0.0833333,0.127661,1.33438,0.989177,-0.00777191,3.40132,8.88889e-05,0.0114495,0.322264,15885.2,0.507212,0.26634,-0.6,0.15,461.249,1.3996e+07,0.473104,0.0249108,0.571073,0.00257812,-2.09974,0.903571,0.218264,nan,nan,nan,nan,-0.076058,-0.570511,-0.0490891,nan,-0.400095,-0.00857143,-0.0750118,-0.969537,nan,0.0162993,0.0541429,-0.00357143,5.99732
1140,95.8948,931,0.0948151,0.166667,0.0416667,0.126238,1.33718,1.42929,-0.00779492,3.40122,8.88889e-05,0.0149305,0.322286,16302.3,0.507603,0.246154,-0.6,0.15,462.004,1.40083e+07,0.574358,0.0183237,0.549334,0.00199374,-2.26015,0.931,0.23738,nan,nan,nan,nan,-0.0886927,-0.672285,-0.056334,nan,-0.414442,-0.014,-0.0959817,-1.04637,nan,0.0218019,0.0612,-0.0024,7.05
1141,84.9163,961.462,0.0948557,0.458333,0.0833333,0.129095,1.33378,1.10649,-0.0100029,3.401,8.88889e-05,0.00882804,0.322241,17058,0.477667,0.2427,-0.6,0.15,462.726,1.40206e+07,0.528575,0.0226118,0.613183,0.00246576,-2.22996,0.961462,0.214685,nan,nan,nan,nan,-0.0753574,-0.562492,-0.0485163,nan,-0.423151,-0.0116923,-0.0842805,-1.02396,nan,0.0163208,0.0616923,-0.00230769,6.28654
1142,91.2677,992.452,0.0884094,3.75,0.125,0.134549,1.29623,0.916616,-0.0100818,3.39858,8.88889e-05,0.0124106,0.322168,16065.2,0.511567,0.253317,-0.6,0.15,463.492,1.40329e+07,0.533409,0.0271187,0.63529,0.00239837,-2.29872,0.992452,0.226419,nan,nan,nan,nan,-0.0764972,-0.573604,-0.0520834,nan,-0.437167,-0.0153763,-0.0900244,-1.05388,nan,0.0155092,0.0579355,-0.00372043,6.67392
1143,79.4687,1000,0.0874572,0.25,0,0.130842,1.30105,0.995592,-0.010653,3.39617,8.88889e-05,0.01267,0.322135,17019.4,0.468839,0.253161,-0.6,0.15,464.215,1.40452e+07,0.46801,0.0239462,0.659791,0.0026454,-2.25801,1,0.21295,nan,nan,nan,nan,-0.0721301,-0.534499,-0.0510172,nan,-0.440908,-0.0115,-0.0827492,-1.03091,nan,0.0164812,0.057,-0.00233333,6.01667
