iteration,Train/mean_reward,Train/mean_episode_length,Train/mean_step_reward,Episode_Termination/time_out,Episode_Termination/fell_over,Metrics/twist/error_vel_xy,Metrics/twist/error_vel_yaw,Loss/value,Loss/surrogate,Loss/entropy,Loss/learning_rate,Loss/kl,Policy/mean_std,Perf/total_fps,Perf/collection_time,Perf/learning_time,Curriculum/action_rate_weight,Curriculum/standing_envs,time_s,env_steps,Episode_Reward/track_linear_velocity,Episode_Reward/track_angular_velocity,Episode_Reward/upright,Episode_Reward/pose,Episode_Reward/action_rate_l2,Episode_Reward/alive,Episode_Reward/air_time,Episode_Reward/single_stance,Episode_Reward/foot_lift,Episode_Reward/foot_alternation,Episode_Reward/foot_symmetry,Episode_Reward/foot_clearance,Episode_Reward/foot_swing_height,Episode_Reward/foot_slip,Episode_Reward/trot,Episode_Reward/joint_torque,Episode_Reward/self_collisions,Episode_Reward/dof_pos_limits,Episode_Reward/body_ang_vel,Episode_Reward/angular_momentum
301,-0.299202,22.25,0.0128902,0,0.166667,0.141585,1.041,0.0257331,-0.0125526,4.41607,0.0002,0.0192853,0.34925,13573.7,0.540357,0.36492,-0.1,0.02,0.905416,3.69869e+06,0.00449411,0.00206873,0.01066,0.00071936,-0.00745243,0.02225,0.001825,nan,nan,nan,nan,-0.00262164,-0.0048975,-0.000632656,0.0005,-0.00952014,-0.00025,-0.000133464,-0.0319694,nan
302,-0.0967454,35.1111,0.0142927,0,0.375,0.141412,1.18677,0.0314763,-0.0120352,4.3936,0.0002,0.0186623,0.348666,12806,0.564338,0.39521,-0.1,0.02,1.86679,3.71098e+06,0.00955971,0.00124795,0.016259,0.000993511,-0.0111505,0.0351111,0.00381111,nan,nan,nan,nan,-0.00289193,-0.00541529,-0.000817967,0.00288889,-0.0143405,0,-0.000466998,-0.0396254,nan
303,0.682751,62.8333,0.0148134,0,0.25,0.141475,1.19074,0.0336985,-0.0123912,4.37564,0.000133333,0.0243308,0.34819,13829.5,0.538964,0.349572,-0.1,0.02,2.75715,3.72326e+06,0.032043,0.00269475,0.0395795,0.00125649,-0.0200328,0.0628333,0.006,nan,nan,nan,nan,-0.0023504,-0.00711215,-0.00142033,0.004,-0.0260567,0,-0.00074287,-0.0565543,nan
304,0.651491,83.5,0.0134244,0,0.583333,0.144135,1.21696,0.0437891,-0.0140172,4.36338,8.88889e-05,0.0254327,0.347988,14742.6,0.560479,0.273022,-0.1,0.02,3.59229,3.73555e+06,0.0336246,0.00314488,0.0535325,0.00251525,-0.026921,0.0835,0.0115357,nan,nan,nan,nan,-0.0042884,-0.0153699,-0.0026393,0.00857143,-0.0340654,0,-0.00137439,-0.0791915,nan
305,1.15339,105.933,0.0137428,0,0.625,0.147992,1.18923,0.032418,-0.0124283,4.35663,8.88889e-05,0.0126101,0.347765,14995.1,0.490929,0.328537,-0.1,0.02,4.41307,3.74784e+06,0.0471303,0.00453329,0.0706762,0.00338009,-0.034141,0.105933,0.0165933,nan,nan,nan,nan,-0.0057598,-0.0194999,-0.00336253,0.0105333,-0.043847,0,-0.000989113,-0.0935111,nan
306,1.23047,122.353,0.0140678,0,0.708333,0.14758,1.19911,0.0376038,-0.0121534,4.34774,8.88889e-05,0.0113203,0.347481,12650.7,0.574178,0.397149,-0.1,0.02,5.38573,3.76013e+06,0.0503999,0.00487032,0.0829571,0.00383425,-0.0390107,0.122353,0.0188412,nan,nan,nan,nan,-0.00606844,-0.0259863,-0.00405625,0.012,-0.0503508,0,-0.00150323,-0.106757,nan
307,0.923674,106.571,0.0150944,0,0.291667,0.14275,1.1827,0.0374848,-0.0120703,4.33862,8.88889e-05,0.0124962,0.34726,12766.7,0.620761,0.34174,-0.1,0.02,6.35014,3.77242e+06,0.0297227,0.00222768,0.0739541,0.00351596,-0.0340479,0.106571,0.0156571,nan,nan,nan,nan,-0.00541635,-0.0211841,-0.00349077,0.0105714,-0.0434235,-0.000285714,-0.00227575,-0.0859127,nan
308,1.82342,172.769,0.0147722,0,0.541667,0.144541,1.19583,0.0439355,-0.0129196,4.33215,8.88889e-05,0.0127899,0.347105,12137.1,0.613705,0.398726,-0.1,0.02,7.364,3.7847e+06,0.0660712,0.00481217,0.116936,0.00551794,-0.0559459,0.172769,0.0275538,nan,nan,nan,nan,-0.00826264,-0.0314645,-0.00560473,0.016,-0.0707636,-0.000153846,-0.00376591,-0.142528,nan
309,3.05871,201.75,0.0145198,0,0.5,0.143785,1.19227,0.0407224,-0.0115286,4.32587,8.88889e-05,0.0119835,0.346864,13381.2,0.615112,0.30319,-0.1,0.02,8.28364,3.79699e+06,0.105694,0.00766659,0.144376,0.00679572,-0.0639716,0.20175,0.0338833,nan,nan,nan,nan,-0.00909774,-0.039697,-0.00670717,0.0201667,-0.0829486,0,-0.00283421,-0.162141,nan
310,2.21522,207.571,0.0144111,0,0.583333,0.14289,1.19962,0.0390209,-0.0128125,4.3181,8.88889e-05,0.00962442,0.346693,14051.3,0.536325,0.338183,-0.1,0.02,9.15937,3.80928e+06,0.0800194,0.0056456,0.144768,0.00646946,-0.0662233,0.207571,0.0308214,nan,nan,nan,nan,-0.00929552,-0.0413155,-0.00744043,0.0227143,-0.0854025,0,-0.00204558,-0.175526,nan
311,2.86706,223.429,0.0151443,0,0.291667,0.143379,1.18773,0.0329989,-0.0122469,4.31293,8.88889e-05,0.0158603,0.346541,13148.9,0.601127,0.333403,-0.1,0.02,10.0952,3.82157e+06,0.105381,0.00956768,0.156929,0.00763307,-0.0721529,0.223429,0.0354,nan,nan,nan,nan,-0.0105153,-0.0432747,-0.00728152,0.0207143,-0.0914426,-0.000142857,-0.00572306,-0.185168,nan
312,1.72763,218.5,0.0151019,0,0.166667,0.144381,1.2007,0.028693,-0.0125452,4.3073,8.88889e-05,0.0110437,0.346379,13397.8,0.56954,0.347624,-0.1,0.02,11.0141,3.83386e+06,0.0525879,0.00687577,0.152697,0.00751441,-0.0685767,0.2185,0.032975,nan,nan,nan,nan,-0.00990462,-0.0440666,-0.007731,0.02275,-0.0891383,0,-0.00415912,-0.183943,nan
313,5.14201,312,0.0153385,0,0.0416667,0.142839,1.2238,0.0304475,-0.0122341,4.30072,8.88889e-05,0.0174953,0.346148,14164.4,0.569399,0.298126,-0.1,0.02,11.8829,3.84614e+06,0.155127,0.0154317,0.224252,0.0117215,-0.0980545,0.312,0.0546,nan,nan,nan,nan,-0.0138736,-0.0607565,-0.00948576,0.039,-0.127443,0,-0.00471601,-0.240702,nan
314,3.89746,266.9,0.0151527,0,0.416667,0.139471,1.20139,0.0318947,-0.0129281,4.29355,8.88889e-05,0.0199586,0.345986,15919.6,0.506275,0.265603,-0.1,0.02,12.6561,3.85843e+06,0.113094,0.00877486,0.198868,0.00922126,-0.0855558,0.2669,0.04388,nan,nan,nan,nan,-0.0116542,-0.0482348,-0.00888314,0.0305,-0.109576,-0.0002,-0.004656,-0.207605,nan
315,4.48864,346.625,0.0154457,0,0.333333,0.141414,1.19437,0.0352748,-0.0108838,4.28776,8.88889e-05,0.0198929,0.345798,12517.7,0.581968,0.399683,-0.1,0.02,13.6392,3.87072e+06,0.146857,0.0120028,0.248169,0.00908423,-0.111798,0.346625,0.0517875,nan,nan,nan,nan,-0.0125973,-0.0584294,-0.00893872,0.028875,-0.141622,0,-0.00682004,-0.278763,nan
316,4.32511,319.615,0.0154238,0,0.541667,0.142486,1.18934,0.0421018,-0.0115322,4.28123,8.88889e-05,0.0153492,0.345634,12939.4,0.599311,0.350344,-0.1,0.02,14.5902,3.88301e+06,0.152733,0.0107277,0.231387,0.0104476,-0.10134,0.319615,0.0517538,nan,nan,nan,nan,-0.0141694,-0.060407,-0.0110422,0.03,-0.130389,0,-0.0055505,-0.267512,nan
317,2.97252,302.222,0.0159659,0,0.375,0.141998,1.20143,0.0337944,-0.0106608,4.27578,8.88889e-05,0.0152649,0.34546,13228.8,0.577135,0.351744,-0.1,0.02,15.5206,3.8953e+06,0.0807686,0.0100013,0.221021,0.00867346,-0.095896,0.302222,0.0467778,nan,nan,nan,nan,-0.0132923,-0.0595209,-0.0101089,0.0296667,-0.123986,0,-0.00453677,-0.243164,nan
318,3.53506,341.286,0.0163998,0,0.291667,0.141885,1.19246,0.0295414,-0.011634,4.26922,8.88889e-05,0.0162398,0.34527,14109.1,0.590557,0.280368,-0.1,0.02,16.3928,3.90758e+06,0.0908348,0.0114256,0.245382,0.0112474,-0.107795,0.341286,0.0564857,nan,nan,nan,nan,-0.0149272,-0.0692788,-0.0115084,0.036,-0.139765,-0.000142857,-0.00580213,-0.266689,nan
319,4.83213,399.75,0.0157877,0,0.333333,0.142362,1.19103,0.0351794,-0.0124252,4.26254,8.88889e-05,0.0170694,0.345068,13955.9,0.52925,0.351237,-0.1,0.02,17.2745,3.91987e+06,0.131228,0.0130773,0.292602,0.0128599,-0.12932,0.39975,0.0697625,nan,nan,nan,nan,-0.0166139,-0.0797436,-0.0136173,0.04,-0.164254,0,-0.00545103,-0.308674,nan
320,6.30189,463.125,0.0154426,0,0.333333,0.146016,1.19074,0.029821,-0.0121877,4.25385,8.88889e-05,0.0150098,0.344769,12266.7,0.667953,0.333783,-0.1,0.02,18.278,3.93216e+06,0.175739,0.0177932,0.347654,0.0154566,-0.149292,0.463125,0.0789125,nan,nan,nan,nan,-0.0197297,-0.0919798,-0.0152451,0.046375,-0.189748,0,-0.00707087,-0.356895,nan
321,7.60001,475.429,0.0150849,0,0.291667,0.14736,1.20767,0.0332256,-0.0125234,4.24172,8.88889e-05,0.0161489,0.344369,13344.3,0.583503,0.337342,-0.1,0.02,19.2003,3.94445e+06,0.267174,0.0165208,0.353548,0.0148437,-0.152512,0.475429,0.0735571,nan,nan,nan,nan,-0.0192303,-0.0884708,-0.0149083,0.0424286,-0.195941,0,-0.00495238,-0.387486,nan
322,8.12311,495,0.0158187,0,0.416667,0.142303,1.17646,0.0301503,-0.0118909,4.22932,8.88889e-05,0.013587,0.344103,14083.8,0.581773,0.290717,-0.1,0.02,20.0742,3.95674e+06,0.249305,0.0183189,0.3706,0.0149169,-0.158443,0.495,0.08107,nan,nan,nan,nan,-0.0199769,-0.0897113,-0.0160416,0.0446,-0.203081,-0.0002,-0.00696681,-0.373236,nan
323,3.89655,320.25,0.0167358,0,0.166667,0.138191,1.19827,0.0300088,-0.0117349,4.22191,8.88889e-05,0.017259,0.343921,13480.6,0.537412,0.374122,-0.1,0.02,20.987,3.96902e+06,0.118628,0.010211,0.233287,0.0101763,-0.103934,0.32025,0.056075,nan,nan,nan,nan,-0.0141252,-0.0617116,-0.010971,0.03625,-0.13191,0,-0.00509846,-0.2623,nan
324,6.22144,460.833,0.0169713,0,0.25,0.141266,1.17292,0.0267267,-0.0118415,4.21505,8.88889e-05,0.0135423,0.34369,12569.9,0.614112,0.363461,-0.1,0.02,21.9662,3.98131e+06,0.179353,0.0164356,0.347704,0.0162303,-0.147445,0.460833,0.0825833,nan,nan,nan,nan,-0.0192239,-0.0889244,-0.0153758,0.0433333,-0.188503,0,-0.00905495,-0.366874,nan
325,6.01449,434.6,0.015884,0,0.208333,0.146649,1.18902,0.0350575,-0.0117061,4.20562,8.88889e-05,0.01748,0.343395,12569.6,0.593929,0.383665,-0.1,0.02,22.9452,3.9936e+06,0.183722,0.0166946,0.329468,0.0135674,-0.13861,0.4346,0.0651,nan,nan,nan,nan,-0.0174264,-0.0769074,-0.0154518,0.0388,-0.176667,0,-0.00577367,-0.35039,nan
326,7.03316,487.571,0.0155268,0,0.291667,0.147585,1.19912,0.029339,-0.0118462,4.19543,8.88889e-05,0.0179715,0.343123,12395,0.64068,0.350689,-0.1,0.02,23.938,4.00589e+06,0.198653,0.015673,0.369059,0.0151467,-0.155938,0.487571,0.0813429,nan,nan,nan,nan,-0.0196841,-0.0861729,-0.0153745,0.0425714,-0.199484,0,-0.0102052,-0.371501,nan
327,6.86853,504.4,0.0161235,0,0.208333,0.142899,1.15787,0.0295908,-0.0129498,4.18659,8.88889e-05,0.019345,0.342872,15299.4,0.504396,0.298771,-0.1,0.02,24.7424,4.01818e+06,0.178908,0.0156239,0.371863,0.0159679,-0.160212,0.5044,0.0922,nan,nan,nan,nan,-0.0216831,-0.0979736,-0.0167917,0.0538,-0.205684,-0.0002,-0.0111545,-0.375638,nan
328,8.12426,589.75,0.0166186,0,0.5,0.141951,1.16727,0.0331239,-0.0119528,4.17787,8.88889e-05,0.0130485,0.342654,17043.2,0.474418,0.246572,-0.1,0.02,25.4649,4.03046e+06,0.227291,0.0222811,0.437605,0.0182571,-0.188233,0.58975,0.0973833,nan,nan,nan,nan,-0.0243312,-0.109149,-0.0192859,0.0585,-0.241271,0,-0.011818,-0.450767,nan
329,9.66418,688,0.0167533,0,0.0833333,0.144627,1.1896,0.0289944,-0.0125805,4.17108,8.88889e-05,0.0156148,0.342459,13500.6,0.540102,0.370081,-0.1,0.02,26.3763,4.04275e+06,0.215209,0.0322102,0.540766,0.0218776,-0.221114,0.688,0.12035,nan,nan,nan,nan,-0.0280041,-0.116001,-0.021629,0.069,-0.281867,0,-0.0164779,-0.519112,nan
330,8.97598,553.25,0.0164776,0,0.166667,0.144146,1.17206,0.0270318,-0.0117219,4.16384,8.88889e-05,0.011312,0.342262,12483.7,0.627897,0.356424,-0.1,0.02,27.3647,4.05504e+06,0.286302,0.0200909,0.416537,0.016179,-0.17484,0.55325,0.085975,nan,nan,nan,nan,-0.0210143,-0.101004,-0.017264,0.05825,-0.22604,-0.002,-0.00618475,-0.439437,nan
331,8.14714,686.25,0.0177565,0,0.166667,0.141447,1.16903,0.0309343,-0.0116982,4.15712,8.88889e-05,0.018954,0.342067,12984.5,0.603022,0.343339,-0.1,0.02,28.3124,4.06733e+06,0.198932,0.017557,0.516512,0.0217315,-0.218806,0.68625,0.12025,nan,nan,nan,nan,-0.0274202,-0.120679,-0.0224335,0.075,-0.279677,0,-0.021026,-0.538834,nan
332,8.26467,541,0.0174288,0,0.125,0.143781,1.15576,0.0259843,-0.0115031,4.15063,8.88889e-05,0.0147453,0.341901,12449.3,0.582949,0.404093,-0.1,0.02,29.3007,4.07962e+06,0.212931,0.0224523,0.422347,0.0178065,-0.172993,0.541,0.0848333,nan,nan,nan,nan,-0.0201075,-0.0904605,-0.0177958,0.052,-0.220594,0,-0.0104525,-0.407732,nan
333,6.04249,415.5,0.0176647,0,0.0833333,0.140911,1.16203,0.0255175,-0.0109211,4.144,8.88889e-05,0.0162005,0.341665,14390.9,0.53839,0.315483,-0.1,0.02,30.1565,4.0919e+06,0.150273,0.0143129,0.321092,0.0136071,-0.130947,0.4155,0.08225,nan,nan,nan,nan,-0.016653,-0.0773967,-0.012724,0.044,-0.170047,0,-0.0109266,-0.320216,nan
334,13.3383,597.667,0.0175058,0,0.125,0.143433,1.19104,0.0249752,-0.011972,4.13395,8.88889e-05,0.0160755,0.341339,11630.7,0.667738,0.388777,-0.1,0.02,31.2143,4.10419e+06,0.427524,0.0211943,0.468327,0.0220666,-0.191663,0.597667,0.101633,nan,nan,nan,nan,-0.0263908,-0.121002,-0.0205524,0.0673333,-0.245132,0,-0.00524391,-0.428846,nan
335,4.82527,558.5,0.017464,0,0.0833333,0.142801,1.19305,0.0235014,-0.0101779,4.12166,8.88889e-05,0.0169393,0.340967,12208.2,0.607435,0.399098,-0.1,0.02,32.2224,4.11648e+06,0.100548,0.0206951,0.4386,0.019182,-0.179021,0.5585,0.08835,nan,nan,nan,nan,-0.0222938,-0.115861,-0.0178297,0.0505,-0.227723,0,-0.0100676,-0.462315,nan
336,14.8811,852,0.0168779,0,0.0833333,0.146862,1.18108,0.0280822,-0.0111882,4.10969,8.88889e-05,0.0123356,0.340704,12679.7,0.601064,0.368042,-0.1,0.02,33.1931,4.12877e+06,0.412708,0.0409155,0.663907,0.0306975,-0.276603,0.852,0.1382,nan,nan,nan,nan,-0.0330529,-0.158031,-0.0288024,0.0965,-0.347409,0,-0.0141204,-0.632857,nan
337,10.3864,635.375,0.0171757,0,0.333333,0.144819,1.18475,0.0267158,-0.0113614,4.10317,8.88889e-05,0.0164953,0.340584,11482.6,0.687324,0.382818,-0.1,0.02,34.2647,4.14106e+06,0.317859,0.0219493,0.485534,0.0212911,-0.19953,0.635375,0.104987,nan,nan,nan,nan,-0.0260196,-0.126221,-0.0217616,0.05875,-0.259192,0,-0.00938079,-0.484323,nan
338,9.30747,491,0.01726,0,0.0833333,0.141202,1.18507,0.0253855,-0.0120274,4.09885,8.88889e-05,0.0185123,0.340443,13848.6,0.604438,0.282871,-0.1,0.02,35.1537,4.15334e+06,0.269802,0.0191485,0.377309,0.0154733,-0.155011,0.491,0.08975,nan,nan,nan,nan,-0.02008,-0.0875231,-0.0150082,0.05,-0.199096,0,-0.00917644,-0.361214,nan
339,8.4894,625,0.0175693,0,0.125,0.143247,1.18289,0.0255904,-0.0115836,4.09285,8.88889e-05,0.014189,0.340242,13233.4,0.552687,0.375869,-0.1,0.02,36.0835,4.16563e+06,0.21032,0.0225441,0.474313,0.0206033,-0.200803,0.625,0.110967,nan,nan,nan,nan,-0.0281796,-0.121285,-0.0201703,0.0556667,-0.256634,0,-0.011683,-0.456189,nan
340,6.20572,498.667,0.0173318,0,0.125,0.13984,1.20525,0.021377,-0.0120334,4.08434,8.88889e-05,0.0190328,0.339965,13430.4,0.593991,0.32095,-0.1,0.02,36.9998,4.17792e+06,0.120177,0.0328243,0.388461,0.0163365,-0.159146,0.498667,0.0854,nan,nan,nan,nan,-0.0205485,-0.0950269,-0.0162461,0.0496667,-0.201455,0,-0.0119785,-0.376844,nan
341,nan,nan,0.0180769,0,0,0.140443,1.19106,0.0239526,-0.0121728,4.07323,8.88889e-05,0.0141056,0.339628,12702.1,0.579042,0.388361,-0.1,0.02,37.9683,4.19021e+06,nan,nan,nan,nan,nan,nan,nan,nan,nan,nan,nan,nan,nan,nan,nan,nan,nan,nan,nan,nan
342,16.2161,997.685,0.016467,12.4583,0.125,0.14561,1.11177,0.0190737,-0.0122896,4.06159,8.88889e-05,0.0132396,0.339322,12168.8,0.645415,0.364384,-0.1,0.02,38.9798,4.2025e+06,0.4283,0.0367541,0.784336,0.0327182,-0.317762,0.997685,0.167813,nan,nan,nan,nan,-0.03805,-0.185107,-0.033025,0.101675,-0.406905,-0.000231788,-0.0179017,-0.739492,nan
343,12.9242,737.25,0.0166862,0.125,0.208333,0.140041,1.14028,0.0254858,-0.0122133,4.05245,5.92593e-05,0.0208025,0.339123,14721.8,0.526046,0.308632,-0.1,0.02,39.816,4.21478e+06,0.391255,0.0263996,0.570991,0.0237581,-0.234927,0.73725,0.121287,nan,nan,nan,nan,-0.0297245,-0.149361,-0.026322,0.075,-0.300931,-0.000125,-0.0110226,-0.54732,nan
344,6.86497,405,0.0178759,0.125,0.208333,0.140325,1.16312,0.0238006,-0.0105039,4.04719,5.92593e-05,0.0129784,0.339017,13180.1,0.573468,0.358846,-0.1,0.02,40.75,4.22707e+06,0.194221,0.0134572,0.314546,0.0134873,-0.127986,0.405,0.071025,nan,nan,nan,nan,-0.0165543,-0.0725752,-0.0129335,0.037875,-0.165602,0,-0.00884886,-0.301864,nan
345,15.8992,1000,0.0176208,0.291667,0,0.141956,1.17148,0.0211887,-0.0103183,4.04267,5.92593e-05,0.015507,0.338854,12736.8,0.608774,0.355988,-0.1,0.02,41.7161,4.23936e+06,0.402868,0.0326086,0.788321,0.0314612,-0.319354,1,0.168786,nan,nan,nan,nan,-0.0372587,-0.178109,-0.0317676,0.1,-0.407582,-0.000142857,-0.0222707,-0.732601,nan
346,12.5473,727.222,0.0184085,0.25,0.125,0.141378,1.19451,0.0214103,-0.0104835,4.0368,5.92593e-05,0.00943683,0.338706,12886.9,0.591445,0.362084,-0.1,0.02,42.671,4.25165e+06,0.338829,0.0261721,0.573735,0.0246472,-0.230188,0.727222,0.117178,nan,nan,nan,nan,-0.0270816,-0.125456,-0.0231294,0.0638889,-0.295203,0,-0.0121165,-0.531132,nan
347,12.0404,753.722,0.0180848,0.541667,0.208333,0.142607,1.17919,0.0289496,-0.0105991,4.03192,5.92593e-05,0.0178324,0.338576,13638.2,0.550785,0.350213,-0.1,0.02,43.5733,4.26394e+06,0.298489,0.0283432,0.594277,0.0243296,-0.239353,0.753722,0.130272,nan,nan,nan,nan,-0.0292138,-0.137387,-0.0247144,0.0739444,-0.307016,0,-0.0143446,-0.549327,nan
348,11.3477,715.167,0.0185949,0.333333,0.166667,0.140403,1.14193,0.0280387,-0.00984461,4.02717,5.92593e-05,0.0136711,0.338428,12069.5,0.635779,0.382323,-0.1,0.02,44.5929,4.27622e+06,0.278422,0.0265524,0.575419,0.0225295,-0.226554,0.715167,0.114933,nan,nan,nan,nan,-0.0260902,-0.129413,-0.0224987,0.0659167,-0.29162,0,-0.0141662,-0.52121,nan
349,12.3654,702.9,0.0186463,0.25,0.166667,0.140487,1.11625,0.0274451,-0.00875504,4.02235,5.92593e-05,0.00960759,0.338323,12901,0.610112,0.34237,-0.1,0.02,45.5475,4.28851e+06,0.339476,0.0297315,0.554955,0.0243204,-0.223277,0.7029,0.12105,nan,nan,nan,nan,-0.028475,-0.133376,-0.0235771,0.0725,-0.28647,-0.0002,-0.0107538,-0.520534,nan
350,14.3874,926.071,0.0195092,0.458333,0.125,0.139809,1.15133,0.0277814,-0.0105496,4.01791,5.92593e-05,0.00934906,0.33816,13249.2,0.581123,0.346329,-0.1,0.02,46.4762,4.3008e+06,0.330224,0.0357766,0.733366,0.0284786,-0.29226,0.926071,0.161129,nan,nan,nan,nan,-0.0353494,-0.162755,-0.0295094,0.0927857,-0.375843,-7.14286e-05,-0.0230361,-0.669638,nan
351,11.4714,735.222,0.0193956,0.25,0.125,0.137733,1.13043,0.0235504,-0.00945823,4.01179,5.92593e-05,0.0114976,0.337994,14293.1,0.575483,0.284235,-0.1,0.02,47.3376,4.31309e+06,0.285926,0.0269861,0.581164,0.0227474,-0.232234,0.735222,0.119578,nan,nan,nan,nan,-0.0272958,-0.130096,-0.0231218,0.0702222,-0.298832,0,-0.0156104,-0.541084,nan
352,17.4278,915.125,0.019025,0.291667,0.0416667,0.141887,1.12266,0.0250337,-0.0105352,4.00622,5.92593e-05,0.0129047,0.337853,16204.7,0.487821,0.270476,-0.1,0.02,48.0974,4.32538e+06,0.491173,0.0322562,0.73777,0.0263698,-0.292821,0.915125,0.145,nan,nan,nan,nan,-0.0323531,-0.148237,-0.0277523,0.083875,-0.372827,0,-0.0194148,-0.666776,nan
353,17.7322,1000,0.0187404,0.208333,0,0.14303,1.14128,0.0220097,-0.0100358,4.001,5.92593e-05,0.00946922,0.337688,11408.9,0.619809,0.457241,-0.1,0.02,49.1758,4.33766e+06,0.436427,0.0356537,0.813153,0.0323496,-0.318056,1,0.18006,nan,nan,nan,nan,-0.0384232,-0.182808,-0.0323508,0.1022,-0.409305,0,-0.0190064,-0.713282,nan
354,11.6477,739.667,0.018457,0.0416667,0.0833333,0.141718,1.1501,0.024353,-0.00987822,3.99464,5.92593e-05,0.00839656,0.337519,10921.6,0.689056,0.436055,-0.1,0.02,50.3029,4.34995e+06,0.266449,0.0289497,0.588328,0.0236785,-0.234475,0.739667,0.128133,nan,nan,nan,nan,-0.0300815,-0.13994,-0.0233674,0.0726667,-0.300044,0,-0.0158822,-0.521697,nan
355,14.2188,818.286,0.0188599,0.166667,0.125,0.142557,1.15519,0.0240287,-0.00982163,3.98934,5.92593e-05,0.0141482,0.337393,11404.2,0.64617,0.431325,-0.1,0.02,51.382,4.36224e+06,0.320868,0.0366494,0.661154,0.0263966,-0.257798,0.818286,0.143657,nan,nan,nan,nan,-0.0319968,-0.142384,-0.0259213,0.0841429,-0.332532,0,-0.0194239,-0.570157,nan
356,16.4182,867.6,0.0199078,0.166667,0.0416667,0.139016,1.13796,0.02931,-0.0103176,3.98484,5.92593e-05,0.0139351,0.337252,12237.7,0.643763,0.360348,-0.1,0.02,52.3875,4.37453e+06,0.41992,0.0334068,0.700327,0.0264731,-0.271072,0.8676,0.15098,nan,nan,nan,nan,-0.0333259,-0.1483,-0.0290748,0.0942,-0.350432,0,-0.015939,-0.623851,nan
357,17.289,946.5,0.0198159,0.125,0.0416667,0.137368,1.13121,0.0287322,-0.0102071,3.97876,5.92593e-05,0.00670088,0.337052,14407.9,0.542249,0.310618,-0.1,0.02,53.2419,4.38682e+06,0.45317,0.0356324,0.756315,0.0292473,-0.30091,0.9465,0.16775,nan,nan,nan,nan,-0.0370268,-0.173874,-0.0315889,0.098,-0.38621,0,-0.013685,-0.678871,nan
358,15.0315,839.5,0.0190751,0.333333,0.0833333,0.142691,1.12501,0.0220615,-0.00886696,3.97107,5.92593e-05,0.0107166,0.336813,13968.4,0.493848,0.385849,-0.1,0.02,54.1232,4.3991e+06,0.401109,0.0320458,0.670272,0.0244586,-0.264592,0.8395,0.14678,nan,nan,nan,nan,-0.0318474,-0.15101,-0.0268099,0.0839,-0.340226,0,-0.0183304,-0.613676,nan
359,12.4363,767.111,0.0196079,0.25,0.125,0.14177,1.1449,0.0253674,-0.00977422,3.9624,5.92593e-05,0.0102581,0.33659,10000.2,0.726367,0.502404,-0.1,0.02,55.3533,4.41139e+06,0.280613,0.0273684,0.610709,0.0238104,-0.239848,0.767111,0.129111,nan,nan,nan,nan,-0.0289644,-0.123699,-0.02309,0.0733333,-0.310122,0,-0.0176203,-0.546898,nan
360,13.8722,811.222,0.0196295,0.25,0.125,0.142667,1.14025,0.0261395,-0.0103692,3.9558,5.92593e-05,0.0172364,0.33645,10716.1,0.678552,0.468132,-0.1,0.02,56.5023,4.42368e+06,0.334495,0.0312343,0.662805,0.0252007,-0.256029,0.811222,0.138056,nan,nan,nan,nan,-0.0313736,-0.142394,-0.0270935,0.0765556,-0.328108,-0.000222222,-0.01652,-0.584216,nan
361,16.3033,931.375,0.0201082,0.291667,0.0416667,0.137989,1.14391,0.023104,-0.010158,3.95108,5.92593e-05,0.0173842,0.336309,11118.2,0.67727,0.427941,-0.1,0.02,57.6095,4.43597e+06,0.399057,0.0335081,0.750998,0.0284988,-0.291394,0.931375,0.170862,nan,nan,nan,nan,-0.0357636,-0.158809,-0.0296134,0.095875,-0.376971,0,-0.0217976,-0.68066,nan
362,15.158,895.333,0.0199782,0.166667,0.0833333,0.139818,1.14542,0.0241678,-0.00866362,3.94546,5.92593e-05,0.008738,0.336143,11209.9,0.677361,0.418817,-0.1,0.02,58.7073,4.44826e+06,0.354018,0.0325702,0.728026,0.0270397,-0.282534,0.895333,0.145417,nan,nan,nan,nan,-0.0335192,-0.152891,-0.0294387,0.0876667,-0.363489,0,-0.0166987,-0.633603,nan
363,15.3121,887.556,0.0196361,0.291667,0.0833333,0.144531,1.15119,0.0252948,-0.00861936,3.93896,5.92593e-05,0.00847811,0.335936,11878.6,0.57272,0.461742,-0.1,0.02,59.7432,4.46054e+06,0.379889,0.0307547,0.714761,0.0273679,-0.27753,0.887556,0.156589,nan,nan,nan,nan,-0.035494,-0.162758,-0.0287109,0.0888889,-0.36101,0,-0.0159856,-0.638713,nan
364,14.2067,831.154,0.0198208,0.375,0.166667,0.143028,1.13327,0.0254193,-0.0102877,3.93143,5.92593e-05,0.012743,0.335746,9905.05,0.74959,0.490989,-0.1,0.02,60.9857,4.47283e+06,0.33885,0.0324599,0.667372,0.0221195,-0.26208,0.831154,0.136154,nan,nan,nan,nan,-0.030355,-0.132379,-0.0249737,0.0801538,-0.336492,0,-0.0191352,-0.592513,nan
365,15.9597,1000,0.0197989,0.0833333,0,0.139535,1.14764,0.022409,-0.00953161,3.92461,5.92593e-05,0.0120762,0.335547,10735.2,0.730129,0.414517,-0.1,0.02,62.1322,4.48512e+06,0.356538,0.0349595,0.801377,0.0310904,-0.315488,1,0.18445,nan,nan,nan,nan,-0.0380292,-0.170946,-0.0297939,0.1045,-0.406528,-0.0005,-0.0244004,-0.729244,nan
366,15.0655,928.833,0.0195269,0.208333,0.0416667,0.143406,1.13363,0.0220631,-0.00926641,3.91795,5.92593e-05,0.00859512,0.335384,13203.1,0.62703,0.303664,-0.1,0.02,63.0665,4.49741e+06,0.328723,0.0358244,0.748092,0.0257616,-0.293119,0.928833,0.162183,nan,nan,nan,nan,-0.0347158,-0.159214,-0.0297334,0.0935,-0.374863,0,-0.0252086,-0.652787,nan
367,18.9859,937.5,0.0201414,0.291667,0.0416667,0.141597,1.14307,0.0241424,-0.00941843,3.91234,5.92593e-05,0.00725759,0.335239,13822.3,0.520363,0.368637,-0.1,0.02,63.9569,4.5097e+06,0.481653,0.0395132,0.767947,0.0271921,-0.293452,0.9375,0.155825,nan,nan,nan,nan,-0.0343388,-0.151537,-0.0289903,0.091625,-0.379869,0,-0.0202947,-0.64348,nan
368,14.4412,707.25,0.0205486,0.0833333,0.0833333,0.141356,1.12347,0.0369728,-0.00982643,3.90723,5.92593e-05,0.0138709,0.335097,12602.2,0.576056,0.399014,-0.1,0.02,64.9338,4.52198e+06,0.378992,0.0271668,0.585549,0.0180258,-0.219875,0.70725,0.1132,nan,nan,nan,nan,-0.0239525,-0.10217,-0.018405,0.06025,-0.283003,0,-0.0217308,-0.499236,nan
369,14.7268,864.2,0.0199605,0.25,0.166667,0.141014,1.12031,0.0247132,-0.00957998,3.90258,5.92593e-05,0.0122576,0.33499,12752.7,0.572367,0.39119,-0.1,0.02,65.899,4.53427e+06,0.33449,0.0340238,0.703068,0.0227407,-0.271453,0.8642,0.15219,nan,nan,nan,nan,-0.0329076,-0.144182,-0.027052,0.0853,-0.349361,0,-0.0222008,-0.612514,nan
370,18.2499,928.818,0.0206142,0.375,0.0833333,0.142584,1.14283,0.0246065,-0.00949197,3.89897,5.92593e-05,0.00962987,0.334894,12817.2,0.563656,0.395056,-0.1,0.02,66.8594,4.54656e+06,0.461053,0.0424773,0.762115,0.0257707,-0.292192,0.928818,0.157745,nan,nan,nan,nan,-0.0342226,-0.152669,-0.0285059,0.0914545,-0.37592,-9.09091e-05,-0.019829,-0.653513,nan
371,21.2437,1000,0.0205331,0.0833333,0,0.140778,1.14113,0.0202977,-0.00939344,3.89514,5.92593e-05,0.00990477,0.334766,15029.9,0.520573,0.296999,-0.1,0.02,67.6786,4.55885e+06,0.594892,0.0345944,0.810896,0.0276302,-0.311883,1,0.18265,nan,nan,nan,nan,-0.038321,-0.158714,-0.030252,0.107,-0.402052,0,-0.0304686,-0.723786,nan
372,17.7822,1000,0.020316,0.208333,0,0.141776,1.1181,0.0206404,-0.00885178,3.88954,5.92593e-05,0.0155186,0.334576,14028.2,0.532405,0.343547,-0.1,0.02,68.5559,4.57114e+06,0.403633,0.0396527,0.816241,0.028759,-0.310052,1,0.17736,nan,nan,nan,nan,-0.0380703,-0.17414,-0.0319669,0.098,-0.403852,0,-0.0198654,-0.696588,nan
373,21.4667,1000,0.019789,0.0833333,0,0.142398,1.12506,0.0214788,-0.0102991,3.88252,5.92593e-05,0.0185341,0.334395,13791,0.544905,0.346114,-0.1,0.02,69.4484,4.58342e+06,0.618301,0.0421541,0.815391,0.0224771,-0.316685,1,0.1379,nan,nan,nan,nan,-0.0329586,-0.156309,-0.0254786,0.0825,-0.407121,0,-0.0201982,-0.686641,nan
374,13.4175,764.2,0.0198752,0.125,0.0833333,0.144793,1.12532,0.0274698,-0.0101589,3.87615,5.92593e-05,0.0124581,0.334216,13809.3,0.532697,0.357135,-0.1,0.02,70.3401,4.59571e+06,0.264737,0.0336949,0.627831,0.0198393,-0.23924,0.7642,0.14246,nan,nan,nan,nan,-0.0293451,-0.118686,-0.0240054,0.0756,-0.308841,0,-0.0222356,-0.515134,nan
375,20.2031,1000,0.02028,0.0416667,0,0.144464,1.12598,0.0196139,-0.0095823,3.86872,5.92593e-05,0.00813193,0.333977,14445.4,0.525387,0.325262,-0.1,0.02,71.1926,4.608e+06,0.511919,0.0264011,0.830067,0.0307741,-0.305591,1,0.1759,nan,nan,nan,nan,-0.0384149,-0.152114,-0.0335145,0.09,-0.406498,0,-0.0164738,-0.702298,nan
376,17.6845,818,0.0202465,0,0.0416667,0.147221,1.11953,0.0189121,-0.00946549,3.85995,5.92593e-05,0.010184,0.333745,12795,0.548535,0.411839,-0.1,0.02,72.1543,4.62029e+06,0.449318,0.0315722,0.651659,0.0172336,-0.252885,0.818,0.1584,nan,nan,nan,nan,-0.0342165,-0.116879,-0.0267271,0.095,-0.329805,0,-0.0268749,-0.54957,nan
377,10.3631,645,0.0206014,0.0416667,0.0833333,0.144173,1.13038,0.0248451,-0.00899318,3.85231,5.92593e-05,0.0135888,0.333557,11253,0.593678,0.498299,-0.1,0.02,73.2475,4.63258e+06,0.187048,0.0272121,0.527413,0.0169992,-0.204702,0.645,0.119133,nan,nan,nan,nan,-0.0252301,-0.109162,-0.0198632,0.0676667,-0.261664,0,-0.0200827,-0.431612,nan
378,14.1229,764.625,0.0211842,0.166667,0.166667,0.140851,1.12103,0.028465,-0.00959752,3.8468,5.92593e-05,0.0176923,0.333448,12576.3,0.59717,0.379909,-0.1,0.02,74.2259,4.64486e+06,0.3216,0.0297145,0.628745,0.0189905,-0.237876,0.764625,0.1399,nan,nan,nan,nan,-0.0290316,-0.115889,-0.0233302,0.07675,-0.30652,-0.00025,-0.0237252,-0.53756,nan
379,20.536,982.857,0.0209404,0.25,0.0416667,0.144226,1.12235,0.0252524,-0.0092294,3.84262,5.92593e-05,0.0103133,0.333303,14776.6,0.548362,0.283226,-0.1,0.02,75.0589,4.65715e+06,0.5101,0.0414771,0.824364,0.0262121,-0.305369,0.982857,0.169443,nan,nan,nan,nan,-0.0354753,-0.157371,-0.0293694,0.0938571,-0.395032,0,-0.0271272,-0.671768,nan
380,18.3589,972.333,0.0211422,0.0833333,0.0416667,0.141178,1.13848,0.0237713,-0.00948831,3.83624,5.92593e-05,0.00979914,0.333095,13483.7,0.53389,0.377435,-0.1,0.02,75.9714,4.66944e+06,0.393457,0.0420834,0.807584,0.0249927,-0.296806,0.972333,0.186067,nan,nan,nan,nan,-0.0374854,-0.152005,-0.0301676,0.0976667,-0.389791,-0.00166667,-0.032248,-0.666071,nan
381,15.2784,833,0.0214248,0.0416667,0.0833333,0.138874,1.1315,0.0243736,-0.00922743,3.82874,5.92593e-05,0.010604,0.332917,11962.9,0.616062,0.411115,-0.1,0.02,77.0002,4.68173e+06,0.336365,0.0331135,0.678602,0.0216117,-0.25436,0.833,0.154167,nan,nan,nan,nan,-0.0313619,-0.132712,-0.0265442,0.0746667,-0.336084,0,-0.0177138,-0.568829,nan
382,18.3133,989,0.0215875,0.125,0.0416667,0.139508,1.11773,0.0220012,-0.00884905,3.82266,5.92593e-05,0.00639052,0.332741,12453.4,0.601094,0.385627,-0.1,0.02,77.9886,4.69402e+06,0.396436,0.042278,0.818148,0.0254658,-0.305455,0.989,0.16815,nan,nan,nan,nan,-0.0385434,-0.160734,-0.0311362,0.10125,-0.395076,0,-0.0234871,-0.670632,nan
383,20.1652,1000,0.0207917,0.0833333,0,0.141663,1.13243,0.0200692,-0.00857383,3.81566,8.88889e-05,0.00452297,0.332534,12425.9,0.543512,0.445391,-0.1,0.02,78.979,4.7063e+06,0.457083,0.0372538,0.840301,0.0266702,-0.310472,1,0.186,nan,nan,nan,nan,-0.0395016,-0.170248,-0.0310854,0.094,-0.404633,0,-0.0255711,-0.651538,nan
384,19.9424,1000,0.0187299,10.4583,0,0.143246,1.07879,0.0174015,-0.010359,3.80688,5.92593e-05,0.0218434,0.332264,11205.1,0.714969,0.381671,-0.1,0.02,80.0773,4.71859e+06,0.453869,0.0404946,0.832969,0.0246157,-0.307186,1,0.182219,nan,nan,nan,nan,-0.0364139,-0.153615,-0.0303524,0.0954104,-0.401726,-2.39044e-05,-0.02678,-0.676362,nan
385,15.1849,797.455,0.020617,0.333333,0.125,0.142799,1.13611,0.0196943,-0.00881189,3.79896,5.92593e-05,0.00698929,0.33209,12247.5,0.650157,0.353153,-0.1,0.02,81.0824,4.73088e+06,0.315361,0.0297897,0.662102,0.0200932,-0.242624,0.797455,0.1418,nan,nan,nan,nan,-0.0290796,-0.120467,-0.0234744,0.0710909,-0.319618,0,-0.0182939,-0.52489,nan
386,16.8589,917.286,0.0218341,0.25,0.0416667,0.136486,1.14509,0.0191706,-0.010345,3.79203,5.92593e-05,0.010015,0.331876,13261,0.593465,0.333162,-0.1,0.02,82.0106,4.74317e+06,0.364459,0.0370587,0.755595,0.0221592,-0.283556,0.917286,0.172386,nan,nan,nan,nan,-0.034659,-0.140547,-0.0279333,0.0855714,-0.368643,0,-0.0243404,-0.631894,nan
387,17.9298,885.125,0.0210227,0.291667,0.0416667,0.139019,1.11626,0.0175457,-0.00979504,3.78415,5.92593e-05,0.0100386,0.331668,15113.1,0.534353,0.278717,-0.1,0.02,82.8248,4.75546e+06,0.397261,0.0330102,0.7331,0.0197819,-0.26963,0.885125,0.1679,nan,nan,nan,nan,-0.0323318,-0.133192,-0.0260371,0.0865,-0.35516,0,-0.0227714,-0.587068,nan
388,20.961,1000,0.0201639,0.583333,0,0.142787,1.10351,0.0180408,-0.0101745,3.77668,5.92593e-05,0.0148333,0.331469,11840.9,0.617347,0.420411,-0.1,0.02,83.8639,4.76774e+06,0.491668,0.0416753,0.834594,0.0236877,-0.303235,1,0.184321,nan,nan,nan,nan,-0.0363441,-0.152522,-0.0302062,0.0887143,-0.400757,0,-0.0256179,-0.667929,nan
389,18.6695,932.385,0.0208623,0.5,0.0416667,0.14168,1.09399,0.0177724,-0.00915504,3.76982,5.92593e-05,0.0082092,0.33129,12636.3,0.605521,0.366914,-0.1,0.02,84.8377,4.78003e+06,0.411096,0.0381202,0.778313,0.0223163,-0.283953,0.932385,0.174785,nan,nan,nan,nan,-0.0346931,-0.144387,-0.0290409,0.094,-0.373774,-0.000230769,-0.024767,-0.626694,nan
390,16.2864,858.667,0.0199142,0.416667,0.0833333,0.144192,1.13162,0.0251109,-0.00915287,3.76404,5.92593e-05,0.00685966,0.331158,11588.7,0.639629,0.420713,-0.1,0.02,85.8999,4.79232e+06,0.346503,0.0354776,0.711144,0.0202663,-0.260854,0.858667,0.162333,nan,nan,nan,nan,-0.0320762,-0.136704,-0.0267067,0.0859167,-0.342283,0,-0.0247081,-0.582655,nan
391,17.5335,872.833,0.0211042,0.416667,0.0833333,0.142501,1.11723,0.0263851,-0.00921943,3.75904,5.92593e-05,0.00772278,0.331,13932.2,0.611959,0.270027,-0.1,0.02,86.7833,4.80461e+06,0.395596,0.0353237,0.728955,0.0210924,-0.266308,0.872833,0.167217,nan,nan,nan,nan,-0.0333613,-0.13879,-0.0273794,0.08625,-0.351257,0,-0.0233459,-0.590152,nan
392,18.2152,859.158,0.0210846,0.625,0.166667,0.140841,1.13091,0.0334827,-0.0093045,3.75295,5.92593e-05,0.0168284,0.330835,14629.4,0.514694,0.325256,-0.1,0.02,87.6245,4.8169e+06,0.420633,0.0334134,0.718629,0.0194866,-0.260591,0.859158,0.165779,nan,nan,nan,nan,-0.0318095,-0.124938,-0.0256931,0.081,-0.3433,-0.000105263,-0.0282837,-0.572618,nan
393,15.2241,766,0.0215287,0.416667,0.208333,0.14533,1.09803,0.0273465,-0.00870179,3.74691,5.92593e-05,0.00756066,0.330659,12916.3,0.59891,0.352443,-0.1,0.02,88.5771,4.82918e+06,0.323504,0.0281429,0.638381,0.0172813,-0.230265,0.766,0.147447,nan,nan,nan,nan,-0.0285113,-0.111233,-0.0234912,0.0732,-0.305791,0,-0.0236439,-0.509816,nan
394,15.2252,861.167,0.021634,0.208333,0.0416667,0.137367,1.14775,0.0249072,-0.00929496,3.74028,5.92593e-05,0.0127498,0.330475,13129.4,0.583312,0.352606,-0.1,0.02,89.5147,4.84147e+06,0.284726,0.0319681,0.715806,0.0190744,-0.262186,0.861167,0.16655,nan,nan,nan,nan,-0.0316276,-0.125574,-0.0257858,0.084,-0.343409,0,-0.0290892,-0.584362,nan
395,15.6145,710.333,0.0215412,0.166667,0.0833333,0.139209,1.13941,0.0238637,-0.00916356,3.73464,5.92593e-05,0.00895452,0.330368,13966.3,0.60616,0.273674,-0.1,0.02,90.396,4.85376e+06,0.390398,0.0318503,0.592565,0.0174926,-0.214429,0.710333,0.134417,nan,nan,nan,nan,-0.0263597,-0.109138,-0.022197,0.063,-0.283532,0,-0.0208024,-0.48287,nan
396,15.1565,766,0.0210878,0.0833333,0.0416667,0.142253,1.1204,0.0296477,-0.00915307,3.73116,5.92593e-05,0.0097622,0.33026,15360.2,0.533375,0.266616,-0.1,0.02,91.1971,4.86605e+06,0.293587,0.0368963,0.641781,0.0158058,-0.228879,0.766,0.145767,nan,nan,nan,nan,-0.026606,-0.104541,-0.02174,0.0696667,-0.302673,0,-0.0306958,-0.496542,nan
397,12.5597,658.2,0.020653,0.208333,0.208333,0.14576,1.119,0.0313071,-0.00893862,3.72724,5.92593e-05,0.00818157,0.330188,17952.1,0.44997,0.234519,-0.1,0.02,91.8828,4.87834e+06,0.270094,0.0292247,0.540718,0.014215,-0.196219,0.6582,0.13295,nan,nan,nan,nan,-0.0251799,-0.0997026,-0.0195282,0.0557,-0.262718,0,-0.0214297,-0.448341,nan
398,20.5126,1000,0.0209941,0.125,0,0.142512,1.14041,0.0205,-0.00863296,3.72412,5.92593e-05,0.0135542,0.330039,17844.6,0.441917,0.246695,-0.1,0.02,92.5726,4.89062e+06,0.399041,0.0441162,0.839313,0.0216365,-0.300803,1,0.202567,nan,nan,nan,nan,-0.0357519,-0.136415,-0.0303397,0.0976667,-0.395935,0,-0.0329382,-0.646528,nan
399,14.4148,789.1,0.0211067,0.291667,0.125,0.141619,1.12928,0.0335476,-0.0095709,3.71801,5.92593e-05,0.0118065,0.329907,17488.1,0.453678,0.248971,-0.1,0.02,93.2766,4.90291e+06,0.271744,0.0292303,0.657102,0.0175207,-0.236013,0.7891,0.15659,nan,nan,nan,nan,-0.0293645,-0.11449,-0.0237828,0.0736,-0.313753,0,-0.0253262,-0.531417,nan
400,18.8199,845.75,0.0205694,0.25,0.0833333,0.142224,1.11093,0.0280088,-0.00904962,3.71392,5.92593e-05,0.0071376,0.329785,17520.6,0.452486,0.248859,-0.1,0.02,93.9791,4.9152e+06,0.454885,0.0345283,0.708912,0.0167009,-0.254532,0.84575,0.153375,nan,nan,nan,nan,-0.0282325,-0.11412,-0.0225367,0.07225,-0.336277,0,-0.0266098,-0.563096,nan
401,16.3331,926.25,0.0213331,0.291667,0.0416667,0.140699,1.13596,0.0225873,-0.00914669,3.7087,5.92593e-05,0.0118765,0.329631,17181.6,0.470197,0.244988,-0.1,0.02,96.3499,4.92749e+06,0.282738,0.0321406,0.772518,0.0197303,-0.275793,0.92625,0.185662,nan,nan,nan,nan,-0.0332782,-0.129222,-0.0267672,0.08275,-0.367131,0,-0.0329861,-0.619958,nan
402,22.333,942.8,0.0212954,0.375,0.0416667,0.142875,1.11215,0.018296,-0.00919242,3.70315,5.92593e-05,0.00927127,0.329483,13586.1,0.55321,0.351245,-0.1,0.02,97.2555,4.93978e+06,0.536903,0.0429894,0.798231,0.0190433,-0.277262,0.9428,0.17322,nan,nan,nan,nan,-0.0325626,-0.128985,-0.0277329,0.0819,-0.374205,0,-0.0317167,-0.605971,nan
403,18.2787,911.417,0.022874,0.416667,0.0833333,0.136087,1.10183,0.0283932,-0.00888809,3.69803,5.92593e-05,0.01285,0.32936,13177.1,0.599994,0.332535,-0.1,0.02,98.1895,4.95206e+06,0.364894,0.0395443,0.762589,0.0188869,-0.271273,0.911417,0.1896,nan,nan,nan,nan,-0.0336989,-0.131262,-0.0276421,0.0879167,-0.363096,0,-0.0307142,-0.603229,nan
404,20.066,940.444,0.0218861,0.333333,0.0416667,0.13929,1.13444,0.0249634,-0.0100611,3.69333,5.92593e-05,0.0141921,0.329222,13773.4,0.557548,0.334605,-0.1,0.02,99.0829,4.96435e+06,0.42289,0.0396329,0.78975,0.0183179,-0.278391,0.940444,0.190056,nan,nan,nan,nan,-0.0347777,-0.135174,-0.028164,0.0942222,-0.372099,-0.000111111,-0.0323289,-0.610966,nan
405,16.4451,855.455,0.0226236,0.333333,0.125,0.136263,1.12753,0.038752,-0.00836182,3.6881,5.92593e-05,0.00760023,0.329082,12225.1,0.596114,0.409032,-0.1,0.02,100.09,4.97664e+06,0.312599,0.0352521,0.712568,0.0166641,-0.250477,0.855455,0.174327,nan,nan,nan,nan,-0.0309474,-0.117595,-0.0248743,0.0771818,-0.338401,0,-0.0332067,-0.56629,nan
406,16.4984,811.357,0.0220671,0.375,0.208333,0.141026,1.11837,0.0324171,-0.00945467,3.68337,5.92593e-05,0.00842076,0.328975,11251.2,0.65098,0.441166,-0.1,0.02,101.183,4.98893e+06,0.344697,0.0356345,0.677943,0.0151183,-0.238919,0.811357,0.156136,nan,nan,nan,nan,-0.0288919,-0.112982,-0.0234002,0.0705,-0.321735,0,-0.0262934,-0.534247,nan
407,14.3792,795.75,0.0219257,0.125,0.0416667,0.140669,1.14027,0.0259927,-0.00935627,3.67913,5.92593e-05,0.0080135,0.328846,13735.4,0.583495,0.311125,-0.1,0.02,102.08,5.00122e+06,0.270058,0.0385166,0.655794,0.015652,-0.231829,0.79575,0.171825,nan,nan,nan,nan,-0.0302801,-0.115682,-0.023623,0.06825,-0.315658,0,-0.0266709,-0.553143,nan
408,15.8511,848.143,0.0223596,0.208333,0.0833333,0.141624,1.11602,0.0228811,-0.00916714,3.67409,5.92593e-05,0.00952841,0.328698,12931.6,0.607944,0.342284,-0.1,0.02,103.031,5.0135e+06,0.282384,0.0371903,0.71117,0.0167364,-0.251156,0.848143,0.178571,nan,nan,nan,nan,-0.0315874,-0.12122,-0.0245169,0.0737143,-0.336104,0,-0.0304078,-0.560361,nan
409,20.0082,959.4,0.0217908,0.375,0.0416667,0.140653,1.13957,0.0248609,-0.00837504,3.66869,5.92593e-05,0.0146372,0.328561,12987.3,0.59727,0.348884,-0.1,0.02,103.979,5.02579e+06,0.420622,0.0465321,0.805969,0.018677,-0.28352,0.9594,0.20522,nan,nan,nan,nan,-0.0352689,-0.139659,-0.0283619,0.0874,-0.381416,0,-0.0335954,-0.641587,nan
410,18.8762,895.143,0.0226427,0.208333,0.0833333,0.137686,1.11281,0.0262591,-0.00821947,3.66428,5.92593e-05,0.00981177,0.328461,13927.2,0.603964,0.278337,-0.1,0.02,104.862,5.03808e+06,0.393385,0.0363885,0.751053,0.0161236,-0.261735,0.895143,0.182714,nan,nan,nan,nan,-0.0306489,-0.11352,-0.0242733,0.0734286,-0.352941,-0.000142857,-0.0377025,-0.583463,nan
411,20.686,963.182,0.0226143,0.416667,0.0416667,0.139867,1.12373,0.0262291,-0.0090821,3.66048,5.92593e-05,0.00714937,0.328346,14036.6,0.523716,0.351708,-0.1,0.02,105.739,5.05037e+06,0.459512,0.045342,0.810008,0.017734,-0.282948,0.963182,0.192436,nan,nan,nan,nan,-0.0328421,-0.126315,-0.0270658,0.0836364,-0.379952,-9.09091e-05,-0.0384799,-0.649854,nan
412,17.8681,898.25,0.0230879,0.25,0.0833333,0.139557,1.11237,0.029441,-0.00810916,3.65631,5.92593e-05,0.0079595,0.328251,13862.7,0.547125,0.33928,-0.1,0.02,106.627,5.06266e+06,0.359077,0.0325941,0.74726,0.0166398,-0.262415,0.89825,0.184837,nan,nan,nan,nan,-0.0328711,-0.122667,-0.0258493,0.080125,-0.353831,-0.000125,-0.0351679,-0.59245,nan
413,21.1189,923,0.0209452,0.125,0.0416667,0.145058,1.1455,0.0218915,-0.00899545,3.65185,5.92593e-05,0.0135576,0.328075,13722.4,0.569971,0.325501,-0.1,0.02,107.524,5.07494e+06,0.481814,0.0409366,0.781019,0.0170144,-0.271946,0.923,0.1888,nan,nan,nan,nan,-0.0336962,-0.12393,-0.0272696,0.08825,-0.363433,0,-0.0305609,-0.614053,nan
414,23.0966,932.75,0.0221871,0.125,0.0416667,0.140426,1.11627,0.0253707,-0.00840257,3.64467,5.92593e-05,0.0136357,0.327889,14292.3,0.581266,0.278498,-0.1,0.02,108.385,5.08723e+06,0.569513,0.0431635,0.793108,0.0157381,-0.273321,0.93275,0.166725,nan,nan,nan,nan,-0.0299535,-0.115962,-0.0245909,0.07475,-0.367846,0,-0.028883,-0.600359,nan
415,17.1233,676.8,0.022139,0.0416667,0.166667,0.140425,1.12313,0.0255909,-0.00918608,3.63835,5.92593e-05,0.0112983,0.327727,13099.6,0.577783,0.360262,-0.1,0.02,109.324,5.09952e+06,0.442477,0.0332211,0.561645,0.0120746,-0.195309,0.6768,0.13348,nan,nan,nan,nan,-0.0245419,-0.0891104,-0.018742,0.0552,-0.266474,0,-0.0253901,-0.439167,nan
416,19.2077,865.5,0.0225692,0.25,0.0833333,0.142209,1.10549,0.0217706,-0.00873458,3.63255,5.92593e-05,0.0123749,0.327574,14148.5,0.540577,0.327928,-0.1,0.02,110.194,5.11181e+06,0.432886,0.0314264,0.720929,0.0150679,-0.252357,0.8655,0.176037,nan,nan,nan,nan,-0.0292444,-0.110878,-0.0238114,0.078125,-0.339751,0,-0.0379727,-0.565571,nan
417,16.6668,749,0.0227564,0,0.0416667,0.141601,1.13855,0.0269528,-0.00882379,3.62685,5.92593e-05,0.0157257,0.327417,13578.5,0.554096,0.350864,-0.1,0.02,111.1,5.1241e+06,0.360555,0.0477828,0.631633,0.0123265,-0.215961,0.749,0.1775,nan,nan,nan,nan,-0.0298235,-0.0951345,-0.0210217,0.056,-0.296227,0,-0.0313064,-0.511982,nan
418,20.5079,872,0.023473,0.0416667,0.0416667,0.139623,1.13551,0.0275249,-0.00819133,3.62113,5.92593e-05,0.00943655,0.327267,14433.9,0.560203,0.291126,-0.1,0.02,111.953,5.13638e+06,0.483326,0.0351909,0.735747,0.0160731,-0.254277,0.872,0.18845,nan,nan,nan,nan,-0.0318622,-0.116855,-0.0250172,0.0855,-0.343396,-0.0005,-0.0365457,-0.582439,nan
419,19.2761,934,0.0224042,0.291667,0.125,0.14177,1.14073,0.0312649,-0.0094107,3.61583,5.92593e-05,0.0100636,0.327136,17044.8,0.48166,0.239265,-0.1,0.02,112.675,5.14867e+06,0.35198,0.0444942,0.786273,0.015998,-0.271055,0.934,0.20898,nan,nan,nan,nan,-0.0336409,-0.123174,-0.0260783,0.0874,-0.366152,0,-0.0431112,-0.602106,nan
420,18.3893,851.4,0.0234172,0.333333,0.0833333,0.136013,1.1451,0.0260724,-0.00888139,3.61111,5.92593e-05,0.00779334,0.326999,14038.8,0.508111,0.36718,-0.1,0.02,113.552,5.16096e+06,0.369413,0.0395033,0.723233,0.0151124,-0.247847,0.8514,0.18216,nan,nan,nan,nan,-0.0298223,-0.110219,-0.0235973,0.0741,-0.334706,-0.0002,-0.038226,-0.550839,nan
421,18.6497,959,0.0229816,0.0833333,0.0833333,0.134854,1.13983,0.0283346,-0.00903738,3.60551,5.92593e-05,0.0141597,0.326837,13363.4,0.599191,0.320333,-0.1,0.02,114.473,5.17325e+06,0.365841,0.0488604,0.786281,0.0167931,-0.27318,0.959,0.206675,nan,nan,nan,nan,-0.0351276,-0.138076,-0.0274059,0.08,-0.37813,0,-0.0346062,-0.64444,nan
422,17.4629,855.125,0.022575,0.208333,0.125,0.136585,1.13959,0.0252437,-0.00949154,3.59922,5.92593e-05,0.00954339,0.326664,13633.2,0.56872,0.332606,-0.1,0.02,115.375,5.18554e+06,0.33209,0.0343233,0.718746,0.0136017,-0.246955,0.855125,0.1903,nan,nan,nan,nan,-0.031321,-0.111916,-0.0244245,0.07075,-0.336148,0,-0.0424409,-0.548584,nan
423,21.6534,1000,0.0231246,0.166667,0,0.137101,1.13081,0.0292162,-0.00832072,3.59379,5.92593e-05,0.00674051,0.326553,14094.8,0.565024,0.306789,-0.1,0.02,116.248,5.19782e+06,0.404703,0.0517998,0.84517,0.0172816,-0.283943,1,0.22755,nan,nan,nan,nan,-0.0363922,-0.139531,-0.0286173,0.093,-0.39195,0,-0.0396496,-0.636752,nan
424,13.2176,707.8,0.0223303,0,0.208333,0.13844,1.13486,0.0386815,-0.0094938,3.58946,5.92593e-05,0.00897309,0.32641,15922.5,0.504134,0.267604,-0.1,0.02,117.022,5.21011e+06,0.246782,0.0295735,0.575889,0.0105511,-0.20141,0.7078,0.1538,nan,nan,nan,nan,-0.0254508,-0.0925159,-0.0203207,0.0578,-0.278941,0,-0.0295568,-0.47312,nan
425,21.9649,999.478,0.0229154,8.625,0.0833333,0.1389,1.13998,0.0241645,-0.0089279,3.58421,5.92593e-05,0.0108235,0.326277,17177.2,0.471889,0.243477,-0.1,0.02,117.738,5.2224e+06,0.461119,0.0437849,0.840772,0.0162124,-0.288136,0.999478,0.217203,nan,nan,nan,nan,-0.0346022,-0.129138,-0.0278087,0.0862297,-0.39236,-0.000100478,-0.0454671,-0.648942,nan
426,15.7551,702.333,0.0201282,0.125,0.125,0.141891,1.09296,0.0213409,-0.00870905,3.57887,5.92593e-05,0.0108587,0.326106,16231.4,0.447565,0.309487,-0.1,0.02,118.497,5.23469e+06,0.369065,0.0325429,0.586786,0.00779528,-0.201757,0.702333,0.120083,nan,nan,nan,nan,-0.0183142,-0.0643907,-0.0143529,0.0411667,-0.274076,0,-0.039461,-0.459667,nan
427,19.5816,852.818,0.0221941,0.375,0.0833333,0.142962,1.12215,0.0230974,-0.00919679,3.57264,5.92593e-05,0.0127691,0.325965,13110.8,0.596597,0.340643,-0.1,0.02,119.435,5.24698e+06,0.444447,0.0390454,0.715278,0.0137838,-0.246625,0.852818,0.188255,nan,nan,nan,nan,-0.0297613,-0.108323,-0.0237879,0.0690909,-0.33551,-0.000181818,-0.0421061,-0.557341,nan
428,16.8732,766.714,0.0223982,0.208333,0.0833333,0.141031,1.13491,0.0275351,-0.00939762,3.5684,5.92593e-05,0.0144601,0.325879,13225.7,0.591065,0.338038,-0.1,0.02,120.366,5.25926e+06,0.3524,0.0307114,0.646361,0.012583,-0.218477,0.766714,0.1706,nan,nan,nan,nan,-0.0268293,-0.0984929,-0.0215667,0.0707143,-0.299569,0,-0.0340762,-0.507414,nan
429,18.7953,939.667,0.021643,0.166667,0.0833333,0.141391,1.09957,0.0181572,-0.00803981,3.56443,5.92593e-05,0.0124856,0.325714,14295.6,0.540802,0.318766,-0.1,0.02,121.227,5.27155e+06,0.363199,0.0396897,0.781399,0.0151771,-0.266772,0.939667,0.2155,nan,nan,nan,nan,-0.0341804,-0.121776,-0.0265127,0.0786667,-0.367191,-0.0005,-0.0504383,-0.626162,nan
430,18.6993,919.727,0.0218558,0.416667,0.0416667,0.1425,1.13843,0.0247437,-0.00816858,3.55728,5.92593e-05,0.0125597,0.325526,14928.6,0.562669,0.260449,-0.1,0.02,122.051,5.28384e+06,0.34379,0.0381821,0.771632,0.0136704,-0.264599,0.919727,0.201245,nan,nan,nan,nan,-0.031473,-0.115774,-0.0251198,0.0760909,-0.359898,0,-0.0425189,-0.589989,nan
431,15.9803,743.25,0.0227989,0.458333,0.208333,0.141531,1.12975,0.0274069,-0.0100512,3.55167,5.92593e-05,0.00995523,0.325425,16976.7,0.485718,0.238098,-0.1,0.02,122.776,5.29613e+06,0.325701,0.0326136,0.621998,0.0120288,-0.211438,0.74325,0.170431,nan,nan,nan,nan,-0.0263438,-0.0978403,-0.0206267,0.065625,-0.290198,-6.25e-05,-0.0391005,-0.487022,nan
432,20.2932,906.923,0.0230406,0.458333,0.0833333,0.139474,1.11772,0.0257491,-0.00817493,3.54806,5.92593e-05,0.00959051,0.325306,15164.6,0.463787,0.34652,-0.1,0.02,123.588,5.30842e+06,0.409824,0.0391582,0.762947,0.0139212,-0.259526,0.906923,0.202331,nan,nan,nan,nan,-0.0322115,-0.115365,-0.0258016,0.0812308,-0.354931,-7.69231e-05,-0.0454308,-0.568332,nan
433,22.7666,997.25,0.0216482,0.625,0.0416667,0.141731,1.13061,0.0272479,-0.00927515,3.54331,5.92593e-05,0.00990927,0.325186,12884.4,0.599234,0.354479,-0.1,0.02,124.543,5.3207e+06,0.487284,0.0418298,0.841731,0.0148273,-0.283962,0.99725,0.221619,nan,nan,nan,nan,-0.0339362,-0.121075,-0.0269243,0.0805,-0.388863,0,-0.0503568,-0.641592,nan
434,20.9288,966.846,0.0211788,0.5,0.0416667,0.144338,1.13026,0.0219543,-0.00841661,3.53888,5.92593e-05,0.00882978,0.325059,13724.5,0.572537,0.322796,-0.1,0.02,125.44,5.33299e+06,0.392614,0.0426932,0.819129,0.0150478,-0.275344,0.966846,0.223438,nan,nan,nan,nan,-0.0336974,-0.120804,-0.026864,0.0883846,-0.375707,0,-0.0515996,-0.617697,nan
435,20.791,930,0.0224499,0.416667,0.0416667,0.141765,1.12439,0.0227039,-0.00847014,3.53374,5.92593e-05,0.00998915,0.324914,14458.4,0.560893,0.288991,-0.1,0.02,126.291,5.34528e+06,0.425999,0.0457672,0.785099,0.014115,-0.266617,0.93,0.200273,nan,nan,nan,nan,-0.0311011,-0.112848,-0.0255703,0.0737273,-0.364782,0,-0.0426083,-0.591905,nan
436,18.6475,880.571,0.0220932,0.208333,0.0833333,0.142164,1.11619,0.0344382,-0.00899449,3.52805,5.92593e-05,0.00867393,0.324752,16428.3,0.488768,0.259209,-0.1,0.02,127.04,5.35757e+06,0.360642,0.0388531,0.744175,0.0126437,-0.250163,0.880571,0.193343,nan,nan,nan,nan,-0.0304663,-0.106655,-0.0233944,0.0688571,-0.343624,0,-0.0474151,-0.56499,nan
437,20.781,822.125,0.0214856,0.208333,0.125,0.141669,1.14431,0.0272158,-0.00862539,3.5231,5.92593e-05,0.0108434,0.324678,17822.3,0.446312,0.243162,-0.1,0.02,127.731,5.36986e+06,0.486731,0.0349484,0.693694,0.0113864,-0.232934,0.822125,0.180387,nan,nan,nan,nan,-0.0278313,-0.0976413,-0.0219554,0.06675,-0.320671,0,-0.0412594,-0.514682,nan
438,23.1023,1000,0.0234729,0.125,0,0.137118,1.1195,0.0232387,-0.00945139,3.5197,5.92593e-05,0.0101708,0.324528,17878.2,0.440744,0.246575,-0.1,0.02,128.419,5.38214e+06,0.473934,0.0451829,0.860439,0.0152114,-0.279449,1,0.218533,nan,nan,nan,nan,-0.0332722,-0.125026,-0.0283962,0.0863333,-0.38881,0,-0.0499406,-0.639625,nan
439,18.3465,849.364,0.0234006,0.291667,0.166667,0.13682,1.10273,0.0343864,-0.00852268,3.51335,5.92593e-05,0.0122101,0.324372,14073.4,0.511535,0.361602,-0.1,0.02,129.294,5.39443e+06,0.355583,0.0396759,0.715034,0.0132762,-0.241744,0.849364,0.199809,nan,nan,nan,nan,-0.0297917,-0.102693,-0.0235073,0.0747273,-0.330512,0,-0.0493722,-0.552524,nan
440,19.5274,829.714,0.0228938,0.208333,0.0833333,0.139801,1.11594,0.0309601,-0.00898764,3.50909,5.92593e-05,0.0106228,0.32431,13984.4,0.570039,0.308652,-0.1,0.02,130.174,5.40672e+06,0.426668,0.0311938,0.702126,0.0117467,-0.238062,0.829714,0.184886,nan,nan,nan,nan,-0.0276278,-0.0944603,-0.0209741,0.0667143,-0.322833,0,-0.0459997,-0.526723,nan
441,15.7879,750.214,0.022685,0.375,0.208333,0.138383,1.11836,0.0303471,-0.00876153,3.50639,5.92593e-05,0.00619412,0.324211,14559.7,0.540222,0.30375,-0.1,0.02,131.019,5.41901e+06,0.317453,0.0299587,0.623489,0.0113458,-0.213662,0.750214,0.174664,nan,nan,nan,nan,-0.0272294,-0.0943478,-0.0211605,0.0587143,-0.293424,0,-0.0374187,-0.489203,nan
442,22.1505,897.667,0.0238165,0.208333,0.0416667,0.137818,1.11704,0.0271903,-0.00903386,3.50191,5.92593e-05,0.00643706,0.324078,13070,0.600017,0.340148,-0.1,0.02,131.961,5.4313e+06,0.494937,0.0420018,0.755704,0.0135924,-0.255395,0.897667,0.206183,nan,nan,nan,nan,-0.0318531,-0.11072,-0.0255697,0.07,-0.349735,-0.000166667,-0.047703,-0.551418,nan
443,19.924,848.909,0.022703,0.375,0.0833333,0.144773,1.11352,0.0216881,-0.00872535,3.49714,5.92593e-05,0.0123979,0.323963,16381.9,0.480719,0.269375,-0.1,0.02,132.712,5.44358e+06,0.42347,0.0379465,0.718572,0.0127204,-0.241018,0.848909,0.195845,nan,nan,nan,nan,-0.0293003,-0.106951,-0.0241571,0.0732727,-0.332051,0,-0.04469,-0.536369,nan
444,16.6964,788.692,0.0224184,0.375,0.166667,0.142748,1.13899,0.0278589,-0.00925139,3.49307,5.92593e-05,0.010257,0.323857,17664.3,0.451932,0.243707,-0.1,0.02,133.409,5.45587e+06,0.315261,0.0384319,0.664565,0.0112253,-0.223772,0.788692,0.178477,nan,nan,nan,nan,-0.0267967,-0.0935172,-0.0215755,0.0651538,-0.306905,0,-0.0456136,-0.508806,nan
445,19.9351,928.7,0.0232029,0.375,0.0416667,0.142763,1.11627,0.0251383,-0.00887227,3.48888,5.92593e-05,0.0108919,0.323746,18070.5,0.443126,0.236878,-0.1,0.02,134.09,5.46816e+06,0.383181,0.0378277,0.784102,0.0130925,-0.263715,0.9287,0.20457,nan,nan,nan,nan,-0.0308964,-0.109634,-0.0249977,0.0704,-0.362245,0,-0.0503691,-0.58326,nan
446,20.5032,886.182,0.0228073,0.333333,0.125,0.145207,1.12687,0.0226349,-0.00831616,3.48438,5.92593e-05,0.00777991,0.323603,13091.7,0.550059,0.38855,-0.1,0.02,135.03,5.48045e+06,0.418624,0.0401342,0.747907,0.0134355,-0.250706,0.886182,0.207291,nan,nan,nan,nan,-0.0308449,-0.109014,-0.0246658,0.0742727,-0.345679,0,-0.0475997,-0.554176,nan
447,22.0816,927.143,0.0225243,0.5,0.0833333,0.144238,1.12054,0.0248038,-0.00838587,3.47932,5.92593e-05,0.00847067,0.323499,11961.8,0.649273,0.377994,-0.1,0.02,136.059,5.49274e+06,0.4701,0.0381084,0.782927,0.0134182,-0.263277,0.927143,0.21715,nan,nan,nan,nan,-0.0311026,-0.109131,-0.0246184,0.0772143,-0.361123,0,-0.0500679,-0.582664,nan
448,20.7121,947.667,0.0227064,0.333333,0.0416667,0.139745,1.11659,0.0226517,-0.00812394,3.47577,5.92593e-05,0.0119176,0.323396,13180.1,0.587991,0.344325,-0.1,0.02,136.992,5.50502e+06,0.413378,0.0383294,0.794229,0.0139797,-0.26853,0.947667,0.221522,nan,nan,nan,nan,-0.0336402,-0.119027,-0.0267828,0.0805556,-0.368707,0,-0.0504757,-0.606893,nan
449,18.171,798.2,0.0225206,0.291667,0.125,0.14153,1.15343,0.030903,-0.00884052,3.4719,5.92593e-05,0.0102879,0.323304,15541.4,0.521997,0.268665,-0.1,0.02,137.784,5.51731e+06,0.382849,0.0317946,0.672293,0.0113635,-0.22522,0.7982,0.17838,nan,nan,nan,nan,-0.0270401,-0.0946306,-0.0214487,0.0651,-0.309939,0,-0.0460545,-0.507095,nan
450,19.1634,785.667,0.0230913,0.166667,0.0833333,0.140238,1.13576,0.0233949,-0.00769478,3.46843,5.92593e-05,0.00678272,0.3232,17935.2,0.441963,0.24317,-0.1,0.02,138.471,5.5296e+06,0.404899,0.0332219,0.656503,0.0113649,-0.218863,0.785667,0.19165,nan,nan,nan,nan,-0.0277956,-0.0931831,-0.0213826,0.0658333,-0.304854,0,-0.0422484,-0.482641,nan
451,19.5179,854.727,0.022567,0.333333,0.125,0.143996,1.11877,0.0260171,-0.00891607,3.46403,5.92593e-05,0.0101059,0.32307,13557.7,0.548474,0.357873,-0.1,0.02,139.378,5.54189e+06,0.377859,0.0366574,0.727154,0.0120594,-0.2419,0.854727,0.193618,nan,nan,nan,nan,-0.0289037,-0.0982653,-0.0234475,0.0678182,-0.33234,-9.09091e-05,-0.045543,-0.523505,nan
452,19.9172,883.091,0.0226482,0.333333,0.125,0.143346,1.09982,0.0271911,-0.00988299,3.45892,5.92593e-05,0.0118884,0.322922,13608.2,0.58808,0.314908,-0.1,0.02,140.283,5.55418e+06,0.389029,0.0381894,0.746636,0.0132714,-0.24898,0.883091,0.212191,nan,nan,nan,nan,-0.0306643,-0.104899,-0.023768,0.0679091,-0.342387,-0.000363636,-0.0505911,-0.552802,nan
453,18.3393,825.952,0.022687,0.541667,0.333333,0.144429,1.10358,0.043383,-0.00815828,3.45333,5.92593e-05,0.00664637,0.322788,14194.6,0.543674,0.322006,-0.1,0.02,141.15,5.56646e+06,0.36554,0.0366803,0.696272,0.0115246,-0.233225,0.825952,0.193105,nan,nan,nan,nan,-0.0287403,-0.0988774,-0.0219449,0.0670476,-0.320469,-0.000142857,-0.0457026,-0.530055,nan
454,13.2902,657.25,0.0226106,0.166667,0.166667,0.142741,1.12802,0.0282798,-0.00854681,3.44856,5.92593e-05,0.00785425,0.322647,13670.1,0.638899,0.259995,-0.1,0.02,142.05,5.57875e+06,0.242198,0.0231019,0.550728,0.00957844,-0.185745,0.65725,0.150575,nan,nan,nan,nan,-0.0238111,-0.0814922,-0.0186452,0.050625,-0.255776,-0.000125,-0.0340398,-0.419911,nan
455,16.7988,788.8,0.0233878,0.125,0.0833333,0.142471,1.12437,0.0288599,-0.00896525,3.44309,5.92593e-05,0.0110633,0.322515,17017.1,0.484046,0.23805,-0.1,0.02,142.773,5.59104e+06,0.297796,0.0286616,0.669796,0.011584,-0.218471,0.7888,0.1916,nan,nan,nan,nan,-0.0267407,-0.0856376,-0.0211049,0.0636,-0.303878,0,-0.0555953,-0.500468,nan
456,17.4571,797.25,0.0227696,0.0833333,0.0833333,0.14499,1.13224,0.0293518,-0.00783294,3.43836,5.92593e-05,0.0127347,0.322395,16392,0.444238,0.305397,-0.1,0.02,143.524,5.60333e+06,0.334774,0.0346953,0.669026,0.0117184,-0.222592,0.79725,0.196075,nan,nan,nan,nan,-0.028748,-0.0959701,-0.0208324,0.06125,-0.311404,0,-0.0421931,-0.510195,nan
457,19.3273,868.2,0.0235757,0.25,0.166667,0.141965,1.10825,0.0379374,-0.00958732,3.43401,5.92593e-05,0.00865186,0.322294,13170.7,0.592099,0.340883,-0.1,0.02,144.459,5.61562e+06,0.384259,0.0373596,0.735016,0.0125124,-0.24559,0.8682,0.19689,nan,nan,nan,nan,-0.0293212,-0.0982875,-0.0223603,0.0626,-0.336536,0,-0.0504454,-0.547931,nan
458,17.8653,770.833,0.0230795,0.125,0.125,0.140712,1.11107,0.0247847,-0.00839406,3.43082,5.92593e-05,0.00826252,0.322228,13456.2,0.595162,0.318025,-0.1,0.02,145.374,5.6279e+06,0.384837,0.03927,0.64365,0.00996305,-0.216291,0.770833,0.173717,nan,nan,nan,nan,-0.025629,-0.084191,-0.0193846,0.0548333,-0.298719,0,-0.0436051,-0.496017,nan
459,10.6394,543.5,0.0230476,0.0416667,0.0416667,0.141525,1.1229,0.0266212,-0.00878476,3.42799,5.92593e-05,0.0141516,0.322141,14317.9,0.539231,0.318996,-0.1,0.02,146.233,5.64019e+06,0.153122,0.0263798,0.459558,0.00741349,-0.15283,0.5435,0.1325,nan,nan,nan,nan,-0.0197503,-0.0647088,-0.0141444,0.0505,-0.21095,0,-0.0270949,-0.351523,nan
460,24.9456,930.167,0.0244973,0.208333,0.0416667,0.138531,1.1035,0.0222422,-0.0081024,3.42463,5.92593e-05,0.00941255,0.322059,13929.6,0.585409,0.29674,-0.1,0.02,147.117,5.65248e+06,0.606753,0.0360647,0.789599,0.0133984,-0.261729,0.930167,0.208333,nan,nan,nan,nan,-0.0294271,-0.101672,-0.0242353,0.0715,-0.359857,0,-0.0545735,-0.577041,nan
461,18.0243,822.714,0.0234567,0.208333,0.0833333,0.138057,1.12896,0.024522,-0.00873385,3.42151,5.92593e-05,0.0134879,0.321988,16569.7,0.49178,0.249815,-0.1,0.02,147.86,5.66477e+06,0.345874,0.0326067,0.694695,0.0114971,-0.229501,0.822714,0.190614,nan,nan,nan,nan,-0.0271739,-0.0906599,-0.0215889,0.067,-0.319572,0,-0.0461907,-0.529102,nan
462,20.6538,948.636,0.0234615,0.375,0.0833333,0.142731,1.09767,0.0278789,-0.00795748,3.41862,8.88889e-05,0.00384746,0.321887,17112.5,0.465607,0.252463,-0.1,0.02,148.58,5.67706e+06,0.381348,0.0454436,0.798401,0.0135095,-0.26688,0.948636,0.223327,nan,nan,nan,nan,-0.0312061,-0.106211,-0.0248461,0.0749091,-0.367335,0,-0.0559739,-0.600431,nan
463,21.1036,947.286,0.0235307,0.208333,0.0833333,0.14276,1.11574,0.0284102,-0.00880326,3.41292,8.88889e-05,0.013945,0.32169,17446.2,0.451075,0.25326,-0.1,0.02,149.285,5.68934e+06,0.394489,0.0403604,0.806613,0.0134274,-0.26796,0.947286,0.226271,nan,nan,nan,nan,-0.0326406,-0.109036,-0.0259988,0.0791429,-0.368257,0,-0.0564084,-0.592111,nan
464,23.1946,1000,0.0231915,0.125,0,0.141455,1.13041,0.0240569,-0.00925261,3.40496,8.88889e-05,0.010855,0.321457,18036.8,0.443891,0.237382,-0.1,0.02,149.968,5.70163e+06,0.426425,0.050938,0.85954,0.0143195,-0.280198,1,0.247667,nan,nan,nan,nan,-0.033694,-0.115165,-0.0265799,0.085,-0.387007,0,-0.06079,-0.620726,nan
465,17.2937,790.778,0.0231643,0.208333,0.166667,0.143799,1.12057,0.0223492,-0.010421,3.39689,8.88889e-05,0.0135174,0.321292,14170.6,0.497994,0.369156,-0.1,0.02,150.836,5.71392e+06,0.305011,0.0343182,0.671623,0.0111979,-0.22153,0.790778,0.189322,nan,nan,nan,nan,-0.0273634,-0.0898087,-0.0202016,0.0598889,-0.304307,-0.000111111,-0.0517176,-0.482413,nan
466,22.0591,931.833,0.0227661,0.208333,0.0416667,0.140563,1.15315,0.0272757,-0.00935365,3.39177,8.88889e-05,0.0139147,0.32117,13854.1,0.587666,0.299289,-0.1,0.02,151.724,5.72621e+06,0.438775,0.050321,0.792029,0.0120322,-0.260926,0.931833,0.220483,nan,nan,nan,nan,-0.0298527,-0.103737,-0.0235853,0.0768333,-0.361785,-0.000166667,-0.0575091,-0.581789,nan
467,22.7862,995.633,0.0221328,7.33333,0.166667,0.140136,1.12164,0.0237074,-0.010032,3.38567,8.88889e-05,0.0171999,0.320945,12854.3,0.619923,0.336025,-0.1,0.02,152.682,5.7385e+06,0.440847,0.0441552,0.847641,0.0138978,-0.276682,0.995633,0.237428,nan,nan,nan,nan,-0.0329655,-0.113242,-0.0261372,0.0753278,-0.384805,-3.33333e-05,-0.0591467,-0.622608,nan
468,19.6873,894.25,0.0219234,0.375,0.125,0.143143,1.12975,0.0314814,-0.00962637,3.37782,8.88889e-05,0.0158648,0.320804,14187.5,0.558998,0.307115,-0.1,0.02,153.55,5.75078e+06,0.355944,0.0453947,0.759287,0.0123203,-0.249143,0.89425,0.20905,nan,nan,nan,nan,-0.0295101,-0.0994848,-0.0230706,0.0716667,-0.345055,-0.000166667,-0.0544092,-0.56271,nan
469,22.8453,1000,0.0236866,0.291667,0,0.140925,1.11311,0.0301184,-0.00952726,3.37378,8.88889e-05,0.0117616,0.320715,14614.2,0.491522,0.349306,-0.1,0.02,154.392,5.76307e+06,0.449711,0.0415652,0.846897,0.0144778,-0.279536,1,0.249457,nan,nan,nan,nan,-0.0342741,-0.113426,-0.0256757,0.077,-0.387157,0,-0.0605355,-0.636241,nan
470,15.9878,657,0.0232923,0.208333,0.291667,0.141258,1.12852,0.0300264,-0.0108355,3.36923,8.88889e-05,0.0158481,0.320563,13873.3,0.555136,0.330597,-0.1,0.02,155.279,5.77536e+06,0.347594,0.028239,0.551823,0.00929646,-0.179708,0.657,0.153167,nan,nan,nan,nan,-0.0224195,-0.0747273,-0.0167255,0.0531667,-0.252717,-0.00025,-0.037078,-0.41727,nan
471,21.2631,990.833,0.0239856,0.208333,0.0416667,0.141972,1.1114,0.0201726,-0.00790018,3.36306,8.88889e-05,0.010511,0.320384,14400.2,0.542833,0.310488,-0.1,0.02,156.134,5.78765e+06,0.365997,0.0397356,0.83972,0.0138607,-0.275542,0.990833,0.2464,nan,nan,nan,nan,-0.033927,-0.11679,-0.0264475,0.0751667,-0.380207,0,-0.0645937,-0.611052,nan
472,21.995,1000,0.0242404,0.416667,0,0.141037,1.10687,0.0173798,-0.0088479,3.35596,8.88889e-05,0.0166786,0.320205,13708.3,0.584804,0.311589,-0.1,0.02,157.032,5.79994e+06,0.38448,0.0415359,0.861705,0.0144253,-0.277993,1,0.24055,nan,nan,nan,nan,-0.0331552,-0.114996,-0.02739,0.0768,-0.386096,0,-0.0616713,-0.618445,nan
473,18.9295,905.462,0.0237203,0.458333,0.0833333,0.138876,1.11451,0.0327893,-0.00957584,3.34945,8.88889e-05,0.0183719,0.320036,16082.3,0.502739,0.26133,-0.1,0.02,157.797,5.81222e+06,0.320123,0.0394829,0.770282,0.012468,-0.250606,0.905462,0.221962,nan,nan,nan,nan,-0.0296527,-0.0969146,-0.0222098,0.061,-0.34919,0,-0.0596105,-0.576118,nan
474,16.653,755.333,0.0237959,0.333333,0.166667,0.137515,1.12379,0.0298796,-0.00884347,3.34373,8.88889e-05,0.0108126,0.31992,18092.5,0.442981,0.236197,-0.1,0.02,158.477,5.82451e+06,0.314171,0.0351431,0.637938,0.009908,-0.207203,0.755333,0.164342,nan,nan,nan,nan,-0.0235053,-0.0802972,-0.017778,0.0504167,-0.291494,0,-0.0449888,-0.469338,nan
475,20.5505,864.389,0.0241984,0.625,0.125,0.138993,1.09406,0.0291813,-0.00977607,3.34006,8.88889e-05,0.0138727,0.319829,17801.3,0.44781,0.242478,-0.1,0.02,159.169,5.8368e+06,0.414408,0.042184,0.734153,0.01264,-0.238648,0.864389,0.209772,nan,nan,nan,nan,-0.028684,-0.0965311,-0.0221837,0.0627778,-0.333317,0,-0.0539269,-0.53951,nan
476,22.703,976.231,0.0228962,0.5,0.0416667,0.140545,1.0791,0.0274466,-0.00972038,3.33476,8.88889e-05,0.0145911,0.319631,17772.2,0.44604,0.245376,-0.1,0.02,159.861,5.84909e+06,0.463086,0.0421987,0.831027,0.0133333,-0.271462,0.976231,0.221246,nan,nan,nan,nan,-0.0302924,-0.100792,-0.0239063,0.0673077,-0.376046,0,-0.061842,-0.614937,nan
477,20.5893,827.8,0.023188,0.291667,0.125,0.144071,1.09221,0.0268226,-0.0107427,3.32792,8.88889e-05,0.0118057,0.319507,18046.4,0.443435,0.237478,-0.1,0.02,160.544,5.86138e+06,0.461235,0.0325128,0.703747,0.0110907,-0.228775,0.8278,0.17637,nan,nan,nan,nan,-0.0249081,-0.0839961,-0.0189698,0.0522,-0.317155,-0.0003,-0.0504865,-0.510897,nan
478,20.475,882,0.0240226,0.291667,0.0416667,0.142397,1.08826,0.0214106,-0.00953188,3.32337,8.88889e-05,0.0140148,0.319362,17202.9,0.452787,0.261509,-0.1,0.02,161.259,5.87366e+06,0.393031,0.0374424,0.752333,0.0123307,-0.239417,0.882,0.209162,nan,nan,nan,nan,-0.0282061,-0.0985569,-0.0228171,0.065375,-0.338,-0.000125,-0.0519115,-0.548892,nan
479,16.4383,666.143,0.0236623,0.125,0.166667,0.139503,1.12604,0.0291633,-0.00938925,3.31672,8.88889e-05,0.00789946,0.319169,17769,0.454844,0.236699,-0.1,0.02,161.952,5.88595e+06,0.346617,0.0359881,0.561549,0.00964134,-0.184524,0.666143,0.163843,nan,nan,nan,nan,-0.0226729,-0.0759061,-0.0167454,0.0497143,-0.257127,-0.000285714,-0.0422799,-0.412038,nan
480,14.5985,680,0.0233938,0.166667,0.166667,0.139501,1.13722,0.0323575,-0.0103522,3.30918,8.88889e-05,0.0105069,0.318961,17623.2,0.451678,0.245583,-0.1,0.02,162.65,5.89824e+06,0.264699,0.0311532,0.575558,0.00959825,-0.184845,0.68,0.155487,nan,nan,nan,nan,-0.0221151,-0.0702384,-0.0164556,0.042875,-0.261489,0,-0.0439544,-0.430351,nan
481,24.2763,939.429,0.0249231,0.25,0.0416667,0.13719,1.16507,0.0388839,-0.00858457,3.30149,8.88889e-05,0.0168108,0.318769,17517.6,0.452053,0.249414,-0.1,0.02,163.353,5.91053e+06,0.553521,0.039611,0.798201,0.0129774,-0.257514,0.939429,0.216143,nan,nan,nan,nan,-0.028959,-0.0938317,-0.0214789,0.0595714,-0.360454,0,-0.0620119,-0.58139,nan
482,17.6186,742,0.0239367,0.333333,0.25,0.138924,1.12083,0.0459045,-0.00953884,3.29495,8.88889e-05,0.0109783,0.318632,16346.3,0.461988,0.289742,-0.1,0.02,164.106,5.92282e+06,0.362358,0.0330907,0.629092,0.0108404,-0.203383,0.742,0.178936,nan,nan,nan,nan,-0.0252097,-0.0814023,-0.0186806,0.0530714,-0.286524,0,-0.0459024,-0.467359,nan
483,17.4329,755.188,0.0234223,0.416667,0.25,0.141505,1.14409,0.0341504,-0.00960757,3.29054,8.88889e-05,0.0121691,0.318529,17274.7,0.461456,0.249875,-0.1,0.02,164.819,5.9351e+06,0.331542,0.0349276,0.646025,0.0110379,-0.204605,0.755187,0.181312,nan,nan,nan,nan,-0.025398,-0.0859306,-0.0197319,0.0575,-0.290527,-0.0001875,-0.0472138,-0.472296,nan
484,20.1975,921.25,0.0236932,0.25,0.0833333,0.144943,1.12399,0.0317517,-0.0100604,3.28675,8.88889e-05,0.0147976,0.318449,14987.5,0.452677,0.367205,-0.1,0.02,165.64,5.94739e+06,0.352926,0.0412987,0.779301,0.0128954,-0.248307,0.92125,0.226925,nan,nan,nan,nan,-0.0305787,-0.0986033,-0.0234906,0.064625,-0.353836,-0.00025,-0.0560917,-0.578189,nan
485,17.729,826.286,0.0239339,0.375,0.208333,0.140865,1.11598,0.0248316,-0.0101899,3.28413,8.88889e-05,0.0074011,0.31839,12801.3,0.593017,0.366889,-0.1,0.02,166.601,5.95968e+06,0.291146,0.0385992,0.701834,0.0116207,-0.226615,0.826286,0.202671,nan,nan,nan,nan,-0.0276249,-0.0900493,-0.021223,0.0595714,-0.318243,0,-0.0477739,-0.51375,nan
486,17.9631,799.25,0.0237906,0.375,0.125,0.141882,1.09846,0.0255856,-0.00908122,3.28125,8.88889e-05,0.011295,0.318303,13308.4,0.591767,0.33156,-0.1,0.02,167.526,5.97197e+06,0.33381,0.0327629,0.677254,0.0115784,-0.2171,0.79925,0.19455,nan,nan,nan,nan,-0.0273083,-0.0903039,-0.020876,0.0599167,-0.307427,-8.33333e-05,-0.0482077,-0.499662,nan
487,17.9901,809.9,0.0239652,0.25,0.166667,0.142937,1.09871,0.0349082,-0.00928004,3.27789,8.88889e-05,0.0150484,0.31825,13794.5,0.552275,0.338517,-0.1,0.02,168.418,5.98426e+06,0.315554,0.0369483,0.685491,0.0118805,-0.219195,0.8099,0.20562,nan,nan,nan,nan,-0.0277257,-0.0894466,-0.0201849,0.0587,-0.310358,0,-0.0513821,-0.506293,nan
488,22.0603,884.25,0.024104,0.375,0.125,0.141114,1.10889,0.0227807,-0.00896835,3.27551,8.88889e-05,0.0131239,0.318155,14214.5,0.5647,0.299769,-0.1,0.02,169.284,5.99654e+06,0.447544,0.0418308,0.760239,0.0131715,-0.237036,0.88425,0.208783,nan,nan,nan,nan,-0.0285912,-0.0931851,-0.0217633,0.0624167,-0.338609,0,-0.056657,-0.539376,nan
489,20.3113,878.286,0.0240116,0.458333,0.125,0.142186,1.09861,0.0310523,-0.0100346,3.26987,8.88889e-05,0.0185554,0.317968,14824.2,0.493002,0.335914,-0.1,0.02,170.114,6.00883e+06,0.379177,0.0410529,0.749919,0.0124041,-0.238542,0.878286,0.214293,nan,nan,nan,nan,-0.0282377,-0.0927879,-0.0215555,0.0632857,-0.337175,0,-0.0557712,-0.548782,nan
490,24.2887,939.5,0.0234008,0.291667,0.125,0.145826,1.06918,0.0269549,-0.00861246,3.26266,8.88889e-05,0.0168284,0.317784,14246.9,0.562569,0.299934,-0.1,0.02,170.978,6.02112e+06,0.524503,0.0449919,0.799963,0.0140291,-0.253155,0.9395,0.23513,nan,nan,nan,nan,-0.0311834,-0.103295,-0.0232206,0.0675,-0.36131,-0.0011,-0.0590736,-0.578843,nan
491,18.8105,835.455,0.0235115,0.333333,0.125,0.147705,1.08143,0.028186,-0.0102138,3.25593,8.88889e-05,0.0183954,0.317629,14298.1,0.534397,0.325015,-0.1,0.02,171.838,6.03341e+06,0.33072,0.0405433,0.71322,0.012479,-0.226249,0.835455,0.212718,nan,nan,nan,nan,-0.0284431,-0.0923111,-0.020957,0.056,-0.32094,0,-0.0532349,-0.518474,nan
492,22.8905,967.222,0.0236444,0.291667,0.0833333,0.145857,1.10814,0.034955,-0.00935424,3.24955,8.88889e-05,0.0100884,0.317424,13541.1,0.580869,0.326594,-0.1,0.02,172.747,6.0457e+06,0.428834,0.041945,0.826272,0.0135406,-0.258895,0.967222,0.236889,nan,nan,nan,nan,-0.0312627,-0.103968,-0.0225461,0.0693333,-0.370324,0,-0.0589715,-0.593542,nan
493,18.6272,826.923,0.0241093,0.291667,0.25,0.142712,1.12605,0.036221,-0.0104526,3.24146,8.88889e-05,0.0116163,0.31723,16774.8,0.486567,0.245961,-0.1,0.02,173.481,6.05798e+06,0.318196,0.038705,0.707082,0.0124304,-0.221276,0.826923,0.206362,nan,nan,nan,nan,-0.0275086,-0.0870498,-0.0205406,0.0600769,-0.314309,-0.000153846,-0.058662,-0.508916,nan
494,20.6347,893.714,0.0238408,0.458333,0.125,0.14589,1.1138,0.0272133,-0.0088047,3.23566,8.88889e-05,0.0164264,0.317123,13660.1,0.536871,0.362685,-0.1,0.02,174.382,6.07027e+06,0.380037,0.0389734,0.765315,0.0126843,-0.241182,0.893714,0.216007,nan,nan,nan,nan,-0.0292136,-0.095449,-0.0216718,0.0636429,-0.341836,-7.14286e-05,-0.0570125,-0.552201,nan
495,23.1642,971.611,0.02374,0.708333,0.0416667,0.143061,1.1347,0.0251737,-0.00908501,3.2317,8.88889e-05,0.0130744,0.31702,13600.4,0.598156,0.305349,-0.1,0.02,175.287,6.08256e+06,0.429897,0.0429595,0.83405,0.0135891,-0.260861,0.971611,0.24385,nan,nan,nan,nan,-0.0316907,-0.106184,-0.0248416,0.0701667,-0.371242,0,-0.0618047,-0.591287,nan
496,16.8525,770.333,0.0242223,0.166667,0.0833333,0.142812,1.11791,0.0261391,-0.00904733,3.22707,8.88889e-05,0.0146402,0.316888,13809.3,0.563376,0.32646,-0.1,0.02,176.178,6.09485e+06,0.248347,0.0449037,0.65873,0.0113406,-0.205054,0.770333,0.19825,nan,nan,nan,nan,-0.0261133,-0.0844442,-0.0194194,0.054,-0.294845,-0.000166667,-0.044786,-0.468449,nan
497,16.4968,733.75,0.0240961,0.0833333,0.0833333,0.141826,1.10048,0.0260833,-0.00923842,3.22116,8.88889e-05,0.0115017,0.31672,14082.3,0.573746,0.298838,-0.1,0.02,177.052,6.10714e+06,0.296741,0.0388608,0.622864,0.0109141,-0.199014,0.73375,0.187775,nan,nan,nan,nan,-0.0250609,-0.0783852,-0.0180269,0.05125,-0.27825,0,-0.0554026,-0.463175,nan
498,18.1695,738.667,0.0232389,0.166667,0.208333,0.141298,1.12074,0.0297208,-0.0102155,3.21458,8.88889e-05,0.0111307,0.316556,14650.3,0.576286,0.262468,-0.1,0.02,177.892,6.11942e+06,0.360829,0.0376992,0.627089,0.0109216,-0.195843,0.738667,0.1831,nan,nan,nan,nan,-0.0250393,-0.0784837,-0.0181234,0.0497778,-0.281657,-0.000111111,-0.0451171,-0.455233,nan
499,22.4673,976.5,0.0245526,0.375,0.0416667,0.143522,1.10778,0.0278048,-0.00932088,3.20795,8.88889e-05,0.0156782,0.316368,14903.3,0.498955,0.325561,-0.1,0.02,178.718,6.13171e+06,0.38549,0.0452972,0.841028,0.0137417,-0.259336,0.9765,0.23776,nan,nan,nan,nan,-0.0309345,-0.104991,-0.0239417,0.0643,-0.371085,0,-0.0647497,-0.585715,nan
500,21.4958,910.714,0.0242505,0.166667,0.125,0.144683,1.10995,0.0419296,-0.0104534,3.20081,8.88889e-05,0.013636,0.316212,12479.5,0.592936,0.391722,-0.1,0.02,179.704,6.144e+06,0.397025,0.0343651,0.785827,0.0135579,-0.241576,0.910714,0.224243,nan,nan,nan,nan,-0.0303363,-0.0987985,-0.0236098,0.065,-0.347513,0,-0.0591935,-0.554915,nan
501,21.9371,780.5,0.0185554,0.125,0.125,0.143207,1.11941,0.0323431,-0.00993595,3.19517,5.92593e-05,0.0218459,0.316051,16266.2,0.484419,0.271011,-0.2,0.05,182.398,6.15629e+06,0.503785,0.0414618,0.673206,0.0118559,-0.209323,0.7805,0.193867,nan,nan,nan,nan,-0.0259337,-0.0803228,-0.0192568,0.0483333,-0.296755,0,-0.0497969,-0.474766,nan
502,20.1654,834.083,0.0192183,0.291667,0.208333,0.141722,1.09342,0.0283958,-0.00897946,3.18925,5.92593e-05,0.00877368,0.315915,17070.7,0.481268,0.238562,-0.2,0.05,183.119,6.16858e+06,0.402594,0.0321725,0.717155,0.011339,-0.230916,0.834083,0.205017,nan,nan,nan,nan,-0.0269607,-0.0827602,-0.0196606,0.0560833,-0.317493,-0.000166667,-0.0553332,-0.516886,nan
503,12.5225,603.3,0.0179981,0.166667,0.25,0.144958,1.07864,0.0344705,-0.00926386,3.1835,5.92593e-05,0.0129582,0.315775,13350.3,0.573243,0.347185,-0.2,0.05,184.04,6.18086e+06,0.211397,0.0237495,0.508293,0.00805903,-0.177241,0.6033,0.14905,nan,nan,nan,nan,-0.0200224,-0.0619922,-0.0145671,0.0414,-0.231597,-0.0004,-0.0374004,-0.375902,nan
504,20.4285,850.778,0.0191218,0.208333,0.166667,0.141364,1.10712,0.0343544,-0.00846292,3.17836,5.92593e-05,0.0110801,0.315642,13810,0.572338,0.317453,-0.2,0.05,184.932,6.19315e+06,0.408128,0.0345959,0.72675,0.0128913,-0.246932,0.850778,0.217522,nan,nan,nan,nan,-0.0281304,-0.0890895,-0.0206573,0.061,-0.323625,0,-0.055406,-0.5264,nan
505,18.8114,826.556,0.0182995,0.208333,0.166667,0.144381,1.10293,0.0282879,-0.00758429,3.17254,5.92593e-05,0.010295,0.315482,14430.9,0.555121,0.296388,-0.2,0.05,185.785,6.20544e+06,0.349527,0.0404489,0.705064,0.0116992,-0.245039,0.826556,0.206056,nan,nan,nan,nan,-0.028219,-0.0909288,-0.020532,0.0605556,-0.314888,-0.000444444,-0.0552787,-0.504008,nan
506,23.1868,955.375,0.0193578,0.25,0.0833333,0.140249,1.09729,0.0351563,-0.0092384,3.16628,5.92593e-05,0.00931443,0.315315,14182.3,0.564815,0.301617,-0.2,0.05,186.653,6.21773e+06,0.473186,0.0429513,0.818562,0.0136827,-0.284875,0.955375,0.245137,nan,nan,nan,nan,-0.0322921,-0.106819,-0.0236643,0.06625,-0.364325,-0.000375,-0.0574153,-0.586037,nan
507,18.1901,800.714,0.0193271,0.166667,0.125,0.139647,1.08653,0.0208471,-0.00912473,3.16006,5.92593e-05,0.0130979,0.315178,16816.7,0.473374,0.257327,-0.2,0.05,187.385,6.23002e+06,0.340091,0.0386307,0.680612,0.0109708,-0.243904,0.800714,0.200429,nan,nan,nan,nan,-0.0265917,-0.0879873,-0.0203733,0.0617143,-0.304679,-0.000857143,-0.0475945,-0.49167,nan
508,19.8224,998.167,0.019764,0.208333,0.0416667,0.139994,1.08307,0.0262424,-0.00873452,3.155,5.92593e-05,0.0131444,0.315051,16700,0.456228,0.279579,-0.2,0.05,188.122,6.2423e+06,0.305399,0.0470068,0.844886,0.0131925,-0.308679,0.998167,0.25745,nan,nan,nan,nan,-0.034136,-0.114265,-0.0252235,0.0651667,-0.380723,-0.000166667,-0.060243,-0.616711,nan
509,22.1418,990.277,0.0178323,6.08333,0.0833333,0.14233,1.0657,0.0299391,-0.00896186,3.14974,5.92593e-05,0.0127271,0.314896,12671.4,0.611168,0.358573,-0.2,0.05,189.093,6.25459e+06,0.408748,0.0447494,0.852268,0.0140804,-0.314381,0.990277,0.248446,nan,nan,nan,nan,-0.0321417,-0.106139,-0.0243394,0.0678311,-0.377369,-0.000108108,-0.0642294,-0.600604,nan
510,20.9218,881.5,0.0192073,0.458333,0.125,0.140287,1.09469,0.0263415,-0.00999834,3.14321,5.92593e-05,0.00947514,0.314717,13829,0.56824,0.320329,-0.2,0.05,189.983,6.26688e+06,0.442303,0.0366858,0.758818,0.0130576,-0.291008,0.8815,0.22045,nan,nan,nan,nan,-0.0294554,-0.0972222,-0.0222906,0.0625,-0.336229,0,-0.0562631,-0.536755,nan
511,9.96832,520.556,0.0199555,0.125,0.25,0.139067,1.07218,0.0299952,-0.00820357,3.13587,8.88889e-05,0.00370728,0.314515,13472.7,0.59457,0.317496,-0.2,0.05,190.896,6.27917e+06,0.171435,0.023931,0.437359,0.00756928,-0.183018,0.520556,0.127967,nan,nan,nan,nan,-0.0183003,-0.0560073,-0.0129234,0.037,-0.198379,-0.000111111,-0.033202,-0.32546,nan
512,15.2252,634.714,0.0194654,0.333333,0.25,0.139475,1.07118,0.0340966,-0.00976678,3.12537,8.88889e-05,0.0145739,0.314178,15113.1,0.555062,0.258006,-0.2,0.05,191.711,6.29146e+06,0.331631,0.0251507,0.547346,0.00900026,-0.222098,0.634714,0.156043,nan,nan,nan,nan,-0.0203919,-0.0632928,-0.0152468,0.0429286,-0.242022,-7.14286e-05,-0.0425097,-0.379922,nan
513,16.9558,827.444,0.0206986,0.208333,0.166667,0.142432,1.05383,0.029929,-0.00859141,3.11269,8.88889e-05,0.0149101,0.313856,16516.1,0.467004,0.276999,-0.2,0.05,192.456,6.30374e+06,0.302784,0.0391691,0.707897,0.0113796,-0.294841,0.827444,0.204278,nan,nan,nan,nan,-0.0278293,-0.0891989,-0.0200121,0.0543333,-0.314415,0,-0.0539734,-0.499225,nan
514,23.1301,1000,0.0200313,0.458333,0,0.139469,1.08036,0.0228531,-0.0102988,3.10082,8.88889e-05,0.0166353,0.31357,14211.2,0.504192,0.36048,-0.2,0.05,193.322,6.31603e+06,0.462239,0.0482302,0.859163,0.0128898,-0.345457,1,0.24,nan,nan,nan,nan,-0.0303278,-0.100054,-0.0223306,0.0658182,-0.378856,-0.000545455,-0.0625735,-0.591692,nan
515,17.9926,737.5,0.0198228,0.291667,0.291667,0.139227,1.09378,0.0279715,-0.00950532,3.09113,8.88889e-05,0.0156216,0.313359,12613.3,0.61574,0.358468,-0.2,0.05,194.297,6.32832e+06,0.417311,0.0343704,0.633761,0.00968431,-0.272147,0.7375,0.175429,nan,nan,nan,nan,-0.0224219,-0.0707754,-0.0169655,0.0477143,-0.278369,0,-0.0480128,-0.447449,nan
516,20.5782,941.538,0.0205527,0.5,0.0416667,0.140822,1.07245,0.0246411,-0.00921197,3.08418,8.88889e-05,0.0157797,0.313212,14527.5,0.538896,0.306948,-0.2,0.05,195.144,6.34061e+06,0.400311,0.0478306,0.809964,0.0130607,-0.341858,0.941538,0.240308,nan,nan,nan,nan,-0.0311271,-0.100665,-0.0229339,0.0632308,-0.356884,0,-0.0616458,-0.572218,nan
517,20.5101,924.917,0.0208601,0.458333,0.0416667,0.137506,1.05907,0.0319783,-0.00892554,3.07748,8.88889e-05,0.0127126,0.312974,13467.8,0.579142,0.333257,-0.2,0.05,196.058,6.3529e+06,0.414626,0.0422104,0.790671,0.0134482,-0.33507,0.924917,0.231217,nan,nan,nan,nan,-0.0301546,-0.0985737,-0.023343,0.0629167,-0.352656,-0.000166667,-0.0570743,-0.557462,nan
518,17.9739,860.75,0.0198873,0.416667,0.0833333,0.141327,1.07278,0.0241996,-0.0103136,3.06718,8.88889e-05,0.010455,0.312722,16303.8,0.485138,0.268549,-0.2,0.05,196.813,6.36518e+06,0.340917,0.0403464,0.73726,0.0121894,-0.320299,0.86075,0.218758,nan,nan,nan,nan,-0.0282408,-0.0896995,-0.0212335,0.0550833,-0.32554,0,-0.0607672,-0.52083,nan
519,17.1346,822.375,0.0207031,0.208333,0.125,0.138385,1.09833,0.0206968,-0.00963083,3.05773,8.88889e-05,0.0119007,0.312475,17751.6,0.452966,0.239253,-0.2,0.05,197.507,6.37747e+06,0.339845,0.0395548,0.696306,0.0108948,-0.317462,0.822375,0.218675,nan,nan,nan,nan,-0.0279556,-0.0877295,-0.0200067,0.05525,-0.310464,0,-0.0574328,-0.505121,nan
520,17.9074,828.778,0.0207397,0.291667,0.0833333,0.138173,1.0842,0.0322866,-0.011181,3.04813,8.88889e-05,0.0151871,0.312235,18067.4,0.441719,0.238402,-0.2,0.05,198.188,6.38976e+06,0.351757,0.0422631,0.717374,0.0112606,-0.318006,0.828778,0.207178,nan,nan,nan,nan,-0.0261951,-0.0865933,-0.0197985,0.0531111,-0.31325,-0.000111111,-0.0601719,-0.492223,nan
521,14.2276,698.2,0.0206163,0.25,0.166667,0.14038,1.06953,0.0243301,-0.00901548,3.03914,8.88889e-05,0.0135835,0.312025,14340.2,0.464942,0.391949,-0.2,0.05,199.046,6.40205e+06,0.272174,0.0325923,0.596599,0.00928631,-0.280201,0.6982,0.17838,nan,nan,nan,nan,-0.0231157,-0.0734109,-0.0170886,0.0481,-0.264335,-0.0004,-0.0458156,-0.419586,nan
522,20.5885,942.778,0.021029,0.333333,0.0416667,0.139214,1.08321,0.0300059,-0.00943847,3.03164,8.88889e-05,0.0176488,0.311842,13509.3,0.554549,0.35505,-0.2,0.05,199.957,6.41434e+06,0.439794,0.0462109,0.81039,0.0125034,-0.376193,0.942778,0.237211,nan,nan,nan,nan,-0.028916,-0.0967838,-0.0222838,0.0627778,-0.356814,0,-0.0633024,-0.577946,nan
523,14.8775,699.545,0.0210695,0.208333,0.25,0.138501,1.08932,0.0308762,-0.0100725,3.0248,8.88889e-05,0.0141152,0.311679,14450.3,0.524006,0.326359,-0.2,0.05,200.809,6.42662e+06,0.322625,0.0337362,0.596842,0.0103608,-0.293306,0.699545,0.181027,nan,nan,nan,nan,-0.0235178,-0.0701769,-0.0165348,0.0458182,-0.264741,0,-0.0472279,-0.430573,nan
524,21.5658,896.375,0.0204533,0.583333,0.0833333,0.140535,1.09403,0.0257226,-0.00948315,3.01777,8.88889e-05,0.00852837,0.311483,15392.7,0.520195,0.278105,-0.2,0.05,201.608,6.43891e+06,0.502593,0.0425044,0.773658,0.0123418,-0.363003,0.896375,0.231494,nan,nan,nan,nan,-0.0292613,-0.0955712,-0.0218351,0.0613125,-0.339834,-0.000125,-0.0532537,-0.539107,nan
525,17.6567,860.25,0.0209958,0.416667,0.0833333,0.138091,1.08828,0.0408321,-0.00983171,3.01039,8.88889e-05,0.016429,0.311325,17022.8,0.477738,0.244119,-0.2,0.05,202.332,6.4512e+06,0.334717,0.0458057,0.742579,0.0114316,-0.356294,0.86025,0.219967,nan,nan,nan,nan,-0.0271001,-0.0886432,-0.0200341,0.0541667,-0.3264,0,-0.0567768,-0.510836,nan
526,19.0926,814.214,0.02065,0.416667,0.166667,0.137727,1.08288,0.0288488,-0.00986958,3.00466,8.88889e-05,0.0172687,0.311186,17873.1,0.445208,0.242306,-0.2,0.05,203.02,6.46349e+06,0.438736,0.0387811,0.704615,0.0113331,-0.337437,0.814214,0.201379,nan,nan,nan,nan,-0.0258702,-0.0822141,-0.0193027,0.0582857,-0.305753,0,-0.0558465,-0.486287,nan
527,18.8455,847.083,0.0203185,0.333333,0.166667,0.139179,1.06126,0.0333467,-0.00866457,2.99874,8.88889e-05,0.0122567,0.311029,13793.4,0.51209,0.37877,-0.2,0.05,203.912,6.47578e+06,0.431814,0.0421821,0.727089,0.0111084,-0.367505,0.847083,0.205758,nan,nan,nan,nan,-0.0264608,-0.0843817,-0.0196498,0.0556667,-0.321076,0,-0.0499126,-0.509444,nan
528,17.7544,853.4,0.0209104,0.291667,0.125,0.141322,1.10808,0.0248993,-0.00909018,2.99149,8.88889e-05,0.0189165,0.310823,13818.6,0.560132,0.329105,-0.2,0.05,204.803,6.48806e+06,0.370435,0.0398994,0.738781,0.0106636,-0.373869,0.8534,0.21096,nan,nan,nan,nan,-0.0264079,-0.0842351,-0.019978,0.0546,-0.322457,0,-0.0582374,-0.505832,nan
529,22.6445,1000,0.0215478,0.583333,0,0.137115,1.07182,0.0227107,-0.00945643,2.98214,8.88889e-05,0.0126001,0.310549,13223.1,0.546197,0.383083,-0.2,0.05,205.734,6.50035e+06,0.508352,0.0475808,0.873247,0.0141353,-0.430292,1,0.242579,nan,nan,nan,nan,-0.0306912,-0.0984194,-0.023581,0.0650714,-0.377345,0,-0.0705819,-0.587827,nan
530,16.503,851.846,0.020894,0.416667,0.125,0.137077,1.09178,0.0332369,-0.00987773,2.97209,8.88889e-05,0.013452,0.310339,15830.3,0.50907,0.267163,-0.2,0.05,206.512,6.51264e+06,0.305483,0.0420081,0.729806,0.0117065,-0.372122,0.851846,0.225708,nan,nan,nan,nan,-0.0282193,-0.0906765,-0.020811,0.0604615,-0.322475,0,-0.0555002,-0.512063,nan
531,18.7301,934.5,0.021609,0.333333,0.0833333,0.134221,1.08529,0.0216158,-0.0105881,2.96346,8.88889e-05,0.0154212,0.310083,17480,0.468615,0.234358,-0.2,0.05,207.216,6.52493e+06,0.364892,0.0497199,0.814745,0.011518,-0.420057,0.9345,0.22017,nan,nan,nan,nan,-0.0273945,-0.0864544,-0.0202806,0.0598,-0.353838,-0.0001,-0.0611585,-0.549557,nan
532,19.3579,892.667,0.0214094,0.416667,0.0833333,0.135678,1.0796,0.0293747,-0.0103624,2.95213,8.88889e-05,0.0132072,0.309773,18040.5,0.446269,0.234865,-0.2,0.05,207.898,6.53722e+06,0.446851,0.0391216,0.76277,0.0108804,-0.402854,0.892667,0.228892,nan,nan,nan,nan,-0.0282104,-0.0901952,-0.0202091,0.0541667,-0.335735,-0.000416667,-0.0605744,-0.52926,nan
533,18.552,871.75,0.0212713,0.333333,0.166667,0.136637,1.09153,0.0283252,-0.00932705,2.94078,8.88889e-05,0.0115891,0.309521,15541.5,0.453105,0.337553,-0.2,0.05,208.69,6.5495e+06,0.421237,0.0416496,0.75471,0.0117047,-0.403343,0.87175,0.212867,nan,nan,nan,nan,-0.027285,-0.0851149,-0.0200456,0.0548333,-0.328321,0,-0.060306,-0.516738,nan
534,19.7227,906.9,0.0219866,0.333333,0.0833333,0.132714,1.11731,0.0289223,-0.00883496,2.93122,8.88889e-05,0.0116923,0.309278,13344.2,0.561561,0.359288,-0.2,0.05,209.612,6.56179e+06,0.469486,0.0418965,0.78329,0.0118017,-0.422466,0.9069,0.21646,nan,nan,nan,nan,-0.0276846,-0.0853233,-0.0207719,0.0621,-0.342103,-0.0004,-0.0640895,-0.542963,nan
535,18.6904,916.889,0.021374,0.625,0.125,0.136798,1.06588,0.0285284,-0.0084168,2.92125,8.88889e-05,0.0172842,0.309027,13828.8,0.528667,0.359915,-0.2,0.05,210.502,6.57408e+06,0.409118,0.0446019,0.790881,0.0116137,-0.427204,0.916889,0.226933,nan,nan,nan,nan,-0.0283312,-0.0897349,-0.0206047,0.0577778,-0.345794,-0.000333333,-0.059551,-0.551744,nan
536,17.2223,921.462,0.021568,0.416667,0.125,0.137222,1.0669,0.0256239,-0.00951513,2.91065,8.88889e-05,0.0150781,0.308724,14747.2,0.518678,0.314566,-0.2,0.05,211.336,6.58637e+06,0.330135,0.0444127,0.798568,0.0127503,-0.438194,0.921462,0.230323,nan,nan,nan,nan,-0.0301521,-0.0948586,-0.0224263,0.0639231,-0.347444,-7.69231e-05,-0.0617765,-0.545531,nan
537,22.1111,979.6,0.0200247,0.375,0.0416667,0.14068,1.07348,0.0253564,-0.00882625,2.89873,8.88889e-05,0.00745678,0.308449,17145.2,0.469252,0.247452,-0.2,0.05,212.054,6.59866e+06,0.528839,0.0517842,0.852531,0.0134079,-0.464203,0.9796,0.23428,nan,nan,nan,nan,-0.0300074,-0.0977337,-0.0222168,0.0631,-0.367978,0,-0.065252,-0.570598,nan
538,17.1369,817.714,0.0212258,0.166667,0.125,0.136601,1.10108,0.0262231,-0.00883849,2.88926,8.88889e-05,0.014977,0.308233,18173.8,0.436409,0.239729,-0.2,0.05,212.732,6.61094e+06,0.393251,0.0370292,0.700774,0.0105988,-0.39454,0.817714,0.219629,nan,nan,nan,nan,-0.0276308,-0.088934,-0.0195861,0.0551429,-0.308717,0,-0.0482399,-0.489646,nan
539,20.4475,978.286,0.0205758,0.25,0.0416667,0.13996,1.08579,0.0307834,-0.00936396,2.88065,8.88889e-05,0.0133918,0.30802,17833.3,0.442669,0.246379,-0.2,0.05,213.422,6.62323e+06,0.484233,0.0533448,0.842006,0.0117919,-0.475951,0.978286,0.231286,nan,nan,nan,nan,-0.0300193,-0.0979274,-0.0223677,0.0618571,-0.367558,0,-0.0622083,-0.584396,nan
540,14.9202,735.455,0.0218349,0.291667,0.166667,0.136453,1.07718,0.0245911,-0.00926373,2.87146,8.88889e-05,0.0188905,0.307737,14814.4,0.477672,0.351794,-0.2,0.05,214.253,6.63552e+06,0.340291,0.0384927,0.631775,0.00815151,-0.361306,0.735455,0.165818,nan,nan,nan,nan,-0.0214587,-0.0640908,-0.0158077,0.0465455,-0.276338,0,-0.0463535,-0.435161,nan
541,19.0943,900.111,0.0221066,0.333333,0.0416667,0.136776,1.07784,0.0223172,-0.00973446,2.85926,8.88889e-05,0.0083176,0.307409,13983.1,0.538743,0.340029,-0.2,0.05,215.133,6.64781e+06,0.450453,0.0436288,0.774485,0.0124826,-0.441572,0.900111,0.2309,nan,nan,nan,nan,-0.0286577,-0.0890414,-0.0211936,0.058,-0.33873,-0.000555556,-0.0557331,-0.53986,nan
542,13.9668,731.286,0.0216057,0.208333,0.0833333,0.140314,1.10308,0.0265269,-0.0102074,2.84781,8.88889e-05,0.00811591,0.307179,13949.6,0.528941,0.351942,-0.2,0.05,216.015,6.6601e+06,0.275586,0.0393664,0.62891,0.00940828,-0.368742,0.731286,0.195143,nan,nan,nan,nan,-0.024373,-0.0765183,-0.0175826,0.0494286,-0.275163,0,-0.0476047,-0.420807,nan
543,15.2447,858.5,0.0224689,0.166667,0.0833333,0.136228,1.07968,0.0248044,-0.00989679,2.83896,8.88889e-05,0.0131225,0.306936,15371.9,0.520285,0.279097,-0.2,0.05,216.816,6.67238e+06,0.311752,0.0408711,0.734874,0.0117454,-0.424935,0.8585,0.217633,nan,nan,nan,nan,-0.0278031,-0.0909281,-0.0209442,0.0585,-0.322766,-0.0005,-0.054661,-0.529104,nan
544,19.9884,968.889,0.0231661,0.333333,0.0416667,0.134034,1.0756,0.023236,-0.00887374,2.82785,8.88889e-05,0.0097123,0.306622,16416.1,0.505397,0.243136,-0.2,0.05,217.566,6.68467e+06,0.433269,0.044837,0.841437,0.0131889,-0.476223,0.968889,0.245378,nan,nan,nan,nan,-0.0307734,-0.0990169,-0.0224392,0.0674444,-0.361627,-0.000111111,-0.063918,-0.560915,nan
545,20.0994,998,0.0214506,0.291667,0.0416667,0.137097,1.09264,0.0232926,-0.00983495,2.81621,8.88889e-05,0.0102239,0.306374,17649.7,0.439603,0.256614,-0.2,0.05,218.263,6.69696e+06,0.452051,0.0510149,0.862749,0.0123317,-0.495839,0.998,0.233825,nan,nan,nan,nan,-0.0300412,-0.0931447,-0.0212226,0.064375,-0.374177,-0.0005,-0.0658702,-0.588581,nan
546,15.7651,802.909,0.0218348,0.291667,0.166667,0.135475,1.11269,0.0233424,-0.00956981,2.80753,8.88889e-05,0.0175616,0.306175,13738,0.540847,0.353608,-0.2,0.05,219.159,6.70925e+06,0.344025,0.0409745,0.687805,0.0103242,-0.394036,0.802909,0.198155,nan,nan,nan,nan,-0.0257523,-0.078184,-0.0184934,0.0517273,-0.301874,0,-0.0494328,-0.479891,nan
547,19.8721,1000,0.0218511,0.291667,0,0.140866,1.08892,0.0259704,-0.00982193,2.79974,8.88889e-05,0.0109135,0.305978,14144.4,0.54124,0.327514,-0.2,0.05,220.03,6.72154e+06,0.417607,0.0488114,0.86417,0.0134061,-0.493588,1,0.269386,nan,nan,nan,nan,-0.0326117,-0.102296,-0.0231471,0.0584286,-0.375663,-0.000714286,-0.0658514,-0.584332,nan
548,18.0221,814.091,0.0223403,0.291667,0.166667,0.138389,1.07061,0.0367764,-0.0106848,2.7909,8.88889e-05,0.0158654,0.305738,14249,0.523752,0.338622,-0.2,0.05,220.893,6.73382e+06,0.447327,0.0335011,0.70118,0.0092739,-0.396963,0.814091,0.185691,nan,nan,nan,nan,-0.0237643,-0.0710479,-0.0172913,0.0468182,-0.305172,-0.000636364,-0.048162,-0.473742,nan
549,21.5074,978.5,0.0218529,0.166667,0.0833333,0.139407,1.08054,0.0279115,-0.00896664,2.7811,8.88889e-05,0.0165864,0.305453,16026.2,0.493186,0.273559,-0.2,0.05,221.661,6.74611e+06,0.521426,0.0534461,0.851886,0.013257,-0.480178,0.9785,0.2346,nan,nan,nan,nan,-0.0318152,-0.103786,-0.0230805,0.0615,-0.3687,-0.000166667,-0.0617804,-0.56974,nan
550,20.8335,995.106,0.0209227,5,0.125,0.145097,1.06363,0.0268855,-0.0109961,2.7692,8.88889e-05,0.0151053,0.305157,17872.3,0.453746,0.233799,-0.2,0.05,222.35,6.7584e+06,0.463705,0.0486431,0.863503,0.0125464,-0.488681,0.995106,0.248919,nan,nan,nan,nan,-0.0307635,-0.0982274,-0.0230368,0.0646423,-0.373114,-0.000186992,-0.0605861,-0.580793,nan
551,22.6522,984.625,0.0204429,0.291667,0.0416667,0.141115,1.06691,0.0327892,-0.00941138,2.75817,8.88889e-05,0.0162844,0.30491,18258.1,0.437866,0.235151,-0.2,0.05,223.024,6.77069e+06,0.554801,0.0501971,0.862152,0.0107855,-0.481048,0.984625,0.2147,nan,nan,nan,nan,-0.0263383,-0.0838713,-0.0201902,0.0625,-0.370855,0,-0.0581678,-0.56668,nan
552,16.856,748.357,0.0216438,0.375,0.208333,0.13829,1.08255,0.0312756,-0.0103417,2.74926,8.88889e-05,0.0145352,0.304693,16461.8,0.440065,0.306391,-0.2,0.05,223.772,6.78298e+06,0.433515,0.0358013,0.645162,0.00833957,-0.366704,0.748357,0.161643,nan,nan,nan,nan,-0.0210578,-0.0649864,-0.0153832,0.0435714,-0.28182,-0.000285714,-0.0449789,-0.438372,nan
553,17.879,810.429,0.0216754,0.416667,0.166667,0.138635,1.06293,0.0210212,-0.00854109,2.74084,8.88889e-05,0.0128334,0.304492,13630.8,0.550496,0.350994,-0.2,0.05,224.675,6.79526e+06,0.412995,0.0426055,0.700442,0.00945794,-0.394198,0.810429,0.189164,nan,nan,nan,nan,-0.0240725,-0.0738337,-0.0181636,0.0501429,-0.304886,0,-0.0474112,-0.458722,nan
554,20.4638,921.7,0.0223861,0.333333,0.0833333,0.135122,1.05009,0.0281529,-0.00926682,2.73191,8.88889e-05,0.0149842,0.30424,14395.2,0.52681,0.326807,-0.2,0.05,225.53,6.80755e+06,0.464818,0.0430529,0.800722,0.0122503,-0.445956,0.9217,0.23796,nan,nan,nan,nan,-0.0294913,-0.093267,-0.0218929,0.0631,-0.345259,0,-0.0558885,-0.528657,nan
555,18.4212,976.8,0.0216542,0.166667,0.0416667,0.139647,1.07852,0.0220928,-0.00885214,2.72096,8.88889e-05,0.00761067,0.303943,15476.1,0.510561,0.28344,-0.2,0.05,226.326,6.81984e+06,0.372296,0.0485374,0.843382,0.0120426,-0.480164,0.9768,0.23112,nan,nan,nan,nan,-0.030275,-0.0917887,-0.0225578,0.063,-0.366269,-0.0002,-0.0599059,-0.574954,nan
556,19.278,974.111,0.0213521,0.333333,0.0416667,0.138988,1.09538,0.0216196,-0.00921244,2.70896,8.88889e-05,0.00936123,0.303665,16722.4,0.492569,0.242255,-0.2,0.05,227.062,6.83213e+06,0.373801,0.0462969,0.849721,0.0120814,-0.468737,0.974111,0.237678,nan,nan,nan,nan,-0.0290991,-0.0961497,-0.0220895,0.0676667,-0.36406,0,-0.0595215,-0.557801,nan
557,20.0506,929.917,0.0213017,0.458333,0.0416667,0.14114,1.07396,0.0181527,-0.00937436,2.69787,8.88889e-05,0.0158469,0.303386,17796.9,0.44492,0.245536,-0.2,0.05,227.754,6.84442e+06,0.44131,0.0428796,0.807288,0.0116163,-0.452374,0.929917,0.237142,nan,nan,nan,nan,-0.0292431,-0.0906367,-0.0225442,0.0625833,-0.348105,-8.33333e-05,-0.0573795,-0.52984,nan
558,21.89,1000,0.0217932,0.541667,0,0.138598,1.09091,0.0192408,-0.0101906,2.6871,8.88889e-05,0.00928604,0.303141,17740.7,0.447724,0.24492,-0.2,0.05,228.447,6.8567e+06,0.498511,0.0506658,0.864429,0.0125021,-0.480431,1,0.251138,nan,nan,nan,nan,-0.0311114,-0.0988534,-0.0239668,0.0635385,-0.375216,0,-0.0578231,-0.578884,nan
559,20.0476,1000,0.0220596,0.458333,0,0.137304,1.09617,0.0245902,-0.00975845,2.67839,8.88889e-05,0.0101587,0.302972,17854.6,0.447917,0.24031,-0.2,0.05,229.137,6.86899e+06,0.407515,0.0546045,0.861518,0.0115214,-0.481268,1,0.252755,nan,nan,nan,nan,-0.0310315,-0.0976797,-0.0229311,0.0628182,-0.373986,-9.09091e-05,-0.0591357,-0.582228,nan
560,20.6502,888,0.0220362,0.375,0.125,0.137468,1.10822,0.0321753,-0.00886452,2.67245,8.88889e-05,0.0189825,0.302856,17626.3,0.448239,0.248901,-0.2,0.05,229.835,6.88128e+06,0.504863,0.041369,0.766242,0.0109115,-0.423562,0.888,0.218667,nan,nan,nan,nan,-0.0276919,-0.0873591,-0.0198687,0.0580833,-0.332712,-8.33333e-05,-0.0496727,-0.514677,nan
561,21.2175,913.091,0.0219597,0.375,0.0833333,0.139615,1.07552,0.0261325,-0.00828627,2.66665,8.88889e-05,0.0109516,0.302658,17736,0.45083,0.241999,-0.2,0.05,230.53,6.89357e+06,0.502773,0.0413972,0.796404,0.0103553,-0.437039,0.913091,0.219355,nan,nan,nan,nan,-0.0265958,-0.0812678,-0.0203698,0.06,-0.341577,0,-0.0534656,-0.522188,nan
562,18.5614,839.273,0.0222136,0.333333,0.125,0.136857,1.09023,0.0264014,-0.00962202,2.65672,8.88889e-05,0.00692762,0.302386,18043.3,0.447318,0.233709,-0.2,0.05,231.212,6.90586e+06,0.449524,0.0423828,0.720168,0.00907614,-0.401091,0.839273,0.198518,nan,nan,nan,nan,-0.0253233,-0.0805424,-0.0186345,0.0560909,-0.314054,0,-0.0492432,-0.498075,nan
563,18.8502,889.143,0.0222424,0.208333,0.0833333,0.137909,1.07111,0.0264848,-0.00871244,2.64526,8.88889e-05,0.00954731,0.302102,18228.7,0.436609,0.237493,-0.2,0.05,231.887,6.91814e+06,0.405138,0.0481241,0.768968,0.0103837,-0.423347,0.889143,0.211586,nan,nan,nan,nan,-0.0273868,-0.083564,-0.0200126,0.0524286,-0.332701,0,-0.0529945,-0.503254,nan
564,19.2268,913.2,0.0217708,0.375,0.0416667,0.140324,1.05761,0.0271356,-0.0087356,2.63561,8.88889e-05,0.00949337,0.301932,17879.4,0.447613,0.239657,-0.2,0.05,232.576,6.93043e+06,0.38828,0.0522851,0.791916,0.0112102,-0.435311,0.9132,0.22196,nan,nan,nan,nan,-0.0276767,-0.0872231,-0.020785,0.0618,-0.340772,-0.0001,-0.056131,-0.511312,nan
565,18.7539,884.125,0.0218587,0.291667,0.0416667,0.13983,1.08445,0.0195003,-0.00961909,2.62912,8.88889e-05,0.01469,0.301749,13697.6,0.57939,0.317704,-0.2,0.05,233.474,6.94272e+06,0.404342,0.0491414,0.762828,0.0100266,-0.417226,0.884125,0.214425,nan,nan,nan,nan,-0.0263077,-0.081908,-0.0189983,0.0535,-0.329516,-0.000125,-0.052714,-0.513899,nan
566,21.5105,953.125,0.0220295,0.583333,0.0833333,0.140393,1.06944,0.0315366,-0.0105672,2.62028,8.88889e-05,0.0126664,0.301496,18131.3,0.443189,0.234535,-0.2,0.05,234.153,6.95501e+06,0.505968,0.0446588,0.823099,0.0114979,-0.454212,0.953125,0.237987,nan,nan,nan,nan,-0.0297022,-0.09374,-0.0226704,0.06725,-0.356704,-0.0004375,-0.0534909,-0.557102,nan
567,18.9586,862.857,0.0225034,0.416667,0.166667,0.137709,1.06094,0.0289775,-0.00901529,2.61078,8.88889e-05,0.0108552,0.301285,17990.4,0.448674,0.234357,-0.2,0.05,234.837,6.9673e+06,0.428651,0.0432284,0.742607,0.00987942,-0.409889,0.862857,0.217079,nan,nan,nan,nan,-0.0269667,-0.081242,-0.0196146,0.0585714,-0.321085,-0.000142857,-0.051622,-0.504379,nan
568,20.8477,1000,0.0228311,0.458333,0,0.135878,1.06683,0.0227362,-0.00953948,2.60196,8.88889e-05,0.0130936,0.301049,18032.3,0.445237,0.236208,-0.2,0.05,235.52,6.97958e+06,0.414581,0.0551029,0.8675,0.0124177,-0.473175,1,0.248582,nan,nan,nan,nan,-0.0303163,-0.0967004,-0.0230717,0.0673636,-0.3733,0,-0.0582758,-0.568323,nan
569,18.7372,895.267,0.0221982,0.5,0.125,0.138881,1.0801,0.029846,-0.00824056,2.59318,8.88889e-05,0.00594429,0.300875,17625.8,0.446517,0.250642,-0.2,0.05,236.218,6.99187e+06,0.38774,0.0481798,0.774358,0.0112774,-0.423164,0.895267,0.217433,nan,nan,nan,nan,-0.0276155,-0.090654,-0.0210269,0.062,-0.334193,-0.000333333,-0.0512035,-0.511205,nan
570,21.9172,896.556,0.0220985,0.333333,0.0416667,0.138469,1.06204,0.0252518,-0.0105487,2.58685,8.88889e-05,0.0127564,0.300728,18148.3,0.440322,0.236767,-0.2,0.05,236.897,7.00416e+06,0.525444,0.044707,0.780666,0.0107767,-0.421268,0.896556,0.231767,nan,nan,nan,nan,-0.0279934,-0.0856812,-0.02161,0.06,-0.333998,-0.000555556,-0.0505562,-0.512396,nan
571,21.8164,975.3,0.0216539,0.375,0.0416667,0.143892,1.04812,0.0210108,-0.0101485,2.58028,8.88889e-05,0.015182,0.300567,17998.7,0.440005,0.24271,-0.2,0.05,237.58,7.01645e+06,0.5077,0.0434299,0.842788,0.0111015,-0.459736,0.9753,0.23341,nan,nan,nan,nan,-0.0284061,-0.0871298,-0.0213836,0.0581,-0.363887,-0.0002,-0.0576799,-0.562587,nan
572,20.8445,940.333,0.0219122,0.583333,0.0416667,0.1429,1.06246,0.0254449,-0.00915799,2.5737,8.88889e-05,0.00855294,0.300393,18296.2,0.435364,0.23625,-0.2,0.05,238.253,7.02874e+06,0.482332,0.0456621,0.813168,0.0112448,-0.441278,0.940333,0.216333,nan,nan,nan,nan,-0.0277303,-0.0863606,-0.0200561,0.0586,-0.349465,-6.66667e-05,-0.0575776,-0.542912,nan
573,21.2598,1000,0.0223806,0.25,0,0.142195,1.05824,0.0212472,-0.00899351,2.56539,8.88889e-05,0.0093853,0.300172,17995.4,0.44005,0.242792,-0.2,0.05,238.937,7.04102e+06,0.432129,0.0476297,0.870391,0.0123755,-0.468468,1,0.241833,nan,nan,nan,nan,-0.0306262,-0.0965859,-0.0238397,0.0683333,-0.372426,-0.000333333,-0.0584182,-0.559004,nan
574,20.6132,919.529,0.0223433,0.583333,0.125,0.138366,1.0462,0.0335418,-0.00976658,2.55759,8.88889e-05,0.0154879,0.300042,15335.2,0.455502,0.34579,-0.2,0.05,239.74,7.05331e+06,0.465832,0.044224,0.793779,0.0105557,-0.42942,0.919529,0.219888,nan,nan,nan,nan,-0.0281079,-0.0903449,-0.0206298,0.0627059,-0.341021,-5.88235e-05,-0.0572492,-0.519025,nan
575,18.8872,841,0.0222227,0.291667,0.208333,0.138156,1.07789,0.0318265,-0.00911199,2.55242,8.88889e-05,0.0167754,0.299896,13216.4,0.558105,0.371646,-0.2,0.05,240.671,7.0656e+06,0.434989,0.048759,0.724697,0.0093329,-0.391087,0.841,0.187183,nan,nan,nan,nan,-0.0240428,-0.072624,-0.0183158,0.053,-0.312932,-0.0005,-0.0495331,-0.485566,nan
576,19.289,902.125,0.0227803,0.541667,0.125,0.137849,1.06337,0.0313376,-0.00940396,2.5448,8.88889e-05,0.0173582,0.299664,14874.1,0.508507,0.317628,-0.2,0.05,241.498,7.07789e+06,0.400684,0.0491346,0.777486,0.011238,-0.419812,0.902125,0.220375,nan,nan,nan,nan,-0.0279393,-0.0869272,-0.0205265,0.0621875,-0.334504,-0.0004375,-0.0612152,-0.507419,nan
577,19.6742,909.55,0.0215622,0.708333,0.125,0.142321,1.09436,0.0200475,-0.00971857,2.53548,8.88889e-05,0.0145788,0.29946,15666.4,0.507554,0.276801,-0.2,0.05,242.284,7.09018e+06,0.417374,0.0488896,0.786964,0.0112528,-0.424659,0.90955,0.225755,nan,nan,nan,nan,-0.0284872,-0.0914442,-0.0215171,0.06275,-0.336939,0,-0.0592526,-0.516526,nan
578,18.87,925.789,0.0228057,0.666667,0.125,0.139916,1.04153,0.0235487,-0.00959622,2.52703,8.88889e-05,0.0131652,0.299222,16304.8,0.481198,0.272446,-0.2,0.05,243.039,7.10246e+06,0.375062,0.0469126,0.796546,0.010767,-0.431297,0.925789,0.231516,nan,nan,nan,nan,-0.0286023,-0.0873507,-0.0208651,0.0607895,-0.343659,-0.000105263,-0.0572852,-0.534716,nan
579,22.4221,1000,0.0223293,0.25,0,0.138217,1.03566,0.0226888,-0.00892427,2.51741,8.88889e-05,0.0195618,0.299012,15127.3,0.463394,0.348914,-0.2,0.05,243.852,7.11475e+06,0.476,0.0492272,0.872807,0.010155,-0.461204,1,0.248883,nan,nan,nan,nan,-0.0295026,-0.0880289,-0.0214437,0.06,-0.37021,0,-0.0632827,-0.562295,nan
580,19.5582,1000,0.0224913,0.166667,0,0.137736,1.04182,0.0208028,-0.0104656,2.5084,8.88889e-05,0.0107807,0.298742,13936,0.540479,0.341268,-0.2,0.05,244.736,7.12704e+06,0.361024,0.045925,0.857092,0.0130716,-0.46075,1,0.268075,nan,nan,nan,nan,-0.0334006,-0.109847,-0.0245318,0.07125,-0.373681,0,-0.0572425,-0.579076,nan
581,17.3916,791.375,0.0231261,0.25,0.0833333,0.135421,1.06604,0.0222073,-0.00986565,2.49726,8.88889e-05,0.0101713,0.298488,14106.4,0.509352,0.361742,-0.2,0.05,245.608,7.13933e+06,0.361094,0.0433601,0.684355,0.0086002,-0.366192,0.791375,0.190125,nan,nan,nan,nan,-0.0231266,-0.0723041,-0.0172188,0.052875,-0.29345,0,-0.048257,-0.441655,nan
582,21.6796,1000,0.0232275,0.375,0,0.136858,1.08825,0.0266784,-0.00985395,2.48858,8.88889e-05,0.0142603,0.298299,15019.4,0.543956,0.274188,-0.2,0.05,246.427,7.15162e+06,0.429912,0.0534791,0.866299,0.0132242,-0.461047,1,0.258889,nan,nan,nan,nan,-0.0324426,-0.104843,-0.0244637,0.0733333,-0.371145,-0.000111111,-0.0602967,-0.556809,nan
583,17.9404,791.8,0.0226988,0.0833333,0.125,0.136156,1.06213,0.0299256,-0.0107033,2.47995,8.88889e-05,0.0162386,0.298038,17248,0.472848,0.239584,-0.2,0.05,247.141,7.1639e+06,0.392833,0.0410256,0.678722,0.010037,-0.367767,0.7918,0.20836,nan,nan,nan,nan,-0.0267546,-0.0823786,-0.019655,0.0568,-0.2934,0,-0.047815,-0.444786,nan
584,22.1279,942,0.0228383,0.291667,0.0833333,0.136885,1.08119,0.0363251,-0.00912704,2.47019,8.88889e-05,0.0148273,0.297857,17885.4,0.444317,0.242724,-0.2,0.05,247.829,7.17619e+06,0.506375,0.0514893,0.816775,0.0115927,-0.436906,0.942,0.234367,nan,nan,nan,nan,-0.0296327,-0.0921805,-0.0222016,0.0655556,-0.349721,-0.000111111,-0.0575787,-0.533426,nan
585,18.3602,831.778,0.0221465,0.25,0.125,0.135886,1.05772,0.0313295,-0.0104595,2.46275,8.88889e-05,0.00918221,0.29764,16044.4,0.441197,0.32468,-0.2,0.05,248.596,7.18848e+06,0.375048,0.0416516,0.720788,0.00992009,-0.38106,0.831778,0.202011,nan,nan,nan,nan,-0.0248997,-0.0780122,-0.0181329,0.0515556,-0.306871,0,-0.0498574,-0.455912,nan
586,18.54,903.222,0.0225532,0.291667,0.0833333,0.133407,1.07805,0.0301749,-0.0104212,2.45432,8.88889e-05,0.0121586,0.297459,13948.2,0.528382,0.352591,-0.2,0.05,249.479,7.20077e+06,0.340839,0.0390049,0.785066,0.0118226,-0.41598,0.903222,0.228289,nan,nan,nan,nan,-0.0288869,-0.0904159,-0.0221522,0.0705556,-0.334008,-0.000222222,-0.0569665,-0.503166,nan
587,16.8166,760.778,0.022559,0.25,0.125,0.136458,1.0838,0.0264034,-0.00968049,2.44624,8.88889e-05,0.014684,0.297242,14658.9,0.511973,0.326289,-0.2,0.05,250.318,7.21306e+06,0.353882,0.0409437,0.655606,0.00987239,-0.34543,0.760778,0.180089,nan,nan,nan,nan,-0.0231892,-0.0731393,-0.0174941,0.0551111,-0.281126,-0.000333333,-0.0451353,-0.429604,nan
588,19.4469,885.286,0.0231418,0.416667,0.166667,0.136128,1.07002,0.0313223,-0.0101368,2.4375,8.88889e-05,0.0170718,0.297024,14514.9,0.516964,0.329612,-0.2,0.05,251.167,7.22534e+06,0.44353,0.039842,0.765053,0.0104192,-0.406108,0.885286,0.202657,nan,nan,nan,nan,-0.0260482,-0.0836519,-0.0196789,0.062,-0.327982,-7.14286e-05,-0.0551553,-0.517746,nan
589,16.6121,792.8,0.0228838,0.125,0.0833333,0.134759,1.07025,0.0278413,-0.00857939,2.42757,8.88889e-05,0.0171022,0.296765,15912.6,0.532849,0.239369,-0.2,0.05,251.94,7.23763e+06,0.334802,0.0403285,0.686355,0.0105749,-0.364297,0.7928,0.19286,nan,nan,nan,nan,-0.0251619,-0.078365,-0.0190839,0.0616,-0.291146,0,-0.0509096,-0.459751,nan
590,19.7817,949.667,0.022938,0.541667,0.0833333,0.134649,1.08191,0.0269704,-0.00918173,2.41747,8.88889e-05,0.0148702,0.296535,17831.5,0.448957,0.240162,-0.2,0.05,252.63,7.24992e+06,0.394399,0.0478958,0.815177,0.0118644,-0.432971,0.949667,0.231993,nan,nan,nan,nan,-0.0296372,-0.09414,-0.0221572,0.0671333,-0.350754,-6.66667e-05,-0.0594019,-0.539919,nan
591,19.1176,826.571,0.0231121,0.208333,0.0833333,0.136327,1.07369,0.0298915,-0.00984288,2.40929,8.88889e-05,0.0125773,0.296377,15014.2,0.44363,0.374796,-0.2,0.05,253.45,7.26221e+06,0.431335,0.0385317,0.713403,0.0109507,-0.375164,0.826571,0.211829,nan,nan,nan,nan,-0.0267172,-0.0866292,-0.0196229,0.0588571,-0.304182,0,-0.0474464,-0.475836,nan
592,22.0706,1000,0.0228609,4.29167,0,0.135195,1.04322,0.0197063,-0.00941036,2.40205,8.88889e-05,0.00991031,0.296146,13489.8,0.565201,0.345708,-0.2,0.05,254.362,7.2745e+06,0.458028,0.0503596,0.86601,0.0123907,-0.45534,1,0.239034,nan,nan,nan,nan,-0.0301127,-0.0948322,-0.0228247,0.0685922,-0.369331,-4.85437e-05,-0.0601764,-0.558218,nan
593,22.0599,1000,0.0226259,0.583333,0,0.135045,1.0729,0.0240242,-0.00911726,2.39149,8.88889e-05,0.0170071,0.295895,14686.7,0.51267,0.324006,-0.2,0.05,255.2,7.28678e+06,0.449552,0.0487584,0.868133,0.0131912,-0.456751,1,0.242029,nan,nan,nan,nan,-0.030637,-0.0992444,-0.0236508,0.072,-0.370024,-7.14286e-05,-0.0602812,-0.550008,nan
594,21.8343,978.692,0.0237241,0.5,0.0416667,0.134648,1.06894,0.0216097,-0.0101865,2.38175,8.88889e-05,0.0165186,0.295684,15084.1,0.511572,0.303063,-0.2,0.05,256.016,7.29907e+06,0.482267,0.0493909,0.847836,0.0107518,-0.444104,0.978692,0.207708,nan,nan,nan,nan,-0.0265065,-0.0847878,-0.0199894,0.0616923,-0.36096,0,-0.0597087,-0.550566,nan
595,16.7709,777.692,0.0229312,0.333333,0.208333,0.136389,1.07486,0.0275463,-0.0103588,2.37376,8.88889e-05,0.0173801,0.295511,16433.8,0.494339,0.253389,-0.2,0.05,256.765,7.31136e+06,0.342294,0.0402607,0.665987,0.0101794,-0.353857,0.777692,0.191577,nan,nan,nan,nan,-0.0249774,-0.0782557,-0.018228,0.0580769,-0.287599,0,-0.0456644,-0.438939,nan
596,21.0158,902.6,0.0231471,0.333333,0.0833333,0.134044,1.07924,0.0254152,-0.00923947,2.36585,8.88889e-05,0.0190511,0.295298,17959.8,0.447275,0.23692,-0.2,0.05,257.451,7.32365e+06,0.461538,0.0485829,0.779707,0.011191,-0.409797,0.9026,0.21478,nan,nan,nan,nan,-0.0269347,-0.0859775,-0.0205914,0.0606,-0.333883,0,-0.0498888,-0.501137,nan
597,20.3932,917.25,0.0242435,0.25,0.0833333,0.132162,1.09345,0.0370017,-0.00966677,2.35708,8.88889e-05,0.0144569,0.295118,17559,0.45687,0.242942,-0.2,0.05,258.152,7.33594e+06,0.437088,0.0470801,0.791102,0.0119813,-0.415236,0.91725,0.2066,nan,nan,nan,nan,-0.026578,-0.0862409,-0.0197795,0.060625,-0.336868,0,-0.0542362,-0.513127,nan
598,17.4799,731,0.023985,0.333333,0.208333,0.13104,1.08237,0.0263456,-0.0106607,2.34927,8.88889e-05,0.0164448,0.294907,14090.4,0.522714,0.349369,-0.2,0.05,259.025,7.34822e+06,0.417426,0.0341204,0.628932,0.00925944,-0.330027,0.731,0.158508,nan,nan,nan,nan,-0.0217615,-0.0701932,-0.0155908,0.0519231,-0.269303,-7.69231e-05,-0.0439745,-0.406246,nan
599,21.6122,997.1,0.023103,0.375,0.0416667,0.138209,1.06917,0.031372,-0.00957631,2.33979,8.88889e-05,0.0141642,0.294662,14388.8,0.529533,0.324465,-0.2,0.05,259.88,7.36051e+06,0.44428,0.0444538,0.86146,0.0122586,-0.44506,0.9971,0.23047,nan,nan,nan,nan,-0.0294024,-0.0937689,-0.0221181,0.0711,-0.367783,0,-0.0571718,-0.565211,nan
600,22.8813,977.312,0.0237412,0.583333,0.0833333,0.134169,1.08554,0.0239736,-0.00925135,2.32931,8.88889e-05,0.0121226,0.294387,14596.6,0.512227,0.329612,-0.2,0.05,260.724,7.3728e+06,0.500817,0.0539812,0.852231,0.0130833,-0.444842,0.977312,0.226612,nan,nan,nan,nan,-0.0293391,-0.0918793,-0.021995,0.0675,-0.360885,0,-0.0574401,-0.541091,nan
601,20.3449,914,0.0243176,0.25,0.0833333,0.133398,1.05869,0.0210113,-0.0101081,2.31812,8.88889e-05,0.0122602,0.29415,17797.7,0.449349,0.241079,-0.2,0.05,263.067,7.38509e+06,0.428458,0.0453172,0.791893,0.0120247,-0.411459,0.914,0.214575,nan,nan,nan,nan,-0.0278522,-0.0877696,-0.0204967,0.0605,-0.336737,0,-0.0496579,-0.515552,nan
602,20.7892,907.231,0.0238825,0.458333,0.0833333,0.136725,1.06562,0.0269242,-0.0106953,2.30915,8.88889e-05,0.0104798,0.293951,14943.9,0.476956,0.345321,-0.2,0.05,263.891,7.39738e+06,0.466438,0.0444046,0.783848,0.0112823,-0.411484,0.907231,0.208677,nan,nan,nan,nan,-0.0267928,-0.0846735,-0.0195427,0.0604615,-0.336148,-7.69231e-05,-0.0518747,-0.512288,nan
603,20.0988,921.222,0.0239874,0.333333,0.0416667,0.132991,1.07396,0.0285527,-0.00986267,2.30166,8.88889e-05,0.0161931,0.2938,14015.7,0.527545,0.349184,-0.2,0.05,264.769,7.40966e+06,0.420368,0.0468004,0.795605,0.012427,-0.413752,0.921222,0.206478,nan,nan,nan,nan,-0.028513,-0.0914861,-0.0204194,0.0612222,-0.340429,0,-0.0484102,-0.516173,nan
604,20.2658,906.833,0.0240333,0.375,0.125,0.134583,1.0767,0.0256606,-0.00935161,2.29476,8.88889e-05,0.0176929,0.293606,14743.1,0.516888,0.316587,-0.2,0.05,265.604,7.42195e+06,0.410067,0.0481633,0.789017,0.0129747,-0.404055,0.906833,0.221408,nan,nan,nan,nan,-0.0285442,-0.092833,-0.0215987,0.0665,-0.334207,0,-0.052623,-0.507814,nan
605,19.2043,879.833,0.0247698,0.208333,0.0416667,0.13388,1.06918,0.0288127,-0.00876731,2.28727,8.88889e-05,0.0164098,0.293471,16207.1,0.50841,0.249775,-0.2,0.05,266.363,7.43424e+06,0.401149,0.0456784,0.770457,0.0103791,-0.391453,0.879833,0.154367,nan,nan,nan,nan,-0.020455,-0.0683773,-0.0150472,0.0481667,-0.32393,0,-0.0528833,-0.477668,nan
606,23.8152,1000,0.0240188,0.166667,0,0.133857,1.07626,0.0223758,-0.010075,2.28223,8.88889e-05,0.0138406,0.293336,15895.1,0.512414,0.260653,-0.2,0.05,267.138,7.44653e+06,0.515468,0.0479675,0.879643,0.0120031,-0.448152,1,0.213475,nan,nan,nan,nan,-0.02707,-0.0824991,-0.0193808,0.06275,-0.369904,0,-0.0521858,-0.541353,nan
607,24.8495,1000,0.0241311,0.416667,0,0.133539,1.08762,0.0260337,-0.0098349,2.27447,8.88889e-05,0.00989008,0.29307,17469.4,0.458013,0.245389,-0.2,0.05,267.842,7.45882e+06,0.560977,0.0509637,0.867089,0.0153508,-0.44861,1,0.24745,nan,nan,nan,nan,-0.0329546,-0.10884,-0.0236073,0.0802,-0.368118,0,-0.0568162,-0.54061,nan
608,21.5981,961.375,0.0242411,0.625,0.0416667,0.135376,1.09149,0.0221527,-0.00992256,2.26298,8.88889e-05,0.00919113,0.292818,13076.8,0.568853,0.370823,-0.2,0.05,268.783,7.4711e+06,0.459717,0.0474205,0.833812,0.0131865,-0.431235,0.961375,0.219944,nan,nan,nan,nan,-0.0290914,-0.0949482,-0.0214344,0.0683125,-0.354801,0,-0.0550164,-0.537334,nan
609,21.0658,1000,0.0243069,0.458333,0,0.134727,1.09488,0.0202166,-0.0107631,2.25277,8.88889e-05,0.0191973,0.292559,14170,0.534863,0.332322,-0.2,0.05,269.652,7.48339e+06,0.404729,0.0480428,0.864231,0.0139522,-0.447662,1,0.230364,nan,nan,nan,nan,-0.0301219,-0.0988692,-0.0236986,0.0719091,-0.367972,-0.000454545,-0.0566013,-0.554556,nan
610,23.2855,945.667,0.0230352,0.458333,0.0416667,0.139144,1.08849,0.0231999,-0.00975373,2.24281,8.88889e-05,0.0139701,0.292353,13531.3,0.558728,0.349386,-0.2,0.05,270.562,7.49568e+06,0.501892,0.0507934,0.830999,0.0143377,-0.422069,0.945667,0.219775,nan,nan,nan,nan,-0.0290637,-0.0972243,-0.022267,0.06925,-0.348217,0,-0.0494707,-0.500125,nan
611,23.133,928.538,0.0234637,0.458333,0.0833333,0.137136,1.06625,0.0256955,-0.00911444,2.23484,8.88889e-05,0.0143984,0.292179,13445.6,0.532037,0.381868,-0.2,0.05,271.477,7.50797e+06,0.533454,0.052149,0.811596,0.0132139,-0.415956,0.928538,0.197615,nan,nan,nan,nan,-0.0267596,-0.0871792,-0.0202023,0.0642308,-0.343337,0,-0.04758,-0.503133,nan
612,20.1549,858.091,0.0224008,0.375,0.0833333,0.143195,1.08622,0.0282932,-0.0105232,2.22686,8.88889e-05,0.0120611,0.291954,16047.8,0.494991,0.270722,-0.2,0.05,272.244,7.52026e+06,0.427099,0.0436048,0.74838,0.0126293,-0.382452,0.858091,0.197118,nan,nan,nan,nan,-0.0268073,-0.0894954,-0.0199939,0.0629091,-0.315359,0,-0.0462003,-0.461776,nan
613,23.0883,949.3,0.0230652,0.375,0.0416667,0.136542,1.06289,0.0172595,-0.00988727,2.21669,8.88889e-05,0.0110325,0.291695,17580.3,0.456023,0.242943,-0.2,0.05,272.944,7.53254e+06,0.500832,0.0546016,0.826761,0.0137632,-0.422942,0.9493,0.22785,nan,nan,nan,nan,-0.0299449,-0.098925,-0.0220877,0.0708,-0.350367,0,-0.0519277,-0.513297,nan
614,23.3817,1000,0.0237971,0.458333,0,0.137698,1.06313,0.0203709,-0.0099198,2.20659,8.88889e-05,0.0146651,0.291473,14304.8,0.490278,0.368737,-0.2,0.05,273.804,7.54483e+06,0.473576,0.0554497,0.879675,0.0154849,-0.442464,1,0.223564,nan,nan,nan,nan,-0.0297681,-0.0998907,-0.0234977,0.0752727,-0.368019,0,-0.0531153,-0.537185,nan
615,23.7632,1000,0.0240403,0.375,0,0.134211,1.07823,0.0191111,-0.00997902,2.19739,8.88889e-05,0.0163715,0.291264,12136.1,0.617093,0.395427,-0.2,0.05,274.819,7.55712e+06,0.528248,0.0476222,0.868032,0.0143456,-0.442262,1,0.228233,nan,nan,nan,nan,-0.0297818,-0.0999948,-0.0222763,0.07,-0.367469,-0.000111111,-0.0517994,-0.554629,nan
616,23.9796,956.167,0.0243997,0.708333,0.0416667,0.134315,1.05299,0.0208264,-0.0110233,2.18831,8.88889e-05,0.0115665,0.291034,13627.9,0.566197,0.335481,-0.2,0.05,275.722,7.56941e+06,0.553772,0.051287,0.836228,0.0137917,-0.426667,0.956167,0.214822,nan,nan,nan,nan,-0.0290564,-0.0980212,-0.0217897,0.068,-0.35315,-0.000222222,-0.0513458,-0.514837,nan
617,21.986,967.6,0.0249075,0.583333,0.0416667,0.131732,1.05949,0.0232247,-0.0105156,2.18012,8.88889e-05,0.0139998,0.290906,14240.6,0.567314,0.295572,-0.2,0.05,276.586,7.5817e+06,0.44169,0.0485964,0.846047,0.0150513,-0.427278,0.9676,0.222787,nan,nan,nan,nan,-0.0306863,-0.10289,-0.022976,0.0726,-0.356133,-6.66667e-05,-0.0488777,-0.526161,nan
618,23.4109,980.75,0.0241223,0.625,0.0416667,0.133902,1.07756,0.0307801,-0.00918624,2.1756,8.88889e-05,0.0107904,0.29079,15648.9,0.514968,0.270263,-0.2,0.05,277.373,7.59398e+06,0.497668,0.0498983,0.858977,0.0162652,-0.430527,0.98075,0.233825,nan,nan,nan,nan,-0.0320345,-0.107765,-0.0242569,0.076625,-0.361295,0,-0.0508063,-0.536778,nan
619,23.4798,958.636,0.0234134,0.416667,0.0416667,0.137669,1.05997,0.0242204,-0.010794,2.16872,8.88889e-05,0.0118267,0.290565,16909.1,0.476648,0.250063,-0.2,0.05,278.101,7.60627e+06,0.515048,0.049672,0.839352,0.0154931,-0.422117,0.958636,0.209682,nan,nan,nan,nan,-0.0289727,-0.101781,-0.0221945,0.0728182,-0.35302,-0.000181818,-0.0472453,-0.511201,nan
620,21.5359,959.294,0.0237643,0.625,0.0833333,0.137082,1.07532,0.0239149,-0.00984764,2.15843,8.88889e-05,0.013726,0.290318,11317.9,0.623671,0.462046,-0.2,0.05,279.188,7.61856e+06,0.435099,0.0501827,0.831049,0.0142831,-0.423809,0.959294,0.220535,nan,nan,nan,nan,-0.0299693,-0.101482,-0.0218248,0.0719412,-0.352811,-5.88235e-05,-0.0494159,-0.526219,nan
621,20.0344,821.625,0.0239296,0.25,0.0833333,0.136337,1.08114,0.0333568,-0.0105117,2.14869,8.88889e-05,0.0128139,0.290131,13024.5,0.595623,0.34783,-0.2,0.05,280.134,7.63085e+06,0.454475,0.042458,0.714303,0.013544,-0.362869,0.821625,0.179787,nan,nan,nan,nan,-0.0257782,-0.0842486,-0.0201716,0.06,-0.302377,0,-0.0395553,-0.449475,nan
622,12.1394,586.429,0.0244391,0.125,0.166667,0.134166,1.08905,0.0298556,-0.0095885,2.14056,8.88889e-05,0.0136416,0.289887,13842.7,0.549718,0.337968,-0.2,0.05,281.023,7.64314e+06,0.201593,0.0333638,0.508997,0.00959765,-0.257231,0.586429,0.129486,nan,nan,nan,nan,-0.0183238,-0.0614603,-0.0136747,0.0464286,-0.216217,-0.000142857,-0.0258307,-0.316043,nan
623,21.7273,952.273,0.0244712,0.375,0.0833333,0.134004,1.0767,0.0206434,-0.00991725,2.12869,8.88889e-05,0.0145494,0.289603,15172.6,0.533691,0.276191,-0.2,0.05,281.834,7.65542e+06,0.41983,0.0553477,0.831888,0.0146638,-0.414495,0.952273,0.214464,nan,nan,nan,nan,-0.0293817,-0.0979437,-0.0223203,0.0717273,-0.350265,0,-0.0449991,-0.514422,nan
624,21.8964,1000,0.0244419,0.25,0,0.134714,1.07981,0.0220888,-0.00953932,2.11763,8.88889e-05,0.0119202,0.289359,16313.7,0.498269,0.254961,-0.2,0.05,282.589,7.66771e+06,0.417992,0.0488337,0.866873,0.0150085,-0.438818,1,0.230783,nan,nan,nan,nan,-0.0318841,-0.107117,-0.0235401,0.0728333,-0.369964,-0.000166667,-0.0469249,-0.539091,nan
625,22.2136,908.75,0.0229421,0.291667,0.0416667,0.138423,1.05183,0.0214453,-0.0101823,2.10785,8.88889e-05,0.0153809,0.289138,16929.5,0.476724,0.249111,-0.2,0.05,283.316,7.68e+06,0.465537,0.0435861,0.80031,0.0160497,-0.396849,0.90875,0.213612,nan,nan,nan,nan,-0.0298052,-0.102857,-0.0224153,0.074375,-0.334449,0,-0.0427337,-0.482433,nan
626,18.5226,856,0.0230356,0.458333,0.166667,0.136665,1.06969,0.0336259,-0.0112657,2.09987,8.88889e-05,0.0136646,0.288995,12781.7,0.555227,0.406149,-0.2,0.05,284.278,7.69229e+06,0.332429,0.0453151,0.748783,0.013786,-0.371865,0.856,0.194593,nan,nan,nan,nan,-0.0270267,-0.0919839,-0.0209386,0.0658,-0.315789,-0.000133333,-0.0389951,-0.463847,nan
627,23.0481,1000,0.024445,0.291667,0,0.135227,1.06136,0.0220649,-0.00851045,2.09309,8.88889e-05,0.00757727,0.288785,13586.8,0.552353,0.352051,-0.2,0.05,285.184,7.70458e+06,0.482388,0.0493315,0.869335,0.0157641,-0.435808,1,0.228514,nan,nan,nan,nan,-0.0316219,-0.111828,-0.0228085,0.0758571,-0.36825,0,-0.0491244,-0.549344,nan
628,20.1964,868.5,0.0234955,0.291667,0.125,0.137766,1.06525,0.0303074,-0.00916294,2.08334,8.88889e-05,0.0111569,0.288569,13833.2,0.545639,0.342658,-0.2,0.05,286.075,7.71686e+06,0.407037,0.047909,0.759591,0.0140645,-0.381779,0.8685,0.19053,nan,nan,nan,nan,-0.026702,-0.0929434,-0.0199019,0.0679,-0.319524,0,-0.0405423,-0.464317,nan
629,21.1927,926.385,0.0241604,0.458333,0.0833333,0.137814,1.05311,0.0257332,-0.0103943,2.0751,8.88889e-05,0.013609,0.28839,15188.9,0.507584,0.30143,-0.2,0.05,286.885,7.72915e+06,0.437368,0.0400136,0.807541,0.0143125,-0.405767,0.926385,0.209415,nan,nan,nan,nan,-0.0287171,-0.0986277,-0.0220244,0.0719231,-0.341874,0,-0.0423605,-0.507954,nan
630,17.8094,855,0.0245209,0.375,0.0833333,0.135496,1.03461,0.0229901,-0.0090308,2.06612,8.88889e-05,0.0101066,0.288133,16886,0.473989,0.253715,-0.2,0.05,287.614,7.74144e+06,0.302542,0.042772,0.746086,0.014714,-0.372769,0.855,0.190645,nan,nan,nan,nan,-0.0275971,-0.0938897,-0.0199533,0.0725455,-0.314421,0,-0.0423701,-0.462832,nan
631,23.742,908.556,0.0254863,0.291667,0.0833333,0.131072,1.05404,0.0319139,-0.0106461,2.05622,8.88889e-05,0.0197742,0.287948,15905.4,0.47591,0.296659,-0.2,0.05,288.388,7.75373e+06,0.534443,0.0457634,0.800544,0.0138378,-0.393084,0.908556,0.194089,nan,nan,nan,nan,-0.0268753,-0.0891576,-0.0205631,0.0693333,-0.333486,0,-0.0432931,-0.473009,nan
632,22.7117,987.3,0.0247221,0.375,0.0416667,0.133748,1.06414,0.0291531,-0.00906465,2.04841,8.88889e-05,0.0136746,0.287763,13376.8,0.56088,0.357723,-0.2,0.05,289.308,7.76602e+06,0.454289,0.0432632,0.861157,0.0156208,-0.429063,0.9873,0.23242,nan,nan,nan,nan,-0.0314047,-0.107136,-0.0241512,0.0775,-0.364091,0,-0.0437993,-0.536319,nan
633,20.3498,884.5,0.024694,0.333333,0.0833333,0.132332,1.07462,0.0265559,-0.00896526,2.04059,8.88889e-05,0.0142616,0.287585,13690.1,0.549916,0.347664,-0.2,0.05,290.207,7.7783e+06,0.388041,0.0444073,0.771397,0.0151861,-0.37747,0.8845,0.21142,nan,nan,nan,nan,-0.0297443,-0.104226,-0.0221976,0.075,-0.324479,-0.0001,-0.0380436,-0.476202,nan
634,24.0236,1000,0.0235019,3.91667,0,0.132905,1.06562,0.0191221,-0.0119922,2.03322,5.92593e-05,0.0201236,0.287428,12933.6,0.601863,0.34822,-0.2,0.05,291.158,7.79059e+06,0.499201,0.0532725,0.876338,0.0163761,-0.434115,1,0.223813,nan,nan,nan,nan,-0.0308158,-0.105294,-0.023698,0.0782979,-0.367566,-3.19149e-05,-0.0454302,-0.539169,nan
635,24.3316,1000,0.0252707,0.375,0,0.131555,1.07557,0.021249,-0.010302,2.02792,5.92593e-05,0.00804114,0.28735,15169.1,0.534849,0.275218,-0.2,0.05,291.97,7.80288e+06,0.49967,0.0544434,0.877759,0.0153313,-0.431749,1,0.225289,nan,nan,nan,nan,-0.0304567,-0.0997094,-0.0231861,0.077,-0.366921,0,-0.0463932,-0.534499,nan
636,20.0763,868.286,0.024626,0.5,0.0833333,0.133008,1.05371,0.0234482,-0.00938844,2.02406,5.92593e-05,0.00987724,0.287235,16892.9,0.478121,0.249284,-0.2,0.05,292.699,7.81517e+06,0.401023,0.0477604,0.753743,0.0135235,-0.374674,0.868286,0.196886,nan,nan,nan,nan,-0.0268006,-0.0910965,-0.0204461,0.067,-0.319296,0,-0.0417726,-0.47032,nan
637,23.7252,1000,0.0247989,0.458333,0,0.133656,1.049,0.0213062,-0.00897476,2.01791,5.92593e-05,0.0093502,0.287062,17115.8,0.463842,0.25409,-0.2,0.05,293.418,7.82746e+06,0.498368,0.0512555,0.870805,0.015197,-0.434676,1,0.2193,nan,nan,nan,nan,-0.0301415,-0.105108,-0.0228407,0.0703636,-0.368442,-9.09091e-05,-0.0434213,-0.534307,nan
638,23.8794,1000,0.0246402,0.333333,0,0.133583,1.05078,0.0262898,-0.00870606,2.01042,5.92593e-05,0.00752969,0.286901,17300.2,0.471811,0.238469,-0.2,0.05,294.129,7.83974e+06,0.48302,0.0490114,0.87805,0.0168127,-0.429867,1,0.21385,nan,nan,nan,nan,-0.0301461,-0.104216,-0.0230487,0.084875,-0.366451,0,-0.0454564,-0.532462,nan
639,23.8233,960.875,0.0247805,0.291667,0.0416667,0.13216,1.0432,0.0254,-0.00879505,2.00445,5.92593e-05,0.0141058,0.286798,13832.5,0.527204,0.361142,-0.2,0.05,295.019,7.85203e+06,0.49974,0.0463628,0.84522,0.0149348,-0.416027,0.960875,0.211675,nan,nan,nan,nan,-0.0285313,-0.0962086,-0.0222774,0.0765,-0.352183,0,-0.0436914,-0.505222,nan
640,24.4729,949.667,0.024702,0.583333,0.0416667,0.1323,1.06507,0.022569,-0.00896696,1.99956,5.92593e-05,0.0123589,0.286653,13470.8,0.578988,0.333207,-0.2,0.05,295.933,7.86432e+06,0.544569,0.0476478,0.835333,0.0149211,-0.409082,0.949667,0.20518,nan,nan,nan,nan,-0.0284423,-0.0950749,-0.0215256,0.073,-0.348154,0,-0.0441954,-0.5002,nan
641,24.9887,1000,0.0241534,0.5,0,0.132996,1.05945,0.0255762,-0.008226,1.99326,5.92593e-05,0.0155331,0.286523,13895.9,0.544044,0.340245,-0.2,0.05,296.818,7.87661e+06,0.527589,0.0540826,0.881609,0.0152591,-0.426927,1,0.207025,nan,nan,nan,nan,-0.0283273,-0.0967673,-0.0225292,0.0755,-0.366225,-8.33333e-05,-0.0445758,-0.526197,nan
642,22.8712,958.333,0.0243614,0.416667,0.0833333,0.133876,1.07074,0.0267628,-0.00939621,1.98793,5.92593e-05,0.00888474,0.286393,14969.5,0.553037,0.267834,-0.2,0.05,297.641,7.8889e+06,0.465139,0.0486539,0.834295,0.0144604,-0.411519,0.958333,0.215233,nan,nan,nan,nan,-0.0293193,-0.0978945,-0.0223518,0.07575,-0.352433,0,-0.0425288,-0.51226,nan
643,20.915,858.273,0.0255765,0.375,0.0833333,0.132044,1.05567,0.0252246,-0.00916867,1.9819,5.92593e-05,0.00930436,0.286231,16169.9,0.504357,0.255573,-0.2,0.05,298.402,7.90118e+06,0.434289,0.0475348,0.754379,0.0137493,-0.366165,0.858273,0.170191,nan,nan,nan,nan,-0.0238888,-0.0813342,-0.0189948,0.0685455,-0.313755,0,-0.0401694,-0.456905,nan
644,22.5196,940.5,0.0250342,0.291667,0.0416667,0.133506,1.04815,0.021776,-0.00845711,1.97438,5.92593e-05,0.0108434,0.286049,16959.1,0.475096,0.249469,-0.2,0.05,299.128,7.91347e+06,0.451205,0.0503643,0.820428,0.0154032,-0.402352,0.9405,0.211887,nan,nan,nan,nan,-0.0295749,-0.100126,-0.0226353,0.078375,-0.343207,-0.000625,-0.0459314,-0.497732,nan
645,23.7307,995.533,0.0255321,0.583333,0.0416667,0.13386,1.03956,0.0312044,-0.00731407,1.96744,5.92593e-05,0.0136059,0.285922,16519.5,0.483618,0.260228,-0.2,0.05,299.873,7.92576e+06,0.472302,0.0532848,0.872754,0.0159924,-0.426243,0.995533,0.219293,nan,nan,nan,nan,-0.0307707,-0.105707,-0.0236405,0.0828667,-0.364183,0,-0.0472036,-0.527743,nan
646,22.0522,925.2,0.025428,0.333333,0.0833333,0.131854,1.05496,0.0286084,-0.00869836,1.96228,5.92593e-05,0.00859221,0.285792,15383.8,0.52695,0.271811,-0.2,0.05,300.673,7.93805e+06,0.46124,0.0437625,0.798785,0.0142828,-0.39078,0.9252,0.2152,nan,nan,nan,nan,-0.029547,-0.0986375,-0.0227415,0.0753,-0.337137,0,-0.0436798,-0.50864,nan
647,26.2308,1000,0.0255335,0.291667,0,0.131271,1.05047,0.0242386,-0.00845635,1.95576,5.92593e-05,0.00840409,0.285627,16635.3,0.483443,0.255227,-0.2,0.05,301.414,7.95034e+06,0.5986,0.0526708,0.874149,0.0154383,-0.428373,1,0.212071,nan,nan,nan,nan,-0.0294472,-0.096227,-0.0217287,0.0767143,-0.367862,0,-0.0457212,-0.528743,nan
648,17.0558,780.833,0.0242395,0.125,0.125,0.136778,1.06255,0.0273805,-0.00817461,1.94964,5.92593e-05,0.0121639,0.285525,16857.7,0.471878,0.257046,-0.2,0.05,302.144,7.96262e+06,0.304223,0.044371,0.679508,0.0128039,-0.327682,0.780833,0.173,nan,nan,nan,nan,-0.0245813,-0.0847982,-0.0184124,0.0613333,-0.285063,0,-0.0348379,-0.427907,nan
649,25.0729,1000,0.0242775,0.416667,0,0.135867,1.07231,0.0293909,-0.00860424,1.94485,5.92593e-05,0.0138503,0.285378,16619.6,0.479924,0.259445,-0.2,0.05,302.884,7.97491e+06,0.544183,0.0543161,0.873999,0.0154083,-0.423698,1,0.20962,nan,nan,nan,nan,-0.0287279,-0.100437,-0.0224477,0.0751,-0.366961,-0.0001,-0.0456542,-0.530954,nan
650,21.7314,948.417,0.0243839,0.458333,0.0416667,0.135181,1.07098,0.0216141,-0.00874795,1.9377,5.92593e-05,0.0106712,0.285214,16330.4,0.501401,0.25106,-0.2,0.05,303.638,7.9872e+06,0.438591,0.0452289,0.823718,0.0148145,-0.399477,0.948417,0.203383,nan,nan,nan,nan,-0.0277469,-0.0989111,-0.0210292,0.07075,-0.347033,-8.33333e-05,-0.0422675,-0.521784,nan
651,24.9525,947.417,0.0240765,0.458333,0.0416667,0.138551,1.06082,0.0244478,-0.00866571,1.93179,5.92593e-05,0.0149261,0.285104,17124.7,0.466005,0.251555,-0.2,0.05,304.357,7.99949e+06,0.567078,0.0437749,0.832045,0.0163832,-0.400875,0.947417,0.211367,nan,nan,nan,nan,-0.029886,-0.106995,-0.0232327,0.0801667,-0.346115,0,-0.0429106,-0.50059,nan
652,23.5987,1000,0.0244069,0.375,0,0.141691,1.00965,0.0208675,-0.008345,1.92642,5.92593e-05,0.00979791,0.284945,17064.3,0.470945,0.249153,-0.2,0.05,305.078,8.01178e+06,0.453981,0.0557872,0.871433,0.0167969,-0.424493,1,0.2252,nan,nan,nan,nan,-0.0305194,-0.104936,-0.0240023,0.0836667,-0.365232,0,-0.0468167,-0.530932,nan
653,24.3545,963.867,0.0241,0.583333,0.0416667,0.138228,1.04509,0.0254936,-0.00901945,1.91893,5.92593e-05,0.01244,0.284771,16692.4,0.475989,0.260154,-0.2,0.05,305.815,8.02406e+06,0.534302,0.0530074,0.83668,0.0158515,-0.403835,0.963867,0.21572,nan,nan,nan,nan,-0.0295303,-0.103249,-0.0229795,0.0753333,-0.351299,-6.66667e-05,-0.0426565,-0.523421,nan
654,22.4747,1000,0.0252178,0.5,0,0.135337,1.03827,0.0264431,-0.0092319,1.91153,5.92593e-05,0.0135924,0.284602,17041.2,0.469299,0.251778,-0.2,0.05,306.538,8.03635e+06,0.397502,0.0564293,0.871121,0.0165489,-0.418684,1,0.229933,nan,nan,nan,nan,-0.0315905,-0.110466,-0.0235086,0.08175,-0.363628,0,-0.0473819,-0.534289,nan
655,27.7235,1000,0.0255472,0.333333,0,0.137232,1.02405,0.0227759,-0.00825047,1.90384,5.92593e-05,0.00985951,0.284397,17069.4,0.463788,0.256097,-0.2,0.05,307.259,8.04864e+06,0.631757,0.0576692,0.878409,0.0173168,-0.422923,1,0.234262,nan,nan,nan,nan,-0.0318069,-0.105953,-0.025053,0.08325,-0.364514,0,-0.0457467,-0.520493,nan
656,22.3316,879.3,0.0247603,0.333333,0.0833333,0.138365,1.05363,0.0273295,-0.0086569,1.89622,5.92593e-05,0.00955395,0.284279,17134,0.465119,0.252051,-0.2,0.05,307.977,8.06093e+06,0.445332,0.0537295,0.774547,0.0154454,-0.367597,0.8793,0.20001,nan,nan,nan,nan,-0.0278975,-0.0978782,-0.0217869,0.0768,-0.319785,0,-0.0406838,-0.452953,nan
657,21.0548,858.375,0.0254697,0.5,0.166667,0.133506,1.06437,0.0324819,-0.007462,1.89207,5.92593e-05,0.00575522,0.284176,17068.4,0.467633,0.252295,-0.2,0.05,308.699,8.07322e+06,0.414841,0.0471426,0.751231,0.0142102,-0.360814,0.858375,0.199575,nan,nan,nan,nan,-0.0272663,-0.093637,-0.0207168,0.0718125,-0.313429,-0.0003125,-0.0399727,-0.448297,nan
658,25.6106,1000,0.0251024,0.625,0,0.138878,1.04144,0.0291863,-0.008394,1.88723,5.92593e-05,0.00706911,0.28406,17060.3,0.470298,0.249971,-0.2,0.05,309.42,8.0855e+06,0.544155,0.0510448,0.876511,0.01608,-0.420721,1,0.230653,nan,nan,nan,nan,-0.0299318,-0.101591,-0.0233935,0.0792,-0.363659,0,-0.0481266,-0.529693,nan
659,22.0539,859.333,0.025536,0.416667,0.0833333,0.134794,1.0339,0.0310765,-0.00939905,1.88305,5.92593e-05,0.0093752,0.283994,17185.6,0.462151,0.252866,-0.2,0.05,310.136,8.09779e+06,0.484731,0.043299,0.748899,0.0141251,-0.364906,0.859333,0.195983,nan,nan,nan,nan,-0.02624,-0.0910275,-0.0199852,0.0663333,-0.312918,0,-0.0406275,-0.454307,nan
660,21.1964,871.04,0.025019,0.791667,0.25,0.137968,1.03142,0.0247194,-0.00830534,1.88037,5.92593e-05,0.00780526,0.283925,17068.2,0.467553,0.252382,-0.2,0.05,310.857,8.11008e+06,0.420464,0.0420504,0.760514,0.0135737,-0.365019,0.87104,0.208712,nan,nan,nan,nan,-0.0273871,-0.0914551,-0.020404,0.06932,-0.316365,0,-0.044399,-0.460825,nan
661,23.3262,1000,0.0252109,0.333333,0,0.136366,1.03034,0.0230577,-0.00753295,1.87623,5.92593e-05,0.00705747,0.283804,16944,0.472788,0.252424,-0.2,0.05,311.584,8.12237e+06,0.409581,0.0545744,0.881018,0.0171313,-0.415882,1,0.233262,nan,nan,nan,nan,-0.0315575,-0.109864,-0.0247547,0.089,-0.364282,0,-0.0452074,-0.526711,nan
662,23.964,977.182,0.0246941,0.416667,0.0416667,0.141173,1.03485,0.0303991,-0.0075532,1.87063,5.92593e-05,0.0123865,0.28369,11980.3,0.614042,0.411641,-0.2,0.05,312.611,8.13466e+06,0.462601,0.0590241,0.857628,0.0149111,-0.408795,0.977182,0.211136,nan,nan,nan,nan,-0.0282455,-0.0968233,-0.0215362,0.0765455,-0.35506,-0.000272727,-0.0488898,-0.501208,nan
663,25.9974,1000,0.0239986,0.416667,0,0.142772,1.02871,0.0239659,-0.00897525,1.86575,5.92593e-05,0.0110282,0.283568,13096.5,0.607415,0.330851,-0.2,0.05,313.551,8.14694e+06,0.534351,0.0566379,0.880444,0.0152665,-0.415532,1,0.23426,nan,nan,nan,nan,-0.0294789,-0.0982409,-0.0226528,0.076,-0.362829,0,-0.0464622,-0.521894,nan
664,20.027,889.667,0.0254753,0.291667,0.0833333,0.135574,1.05151,0.0247788,-0.00801882,1.85938,5.92593e-05,0.00753667,0.283405,13694,0.557009,0.340318,-0.2,0.05,314.449,8.15923e+06,0.35135,0.0503064,0.773162,0.0153371,-0.37127,0.889667,0.203833,nan,nan,nan,nan,-0.0284197,-0.0983717,-0.0220246,0.079,-0.322453,0,-0.0443363,-0.474431,nan
665,22.7007,972.222,0.0264652,0.333333,0.0416667,0.133395,1.0329,0.0252572,-0.00828681,1.85247,5.92593e-05,0.0113911,0.283259,13444.6,0.567457,0.346518,-0.2,0.05,315.365,8.17152e+06,0.4046,0.0528492,0.848909,0.0147489,-0.405949,0.972222,0.2384,nan,nan,nan,nan,-0.0305341,-0.101666,-0.0227743,0.0851111,-0.351803,0,-0.050593,-0.518485,nan
666,23.1107,962,0.0266995,0.25,0.0416667,0.133078,1.04356,0.0261319,-0.00953362,1.84663,5.92593e-05,0.0122669,0.283121,14212.4,0.525547,0.339051,-0.2,0.05,316.232,8.18381e+06,0.424615,0.0617968,0.836875,0.0157857,-0.398594,0.962,0.233714,nan,nan,nan,nan,-0.0310588,-0.102866,-0.0225235,0.0745714,-0.347985,0,-0.0523736,-0.498421,nan
667,24.4939,1000,0.0261925,0.375,0,0.134734,1.03214,0.0274654,-0.00881312,1.83985,5.92593e-05,0.0175094,0.282937,13372.4,0.573998,0.344909,-0.2,0.05,317.152,8.1961e+06,0.485966,0.0568,0.877087,0.0158528,-0.418521,1,0.242922,nan,nan,nan,nan,-0.0311723,-0.106486,-0.0233994,0.0805556,-0.363857,0,-0.0544438,-0.53661,nan
668,22.198,862.231,0.0263434,0.458333,0.0833333,0.131418,1.04905,0.0392027,-0.00707112,1.83304,5.92593e-05,0.00934515,0.282833,13935.8,0.546151,0.335607,-0.2,0.05,318.035,8.20838e+06,0.480356,0.0436931,0.749556,0.0124602,-0.352793,0.862231,0.199515,nan,nan,nan,nan,-0.0255388,-0.0838537,-0.0191927,0.0620769,-0.312796,0,-0.0438703,-0.461945,nan
669,23.9014,944.2,0.0267926,0.333333,0.0833333,0.132864,1.03502,0.0325078,-0.00787746,1.82911,5.92593e-05,0.011165,0.282733,12921.6,0.611157,0.339808,-0.2,0.05,318.987,8.22067e+06,0.485888,0.0499023,0.834728,0.0143426,-0.391407,0.9442,0.21287,nan,nan,nan,nan,-0.0277774,-0.0898253,-0.0206903,0.0693,-0.34173,0,-0.0505284,-0.494202,nan
670,20.4652,862.867,0.0256808,0.458333,0.166667,0.136084,1.03929,0.036064,-0.00924708,1.82403,5.92593e-05,0.0135442,0.282614,14791,0.52605,0.304724,-0.2,0.05,319.82,8.23296e+06,0.383516,0.041252,0.751637,0.0131187,-0.358474,0.862867,0.200793,nan,nan,nan,nan,-0.0254001,-0.0834342,-0.0193553,0.0686,-0.312533,0,-0.0435505,-0.455778,nan
671,24.0469,908.571,0.025833,0.458333,0.125,0.131931,1.03717,0.0286945,-0.00803393,1.81881,5.92593e-05,0.00836784,0.282485,13794,0.57143,0.31939,-0.2,0.05,320.712,8.24525e+06,0.516944,0.0528307,0.790474,0.0126834,-0.37563,0.908571,0.222679,nan,nan,nan,nan,-0.0273261,-0.0884362,-0.0198505,0.0692143,-0.328817,0,-0.0492641,-0.481729,nan
672,27.1253,1000,0.0259566,0.375,0,0.134135,1.02487,0.0263427,-0.0072922,1.81282,5.92593e-05,0.0110097,0.282362,12850.6,0.580001,0.376222,-0.2,0.05,321.67,8.25754e+06,0.593154,0.0575494,0.877467,0.0159758,-0.414217,1,0.252656,nan,nan,nan,nan,-0.0309248,-0.101652,-0.0229124,0.0738889,-0.361048,-0.000111111,-0.0500053,-0.533555,nan
673,25.4721,942.833,0.0260649,0.416667,0.0833333,0.133079,1.05295,0.0276425,-0.00753197,1.80705,5.92593e-05,0.010903,0.282213,14168.6,0.543086,0.324186,-0.2,0.05,322.539,8.26982e+06,0.540146,0.050731,0.82722,0.01336,-0.386819,0.942833,0.225167,nan,nan,nan,nan,-0.0268141,-0.0841298,-0.0200675,0.0736667,-0.339133,-8.33333e-05,-0.0559478,-0.486526,nan
674,24.3433,1000,0.0256911,0.375,0,0.13447,1.03065,0.0251713,-0.00832917,1.801,5.92593e-05,0.0120764,0.282109,14932.1,0.520703,0.302222,-0.2,0.05,323.363,8.28211e+06,0.45386,0.0555147,0.874439,0.013899,-0.412442,1,0.235,nan,nan,nan,nan,-0.0291502,-0.0904994,-0.0225018,0.0774444,-0.36206,-0.000333333,-0.0511045,-0.5249,nan
675,24.7557,991.172,0.0256439,3.58333,0.0416667,0.133915,1.04232,0.0279505,-0.00963805,1.79578,5.92593e-05,0.0115666,0.281942,12863.2,0.581855,0.373428,-0.2,0.05,324.319,8.2944e+06,0.480451,0.0544146,0.867836,0.0144769,-0.405741,0.991172,0.239122,nan,nan,nan,nan,-0.0296929,-0.0976333,-0.0223074,0.0737701,-0.357744,-2.29885e-05,-0.0514861,-0.51883,nan
676,19.2096,820,0.0255058,0.166667,0.0833333,0.133292,1.02334,0.0219124,-0.0104067,1.7883,5.92593e-05,0.00721752,0.281801,14101.1,0.5561,0.315321,-0.2,0.05,325.192,8.30669e+06,0.362408,0.0401496,0.710009,0.0112854,-0.33528,0.82,0.191083,nan,nan,nan,nan,-0.0239485,-0.0767624,-0.0182185,0.0565,-0.294404,0,-0.0461175,-0.436223,nan
677,24.6431,1000,0.0266287,0.5,0,0.130453,1.00534,0.0210836,-0.00794981,1.78223,5.92593e-05,0.0140232,0.281662,13594.6,0.569355,0.334531,-0.2,0.05,326.097,8.31898e+06,0.470484,0.0546871,0.875896,0.0139485,-0.408224,1,0.235642,nan,nan,nan,nan,-0.0289962,-0.0967038,-0.0220333,0.0730833,-0.360869,-0.00025,-0.05426,-0.52025,nan
678,23.7001,939.25,0.0264061,0.583333,0.0833333,0.131429,1.05145,0.0309172,-0.00788319,1.77551,5.92593e-05,0.010344,0.281493,14437.6,0.552507,0.298606,-0.2,0.05,326.95,8.33126e+06,0.458866,0.0548926,0.822584,0.0141849,-0.385519,0.93925,0.224175,nan,nan,nan,nan,-0.0283659,-0.0936195,-0.0210733,0.0694375,-0.337767,-6.25e-05,-0.051321,-0.480655,nan
679,21.9542,883.286,0.0253738,0.25,0.0416667,0.135507,1.04339,0.02898,-0.00792921,1.76839,5.92593e-05,0.0122362,0.281332,13670.3,0.569425,0.329459,-0.2,0.05,327.85,8.34355e+06,0.40613,0.0450966,0.775638,0.0133412,-0.361646,0.883286,0.227029,nan,nan,nan,nan,-0.0271108,-0.0862863,-0.0202864,0.0677143,-0.316808,0,-0.0515083,-0.456879,nan
680,23.6553,820,0.0266905,0.166667,0.0416667,0.130104,1.02261,0.0266067,-0.00880593,1.7617,5.92593e-05,0.0152493,0.281193,12534.1,0.590823,0.389541,-0.2,0.05,328.832,8.35584e+06,0.558461,0.0523556,0.714917,0.0104615,-0.336194,0.82,0.17848,nan,nan,nan,nan,-0.0223314,-0.0737666,-0.0155687,0.0502,-0.29553,0,-0.0442299,-0.414488,nan
681,24.2684,931.875,0.0265704,0.541667,0.125,0.13085,1.02954,0.0340994,-0.00858206,1.75668,5.92593e-05,0.0122568,0.281104,13822,0.558986,0.330033,-0.2,0.05,329.722,8.36813e+06,0.500335,0.0471525,0.819035,0.0134788,-0.382115,0.931875,0.2232,nan,nan,nan,nan,-0.028095,-0.0900272,-0.0201067,0.067375,-0.335392,0,-0.0515414,-0.481754,nan
682,24.7007,996.727,0.0261041,0.416667,0.0416667,0.133293,1.00904,0.0223003,-0.00879877,1.75297,5.92593e-05,0.0146177,0.281003,13146.6,0.626682,0.308005,-0.2,0.05,330.658,8.38042e+06,0.464348,0.0504245,0.877581,0.0137325,-0.406773,0.996727,0.249273,nan,nan,nan,nan,-0.0296776,-0.095198,-0.0213771,0.0729091,-0.356667,0,-0.0600631,-0.520205,nan
683,23.0912,944.846,0.0255193,0.5,0.0416667,0.136649,1.02606,0.0245132,-0.00787767,1.74682,5.92593e-05,0.0109883,0.280815,14513.7,0.510856,0.33579,-0.2,0.05,331.506,8.3927e+06,0.407057,0.0630121,0.828778,0.0126314,-0.381924,0.944846,0.231023,nan,nan,nan,nan,-0.0275712,-0.0864246,-0.0203944,0.0643077,-0.338039,-0.000153846,-0.0570512,-0.485539,nan
684,23.3582,914.714,0.0258056,0.5,0.0833333,0.133894,1.03612,0.03299,-0.00860307,1.7391,5.92593e-05,0.00780178,0.280673,12857.4,0.590354,0.365358,-0.2,0.05,332.463,8.40499e+06,0.459823,0.0500259,0.797181,0.0131027,-0.368701,0.914714,0.225793,nan,nan,nan,nan,-0.0278013,-0.0897984,-0.0205544,0.0687143,-0.328519,0,-0.0499618,-0.476109,nan
685,22.7662,871.5,0.0261314,0.458333,0.125,0.132922,1.05232,0.0308078,-0.00696497,1.73391,5.92593e-05,0.0119542,0.280574,12536.7,0.625333,0.354832,-0.2,0.05,333.445,8.41728e+06,0.45633,0.043974,0.763734,0.0126441,-0.353636,0.8715,0.216064,nan,nan,nan,nan,-0.0261954,-0.0833624,-0.0192014,0.0637857,-0.312629,0,-0.0477899,-0.446905,nan
686,25.9354,1000,0.026708,0.416667,0,0.130298,1.05811,0.0287477,-0.00785039,1.72971,5.92593e-05,0.0119697,0.280477,13055.6,0.600706,0.3405,-0.2,0.05,334.388,8.42957e+06,0.51219,0.0535188,0.877445,0.013542,-0.402835,1,0.24182,nan,nan,nan,nan,-0.0285767,-0.092425,-0.0213718,0.0694,-0.357736,0,-0.0574575,-0.510745,nan
687,23.9254,888.667,0.0270138,0.291667,0.0833333,0.129436,1.03713,0.0228456,-0.00763052,1.72545,5.92593e-05,0.00628823,0.280368,14498.6,0.508054,0.339477,-0.2,0.05,335.237,8.44186e+06,0.49816,0.0528143,0.77511,0.0114377,-0.359383,0.888667,0.224967,nan,nan,nan,nan,-0.0260996,-0.0797558,-0.0187286,0.0603333,-0.317558,0,-0.0603724,-0.453322,nan
688,23.3498,899.857,0.0258802,0.25,0.0416667,0.134948,1.04831,0.0257711,-0.00819695,1.71998,5.92593e-05,0.0107925,0.280213,13942.2,0.539896,0.341458,-0.2,0.05,336.12,8.45414e+06,0.452097,0.0585292,0.789882,0.0126969,-0.364115,0.899857,0.214029,nan,nan,nan,nan,-0.0263387,-0.0804085,-0.0186746,0.0622857,-0.321513,0,-0.0532884,-0.457547,nan
689,23.9603,965.571,0.0262748,0.25,0.0416667,0.134594,1.04568,0.0258623,-0.00769748,1.71399,5.92593e-05,0.00880042,0.280109,12956,0.565041,0.383402,-0.2,0.05,337.07,8.46643e+06,0.430184,0.0571112,0.844702,0.0138345,-0.390103,0.965571,0.2594,nan,nan,nan,nan,-0.0296799,-0.0904089,-0.0208707,0.0678571,-0.344935,-0.000142857,-0.0600547,-0.504448,nan
690,24.8952,1000,0.0259435,0.25,0,0.136902,1.0461,0.023507,-0.00791445,1.70887,5.92593e-05,0.0140981,0.279962,14109.5,0.588955,0.281949,-0.2,0.05,337.942,8.47872e+06,0.451481,0.0581318,0.873569,0.0136962,-0.403878,1,0.2731,nan,nan,nan,nan,-0.0313639,-0.100662,-0.02207,0.0661667,-0.359098,0,-0.0585755,-0.51574,nan
691,22.2638,947.786,0.0258163,0.5,0.0833333,0.134616,1.04551,0.0277615,-0.00738661,1.70174,5.92593e-05,0.00810866,0.279788,14412.6,0.508437,0.344153,-0.2,0.05,338.796,8.49101e+06,0.358139,0.0570353,0.832112,0.0129045,-0.380748,0.947786,0.234921,nan,nan,nan,nan,-0.0272045,-0.0846685,-0.0203136,0.0672143,-0.33773,-0.000285714,-0.0565752,-0.489398,nan
692,22.4295,938.333,0.0258375,0.458333,0.0416667,0.135362,1.04445,0.0218876,-0.00808905,1.69469,5.92593e-05,0.00830313,0.279646,11933.8,0.618658,0.411026,-0.2,0.05,339.827,8.5033e+06,0.370765,0.0479581,0.829554,0.0131395,-0.370918,0.938333,0.229442,nan,nan,nan,nan,-0.0269759,-0.0854722,-0.0201171,0.0668333,-0.33312,0,-0.0588403,-0.479106,nan
693,25.0212,959.444,0.0270497,0.333333,0.0416667,0.132346,1.05034,0.0232027,-0.00829074,1.68864,5.92593e-05,0.0125675,0.279514,12686.5,0.623085,0.345507,-0.2,0.05,340.797,8.51558e+06,0.497232,0.0538422,0.849206,0.0124142,-0.387108,0.959444,0.218744,nan,nan,nan,nan,-0.0257756,-0.0804816,-0.0187988,0.0628889,-0.343301,0,-0.0560441,-0.491201,nan
694,24.4902,1000,0.0265206,0.541667,0,0.133593,1.01258,0.0223307,-0.00780439,1.68294,5.92593e-05,0.00667207,0.279393,13562.1,0.566996,0.339057,-0.2,0.05,341.705,8.52787e+06,0.414089,0.0572367,0.879499,0.013621,-0.400357,1,0.265262,nan,nan,nan,nan,-0.0303312,-0.0954285,-0.021704,0.0726154,-0.356834,0,-0.0610832,-0.512076,nan
695,23.7894,955.929,0.026336,0.458333,0.125,0.136827,1.03885,0.0320619,-0.00657437,1.67779,5.92593e-05,0.012676,0.279288,15749,0.49158,0.288659,-0.2,0.05,342.487,8.54016e+06,0.43047,0.0584483,0.840366,0.0124521,-0.38374,0.955929,0.236829,nan,nan,nan,nan,-0.0283472,-0.0877579,-0.020031,0.0615714,-0.340309,0,-0.0585016,-0.487908,nan
696,26.9875,938,0.0261191,0.291667,0.0416667,0.137687,1.0302,0.0253664,-0.00762162,1.67385,5.92593e-05,0.00944278,0.279207,14056.7,0.531022,0.343151,-0.2,0.05,343.362,8.55245e+06,0.565488,0.0504833,0.829988,0.0120864,-0.37471,0.938,0.2514,nan,nan,nan,nan,-0.0277754,-0.0814164,-0.0194366,0.0605,-0.335114,-0.0005,-0.0520581,-0.467558,nan
697,24.1959,949.917,0.0263853,0.458333,0.0416667,0.134894,1.03394,0.0312802,-0.0084346,1.66995,5.92593e-05,0.0107911,0.279114,13168.8,0.554796,0.378322,-0.2,0.05,344.296,8.56474e+06,0.447491,0.0520103,0.841382,0.0138064,-0.379868,0.949917,0.24465,nan,nan,nan,nan,-0.0285522,-0.0852968,-0.0198346,0.0591667,-0.338038,0,-0.0576438,-0.489393,nan
698,26.6095,1000,0.0262725,0.291667,0,0.134637,1.02842,0.0231491,-0.0100062,1.66472,5.92593e-05,0.00805564,0.278957,12180.6,0.602212,0.406609,-0.2,0.05,345.307,8.57702e+06,0.519409,0.0620678,0.887655,0.0144391,-0.395247,1,0.233457,nan,nan,nan,nan,-0.0275702,-0.0865409,-0.0205327,0.0635714,-0.353738,0,-0.0644501,-0.502046,nan
699,25.9601,976.812,0.0267898,0.625,0.0416667,0.134297,1.02569,0.0189546,-0.00862781,1.65689,5.92593e-05,0.00941546,0.278766,15386,0.545018,0.253628,-0.2,0.05,346.107,8.58931e+06,0.502238,0.0600323,0.863584,0.0139506,-0.387932,0.976812,0.248325,nan,nan,nan,nan,-0.0293494,-0.0914915,-0.0215746,0.066,-0.346607,0,-0.0631232,-0.492859,nan
700,26.4211,1000,0.0273272,0.5,0,0.130297,1.01097,0.0245142,-0.00767744,1.64898,5.92593e-05,0.0118807,0.278606,13916.1,0.534243,0.348763,-0.2,0.05,346.991,8.6016e+06,0.512145,0.052492,0.884561,0.0147758,-0.398585,1,0.258775,nan,nan,nan,nan,-0.0302458,-0.0950093,-0.0230773,0.0761667,-0.356126,0,-0.0588526,-0.515964,nan
701,23.7622,944.133,0.0269744,0.583333,0.0416667,0.13071,1.04393,0.0259941,-0.00792927,1.64327,5.92593e-05,0.0114174,0.278504,13853.6,0.604773,0.282217,-0.2,0.05,349.711,8.61389e+06,0.415057,0.0538798,0.837965,0.0131287,-0.373879,0.944133,0.239367,nan,nan,nan,nan,-0.0275187,-0.0845872,-0.0198484,0.0597333,-0.335389,0,-0.0588993,-0.475033,nan
702,24.3163,944.87,0.0268249,0.833333,0.125,0.132951,1.05355,0.0345159,-0.00825625,1.63922,5.92593e-05,0.00646309,0.27842,13540.6,0.510126,0.397364,-0.2,0.05,350.62,8.62618e+06,0.462213,0.05227,0.832878,0.012578,-0.371935,0.94487,0.237922,nan,nan,nan,nan,-0.0270615,-0.0840539,-0.0195615,0.0588261,-0.334226,0,-0.0639406,-0.48496,nan
703,25.1605,928.333,0.0269398,0.541667,0.0833333,0.132436,1.0491,0.0332753,-0.00827795,1.63503,5.92593e-05,0.0119156,0.278307,12579.6,0.631075,0.345742,-0.2,0.05,351.598,8.63846e+06,0.484246,0.0560822,0.821175,0.0130611,-0.368816,0.928333,0.24552,nan,nan,nan,nan,-0.0279635,-0.0844455,-0.0207351,0.0645333,-0.329543,0,-0.0591812,-0.464244,nan
704,26.3373,1000,0.0276685,0.375,0,0.132383,1.02171,0.0256362,-0.00792163,1.62999,8.88889e-05,0.00474424,0.278201,13307.9,0.580213,0.343145,-0.2,0.05,352.523,8.65075e+06,0.482414,0.0559144,0.891177,0.013679,-0.392515,1,0.249878,nan,nan,nan,nan,-0.0289282,-0.0918106,-0.0212224,0.0658889,-0.354198,-0.000111111,-0.0627665,-0.490534,nan
705,26.0761,964.25,0.0281265,0.291667,0.0416667,0.129552,1.0275,0.0252182,-0.00923708,1.62331,8.88889e-05,0.0146444,0.277996,13974.6,0.578412,0.300897,-0.2,0.05,353.404,8.66304e+06,0.517921,0.0589959,0.855261,0.0118589,-0.382126,0.96425,0.2431,nan,nan,nan,nan,-0.0268108,-0.0811442,-0.0189838,0.057375,-0.340576,0,-0.0669441,-0.48837,nan
706,29.5744,1000,0.0273363,0.333333,0,0.131511,1.01764,0.0246383,-0.00992044,1.61344,5.92593e-05,0.0213918,0.277752,13889.6,0.530751,0.353942,-0.2,0.05,354.29,8.67533e+06,0.685312,0.0605985,0.88448,0.0115635,-0.392499,1,0.231225,nan,nan,nan,nan,-0.0261051,-0.0785973,-0.0181309,0.056,-0.353298,0,-0.0700797,-0.51175,nan
707,27.6693,986.8,0.0270912,0.375,0.0416667,0.131663,1.02646,0.0228768,-0.00814279,1.60495,5.92593e-05,0.00661919,0.277607,12379.8,0.617374,0.37521,-0.2,0.05,355.284,8.68762e+06,0.566691,0.0555938,0.880905,0.0126806,-0.388931,0.9868,0.23608,nan,nan,nan,nan,-0.0265978,-0.0820724,-0.0201782,0.0644,-0.349104,0,-0.0613127,-0.491487,nan
708,27.3992,995.5,0.026835,0.208333,0.0416667,0.133441,1.02003,0.0265216,-0.00810785,1.59884,5.92593e-05,0.00582923,0.277482,12545,0.625019,0.354496,-0.2,0.05,356.265,8.6999e+06,0.55881,0.0462235,0.881085,0.0111649,-0.39277,0.9955,0.239567,nan,nan,nan,nan,-0.0265521,-0.0763637,-0.0190488,0.0606667,-0.350601,0,-0.0673881,-0.490333,nan
709,27.7035,983.222,0.0275774,0.333333,0.0416667,0.129237,1.00764,0.0240975,-0.00817489,1.59276,8.88889e-05,0.0042292,0.277322,12686.2,0.602325,0.366286,-0.2,0.05,357.235,8.71219e+06,0.551901,0.062785,0.871907,0.0122368,-0.383183,0.983222,0.254911,nan,nan,nan,nan,-0.0279632,-0.0823299,-0.0202987,0.0604444,-0.346252,-0.000111111,-0.0652634,-0.486829,nan
710,22.3485,880.6,0.027174,0.416667,0.208333,0.132706,1.01566,0.0410693,-0.0100509,1.58526,8.88889e-05,0.0126187,0.277168,13995.2,0.572583,0.305433,-0.2,0.05,358.114,8.72448e+06,0.382926,0.0522558,0.78105,0.0123374,-0.345145,0.8806,0.22256,nan,nan,nan,nan,-0.0265796,-0.0811867,-0.018966,0.0626,-0.311361,0,-0.057462,-0.436206,nan
711,24.9807,975.2,0.0275303,0.541667,0.0833333,0.131664,1.02084,0.0272616,-0.00976927,1.57898,8.88889e-05,0.008698,0.277004,13693.7,0.567457,0.329891,-0.2,0.05,359.013,8.73677e+06,0.430276,0.0602908,0.868786,0.0139988,-0.382369,0.9752,0.257453,nan,nan,nan,nan,-0.0293827,-0.0873108,-0.0216307,0.0654,-0.34388,0,-0.0627909,-0.495002,nan
712,25.4183,1000,0.027325,0.416667,0,0.133506,1.01461,0.0279014,-0.00953712,1.56968,8.88889e-05,0.0106457,0.276735,12333.5,0.634645,0.361669,-0.2,0.05,360.011,8.74906e+06,0.444556,0.0562846,0.888906,0.014356,-0.389858,1,0.259,nan,nan,nan,nan,-0.0296694,-0.0922656,-0.0212324,0.0681,-0.352458,0,-0.0665699,-0.508233,nan
713,26.0535,1000,0.0267032,0.5,0,0.134919,1.02756,0.0219401,-0.0100931,1.55687,8.88889e-05,0.0135989,0.276425,13143.4,0.576382,0.358537,-0.2,0.05,360.947,8.76134e+06,0.486186,0.0532739,0.889091,0.0126599,-0.392879,1,0.252458,nan,nan,nan,nan,-0.0279412,-0.0863089,-0.0209953,0.0655,-0.353955,0,-0.0656609,-0.508752,nan
714,29.102,971.8,0.0271045,0.166667,0.0416667,0.136115,1.02444,0.0262096,-0.00839017,1.54453,8.88889e-05,0.011365,0.276194,13829.6,0.617496,0.271031,-0.2,0.05,361.837,8.77363e+06,0.633951,0.0602033,0.856612,0.0114597,-0.384882,0.9718,0.27628,nan,nan,nan,nan,-0.0292432,-0.0821227,-0.0204588,0.0612,-0.343459,0,-0.0686669,-0.487572,nan
715,25.6546,1000,0.0269976,0.625,0,0.133844,1.02848,0.0196215,-0.00913425,1.53498,8.88889e-05,0.00949093,0.275974,13538.4,0.528869,0.37877,-0.2,0.05,362.746,8.78592e+06,0.452423,0.0560862,0.890378,0.0131075,-0.389717,1,0.262013,nan,nan,nan,nan,-0.0291059,-0.0888086,-0.0219423,0.0633333,-0.353505,0,-0.0638014,-0.507733,nan
716,24.823,976,0.026292,0.375,0.0833333,0.136699,1.00972,0.0254173,-0.00952054,1.52608,8.88889e-05,0.012819,0.275831,13345.1,0.586681,0.334107,-0.2,0.05,363.668,8.79821e+06,0.448261,0.0530908,0.863559,0.0121536,-0.382833,0.976,0.245991,nan,nan,nan,nan,-0.0276369,-0.0844687,-0.0206229,0.0617273,-0.344994,-9.09091e-05,-0.061895,-0.497089,nan
717,26.0868,991.151,0.0266423,3,0.0416667,0.138705,1.01462,0.0231137,-0.00899756,1.5191,8.88889e-05,0.00714533,0.275638,12201,0.596342,0.410786,-0.2,0.05,364.676,8.8105e+06,0.489638,0.0562458,0.880642,0.0126091,-0.385521,0.991151,0.238856,nan,nan,nan,nan,-0.0268621,-0.0812085,-0.0197008,0.0603973,-0.349424,-4.10959e-05,-0.0631648,-0.499277,nan
718,25.0668,943,0.0266835,0.458333,0.0416667,0.139358,1.03808,0.022141,-0.0105722,1.50864,8.88889e-05,0.012877,0.275374,11965.8,0.639634,0.387295,-0.2,0.05,365.705,8.82278e+06,0.466117,0.0513497,0.83622,0.0125693,-0.36525,0.943,0.234325,nan,nan,nan,nan,-0.0265055,-0.0802531,-0.0188164,0.0606667,-0.33064,0,-0.0608995,-0.468544,nan
719,26.3366,929.273,0.0269397,0.416667,0.0416667,0.135713,1.04829,0.0305554,-0.0090834,1.49791,8.88889e-05,0.0117668,0.275187,12822.6,0.590699,0.367608,-0.2,0.05,366.664,8.83507e+06,0.549572,0.0516295,0.829985,0.0114045,-0.357404,0.929273,0.218209,nan,nan,nan,nan,-0.024438,-0.0745447,-0.0184105,0.0552727,-0.326469,0,-0.0624393,-0.46481,nan
720,21.6724,861.429,0.027855,0.458333,0.125,0.134171,1.02974,0.026396,-0.00947695,1.49045,8.88889e-05,0.0165675,0.275029,11265.8,0.661977,0.42876,-0.2,0.05,367.757,8.84736e+06,0.377164,0.0450159,0.762751,0.0118211,-0.330239,0.861429,0.207514,nan,nan,nan,nan,-0.0241562,-0.0752954,-0.0179597,0.0565714,-0.302488,0,-0.0544174,-0.434092,nan
721,23.8523,887,0.0279991,0.25,0.0416667,0.136453,1.01699,0.0306254,-0.00967998,1.48366,8.88889e-05,0.0157833,0.27491,12253.7,0.626617,0.376186,-0.2,0.05,368.761,8.85965e+06,0.443035,0.0513534,0.790414,0.0122674,-0.344689,0.887,0.232457,nan,nan,nan,nan,-0.0260152,-0.0791166,-0.0186928,0.062,-0.313793,0,-0.0525292,-0.451076,nan
722,25.3942,906.545,0.0271582,0.333333,0.125,0.134554,1.03125,0.026154,-0.0103136,1.47821,8.88889e-05,0.0140966,0.274794,13571.2,0.612341,0.293106,-0.2,0.05,369.667,8.87194e+06,0.521833,0.0494908,0.8049,0.0123397,-0.348474,0.906545,0.222055,nan,nan,nan,nan,-0.0258295,-0.0787968,-0.0190092,0.057,-0.31889,0,-0.0563666,-0.45709,nan
723,23.3815,923.4,0.027876,0.541667,0.0833333,0.13599,1.0077,0.0324126,-0.00809794,1.47189,8.88889e-05,0.012785,0.274652,16267,0.504424,0.25097,-0.2,0.05,370.424,8.88422e+06,0.397245,0.0546899,0.816382,0.0133836,-0.35559,0.9234,0.236913,nan,nan,nan,nan,-0.0273494,-0.0805064,-0.0195573,0.0609333,-0.326113,0,-0.057603,-0.467153,nan
724,28.6265,1000,0.0272322,0.291667,0,0.138467,1.00961,0.0299157,-0.00763893,1.46518,8.88889e-05,0.0134565,0.274511,16409.4,0.502703,0.246136,-0.2,0.05,371.174,8.89651e+06,0.564412,0.0619286,0.892756,0.0133282,-0.382501,1,0.2671,nan,nan,nan,nan,-0.0288098,-0.0852976,-0.0217775,0.063,-0.350113,0,-0.0637279,-0.498972,nan
725,23.9493,875.905,0.0270693,0.708333,0.166667,0.137055,1.0157,0.0330727,-0.00923506,1.46003,8.88889e-05,0.0118443,0.274441,16859.7,0.478219,0.250618,-0.2,0.05,371.905,8.9088e+06,0.462727,0.0486517,0.778888,0.0113672,-0.33692,0.875905,0.22101,nan,nan,nan,nan,-0.0250621,-0.0748997,-0.0181593,0.0544286,-0.308768,-0.000190476,-0.0535026,-0.438011,nan
726,25.7715,916.2,0.0280678,0.375,0.0416667,0.134342,1.00689,0.0285845,-0.0095769,1.4562,8.88889e-05,0.0166084,0.274297,16624.3,0.489157,0.250003,-0.2,0.05,372.645,8.92109e+06,0.509746,0.0494773,0.817451,0.0123569,-0.351662,0.9162,0.23792,nan,nan,nan,nan,-0.0261548,-0.0771916,-0.0187472,0.0578,-0.321999,0,-0.0612169,-0.455406,nan
727,27.6753,995.357,0.0273877,0.541667,0.0416667,0.13404,1.04413,0.0356807,-0.00944094,1.44872,8.88889e-05,0.0123187,0.27415,14742.7,0.567043,0.266457,-0.2,0.05,373.48,8.93338e+06,0.551619,0.061066,0.88284,0.0134599,-0.384966,0.995357,0.2463,nan,nan,nan,nan,-0.0280465,-0.0863581,-0.0200659,0.0636429,-0.350199,0,-0.063147,-0.497737,nan
728,24.9933,903.333,0.0271953,0.416667,0.0833333,0.130771,1.04317,0.0295583,-0.00838557,1.44268,8.88889e-05,0.00882779,0.274023,16996.4,0.467213,0.255762,-0.2,0.05,374.204,8.94566e+06,0.493711,0.0511679,0.80034,0.0103604,-0.346705,0.903333,0.229383,nan,nan,nan,nan,-0.0240185,-0.066925,-0.0174001,0.0489167,-0.316813,0,-0.0607387,-0.454949,nan
729,25.2378,927.3,0.0278981,0.375,0.0416667,0.133691,1.02137,0.0211744,-0.0105886,1.43604,8.88889e-05,0.0156793,0.273871,16697.4,0.483623,0.252299,-0.2,0.05,374.941,8.95795e+06,0.49074,0.0491103,0.828106,0.0127367,-0.357359,0.9273,0.23808,nan,nan,nan,nan,-0.0269695,-0.0818353,-0.0192612,0.0595,-0.325381,-0.0002,-0.0615405,-0.471137,nan
730,27.9463,976.75,0.0277655,0.125,0.0416667,0.131738,1.02866,0.0303577,-0.00961613,1.42861,8.88889e-05,0.0156866,0.273706,17027,0.46863,0.253047,-0.2,0.05,375.664,8.97024e+06,0.546384,0.0577389,0.871056,0.0122198,-0.372023,0.97675,0.257125,nan,nan,nan,nan,-0.0272862,-0.0780632,-0.0190263,0.0555,-0.340716,0,-0.0701835,-0.472161,nan
731,28.0901,958.667,0.0282525,0.208333,0.0416667,0.132048,1.01076,0.0249965,-0.00970957,1.42071,8.88889e-05,0.0107686,0.273525,14600.1,0.491083,0.350554,-0.2,0.05,376.507,8.98253e+06,0.614263,0.0597469,0.851638,0.00996574,-0.366998,0.958667,0.229317,nan,nan,nan,nan,-0.0244617,-0.0689385,-0.0182255,0.0498333,-0.335669,-0.000166667,-0.0617906,-0.492678,nan
732,23.9382,890.625,0.0280404,0.291667,0.0416667,0.132477,1.02953,0.0307042,-0.00869171,1.41156,8.88889e-05,0.0118635,0.273321,16941.2,0.479259,0.246074,-0.2,0.05,377.234,8.99482e+06,0.451533,0.0553915,0.793597,0.0126811,-0.338096,0.890625,0.21765,nan,nan,nan,nan,-0.0252365,-0.0741443,-0.0180791,0.052,-0.3115,0,-0.0600137,-0.449495,nan
733,19.4966,803.238,0.026518,0.625,0.25,0.134796,1.04009,0.0412201,-0.010541,1.40259,8.88889e-05,0.0145313,0.273144,17173.6,0.468095,0.247423,-0.2,0.05,377.951,9.0071e+06,0.314851,0.050314,0.700271,0.0101179,-0.307042,0.803238,0.209038,nan,nan,nan,nan,-0.0235848,-0.0693132,-0.0162166,0.0506667,-0.2812,-0.000333333,-0.052096,-0.413881,nan
734,21.8737,803.938,0.0273736,0.416667,0.25,0.132212,1.05009,0.0309889,-0.00995693,1.3958,8.88889e-05,0.0144458,0.27302,16556.7,0.474359,0.267818,-0.2,0.05,378.694,9.01939e+06,0.423607,0.0456225,0.710097,0.0114718,-0.304169,0.803937,0.200387,nan,nan,nan,nan,-0.0233641,-0.0706147,-0.0167196,0.0509375,-0.280869,0,-0.0524213,-0.404219,nan
735,26.4683,1000,0.0278913,0.5,0,0.133906,1.04124,0.0318321,-0.00772176,1.3898,8.88889e-05,0.00540651,0.272876,16714.7,0.4856,0.249562,-0.2,0.05,379.431,9.03168e+06,0.484727,0.051889,0.895642,0.0120769,-0.380116,1,0.24775,nan,nan,nan,nan,-0.0267168,-0.0796534,-0.01952,0.0576667,-0.350733,0,-0.0636446,-0.505952,nan
736,25.1577,894,0.0280355,0.458333,0.0833333,0.132621,1.00259,0.0273089,-0.0100869,1.38307,8.88889e-05,0.0174922,0.272742,16101,0.500409,0.262774,-0.2,0.05,380.195,9.04397e+06,0.47994,0.0599091,0.797576,0.0115746,-0.34137,0.894,0.229746,nan,nan,nan,nan,-0.0246578,-0.0713496,-0.0182418,0.0567692,-0.31303,0,-0.0582694,-0.44471,nan
737,24.7184,914,0.0272242,0.458333,0.0833333,0.137205,1.01834,0.0276195,-0.0087109,1.37718,8.88889e-05,0.0139508,0.272618,17158.8,0.467661,0.248472,-0.2,0.05,380.913,9.05626e+06,0.448271,0.0539129,0.812494,0.0113829,-0.34609,0.914,0.223062,nan,nan,nan,nan,-0.0247424,-0.0724767,-0.0176689,0.0573846,-0.319915,0,-0.0549613,-0.448733,nan
738,21.4955,836.778,0.0279976,0.291667,0.0833333,0.134832,1.02065,0.0256189,-0.00903501,1.37105,8.88889e-05,0.015909,0.272475,17221.1,0.464618,0.248924,-0.2,0.05,381.627,9.06854e+06,0.351497,0.0465378,0.737981,0.011162,-0.313136,0.836778,0.222922,nan,nan,nan,nan,-0.0248296,-0.0737289,-0.0181664,0.0574444,-0.293031,0,-0.0522198,-0.414435,nan
739,24.5455,961,0.0275649,0.458333,0.0416667,0.134171,1.03526,0.0276947,-0.00913414,1.36498,8.88889e-05,0.0135583,0.272356,17211.5,0.467729,0.246214,-0.2,0.05,382.343,9.08083e+06,0.408167,0.0517612,0.854118,0.0143243,-0.365363,0.961,0.243625,nan,nan,nan,nan,-0.0282618,-0.0837118,-0.0199492,0.0645833,-0.335271,-8.33333e-05,-0.0635277,-0.474138,nan
740,25.2578,918.091,0.0276912,0.416667,0.0416667,0.132807,1.0358,0.0226296,-0.0080714,1.35913,8.88889e-05,0.0150851,0.272205,17294.8,0.46646,0.244041,-0.2,0.05,383.054,9.09312e+06,0.455648,0.0573633,0.814837,0.01158,-0.348647,0.918091,0.245327,nan,nan,nan,nan,-0.0262713,-0.0785638,-0.0190711,0.0608182,-0.321694,-9.09091e-05,-0.0591651,-0.447271,nan
741,27.7162,955,0.0281659,0.625,0.0833333,0.131078,1.04327,0.0285498,-0.00917152,1.35201,8.88889e-05,0.0104535,0.272047,17378,0.464257,0.242845,-0.2,0.05,383.763,9.10541e+06,0.538662,0.0680182,0.857957,0.0126075,-0.359768,0.955,0.232565,nan,nan,nan,nan,-0.0257241,-0.075289,-0.0186441,0.0616471,-0.33201,0,-0.065652,-0.463556,nan
742,25.26,931.923,0.0284103,0.458333,0.0833333,0.130738,1.0271,0.0242075,-0.00879767,1.34415,8.88889e-05,0.0123731,0.271824,17324.4,0.462962,0.246327,-0.2,0.05,384.473,9.1177e+06,0.4716,0.0521599,0.828171,0.012452,-0.352789,0.931923,0.237608,nan,nan,nan,nan,-0.0263074,-0.0786743,-0.0189495,0.057,-0.324676,0,-0.067493,-0.459027,nan
743,25.5805,943.55,0.0280069,0.75,0.0833333,0.134271,1.01548,0.0302052,-0.0099016,1.3339,8.88889e-05,0.0134603,0.271603,17119.4,0.475752,0.242031,-0.2,0.05,385.192,9.12998e+06,0.458131,0.055924,0.838925,0.0123373,-0.355595,0.94355,0.23741,nan,nan,nan,nan,-0.0260217,-0.0771678,-0.0189588,0.0612,-0.329242,-0.0001,-0.0600687,-0.461297,nan
744,24.9274,889,0.0276786,0.5,0.125,0.132078,1.02339,0.0284991,-0.00945385,1.32484,8.88889e-05,0.014614,0.271415,17238.1,0.463739,0.249101,-0.2,0.05,385.906,9.14227e+06,0.469864,0.0555893,0.789581,0.0114816,-0.331036,0.889,0.217193,nan,nan,nan,nan,-0.0242173,-0.0697387,-0.0173366,0.0521333,-0.309166,0,-0.0583618,-0.428615,nan
745,25.6755,957.471,0.0280234,0.666667,0.0416667,0.132231,1.03111,0.0226594,-0.00984365,1.31749,8.88889e-05,0.0114386,0.271278,16948.1,0.472355,0.252682,-0.2,0.05,386.633,9.15456e+06,0.448596,0.0577688,0.855115,0.0134791,-0.358543,0.957471,0.240182,nan,nan,nan,nan,-0.0273938,-0.0794383,-0.0195927,0.0632353,-0.334125,0,-0.0618899,-0.471091,nan
746,29.7241,1000,0.0282278,0.291667,0,0.133768,1.02538,0.0241852,-0.00946268,1.31116,8.88889e-05,0.0148508,0.271132,17253.7,0.458317,0.25388,-0.2,0.05,387.346,9.16685e+06,0.602321,0.0535249,0.886515,0.0126763,-0.377458,1,0.265143,nan,nan,nan,nan,-0.0284165,-0.0825098,-0.0206874,0.0638571,-0.349367,-0.000142857,-0.0581265,-0.481126,nan
747,27.3449,957.111,0.0289294,0.291667,0.0833333,0.12981,1.03835,0.0260831,-0.00919575,1.30419,8.88889e-05,0.0113308,0.270964,17134.5,0.46259,0.254561,-0.2,0.05,388.065,9.17914e+06,0.535935,0.0565418,0.859566,0.0115715,-0.360567,0.957111,0.245889,nan,nan,nan,nan,-0.0258691,-0.0761115,-0.01871,0.0563333,-0.333257,0,-0.0640737,-0.477112,nan
748,28.1805,1000,0.029453,0.291667,0,0.127703,1.02168,0.0243654,-0.00802163,1.29737,8.88889e-05,0.0143134,0.270854,17269.4,0.46462,0.246927,-0.2,0.05,388.777,9.19142e+06,0.52923,0.0528574,0.887222,0.0134459,-0.376211,1,0.274957,nan,nan,nan,nan,-0.0293702,-0.0817313,-0.0207384,0.0617143,-0.347483,0,-0.0683556,-0.486513,nan
749,28.219,1000,0.0280882,0.25,0,0.130122,1.02736,0.0255169,-0.00822277,1.29325,8.88889e-05,0.0163951,0.270763,17354.8,0.457707,0.250338,-0.2,0.05,389.487,9.20371e+06,0.549074,0.0569634,0.893782,0.0134034,-0.373081,1,0.2361,nan,nan,nan,nan,-0.0261593,-0.0800312,-0.0188452,0.056,-0.348521,0,-0.0657005,-0.482037,nan
750,26.4841,968.5,0.0282277,0.208333,0.0416667,0.131368,1.04718,0.0277377,-0.00948961,1.28801,8.88889e-05,0.0124457,0.270604,16841.4,0.472943,0.256688,-0.2,0.05,390.217,9.216e+06,0.46769,0.0593444,0.862204,0.0125404,-0.360085,0.9685,0.24875,nan,nan,nan,nan,-0.0274108,-0.0797723,-0.0203548,0.0613333,-0.338411,0,-0.0620176,-0.468106,nan
751,25.9105,956.273,0.0213796,0.416667,0.0416667,0.131109,1.06295,0.0389948,-0.00862742,1.27956,8.88889e-05,0.00778073,0.270378,16121.5,0.499027,0.263185,-0.4,0.1,390.981,9.22829e+06,0.451122,0.0521173,0.858154,0.0134407,-0.359118,0.956273,0.252436,nan,nan,nan,nan,-0.0279102,-0.0861787,-0.0210095,0.0654545,-0.33404,-9.09091e-05,-0.0554924,-0.469632,nan
752,24.4744,901.125,0.0211617,0.583333,0.0833333,0.129662,1.0049,0.0276258,-0.00911732,1.26952,8.88889e-05,0.0128974,0.270165,14864.1,0.529995,0.296695,-0.4,0.1,391.809,9.24058e+06,0.445853,0.0518066,0.802411,0.0122994,-0.348304,0.901125,0.226644,nan,nan,nan,nan,-0.0248485,-0.074538,-0.0184505,0.0564375,-0.313608,-0.000125,-0.0527983,-0.440184,nan
753,26.7767,980.538,0.0208032,0.458333,0.0833333,0.131858,1.00563,0.0323444,-0.00796372,1.25947,8.88889e-05,0.0156645,0.269937,15394.2,0.538356,0.259866,-0.4,0.1,392.609,9.25286e+06,0.512915,0.0589426,0.875409,0.0119809,-0.388595,0.980538,0.233446,nan,nan,nan,nan,-0.0255998,-0.0751802,-0.0188476,0.0555385,-0.34211,0,-0.0621469,-0.477455,nan
754,24.899,929.417,0.0212005,0.416667,0.0833333,0.132133,1.02721,0.032612,-0.00884009,1.24906,8.88889e-05,0.0100712,0.269706,17409.1,0.459169,0.246667,-0.4,0.1,393.316,9.26515e+06,0.435896,0.0551222,0.829281,0.0122226,-0.373812,0.929417,0.252517,nan,nan,nan,nan,-0.0267278,-0.079211,-0.0196345,0.0618333,-0.321763,0,-0.0616192,-0.44857,nan
755,24.0569,1000,0.0208177,0.375,0,0.132708,1.03889,0.0213592,-0.00699323,1.23809,8.88889e-05,0.0121639,0.269432,17246.1,0.46571,0.2468,-0.4,0.1,394.029,9.27744e+06,0.359595,0.06007,0.886432,0.0138856,-0.413576,1,0.260278,nan,nan,nan,nan,-0.0289057,-0.0847683,-0.0204509,0.067,-0.350221,0,-0.0565337,-0.48996,nan
756,26.8296,1000,0.0216147,0.333333,0,0.129084,1.03132,0.0222769,-0.00909157,1.22579,8.88889e-05,0.0114107,0.269179,17437,0.452824,0.251885,-0.4,0.1,394.735,9.28973e+06,0.522576,0.048063,0.88316,0.0130733,-0.423164,1,0.261525,nan,nan,nan,nan,-0.0280583,-0.0856543,-0.0204392,0.062125,-0.34743,-0.000125,-0.0564652,-0.487707,nan
757,23.4357,861.75,0.0213647,0.375,0.125,0.12992,1.01539,0.0315249,-0.0088487,1.21519,8.88889e-05,0.0116346,0.26897,17158.9,0.471001,0.245129,-0.4,0.1,395.453,9.30202e+06,0.456421,0.0497306,0.765405,0.0115246,-0.372514,0.86175,0.224833,nan,nan,nan,nan,-0.0243403,-0.0712814,-0.0173215,0.05375,-0.299023,-0.000166667,-0.0528626,-0.414119,nan
758,27.1414,966.545,0.0218606,0.375,0.0833333,0.12969,1.03213,0.0263646,-0.00817817,1.20532,8.88889e-05,0.00942766,0.268722,15346.3,0.458915,0.341801,-0.4,0.1,396.257,9.3143e+06,0.543467,0.0670986,0.865246,0.0133365,-0.42204,0.966545,0.251827,nan,nan,nan,nan,-0.0279036,-0.0824145,-0.0199459,0.0637273,-0.335009,0,-0.0642645,-0.462599,nan
759,26.4163,991.446,0.0213019,2.66667,0.0416667,0.130725,1.01876,0.0237081,-0.00921133,1.19282,8.88889e-05,0.016475,0.268406,12796.1,0.605534,0.354761,-0.4,0.1,397.22,9.32659e+06,0.510468,0.0565389,0.886208,0.0129186,-0.437378,0.991446,0.252702,nan,nan,nan,nan,-0.0270986,-0.0793631,-0.0199262,0.0612923,-0.344585,-7.69231e-05,-0.0612723,-0.481058,nan
760,21.4568,840.182,0.0214757,0.375,0.0833333,0.132445,1.028,0.029339,-0.00846809,1.17958,8.88889e-05,0.0126256,0.26814,13488.5,0.581102,0.329894,-0.4,0.1,398.132,9.33888e+06,0.391195,0.055908,0.745261,0.0111955,-0.382694,0.840182,0.216727,nan,nan,nan,nan,-0.0240661,-0.0705843,-0.017863,0.0561818,-0.292869,-9.09091e-05,-0.0464947,-0.409149,nan
761,21.9954,895.933,0.0230448,0.541667,0.0833333,0.125286,1.01553,0.0221267,-0.0098143,1.16685,8.88889e-05,0.0152545,0.267808,14126.6,0.555823,0.314027,-0.4,0.1,399.004,9.35117e+06,0.391701,0.0547987,0.797503,0.0127726,-0.417236,0.895933,0.23842,nan,nan,nan,nan,-0.0259145,-0.0775547,-0.0181641,0.0568667,-0.310536,0,-0.0570633,-0.441759,nan
762,25.514,1000,0.02225,0.416667,0,0.126922,1.02323,0.0225839,-0.00844757,1.15126,8.88889e-05,0.0127333,0.267479,13943,0.515443,0.365858,-0.4,0.1,399.887,9.36346e+06,0.471057,0.0501993,0.892342,0.0125151,-0.461622,1,0.26337,nan,nan,nan,nan,-0.0278661,-0.0819324,-0.0205395,0.0627,-0.34706,0,-0.0581831,-0.47928,nan
763,26.9064,964.875,0.0221149,0.291667,0.0416667,0.127088,1.01125,0.026147,-0.00926829,1.13631,8.88889e-05,0.0179614,0.267139,13672.6,0.562031,0.3367,-0.4,0.1,400.787,9.37574e+06,0.591905,0.0638944,0.863712,0.0131017,-0.455672,0.964875,0.240775,nan,nan,nan,nan,-0.0266076,-0.0803218,-0.018919,0.059125,-0.332894,-0.000125,-0.0640687,-0.473462,nan
764,24.9552,948.8,0.0230131,0.375,0.0416667,0.124497,1.00047,0.0226677,-0.00800179,1.12159,8.88889e-05,0.0191695,0.26685,13660,0.562249,0.337312,-0.4,0.1,401.689,9.38803e+06,0.50943,0.0594456,0.844056,0.0125013,-0.464453,0.9488,0.25478,nan,nan,nan,nan,-0.0276768,-0.0794607,-0.0193374,0.0568,-0.329954,0,-0.0570412,-0.460129,nan
