iteration,Train/mean_reward,Train/mean_episode_length,Train/mean_step_reward,Episode_Termination/time_out,Episode_Termination/fell_over,Metrics/twist/error_vel_xy,Metrics/twist/error_vel_yaw,Loss/value,Loss/surrogate,Loss/entropy,Loss/learning_rate,Loss/kl,Policy/mean_std,Perf/total_fps,Perf/collection_time,Perf/learning_time,Curriculum/action_rate_weight,Curriculum/standing_envs,time_s,env_steps,Episode_Reward/track_linear_velocity,Episode_Reward/track_angular_velocity,Episode_Reward/upright,Episode_Reward/pose,Episode_Reward/action_rate_l2,Episode_Reward/alive,Episode_Reward/air_time,Episode_Reward/foot_clearance,Episode_Reward/foot_slip
1,1.50879,22.8687,0.0706328,0,8.25,0.293824,0.770697,0.100714,0.0542843,13.1065,0.000666667,0.104553,0.502573,9988.12,0.878136,0.352126,-0.1,0.02,1.23045,12288,0.0147722,0.0154508,0.0206072,0.00846279,-0.0202078,0.0457374,-0.00900505,-1.49097e-05,-0.00036295
2,1.77197,26.1378,0.0664326,0,17.5417,0.313059,0.806779,0.0513605,-0.0154773,13.1728,0.000444444,0.0495303,0.50339,11731.6,0.784411,0.263014,-0.1018,0.02036,2.27933,24576,0.0185649,0.0179436,0.0237557,0.00985293,-0.023593,0.0522755,-0.00981473,-1.52017e-05,-0.000371412
3,1.70783,26.37,0.0670904,0,18.9167,0.305787,0.794162,0.0335328,-0.0241967,13.1823,0.000296296,0.0428596,0.503229,7442.12,1.24128,0.409868,-0.1036,0.02072,3.93165,36864,0.017326,0.0173163,0.0238964,0.0100603,-0.0244688,0.0527401,-0.0110969,-1.40572e-05,-0.000367638
4,1.76086,26.7836,0.066881,0,19.8333,0.304219,0.790968,0.0311356,-0.0259782,13.1781,0.000197531,0.0346743,0.503234,7223.64,1.3038,0.39728,-0.1054,0.02108,5.6342,49152,0.0188178,0.0180091,0.0243115,0.0102028,-0.0252781,0.0535672,-0.0111933,-1.44102e-05,-0.000379846
5,1.86147,28.3445,0.0659343,0,19.9583,0.318121,0.761934,0.0281332,-0.0268875,13.1792,0.000131687,0.0333869,0.503223,7924.47,1.07262,0.478025,-0.1072,0.02144,7.18664,61440,0.0200496,0.0191892,0.0257777,0.0108697,-0.0274932,0.0566889,-0.0116013,-1.54351e-05,-0.000391576
6,2.00274,30.2769,0.0659689,0,18.2083,0.324353,0.74,0.032236,-0.0231868,13.1755,8.77915e-05,0.0360918,0.502972,7771.15,1.13425,0.446985,-0.109,0.0218,8.76966,73728,0.0210622,0.0219747,0.0276472,0.0116511,-0.0299207,0.0605538,-0.0124096,-1.69808e-05,-0.000404712
7,2.23743,32.7862,0.0688704,0,12.0833,0.287386,0.740513,0.0618522,-0.0208376,13.168,5.85277e-05,0.0273606,0.502867,7628.56,1.1554,0.455393,-0.1108,0.02216,10.3825,86016,0.0247984,0.0237488,0.0301466,0.0127161,-0.0327887,0.0655724,-0.0118828,-1.76455e-05,-0.000421717
8,2.50384,36.3255,0.0709892,0,12.4167,0.264183,0.734746,0.172096,-0.016611,13.1658,3.90184e-05,0.0214775,0.502829,8209.51,1.08266,0.414145,-0.1126,0.02252,11.881,98304,0.0292792,0.0261429,0.0336344,0.0141261,-0.0368293,0.072651,-0.0133456,-1.95724e-05,-0.00044717
9,2.70119,38.9664,0.0701467,0,12.4167,0.272499,0.73116,0.331456,-0.0108386,13.1655,3.90184e-05,0.0100858,0.50288,7944.71,1.11197,0.434723,-0.1144,0.02288,13.429,110592,0.0317729,0.0277253,0.0362803,0.0151956,-0.0400268,0.0779329,-0.0133188,-2.14573e-05,-0.000480625
10,3.24214,45.2727,0.071841,0,10.0833,0.238748,0.72799,0.451367,-0.00973946,13.168,3.90184e-05,0.010681,0.502953,8618.3,1.06723,0.35857,-0.1162,0.02324,14.8566,122880,0.0407849,0.0331835,0.0424393,0.0177027,-0.0471194,0.0905455,-0.0149256,-2.23018e-05,-0.000481587
11,3.27374,46.5331,0.0710153,0,11.3333,0.239664,0.724859,0.335051,-0.00822496,13.1702,3.90184e-05,0.00639621,0.502997,9178.86,0.94629,0.392438,-0.118,0.0236,16.1967,135168,0.0411944,0.0338382,0.0436287,0.0180882,-0.0495912,0.0930662,-0.0160331,-2.39716e-05,-0.000480331
12,3.32691,46.5606,0.0710901,0,11,0.235574,0.728585,0.286669,-0.0097151,13.1717,3.90184e-05,0.0109452,0.503046,8125.82,1.07275,0.439471,-0.1198,0.02396,17.7107,147456,0.0433022,0.0346666,0.0437156,0.0183042,-0.0502712,0.0931212,-0.0160038,-2.24952e-05,-0.000466925
13,3.41326,47.702,0.0710421,0,10.625,0.230295,0.722796,0.303322,-0.00941364,13.174,3.90184e-05,0.0114753,0.503143,8474.65,1.07838,0.371596,-0.1216,0.02432,19.1622,159744,0.0453132,0.034526,0.0448321,0.0188783,-0.0520816,0.0954039,-0.0157294,-2.19104e-05,-0.000457433
14,3.3117,46.4176,0.0698672,0,11.375,0.236222,0.732071,0.340208,-0.00943719,13.1772,3.90184e-05,0.0111003,0.503187,8322.29,1.06194,0.414574,-0.1234,0.02468,20.6402,172032,0.0432931,0.0344769,0.0435664,0.018312,-0.0515868,0.0928352,-0.0148352,-2.15896e-05,-0.00045503
15,3.26532,47.1093,0.0692323,0,10.2917,0.239487,0.736344,0.32419,-0.00847917,13.1778,3.90184e-05,0.00867591,0.503201,8218.78,1.10813,0.386986,-0.1252,0.02504,22.137,184320,0.04189,0.0344703,0.0442534,0.0184284,-0.0535459,0.0942186,-0.0159474,-2.58519e-05,-0.000475718
16,3.27634,47.3646,0.0695394,0,11.5417,0.234381,0.719685,0.32068,-0.00942831,13.1783,3.90184e-05,0.010184,0.503209,9082.88,1.02979,0.323085,-0.127,0.0254,23.4912,196608,0.0416641,0.0345134,0.0445127,0.0186161,-0.0541735,0.0947292,-0.0155668,-2.0706e-05,-0.00045749
17,3.28442,46.7255,0.069875,0,10.625,0.230937,0.700107,0.247119,-0.0101631,13.1787,3.90184e-05,0.0140951,0.503233,9045.6,0.94372,0.414731,-0.1288,0.02576,24.851,208896,0.0448121,0.0342309,0.0438334,0.0183264,-0.054547,0.093451,-0.0154078,-2.09304e-05,-0.000456951
18,3.30966,47.8571,0.0689753,0,9.91667,0.23133,0.716586,0.251186,-0.00919107,13.1796,3.90184e-05,0.010949,0.503249,8164.05,1.07593,0.429205,-0.1306,0.02612,26.3579,221184,0.0427306,0.0364925,0.0449139,0.0187862,-0.0567989,0.0957143,-0.0158866,-2.09038e-05,-0.000448139
19,3.40406,49.616,0.0689762,0,10.4167,0.230678,0.72521,0.231515,-0.0096123,13.1796,3.90184e-05,0.00770807,0.503235,8138.57,1.0699,0.439945,-0.1324,0.02648,27.8693,233472,0.0458147,0.0362651,0.0465847,0.019388,-0.0599265,0.099232,-0.016668,-2.17657e-05,-0.000465444
20,3.48215,50.3629,0.0694384,0,10.3333,0.234241,0.714596,0.226668,-0.0111665,13.1784,3.90184e-05,0.0109938,0.503179,8975.95,1.00284,0.366151,-0.1342,0.02684,29.24,245760,0.0462958,0.0368827,0.0473222,0.019756,-0.0612523,0.100726,-0.0151089,-2.15369e-05,-0.000492175
21,3.51654,50.634,0.0698699,0,9.79167,0.22795,0.696583,0.200924,-0.00982986,13.1764,3.90184e-05,0.0145162,0.503132,8704.86,1.02664,0.384984,-0.136,0.0272,30.6532,258048,0.0471267,0.0384388,0.0476164,0.0200774,-0.0619685,0.101268,-0.0162255,-2.02325e-05,-0.000485972
22,3.46217,49.7203,0.0690686,0,9.83333,0.228464,0.71644,0.178089,-0.0099188,13.1748,3.90184e-05,0.00694821,0.503078,8998.3,0.983556,0.382035,-0.1378,0.02756,32.0201,270336,0.0483569,0.0375146,0.0466802,0.0197563,-0.0621023,0.0994407,-0.0160297,-2.15654e-05,-0.000486946
23,3.58741,51.7393,0.0680557,0,9.75,0.231772,0.730711,0.182662,-0.00969619,13.1722,3.90184e-05,0.00919299,0.502985,9430.91,0.878564,0.424385,-0.1396,0.02792,33.3246,282624,0.0496043,0.038952,0.048691,0.0205329,-0.0656357,0.103479,-0.0157009,-2.33803e-05,-0.000528561
24,3.64608,53.106,0.0689244,0,9.04167,0.2241,0.699297,0.165725,-0.0111201,13.1676,3.90184e-05,0.0121981,0.502815,7652.39,1.15831,0.447462,-0.1414,0.02828,34.9321,294912,0.0512735,0.0391985,0.0499072,0.02125,-0.068099,0.106212,-0.0168894,-2.26365e-05,-0.000526198
25,3.78837,55.0717,0.0680739,0,9.29167,0.229871,0.701101,0.185835,-0.0106486,13.1619,3.90184e-05,0.00909424,0.502702,7964.82,1.08672,0.456067,-0.1432,0.02864,36.4764,307200,0.052693,0.0425913,0.0518098,0.021981,-0.0716247,0.110143,-0.0176188,-2.49166e-05,-0.000531575
26,3.82033,56.5446,0.0674448,0,8.875,0.223907,0.713523,0.163266,-0.0106301,13.1582,3.90184e-05,0.00957017,0.502584,10307,0.875703,0.316501,-0.145,0.029,37.6706,319488,0.053059,0.0424891,0.0530827,0.0224828,-0.0745546,0.113089,-0.0180892,-2.47023e-05,-0.000517895
27,3.90561,56.4646,0.0675445,0,9.41667,0.220135,0.696033,0.142898,-0.00953868,13.154,3.90184e-05,0.00777542,0.502483,7927.92,1.11278,0.43719,-0.1468,0.02936,39.2218,331776,0.0571883,0.0428577,0.0527762,0.0223002,-0.075529,0.112929,-0.0167212,-2.08246e-05,-0.000499874
28,3.691,55.4052,0.0671137,0,9.66667,0.221506,0.689926,0.121382,-0.0110457,13.1507,3.90184e-05,0.0164877,0.502392,7625.67,1.21953,0.39187,-0.1486,0.02972,40.8346,344064,0.0516667,0.0415592,0.0516494,0.0218814,-0.0746398,0.11081,-0.0178405,-2.31402e-05,-0.000513876
29,3.79165,55.6089,0.0676955,0,8.41667,0.217998,0.682935,0.124756,-0.0120938,13.1468,3.90184e-05,0.0156987,0.502256,9473.89,0.95219,0.344848,-0.1504,0.03008,42.1335,356352,0.0549979,0.0423757,0.0517715,0.0220402,-0.0761153,0.111218,-0.0161683,-2.23203e-05,-0.000514851
30,3.88966,57.4537,0.0674778,0,8.54167,0.218274,0.669462,0.12449,-0.0105466,13.1418,3.90184e-05,0.00862696,0.502126,8536.13,1.0391,0.400427,-0.1522,0.03044,43.5745,368640,0.056758,0.0436321,0.0534748,0.0228806,-0.0795322,0.114907,-0.0171073,-2.11678e-05,-0.000508974
31,3.91429,57.8361,0.0673629,0,7.625,0.213978,0.681833,0.119828,-0.0113944,13.137,3.90184e-05,0.00838993,0.501988,8572.97,1.02918,0.404161,-0.154,0.0308,45.0093,380928,0.0570808,0.0449413,0.0538196,0.0230509,-0.0814334,0.115672,-0.0168579,-2.30705e-05,-0.000535597
32,4.16064,62.2475,0.0663084,0,8.25,0.222419,0.682876,0.127795,-0.0116504,13.1318,3.90184e-05,0.00713182,0.501838,9412.7,0.986795,0.318676,-0.1558,0.03116,46.3167,393216,0.0592535,0.0482287,0.0581507,0.0246081,-0.0881451,0.124495,-0.0179596,-2.69391e-05,-0.000572626
33,4.27929,64.1368,0.0669874,0,7.91667,0.211857,0.67915,0.122496,-0.0115861,13.1268,3.90184e-05,0.0144879,0.501719,8728.66,0.997987,0.409789,-0.1576,0.03152,47.726,405504,0.061661,0.0506663,0.0599059,0.0256968,-0.0925368,0.128274,-0.0191105,-2.62346e-05,-0.000565555
34,4.42808,67.0395,0.0671027,0,6.33333,0.202887,0.688905,0.116634,-0.0117295,13.1222,3.90184e-05,0.0143175,0.501567,8098.88,1.10356,0.413684,-0.1594,0.03188,49.2453,417792,0.0660128,0.0509356,0.062426,0.0266007,-0.0986678,0.134079,-0.0193816,-2.59176e-05,-0.000574949
35,4.52542,68.5677,0.066462,0,6.45833,0.203025,0.689516,0.119932,-0.0123515,13.1158,3.90184e-05,0.015822,0.501366,9616.07,0.967781,0.31008,-0.1612,0.03224,50.525,430080,0.0679557,0.051853,0.0638507,0.0271963,-0.100721,0.137135,-0.0203613,-2.71001e-05,-0.00061058
36,4.94052,74.2643,0.0660697,0,5.83333,0.203666,0.679914,0.107043,-0.0109499,13.1086,3.90184e-05,0.0119432,0.501184,9165.14,0.95687,0.383863,-0.163,0.0326,51.8671,442368,0.0762908,0.0555597,0.0692417,0.0291121,-0.110491,0.148529,-0.0205571,-3.13353e-05,-0.000627322
37,5.54951,82.5286,0.066607,0,5.83333,0.196592,0.665442,0.108933,-0.00992348,13.1022,3.90184e-05,0.0112661,0.501002,9399.33,0.927677,0.37965,-0.1648,0.03296,53.1759,454656,0.0894136,0.0631014,0.0766712,0.0320226,-0.124664,0.165057,-0.02345,-2.98094e-05,-0.000647055
38,5.73436,84.5748,0.0658062,0,5.29167,0.1951,0.680839,0.109062,-0.0123186,13.0961,2.60123e-05,0.0211448,0.500855,9936.2,0.894191,0.342499,-0.1666,0.03332,54.4144,466944,0.0928607,0.0652223,0.0791145,0.0326937,-0.129009,0.16915,-0.0226299,-3.05696e-05,-0.000653607
39,6.02913,92.3077,0.0656071,0,4.875,0.194543,0.682572,0.124004,-0.00866136,13.0915,2.60123e-05,0.0147829,0.500729,9409.55,0.941334,0.364574,-0.1684,0.03368,55.7218,479232,0.0954526,0.0698172,0.0863842,0.0350125,-0.142418,0.184615,-0.0266923,-3.43241e-05,-0.000681208
40,5.77184,90.7222,0.0660389,0,3.75,0.184983,0.678574,0.114294,-0.00812318,13.087,2.60123e-05,0.00943441,0.500621,9201.92,0.954488,0.380885,-0.1702,0.03404,57.0586,491520,0.08781,0.0677024,0.0843731,0.0339031,-0.141463,0.181444,-0.0244556,-3.48886e-05,-0.000687322
41,6.46637,98.7297,0.0644194,0,3.08333,0.185586,0.697411,0.148605,-0.00762826,13.0834,2.60123e-05,0.0134373,0.500527,10055.6,0.902538,0.319468,-0.172,0.0344,58.2826,503808,0.107839,0.0741021,0.0918432,0.0361307,-0.155671,0.197459,-0.0276216,-3.82626e-05,-0.000725051
42,6.65344,102.624,0.0647951,0,3.875,0.187295,0.670354,0.142099,-0.00627526,13.0799,2.60123e-05,0.00898867,0.500424,8742.95,1.00931,0.396165,-0.1738,0.03476,59.6895,516096,0.108253,0.0795074,0.0957602,0.0381868,-0.163333,0.205247,-0.0301505,-4.35287e-05,-0.000755149
43,7.64558,122.466,0.0642808,0,2.41667,0.183934,0.690836,0.148056,-0.00614125,13.0764,2.60123e-05,0.00654268,0.500341,8644.08,1.01319,0.408359,-0.1756,0.03512,61.1129,528384,0.120183,0.0895143,0.115142,0.0440835,-0.195807,0.244931,-0.0348793,-4.93189e-05,-0.000839351
44,7.67513,127,0.0641587,0,1.625,0.183704,0.695423,0.163708,-0.00705733,13.0739,2.60123e-05,0.00541701,0.500287,8412.17,1.04185,0.418888,-0.1774,0.03548,62.5752,540672,0.12556,0.0860319,0.120731,0.0450539,-0.205125,0.254,-0.0415128,-6.73023e-05,-0.0009145
45,8.3434,138.385,0.0637478,0,1.625,0.185794,0.686532,0.158477,-0.00693669,13.0723,2.60123e-05,0.00530538,0.500248,8956.37,0.959654,0.41233,-0.1792,0.03584,63.9485,552960,0.129689,0.0972514,0.13195,0.0485107,-0.22238,0.276769,-0.0434872,-8.65089e-05,-0.00104698
46,9.94739,162.962,0.0629239,0,1.08333,0.181706,0.688763,0.15191,-0.00699061,13.0703,3.90184e-05,0.00359468,0.500162,8668.55,0.993856,0.423682,-0.181,0.0362,65.3678,565248,0.165183,0.115722,0.157214,0.0558849,-0.268166,0.325923,-0.0531538,-9.90417e-05,-0.00113925
47,11.152,174.958,0.0626644,0,1,0.181373,0.705685,0.142948,-0.00916147,13.0659,3.90184e-05,0.00770236,0.500017,9126.97,0.978849,0.36749,-0.1828,0.03656,66.7159,577536,0.189669,0.132288,0.169493,0.0599142,-0.29023,0.349917,-0.0522083,-9.19857e-05,-0.00114905
48,11.6623,190.375,0.0625098,0,0.666667,0.180874,0.679388,0.117211,-0.00786168,13.0604,3.90184e-05,0.0125358,0.499846,11056.2,0.805256,0.306156,-0.1846,0.03692,67.8285,589824,0.193397,0.133328,0.183596,0.0644197,-0.318377,0.38075,-0.0526875,-9.45505e-05,-0.0012176
49,11.7217,203.333,0.0626424,0,0.375,0.176978,0.68251,0.0899304,-0.00852796,13.0538,3.90184e-05,0.0110144,0.499658,12839.7,0.669078,0.287956,-0.1864,0.03728,68.787,602112,0.19457,0.132509,0.196904,0.0688281,-0.339059,0.406667,-0.0731111,-0.000100752,-0.00112243
50,16.8603,294,0.0620564,0,0.0416667,0.175367,0.687875,0.0801017,-0.00758769,13.0473,3.90184e-05,0.00712414,0.499497,12318.5,0.708504,0.289019,-0.1882,0.03764,69.7859,614400,0.257957,0.217203,0.287537,0.0885958,-0.48917,0.588,-0.106,-0.000102486,-0.00100472
51,15.4057,258.333,0.0612486,0,0.125,0.175169,0.679278,0.0723901,-0.00757485,13.0418,3.90184e-05,0.00967653,0.499342,13273.1,0.668641,0.257142,-0.19,0.038,73.3089,626688,0.279887,0.162069,0.251749,0.0751839,-0.437061,0.516667,-0.0766667,-0.000156833,-0.00138466
52,17.8548,282,0.0613186,0,0.0833333,0.174486,0.66934,0.0616954,-0.0079301,13.0353,3.90184e-05,0.011208,0.499134,13854.1,0.626861,0.260097,-0.1918,0.03836,74.1974,638976,0.36514,0.187128,0.275082,0.0773625,-0.486073,0.564,-0.0885,-8.99483e-05,-0.00130846
53,10.8363,230.5,0.0612255,0,0.0833333,0.175083,0.686472,0.0600636,-0.00922178,13.0272,3.90184e-05,0.0114554,0.498899,13772.8,0.624736,0.267459,-0.1936,0.03872,75.0909,651264,0.16921,0.114244,0.225242,0.0641839,-0.410442,0.461,-0.0805,-0.000105653,-0.001015
54,9.90355,216,0.0603313,0,0.0416667,0.174455,0.682872,0.0548264,-0.00966604,13.0183,3.90184e-05,0.0104619,0.498637,13868.4,0.632813,0.253233,-0.1954,0.03908,75.9783,663552,0.135546,0.122626,0.203892,0.0495077,-0.377292,0.432,-0.07,-4.42701e-05,-0.00105856
55,18.2873,359,0.0601358,0,0.0833333,0.173738,0.685664,0.0582849,-0.00915194,13.0085,5.85277e-05,0.0047114,0.498362,13860,0.629758,0.256825,-0.1972,0.03944,76.866,675840,0.271082,0.226974,0.347339,0.111653,-0.627105,0.718,-0.132,-0.000112443,-0.0014648
56,11.6685,289,0.0603994,0,0.0416667,0.172893,0.685988,0.0466616,-0.0120526,12.9961,5.85277e-05,0.0141513,0.497952,13820,0.632288,0.256861,-0.199,0.0398,77.7564,688128,0.120579,0.131575,0.275599,0.0566539,-0.500781,0.578,-0.077,-6.31982e-05,-0.00113837
57,23.449,326,0.0602912,0,0.0416667,0.173729,0.682172,0.0393263,-0.0108664,12.9821,5.85277e-05,0.0112101,0.497591,13745.1,0.628578,0.265413,-0.2008,0.04016,78.6515,700416,0.525264,0.294445,0.314172,0.107339,-0.571374,0.652,-0.148,-0.000131163,-0.00126235
58,nan,nan,0.0601676,0,0,0.173548,0.684368,0.0366709,-0.0115991,12.9683,5.85277e-05,0.00762434,0.497187,13191.7,0.649732,0.281763,-0.2026,0.04052,79.5843,712704,nan,nan,nan,nan,nan,nan,nan,nan,nan
59,nan,nan,0.0602261,0,0,0.172493,0.673474,0.0321935,-0.011014,12.9519,5.85277e-05,0.0147208,0.496669,12403.3,0.687759,0.302945,-0.2044,0.04088,80.5761,724992,nan,nan,nan,nan,nan,nan,nan,nan,nan
60,nan,nan,0.0598112,0,0,0.171947,0.674429,0.0320461,-0.011109,12.9329,5.85277e-05,0.0132611,0.496171,12288.5,0.708831,0.29113,-0.2062,0.04124,81.5773,737280,nan,nan,nan,nan,nan,nan,nan,nan,nan
61,nan,nan,0.059564,0,0,0.172,0.684152,0.0310991,-0.0113064,12.9152,5.85277e-05,0.0114538,0.495678,11782,0.764614,0.278329,-0.208,0.0416,82.6214,749568,nan,nan,nan,nan,nan,nan,nan,nan,nan
62,nan,nan,0.058795,0,0,0.173506,0.671214,0.029251,-0.0113658,12.896,5.85277e-05,0.0122689,0.495107,12020.7,0.716788,0.305452,-0.2098,0.04196,83.645,761856,nan,nan,nan,nan,nan,nan,nan,nan,nan
63,nan,nan,0.0594526,0,0,0.171162,0.663991,0.029003,-0.0121408,12.8755,5.85277e-05,0.012032,0.494582,12238.7,0.705543,0.298487,-0.2116,0.04232,84.6502,774144,nan,nan,nan,nan,nan,nan,nan,nan,nan
64,nan,nan,0.0589159,0,0,0.17245,0.682511,0.027751,-0.0115901,12.8562,5.85277e-05,0.0111974,0.494024,12554,0.684575,0.294234,-0.2134,0.04268,85.6302,786432,nan,nan,nan,nan,nan,nan,nan,nan,nan
65,nan,nan,0.0589595,0,0,0.17275,0.676157,0.0271558,-0.0116007,12.8354,5.85277e-05,0.0121135,0.493451,12371.1,0.694183,0.2991,-0.2152,0.04304,86.6247,798720,nan,nan,nan,nan,nan,nan,nan,nan,nan
66,nan,nan,0.0587134,0,0,0.172093,0.671355,0.0264246,-0.0110661,12.8144,5.85277e-05,0.0131867,0.492875,12488.6,0.695785,0.288151,-0.217,0.0434,87.6098,811008,nan,nan,nan,nan,nan,nan,nan,nan,nan
67,nan,nan,0.0590515,0,0,0.171289,0.675451,0.0270371,-0.0123906,12.7938,5.85277e-05,0.0150767,0.492331,12146.4,0.719923,0.291732,-0.2188,0.04376,88.6225,823296,nan,nan,nan,nan,nan,nan,nan,nan,nan
68,29.1757,520,0.0584454,0,0.0416667,0.172326,0.678737,0.0324836,-0.0113554,12.7752,5.85277e-05,0.0067788,0.491883,9014.56,0.917518,0.44561,-0.2206,0.04412,89.9868,835584,0.605249,0.230081,0.505391,0.145058,-0.957408,1.04,-0.108,-0.000131479,-0.00145363
69,nan,nan,0.0585709,0,0,0.17155,0.670807,0.0265798,-0.0118966,12.7583,5.85277e-05,0.0130805,0.491366,8611.8,1.00025,0.426625,-0.2224,0.04448,91.4151,847872,nan,nan,nan,nan,nan,nan,nan,nan,nan
70,nan,nan,0.0579886,0,0,0.172532,0.672912,0.0259131,-0.0112998,12.7379,5.85277e-05,0.0120696,0.490789,9106.7,0.957027,0.39231,-0.2242,0.04484,92.7659,860160,nan,nan,nan,nan,nan,nan,nan,nan,nan
71,nan,nan,0.0584008,0,0,0.171272,0.675698,0.0250894,-0.0111255,12.7172,5.85277e-05,0.00948482,0.490245,9696.33,0.901227,0.366057,-0.226,0.0452,94.0347,872448,nan,nan,nan,nan,nan,nan,nan,nan,nan
72,nan,nan,0.0585581,0,0,0.170497,0.668573,0.0252229,-0.0105813,12.6972,5.85277e-05,0.00676764,0.489687,9152.86,0.961272,0.38126,-0.2278,0.04556,95.3785,884736,nan,nan,nan,nan,nan,nan,nan,nan,nan
73,nan,nan,0.0581809,0,0,0.172698,0.662959,0.0254553,-0.0113826,12.6763,5.85277e-05,0.00956051,0.489126,8246.85,1.03592,0.454109,-0.2296,0.04592,96.87,897024,nan,nan,nan,nan,nan,nan,nan,nan,nan
74,25.3906,444,0.0585982,0,0.0416667,0.171114,0.66473,0.0273055,-0.0115647,12.6556,5.85277e-05,0.0111871,0.488556,8828.56,0.978128,0.413718,-0.2314,0.04628,98.2632,909312,0.578942,0.191917,0.431673,0.11531,-0.870388,0.888,-0.064,-6.29567e-05,-0.00186055
75,58.3048,1000,0.0579598,0.0416667,0,0.172178,0.657125,0.0245731,-0.0128417,12.6347,5.85277e-05,0.0144471,0.488004,8992.2,0.96549,0.401028,-0.2332,0.04664,99.6312,921600,0.814109,0.907783,0.979607,0.31106,-1.8079,2,-0.287,-0.000156454,-0.00226896
76,56.0016,1000,0.0579366,0.0416667,0,0.172561,0.676049,0.024738,-0.010448,12.6143,5.85277e-05,0.00883536,0.487431,8351.52,0.984243,0.487106,-0.235,0.047,101.104,933888,0.73134,0.907304,0.966989,0.314631,-1.81909,2,-0.299,-0.000153495,-0.0019456
77,69.6581,1000,0.0577041,0.291667,0,0.172514,0.668736,0.0320326,-0.0113212,12.5943,5.85277e-05,0.014921,0.486958,8619.02,1.04002,0.385663,-0.2368,0.04736,102.531,946176,1.36073,0.92472,0.978375,0.302438,-1.83208,2,-0.249,-0.000153896,-0.00212501
78,65.9635,985.789,0.0582981,0.75,0.0416667,0.171322,0.667039,0.0279968,-0.0112313,12.5767,5.85277e-05,0.0112376,0.48645,9618.44,0.921025,0.356521,-0.2386,0.04772,103.81,958464,1.30858,0.810684,0.961015,0.285082,-1.82485,1.97158,-0.211632,-0.000164021,-0.0021181
79,65.1679,1000,0.0578157,1.29167,0,0.175134,0.664283,0.0302731,-0.0124888,12.5578,5.85277e-05,0.00812151,0.485959,9227.63,0.898094,0.433559,-0.2404,0.04808,105.144,970752,1.25358,0.828885,0.976292,0.289913,-1.85405,2,-0.233903,-0.000160567,-0.00216022
80,65.4408,999.523,0.0566075,1.79167,0.0416667,0.178555,0.670563,0.0380987,-0.0124768,12.5409,5.85277e-05,0.017929,0.485552,8768.06,1.02029,0.381156,-0.2422,0.04844,106.547,983040,1.27232,0.835582,0.975885,0.286759,-1.8666,1.99905,-0.228727,-0.000157785,-0.00206184
81,59.9401,999.3,0.0565799,2.04167,0.0416667,0.180282,0.674318,0.0393951,-0.0119684,12.5267,5.85277e-05,0.00982884,0.485174,9955.3,0.841493,0.392824,-0.244,0.0488,107.782,995328,1.08856,0.767439,0.977566,0.283443,-1.8872,1.9986,-0.22916,-0.000150324,-0.00209375
82,58.2551,998.6,0.0559189,1.625,0.0416667,0.180181,0.674543,0.0390117,-0.0119625,12.5125,5.85277e-05,0.0147985,0.484788,8864.45,0.973396,0.412815,-0.2458,0.04916,109.17,1.00762e+06,1.01819,0.775594,0.975357,0.284916,-1.89496,1.9972,-0.2413,-0.000158337,-0.00207958
83,60.8715,1000,0.0559374,2.58333,0,0.17858,0.682414,0.0321562,-0.0121043,12.4971,5.85277e-05,0.0135249,0.484334,8431.15,1.03489,0.422561,-0.2476,0.04952,110.63,1.0199e+06,1.1655,0.756776,0.979276,0.285169,-1.91586,2,-0.225097,-0.000144419,-0.00204405
84,59.7365,999.855,0.0556923,2.54167,0.0416667,0.181288,0.673174,0.0362948,-0.0138939,12.4799,5.85277e-05,0.0154149,0.483882,9321.35,0.91989,0.398374,-0.2494,0.04988,111.949,1.03219e+06,1.12078,0.763783,0.977673,0.277695,-1.92658,1.99971,-0.224032,-0.000140119,-0.00205774
85,57.2319,998.8,0.0553939,1.83333,0.0416667,0.180198,0.684772,0.0391568,-0.0125587,12.4628,5.85277e-05,0.0148408,0.483409,7634.06,1.17853,0.431097,-0.2512,0.05024,113.561,1.04448e+06,1.04462,0.729288,0.976361,0.280002,-1.93913,1.9976,-0.224933,-0.000144962,-0.00206471
86,58.3138,999.659,0.0551733,1.66667,0.0416667,0.180655,0.679039,0.0336644,-0.0128647,12.4459,5.85277e-05,0.0174957,0.482992,8145.59,1.12538,0.383171,-0.253,0.0506,115.071,1.05677e+06,1.05982,0.763219,0.977788,0.277489,-1.95294,1.99932,-0.206902,-0.000129669,-0.00196438
87,55.0303,971.879,0.0550271,1.33333,0.0416667,0.18115,0.684575,0.0371151,-0.0129186,12.4305,5.85277e-05,0.018095,0.482568,10096.6,0.852827,0.364215,-0.2548,0.05096,116.289,1.06906e+06,1.02714,0.698191,0.950153,0.269693,-1.91476,1.94376,-0.220545,-0.000145012,-0.00197066
88,55.7761,965.8,0.0546857,1,0.0416667,0.180408,0.703093,0.0403355,-0.0134298,12.4143,5.85277e-05,0.0142374,0.482133,9045.72,0.945326,0.413106,-0.2566,0.05132,117.649,1.08134e+06,0.974648,0.782853,0.945722,0.277649,-1.90813,1.9316,-0.21348,-0.000134173,-0.00191653
89,51.0225,929.292,0.0546341,0.916667,0.0833333,0.180858,0.699323,0.0334365,-0.0126724,12.3973,5.85277e-05,0.0129013,0.481651,8511.94,0.985608,0.458011,-0.2584,0.05168,119.095,1.09363e+06,0.891668,0.691243,0.909029,0.257327,-1.85462,1.85858,-0.2,-0.000140708,-0.00196313
90,53.3891,929.538,0.0545871,0.5,0.0416667,0.177634,0.696284,0.0281128,-0.0128112,12.3785,5.85277e-05,0.0145414,0.481138,9591.49,0.913024,0.368112,-0.2602,0.05204,120.377,1.10592e+06,0.981791,0.688549,0.908467,0.254944,-1.86404,1.85908,-0.157385,-0.000117738,-0.00182837
91,57.5475,1000,0.0539857,0.208333,0,0.180364,0.698789,0.0334155,-0.0125565,12.3596,5.85277e-05,0.0122228,0.480655,8733.9,1.01201,0.394925,-0.262,0.0524,121.786,1.11821e+06,1.19368,0.650628,0.978262,0.28233,-2.00882,2,-0.2164,-0.000139941,-0.00216428
92,38.0383,685,0.0541218,0.0833333,0.0416667,0.179953,0.69893,0.0335923,-0.0119719,12.3421,5.85277e-05,0.0129739,0.480197,9094.06,0.926248,0.424964,-0.2638,0.05276,123.139,1.1305e+06,0.692263,0.501463,0.670043,0.206802,-1.39272,1.37,-0.144,-0.000136374,-0.0017968
93,30.1201,578.5,0.0544597,0.0833333,0.0833333,0.179841,0.693627,0.0376596,-0.0118944,12.3247,5.85277e-05,0.0132574,0.479718,10035,0.837383,0.387126,-0.2656,0.05312,124.365,1.14278e+06,0.528775,0.4008,0.565658,0.179319,-1.20044,1.157,-0.1235,-0.000123061,-0.00148487
94,37.0955,540.75,0.0537334,0.0833333,0.0833333,0.180313,0.696342,0.0365491,-0.0117423,12.307,5.85277e-05,0.0119189,0.479266,8908.31,1.01155,0.367836,-0.2674,0.05348,125.746,1.15507e+06,0.766246,0.492225,0.527924,0.171643,-1.12102,1.0815,-0.06225,-9.99007e-05,-0.00139702
95,43.147,753.333,0.0539749,0.0833333,0.0416667,0.179447,0.688253,0.0402769,-0.0120718,12.2912,5.85277e-05,0.0105578,0.478884,9652.76,0.892104,0.3809,-0.2692,0.05384,127.02,1.16736e+06,0.974265,0.461052,0.738329,0.235325,-1.58269,1.50667,-0.173333,-0.000147718,-0.00211944
96,27.0627,476,0.0538714,0.0416667,0.0833333,0.179331,0.698925,0.031786,-0.012382,12.2763,5.85277e-05,0.00515428,0.478448,9037.55,1.01667,0.342992,-0.271,0.0542,128.381,1.17965e+06,0.492029,0.384697,0.465378,0.139305,-0.998023,0.952,-0.0806667,-9.11713e-05,-0.00149301
97,36.9821,540,0.0536209,0.0416667,0.0416667,0.178475,0.691775,0.0336427,-0.0116436,12.2591,5.85277e-05,0.0102619,0.47799,9385.32,0.916393,0.392885,-0.2728,0.05456,129.692,1.19194e+06,0.941778,0.433446,0.529337,0.182842,-1.16125,1.08,-0.1555,-0.000152451,-0.0013921
98,42.3014,664,0.0536724,0.0416667,0.0416667,0.177006,0.690638,0.0264567,-0.0134196,12.2414,5.85277e-05,0.0100858,0.477499,9405.91,0.901154,0.405258,-0.2746,0.05492,131,1.20422e+06,0.980088,0.495701,0.651277,0.218462,-1.40596,1.328,-0.1505,-0.000151227,-0.00184485
99,74.6807,1000,0.0539165,0.0416667,0,0.177531,0.679241,0.0259081,-0.0125895,12.2213,5.85277e-05,0.00881994,0.476906,9600.13,0.94679,0.333192,-0.2764,0.05528,132.282,1.21651e+06,1.75442,0.927507,0.981084,0.327827,-2.06576,2,-0.189,-0.000132619,-0.0019127
100,nan,nan,0.0533421,0,0,0.1774,0.685861,0.0227622,-0.0128586,12.1985,5.85277e-05,0.0129839,0.476326,9235.77,0.951543,0.378937,-0.2782,0.05564,133.614,1.2288e+06,nan,nan,nan,nan,nan,nan,nan,nan,nan
101,nan,nan,0.053031,0,0,0.178041,0.689831,0.0235856,-0.011946,12.1769,5.85277e-05,0.0118489,0.475744,10505.4,0.820527,0.34916,-0.28,0.056,137.597,1.24109e+06,nan,nan,nan,nan,nan,nan,nan,nan,nan
102,nan,nan,0.0533485,0,0,0.177388,0.678265,0.0222899,-0.0118778,12.1547,5.85277e-05,0.0140634,0.475165,9411.73,0.928763,0.376841,-0.2818,0.05636,138.904,1.25338e+06,nan,nan,nan,nan,nan,nan,nan,nan,nan
103,nan,nan,0.0531004,0,0,0.177722,0.67804,0.022822,-0.0120945,12.1329,5.85277e-05,0.0134637,0.474593,9777.45,0.886862,0.369908,-0.2836,0.05672,140.162,1.26566e+06,nan,nan,nan,nan,nan,nan,nan,nan,nan
104,nan,nan,0.0531142,0,0,0.175986,0.684182,0.0215475,-0.0115939,12.1109,5.85277e-05,0.0164346,0.474013,9122.54,0.93821,0.408784,-0.2854,0.05708,141.51,1.27795e+06,nan,nan,nan,nan,nan,nan,nan,nan,nan
105,nan,nan,0.0527495,0,0,0.176745,0.680228,0.022122,-0.0123762,12.089,5.85277e-05,0.0116048,0.473441,9074.85,0.94846,0.405612,-0.2872,0.05744,142.866,1.29024e+06,nan,nan,nan,nan,nan,nan,nan,nan,nan
106,nan,nan,0.0530511,0,0,0.176507,0.682271,0.0196366,-0.0119683,12.0669,5.85277e-05,0.0118975,0.472856,9507.06,0.930823,0.36169,-0.289,0.0578,144.16,1.30253e+06,nan,nan,nan,nan,nan,nan,nan,nan,nan
107,nan,nan,0.0533803,0,0,0.176348,0.683042,0.0203685,-0.0120998,12.0447,5.85277e-05,0.0113677,0.472282,9392.47,0.926207,0.382076,-0.2908,0.05816,145.47,1.31482e+06,nan,nan,nan,nan,nan,nan,nan,nan,nan
108,nan,nan,0.052971,0,0,0.176913,0.683596,0.0196273,-0.0121056,12.023,5.85277e-05,0.0134595,0.471709,9753.91,0.893069,0.366733,-0.2926,0.05852,146.731,1.3271e+06,nan,nan,nan,nan,nan,nan,nan,nan,nan
109,nan,nan,0.0522903,0,0,0.176539,0.675309,0.0200304,-0.0125087,12.0005,5.85277e-05,0.0129363,0.471104,9870,0.867978,0.377007,-0.2944,0.05888,147.977,1.33939e+06,nan,nan,nan,nan,nan,nan,nan,nan,nan
110,65.1531,1000,0.0528197,0.0416667,0,0.176301,0.676583,0.0197734,-0.0120556,11.9771,5.85277e-05,0.0157154,0.470486,9423.86,0.851557,0.452367,-0.2962,0.05924,149.282,1.35168e+06,1.22741,1.02857,0.981484,0.330103,-2.1583,2,-0.15,-7.92073e-05,-0.00153567
111,nan,nan,0.0527204,0,0,0.17669,0.674359,0.0207226,-0.0126598,11.9539,5.85277e-05,0.0166036,0.469904,9235.47,0.944854,0.385669,-0.298,0.0596,150.614,1.36397e+06,nan,nan,nan,nan,nan,nan,nan,nan,nan
112,nan,nan,0.0524486,0,0,0.175556,0.679869,0.0183626,-0.012343,11.9321,5.85277e-05,0.0144547,0.469346,9038.76,0.959211,0.400268,-0.2998,0.05996,151.975,1.37626e+06,nan,nan,nan,nan,nan,nan,nan,nan,nan
113,nan,nan,0.0522702,0,0,0.176822,0.683275,0.0198134,-0.012985,11.9107,5.85277e-05,0.0119172,0.468798,10485.2,0.849384,0.322558,-0.3016,0.06032,153.149,1.38854e+06,nan,nan,nan,nan,nan,nan,nan,nan,nan
114,nan,nan,0.0521806,0,0,0.176811,0.674702,0.0191531,-0.0115696,11.8899,5.85277e-05,0.0167795,0.468252,12926.5,0.660512,0.29009,-0.3034,0.06068,154.101,1.40083e+06,nan,nan,nan,nan,nan,nan,nan,nan,nan
115,nan,nan,0.0520973,0,0,0.176561,0.679617,0.0180294,-0.0123796,11.8685,5.85277e-05,0.0108319,0.46768,13154.2,0.63911,0.295042,-0.3052,0.06104,155.037,1.41312e+06,nan,nan,nan,nan,nan,nan,nan,nan,nan
116,63.1087,1000,0.0520244,0.0416667,0,0.176883,0.688118,0.0179006,-0.0118066,11.8469,5.85277e-05,0.0144235,0.467147,13107.5,0.648421,0.289055,-0.307,0.0614,155.975,1.42541e+06,1.42772,0.819528,0.981268,0.347484,-2.24182,2,-0.177,-0.000131105,-0.00161651
117,57.5477,1000,0.0520139,0.0416667,0,0.174842,0.666465,0.018632,-0.0129244,11.8261,5.85277e-05,0.012257,0.46658,11515.5,0.75414,0.31294,-0.3088,0.06176,157.044,1.4377e+06,1.19484,0.845524,0.979354,0.360078,-2.32162,2,-0.179,-8.7572e-05,-0.00169984
118,42.5969,1000,0.0520693,0.0416667,0,0.176525,0.671279,0.0184561,-0.0125087,11.8041,5.85277e-05,0.0114328,0.466023,11618.2,0.720989,0.336661,-0.3106,0.06212,158.103,1.44998e+06,0.806317,0.466275,0.974619,0.327412,-2.29104,2,-0.152,-0.000106041,-0.0016259
119,61.115,1000,0.0515984,0.5,0,0.177141,0.685102,0.0199113,-0.0117536,11.7826,5.85277e-05,0.0135447,0.465463,11560.6,0.717572,0.345345,-0.3124,0.06248,159.167,1.46227e+06,1.34499,0.841734,0.980983,0.352757,-2.31106,2,-0.151833,-0.000106891,-0.00171151
120,54.7936,1000,0.0516325,0.958333,0,0.178361,0.673335,0.0201968,-0.0126588,11.7612,5.85277e-05,0.00960099,0.464922,10528.2,0.779139,0.388015,-0.3142,0.06284,160.335,1.47456e+06,1.13709,0.744567,0.979717,0.354658,-2.31335,2,-0.161217,-9.78565e-05,-0.00168975
121,49.8565,1000,0.0511482,1.45833,0,0.178597,0.686011,0.0216723,-0.0117522,11.7406,5.85277e-05,0.0143264,0.4644,11348.5,0.784297,0.298491,-0.316,0.0632,161.42,1.48685e+06,0.921952,0.734984,0.979832,0.353576,-2.32597,2,-0.169629,-0.000106742,-0.00180726
122,53.8816,999.426,0.0513425,1.91667,0.0416667,0.176677,0.671643,0.0238157,-0.013175,11.7212,5.85277e-05,0.0120631,0.463936,11824.8,0.724303,0.314872,-0.3178,0.06356,162.46,1.49914e+06,1.11604,0.756268,0.979342,0.35267,-2.33783,1.99885,-0.169383,-0.000101643,-0.00177636
123,53.7911,1000,0.0507768,2,0,0.176638,0.692743,0.0230346,-0.0128434,11.7033,5.85277e-05,0.0111729,0.463465,11747.2,0.737849,0.308187,-0.3196,0.06392,163.507,1.51142e+06,1.05748,0.806471,0.981528,0.352805,-2.3434,2,-0.1635,-9.84792e-05,-0.00173232
124,53.9247,998.429,0.050454,1.66667,0.0833333,0.177894,0.686393,0.0354745,-0.0104307,11.6871,5.85277e-05,0.0104839,0.463137,9335.82,1.0037,0.312521,-0.3214,0.06428,164.825,1.52371e+06,1.09889,0.763263,0.97903,0.35109,-2.34521,1.99686,-0.145786,-9.46423e-05,-0.00179635
125,54.6915,996.958,0.050009,2.95833,0.0416667,0.178943,0.697986,0.0287823,-0.0122996,11.6748,5.85277e-05,0.0113897,0.462789,11031.8,0.796916,0.316958,-0.3232,0.06464,165.94,1.536e+06,1.18239,0.738521,0.978534,0.348734,-2.35071,1.99392,-0.154958,-9.6361e-05,-0.00175476
126,53.3262,1000,0.0498692,2,0,0.179203,0.699788,0.0259992,-0.0139223,11.659,5.85277e-05,0.0101469,0.462324,10996.5,0.812061,0.305384,-0.325,0.065,167.059,1.54829e+06,1.11541,0.729796,0.981231,0.354154,-2.36198,2,-0.150479,-9.59053e-05,-0.00172964
127,52.2381,999.744,0.04987,1.58333,0.0416667,0.179872,0.688525,0.0258162,-0.0129463,11.6407,5.85277e-05,0.0181939,0.461864,10941.7,0.79151,0.33153,-0.3268,0.06536,168.183,1.56058e+06,1.04263,0.761708,0.980961,0.351184,-2.38089,1.99949,-0.141385,-8.60697e-05,-0.00170745
128,48.1663,1000,0.0500888,1.70833,0,0.180004,0.687464,0.0212885,-0.0131479,11.6224,5.85277e-05,0.0156893,0.461373,12014.5,0.691444,0.331316,-0.3286,0.06572,169.208,1.57286e+06,0.981294,0.646478,0.98173,0.34568,-2.3856,2,-0.159439,-9.57374e-05,-0.00172966
129,50.8358,1000,0.0499461,1.29167,0,0.178377,0.679821,0.0221815,-0.0137401,11.6029,5.85277e-05,0.0166256,0.46087,11373.2,0.745421,0.335016,-0.3304,0.06608,170.289,1.58515e+06,1.02452,0.734855,0.981703,0.353565,-2.39984,2,-0.151194,-9.13506e-05,-0.00172217
130,53.9424,1000,0.0505086,0.791667,0,0.176785,0.678905,0.0207463,-0.0135978,11.5832,5.85277e-05,0.00951642,0.460359,12188.5,0.711056,0.297104,-0.3322,0.06644,171.299,1.59744e+06,1.09796,0.79936,0.981486,0.349335,-2.39328,2,-0.135947,-8.70664e-05,-0.00170669
131,52.4003,1000,0.0505827,0.833333,0,0.176271,0.666972,0.0208526,-0.0123348,11.5633,5.85277e-05,0.00951096,0.459866,11358.9,0.739338,0.342457,-0.334,0.0668,172.382,1.60973e+06,1.07765,0.760068,0.981259,0.355152,-2.41142,2,-0.1409,-9.1867e-05,-0.00170398
132,53.8303,1000,0.0498129,0.416667,0,0.177701,0.679488,0.0194285,-0.013219,11.5437,5.85277e-05,0.0158262,0.459339,12151.8,0.704979,0.306228,-0.3358,0.06716,173.394,1.62202e+06,1.02298,0.858575,0.981849,0.340787,-2.41011,2,-0.1008,-8.3932e-05,-0.00168013
133,53.9357,1000,0.0497355,0.125,0,0.177486,0.671695,0.0207035,-0.0130339,11.5232,5.85277e-05,0.0144424,0.458848,12505.9,0.657801,0.324773,-0.3376,0.06752,174.378,1.6343e+06,1.25183,0.679871,0.982495,0.33417,-2.40502,2,-0.145,-8.16978e-05,-0.00147035
134,35.9971,714.333,0.0504656,0.0833333,0.0416667,0.177095,0.665163,0.0183709,-0.014233,11.5044,5.85277e-05,0.0148037,0.458362,12516,0.690035,0.291745,-0.3394,0.06788,175.361,1.64659e+06,0.671941,0.613666,0.698092,0.266941,-1.75869,1.42867,-0.119,-0.000125663,-0.0016342
135,68.6533,1000,0.0503052,0.125,0,0.175638,0.673189,0.019536,-0.0124149,11.4851,5.85277e-05,0.0178298,0.45787,12218.2,0.712987,0.292722,-0.3412,0.06824,176.369,1.65888e+06,1.62394,0.998607,0.98125,0.357369,-2.43235,2,-0.0946667,-6.94856e-05,-0.00141215
136,40.1847,830.75,0.0498478,0.125,0.0416667,0.177538,0.674674,0.0207042,-0.0123368,11.4657,5.85277e-05,0.0131197,0.457379,12118.4,0.718844,0.295149,-0.343,0.0686,177.384,1.67117e+06,0.835609,0.571638,0.818613,0.281851,-2.0383,1.6615,-0.12,-8.73914e-05,-0.00158619
137,55.1397,1000,0.0498047,0.166667,0,0.17584,0.667504,0.0188121,-0.0121108,11.446,5.85277e-05,0.0130074,0.45686,12123.7,0.688808,0.324741,-0.3448,0.06896,178.399,1.68346e+06,0.995942,0.939732,0.980858,0.365165,-2.44235,2,-0.08075,-7.17919e-05,-0.00153647
138,65.4786,1000,0.0497064,0.0833333,0,0.176511,0.67062,0.0180337,-0.0119316,11.4247,5.85277e-05,0.0126284,0.456295,10900.8,0.778087,0.349168,-0.3466,0.06932,179.527,1.69574e+06,1.80887,0.69624,0.98233,0.375542,-2.45038,2,-0.137,-8.66463e-05,-0.00157958
139,53.3939,1000,0.0502214,0.0833333,0,0.17718,0.661411,0.0168762,-0.0116133,11.4027,5.85277e-05,0.0132899,0.455767,10143.3,0.917333,0.294102,-0.3484,0.06968,180.74,1.70803e+06,1.10936,0.786404,0.977577,0.375191,-2.43622,2,-0.141,-8.00368e-05,-0.00152771
140,43.6779,1000,0.0505077,0.0833333,0,0.175905,0.669085,0.0157911,-0.0116285,11.3821,5.85277e-05,0.011746,0.455235,12854.5,0.667684,0.288246,-0.3502,0.07004,181.698,1.72032e+06,0.746256,0.725284,0.979257,0.359244,-2.47396,2,-0.1505,-6.98725e-05,-0.00161461
141,nan,nan,0.0495921,0,0,0.177159,0.668867,0.0160413,-0.0120163,11.3605,5.85277e-05,0.0137494,0.454667,12668.4,0.675299,0.294671,-0.352,0.0704,182.669,1.73261e+06,nan,nan,nan,nan,nan,nan,nan,nan,nan
142,nan,nan,0.0490899,0,0,0.176466,0.664336,0.0163366,-0.0133555,11.3383,5.85277e-05,0.014405,0.454143,11481.3,0.747242,0.32302,-0.3538,0.07076,183.74,1.7449e+06,nan,nan,nan,nan,nan,nan,nan,nan,nan
143,nan,nan,0.0492619,0,0,0.177401,0.673603,0.0158969,-0.0123514,11.3179,5.85277e-05,0.012346,0.453616,9591.31,0.826537,0.454623,-0.3556,0.07112,185.023,1.75718e+06,nan,nan,nan,nan,nan,nan,nan,nan,nan
144,nan,nan,0.0495693,0,0,0.175534,0.658604,0.0155741,-0.0118125,11.2964,5.85277e-05,0.0128343,0.453066,8263.9,0.979247,0.507702,-0.3574,0.07148,186.512,1.76947e+06,nan,nan,nan,nan,nan,nan,nan,nan,nan
145,nan,nan,0.0497606,0,0,0.176221,0.661769,0.0149589,-0.0120152,11.2749,5.85277e-05,0.00870678,0.452536,8535.3,0.981351,0.458317,-0.3592,0.07184,187.953,1.78176e+06,nan,nan,nan,nan,nan,nan,nan,nan,nan
146,nan,nan,0.0491182,0,0,0.176677,0.665112,0.0164088,-0.0122956,11.253,5.85277e-05,0.0124054,0.451954,8955.51,1.06474,0.307378,-0.361,0.0722,189.328,1.79405e+06,nan,nan,nan,nan,nan,nan,nan,nan,nan
147,nan,nan,0.0494761,0,0,0.175934,0.657325,0.0161563,-0.0119651,11.2296,5.85277e-05,0.0102136,0.451375,9331.66,0.908972,0.407836,-0.3628,0.07256,190.646,1.80634e+06,nan,nan,nan,nan,nan,nan,nan,nan,nan
148,nan,nan,0.0489281,0,0,0.176355,0.658754,0.0259644,-0.00964333,11.2092,5.85277e-05,0.0130064,0.450957,10085.5,0.856556,0.361825,-0.3646,0.07292,191.865,1.81862e+06,nan,nan,nan,nan,nan,nan,nan,nan,nan
149,22.0261,635,0.049371,0,0.0416667,0.175371,0.662865,0.0188294,-0.0112473,11.193,5.85277e-05,0.0117441,0.450518,8695.74,0.954217,0.458889,-0.3664,0.07328,193.28,1.83091e+06,0.316995,0.397164,0.620977,0.242734,-1.63572,1.27,-0.109,-0.000203059,-0.0016452
150,nan,nan,0.0490838,0,0,0.176738,0.656387,0.0171003,-0.0118663,11.1743,5.85277e-05,0.0143747,0.450041,9358.34,0.937361,0.375692,-0.3682,0.07364,194.595,1.8432e+06,nan,nan,nan,nan,nan,nan,nan,nan,nan
151,26.096,706,0.0496044,0,0.0416667,0.175216,0.65383,0.0166966,-0.0123992,11.155,5.85277e-05,0.0126716,0.449552,10314.3,0.781159,0.410196,-0.37,0.074,198.478,1.85549e+06,0.542647,0.372513,0.69174,0.283773,-1.84969,1.412,-0.146,-0.000182795,-0.00199749
152,44.7426,1000,0.0483218,0.0416667,0,0.175514,0.669723,0.016832,-0.0131494,11.135,5.85277e-05,0.0103714,0.449038,8824.32,1.00615,0.386362,-0.3718,0.07436,199.872,1.86778e+06,0.662823,0.851378,0.985677,0.345609,-2.53105,2,-0.076,-3.26332e-05,-0.00127622
153,nan,nan,0.0489599,0,0,0.175795,0.654594,0.0147093,-0.0129274,11.1139,5.85277e-05,0.0167429,0.448499,8408.62,0.995611,0.465746,-0.3736,0.07472,201.334,1.88006e+06,nan,nan,nan,nan,nan,nan,nan,nan,nan
154,nan,nan,0.0485414,0,0,0.175202,0.6598,0.0142804,-0.0131304,11.0921,5.85277e-05,0.00938918,0.447955,9957.32,0.785775,0.448292,-0.3754,0.07508,202.569,1.89235e+06,nan,nan,nan,nan,nan,nan,nan,nan,nan
155,nan,nan,0.0480964,0,0,0.175597,0.663032,0.0153933,-0.0121776,11.0703,5.85277e-05,0.0127096,0.447418,8244.39,1.0153,0.475164,-0.3772,0.07544,204.061,1.90464e+06,nan,nan,nan,nan,nan,nan,nan,nan,nan
156,26.2299,658,0.0486787,0,0.0416667,0.17501,0.657022,0.0168035,-0.0128253,11.0491,5.85277e-05,0.0170173,0.446905,7982.84,1.06252,0.47678,-0.379,0.0758,205.602,1.91693e+06,0.449739,0.488787,0.641811,0.260627,-1.72165,1.316,-0.122,-0.000230952,-0.00158917
157,28.9276,855,0.0485057,0.0416667,0.0416667,0.175816,0.660396,0.017007,-0.0114835,11.0282,5.85277e-05,0.0114902,0.446372,8962.68,1.01177,0.359244,-0.3808,0.07616,206.974,1.92922e+06,0.579531,0.375888,0.837039,0.329778,-2.25802,1.71,-0.126,-0.000113678,-0.00172181
158,50.7371,1000,0.0486144,0.0416667,0,0.174789,0.65728,0.0151385,-0.0126652,11.0066,5.85277e-05,0.00898687,0.445845,9039.44,0.902683,0.456694,-0.3826,0.07652,208.335,1.9415e+06,1.49599,0.422482,0.980315,0.396319,-2.61255,2,-0.144,-9.43952e-05,-0.00160838
159,57.1406,1000,0.048868,0.0416667,0,0.174742,0.649765,0.0147089,-0.0120893,10.9856,5.85277e-05,0.0127377,0.445324,8765.84,0.98209,0.419715,-0.3844,0.07688,209.738,1.95379e+06,1.38123,0.850719,0.983367,0.384463,-2.63315,2,-0.108,-5.07561e-05,-0.00155724
160,37.201,979.2,0.0479864,0.166667,0.0416667,0.175839,0.66067,0.0143787,-0.0126332,10.9651,5.85277e-05,0.0147961,0.444852,8522.13,0.993813,0.448081,-0.3862,0.07724,211.182,1.96608e+06,0.658935,0.621946,0.962898,0.339408,-2.57317,1.9584,-0.1066,-9.78697e-05,-0.00167215
161,48.7092,1000,0.0479725,0.458333,0,0.174034,0.667433,0.0152009,-0.01316,10.9458,5.85277e-05,0.00832709,0.444342,10687.4,0.69773,0.452034,-0.388,0.0776,212.333,1.97837e+06,1.05114,0.734051,0.982683,0.38852,-2.62493,2,-0.0942727,-7.87143e-05,-0.00165533
162,49.5444,1000,0.0482236,1.375,0,0.174309,0.65578,0.0154565,-0.0120611,10.9243,5.85277e-05,0.0120807,0.443802,10408.9,0.80656,0.373973,-0.3898,0.07796,213.515,1.99066e+06,1.06351,0.792268,0.983903,0.378242,-2.63431,2,-0.104788,-6.20553e-05,-0.00154888
163,48.2201,1000,0.0479812,1.5,0,0.175076,0.659001,0.0159803,-0.0115407,10.9029,5.85277e-05,0.00688723,0.4433,9562.85,0.922358,0.362615,-0.3916,0.07832,214.802,2.00294e+06,1.06091,0.759587,0.984613,0.370539,-2.65271,2,-0.110278,-6.15506e-05,-0.0015897
164,49.5305,998.354,0.0474404,1.95833,0.0416667,0.177974,0.655627,0.0168945,-0.0140748,10.8831,5.85277e-05,0.0147349,0.442823,9344.79,0.940133,0.374824,-0.3934,0.07868,216.118,2.01523e+06,1.14387,0.730059,0.982884,0.374821,-2.64083,1.99671,-0.109354,-7.01923e-05,-0.00155668
165,47.8528,1000,0.0476208,1.75,0,0.17672,0.663645,0.0155572,-0.0127876,10.8631,5.85277e-05,0.0198963,0.442305,10222.1,0.806278,0.395825,-0.3952,0.07904,217.322,2.02752e+06,1.04214,0.743921,0.984187,0.376672,-2.65856,2,-0.0940952,-6.46196e-05,-0.00155938
166,50.1974,1000,0.0475432,2.08333,0,0.177227,0.663407,0.0153921,-0.0130296,10.8418,5.85277e-05,0.0131334,0.441789,9563.49,0.895884,0.389003,-0.397,0.0794,218.608,2.03981e+06,1.12792,0.78396,0.984171,0.38133,-2.65878,2,-0.10712,-6.60756e-05,-0.00153397
167,49.1251,1000,0.0472886,2.875,0,0.17727,0.650082,0.0160291,-0.0130836,10.8205,5.85277e-05,0.0167347,0.441247,10333.6,0.87378,0.315348,-0.3988,0.07976,219.799,2.0521e+06,1.11266,0.754087,0.984703,0.376805,-2.66714,2,-0.103261,-6.11792e-05,-0.00153246
168,51.5967,1000,0.0473067,2,0,0.175253,0.660113,0.0153682,-0.0132893,10.7985,5.85277e-05,0.0141557,0.440727,9841.06,0.892552,0.356094,-0.4006,0.08012,221.052,2.06438e+06,1.17867,0.808143,0.985289,0.378966,-2.67171,2,-0.0979583,-5.84114e-05,-0.00151723
169,47.4584,1000,0.0477877,1.5,0,0.175883,0.659109,0.0145212,-0.0133696,10.7779,5.85277e-05,0.0130128,0.440224,9651.33,0.89558,0.377613,-0.4024,0.08048,222.326,2.07667e+06,1.06404,0.729768,0.984153,0.381549,-2.68212,2,-0.102917,-5.90788e-05,-0.00150308
170,47.4905,1000,0.0476746,1.375,0,0.175879,0.656209,0.0152341,-0.0121137,10.756,5.85277e-05,0.0199761,0.439648,11089.3,0.719544,0.388547,-0.4042,0.08084,223.436,2.08896e+06,1.01652,0.764767,0.98448,0.378789,-2.67113,2,-0.0973333,-5.87875e-05,-0.00151002
171,51.7369,1000,0.0470667,1.08333,0,0.178499,0.649187,0.014932,-0.0126103,10.733,5.85277e-05,0.0152221,0.439117,9642.57,0.879416,0.394933,-0.406,0.0812,224.711,2.10125e+06,1.16082,0.841959,0.985022,0.378981,-2.6822,2,-0.0961923,-5.3218e-05,-0.00149655
172,53.7275,1000,0.047013,0.958333,0,0.177761,0.654953,0.0143435,-0.0129044,10.7114,5.85277e-05,0.0101828,0.438582,9856.32,0.842353,0.40436,-0.4078,0.08156,225.959,2.11354e+06,1.25663,0.837931,0.984473,0.384701,-2.68096,2,-0.0948261,-6.0976e-05,-0.00151567
173,45.201,1000,0.0464812,0.625,0,0.177971,0.663778,0.014025,-0.013211,10.6892,5.85277e-05,0.0111016,0.438048,11000.9,0.789042,0.327955,-0.4096,0.08192,227.078,2.12582e+06,0.978169,0.731991,0.985708,0.361133,-2.70153,2,-0.0938667,-5.16393e-05,-0.00149915
174,43.6224,1000,0.0474778,0.291667,0,0.176849,0.65625,0.0138131,-0.0129097,10.667,5.85277e-05,0.0165415,0.43749,9542.36,0.866796,0.420935,-0.4114,0.08228,228.367,2.13811e+06,0.91619,0.714345,0.983774,0.383765,-2.70159,2,-0.113857,-5.46667e-05,-0.00144758
175,61.3812,1000,0.0470491,0.125,0,0.176043,0.662322,0.0139856,-0.0121965,10.6434,5.85277e-05,0.011005,0.436902,9900.74,0.872207,0.368912,-0.4132,0.08264,229.61,2.1504e+06,1.52161,0.996238,0.98515,0.389896,-2.7099,2,-0.112333,-6.15972e-05,-0.00154015
176,53.7,1000,0.0474055,0.125,0,0.177754,0.657831,0.0132161,-0.0126162,10.6197,5.85277e-05,0.00756401,0.436345,11276.7,0.758468,0.33121,-0.415,0.083,230.701,2.16269e+06,1.36351,0.7515,0.987112,0.379376,-2.68664,2,-0.108333,-5.48535e-05,-0.00146957
177,52.6866,1000,0.047186,0.125,0,0.176914,0.648455,0.0132858,-0.0121804,10.5969,5.85277e-05,0.0149632,0.43579,11741.5,0.695417,0.351126,-0.4168,0.08336,231.748,2.17498e+06,1.20914,0.839709,0.983593,0.404868,-2.73244,2,-0.069,-5.39831e-05,-0.00148633
178,47.9157,1000,0.0467784,0.208333,0,0.176809,0.657189,0.013536,-0.0123029,10.5744,5.85277e-05,0.0141702,0.435262,8941.22,0.955075,0.419234,-0.4186,0.08372,233.127,2.18726e+06,1.04728,0.817401,0.9857,0.382927,-2.73598,2,-0.1,-5.0912e-05,-0.00148823
179,43.0619,1000,0.0470663,0.125,0,0.17762,0.649667,0.013519,-0.0123304,10.5528,5.85277e-05,0.0131735,0.434748,9669.48,0.883045,0.387758,-0.4204,0.08408,234.399,2.19955e+06,0.777579,0.809175,0.98459,0.386807,-2.72328,2,-0.0803333,-4.86372e-05,-0.0013982
180,40.3164,1000,0.0470409,0.0833333,0,0.177108,0.649179,0.0135458,-0.0126388,10.5319,5.85277e-05,0.010729,0.434246,10730.2,0.801733,0.343444,-0.4222,0.08444,235.546,2.21184e+06,0.776445,0.681461,0.982138,0.388235,-2.69911,2,-0.1115,-7.70508e-05,-0.00177024
181,67.3649,1000,0.0476101,0.0833333,0,0.175916,0.642146,0.0126755,-0.0124629,10.5112,5.85277e-05,0.0128613,0.433762,10947.3,0.739858,0.382614,-0.424,0.0848,236.67,2.22413e+06,1.67821,1.08088,0.985267,0.392034,-2.72271,2,-0.044,-5.049e-05,-0.00138653
182,63.6528,1000,0.0462833,0.0416667,0,0.178153,0.663906,0.0132523,-0.0120635,10.4911,5.85277e-05,0.011441,0.433268,10536.1,0.748054,0.418227,-0.4258,0.08516,237.837,2.23642e+06,1.62996,1.04259,0.984644,0.405327,-2.77545,2,-0.103,-7.34803e-05,-0.00135726
183,nan,nan,0.0459988,0,0,0.177797,0.657036,0.013459,-0.011932,10.4701,5.85277e-05,0.0129613,0.432754,9933.34,0.816457,0.420589,-0.4276,0.08552,239.076,2.2487e+06,nan,nan,nan,nan,nan,nan,nan,nan,nan
184,nan,nan,0.0463431,0,0,0.175847,0.654658,0.0135737,-0.0131927,10.4487,5.85277e-05,0.018667,0.43225,11823.2,0.700514,0.338795,-0.4294,0.08588,240.116,2.26099e+06,nan,nan,nan,nan,nan,nan,nan,nan,nan
185,nan,nan,0.0468925,0,0,0.177076,0.648041,0.0140267,-0.0121452,10.4283,5.85277e-05,0.00971411,0.431764,10457.1,0.777491,0.397598,-0.4312,0.08624,241.293,2.27328e+06,nan,nan,nan,nan,nan,nan,nan,nan,nan
186,14.965,416,0.0464527,0,0.0416667,0.177697,0.640264,0.0140065,-0.0123042,10.4079,5.85277e-05,0.00903935,0.431271,10600.8,0.792095,0.367066,-0.433,0.0866,242.454,2.28557e+06,0.253085,0.30496,0.409107,0.16824,-1.16948,0.832,-0.048,-0.000139834,-0.00151933
187,18.7531,382,0.0471228,0,0.0416667,0.177538,0.639754,0.017327,-0.0114042,10.3882,5.85277e-05,0.0122739,0.430832,11782.5,0.721991,0.320912,-0.4348,0.08696,243.498,2.29786e+06,0.595324,0.183602,0.376745,0.158181,-1.08461,0.764,-0.054,-0.000145458,-0.00144475
188,9.27467,223,0.0464949,0,0.0416667,0.17801,0.660668,0.0233535,-0.0103085,10.371,5.85277e-05,0.014479,0.430452,13251,0.640809,0.286517,-0.4366,0.08732,244.426,2.31014e+06,0.230096,0.116974,0.218329,0.089119,-0.628519,0.446,-0.007,-0.000127012,-0.00113857
189,21.0072,454,0.0462914,0,0.0833333,0.177547,0.655176,0.0157322,-0.0133068,10.3542,5.85277e-05,0.012571,0.430004,12761.2,0.610104,0.352812,-0.4384,0.08768,245.391,2.32243e+06,0.482444,0.373417,0.446751,0.185576,-1.30638,0.908,-0.0375,-9.62209e-05,-0.0018534
190,48.2402,1000,0.0467277,0.0416667,0,0.177181,0.649831,0.0145978,-0.0127814,10.3343,5.85277e-05,0.0118857,0.429513,14416.3,0.557687,0.294679,-0.4402,0.08804,246.244,2.33472e+06,1.03029,0.961837,0.986266,0.394497,-2.85734,2,-0.102,-6.99276e-05,-0.00146723
191,nan,nan,0.0458988,0,0,0.176744,0.645851,0.0142209,-0.0120441,10.3136,5.85277e-05,0.0126801,0.42902,14961.7,0.53973,0.281568,-0.442,0.0884,247.067,2.34701e+06,nan,nan,nan,nan,nan,nan,nan,nan,nan
192,nan,nan,0.0458688,0,0,0.177392,0.654814,0.0204125,-0.0113435,10.294,5.85277e-05,0.00827132,0.428596,14955.4,0.542128,0.279513,-0.4438,0.08876,247.89,2.3593e+06,nan,nan,nan,nan,nan,nan,nan,nan,nan
193,32.121,758.25,0.0458629,0.0833333,0.0833333,0.176463,0.659602,0.0145189,-0.0135753,10.2762,5.85277e-05,0.0157399,0.42815,14724.5,0.5525,0.282028,-0.4456,0.08912,248.725,2.37158e+06,0.712096,0.523404,0.749043,0.295072,-2.1251,1.5165,-0.0635,-7.96653e-05,-0.00138925
194,nan,nan,0.0459227,0,0,0.177366,0.643475,0.0139287,-0.012727,10.2565,5.85277e-05,0.016103,0.427659,13941.9,0.54974,0.33163,-0.4474,0.08948,249.608,2.38387e+06,nan,nan,nan,nan,nan,nan,nan,nan,nan
195,nan,nan,0.0462095,0,0,0.176332,0.641379,0.0136909,-0.012104,10.2354,5.85277e-05,0.0128091,0.427153,14672.5,0.557191,0.280296,-0.4492,0.08984,250.447,2.39616e+06,nan,nan,nan,nan,nan,nan,nan,nan,nan
196,nan,nan,0.0461212,0,0,0.176695,0.640624,0.0129057,-0.0129139,10.2142,5.85277e-05,0.00992295,0.426657,14849.5,0.550113,0.277391,-0.451,0.0902,251.275,2.40845e+06,nan,nan,nan,nan,nan,nan,nan,nan,nan
197,nan,nan,0.045624,0,0,0.177349,0.635408,0.0134548,-0.0128205,10.1935,5.85277e-05,0.00907645,0.426161,13998.2,0.587602,0.290226,-0.4528,0.09056,252.154,2.42074e+06,nan,nan,nan,nan,nan,nan,nan,nan,nan
198,27.2346,1000,0.0456888,0.0416667,0,0.175397,0.652288,0.012359,-0.0133384,10.1725,5.85277e-05,0.0173983,0.425668,14528,0.573064,0.272751,-0.4546,0.09092,253.001,2.43302e+06,0.378495,0.420013,0.984553,0.415006,-2.77259,2,-0.062,-5.24721e-05,-0.00169381
199,44.2424,1000,0.0452478,0.0833333,0,0.175455,0.64776,0.0130659,-0.0123305,10.151,5.85277e-05,0.0151212,0.425137,14933.9,0.546554,0.276273,-0.4564,0.09128,253.825,2.44531e+06,1.18641,0.578624,0.985237,0.40053,-2.83095,2,-0.106,-5.65228e-05,-0.00167622
200,31.8936,1000,0.0457319,0.0416667,0,0.175091,0.641566,0.0125287,-0.0126347,10.1284,5.85277e-05,0.00987642,0.424609,15125.5,0.532659,0.279744,-0.4582,0.09164,254.639,2.4576e+06,0.486157,0.591143,0.98367,0.406721,-2.80249,2,-0.069,-4.69322e-05,-0.00147953
201,38.4519,909.5,0.0455239,0.0416667,0.0416667,0.175677,0.642429,0.0169112,-0.0117694,10.1075,5.85277e-05,0.0131294,0.424163,16017.2,0.517467,0.249706,-0.46,0.092,257.727,2.46989e+06,1.06422,0.478683,0.897177,0.35214,-2.61964,1.819,-0.067,-5.27003e-05,-0.00193168
202,51.0012,1000,0.0452809,0.333333,0,0.175892,0.648497,0.0132968,-0.0130909,10.0884,5.85277e-05,0.0121111,0.423688,15761.7,0.523402,0.25621,-0.4618,0.09236,258.509,2.48218e+06,1.10451,0.985957,0.987401,0.394246,-2.85158,2,-0.069,-4.08215e-05,-0.00143318
203,44.9363,975.25,0.044754,0.791667,0.0416667,0.176785,0.643803,0.0153934,-0.0131017,10.0687,5.85277e-05,0.0128767,0.423257,15810.3,0.52255,0.254667,-0.4636,0.09272,259.287,2.49446e+06,1.07803,0.721632,0.963407,0.374523,-2.76999,1.9505,-0.0698,-4.68909e-05,-0.00143759
204,44.2995,986.257,0.0448669,1.29167,0.166667,0.177144,0.650068,0.0300691,-0.0102125,10.0528,5.85277e-05,0.00956297,0.422947,15552.5,0.538947,0.251153,-0.4654,0.09308,260.078,2.50675e+06,0.987108,0.772011,0.973484,0.382155,-2.80201,1.97251,-0.0687429,-5.15105e-05,-0.0014971
205,45.0712,984.043,0.0449737,1.79167,0.125,0.174258,0.643495,0.0191385,-0.0130951,10.0385,5.85277e-05,0.0104887,0.422551,14997.7,0.570083,0.249243,-0.4672,0.09344,260.899,2.51904e+06,1.04253,0.76977,0.97148,0.386778,-2.81024,1.96809,-0.0732826,-4.80013e-05,-0.00151343
206,42.6858,999,0.0456628,1.91667,0.0833333,0.172154,0.636852,0.023021,-0.012964,10.0214,5.85277e-05,0.017242,0.422178,14725.3,0.57327,0.261214,-0.469,0.0938,261.735,2.53133e+06,0.971647,0.727466,0.986674,0.38679,-2.86245,1.998,-0.07225,-4.51936e-05,-0.00154251
207,50.6202,998,0.0463671,1.58333,0.0833333,0.169305,0.641788,0.0165502,-0.012403,10.0051,5.85277e-05,0.0119106,0.421755,15206.5,0.557517,0.250559,-0.4708,0.09416,262.544,2.54362e+06,1.28652,0.807215,0.985584,0.388704,-2.87274,1.996,-0.058725,-4.25704e-05,-0.00151206
208,46.2177,999.867,0.0458114,2.45833,0.0416667,0.171766,0.621646,0.0230547,-0.0116256,9.98689,5.85277e-05,0.0127668,0.421354,14843.2,0.57445,0.253405,-0.4726,0.09452,263.373,2.5559e+06,1.1024,0.776,0.987225,0.391696,-2.87211,1.99973,-0.0725167,-4.52297e-05,-0.00149901
209,46.7154,999.218,0.0449226,2.20833,0.0833333,0.173625,0.635829,0.0167937,-0.0137986,9.96976,5.85277e-05,0.0167384,0.420935,14782.5,0.575232,0.256019,-0.4744,0.09488,264.206,2.56819e+06,1.12138,0.785407,0.986985,0.38921,-2.87726,1.99844,-0.0668545,-4.01895e-05,-0.00149839
210,49.2414,1000,0.045396,1.83333,0,0.17527,0.628943,0.0149215,-0.0124094,9.95083,5.85277e-05,0.010674,0.420468,14944.4,0.569724,0.252521,-0.4762,0.09524,265.029,2.58048e+06,1.22665,0.79402,0.988249,0.389141,-2.86925,2,-0.0652045,-4.23244e-05,-0.00148561
211,40.8547,972,0.045331,1.375,0.125,0.175677,0.627063,0.0206993,-0.012579,9.93219,5.85277e-05,0.0140832,0.420092,14954.9,0.55736,0.264311,-0.478,0.0956,265.852,2.59277e+06,0.888107,0.737747,0.960432,0.378501,-2.80121,1.944,-0.0632778,-4.60763e-05,-0.00151759
212,44.7398,1000,0.0458779,1.16667,0,0.168907,0.619048,0.0156118,-0.0127266,9.91569,5.85277e-05,0.0169678,0.419667,15130.3,0.555102,0.257044,-0.4798,0.09596,266.666,2.60506e+06,1.02908,0.776201,0.987858,0.396066,-2.88053,2,-0.0701429,-4.17339e-05,-0.00149685
213,44.0413,956.52,0.0458254,0.958333,0.0833333,0.17182,0.632554,0.0204717,-0.0126627,9.89776,5.85277e-05,0.01819,0.419286,15121.4,0.551048,0.261577,-0.4816,0.09632,267.479,2.61734e+06,1.01735,0.796247,0.944659,0.374194,-2.77188,1.91304,-0.07,-5.27502e-05,-0.00149265
214,48.1181,1000,0.0456409,0.916667,0,0.170219,0.622772,0.0157867,-0.0128255,9.88102,5.85277e-05,0.0111956,0.418857,15084.9,0.548466,0.266125,-0.4834,0.09668,268.295,2.62963e+06,1.21451,0.77025,0.987651,0.388267,-2.89479,2,-0.0583636,-4.61527e-05,-0.00156471
215,48.891,924.8,0.0456502,0.375,0.0416667,0.171417,0.625571,0.0253617,-0.0121597,9.86286,5.85277e-05,0.00967569,0.418482,14219,0.570984,0.293209,-0.4852,0.09704,269.161,2.64192e+06,1.20227,0.855391,0.913799,0.369077,-2.68971,1.8496,-0.0543,-5.54133e-05,-0.00151442
216,17.9794,473.5,0.045004,0.166667,0.333333,0.173947,0.634597,0.0286773,-0.0122957,9.848,5.85277e-05,0.00813368,0.418151,14579.9,0.564194,0.278611,-0.487,0.0974,270.005,2.65421e+06,0.398103,0.328202,0.467157,0.18055,-1.38507,0.947,-0.0355,-0.000111125,-0.00136072
217,22.8848,480.462,0.044717,0.166667,0.375,0.172387,0.639146,0.019726,-0.0128716,9.83232,5.85277e-05,0.0189447,0.417729,15022.4,0.548986,0.268992,-0.4888,0.09776,270.824,2.6665e+06,0.555068,0.4144,0.473922,0.186011,-1.41273,0.960923,-0.0316923,-0.000150087,-0.00151456
218,52.304,1000,0.0449777,0.0833333,0,0.169556,0.625034,0.0185541,-0.012196,9.81289,5.85277e-05,0.0117536,0.417265,15181.6,0.536778,0.272621,-0.4906,0.09812,271.635,2.67878e+06,1.35638,0.897828,0.988373,0.371091,-2.91646,2,-0.0805,-5.92972e-05,-0.00144612
219,28.984,722.143,0.0448692,0.166667,0.125,0.171158,0.623419,0.0247262,-0.0111144,9.79399,5.85277e-05,0.0141137,0.416871,14698.2,0.563719,0.272302,-0.4924,0.09848,272.472,2.69107e+06,0.690339,0.48326,0.714738,0.271493,-2.11357,1.44429,-0.0397143,-7.34121e-05,-0.00156094
220,28.7247,640.625,0.0457708,0.166667,0.166667,0.169948,0.617157,0.0175862,-0.0130822,9.77759,5.85277e-05,0.0123438,0.416485,10049.1,0.812336,0.410457,-0.4942,0.09884,273.696,2.70336e+06,0.618606,0.585437,0.632416,0.250272,-1.88646,1.28125,-0.043625,-9.70157e-05,-0.00156272
221,30.3523,709.667,0.0452536,0.0833333,0.0416667,0.168918,0.620378,0.0160121,-0.0127508,9.75961,5.85277e-05,0.0143791,0.41603,10617.1,0.787073,0.370306,-0.496,0.0992,274.855,2.71565e+06,0.57846,0.683961,0.701692,0.266419,-2.07872,1.41933,-0.052,-0.000149655,-0.00137759
222,50.7216,1000,0.0459022,0.0416667,0,0.167294,0.614725,0.0149074,-0.0128783,9.73892,5.85277e-05,0.0116731,0.415545,10056.5,0.797541,0.424358,-0.4978,0.09956,276.078,2.72794e+06,1.54836,0.638876,0.990429,0.386036,-2.93883,2,-0.087,-5.5653e-05,-0.00173918
223,37.8464,1000,0.0451447,0.0416667,0,0.167034,0.619634,0.013896,-0.0126508,9.71784,5.85277e-05,0.0168917,0.415052,10941.8,0.724681,0.398349,-0.4996,0.09992,277.203,2.74022e+06,0.481031,1.0652,0.98668,0.416336,-2.9654,2,-0.09,-5.09271e-05,-0.00147421
224,nan,nan,0.04581,0,0,0.16721,0.616434,0.0131386,-0.0127654,9.69576,5.85277e-05,0.0150967,0.414525,10673.5,0.753077,0.398187,-0.5014,0.10028,278.356,2.75251e+06,nan,nan,nan,nan,nan,nan,nan,nan,nan
225,nan,nan,0.0457076,0,0,0.166891,0.612433,0.01537,-0.0120373,9.67332,5.85277e-05,0.0104638,0.414027,8154.55,0.901852,0.605037,-0.5032,0.10064,279.864,2.7648e+06,nan,nan,nan,nan,nan,nan,nan,nan,nan
226,10.7944,458,0.0462604,0,0.0416667,0.168104,0.604665,0.0134956,-0.0128731,9.65151,5.85277e-05,0.0107379,0.413512,9442.68,0.897682,0.403643,-0.505,0.101,281.168,2.77709e+06,0.183485,0.180751,0.452631,0.183907,-1.33289,0.916,-0.042,-0.000167911,-0.0019951
227,44.5493,1000,0.04568,0.0416667,0,0.167689,0.608297,0.0132458,-0.0131518,9.62908,5.85277e-05,0.0171429,0.413008,10118.7,0.794058,0.420328,-0.5068,0.10136,282.384,2.78938e+06,0.912247,0.901242,0.987153,0.405465,-2.92121,2,-0.056,-1.82323e-05,-0.00140824
228,8.18942,437,0.0455546,0,0.0416667,0.165876,0.610576,0.0134153,-0.012206,9.60734,5.85277e-05,0.0145369,0.412509,10067.9,0.834803,0.38571,-0.5086,0.10172,283.606,2.80166e+06,0.105325,0.17624,0.430811,0.168421,-1.30341,0.874,-0.04,-0.000145229,-0.00177408
229,33.3598,790,0.0457734,0.0416667,0.0416667,0.167148,0.607056,0.0124803,-0.0139403,9.58578,5.85277e-05,0.0128223,0.412025,10784.6,0.71697,0.422427,-0.5104,0.10208,284.747,2.81395e+06,1.04564,0.413583,0.780388,0.281142,-2.38151,1.58,-0.0495,-0.000101113,-0.00164714
230,48.54,1000,0.0456603,0.0833333,0,0.167553,0.616888,0.0128141,-0.0123391,9.56386,5.85277e-05,0.0132746,0.41149,9787.95,0.857539,0.397882,-0.5122,0.10244,286.004,2.82624e+06,1.50478,0.600415,0.988051,0.375268,-2.98185,2,-0.058,-3.4751e-05,-0.00163589
231,nan,nan,0.0453601,0,0,0.167254,0.610081,0.0129577,-0.0132963,9.53986,5.85277e-05,0.0168001,0.410942,9188.14,0.92551,0.411866,-0.514,0.1028,287.342,2.83853e+06,nan,nan,nan,nan,nan,nan,nan,nan,nan
232,51.4504,1000,0.0460586,0.0416667,0,0.166876,0.602208,0.0131601,-0.0125753,9.51613,5.85277e-05,0.013349,0.41041,11261,0.6658,0.425399,-0.5158,0.10316,288.435,2.85082e+06,1.66294,0.563463,0.989537,0.382801,-3.00084,2,-0.024,-1.5974e-05,-0.00136904
233,nan,nan,0.0457951,0,0,0.167597,0.603642,0.0134202,-0.0132614,9.49312,5.85277e-05,0.0162628,0.409891,9598.27,0.899738,0.380493,-0.5176,0.10352,289.717,2.8631e+06,nan,nan,nan,nan,nan,nan,nan,nan,nan
234,28.3558,906.75,0.0459243,0.125,0.0416667,0.16658,0.600003,0.0144334,-0.0125087,9.47042,5.85277e-05,0.0154821,0.409379,10229.1,0.796657,0.404623,-0.5194,0.10388,290.919,2.87539e+06,0.568689,0.57841,0.898227,0.332651,-2.71646,1.8135,-0.0555,-5.9393e-05,-0.00166706
235,28.9535,690,0.0458713,0,0.0416667,0.167056,0.605031,0.0153695,-0.0130353,9.44909,5.85277e-05,0.0143107,0.408936,9624.46,0.949042,0.327705,-0.5212,0.10424,292.198,2.88768e+06,0.834355,0.435811,0.682426,0.273972,-2.10851,1.38,-0.048,-0.000160771,-0.00221557
236,16.8592,693,0.0456715,0,0.0416667,0.166682,0.597518,0.0144505,-0.0131488,9.42985,5.85277e-05,0.0128196,0.408487,9863.86,0.765419,0.480341,-0.523,0.1046,293.445,2.89997e+06,0.306095,0.333572,0.6825,0.296471,-2.09222,1.386,-0.067,-0.000162355,-0.0022897
237,nan,nan,0.0454965,0,0,0.165895,0.60144,0.0121524,-0.0121035,9.40896,5.85277e-05,0.0103127,0.407985,9709.91,0.870052,0.395459,-0.5248,0.10496,294.712,2.91226e+06,nan,nan,nan,nan,nan,nan,nan,nan,nan
238,nan,nan,0.0458386,0,0,0.165789,0.598219,0.0122966,-0.0129955,9.38655,5.85277e-05,0.0114464,0.407485,9924.48,0.841018,0.397133,-0.5266,0.10532,295.951,2.92454e+06,nan,nan,nan,nan,nan,nan,nan,nan,nan
239,48.7608,1000,0.0455368,0.0416667,0,0.165333,0.601524,0.0122319,-0.0121408,9.36473,5.85277e-05,0.0170672,0.406994,10935.5,0.794988,0.328687,-0.5284,0.10568,297.076,2.93683e+06,1.53325,0.549441,0.990487,0.39166,-2.95446,2,-0.071,-3.13858e-05,-0.00130412
240,nan,nan,0.0458453,0,0,0.165764,0.593818,0.0123264,-0.0127752,9.34283,5.85277e-05,0.0164091,0.40649,11284,0.671257,0.417718,-0.5302,0.10604,298.167,2.94912e+06,nan,nan,nan,nan,nan,nan,nan,nan,nan
241,54.5551,1000,0.0454688,0.0833333,0,0.167236,0.599027,0.0119363,-0.0119667,9.32071,5.85277e-05,0.0152,0.406006,9759.09,0.88398,0.375154,-0.532,0.1064,299.428,2.96141e+06,1.58988,0.834541,0.98977,0.39061,-3.0023,2,-0.073,-3.10677e-05,-0.00171066
242,67.7109,1000,0.0455287,0.0416667,0,0.16659,0.596632,0.0121964,-0.0122396,9.29898,5.85277e-05,0.0130727,0.405498,8528.8,1.04557,0.395195,-0.5338,0.10676,300.87,2.9737e+06,1.88753,1.13054,0.989596,0.406339,-3.02678,2,0,-7.30494e-05,-0.00160611
243,30.1048,1000,0.0453717,0.125,0,0.166767,0.600505,0.0121966,-0.0132541,9.27639,5.85277e-05,0.0156114,0.404998,10504.6,0.860845,0.308926,-0.5356,0.10712,302.041,2.98598e+06,0.432932,0.770808,0.987718,0.414344,-3.0228,2,-0.0763333,-3.69334e-05,-0.00139943
244,46.3147,1000,0.0459036,0.416667,0,0.166472,0.588385,0.0116479,-0.0127859,9.2551,5.85277e-05,0.0135023,0.404546,11801,0.709331,0.331936,-0.5374,0.10748,303.084,2.99827e+06,1.17267,0.833498,0.990184,0.401665,-3.02481,2,-0.0559,-3.92801e-05,-0.00153225
245,47.2451,1000,0.0456912,1,0,0.165804,0.593965,0.0123979,-0.012396,9.2347,5.85277e-05,0.0117217,0.404059,8064.91,1.10359,0.420047,-0.5392,0.10784,304.609,3.01056e+06,1.15955,0.901165,0.989791,0.401903,-3.0251,2,-0.0635,-4.22596e-05,-0.00151409
246,46.329,1000,0.0455548,1.58333,0,0.164758,0.59926,0.0119741,-0.0134241,9.21246,5.85277e-05,0.00844445,0.403561,8980.24,0.984629,0.383708,-0.541,0.1082,305.979,3.02285e+06,1.17512,0.832348,0.989999,0.411139,-3.02387,2,-0.0667105,-4.21612e-05,-0.00153321
247,48.4895,1000,0.045349,1.83333,0,0.16647,0.595809,0.0126393,-0.0122229,9.19022,5.85277e-05,0.0105406,0.403054,10379.3,0.828986,0.354909,-0.5428,0.10856,307.164,3.03514e+06,1.27402,0.843086,0.990127,0.414324,-3.0377,2,-0.0578636,-3.79037e-05,-0.00148414
248,47.7636,1000,0.0445202,1.79167,0,0.170085,0.597863,0.012579,-0.0134055,9.16754,5.85277e-05,0.0137294,0.402558,12217.9,0.720025,0.285709,-0.5446,0.10892,308.172,3.04742e+06,1.17423,0.900989,0.99014,0.407775,-3.03022,2,-0.053186,-4.02938e-05,-0.00150854
249,47.3936,1000,0.0440124,1.54167,0,0.172417,0.607677,0.0124223,-0.0134235,9.14586,5.85277e-05,0.0156784,0.402074,10119.6,0.796566,0.417717,-0.5464,0.10928,309.387,3.05971e+06,1.20659,0.852293,0.989994,0.412077,-3.03102,2,-0.0587568,-3.57575e-05,-0.00146142
250,43.1829,1000,0.0443753,2.66667,0,0.171789,0.604992,0.0127408,-0.0122027,9.12406,5.85277e-05,0.0163819,0.401584,9463.93,0.936821,0.361583,-0.5482,0.10964,310.687,3.072e+06,1.04748,0.821365,0.989796,0.409998,-3.04951,2,-0.0584375,-3.77134e-05,-0.00150897
251,42.4766,1000,0.0452524,1.75,0,0.170927,0.58795,0.012677,-0.0133996,9.1021,5.85277e-05,0.0165952,0.401094,9993.76,0.829587,0.39998,-0.55,0.11,314.574,3.08429e+06,1.07748,0.750074,0.990324,0.410489,-3.04509,2,-0.0579286,-3.43871e-05,-0.00147672
252,47.7119,1000,0.045276,1.54167,0,0.171144,0.594642,0.0119091,-0.0128309,9.08001,5.85277e-05,0.0173179,0.400603,10524.3,0.819394,0.348194,-0.5518,0.11036,315.743,3.09658e+06,1.19436,0.889642,0.990285,0.413353,-3.04334,2,-0.0571892,-3.44761e-05,-0.00147988
253,45.4222,1000,0.0451163,1.5,0,0.171362,0.595766,0.0119558,-0.0128353,9.05827,5.85277e-05,0.0115612,0.400124,10470.4,0.823598,0.349999,-0.5536,0.11072,316.918,3.10886e+06,1.17504,0.809792,0.99066,0.41384,-3.05741,2,-0.0593056,-3.50564e-05,-0.00147423
254,45.5675,1000,0.0441292,1.08333,0,0.17343,0.598441,0.0114212,-0.0134281,9.03721,3.90184e-05,0.0200182,0.399669,9439.77,0.882695,0.419031,-0.5554,0.11108,318.221,3.12115e+06,1.11747,0.864185,0.990303,0.415016,-3.05297,2,-0.0540769,-3.24915e-05,-0.00152442
255,47.2933,1000,0.0443342,0.833333,0,0.174163,0.583885,0.0121688,-0.0112521,9.01957,3.90184e-05,0.0097317,0.399335,9983.53,0.851,0.379827,-0.5572,0.11144,319.453,3.13344e+06,1.22944,0.842047,0.990308,0.4145,-3.05416,2,-0.05595,-3.77109e-05,-0.00147729
256,43.9884,1000,0.0442673,0.75,0,0.174837,0.596799,0.0116071,-0.010714,9.00405,3.90184e-05,0.0116827,0.398988,9287.1,0.933797,0.389329,-0.559,0.1118,320.778,3.14573e+06,1.02815,0.885994,0.990216,0.414824,-3.05404,2,-0.0642222,-4.09353e-05,-0.00146239
257,47.2587,1000,0.0443005,0.5,0,0.175886,0.600872,0.0120985,-0.0103898,8.98885,3.90184e-05,0.0100246,0.398664,11521,0.723347,0.343228,-0.5608,0.11216,321.846,3.15802e+06,1.20877,0.860376,0.990101,0.416357,-3.04936,2,-0.0618333,-3.62239e-05,-0.00143833
258,44.2053,1000,0.0437799,0.375,0,0.174654,0.603164,0.0115471,-0.0104283,8.9743,3.90184e-05,0.00975976,0.398339,9216.12,0.953072,0.380244,-0.5626,0.11252,323.181,3.1703e+06,1.1024,0.809838,0.991295,0.414832,-3.05559,2,-0.0511111,-2.62068e-05,-0.00137494
259,43.0317,1000,0.0439206,0.416667,0,0.175893,0.602372,0.0126341,-0.0107208,8.95958,3.90184e-05,0.00649174,0.398019,9128.23,0.96989,0.376263,-0.5644,0.11288,324.529,3.18259e+06,1.10908,0.758943,0.991187,0.406317,-3.04707,2,-0.0655,-3.5483e-05,-0.00133971
260,30.4167,736.167,0.0434259,0.166667,0.0833333,0.176625,0.60062,0.0125153,-0.0105848,8.94542,3.90184e-05,0.0114509,0.39771,10688.4,0.815301,0.33436,-0.5662,0.11324,325.68,3.19488e+06,0.563396,0.752069,0.728235,0.310226,-2.25624,1.47233,-0.0478333,-5.69946e-05,-0.00129582
261,46.1699,927.3,0.0433342,0.375,0.0416667,0.176919,0.606856,0.0153052,-0.00979158,8.93172,3.90184e-05,0.0124885,0.397418,11819.6,0.666343,0.373282,-0.568,0.1136,326.721,3.20717e+06,1.28052,0.756755,0.919173,0.388972,-2.85153,1.8546,-0.0385,-3.25841e-05,-0.00145761
262,42.4862,872,0.0435366,0.166667,0.0416667,0.176911,0.607123,0.0142987,-0.00993388,8.91896,3.90184e-05,0.0117769,0.397144,8623.75,1.04005,0.384857,-0.5698,0.11396,328.147,3.21946e+06,1.11334,0.784828,0.863999,0.367101,-2.68705,1.744,-0.0604,-4.97407e-05,-0.00146222
263,45.4427,1000,0.0433288,0.0833333,0,0.175361,0.606398,0.0120841,-0.0106851,8.90609,3.90184e-05,0.01587,0.396839,9635.71,0.868171,0.407086,-0.5716,0.11432,329.424,3.23174e+06,1.1336,0.837376,0.990594,0.426595,-3.03812,2,-0.0765,-3.44112e-05,-0.00137591
264,43.2117,692,0.0432756,0.0833333,0.0416667,0.176466,0.608663,0.0167118,-0.0106521,8.89214,3.90184e-05,0.0124101,0.396542,11014.1,0.808365,0.307292,-0.5734,0.11468,330.542,3.24403e+06,1.18801,0.76466,0.685505,0.288848,-2.1283,1.384,-0.021,-4.14138e-05,-0.00109193
265,8.77533,228,0.0432858,0,0.0416667,0.176291,0.60426,0.0127071,-0.0106389,8.87885,3.90184e-05,0.0121113,0.396247,10095.8,0.78975,0.427393,-0.5752,0.11504,331.76,3.25632e+06,0.150351,0.214666,0.224771,0.09463,-0.682115,0.456,-0.018,-0.00014839,-0.00138842
266,15.2255,403,0.042661,0,0.0416667,0.176068,0.605283,0.012952,-0.00987615,8.86512,3.90184e-05,0.00948092,0.395938,9657.97,0.920737,0.35158,-0.577,0.1154,333.034,3.26861e+06,0.368684,0.319818,0.397572,0.163888,-1.27464,0.806,-0.019,-7.29317e-05,-0.000969848
267,44.2817,1000,0.0423616,0.0416667,0,0.177042,0.60154,0.0120233,-0.0103291,8.85078,3.90184e-05,0.0088397,0.395616,9134.33,0.900049,0.445205,-0.5788,0.11576,334.381,3.2809e+06,1.46202,0.607137,0.990922,0.418326,-3.14527,2,-0.117,-7.39841e-05,-0.00198048
268,10.5293,485,0.0422944,0,0.0416667,0.176413,0.607786,0.0133958,-0.00986801,8.83665,3.90184e-05,0.0113111,0.395325,11506.5,0.719002,0.348917,-0.5806,0.11612,335.45,3.29318e+06,0.232056,0.196065,0.478591,0.196618,-1.49794,0.97,-0.047,-0.000183812,-0.00174235
269,43.3776,730,0.0432363,0.0416667,0.0416667,0.176883,0.600814,0.0123988,-0.0104174,8.82347,3.90184e-05,0.007306,0.395028,10267.4,0.83081,0.365982,-0.5824,0.11648,336.648,3.30547e+06,1.13653,0.816606,0.722629,0.312688,-2.25814,1.46,-0.02,-6.55704e-05,-0.00136452
270,37.1158,1000,0.0420929,0.0833333,0,0.177813,0.604343,0.011561,-0.0102504,8.8092,3.90184e-05,0.00912909,0.394697,10510.6,0.805271,0.363836,-0.5842,0.11684,337.819,3.31776e+06,0.802216,0.785349,0.992222,0.423123,-3.08105,2,-0.0645,-4.0266e-05,-0.00153205
271,23.2865,1000,0.0428268,0.0416667,0,0.175895,0.592892,0.0113337,-0.0100852,8.79404,3.90184e-05,0.0115408,0.39437,11250.9,0.757084,0.335093,-0.586,0.1172,338.913,3.33005e+06,0.519302,0.474041,0.989199,0.418638,-3.1834,2,-0.052,-4.50431e-05,-0.00141139
272,41.6468,1000,0.0417347,0.0833333,0,0.177008,0.598031,0.0113412,-0.0102666,8.77914,3.90184e-05,0.0119332,0.394041,13398.3,0.631999,0.285134,-0.5878,0.11756,339.831,3.34234e+06,0.949208,0.867098,0.99137,0.418659,-3.05989,2,-0.0825,-4.7201e-05,-0.00156167
273,nan,nan,0.0422395,0,0,0.177026,0.603488,0.0131842,-0.0101163,8.76426,3.90184e-05,0.0101064,0.393725,14615.7,0.56321,0.277529,-0.5896,0.11792,340.673,3.35462e+06,nan,nan,nan,nan,nan,nan,nan,nan,nan
274,30.0258,751.5,0.0425051,0.0416667,0.0416667,0.176065,0.599477,0.0122004,-0.011104,8.75019,3.90184e-05,0.0101275,0.393423,14342.6,0.577635,0.279113,-0.5914,0.11828,341.531,3.36691e+06,0.781342,0.578539,0.743634,0.308084,-2.34204,1.503,-0.0695,-8.55354e-05,-0.00168401
275,21.7555,762,0.0423704,0.0416667,0.0416667,0.175464,0.602245,0.0125318,-0.0111137,8.73639,3.90184e-05,0.013744,0.39312,14209.6,0.575528,0.28924,-0.5932,0.11864,342.397,3.3792e+06,0.309853,0.624087,0.753428,0.317804,-2.39139,1.524,-0.0485,-6.13526e-05,-0.00144312
276,28.7586,926.75,0.0420045,0.125,0.0416667,0.176097,0.603096,0.0124091,-0.0109922,8.72236,3.90184e-05,0.0123151,0.392807,14047.5,0.599472,0.275273,-0.595,0.119,343.273,3.39149e+06,0.556905,0.668688,0.918572,0.383168,-2.88042,1.8535,-0.061,-5.85663e-05,-0.00142779
277,44.7931,1000,0.0418258,0.0416667,0,0.175881,0.601566,0.012683,-0.0104027,8.70782,3.90184e-05,0.0125867,0.392487,14304.9,0.57183,0.287174,-0.5968,0.11936,344.133,3.40378e+06,0.825355,1.11036,0.992595,0.428566,-3.08389,2,-0.032,-1.58175e-05,-0.00131012
278,25.8102,783.667,0.0424795,0.0416667,0.0833333,0.175682,0.590902,0.0142069,-0.0110758,8.69361,3.90184e-05,0.010566,0.392189,14590.4,0.563424,0.278775,-0.5986,0.11972,344.977,3.41606e+06,0.562495,0.54213,0.775564,0.31626,-2.42319,1.56733,-0.0483333,-9.60683e-05,-0.00165473
279,19.1315,632,0.042001,0,0.0416667,0.176227,0.59919,0.0126986,-0.00929929,8.67984,3.90184e-05,0.0109747,0.391877,14588.1,0.564206,0.278126,-0.6004,0.12008,345.82,3.42835e+06,0.397887,0.452195,0.623935,0.259443,-1.98843,1.264,-0.051,-0.000133493,-0.00132665
280,20.3443,777,0.0422045,0,0.0416667,0.176151,0.594981,0.0116093,-0.0110582,8.66495,3.90184e-05,0.0123749,0.391543,14623.1,0.561781,0.278535,-0.6022,0.12044,346.662,3.44064e+06,0.569251,0.360243,0.769564,0.325385,-2.5086,1.554,-0.051,-0.00016027,-0.00146902
281,61.9859,1000,0.0424583,0.0416667,0,0.175278,0.59794,0.0117331,-0.01129,8.64958,3.90184e-05,0.0130855,0.391214,14336.8,0.576079,0.281016,-0.604,0.1208,347.52,3.45293e+06,1.60679,1.17571,0.991632,0.43375,-3.06333,2,-0.044,-1.91266e-05,-0.00123009
282,27.8487,903.667,0.0423435,0.0833333,0.0416667,0.176207,0.599929,0.013494,-0.0108554,8.6352,3.90184e-05,0.0120492,0.390922,14531.4,0.557489,0.288128,-0.6058,0.12116,348.367,3.46522e+06,0.419417,0.770472,0.895604,0.375219,-2.81427,1.80733,-0.0596667,-4.22864e-05,-0.00162987
283,27.3013,882.5,0.0416444,0.0416667,0.0416667,0.175276,0.603863,0.0127734,-0.0112885,8.62189,3.90184e-05,0.012037,0.390625,13160.2,0.600124,0.333601,-0.6076,0.12152,349.302,3.4775e+06,0.438637,0.77755,0.873256,0.368843,-2.77857,1.765,-0.078,-8.29644e-05,-0.0015626
284,25.0555,865,0.0414796,0.0416667,0.0416667,0.175296,0.600901,0.0154184,-0.0107502,8.60822,3.90184e-05,0.0126618,0.390334,12785.4,0.639115,0.321985,-0.6094,0.12188,350.264,3.48979e+06,0.578016,0.510746,0.857695,0.36269,-2.72162,1.73,-0.063,-5.66224e-05,-0.00169852
285,27.4631,896.375,0.04141,0.208333,0.125,0.174936,0.599005,0.0133769,-0.0110363,8.59458,3.90184e-05,0.0128549,0.390026,12502.3,0.646076,0.336785,-0.6112,0.12224,351.248,3.50208e+06,0.631029,0.569738,0.887942,0.368327,-2.81602,1.79275,-0.058875,-7.00702e-05,-0.00166547
286,46.6262,1000,0.0417537,0.458333,0,0.175128,0.589359,0.0121297,-0.011238,8.58012,3.90184e-05,0.0123984,0.389713,13767.2,0.611607,0.280947,-0.613,0.1226,352.143,3.51437e+06,1.27845,0.841197,0.992272,0.419551,-3.14513,2,-0.0535455,-3.42918e-05,-0.00144477
287,48.4709,996.606,0.0417137,1.33333,0.0416667,0.172707,0.593302,0.015978,-0.00961194,8.56626,3.90184e-05,0.0106678,0.389429,13810.1,0.611449,0.278334,-0.6148,0.12296,353.034,3.52666e+06,1.26794,0.939584,0.988531,0.421253,-3.14384,1.99321,-0.0416364,-3.0466e-05,-0.00146506
288,43.7458,995.95,0.0410518,1.625,0.0416667,0.177133,0.594462,0.0136334,-0.0110891,8.55322,3.90184e-05,0.0118398,0.389143,13910.7,0.607847,0.275499,-0.6166,0.12332,353.918,3.53894e+06,1.186,0.799011,0.98775,0.417911,-3.14335,1.9919,-0.050375,-3.37378e-05,-0.00152328
289,38.3272,1000,0.0418591,1.70833,0,0.172265,0.595667,0.0181994,-0.0100967,8.54019,3.90184e-05,0.0144434,0.388871,13901,0.608848,0.27512,-0.6184,0.12368,354.803,3.55123e+06,0.870097,0.849751,0.992318,0.421155,-3.1599,2,-0.0555366,-3.3402e-05,-0.00149003
290,43.2821,991.78,0.0423477,1.66667,0.0416667,0.170986,0.590642,0.0156596,-0.0118996,8.52755,3.90184e-05,0.0180338,0.388591,13549.1,0.619943,0.286982,-0.6202,0.12404,355.712,3.56352e+06,1.11339,0.838811,0.98393,0.416581,-3.12561,1.98356,-0.045,-3.5232e-05,-0.00152262
291,45.794,999.268,0.0418024,1.66667,0.0416667,0.170108,0.586244,0.0199085,-0.0103433,8.51522,3.90184e-05,0.01335,0.38835,14045.4,0.605447,0.269433,-0.622,0.1244,356.589,3.57581e+06,1.13836,0.94118,0.9913,0.421971,-3.15613,1.99854,-0.0439512,-3.45509e-05,-0.00153587
292,43.0919,987.373,0.0421793,2.33333,0.125,0.174055,0.585646,0.0147602,-0.0111424,8.50396,3.90184e-05,0.00859912,0.38809,13986,0.611238,0.267357,-0.6238,0.12476,357.468,3.5881e+06,1.12901,0.838464,0.979439,0.412046,-3.12842,1.97475,-0.0491186,-3.21494e-05,-0.00153633
293,45.6948,1000,0.0411532,1.75,0,0.174252,0.593539,0.0133433,-0.0114876,8.49104,3.90184e-05,0.0160262,0.387796,14425.4,0.584681,0.267152,-0.6256,0.12512,358.322,3.60038e+06,1.23057,0.849596,0.992419,0.4182,-3.16632,2,-0.0381905,-2.74933e-05,-0.00150905
294,42.2753,1000,0.0403825,1.29167,0,0.175358,0.602816,0.0136359,-0.0102122,8.47689,3.90184e-05,0.00710928,0.387477,14100.9,0.583815,0.287617,-0.6274,0.12548,359.194,3.61267e+06,1.10227,0.817516,0.992126,0.420174,-3.17269,2,-0.0440968,-2.50675e-05,-0.00150613
295,43.4048,1000,0.0404958,1.125,0,0.17389,0.602815,0.0122504,-0.0114443,8.46173,3.90184e-05,0.0154167,0.387146,13982.3,0.581953,0.29687,-0.6292,0.12584,360.074,3.62496e+06,1.11076,0.881819,0.992572,0.416833,-3.18394,2,-0.0462963,-3.00501e-05,-0.00147976
296,39.4399,1000,0.0404242,0.916667,0,0.174644,0.601843,0.0116735,-0.011205,8.44633,3.90184e-05,0.0137818,0.386818,9421.38,0.849443,0.454825,-0.631,0.1262,361.38,3.63725e+06,0.918165,0.878716,0.992281,0.416022,-3.17715,2,-0.0545455,-3.32883e-05,-0.00146442
297,39.855,958.714,0.0404141,0.833333,0.0416667,0.173213,0.615539,0.01295,-0.0109678,8.43136,3.90184e-05,0.0116702,0.386502,10783.6,0.794344,0.345166,-0.6328,0.12656,362.522,3.64954e+06,1.06918,0.758758,0.950746,0.397833,-3.05446,1.91743,-0.0450952,-3.8792e-05,-0.00159774
298,38.2369,1000,0.0406806,0.583333,0,0.170887,0.60537,0.012571,-0.0102979,8.41701,3.90184e-05,0.0155204,0.386202,10648.8,0.83552,0.318417,-0.6346,0.12692,363.677,3.66182e+06,0.979669,0.773926,0.992138,0.41233,-3.19882,2,-0.0457857,-2.70013e-05,-0.00159065
299,40.846,929.75,0.0408508,0.458333,0.0416667,0.171055,0.606092,0.0123941,-0.0108113,8.40294,3.90184e-05,0.0120788,0.385894,12306.2,0.678696,0.319825,-0.6364,0.12728,364.677,3.67411e+06,1.24097,0.646674,0.922648,0.385335,-2.96896,1.8595,-0.0424167,-3.55566e-05,-0.00140461
300,36.3657,1000,0.0407182,0.5,0,0.170605,0.594826,0.0121763,-0.0100688,8.38841,3.90184e-05,0.0108819,0.385581,13828.9,0.610326,0.278246,-0.6382,0.12764,365.567,3.6864e+06,0.981989,0.688832,0.991984,0.405791,-3.2045,2,-0.0443333,-2.01032e-05,-0.00146014
301,41.7888,1000,0.0408806,0.25,0,0.171106,0.587702,0.0116554,-0.0116936,8.37368,3.90184e-05,0.0133887,0.385261,9667.34,0.906581,0.364503,-0.64,0.128,369.563,3.69869e+06,1.15936,0.778761,0.992718,0.411608,-3.20179,2,-0.0496667,-3.78435e-05,-0.0015204
302,47.6491,1000,0.0409219,0.25,0,0.170685,0.596253,0.0114096,-0.00980079,8.35889,3.90184e-05,0.0185545,0.384952,12006.7,0.729044,0.294381,-0.6418,0.12836,370.588,3.71098e+06,1.20218,0.972865,0.992151,0.425134,-3.17904,2,-0.0293333,-2.5781e-05,-0.00147337
303,40.2518,1000,0.041585,0.416667,0,0.168815,0.586358,0.010498,-0.0111104,8.34466,3.90184e-05,0.0117808,0.38465,12830.8,0.673314,0.284379,-0.6436,0.12872,371.547,3.72326e+06,1.03446,0.82733,0.991931,0.412413,-3.20091,2,-0.0511,-3.26406e-05,-0.00150023
304,50.2786,1000,0.0408074,0.125,0,0.170553,0.585979,0.0119785,-0.0104497,8.33065,3.90184e-05,0.0134528,0.384352,10075.7,0.845856,0.373708,-0.6454,0.12908,372.768,3.73555e+06,1.48024,0.918647,0.992524,0.420411,-3.25589,2,-0.0403333,-3.44895e-05,-0.00163686
305,25.4485,527,0.0408053,0.0416667,0.0833333,0.170535,0.59709,0.0133768,-0.0107838,8.31686,3.90184e-05,0.0150685,0.384065,8940.16,0.935552,0.43892,-0.6472,0.12944,374.144,3.74784e+06,0.737702,0.476823,0.522065,0.2204,-1.72131,1.054,-0.0156667,-6.436e-05,-0.00152148
306,35.3493,1000,0.0410508,0.125,0,0.170493,0.596494,0.0129317,-0.011631,8.3035,3.90184e-05,0.0143242,0.383781,9742.43,0.852628,0.408659,-0.649,0.1298,375.407,3.76013e+06,0.955721,0.674136,0.991907,0.41111,-3.20668,2,-0.057,-3.6968e-05,-0.00168977
307,9.74284,260.5,0.0404564,0,0.0833333,0.17244,0.59992,0.0137627,-0.0109194,8.29017,3.90184e-05,0.0107151,0.383497,11006.9,0.727334,0.389058,-0.6508,0.13016,376.525,3.77242e+06,0.342262,0.133434,0.257348,0.100954,-0.860705,0.521,-0.006,-7.99365e-05,-0.00106982
308,6.79645,154,0.0406433,0,0.0416667,0.172216,0.594166,0.016519,-0.00900221,8.27765,3.90184e-05,0.00815617,0.383258,9974.6,0.876223,0.355706,-0.6526,0.13052,377.758,3.7847e+06,0.259814,0.102008,0.151475,0.0653793,-0.533633,0.308,-0.012,-0.000115854,-0.00110367
309,21.2854,602.333,0.0403608,0.0416667,0.0833333,0.171867,0.599342,0.0130429,-0.0119668,8.26613,3.90184e-05,0.0111459,0.382986,9806.38,0.806425,0.446637,-0.6544,0.13088,379.012,3.79699e+06,0.493951,0.505127,0.597491,0.251363,-1.94943,1.20467,-0.0373333,-9.03824e-05,-0.00147093
310,26.7757,1000,0.0402261,0.0416667,0,0.17201,0.591258,0.0126083,-0.0103955,8.25268,3.90184e-05,0.0109309,0.382696,10522.1,0.871202,0.296629,-0.6562,0.13124,380.182,3.80928e+06,0.377088,0.795331,0.990657,0.419545,-3.19517,2,-0.047,-3.72613e-05,-0.00163141
311,31.0611,830.75,0.0405318,0.125,0.0416667,0.171692,0.587935,0.0121227,-0.0117389,8.23899,3.90184e-05,0.0153753,0.382402,9978.86,0.887097,0.344306,-0.658,0.1316,381.414,3.82157e+06,0.595021,0.849682,0.824075,0.349716,-2.69251,1.6615,-0.033,-4.58529e-05,-0.00137796
312,22.5633,1000,0.040704,0.0833333,0,0.170742,0.584891,0.0116714,-0.0121168,8.22497,3.90184e-05,0.00913348,0.382103,9679.84,0.87681,0.392633,-0.6598,0.13196,382.685,3.83386e+06,0.37991,0.646747,0.99246,0.385468,-3.21133,2,-0.0635,-4.84583e-05,-0.00153823
313,34.4629,1000,0.040886,0.0416667,0,0.170426,0.586388,0.0113977,-0.0105424,8.21111,3.90184e-05,0.0138329,0.381813,9740.74,0.860359,0.401147,-0.6616,0.13232,383.948,3.84614e+06,0.577664,1.05831,0.991397,0.426763,-3.28845,2,-0.041,-4.35383e-05,-0.00148977
314,nan,nan,0.0408966,0,0,0.170969,0.582277,0.0108592,-0.00985062,8.1973,3.90184e-05,0.00915871,0.381516,10508.2,0.742915,0.426458,-0.6634,0.13268,385.119,3.85843e+06,nan,nan,nan,nan,nan,nan,nan,nan,nan
315,41.3384,1000,0.0402603,0.0833333,0,0.169961,0.581978,0.0116291,-0.0103906,8.18323,3.90184e-05,0.0152677,0.381215,10052.7,0.864622,0.357731,-0.6652,0.13304,386.343,3.87072e+06,1.46807,0.564227,0.992362,0.388511,-3.29587,2,-0.049,-2.50453e-05,-0.00135412
316,nan,nan,0.0404419,0,0,0.17092,0.583513,0.0111761,-0.0112203,8.16885,3.90184e-05,0.0112855,0.380908,9868.56,0.821825,0.423342,-0.667,0.1334,387.59,3.88301e+06,nan,nan,nan,nan,nan,nan,nan,nan,nan
317,32.9615,1000,0.0401252,0.0833333,0,0.170622,0.590108,0.0122049,-0.0107299,8.15444,3.90184e-05,0.0122229,0.380606,10180,0.828988,0.378088,-0.6688,0.13376,388.798,3.8953e+06,1.19392,0.395197,0.992581,0.398447,-3.28865,2,-0.042,-1.75428e-05,-0.00141114
318,32.7271,940.167,0.0401721,0.208333,0.0416667,0.170894,0.587793,0.0114868,-0.00978912,8.14009,3.90184e-05,0.012149,0.380301,9220.84,0.912189,0.420445,-0.6706,0.13412,390.132,3.90758e+06,0.863756,0.718987,0.933102,0.378638,-3.08372,1.88033,-0.0531667,-4.21519e-05,-0.00153769
319,45.5334,1000,0.0405458,0.0416667,0,0.169854,0.587919,0.0110825,-0.0105949,8.12559,3.90184e-05,0.0132172,0.379993,10040.1,0.852008,0.371888,-0.6724,0.13448,391.357,3.91987e+06,1.46163,0.783612,0.993078,0.415146,-3.31139,2,-0.064,-2.3113e-05,-0.00138714
320,29.1038,1000,0.0400707,0.0833333,0,0.169209,0.584878,0.0112871,-0.0103723,8.11074,3.90184e-05,0.0132944,0.379673,11772.3,0.741169,0.302633,-0.6742,0.13484,392.403,3.93216e+06,0.558048,0.803661,0.993346,0.413317,-3.27429,2,-0.0375,-1.58837e-05,-0.00138036
321,22.5849,1000,0.0400628,0.0416667,0,0.169789,0.582601,0.011619,-0.0107567,8.09548,3.90184e-05,0.0127184,0.379353,9422.42,0.840335,0.463788,-0.676,0.1352,393.708,3.94445e+06,0.583794,0.497496,0.991536,0.387075,-3.28209,2,-0.047,-2.24763e-05,-0.0015478
322,20.38,1000,0.0404808,0.0416667,0,0.168204,0.578765,0.0101372,-0.0106348,8.0806,3.90184e-05,0.00882565,0.379046,8746.74,0.925903,0.478963,-0.6778,0.13556,395.115,3.95674e+06,0.464579,0.461534,0.991708,0.402681,-3.26408,2,-0.036,-9.96781e-06,-0.00141292
323,26.2176,1000,0.0401099,0.0416667,0,0.169387,0.576388,0.0109451,-0.0100163,8.06596,3.90184e-05,0.00909868,0.378732,9721.06,0.914783,0.349276,-0.6796,0.13592,396.38,3.96902e+06,0.911773,0.384953,0.992137,0.400932,-3.29742,2,-0.08,-3.437e-05,-0.00145848
324,31.9088,1000,0.0401965,0.166667,0,0.16871,0.578855,0.0113964,-0.00999556,8.05109,3.90184e-05,0.0103169,0.378423,12101.3,0.711262,0.304165,-0.6814,0.13628,397.397,3.98131e+06,0.690987,0.818295,0.993397,0.398005,-3.25467,2,-0.04925,-2.27457e-05,-0.00129695
325,39.2231,1000,0.0401594,0.0416667,0,0.169263,0.580143,0.0109696,-0.010904,8.03654,3.90184e-05,0.0103844,0.378118,9036.61,0.970653,0.389149,-0.6832,0.13664,398.758,3.9936e+06,0.878908,1.0179,0.993607,0.415398,-3.30046,2,-0.043,-1.87037e-05,-0.00117902
326,35.3348,1000,0.0403851,0.208333,0,0.168341,0.571717,0.0116179,-0.0107088,8.02227,3.90184e-05,0.00913844,0.377826,8138.61,1.04919,0.460655,-0.685,0.137,400.269,4.00589e+06,1.13933,0.586126,0.993228,0.386607,-3.30059,2,-0.0366,-2.15591e-05,-0.00134392
327,45.5434,1000,0.0406794,0.333333,0,0.168729,0.576214,0.0113353,-0.0102418,8.00842,3.90184e-05,0.0117043,0.377535,10069.1,0.922,0.298367,-0.6868,0.13736,401.492,4.01818e+06,1.33044,0.893758,0.992935,0.420133,-3.31434,2,-0.044375,-2.28939e-05,-0.00135487
328,43.7463,1000,0.040269,0.75,0,0.16844,0.575091,0.0130082,-0.011045,7.99474,3.90184e-05,0.0126643,0.377257,9796.31,0.874319,0.380031,-0.6886,0.13772,402.747,4.03046e+06,1.16392,0.957458,0.993595,0.412771,-3.3065,2,-0.0326111,-1.93471e-05,-0.00129134
329,39.1122,998.676,0.0396561,1.5,0.0416667,0.168768,0.583782,0.0124007,-0.0115481,7.98137,3.90184e-05,0.0141215,0.376969,9469.21,0.908191,0.389489,-0.6904,0.13808,404.047,4.04275e+06,1.12651,0.765198,0.992004,0.404521,-3.29224,1.99735,-0.0363514,-2.24724e-05,-0.00136765
330,43.7698,1000,0.040033,1.66667,0,0.169749,0.564441,0.0111798,-0.0110032,7.96747,3.90184e-05,0.0126232,0.376679,9770.46,0.892854,0.364814,-0.6922,0.13844,405.306,4.05504e+06,1.25726,0.870627,0.993168,0.409647,-3.30269,2,-0.038175,-2.20404e-05,-0.0013309
331,41.0299,1000,0.0398393,1.70833,0,0.17205,0.563206,0.0111184,-0.010151,7.95364,3.90184e-05,0.00870561,0.376388,11149.2,0.762132,0.34001,-0.694,0.1388,406.41,4.06733e+06,1.16075,0.843409,0.993052,0.409678,-3.31201,2,-0.0420488,-2.16111e-05,-0.00131306
332,40.8985,1000,0.0399631,1.5,0,0.172955,0.566876,0.0120023,-0.0102816,7.93967,3.90184e-05,0.0122081,0.376098,9532.17,0.895275,0.393833,-0.6958,0.13916,407.7,4.07962e+06,1.16282,0.824225,0.993313,0.407737,-3.30238,2,-0.0394722,-2.26537e-05,-0.00130004
333,38.3024,1000,0.0391418,2,0,0.172437,0.568492,0.0117006,-0.0104544,7.92571,3.90184e-05,0.011308,0.375802,10045.9,0.842164,0.381017,-0.6976,0.13952,408.925,4.0919e+06,0.992934,0.885517,0.993635,0.406898,-3.31663,2,-0.0458958,-2.48421e-05,-0.0013108
334,42.1502,1000,0.0398602,1.95833,0,0.172846,0.565564,0.0118472,-0.0111146,7.9112,3.90184e-05,0.0144323,0.375493,10045,0.867397,0.355894,-0.6994,0.13988,410.15,4.10419e+06,1.20243,0.861511,0.993224,0.405163,-3.31639,2,-0.0371064,-2.16657e-05,-0.00130324
335,39.4753,1000,0.0397927,1.75,0,0.172896,0.558561,0.0121454,-0.0103232,7.89662,3.90184e-05,0.012131,0.375196,8609.35,1.07629,0.350995,-0.7012,0.14024,411.579,4.11648e+06,1.06333,0.869993,0.993489,0.408015,-3.31787,2,-0.0419048,-2.12939e-05,-0.00126211
336,39.1596,972.467,0.0399966,1.20833,0.0416667,0.172544,0.568752,0.0133713,-0.0110763,7.88266,3.90184e-05,0.00973503,0.374911,10654.8,0.766265,0.387019,-0.703,0.1406,412.734,4.12877e+06,1.04944,0.874527,0.9661,0.402797,-3.23207,1.94493,-0.0464667,-2.70906e-05,-0.00125864
337,38.846,1000,0.0391422,1,0,0.173183,0.561817,0.0122795,-0.0116413,7.86906,3.90184e-05,0.0095508,0.374628,10005.5,0.850525,0.377604,-0.7048,0.14096,413.963,4.14106e+06,1.11896,0.796843,0.993361,0.409724,-3.33132,2,-0.0439583,-2.51468e-05,-0.00128163
338,48.3609,1000,0.0395423,0.916667,0,0.174196,0.573134,0.0128251,-0.0114124,7.85535,3.90184e-05,0.0132358,0.374339,9511.06,0.914947,0.377023,-0.7066,0.14132,415.257,4.15334e+06,1.37806,0.997177,0.993152,0.414394,-3.33291,2,-0.0305455,-1.77821e-05,-0.00126287
339,40.3296,998.864,0.0392957,0.875,0.0416667,0.175602,0.555691,0.0124874,-0.0104385,7.84127,3.90184e-05,0.0127565,0.374044,10181.6,0.805323,0.401558,-0.7084,0.14168,416.465,4.16563e+06,1.14221,0.859288,0.992642,0.406169,-3.34198,1.99773,-0.0382273,-2.80203e-05,-0.00132147
340,51.0452,1000,0.039112,0.333333,0,0.17472,0.579447,0.0122854,-0.0096723,7.82721,3.90184e-05,0.0108179,0.373755,10522,0.869506,0.298329,-0.7102,0.14204,417.635,4.17792e+06,1.61166,0.891247,0.993736,0.413629,-3.32988,2,-0.026875,-1.71341e-05,-0.00123435
341,41.2152,1000,0.0384264,0.458333,0,0.175629,0.57663,0.0127658,-0.011253,7.81342,3.90184e-05,0.00886965,0.373472,14132.3,0.590799,0.278701,-0.712,0.1424,418.506,4.19021e+06,0.969355,1.04506,0.992987,0.416167,-3.3241,2,-0.0373636,-2.20695e-05,-0.0013288
342,38.3695,942.308,0.0385528,0.5,0.0416667,0.1743,0.586249,0.0141299,-0.0118281,7.80027,3.90184e-05,0.00938777,0.373214,14684.1,0.565686,0.27114,-0.7138,0.14276,419.344,4.2025e+06,1.08022,0.794338,0.935632,0.3854,-3.1203,1.88462,-0.0401538,-2.8468e-05,-0.00124267
343,27.0856,842,0.0383636,0.166667,0.0416667,0.174995,0.571167,0.0171072,-0.0100041,7.78837,3.90184e-05,0.012673,0.372977,15231.9,0.535696,0.271032,-0.7156,0.14312,420.152,4.21478e+06,0.746794,0.578745,0.835469,0.342977,-2.78404,1.684,-0.0484,-3.14329e-05,-0.0012322
344,25.7997,673.167,0.0390621,0.25,0.25,0.175621,0.580603,0.0156551,-0.0112483,7.77717,3.90184e-05,0.0115438,0.372747,14335.5,0.579149,0.278022,-0.7174,0.14348,421.01,4.22707e+06,0.685455,0.613324,0.667541,0.279619,-2.26427,1.34633,-0.03675,-5.56552e-05,-0.00121619
345,37.7852,909.222,0.0392054,0.333333,0.0416667,0.173532,0.569365,0.0120772,-0.01113,7.76546,3.90184e-05,0.0112139,0.372485,15229.1,0.53922,0.267655,-0.7192,0.14384,421.818,4.23936e+06,1.00738,0.876421,0.903453,0.370567,-3.05447,1.81844,-0.0312222,-2.95459e-05,-0.00128272
346,33.905,1000,0.0385616,0.166667,0,0.174362,0.577609,0.0128465,-0.0118214,7.75237,3.90184e-05,0.0133637,0.372213,14938.2,0.539509,0.283081,-0.721,0.1442,422.642,4.25165e+06,1.04935,0.693826,0.994165,0.407114,-3.39138,2,-0.0565,-2.04229e-05,-0.00130052
347,34.4079,1000,0.0388719,0.0833333,0,0.174209,0.568379,0.0129213,-0.0104963,7.73936,3.90184e-05,0.0119664,0.371948,14902.5,0.552208,0.272349,-0.7228,0.14456,423.468,4.26394e+06,0.850211,0.857171,0.994108,0.406502,-3.34486,2,-0.0415,-2.21134e-05,-0.00121377
348,20.0765,620.571,0.038054,0.125,0.166667,0.175148,0.577326,0.0185517,-0.00892455,7.72779,3.90184e-05,0.0102348,0.371744,15476.9,0.524509,0.269449,-0.7246,0.14492,424.263,4.27622e+06,0.466992,0.587385,0.616123,0.245222,-2.1074,1.24114,-0.0442857,-6.56692e-05,-0.00129625
349,14.4497,655,0.0385281,0.0416667,0.0833333,0.174081,0.579529,0.0190226,-0.00882995,7.71849,3.90184e-05,0.00768297,0.371552,15557.3,0.514185,0.275667,-0.7264,0.14528,425.054,4.28851e+06,0.420191,0.378822,0.648281,0.238217,-2.24282,1.31,-0.029,-6.43961e-05,-0.00113817
350,22.2578,677.25,0.0379494,0.0833333,0.0833333,0.173645,0.572157,0.0150749,-0.0111619,7.70851,3.90184e-05,0.00855944,0.371328,15033.7,0.542773,0.274591,-0.7282,0.14564,425.873,4.3008e+06,0.695767,0.492439,0.671276,0.267297,-2.3298,1.3545,-0.03725,-8.91498e-05,-0.00124741
351,20.1587,771.667,0.0380226,0.0833333,0.0416667,0.171633,0.57248,0.0166236,-0.0101679,7.69748,3.90184e-05,0.0109547,0.371105,16000.7,0.508944,0.259022,-0.73,0.146,429.154,4.31309e+06,0.535938,0.489226,0.766082,0.302421,-2.58691,1.54333,-0.041,-5.03257e-05,-0.00111136
352,24.3124,651.4,0.0384636,0.0833333,0.125,0.171799,0.58239,0.0164757,-0.00926581,7.68709,3.90184e-05,0.0115769,0.3709,15156.1,0.540549,0.270216,-0.7318,0.14636,429.966,4.32538e+06,0.677204,0.564557,0.646168,0.246044,-2.18565,1.3028,-0.0342,-6.45616e-05,-0.00123721
353,21.9003,728.8,0.0378233,0.125,0.0833333,0.172849,0.57535,0.0138385,-0.0111163,7.67651,3.90184e-05,0.0125564,0.37066,15497.5,0.54049,0.252412,-0.7336,0.14672,430.76,4.33766e+06,0.643508,0.498307,0.72359,0.282748,-2.46959,1.4576,-0.0398,-4.59431e-05,-0.00130167
354,26.7522,865,0.0383734,0.0833333,0.0416667,0.170584,0.589138,0.013307,-0.00994834,7.66417,3.90184e-05,0.0145256,0.370396,15015.9,0.565955,0.252375,-0.7354,0.14708,431.58,4.34995e+06,0.814301,0.600087,0.859328,0.330902,-2.94565,1.73,-0.0496667,-0.000100271,-0.00158773
355,26.2517,719.5,0.0386011,0.0416667,0.0416667,0.171695,0.572932,0.0136853,-0.010632,7.65097,3.90184e-05,0.00588275,0.370115,15563,0.531635,0.25793,-0.7372,0.14744,432.371,4.36224e+06,0.934756,0.382687,0.714908,0.279198,-2.40764,1.439,-0.029,-3.91427e-05,-0.00128391
356,7.2264,387,0.0381887,0,0.125,0.172055,0.574641,0.0133803,-0.0107925,7.63727,3.90184e-05,0.0144166,0.36984,15248.4,0.55094,0.254914,-0.739,0.1478,433.178,4.37453e+06,0.189806,0.219448,0.383181,0.131971,-1.32316,0.774,-0.0126667,-6.71115e-05,-0.00119506
357,26.9698,1000,0.0379232,0.0833333,0,0.17192,0.567999,0.0128278,-0.00999051,7.6238,3.90184e-05,0.0127048,0.369556,15893.2,0.52312,0.25004,-0.7408,0.14816,433.952,4.38682e+06,0.831681,0.554983,0.991977,0.397612,-3.3823,2,-0.044,-1.70699e-05,-0.00144523
358,18.2867,709.333,0.0389107,0.0416667,0.0833333,0.16943,0.565272,0.0128608,-0.0103631,7.60999,3.90184e-05,0.0119769,0.369277,15885,0.523882,0.249676,-0.7426,0.14852,434.727,4.3991e+06,0.668659,0.331548,0.705881,0.25758,-2.42328,1.41867,-0.0433333,-7.32058e-05,-0.00131213
359,23.3229,919.6,0.0385464,0.166667,0.0416667,0.169737,0.563709,0.0125183,-0.010971,7.59619,3.90184e-05,0.0107586,0.368984,15784.1,0.527363,0.25114,-0.7444,0.14888,435.507,4.41139e+06,0.626914,0.578992,0.914688,0.356783,-3.12268,1.8392,-0.0264,-2.47862e-05,-0.00133313
360,32.4666,915,0.039184,0.125,0.0416667,0.168196,0.558429,0.0121688,-0.0102607,7.58154,3.90184e-05,0.00908535,0.368678,14913.7,0.538485,0.285455,-0.7462,0.14924,436.332,4.42368e+06,1.08751,0.586389,0.910675,0.348953,-3.09378,1.83,-0.045,-4.05752e-05,-0.00138182
361,63.8885,1000,0.0381092,0.0416667,0,0.170217,0.555868,0.0114456,-0.0106852,7.56651,3.90184e-05,0.00770297,0.368369,11874.4,0.781956,0.252875,-0.748,0.1496,437.37,4.43597e+06,1.91222,1.23885,0.994766,0.424027,-3.37423,2,0,-2.24788e-05,-0.00118676
362,58.7768,1000,0.03907,0.0833333,0,0.169797,0.552781,0.0117426,-0.0110574,7.5517,3.90184e-05,0.0116045,0.368076,15515,0.534267,0.257743,-0.7498,0.14996,438.163,4.44826e+06,1.87295,1.08279,0.994196,0.422032,-3.41426,2,-0.0175,-3.06155e-05,-0.00133147
363,28.8291,1000,0.0388772,0.0416667,0,0.170352,0.54498,0.0114138,-0.0100195,7.53757,3.90184e-05,0.0177226,0.367789,14800.1,0.570481,0.259783,-0.7516,0.15032,438.994,4.46054e+06,0.950797,0.534548,0.994528,0.390195,-3.3952,2,-0.032,-9.45665e-06,-0.00140345
364,38.5609,917,0.0384142,0.0833333,0.0416667,0.170164,0.554075,0.014618,-0.0102259,7.52415,3.90184e-05,0.00813802,0.367531,13434.8,0.639869,0.274771,-0.7534,0.15068,439.91,4.47283e+06,1.19988,0.79091,0.911516,0.366753,-3.13626,1.834,-0.0373333,-3.46374e-05,-0.00138435
365,16.4454,620,0.0383922,0,0.0416667,0.169957,0.5553,0.0117186,-0.0109172,7.51135,3.90184e-05,0.0119057,0.367257,14589.3,0.574977,0.267283,-0.7552,0.15104,440.754,4.48512e+06,0.447559,0.443407,0.614902,0.21445,-2.10064,1.24,-0.036,-9.67724e-05,-0.00130309
366,35.8921,1000,0.0382354,0.166667,0,0.169026,0.548378,0.011675,-0.0102222,7.49721,3.90184e-05,0.00734955,0.366954,14628.2,0.562844,0.27718,-0.757,0.1514,441.595,4.49741e+06,1.1102,0.726875,0.995294,0.401933,-3.40189,2,-0.0365,-2.3819e-05,-0.00128604
367,21.7351,875.5,0.0387115,0.0416667,0.0416667,0.168553,0.549662,0.0118686,-0.0106547,7.48224,3.90184e-05,0.0110064,0.366651,14666.3,0.558156,0.279683,-0.7588,0.15176,442.434,4.5097e+06,0.681338,0.453937,0.867779,0.33516,-2.96085,1.751,-0.04,-6.84628e-05,-0.00153836
368,45.3221,1000,0.039301,0.25,0,0.168292,0.545162,0.0109949,-0.0107484,7.46753,3.90184e-05,0.00730016,0.366355,9567.83,0.869064,0.41524,-0.7606,0.15212,443.72,4.52198e+06,1.22392,1.07149,0.994739,0.419586,-3.40664,2,-0.0358333,-1.75872e-05,-0.0011481
369,42.6806,1000,0.03894,0.416667,0,0.167488,0.545903,0.0120807,-0.0112011,7.4529,3.90184e-05,0.0161714,0.366056,10190,0.83039,0.375499,-0.7624,0.15248,444.928,4.53427e+06,1.22618,0.952423,0.994579,0.406988,-3.40963,2,-0.0352,-1.85701e-05,-0.00129141
370,40.6959,1000,0.0385177,0.958333,0,0.169396,0.561282,0.0111833,-0.0105199,7.4385,3.90184e-05,0.0111756,0.365768,10440.4,0.832841,0.344122,-0.7642,0.15284,446.106,4.54656e+06,1.18983,0.886973,0.994658,0.410678,-3.40648,2,-0.0396087,-1.93869e-05,-0.00124258
371,38.6939,998.526,0.0386893,1.54167,0.0416667,0.17076,0.547194,0.0153379,-0.0102245,7.42501,3.90184e-05,0.0111295,0.365514,9896.03,0.860758,0.380952,-0.766,0.1532,447.349,4.55885e+06,1.0455,0.945621,0.993085,0.410373,-3.42341,1.99705,-0.0322105,-2.13614e-05,-0.00129329
372,37.085,995.585,0.0387754,1.625,0.0833333,0.167927,0.557159,0.0134201,-0.011127,7.41275,3.90184e-05,0.0121966,0.365262,10345.8,0.836783,0.350945,-0.7678,0.15356,448.538,4.57114e+06,1.09547,0.828713,0.990308,0.399531,-3.41044,1.99117,-0.0392439,-2.10771e-05,-0.00124128
373,39.8673,994.595,0.0384454,1.5,0.0416667,0.167798,0.552889,0.0129917,-0.00955104,7.40014,3.90184e-05,0.0108553,0.365002,9873.61,0.922366,0.322164,-0.7696,0.15392,449.784,4.58342e+06,1.13241,0.921357,0.989563,0.40581,-3.40831,1.98919,-0.0353784,-1.89721e-05,-0.00125379
374,40.4037,994.444,0.0386244,1.41667,0.0833333,0.167063,0.547727,0.0118,-0.011034,7.38664,3.90184e-05,0.0120084,0.364711,10170.8,0.84006,0.368104,-0.7714,0.15428,450.994,4.59571e+06,1.16979,0.913951,0.989193,0.406741,-3.41629,1.98889,-0.0308056,-2.27397e-05,-0.00125643
375,38.0347,1000,0.0389298,2.20833,0,0.165508,0.545421,0.0113836,-0.0111341,7.37191,3.90184e-05,0.0188688,0.364411,9604.35,0.879957,0.399464,-0.7732,0.15464,452.274,4.608e+06,1.07654,0.892363,0.994698,0.405307,-3.43502,2,-0.0308868,-1.72362e-05,-0.00125404
376,36.1645,1000,0.0397249,1.5,0,0.163769,0.540057,0.0114234,-0.00993949,7.35741,3.90184e-05,0.0128009,0.364129,8129.96,0.99054,0.520906,-0.775,0.155,453.787,4.62029e+06,0.985047,0.920374,0.995213,0.404681,-3.4596,2,-0.0362222,-1.75672e-05,-0.00125133
377,38.9589,1000,0.0390966,1.41667,0,0.160065,0.545009,0.012076,-0.0107284,7.34337,3.90184e-05,0.014267,0.363835,7982.34,1.12364,0.41576,-0.7768,0.15536,455.328,4.63258e+06,1.23345,0.792818,0.99449,0.408589,-3.45176,2,-0.0283824,-1.47087e-05,-0.00123982
378,41.1646,1000,0.0391648,1.125,0,0.160584,0.549955,0.0110694,-0.0108627,7.32867,3.90184e-05,0.0133137,0.363539,9461.53,0.946822,0.351911,-0.7786,0.15572,456.629,4.64486e+06,1.18258,0.96391,0.995084,0.411323,-3.46518,2,-0.0282222,-1.7233e-05,-0.00124524
379,43.7708,1000,0.0395711,0.791667,0,0.161217,0.544888,0.0107938,-0.0107032,7.31428,3.90184e-05,0.00679886,0.363256,10572.3,0.770379,0.391907,-0.7804,0.15608,457.793,4.65715e+06,1.18996,1.05133,0.99532,0.418072,-3.43637,2,-0.0285263,-1.7236e-05,-0.00123957
380,34.397,1000,0.0391912,0.625,0,0.160607,0.555917,0.0110585,-0.0102697,7.29998,3.90184e-05,0.00776883,0.362954,8296.32,1.04408,0.437054,-0.7822,0.15644,459.275,4.66944e+06,0.952002,0.869742,0.995506,0.397145,-3.45647,2,-0.0368667,-1.73228e-05,-0.00119657
381,38.5276,1000,0.039256,0.625,0,0.159516,0.554509,0.0111702,-0.010615,7.28488,3.90184e-05,0.00947044,0.362656,10196.9,0.831118,0.373957,-0.784,0.1568,460.482,4.68173e+06,1.13121,0.885823,0.995085,0.404393,-3.44697,2,-0.0419333,-1.84956e-05,-0.00120246
382,39.8342,1000,0.0387927,0.458333,0,0.160322,0.559761,0.010784,-0.0104915,7.27029,3.90184e-05,0.0137083,0.362362,11201.2,0.81095,0.286075,-0.7858,0.15716,461.581,4.69402e+06,1.15128,0.909714,0.994574,0.411609,-3.44578,2,-0.0284545,-2.00646e-05,-0.00121905
383,48.0323,1000,0.0390797,0.375,0,0.158449,0.564825,0.0110763,-0.0104641,7.25566,3.90184e-05,0.013245,0.362067,10694.6,0.740618,0.408373,-0.7876,0.15752,462.731,4.7063e+06,1.58133,0.910011,0.995671,0.409542,-3.47063,2,-0.023,-1.67297e-05,-0.0012945
384,38.1444,1000,0.0386614,0.458333,0,0.158038,0.555401,0.010806,-0.010059,7.24113,3.90184e-05,0.0123394,0.361777,9358.2,0.92794,0.385133,-0.7894,0.15788,464.046,4.71859e+06,1.02837,0.951971,0.995814,0.408862,-3.44363,2,-0.033,-1.77611e-05,-0.00115107
385,35.9668,1000,0.0386369,0.291667,0,0.159253,0.560375,0.0107694,-0.0101783,7.22672,3.90184e-05,0.0071369,0.361486,10001.9,0.8793,0.349262,-0.7912,0.15824,465.276,4.73088e+06,1.08596,0.809075,0.996203,0.400434,-3.45929,2,-0.0328571,-1.67082e-05,-0.00116683
386,36.9554,1000,0.0391913,0.5,0,0.158629,0.560885,0.0112007,-0.01064,7.21217,3.90184e-05,0.0121401,0.361193,11632.9,0.644235,0.412077,-0.793,0.1586,466.333,4.74317e+06,1.09451,0.86891,0.996263,0.401791,-3.48107,2,-0.0314167,-1.75072e-05,-0.0011993
387,26.8237,1000,0.0386749,0.208333,0,0.15873,0.564626,0.0108975,-0.01092,7.19774,3.90184e-05,0.0130019,0.360908,9526.93,0.879911,0.409907,-0.7948,0.15896,467.625,4.75546e+06,0.866976,0.584245,0.996576,0.37541,-3.43974,2,-0.041,-1.95058e-05,-0.00126582
388,37.0524,1000,0.0387844,0.125,0,0.158062,0.565117,0.0107466,-0.0104147,7.18349,3.90184e-05,0.0153186,0.360621,9132.48,0.910945,0.434582,-0.7966,0.15932,468.974,4.76774e+06,0.853264,1.12517,0.997356,0.401602,-3.4825,2,-0.041,-1.89076e-05,-0.00125621
389,48.9586,1000,0.0384356,0.166667,0,0.157123,0.56076,0.0112626,-0.011462,7.16912,3.90184e-05,0.0110958,0.360332,9961.56,0.819154,0.414388,-0.7984,0.15968,470.209,4.78003e+06,1.45685,1.03962,0.995518,0.426261,-3.45414,2,-0.015,-1.46107e-05,-0.00115501
390,45.4882,1000,0.0388005,0.208333,0,0.158468,0.562083,0.0128369,-0.00972419,7.15525,3.90184e-05,0.00875746,0.360072,8708.58,0.930048,0.480974,-0.8002,0.16004,471.621,4.79232e+06,1.37365,0.996977,0.995458,0.422978,-3.49361,2,-0.0198,-1.19385e-05,-0.00122907
391,39.8232,849,0.0390331,0.125,0.0416667,0.157544,0.555118,0.0113107,-0.0108838,7.14221,3.90184e-05,0.0161225,0.359803,9913.83,0.868303,0.371177,-0.802,0.1604,472.862,4.80461e+06,1.31032,0.770709,0.843953,0.344372,-2.94131,1.698,-0.03375,-4.10767e-05,-0.00109275
392,38.3149,1000,0.03823,0.25,0,0.158698,0.554508,0.01103,-0.0106672,7.12833,3.90184e-05,0.00905084,0.359517,10374,0.867383,0.317118,-0.8038,0.16076,474.051,4.8169e+06,1.08835,0.944405,0.995032,0.416699,-3.48864,2,-0.0388333,-1.74241e-05,-0.00124335
393,62.7049,1000,0.0381034,0.0416667,0,0.158574,0.559825,0.00996427,-0.0100338,7.11402,3.90184e-05,0.0172103,0.359236,10691.9,0.714636,0.434644,-0.8056,0.16112,475.202,4.82918e+06,1.92105,1.30874,0.995218,0.432286,-3.52111,2,0,-4.3523e-06,-0.000933404
394,38.8421,1000,0.0382379,0.25,0,0.157384,0.564596,0.0107307,-0.0104768,7.10015,3.90184e-05,0.0115604,0.35896,9462.64,0.847742,0.450838,-0.8074,0.16148,476.502,4.84147e+06,1.02308,0.996684,0.995805,0.41978,-3.46991,2,-0.0221667,-1.92216e-05,-0.00114811
395,40.9499,1000,0.0378636,0.166667,0,0.157701,0.57209,0.0101532,-0.00990349,7.0861,3.90184e-05,0.0129894,0.358674,10465.1,0.822794,0.351392,-0.8092,0.16184,477.678,4.85376e+06,1.22564,0.960482,0.99608,0.417915,-3.5202,2,-0.03125,-1.31632e-05,-0.00115586
396,59.0915,1000,0.0381666,0.0833333,0,0.158231,0.569976,0.0109153,-0.0107229,7.07178,3.90184e-05,0.0123269,0.358394,10117.8,0.762641,0.451848,-0.811,0.1622,478.893,4.86605e+06,1.85138,1.21951,0.996129,0.432954,-3.51474,2,-0.0295,-2.2671e-05,-0.00114655
397,18.9004,824.333,0.0383308,0.0833333,0.0416667,0.158542,0.556776,0.0122308,-0.0115779,7.05804,3.90184e-05,0.0114205,0.358126,9838.8,0.860034,0.388899,-0.8128,0.16256,480.144,4.87834e+06,0.509038,0.608194,0.81957,0.326156,-2.93284,1.64867,-0.0326667,-3.82628e-05,-0.00105644
398,26.5268,816,0.0377962,0.125,0.0833333,0.157915,0.569011,0.0124733,-0.0103705,7.04477,3.90184e-05,0.0145891,0.357862,10346.2,0.833867,0.35382,-0.8146,0.16292,481.333,4.89062e+06,0.816067,0.61305,0.81068,0.331184,-2.83889,1.632,-0.0364,-4.72137e-05,-0.00130412
399,45.1471,1000,0.0382569,0.125,0,0.157182,0.567047,0.010629,-0.0110665,7.03153,3.90184e-05,0.0143466,0.357604,12239.5,0.683654,0.320309,-0.8164,0.16328,482.338,4.90291e+06,1.54465,0.870176,0.995737,0.406444,-3.5451,2,-0.0133333,-1.08153e-05,-0.00120781
400,28.9916,939.8,0.03799,0.166667,0.0416667,0.156652,0.56589,0.0125367,-0.01078,7.01877,3.90184e-05,0.00890986,0.357353,12793.9,0.573982,0.386474,-0.8182,0.16364,483.3,4.9152e+06,0.828252,0.754754,0.934874,0.366775,-3.28364,1.8796,-0.0296,-2.70856e-05,-0.0014034
401,36.7894,906.6,0.0386356,0.166667,0.0416667,0.156237,0.559986,0.0118163,-0.0105015,7.0062,3.90184e-05,0.011501,0.357107,15314.2,0.559043,0.243347,-0.82,0.164,486.843,4.92749e+06,0.953233,1.01403,0.903067,0.374798,-3.18766,1.8132,-0.03,-3.75189e-05,-0.00116318
402,18.0831,789.8,0.0382904,0.125,0.0833333,0.155891,0.562315,0.0132478,-0.0111347,6.99402,3.90184e-05,0.00702251,0.356868,15265.3,0.536977,0.267984,-0.8218,0.16436,487.65,4.93978e+06,0.475245,0.577089,0.785901,0.289325,-2.77718,1.5796,-0.0246,-4.30411e-05,-0.00117949
403,23.8948,836.2,0.0386428,0.125,0.0833333,0.154406,0.554414,0.0120694,-0.0104235,6.98173,3.90184e-05,0.00890744,0.356617,11453,0.705688,0.36722,-0.8236,0.16472,488.724,4.95206e+06,0.794151,0.524957,0.832456,0.322492,-2.91813,1.6724,-0.0324,-5.71374e-05,-0.00112668
404,28.1109,850,0.038939,0.0416667,0.0833333,0.15364,0.554056,0.0117302,-0.0113718,6.9689,3.90184e-05,0.0125487,0.35636,10598.7,0.794538,0.364854,-0.8254,0.16508,489.885,4.96435e+06,0.835355,0.711446,0.845123,0.343713,-2.99698,1.7,-0.0313333,-8.12531e-05,-0.00169754
405,38.7021,841,0.0388841,0.0416667,0.0416667,0.154671,0.555149,0.0115792,-0.0102133,6.95568,3.90184e-05,0.0131987,0.356093,10457.9,0.783556,0.391437,-0.8272,0.16544,491.061,4.97664e+06,1.32071,0.73279,0.836703,0.332761,-2.95107,1.682,-0.0175,-5.2126e-05,-0.00124296
406,30.9679,1000,0.0383524,0.125,0,0.154621,0.559598,0.0110344,-0.0109279,6.94178,3.90184e-05,0.0143938,0.355809,11257.8,0.709657,0.381857,-0.829,0.1658,492.154,4.98893e+06,0.770706,0.910023,0.996587,0.39526,-3.49386,2,-0.0293333,-1.1328e-05,-0.000979623
407,53.1796,1000,0.0390839,0.125,0,0.154043,0.562288,0.0104344,-0.0108421,6.92727,3.90184e-05,0.0135437,0.355523,9643.17,0.851355,0.422915,-0.8308,0.16616,493.43,5.00122e+06,1.8567,0.940223,0.997099,0.394715,-3.51656,2,-0.012,-2.44704e-05,-0.00116992
408,40.2981,1000,0.038512,0.0833333,0,0.153308,0.560426,0.0104883,-0.0111771,6.91286,3.90184e-05,0.0150856,0.355238,9825.1,0.893299,0.357375,-0.8326,0.16652,494.682,5.0135e+06,1.4288,0.778281,0.996444,0.399917,-3.56533,2,-0.022,-2.90015e-05,-0.00118172
409,38.002,1000,0.0388704,0.125,0,0.153645,0.549289,0.0103193,-0.0105876,6.89854,3.90184e-05,0.0093176,0.354961,11663.9,0.714127,0.339383,-0.8344,0.16688,495.737,5.02579e+06,1.1864,0.908847,0.996957,0.396558,-3.56407,2,-0.0233333,-1.17753e-05,-0.00124712
410,34.2085,1000,0.0381879,0.333333,0,0.153637,0.553708,0.0108719,-0.00895887,6.88456,3.90184e-05,0.00852873,0.354683,9076.51,1.00047,0.35335,-0.8362,0.16724,497.092,5.03808e+06,1.06409,0.792202,0.996253,0.402997,-3.50859,2,-0.035375,-1.61049e-05,-0.00113701
411,31.0915,1000,0.0387134,0.375,0,0.152694,0.553329,0.0105455,-0.0103012,6.87021,5.85277e-05,0.00459717,0.354397,9612.9,0.888141,0.390141,-0.838,0.1676,498.372,5.05037e+06,1.06386,0.695349,0.996798,0.376987,-3.54285,2,-0.0344444,-1.62173e-05,-0.00110346
412,36.8267,1000,0.0387896,1.25,0,0.152672,0.551237,0.0102104,-0.0126292,6.85237,5.85277e-05,0.0130385,0.353978,10720.7,0.827312,0.318885,-0.8398,0.16796,499.52,5.06266e+06,1.18024,0.824699,0.996328,0.404107,-3.53563,2,-0.0272,-1.47527e-05,-0.00119418
413,38.6985,1000,0.0383518,1.58333,0,0.15219,0.551481,0.0114541,-0.0134102,6.83129,5.85277e-05,0.0126877,0.353566,8944.85,0.904995,0.468757,-0.8416,0.16832,500.895,5.07494e+06,1.13269,0.958937,0.996707,0.401846,-3.53014,2,-0.0239474,-1.48091e-05,-0.00115837
414,39.2294,996.488,0.0386689,1.66667,0.0416667,0.153744,0.548412,0.0135418,-0.0122675,6.81163,5.85277e-05,0.0125727,0.353215,9506.02,0.903618,0.389036,-0.8434,0.16868,502.192,5.08723e+06,1.20925,0.918679,0.992939,0.403963,-3.52477,1.99298,-0.0303415,-1.81509e-05,-0.00120404
415,41.5033,1000,0.0386751,1.45833,0,0.15191,0.54755,0.0118957,-0.0130102,6.79375,5.85277e-05,0.0161081,0.352848,10538.9,0.804429,0.361537,-0.8452,0.16904,503.359,5.09952e+06,1.24374,0.99418,0.996612,0.410131,-3.54664,2,-0.0216571,-1.39351e-05,-0.00118806
416,38.7486,1000,0.0388522,1.58333,0,0.153267,0.53922,0.0111038,-0.0132313,6.77419,5.85277e-05,0.0141904,0.352452,13098.8,0.663548,0.27455,-0.847,0.1694,504.299,5.11181e+06,1.23301,0.877297,0.996657,0.399394,-3.54179,2,-0.0258947,-1.46046e-05,-0.00122967
417,38.9112,1000,0.0390449,2.08333,0,0.152878,0.536802,0.0114427,-0.012916,6.75406,5.85277e-05,0.0103086,0.352065,13338.3,0.646993,0.274264,-0.8488,0.16976,505.221,5.1241e+06,1.24018,0.87805,0.996388,0.404066,-3.54512,2,-0.0268,-1.38488e-05,-0.00118224
418,40.0102,1000,0.0388268,1.66667,0,0.154415,0.538042,0.0113744,-0.0130831,6.73426,5.85277e-05,0.0199564,0.351672,13186.2,0.65123,0.280651,-0.8506,0.17012,506.154,5.13638e+06,1.23739,0.947743,0.996595,0.404041,-3.55512,2,-0.02895,-1.41131e-05,-0.00117305
419,38.4332,1000,0.0389567,1.08333,0,0.152859,0.541261,0.0106521,-0.014065,6.71434,5.85277e-05,0.0176113,0.351289,13041.2,0.628588,0.313653,-0.8524,0.17048,507.098,5.14867e+06,1.25842,0.851491,0.996337,0.402975,-3.55443,2,-0.0319231,-1.47165e-05,-0.00118818
420,40.7071,1000,0.0392748,0.916667,0,0.153194,0.531625,0.0106601,-0.0122018,6.69451,5.85277e-05,0.012632,0.350891,13379.9,0.625546,0.292846,-0.8542,0.17084,508.018,5.16096e+06,1.28205,0.928694,0.996803,0.399947,-3.54047,2,-0.0304091,-1.68309e-05,-0.0012503
421,37.9915,1000,0.0399994,0.666667,0,0.152569,0.53212,0.0134934,-0.0120309,6.67476,5.85277e-05,0.0104253,0.350537,13436,0.644044,0.270516,-0.856,0.1712,508.933,5.17325e+06,1.18338,0.893511,0.996208,0.41128,-3.55869,2,-0.024875,-1.31516e-05,-0.00122554
422,32.5843,947,0.0389988,0.708333,0.166667,0.154968,0.540443,0.0151285,-0.0132873,6.65775,5.85277e-05,0.0109093,0.35022,13386.8,0.647237,0.270681,-0.8578,0.17156,509.853,5.18554e+06,1.07667,0.728728,0.943676,0.364296,-3.34956,1.894,-0.0272381,-3.49444e-05,-0.00132208
423,36.2881,926,0.0392738,0.458333,0.0416667,0.152051,0.530867,0.0135128,-0.0125541,6.64159,5.85277e-05,0.0161756,0.349903,13806.1,0.611512,0.278528,-0.8596,0.17192,510.744,5.19782e+06,1.19015,0.77577,0.922256,0.37366,-3.2707,1.852,-0.0275,-1.55738e-05,-0.00121503
424,35.9784,875.75,0.0392116,0.416667,0.0833333,0.151341,0.537263,0.0118346,-0.0122357,6.62449,5.85277e-05,0.0101803,0.34955,14590.5,0.567375,0.274819,-0.8614,0.17228,511.587,5.21011e+06,1.12481,0.826664,0.872551,0.34886,-3.10963,1.7515,-0.0146667,-3.5717e-05,-0.00113218
425,40.5769,1000,0.0387594,0.458333,0,0.152232,0.540989,0.0107917,-0.0130486,6.60557,5.85277e-05,0.0141498,0.34917,13776,0.613562,0.278426,-0.8632,0.17264,512.481,5.2224e+06,1.50632,0.740506,0.996666,0.385303,-3.56659,2,-0.0320909,-1.61584e-05,-0.00125154
426,29.2169,1000,0.0388767,0.25,0,0.153221,0.532007,0.011243,-0.0125714,6.58583,5.85277e-05,0.0161349,0.348788,13430.2,0.646026,0.268928,-0.865,0.173,513.397,5.23469e+06,0.889874,0.816793,0.996955,0.366207,-3.58689,2,-0.021,-9.58974e-06,-0.00107911
427,37.7685,906.333,0.0388635,0.333333,0.0416667,0.152069,0.538562,0.0116264,-0.0130855,6.56602,5.85277e-05,0.0163297,0.348402,12997,0.671806,0.273641,-0.8668,0.17336,514.344,5.24698e+06,1.14334,0.918977,0.903112,0.361002,-3.23546,1.81267,-0.0141111,-1.9725e-05,-0.00108555
428,40.3946,1000,0.0381334,0.416667,0,0.152166,0.538563,0.0113001,-0.0123117,6.54624,5.85277e-05,0.0137453,0.348019,14255.6,0.5773,0.284677,-0.8686,0.17372,515.207,5.25926e+06,1.22276,0.969248,0.996841,0.396755,-3.54637,2,-0.0183,-1.33135e-05,-0.00118794
429,32.337,808.5,0.038433,0.125,0.0416667,0.15325,0.539413,0.0147293,-0.0114192,6.52747,5.85277e-05,0.0140249,0.347692,14689.5,0.564946,0.27157,-0.8704,0.17408,516.045,5.27155e+06,0.815594,0.915182,0.805425,0.331041,-2.85125,1.617,-0.015,-3.1114e-05,-0.00111169
430,34.8833,855,0.0387536,0.0833333,0.0416667,0.152648,0.540866,0.0137162,-0.0127119,6.51108,5.85277e-05,0.0199971,0.347374,14272.7,0.57598,0.284966,-0.8722,0.17444,516.907,5.28384e+06,1.23263,0.656183,0.851013,0.341304,-3.02707,1.71,-0.0183333,-3.2829e-05,-0.0015375
431,26.0379,702.286,0.0388439,0.166667,0.125,0.15445,0.53753,0.0126921,-0.0127036,6.49473,5.85277e-05,0.0158628,0.347062,14935.6,0.55491,0.267823,-0.874,0.1748,517.731,5.29613e+06,0.8255,0.651036,0.699046,0.275144,-2.53449,1.40457,-0.0175714,-5.37923e-05,-0.00128514
432,30.9739,852.556,0.0382935,0.291667,0.0833333,0.153857,0.537664,0.0175473,-0.0115141,6.47909,5.85277e-05,0.00975311,0.346775,14706.8,0.555301,0.280229,-0.8758,0.17516,518.568,5.30842e+06,1.00486,0.742847,0.849674,0.326203,-3.05818,1.70511,-0.0205556,-4.83405e-05,-0.00121309
433,21.5619,535.143,0.0383374,0.0833333,0.208333,0.155291,0.538213,0.0122603,-0.0138396,6.46394,5.85277e-05,0.00926002,0.346469,13628.8,0.617316,0.284305,-0.8776,0.17552,519.471,5.3207e+06,0.709144,0.502295,0.532185,0.202986,-1.92268,1.07029,-0.0147143,-8.92936e-05,-0.00131695
434,26.3553,871.857,0.0387107,0.208333,0.0833333,0.152404,0.524516,0.0146411,-0.0133922,6.44774,5.85277e-05,0.011473,0.346157,11180.1,0.769865,0.329226,-0.8794,0.17588,520.571,5.33299e+06,0.940653,0.602938,0.868414,0.325012,-3.13545,1.74371,-0.0261429,-4.07986e-05,-0.00133257
435,22.9173,706.286,0.0388746,0.0833333,0.208333,0.15332,0.524846,0.0148107,-0.0139332,6.43152,5.85277e-05,0.0184633,0.345846,13365.4,0.641572,0.277815,-0.8812,0.17624,521.492,5.34528e+06,0.849335,0.466318,0.701827,0.267659,-2.52599,1.41257,-0.0241429,-8.54699e-05,-0.00162461
436,30.0791,855.091,0.0384215,0.333333,0.125,0.152809,0.528824,0.0131846,-0.013166,6.415,5.85277e-05,0.0104656,0.34552,14127.9,0.600203,0.269565,-0.883,0.1766,522.363,5.35757e+06,0.983034,0.704445,0.852152,0.306254,-3.02905,1.71018,-0.0217273,-4.30851e-05,-0.00129589
437,21.6344,827.4,0.0384388,0.0833333,0.125,0.151966,0.525907,0.014183,-0.0125371,6.39755,5.85277e-05,0.0130321,0.345177,14844.7,0.556447,0.271325,-0.8848,0.17696,523.192,5.36986e+06,0.766506,0.561077,0.823817,0.272486,-2.96222,1.6548,-0.0332,-6.16598e-05,-0.0014797
438,36.9646,786,0.0383698,0.0833333,0.0833333,0.151609,0.530368,0.0117718,-0.0123539,6.37986,5.85277e-05,0.0124139,0.344843,14843.3,0.555507,0.272343,-0.8866,0.17732,524.021,5.38214e+06,1.18762,0.821885,0.78278,0.298193,-2.7902,1.572,-0.02275,-7.86369e-05,-0.00122378
439,9.80305,775.5,0.0387268,0.0416667,0.0416667,0.152809,0.526297,0.0118227,-0.0120781,6.36269,5.85277e-05,0.0130447,0.344521,14444,0.584458,0.266276,-0.8884,0.17768,524.873,5.39443e+06,0.266229,0.451881,0.77084,0.275433,-2.79176,1.551,-0.032,-3.97209e-05,-0.00142879
440,50.1252,1000,0.0380697,0.291667,0,0.152344,0.538872,0.011827,-0.0125532,6.34531,5.85277e-05,0.0106691,0.344174,14900.6,0.554324,0.270343,-0.8902,0.17804,525.699,5.40672e+06,1.63833,1.05561,0.997225,0.39469,-3.56204,2,-0.0164286,-7.25471e-06,-0.00111759
441,58.9842,1000,0.0380151,0.0833333,0,0.15247,0.539879,0.0110084,-0.0122149,6.32657,5.85277e-05,0.0125843,0.343804,14980,0.548531,0.271762,-0.892,0.1784,526.521,5.41901e+06,1.84924,1.21652,0.997109,0.430761,-3.52023,2,-0.023,-2.12274e-05,-0.00117151
442,35.6175,1000,0.0380689,0.166667,0,0.152757,0.528614,0.0122397,-0.0125623,6.30702,5.85277e-05,0.0151926,0.343432,14860.3,0.555275,0.271628,-0.8938,0.17876,527.349,5.4313e+06,1.02168,0.949196,0.997828,0.356688,-3.5224,2,-0.021,-9.35664e-06,-0.00111052
443,36.9371,969.333,0.0372049,0.333333,0.0416667,0.153099,0.53641,0.0121117,-0.0114853,6.28788,5.85277e-05,0.0106812,0.343076,14950.6,0.553345,0.26856,-0.8956,0.17912,528.172,5.44358e+06,1.25182,0.849158,0.966311,0.344836,-3.48112,1.93867,-0.0216667,-2.84163e-05,-0.00112675
444,44.0854,1000,0.0381141,0.166667,0,0.151628,0.535398,0.0120224,-0.0127382,6.26968,5.85277e-05,0.0120946,0.342741,14996.8,0.548732,0.270643,-0.8974,0.17948,528.993,5.45587e+06,1.60668,0.788601,0.997815,0.340714,-3.51747,2,-0.011,-1.17936e-05,-0.00105625
445,26.2709,774,0.0384848,0.166667,0.166667,0.153351,0.543912,0.017276,-0.0116896,6.25314,5.85277e-05,0.00871706,0.342451,14741,0.563734,0.269862,-0.8992,0.17984,529.828,5.46816e+06,0.819458,0.679049,0.77029,0.28151,-2.7612,1.548,-0.02225,-4.74296e-05,-0.00126427
446,17.133,761,0.0380304,0.0416667,0.208333,0.153658,0.532111,0.014993,-0.0130405,6.23819,5.85277e-05,0.0119264,0.342164,13867.4,0.590159,0.295947,-0.901,0.1802,530.715,5.48045e+06,0.711109,0.406563,0.756836,0.218257,-2.72111,1.522,-0.0353333,-9.72407e-05,-0.0015733
447,25.0628,760.667,0.0387098,0.0416667,0.0833333,0.150198,0.538736,0.0131122,-0.0121551,6.22271,5.85277e-05,0.014998,0.341862,10162.7,0.786317,0.422805,-0.9028,0.18056,531.926,5.49274e+06,1.10912,0.430857,0.75749,0.217577,-2.75115,1.52133,-0.0306667,-6.61916e-05,-0.00135839
448,28.6803,863.667,0.0382824,0.0416667,0.0833333,0.150773,0.522182,0.0128461,-0.012103,6.20607,5.85277e-05,0.0114081,0.34153,9699.72,0.890694,0.376147,-0.9046,0.18092,533.194,5.50502e+06,1.03973,0.621803,0.859851,0.275313,-3.07136,1.72733,-0.0173333,-6.47904e-05,-0.00125519
449,34.4013,881.333,0.0371622,0.166667,0.0833333,0.151519,0.537461,0.0134184,-0.0127217,6.18845,5.85277e-05,0.0144269,0.341199,11141,0.753484,0.349473,-0.9064,0.18128,534.299,5.51731e+06,0.932466,0.958788,0.877952,0.341539,-3.12468,1.76267,-0.0275,-3.3564e-05,-0.00112892
450,45.9966,937,0.0387314,0.0833333,0.0416667,0.15082,0.524651,0.0160988,-0.0127525,6.17118,5.85277e-05,0.00968441,0.340878,10839.8,0.72913,0.404471,-0.9082,0.18164,535.434,5.5296e+06,1.56976,0.923299,0.933838,0.340404,-3.32728,1.874,-0.013,-2.93573e-05,-0.00116869
451,36.0001,917.286,0.0379475,0.166667,0.125,0.151766,0.52964,0.0133951,-0.0127402,6.15479,5.85277e-05,0.00738111,0.340572,10821.3,0.760839,0.374702,-0.91,0.182,539.3,5.54189e+06,1.14136,0.893923,0.914321,0.321203,-3.27839,1.83457,-0.0257143,-5.24432e-05,-0.00121261
452,51.5139,964.857,0.0381637,0.25,0.0416667,0.15059,0.536048,0.0142222,-0.0118437,6.13857,5.85277e-05,0.0131932,0.340268,10339.8,0.811655,0.376768,-0.9118,0.18236,540.49,5.55418e+06,1.65205,1.07007,0.962424,0.374979,-3.39374,1.92971,-0.0185714,-1.86054e-05,-0.00121963
453,37.2756,933.667,0.0378607,0.625,0.125,0.152623,0.531884,0.0173909,-0.01124,6.12293,5.85277e-05,0.0128878,0.339983,11166.5,0.788236,0.312195,-0.9136,0.18272,541.592,5.56646e+06,1.2288,0.864502,0.930926,0.330607,-3.32766,1.86733,-0.0295556,-2.76021e-05,-0.00114325
454,31.3974,967.676,0.0382837,1.16667,0.25,0.151173,0.535382,0.0125308,-0.0123875,6.10751,5.85277e-05,0.0160104,0.339674,12593.8,0.666055,0.30966,-0.9154,0.18308,542.569,5.57875e+06,1.0303,0.801174,0.964745,0.327839,-3.46046,1.93535,-0.0278824,-2.36055e-05,-0.00117592
455,36.2746,991.886,0.0385223,1.375,0.0833333,0.150505,0.52302,0.0147438,-0.0132936,6.09066,5.85277e-05,0.0108852,0.339354,9627.48,0.867084,0.409262,-0.9172,0.18344,543.847,5.59104e+06,1.15744,0.900807,0.988849,0.356802,-3.54628,1.98377,-0.0264571,-1.66986e-05,-0.00118791
456,37.2254,972.486,0.0381213,1.45833,0.0833333,0.15449,0.524863,0.012044,-0.0135575,6.07289,5.85277e-05,0.0175579,0.339001,9125.93,0.926978,0.419515,-0.919,0.1838,545.195,5.60333e+06,1.20477,0.896423,0.969686,0.345907,-3.47502,1.94497,-0.0242973,-1.51543e-05,-0.00116101
457,37.8577,1000,0.0387757,1.41667,0,0.152321,0.511518,0.0117581,-0.012116,6.05358,5.85277e-05,0.00837071,0.33863,9814.14,0.948595,0.303476,-0.9208,0.18416,546.449,5.61562e+06,1.07907,1.04618,0.997471,0.36745,-3.57298,2,-0.0231765,-1.3725e-05,-0.00111468
458,41.2838,1000,0.038622,1.45833,0,0.152982,0.5095,0.0130217,-0.0138102,6.03407,3.90184e-05,0.0228415,0.338272,9436.54,0.91228,0.389892,-0.9226,0.18452,547.752,5.6279e+06,1.32021,0.981751,0.997217,0.366853,-3.5816,2,-0.0190857,-1.33027e-05,-0.00114753
459,39.8969,1000,0.0384115,1.41667,0,0.154263,0.520354,0.0111607,-0.0104755,6.01807,3.90184e-05,0.0121626,0.338027,9771.56,0.894959,0.362568,-0.9244,0.18488,549.011,5.64019e+06,1.21539,1.01897,0.997521,0.367918,-3.57941,2,-0.0244118,-1.23655e-05,-0.00112069
460,44.5068,1000,0.0381217,1.5,0,0.156624,0.513547,0.0117561,-0.0105165,6.00449,3.90184e-05,0.00745576,0.337761,10074.9,0.841917,0.377747,-0.9262,0.18524,550.233,5.65248e+06,1.41597,1.02751,0.997461,0.372743,-3.56428,2,-0.0229444,-1.53114e-05,-0.00109883
461,38.7331,1000,0.0375959,0.916667,0,0.159769,0.520292,0.0111165,-0.0113325,5.9903,3.90184e-05,0.0117349,0.337498,9641.16,0.925736,0.348799,-0.928,0.1856,551.509,5.66477e+06,1.16214,1.01725,0.997655,0.365376,-3.58199,2,-0.0226818,-1.62339e-05,-0.00109192
462,42.8579,1000,0.0377417,0.625,0,0.157599,0.522571,0.0110657,-0.0111304,5.97644,3.90184e-05,0.0092162,0.337243,10851.1,0.769352,0.363071,-0.9298,0.18596,552.643,5.67706e+06,1.37981,0.970024,0.997383,0.362564,-3.54945,2,-0.0163333,-1.03986e-05,-0.00108805
463,39.3726,967.125,0.0366603,0.625,0.0416667,0.160253,0.516094,0.0106899,-0.0109912,5.96308,3.90184e-05,0.00677608,0.336995,10670.3,0.825427,0.326183,-0.9316,0.18632,553.796,5.68934e+06,1.30982,0.902697,0.964576,0.334042,-3.4532,1.93425,-0.022375,-2.36959e-05,-0.00115217
464,37.9709,1000,0.0369997,0.75,0,0.158279,0.51775,0.0109003,-0.00959139,5.9498,3.90184e-05,0.00688031,0.336747,10899.5,0.772286,0.355105,-0.9334,0.18668,554.925,5.70163e+06,1.3535,0.821401,0.997022,0.333432,-3.57754,2,-0.0281111,-1.53562e-05,-0.00114581
465,45.7862,1000,0.036305,0.375,0,0.15989,0.521148,0.010941,-0.00991371,5.93644,3.90184e-05,0.0101307,0.336493,10304.4,0.836088,0.356418,-0.9352,0.18704,556.118,5.71392e+06,1.66859,0.876694,0.997032,0.340615,-3.57348,2,-0.019,-1.19754e-05,-0.00112075
466,32.5858,1000,0.036046,0.333333,0,0.160545,0.523106,0.0106942,-0.00921062,5.92269,3.90184e-05,0.0104867,0.336234,11611.1,0.770574,0.287728,-0.937,0.1874,557.178,5.72621e+06,0.898663,0.977095,0.997501,0.353625,-3.57625,2,-0.02025,-1.41272e-05,-0.00107553
467,37.7074,1000,0.0366941,0.5,0,0.159853,0.528723,0.0107622,-0.00908773,5.90904,3.90184e-05,0.00500776,0.335988,10548,0.780481,0.384482,-0.9388,0.18776,558.344,5.7385e+06,1.19927,0.950521,0.997337,0.337067,-3.57033,2,-0.0274167,-1.25624e-05,-0.00106667
468,34.3867,1000,0.0354311,0.125,0,0.16066,0.535412,0.0110278,-0.0100778,5.89608,3.90184e-05,0.00869519,0.335744,9482.33,0.935449,0.360435,-0.9406,0.18812,559.642,5.75078e+06,1.39872,0.68221,0.99701,0.277806,-3.60129,2,-0.034,-2.84389e-05,-0.00109691
469,43.8191,1000,0.034846,0.333333,0,0.160676,0.540645,0.010489,-0.0099874,5.88296,3.90184e-05,0.0120015,0.335504,10069.8,0.930697,0.28959,-0.9424,0.18848,560.863,5.76307e+06,1.38019,1.03409,0.997612,0.355865,-3.55803,2,-0.01775,-1.13271e-05,-0.00101022
470,31.7796,1000,0.0351561,0.333333,0,0.160843,0.535169,0.0103605,-0.00971197,5.87012,3.90184e-05,0.00690617,0.335258,9871.66,0.871873,0.372902,-0.9442,0.18884,562.11,5.77536e+06,1.08328,0.798727,0.996969,0.318416,-3.58435,2,-0.023,-1.37214e-05,-0.00104395
471,27.2208,1000,0.0346941,0.25,0,0.160738,0.534635,0.0107096,-0.00952298,5.85656,3.90184e-05,0.00861066,0.335003,10382.1,0.817048,0.366523,-0.946,0.1892,563.295,5.78765e+06,0.773921,0.894605,0.997389,0.296389,-3.56185,2,-0.0383333,-2.53567e-05,-0.00105889
472,43.3641,1000,0.034634,0.0416667,0,0.160384,0.553336,0.010512,-0.00909651,5.84334,3.90184e-05,0.00610908,0.33477,10425.6,0.845007,0.333629,-0.9478,0.18956,564.475,5.79994e+06,1.62516,0.809472,0.996164,0.326035,-3.57144,2,-0.016,-5.92754e-06,-0.0011859
473,36.6637,1000,0.034796,0.375,0,0.159642,0.54944,0.0102588,-0.00966682,5.83127,3.90184e-05,0.00619481,0.334553,10840.4,0.749954,0.383579,-0.9496,0.18992,565.61,5.81222e+06,1.13988,0.98586,0.997665,0.32693,-3.59269,2,-0.0234444,-1.04319e-05,-0.00100022
474,39.9822,940.1,0.0349559,0.375,0.0416667,0.160414,0.541232,0.010133,-0.009075,5.81955,3.90184e-05,0.00946625,0.334329,9928.82,0.87542,0.362189,-0.9514,0.19028,566.849,5.82451e+06,1.45908,0.796181,0.936981,0.286362,-3.33852,1.8802,-0.0201,-2.55459e-05,-0.00104112
475,30.6267,933.375,0.0344159,0.291667,0.0416667,0.160434,0.550271,0.0110177,-0.00989403,5.80699,3.90184e-05,0.0128107,0.334085,11365.9,0.79828,0.282844,-0.9532,0.19064,567.931,5.8368e+06,0.907171,0.901808,0.929892,0.300036,-3.34123,1.86675,-0.031875,-2.98916e-05,-0.00118646
476,45.834,1000,0.0346413,0.166667,0,0.161545,0.53994,0.0107623,-0.00920267,5.79368,5.85277e-05,0.0046275,0.333841,10234,0.804849,0.395853,-0.955,0.191,569.133,5.84909e+06,1.35846,1.19887,0.998093,0.369547,-3.61052,2,-0.02175,-1.46173e-05,-0.000992608
477,34.5325,976.9,0.0349151,0.375,0.0416667,0.16145,0.546521,0.0111923,-0.0114631,5.77774,5.85277e-05,0.0129118,0.333492,10230.1,0.840965,0.360191,-0.9568,0.19136,570.336,5.86138e+06,1.11813,0.885052,0.973179,0.30014,-3.4834,1.9538,-0.0191,-2.61995e-05,-0.00114019
478,33.7099,1000,0.035498,0.375,0,0.159705,0.533242,0.0106157,-0.0119,5.75921,5.85277e-05,0.011725,0.333151,10066.2,0.905387,0.31533,-0.9586,0.19172,571.558,5.87366e+06,1.11944,0.889966,0.998019,0.282699,-3.57364,2,-0.03,-1.64887e-05,-0.000968983
479,21.343,929.5,0.0353422,0.208333,0.0416667,0.160056,0.526853,0.0129989,-0.0116584,5.74127,5.85277e-05,0.0126331,0.332831,10653.1,0.679351,0.47412,-0.9604,0.19208,572.715,5.88595e+06,0.838835,0.588243,0.924764,0.223249,-3.33345,1.859,-0.0323333,-2.87907e-05,-0.00113346
480,20.4675,873,0.0352823,0.125,0.0416667,0.158918,0.534069,0.0117105,-0.011826,5.72424,5.85277e-05,0.0114375,0.33251,8147.86,1.11149,0.39664,-0.9622,0.19244,574.225,5.89824e+06,0.741001,0.597748,0.86917,0.23915,-3.14119,1.746,-0.0275,-5.46516e-05,-0.000951023
481,30.5982,1000,0.0355708,0.208333,0,0.158692,0.535362,0.0109368,-0.0107174,5.70662,5.85277e-05,0.0104482,0.332189,10428.4,0.807841,0.370482,-0.964,0.1928,575.405,5.91053e+06,1.45217,0.481186,0.99583,0.222513,-3.5924,2,-0.0284,-1.32413e-05,-0.000982895
482,34.5919,766.6,0.0357403,0.125,0.0833333,0.160405,0.528418,0.0121361,-0.011997,5.6896,5.85277e-05,0.0128692,0.331881,11281.8,0.799781,0.289408,-0.9658,0.19316,576.496,5.92282e+06,1.20755,0.730837,0.763851,0.243589,-2.73098,1.5332,-0.0174,-3.35556e-05,-0.00101217
483,36.02,1000,0.0357118,0.166667,0,0.160105,0.526293,0.0109112,-0.0127026,5.67284,5.85277e-05,0.0134024,0.331566,13017.3,0.65337,0.290607,-0.9676,0.19352,577.441,5.9351e+06,1.23745,0.884929,0.997614,0.300422,-3.60168,2,-0.01675,-1.10283e-05,-0.00096528
484,34.5946,1000,0.0353676,0.25,0,0.161226,0.527808,0.0145093,-0.0118006,5.65613,5.85277e-05,0.0165256,0.331279,9464.58,0.854416,0.443898,-0.9694,0.19388,578.74,5.94739e+06,1.02934,0.99704,0.99721,0.317169,-3.58543,2,-0.0246667,-9.43254e-06,-0.000924178
485,37.8907,866.444,0.0351241,0.208333,0.166667,0.162097,0.536264,0.0175133,-0.0112532,5.642,5.85277e-05,0.0122529,0.331044,10183,0.806715,0.399999,-0.9712,0.19424,579.949,5.95968e+06,1.40204,0.770584,0.8619,0.253997,-3.09745,1.73289,-0.0282222,-5.01243e-05,-0.0011533
486,22.2207,782.5,0.0350316,0.166667,0.25,0.162798,0.549692,0.01936,-0.0126949,5.62992,5.85277e-05,0.0136178,0.330832,10541.3,0.836261,0.329436,-0.973,0.1946,581.116,5.97197e+06,0.736361,0.642099,0.778286,0.206393,-2.7945,1.565,-0.0213,-5.02989e-05,-0.00125629
487,23.3375,834.353,0.0356814,0.25,0.458333,0.161107,0.547334,0.016587,-0.0110049,5.61777,5.85277e-05,0.00890986,0.330587,12701.1,0.683175,0.284297,-0.9748,0.19496,582.085,5.98426e+06,0.937615,0.552238,0.829049,0.205858,-3.00439,1.66871,-0.0207059,-7.2059e-05,-0.00142487
488,36.1262,931.556,0.0361263,0.25,0.125,0.159337,0.53437,0.0126449,-0.0122043,5.60298,5.85277e-05,0.0117756,0.330289,13702.8,0.630899,0.265855,-0.9766,0.19532,582.983,5.99654e+06,1.1852,0.881892,0.927559,0.29712,-3.33248,1.86311,-0.0148889,-2.92834e-05,-0.00117333
489,36.0578,879.75,0.0355046,0.0833333,0.0833333,0.159321,0.531222,0.0123547,-0.0129205,5.58626,5.85277e-05,0.0155801,0.329982,12297.3,0.624467,0.374779,-0.9784,0.19568,583.983,6.00883e+06,1.22243,0.840141,0.874879,0.285683,-3.17075,1.7595,-0.00775,-4.8666e-05,-0.001186
490,29.5857,908.25,0.0361813,0.0833333,0.0833333,0.159547,0.529516,0.0120558,-0.0117791,5.56935,5.85277e-05,0.00651333,0.329661,9358.76,0.894182,0.418813,-0.9802,0.19604,585.298,6.02112e+06,0.953199,0.768531,0.903105,0.268348,-3.20268,1.8165,-0.0265,-4.69559e-05,-0.00116957
491,29.5495,907.778,0.0360664,0.208333,0.166667,0.158828,0.525045,0.0112815,-0.012238,5.55138,5.85277e-05,0.0137704,0.329328,10280.5,0.871701,0.323577,-0.982,0.1964,586.495,6.03341e+06,0.968029,0.790427,0.903206,0.271993,-3.24634,1.81556,-0.0241111,-4.48007e-05,-0.0012418
492,43.6486,1000,0.036,0.166667,0,0.158335,0.518088,0.0105027,-0.0115395,5.53271,5.85277e-05,0.0146935,0.328979,12883.5,0.671937,0.281841,-0.9838,0.19676,587.45,6.0457e+06,1.61878,0.924268,0.997957,0.27755,-3.61225,2,-0.023,-1.28196e-05,-0.000856712
493,41.0916,1000,0.0357147,0.291667,0,0.15878,0.522517,0.012365,-0.0118831,5.51403,5.85277e-05,0.0135615,0.328646,9977.25,0.841815,0.389787,-0.9856,0.19712,588.683,6.05798e+06,1.35008,0.964055,0.996474,0.306071,-3.54375,2,-0.0174286,-1.14327e-05,-0.000910245
494,36.3998,983.182,0.0353807,0.416667,0.0416667,0.159119,0.520954,0.0110459,-0.0120153,5.49553,5.85277e-05,0.0176801,0.328305,9602.27,0.914999,0.364698,-0.9874,0.19748,589.964,6.07027e+06,1.19117,0.932417,0.980273,0.285626,-3.51446,1.96636,-0.0204545,-1.68012e-05,-0.000922127
495,39.6041,1000,0.0368459,0.958333,0,0.157403,0.51549,0.0100028,-0.0121672,5.47692,5.85277e-05,0.00666597,0.327963,10831,0.799269,0.335256,-0.9892,0.19784,591.1,6.08256e+06,1.30635,0.986009,0.997669,0.29677,-3.58448,2,-0.0212174,-1.01926e-05,-0.00088146
496,32.1621,1000,0.0360398,1.08333,0,0.15929,0.507641,0.0107589,-0.0123954,5.45805,5.85277e-05,0.0108313,0.327617,11474.1,0.793027,0.277904,-0.991,0.1982,592.172,6.09485e+06,1.12319,0.838849,0.99737,0.247288,-3.57746,2,-0.0202692,-8.03877e-06,-0.000864654
497,33.6133,995.781,0.036962,1.29167,0.0416667,0.159002,0.507028,0.0107381,-0.0108864,5.43911,5.85277e-05,0.00902699,0.327273,12983.5,0.643989,0.302443,-0.9928,0.19856,593.12,6.10714e+06,1.07596,0.939281,0.992873,0.279665,-3.57356,1.99156,-0.0242188,-1.373e-05,-0.000882386
498,38.0648,1000,0.0372633,1.375,0,0.158126,0.493612,0.0110408,-0.0114697,5.42038,5.85277e-05,0.0130461,0.326934,13298.8,0.651145,0.27285,-0.9946,0.19892,594.045,6.11942e+06,1.21348,1.01635,0.997649,0.278434,-3.58154,2,-0.0202727,-1.05822e-05,-0.000851134
499,32.8226,993.613,0.0373934,1.25,0.0416667,0.158593,0.490077,0.0102572,-0.0132217,5.40142,5.85277e-05,0.0101853,0.326585,13712.3,0.622381,0.273751,-0.9964,0.19928,594.943,6.13171e+06,1.17351,0.831845,0.990705,0.259148,-3.57793,1.98723,-0.0224516,-1.49433e-05,-0.000900059
500,36.3933,1000,0.0375664,1.54167,0,0.158225,0.494771,0.00961971,-0.0129083,5.38225,5.85277e-05,0.0145025,0.326243,13577.1,0.637004,0.26805,-0.9982,0.19964,595.849,6.144e+06,1.15157,0.98867,0.997393,0.290107,-3.58689,2,-0.0203243,-7.83954e-06,-0.000855037
501,33.9273,975.444,0.0378424,1.08333,0.0416667,0.156678,0.478283,0.0109336,-0.0125377,5.36315,5.85277e-05,0.0157253,0.325884,14543.3,0.594479,0.250445,-1,0.2,599.303,6.15629e+06,1.1428,0.87709,0.972568,0.254534,-3.47865,1.95089,-0.022,-1.08249e-05,-0.0008502
502,33.3998,1000,0.0384985,1.16667,0,0.1557,0.47802,0.0104727,-0.0116465,5.34328,8.77915e-05,0.0039781,0.325528,14275,0.610074,0.250729,-1,0.2,600.165,6.16858e+06,1.06778,0.955173,0.997453,0.261654,-3.58814,2,-0.0230357,-9.97343e-06,-0.000885477
503,44.4428,1000,0.0382677,1,0,0.157875,0.486222,0.00960159,-0.0150089,5.31848,8.77915e-05,0.0164725,0.324978,13599.9,0.595704,0.307831,-1,0.2,601.07,6.18086e+06,1.38824,1.11181,0.997588,0.323584,-3.57879,2,-0.0194167,-1.0549e-05,-0.000851568
504,38.036,1000,0.0374498,0.416667,0,0.157246,0.488103,0.00987221,-0.0138271,5.28899,8.77915e-05,0.016904,0.324474,14612.6,0.58816,0.252758,-1,0.2,601.912,6.19315e+06,1.11715,1.08196,0.997173,0.309239,-3.58648,2,-0.0164,-8.26742e-06,-0.000840337
505,44.1709,1000,0.0378791,0.791667,0,0.158359,0.493073,0.0105487,-0.0139745,5.2614,5.85277e-05,0.0200345,0.323984,14651,0.586088,0.252627,-1,0.2,602.753,6.20544e+06,1.38943,1.10265,0.997646,0.311854,-3.56855,2,-0.0236316,-1.09162e-05,-0.00083562
506,32.1957,1000,0.0380994,0.416667,0,0.159779,0.49059,0.0125621,-0.00913425,5.24,5.85277e-05,0.0123907,0.323709,14210.9,0.583096,0.281591,-1,0.2,603.619,6.21773e+06,1.14196,0.849318,0.996949,0.242789,-3.58951,2,-0.0308,-9.83282e-06,-0.000912856
507,30.2524,965.923,0.0378382,0.416667,0.125,0.158483,0.498448,0.010171,-0.0117883,5.22447,5.85277e-05,0.0132688,0.323413,14856.4,0.577156,0.249962,-1,0.2,604.447,6.23002e+06,1.07723,0.781942,0.961835,0.223104,-3.43761,1.93185,-0.0246923,-2.66049e-05,-0.00100913
508,29.946,961.625,0.0385897,0.291667,0.0416667,0.157823,0.494344,0.0105492,-0.0118858,5.20743,5.85277e-05,0.0100353,0.323104,14466.8,0.592587,0.256807,-1,0.2,605.298,6.2423e+06,1.0812,0.79362,0.958845,0.205063,-3.4408,1.92325,-0.022875,-1.4502e-05,-0.000988863
509,33.6891,994.111,0.0383755,0.333333,0.0416667,0.157756,0.499092,0.0102155,-0.0128837,5.1904,5.85277e-05,0.0170044,0.322799,14324.4,0.58065,0.277187,-1,0.2,606.157,6.25459e+06,1.11175,0.903246,0.990682,0.260819,-3.54826,1.98822,-0.021,-1.30608e-05,-0.000991304
510,41.9765,1000,0.0378652,0.208333,0,0.157831,0.505871,0.0131942,-0.00990185,5.17406,5.85277e-05,0.0121105,0.322527,14514.2,0.589042,0.257576,-1,0.2,607.005,6.26688e+06,1.40833,0.992597,0.997346,0.316671,-3.6,2,-0.0152,-7.46244e-06,-0.000907105
511,26.8531,897.3,0.0374847,0.291667,0.125,0.15748,0.507899,0.012452,-0.011022,5.15947,5.85277e-05,0.0128091,0.32227,14301.1,0.597858,0.261377,-1,0.2,607.865,6.27917e+06,0.951971,0.724698,0.893459,0.198492,-3.19759,1.7946,-0.0219,-2.49473e-05,-0.00104781
512,22.3725,863.6,0.0377264,0.125,0.0833333,0.156874,0.511272,0.0107881,-0.0112851,5.14429,5.85277e-05,0.0126943,0.321979,14658.5,0.577736,0.260549,-1,0.2,608.705,6.29146e+06,0.939764,0.58214,0.85794,0.160036,-3.12214,1.7272,-0.0252,-3.84299e-05,-0.00108008
513,33.3885,922,0.0380292,0.208333,0.0416667,0.15709,0.506132,0.0116581,-0.011435,5.12785,5.85277e-05,0.0141672,0.321692,14027.5,0.588677,0.287315,-1,0.2,609.582,6.30374e+06,1.06214,0.892716,0.91731,0.276154,-3.29916,1.844,-0.0226667,-3.30021e-05,-0.00103302
514,37.9025,1000,0.0386334,0.208333,0,0.154976,0.510373,0.0113915,-0.0115895,5.11194,5.85277e-05,0.012256,0.3214,13895.1,0.617937,0.266401,-1,0.2,610.468,6.31603e+06,1.19729,1.00888,0.997805,0.307825,-3.5952,2,-0.0206,-1.42845e-05,-0.000863766
515,41.6009,919.714,0.0377648,0.25,0.0416667,0.156715,0.514958,0.0104785,-0.011291,5.09522,5.85277e-05,0.0125035,0.3211,13355.9,0.647128,0.272912,-1,0.2,611.389,6.32832e+06,1.33364,0.990437,0.916837,0.300384,-3.28665,1.83943,-0.0131429,-2.31701e-05,-0.000863681
516,29.5164,945.333,0.0389047,0.458333,0.0416667,0.155964,0.512884,0.0113196,-0.0117759,5.07896,5.85277e-05,0.00769559,0.320821,13723.3,0.620079,0.275334,-1,0.2,612.286,6.34061e+06,0.9801,0.84044,0.942144,0.209967,-3.36026,1.89067,-0.0263333,-2.15528e-05,-0.000885457
517,32.7642,927.25,0.0387534,0.291667,0.0416667,0.154766,0.514155,0.010399,-0.0116802,5.06296,5.85277e-05,0.0111398,0.320522,12760.1,0.68346,0.27954,-1,0.2,613.25,6.3529e+06,0.906744,1.00989,0.923901,0.254791,-3.28985,1.8545,-0.020875,-1.38098e-05,-0.000885125
518,40.9559,912.833,0.038137,0.208333,0.0416667,0.154699,0.519523,0.0104977,-0.0125133,5.04551,5.85277e-05,0.00994749,0.320204,13357.1,0.63075,0.28921,-1,0.2,614.172,6.36518e+06,1.24157,1.03039,0.906731,0.280371,-3.20809,1.82567,-0.0278333,-3.80693e-05,-0.00097383
519,38.6729,952.182,0.0386335,0.416667,0.0416667,0.156272,0.505486,0.00974996,-0.0114337,5.02772,5.85277e-05,0.010782,0.319891,12834,0.671505,0.285955,-1,0.2,615.13,6.37747e+06,1.27164,0.958466,0.94973,0.263189,-3.39671,1.90436,-0.0161818,-1.8325e-05,-0.000833322
520,39.0057,1000,0.0385272,0.25,0,0.155526,0.521391,0.0107383,-0.0106142,5.00997,5.85277e-05,0.0069396,0.319574,13051.6,0.656009,0.285483,-1,0.2,616.073,6.38976e+06,1.22203,1.00887,0.997131,0.269024,-3.5209,2,-0.025,-9.3455e-06,-0.000856893
521,25.1649,882,0.0392979,0.25,0.125,0.155794,0.518323,0.00978086,-0.0117102,4.99252,5.85277e-05,0.0130236,0.319269,13375.2,0.631049,0.287665,-1,0.2,616.993,6.40205e+06,0.799529,0.766373,0.878488,0.207984,-3.1286,1.764,-0.0284444,-3.4209e-05,-0.00105443
522,24.2015,853,0.0391292,0.125,0.0416667,0.156704,0.509434,0.010114,-0.0115589,4.97499,5.85277e-05,0.00964122,0.318947,12799.9,0.648279,0.311732,-1,0.2,617.954,6.41434e+06,0.825557,0.679826,0.849109,0.161976,-2.99129,1.706,-0.02025,-2.35326e-05,-0.000831576
523,46.3445,1000,0.0393735,0.208333,0,0.156031,0.508382,0.00952452,-0.0106144,4.95665,5.85277e-05,0.0119957,0.318629,12960.1,0.634696,0.313442,-1,0.2,618.904,6.42662e+06,1.69243,0.929678,0.997741,0.243035,-3.53039,2,-0.0144,-1.19888e-05,-0.00085839
524,35.9519,1000,0.0394369,0.166667,0,0.155099,0.508621,0.0102365,-0.0121056,4.93901,5.85277e-05,0.0107021,0.31832,8873.55,0.943017,0.441772,-1,0.2,620.29,6.43891e+06,0.953581,1.16361,0.997556,0.256156,-3.54302,2,-0.0295,-1.42948e-05,-0.000774692
525,38.0229,1000,0.0395347,0.208333,0,0.155086,0.50524,0.0100105,-0.0113953,4.92171,5.85277e-05,0.0176385,0.318015,9349.5,0.967927,0.346368,-1,0.2,621.606,6.4512e+06,1.19125,0.95301,0.997579,0.27074,-3.4906,2,-0.02,-9.82429e-06,-0.000825428
526,42.4466,1000,0.0397645,0.25,0,0.155498,0.503048,0.0100553,-0.0115627,4.90462,5.85277e-05,0.0125689,0.317716,9555.36,0.848118,0.437862,-1,0.2,622.893,6.46349e+06,1.39033,1.0392,0.997654,0.246099,-3.52847,2,-0.0216667,-1.01341e-05,-0.000813155
527,48.6848,1000,0.0393424,0.291667,0,0.155764,0.503008,0.0100007,-0.0123104,4.88763,5.85277e-05,0.0136289,0.317416,10604.4,0.795568,0.363196,-1,0.2,624.054,6.47578e+06,1.58722,1.04357,0.997581,0.309934,-3.49401,2,-0.00914286,-1.39308e-05,-0.000898094
528,37.4098,1000,0.0396687,0.708333,0,0.155752,0.507579,0.0101122,-0.010966,4.87108,5.85277e-05,0.00889309,0.317131,10217.5,0.83117,0.371467,-1,0.2,625.258,6.48806e+06,1.3094,0.883816,0.997447,0.21282,-3.50472,2,-0.0274118,-1.28942e-05,-0.000847912
529,35.4729,977.2,0.0402868,0.375,0.0416667,0.155119,0.507115,0.00989093,-0.012307,4.8544,5.85277e-05,0.0100036,0.31682,8847.56,0.991839,0.397019,-1,0.2,626.648,6.50035e+06,1.01925,1.0322,0.974147,0.256328,-3.42865,1.9544,-0.0331,-1.58958e-05,-0.000919117
530,37.5594,955.5,0.0405704,0.333333,0.0833333,0.156582,0.508927,0.00980514,-0.0127911,4.83664,5.85277e-05,0.012883,0.316517,9504.14,0.88037,0.41254,-1,0.2,627.942,6.51264e+06,1.18709,0.915823,0.95256,0.241847,-3.3063,1.911,-0.0231,-2.84154e-05,-0.000919927
531,44.4419,1000,0.0407252,0.166667,0,0.155323,0.504328,0.0103228,-0.012168,4.81994,5.85277e-05,0.0149512,0.316232,8716.06,0.988845,0.420967,-1,0.2,629.353,6.52493e+06,1.2591,1.19583,0.997461,0.301602,-3.51602,2,-0.015,-8.84487e-06,-0.000867983
532,35.9713,1000,0.0406475,0.333333,0,0.154941,0.495646,0.0108054,-0.0117491,4.80413,5.85277e-05,0.0110043,0.315958,9299.94,0.919682,0.401617,-1,0.2,630.676,6.53722e+06,0.995743,1.03252,0.99748,0.281352,-3.48563,2,-0.022,-1.07464e-05,-0.000891765
533,23.4419,933.25,0.0405026,0.125,0.0416667,0.155181,0.506103,0.0101263,-0.0111717,4.78808,5.85277e-05,0.0127233,0.315665,9855.19,0.928772,0.318084,-1,0.2,631.925,6.5495e+06,0.974596,0.61667,0.9296,0.109805,-3.29428,1.8665,-0.02975,-2.50994e-05,-0.00101676
534,44.3159,1000,0.0409077,0.166667,0,0.154819,0.498305,0.00895251,-0.0116278,4.77087,5.85277e-05,0.0131133,0.315362,9676.12,0.882985,0.386946,-1,0.2,633.196,6.56179e+06,1.44856,0.919308,0.997252,0.274073,-3.40254,2,-0.02,-1.27544e-05,-0.000844834
535,34.1161,1000,0.0413597,0.375,0,0.155185,0.494434,0.00955785,-0.0121752,4.75363,5.85277e-05,0.0136766,0.315059,9086.57,0.978898,0.373428,-1,0.2,634.55,6.57408e+06,1.08012,0.890824,0.997063,0.241256,-3.48164,2,-0.0208889,-9.2279e-06,-0.000913756
536,37.0874,1000,0.0417303,0.458333,0,0.156246,0.4907,0.0126581,-0.0110008,4.73734,5.85277e-05,0.0144564,0.314799,10316.1,0.900826,0.290317,-1,0.2,635.742,6.58637e+06,1.26263,0.89935,0.997459,0.186819,-3.46913,2,-0.0219091,-9.58281e-06,-0.000842374
537,38.6494,970.536,0.0416365,1.08333,0.0833333,0.155223,0.479673,0.0138159,-0.0110797,4.72339,5.85277e-05,0.0125449,0.314568,10068.5,0.847096,0.373347,-1,0.2,636.964,6.59866e+06,1.19578,0.976753,0.967921,0.241674,-3.37135,1.94107,-0.0185,-1.37969e-05,-0.000867979
538,36.4135,973.355,0.0423781,1.16667,0.125,0.156767,0.477634,0.0139629,-0.0116345,4.71031,5.85277e-05,0.0124181,0.314336,8567.48,1.0166,0.41766,-1,0.2,638.4,6.61094e+06,1.12716,0.935083,0.970655,0.221183,-3.35738,1.94671,-0.021871,-1.44091e-05,-0.00085076
539,38.5361,986.097,0.0429338,1.25,0.0416667,0.157597,0.469156,0.0113292,-0.0125428,4.69615,5.85277e-05,0.00982421,0.314072,8834.17,0.995052,0.395911,-1,0.2,639.792,6.62323e+06,1.23966,0.947319,0.98332,0.199115,-3.39201,1.97219,-0.0219355,-1.28527e-05,-0.000835757
540,35.7808,981.788,0.0421533,1.25,0.125,0.157906,0.47036,0.0154569,-0.0109753,4.68115,5.85277e-05,0.0152949,0.313819,7955.41,1.08622,0.45839,-1,0.2,641.339,6.63552e+06,1.13226,0.915937,0.9789,0.207464,-3.38572,1.96358,-0.0225152,-1.5297e-05,-0.000838545
541,32.9239,979.057,0.0437381,1.16667,0.291667,0.158119,0.45944,0.0127046,-0.0128669,4.66625,5.85277e-05,0.0136481,0.313546,9979.52,0.864352,0.36697,-1,0.2,642.572,6.64781e+06,1.13399,0.774029,0.975618,0.176784,-3.34781,1.95811,-0.0236,-1.77214e-05,-0.000913347
542,42.9124,978.406,0.04467,1.29167,0.0416667,0.15682,0.446167,0.013492,-0.0113431,4.6509,5.85277e-05,0.0139833,0.313294,8654.28,1.048,0.371875,-1,0.2,643.993,6.6601e+06,1.28996,1.03838,0.975996,0.262024,-3.35607,1.95681,-0.020625,-1.29846e-05,-0.000839341
543,38.2267,991.722,0.0445439,1.375,0.125,0.158974,0.447921,0.0144211,-0.0106622,4.63732,5.85277e-05,0.0125706,0.313072,10451,0.765769,0.410004,-1,0.2,645.171,6.67238e+06,1.16019,0.961684,0.988795,0.231952,-3.39513,1.98344,-0.0187222,-1.13563e-05,-0.000858453
544,32.8871,962.857,0.0448328,0.708333,0.166667,0.157636,0.44501,0.0123891,-0.0132855,4.62427,5.85277e-05,0.0136579,0.312829,10051.2,0.872201,0.350334,-1,0.2,646.395,6.68467e+06,0.876763,0.963462,0.959556,0.217681,-3.27348,1.92571,-0.0244286,-1.88495e-05,-0.000888982
545,44.8542,988.412,0.0443979,0.666667,0.0416667,0.157281,0.448655,0.0143572,-0.00990383,4.60978,5.85277e-05,0.0135199,0.312579,9441.77,0.94747,0.353981,-1,0.2,647.698,6.69696e+06,1.40231,1.0132,0.985592,0.261764,-3.38056,1.97682,-0.0155294,-1.18541e-05,-0.000877317
546,32.0458,863.067,0.0443547,0.458333,0.166667,0.158434,0.453237,0.0114208,-0.0106185,4.59499,5.85277e-05,0.00759604,0.312303,9981.3,0.847078,0.384024,-1,0.2,648.93,6.70925e+06,0.933925,0.837706,0.859752,0.199832,-2.93176,1.72613,-0.0223333,-2.19183e-05,-0.000943352
547,41.6285,1000,0.0446166,0.708333,0,0.15513,0.454394,0.0102136,-0.0115048,4.57834,5.85277e-05,0.0125265,0.312011,9133.94,0.954847,0.390465,-1,0.2,650.277,6.72154e+06,1.214,1.04654,0.997593,0.231646,-3.3896,2,-0.0179412,-8.35452e-06,-0.000810245
548,43.6157,943.889,0.0440954,0.333333,0.0416667,0.156442,0.463694,0.00954351,-0.0116919,4.5614,5.85277e-05,0.0137183,0.311713,9009.86,0.980079,0.38376,-1,0.2,651.643,6.73382e+06,1.46438,0.877911,0.941147,0.195563,-3.17048,1.88778,-0.0146667,-1.05405e-05,-0.000831279
549,43.7193,1000,0.0442545,0.375,0,0.156369,0.469251,0.011117,-0.0116843,4.54386,5.85277e-05,0.012729,0.311406,11240.5,0.744444,0.348748,-1,0.2,652.737,6.74611e+06,1.19716,1.10561,0.997344,0.299682,-3.39486,2,-0.0181111,-7.81074e-06,-0.000862975
550,35.715,894.75,0.04453,0.416667,0.0833333,0.157462,0.459931,0.0119138,-0.0127675,4.52649,5.85277e-05,0.00911232,0.311116,8593.19,1.01913,0.410843,-1,0.2,654.169,6.7584e+06,1.08009,0.858476,0.89175,0.206976,-3.02491,1.7895,-0.01525,-1.31277e-05,-0.000870383
551,44.7975,891.667,0.0443464,0.208333,0.0416667,0.156793,0.462606,0.00953483,-0.0127677,4.50947,5.85277e-05,0.0182266,0.310808,10267.8,0.825526,0.371225,-1,0.2,658.115,6.77069e+06,1.27666,1.06383,0.889426,0.273784,-3.03978,1.78333,-0.0065,-1.21082e-05,-0.000865318
552,40.7555,1000,0.0443764,0.166667,0,0.156955,0.462216,0.0240342,-0.0105241,4.49352,5.85277e-05,0.0133507,0.310593,9545.43,0.919141,0.368176,-1,0.2,659.404,6.78298e+06,1.08276,1.07645,0.997419,0.283064,-3.38634,2,-0.01475,-7.78482e-06,-0.000814489
553,39.6858,863.786,0.0449555,0.416667,0.166667,0.15743,0.450563,0.0134618,-0.0133185,4.48198,5.85277e-05,0.0108915,0.310386,11137.9,0.776083,0.327175,-1,0.2,660.509,6.79526e+06,1.13396,0.924594,0.860981,0.241116,-2.88161,1.72757,-0.0214286,-1.75601e-05,-0.00087947
554,29.0376,849.6,0.0447172,0.166667,0.0416667,0.157781,0.447778,0.0145311,-0.00998262,4.46923,5.85277e-05,0.00942808,0.310154,9066.53,0.927797,0.427517,-1,0.2,661.865,6.80755e+06,0.828112,0.777363,0.845573,0.155859,-2.83066,1.6992,-0.0226,-2.53818e-05,-0.000944298
555,42.2721,858.714,0.0441496,0.166667,0.125,0.159086,0.453973,0.011506,-0.0120669,4.45515,5.85277e-05,0.010314,0.309899,9700.93,0.863992,0.402691,-1,0.2,663.134,6.81984e+06,1.3218,0.865173,0.855068,0.215983,-2.84563,1.71743,-0.0152857,-3.96539e-05,-0.000899769
556,55.7883,1000,0.0441377,0.208333,0,0.157849,0.455337,0.0126501,-0.0112017,4.44038,5.85277e-05,0.0151261,0.309654,8818.08,0.971414,0.422086,-1,0.2,664.529,6.83213e+06,1.57914,1.28856,0.997773,0.2783,-3.3355,2,-0.018,-8.67916e-06,-0.000842044
557,32.98,778.562,0.0439779,0.375,0.291667,0.161299,0.456496,0.0176054,-0.00947835,4.42729,5.85277e-05,0.00909927,0.309457,9783.54,0.845866,0.410121,-1,0.2,665.787,6.84442e+06,0.987257,0.76377,0.775406,0.171239,-2.58147,1.55712,-0.0235,-2.71786e-05,-0.000799386
558,30.6902,815.938,0.0440976,0.333333,0.333333,0.159885,0.464174,0.015381,-0.0107472,4.41622,5.85277e-05,0.0146232,0.309263,9433.56,0.925,0.377583,-1,0.2,667.091,6.8567e+06,0.939716,0.728966,0.812077,0.152058,-2.70693,1.63187,-0.0223125,-2.68404e-05,-0.00090697
559,27.4397,842.8,0.0446598,0.291667,0.125,0.157651,0.459826,0.0125479,-0.0118249,4.4042,5.85277e-05,0.0119017,0.309037,9528.6,0.905991,0.3836,-1,0.2,668.382,6.86899e+06,0.787499,0.741687,0.83911,0.134081,-2.78754,1.6856,-0.0276,-2.57959e-05,-0.000827877
560,34.6777,909.429,0.0453211,0.25,0.0416667,0.15622,0.457576,0.0131416,-0.0104171,4.39048,5.85277e-05,0.0152728,0.308799,9872.19,0.876873,0.367836,-1,0.2,669.628,6.88128e+06,1.14912,0.719577,0.906,0.141038,-2.97947,1.81886,-0.0202857,-2.96384e-05,-0.000917404
561,35.5974,881.769,0.0449697,0.416667,0.125,0.157072,0.454704,0.0162769,-0.00992614,4.37723,5.85277e-05,0.0157054,0.308589,9635.24,0.886583,0.388735,-1,0.2,670.905,6.89357e+06,1.00079,0.879873,0.879068,0.183325,-2.90598,1.76354,-0.0199231,-1.86138e-05,-0.000808178
562,31.7981,836.333,0.0454306,0.333333,0.166667,0.155425,0.457109,0.012891,-0.0121602,4.36499,5.85277e-05,0.0149146,0.308376,8956.43,0.929027,0.442949,-1,0.2,672.279,6.90586e+06,0.77836,0.895102,0.833389,0.183562,-2.75192,1.67267,-0.0204167,-2.1514e-05,-0.000818806
563,22.9916,784.667,0.0461003,0.166667,0.0833333,0.152126,0.454384,0.0146365,-0.0100348,4.35251,5.85277e-05,0.00908561,0.308156,9318.64,0.891235,0.427412,-1,0.2,673.599,6.91814e+06,0.370378,0.867651,0.781885,0.181911,-2.60798,1.56933,-0.0128333,-1.97205e-05,-0.000743986
564,38.2438,847.4,0.045677,0.125,0.0833333,0.151251,0.452962,0.0171186,-0.0100072,4.33958,5.85277e-05,0.00928172,0.307938,7520.85,1.08936,0.544495,-1,0.2,675.234,6.93043e+06,0.979454,0.967736,0.844356,0.216929,-2.77194,1.6948,-0.0182,-1.93114e-05,-0.000922452
565,38.3752,824.583,0.0460423,0.291667,0.208333,0.15233,0.459718,0.0158236,-0.0101337,4.32684,5.85277e-05,0.00948748,0.307721,8439.18,1.04696,0.409109,-1,0.2,676.692,6.94272e+06,1.16722,0.828415,0.820592,0.182119,-2.71436,1.64917,-0.0135,-2.0368e-05,-0.000879531
566,31.6361,853.6,0.0462675,0.0833333,0.125,0.149697,0.451357,0.0210362,-0.0105659,4.31472,5.85277e-05,0.00810025,0.307527,8909.92,0.896074,0.483063,-1,0.2,678.073,6.95501e+06,0.95231,0.766495,0.849296,0.129681,-2.80291,1.7072,-0.0192,-3.96768e-05,-0.00102978
567,33.2816,765.5,0.0459054,0.125,0.125,0.150273,0.45568,0.0150066,-0.0110232,4.30323,5.85277e-05,0.0115709,0.307318,7852.43,1.14658,0.418288,-1,0.2,679.64,6.9673e+06,0.915924,0.81921,0.761285,0.139579,-2.49139,1.531,-0.0106667,-2.60472e-05,-0.000840573
568,28.6133,813.75,0.0458909,0.208333,0.125,0.150835,0.458314,0.0150336,-0.0114093,4.29027,5.85277e-05,0.0111047,0.307093,7907.05,1.13847,0.415589,-1,0.2,681.196,6.97958e+06,0.784994,0.769696,0.809394,0.123489,-2.66069,1.6275,-0.022625,-3.70806e-05,-0.00105227
569,46.2377,899.091,0.0456962,0.291667,0.166667,0.150208,0.451144,0.0159646,-0.0107801,4.27729,5.85277e-05,0.0149649,0.306876,9065.75,0.971938,0.383494,-1,0.2,682.553,6.99187e+06,1.39674,0.932874,0.895133,0.216725,-2.90761,1.79818,-0.0190909,-2.63771e-05,-0.00104656
570,38.9324,867.611,0.0464172,0.5,0.25,0.150719,0.452897,0.0179881,-0.0111795,4.26486,5.85277e-05,0.00619807,0.30667,8353.62,1.0295,0.441485,-1,0.2,684.025,7.00416e+06,0.999177,0.957095,0.863848,0.212285,-2.80344,1.73522,-0.0166111,-2.85254e-05,-0.000925154
571,39.895,944.231,0.0471577,0.416667,0.125,0.150809,0.439587,0.0155679,-0.0105728,4.2527,5.85277e-05,0.00793002,0.306456,7199.49,1.2565,0.450285,-1,0.2,685.733,7.01645e+06,1.03197,1.03593,0.940697,0.179547,-3.06903,1.88846,-0.012,-1.1279e-05,-0.000814008
572,38.4846,969.143,0.0477029,0.25,0.0416667,0.147993,0.424664,0.014715,-0.0100842,4.23989,5.85277e-05,0.015576,0.306238,8605.96,1.06302,0.364822,-1,0.2,687.163,7.02874e+06,1.14635,0.888474,0.96535,0.164202,-3.15926,1.93829,-0.0182857,-1.53065e-05,-0.000872436
573,36.602,879.667,0.047189,0.125,0.125,0.148549,0.431662,0.0134562,-0.0103895,4.22714,5.85277e-05,0.0124309,0.306023,10099.3,0.900089,0.316627,-1,0.2,688.381,7.04102e+06,1.17412,0.769407,0.874928,0.109186,-2.83551,1.75933,-0.0203333,-2.09981e-05,-0.00101148
574,48.7166,956.143,0.0471543,0.25,0.0416667,0.148669,0.434959,0.0122236,-0.0113897,4.21422,5.85277e-05,0.0116838,0.305797,11852,0.709165,0.327618,-1,0.2,689.419,7.05331e+06,1.23177,1.20746,0.953546,0.261664,-3.1161,1.91229,-0.014,-1.59447e-05,-0.000774314
575,31.5108,917.75,0.0467376,0.0833333,0.0833333,0.148644,0.438344,0.0120416,-0.00966659,4.20069,5.85277e-05,0.0137849,0.305564,12318.8,0.700988,0.296512,-1,0.2,690.417,7.0656e+06,0.926072,0.721055,0.912963,0.13535,-2.93671,1.8355,-0.01775,-1.61073e-05,-0.000923824
576,38.4781,932.111,0.0467471,0.291667,0.0833333,0.149004,0.442491,0.0108335,-0.0105706,4.1864,5.85277e-05,0.0112102,0.305306,10147.2,0.698912,0.512061,-1,0.2,691.63,7.07789e+06,1.17317,0.8358,0.928243,0.155426,-3.00588,1.86422,-0.0261111,-2.81288e-05,-0.000942308
577,40.2316,997,0.0471053,0.291667,0.0416667,0.149718,0.448762,0.0126297,-0.00962074,4.17101,5.85277e-05,0.00865996,0.305051,12258.2,0.714084,0.288345,-1,0.2,692.635,7.09018e+06,1.05739,0.995658,0.993922,0.197982,-3.21137,1.994,-0.015125,-1.32642e-05,-0.000870807
578,44.5425,995.938,0.047477,0.625,0.0416667,0.149713,0.435398,0.0104351,-0.0122343,4.15581,5.85277e-05,0.00677093,0.304786,11950.2,0.727129,0.301135,-1,0.2,693.664,7.10246e+06,1.26673,1.03186,0.992768,0.182275,-3.22233,1.99187,-0.01525,-9.41801e-06,-0.000799181
579,42.6301,979.739,0.0470778,0.916667,0.0416667,0.1497,0.439602,0.0105135,-0.0110986,4.13971,5.85277e-05,0.0108598,0.304503,12495.1,0.69731,0.286119,-1,0.2,694.649,7.11475e+06,1.12062,1.03241,0.976705,0.209911,-3.15008,1.95948,-0.0167391,-9.7501e-06,-0.00079753
580,49.0268,1000,0.0475631,0.833333,0,0.149408,0.433023,0.011281,-0.0108343,4.1223,5.85277e-05,0.00987365,0.304194,12503.2,0.697073,0.285719,-1,0.2,695.633,7.12704e+06,1.16051,1.24799,0.99763,0.259393,-3.20003,2,-0.0134,-5.86728e-06,-0.000749638
581,45.973,996.192,0.0478806,1.04167,0.0416667,0.149082,0.434666,0.00990577,-0.0117577,4.10383,5.85277e-05,0.00768711,0.303882,12338.4,0.707829,0.288086,-1,0.2,696.63,7.13933e+06,1.25414,1.05851,0.993354,0.208497,-3.18972,1.99238,-0.0176923,-1.10218e-05,-0.000805637
582,49.119,1000,0.0484318,1.20833,0,0.151006,0.422106,0.00972176,-0.011098,4.08559,5.85277e-05,0.0172775,0.30358,12179.1,0.72693,0.282012,-1,0.2,697.64,7.15162e+06,1.3515,1.09535,0.997311,0.222159,-3.19726,2,-0.0123448,-6.87406e-06,-0.000753532
583,43.7667,1000,0.0488355,1.20833,0,0.151385,0.416035,0.00986572,-0.00999731,4.06788,5.85277e-05,0.0128243,0.303281,12244.5,0.72007,0.283482,-1,0.2,698.645,7.1639e+06,1.19311,1.04958,0.997035,0.157144,-3.19353,2,-0.0142759,-6.29521e-06,-0.000724987
584,46.6563,973.458,0.0491828,0.958333,0.0416667,0.151646,0.413111,0.00918317,-0.0116077,4.04989,5.85277e-05,0.0174949,0.302981,11488.7,0.773971,0.295602,-1,0.2,699.716,7.17619e+06,1.25229,1.05104,0.970486,0.212891,-3.08931,1.94692,-0.0107083,-6.48922e-06,-0.000773782
585,41.8283,986.125,0.048221,1.29167,0.0416667,0.149665,0.420495,0.0102161,-0.012571,4.03251,5.85277e-05,0.0144682,0.302691,11746.2,0.737513,0.308612,-1,0.2,700.763,7.18848e+06,1.05813,1.08007,0.983024,0.177847,-3.15909,1.97225,-0.0200625,-9.85397e-06,-0.000741111
586,43.4681,973.438,0.0494762,0.625,0.0416667,0.149351,0.410678,0.0129963,-0.0102594,4.01588,5.85277e-05,0.00795144,0.30243,12307.7,0.710991,0.287411,-1,0.2,701.763,7.20077e+06,1.07867,1.06461,0.970417,0.213104,-3.08734,1.94687,-0.0121875,-7.54102e-06,-0.000731338
587,48.5717,967.643,0.0497703,0.5,0.0833333,0.149719,0.415512,0.0139455,-0.0111826,4.00061,5.85277e-05,0.0149197,0.302174,12500,0.699815,0.283228,-1,0.2,702.747,7.21306e+06,1.26328,1.13113,0.964486,0.253246,-3.10344,1.93529,-0.0145,-1.86971e-05,-0.000883404
588,50.445,946,0.0489649,0.666667,0.0416667,0.150241,0.421016,0.0104481,-0.01179,3.98487,5.85277e-05,0.01468,0.301905,11904.6,0.745601,0.286602,-1,0.2,703.781,7.22534e+06,1.28675,1.20094,0.943011,0.211263,-2.99823,1.892,-0.0127059,-1.34145e-05,-0.000760549
589,42.8692,943.143,0.0489726,0.5,0.0833333,0.150452,0.421478,0.0120083,-0.0116596,3.96931,5.85277e-05,0.0141414,0.301655,12414.6,0.711889,0.277916,-1,0.2,704.773,7.23763e+06,1.11168,1.0232,0.940332,0.202094,-2.99704,1.88629,-0.0223571,-1.68712e-05,-0.000719169
590,52.5469,942.8,0.0481958,0.375,0.0416667,0.15178,0.429743,0.0112392,-0.00997224,3.95377,5.85277e-05,0.0057751,0.301374,12635.7,0.68184,0.290643,-1,0.2,705.747,7.24992e+06,1.40312,1.15521,0.939531,0.207189,-2.95256,1.8856,-0.01,-2.26454e-05,-0.000722586
591,44.9879,967.667,0.0481047,0.208333,0.0416667,0.151909,0.432806,0.0122164,-0.00914753,3.93734,5.85277e-05,0.0139785,0.301117,12758.4,0.674468,0.288661,-1,0.2,706.711,7.26221e+06,1.5583,0.771741,0.963615,0.113674,-3.07586,1.93533,-0.0166667,-1.33961e-05,-0.000728143
592,43.2874,988.067,0.0476253,0.583333,0.0416667,0.152883,0.431511,0.0151489,-0.0102849,3.92291,5.85277e-05,0.0113724,0.30089,8913.49,0.994161,0.384423,-1,0.2,708.091,7.2745e+06,1.15033,1.02877,0.984358,0.147493,-3.11184,1.97613,-0.0101333,-6.88424e-06,-0.000732783
593,32.8029,821,0.0478377,0.0833333,0.125,0.155177,0.440417,0.0115682,-0.0109458,3.90953,5.85277e-05,0.0117315,0.30067,8581.8,1.04296,0.388908,-1,0.2,709.524,7.28678e+06,0.753568,0.883391,0.816796,0.163144,-2.59729,1.642,-0.0206,-4.68057e-05,-0.000821162
594,42.2526,982.1,0.0474063,0.333333,0.0833333,0.154878,0.44084,0.010264,-0.0127234,3.89593,5.85277e-05,0.00837098,0.300427,8808.54,1.06989,0.325118,-1,0.2,710.92,7.29907e+06,1.18689,0.942775,0.978676,0.144942,-3.08441,1.9642,-0.0197,-1.50136e-05,-0.000729336
595,40.885,921.455,0.0475967,0.375,0.0833333,0.15332,0.447327,0.00990687,-0.00983639,3.88104,5.85277e-05,0.0118521,0.30018,8914.22,1.00008,0.378395,-1,0.2,712.3,7.31136e+06,1.06348,0.943415,0.918239,0.177264,-2.88089,1.84291,-0.0194545,-1.99954e-05,-0.000695054
596,47.1119,1000,0.0473058,0.208333,0,0.152899,0.445722,0.00973353,-0.0108936,3.86557,5.85277e-05,0.0103829,0.299906,8229.08,1.02181,0.471427,-1,0.2,713.795,7.32365e+06,0.811724,1.38539,0.99784,0.244401,-3.0727,2,-0.0104,-4.26047e-06,-0.000653702
597,54.4159,1000,0.0475496,0.166667,0,0.153492,0.444949,0.0128416,-0.0103452,3.84985,5.85277e-05,0.0102743,0.299672,7891.34,1.19233,0.36482,-1,0.2,715.354,7.33594e+06,1.58304,1.08891,0.997393,0.233085,-3.1659,2,-0.015,-1.0246e-05,-0.000724126
598,39.6976,907.125,0.0478507,0.25,0.0833333,0.15308,0.452285,0.0101537,-0.0107096,3.83595,5.85277e-05,0.0115097,0.299429,7219.35,1.24202,0.46007,-1,0.2,717.058,7.34822e+06,1.00232,0.971152,0.902714,0.14415,-2.83281,1.81425,-0.016125,-1.89936e-05,-0.000749428
599,52.5756,962.875,0.0473079,0.625,0.0416667,0.154072,0.443961,0.00983001,-0.0105386,3.82097,5.85277e-05,0.0135759,0.299174,8250.1,1.02563,0.46381,-1,0.2,718.549,7.36051e+06,1.42981,1.12179,0.96,0.209814,-3.00428,1.92575,-0.0134375,-9.21656e-06,-0.000658452
600,50.8282,1000,0.0474467,0.583333,0,0.153555,0.455793,0.00854801,-0.01004,3.80492,5.85277e-05,0.0142707,0.298894,9085.77,0.977165,0.37528,-1,0.2,719.903,7.3728e+06,1.2163,1.24591,0.997247,0.209816,-3.1103,2,-0.0168571,-6.07471e-06,-0.000696341
601,65.193,1000,0.0476435,0.25,0,0.153225,0.45583,0.00993662,-0.0105285,3.78862,5.85277e-05,0.015316,0.298645,8309.61,1.02245,0.456324,-1,0.2,724.346,7.38509e+06,1.72341,1.32576,0.997057,0.295281,-3.07137,2,-0.00983333,-6.00148e-06,-0.000652092
602,53.6173,954.769,0.047663,0.458333,0.0833333,0.154979,0.458315,0.0116468,-0.0101838,3.77459,5.85277e-05,0.0145323,0.298426,8372.31,1.02301,0.44469,-1,0.2,725.816,7.39738e+06,1.33604,1.2585,0.951329,0.213237,-2.97573,1.90954,-0.0113846,-1.48457e-05,-0.000651542
603,46.6575,1000,0.0474744,0.291667,0,0.154765,0.45694,0.0105401,-0.010263,3.76132,5.85277e-05,0.0148094,0.298196,9079.3,1.01446,0.338952,-1,0.2,727.171,7.40966e+06,1.4172,0.941028,0.996021,0.107158,-3.11043,2,-0.0174286,-7.79119e-06,-0.000670729
604,54.6779,960.545,0.047347,0.416667,0.0416667,0.155794,0.464485,0.0128206,-0.00952776,3.74751,5.85277e-05,0.011893,0.297978,9929.12,0.925397,0.312175,-1,0.2,728.41,7.42195e+06,1.46568,1.15356,0.957138,0.222128,-2.97185,1.92109,-0.0131818,-7.85984e-06,-0.000662194
605,30.0356,824,0.0476347,0.208333,0.25,0.156635,0.456579,0.0122482,-0.00827198,3.73484,5.85277e-05,0.0129915,0.297769,8179.48,1.06446,0.437833,-1,0.2,729.914,7.43424e+06,0.80419,0.711432,0.818254,0.0753026,-2.53492,1.648,-0.0197273,-3.32009e-05,-0.000714479
606,47.1163,1000,0.0473552,0.375,0,0.15612,0.457108,0.0153554,-0.00911174,3.7222,5.85277e-05,0.0133922,0.297562,8488.38,1.0812,0.366425,-1,0.2,731.363,7.44653e+06,1.24352,1.06635,0.995804,0.15884,-3.09027,2,-0.0177778,-5.84623e-06,-0.000643592
607,48.9304,896.615,0.0475433,0.375,0.166667,0.156948,0.465904,0.0129805,-0.0111307,3.70963,5.85277e-05,0.0142223,0.297354,9883.97,0.928279,0.314946,-1,0.2,732.608,7.45882e+06,1.36956,0.981617,0.892644,0.190348,-2.76718,1.79323,-0.0129231,-2.16108e-05,-0.000754083
608,31.9428,859.875,0.0475211,0.25,0.0833333,0.156857,0.468553,0.0134676,-0.0119065,3.69707,5.85277e-05,0.0138771,0.297144,7063.64,1.27462,0.464992,-1,0.2,734.349,7.4711e+06,0.849328,0.717955,0.856933,0.126476,-2.64608,1.71975,-0.0265,-2.39967e-05,-0.000695402
609,43.6004,938.286,0.0475979,0.25,0.0416667,0.155125,0.466844,0.00992841,-0.00985007,3.68317,5.85277e-05,0.0128696,0.296896,8187.74,1.13913,0.361651,-1,0.2,735.852,7.48339e+06,1.2529,0.879563,0.934961,0.134529,-2.87612,1.87657,-0.0217143,-1.35703e-05,-0.00065519
610,45.3146,1000,0.0478914,0.291667,0,0.154143,0.462906,0.0105633,-0.0115806,3.66792,5.85277e-05,0.0145353,0.296637,9969.41,0.924369,0.308201,-1,0.2,737.086,7.49568e+06,1.20191,1.04897,0.996484,0.111979,-3.072,2,-0.021,-6.62995e-06,-0.000592444
611,49.6419,1000,0.0479366,0.333333,0,0.156262,0.461674,0.0147512,-0.00893819,3.65235,5.85277e-05,0.01227,0.29639,9405.98,0.907029,0.399374,-1,0.2,738.393,7.50797e+06,1.21625,1.18082,0.996684,0.163123,-3.05177,2,-0.022375,-8.16175e-06,-0.00062345
612,42.8863,971.632,0.0476531,0.666667,0.125,0.1565,0.46871,0.0223313,-0.0104678,3.63876,5.85277e-05,0.00883131,0.296197,8655.43,0.986984,0.432703,-1,0.2,739.814,7.52026e+06,1.17656,0.919616,0.96737,0.130687,-2.97001,1.94326,-0.0224737,-1.81e-05,-0.000682987
613,53.8411,945.833,0.0489099,0.416667,0.0833333,0.156602,0.45346,0.0114503,-0.0116099,3.6269,5.85277e-05,0.00826865,0.295982,7417.41,1.19484,0.461805,-1,0.2,741.473,7.53254e+06,1.5048,1.04683,0.942512,0.191734,-2.86961,1.89167,-0.0151667,-1.57691e-05,-0.000687467
614,40.4006,953.6,0.0486459,0.166667,0.0416667,0.156765,0.456295,0.0117429,-0.0103555,3.61314,5.85277e-05,0.0106186,0.295756,9181.65,0.93753,0.400791,-1,0.2,742.813,7.54483e+06,1.03644,0.939153,0.94839,0.125917,-2.91118,1.9072,-0.0252,-2.32048e-05,-0.000666396
615,52.9875,968.25,0.0487964,0.125,0.0416667,0.155796,0.458478,0.0137903,-0.00977818,3.59971,5.85277e-05,0.0113593,0.295542,8347.33,1.07549,0.396599,-1,0.2,744.286,7.55712e+06,1.37695,1.16225,0.964334,0.193742,-2.95446,1.9365,-0.02925,-1.67897e-05,-0.000676974
616,34.8488,900.5,0.048507,0.375,0.208333,0.157041,0.459286,0.0167779,-0.00960011,3.58726,5.85277e-05,0.00820257,0.295351,9242.17,0.950358,0.3792,-1,0.2,745.617,7.56941e+06,0.978905,0.762726,0.895365,0.0766742,-2.74801,1.801,-0.0235,-1.95459e-05,-0.000700092
617,36.543,858,0.0489827,0.125,0.125,0.15356,0.45589,0.0114769,-0.00990213,3.57469,5.85277e-05,0.0131791,0.295111,9629.62,0.880599,0.395464,-1,0.2,746.895,7.5817e+06,0.945882,0.795457,0.852965,0.103024,-2.56441,1.716,-0.021,-3.01858e-05,-0.000737281
618,40.0876,1000,0.0500269,0.291667,0,0.152589,0.44481,0.0111539,-0.0114232,3.55854,5.85277e-05,0.00965569,0.294826,9555.1,0.92312,0.362895,-1,0.2,748.182,7.59398e+06,0.972719,0.99931,0.995935,0.106522,-3.04345,2,-0.026,-1.04649e-05,-0.000649957
619,42.3687,954.167,0.0497203,0.416667,0.0833333,0.152623,0.453858,0.0131434,-0.0103628,3.54146,5.85277e-05,0.00967837,0.29456,9361.87,0.918846,0.393713,-1,0.2,749.496,7.60627e+06,1.01371,1.06964,0.950495,0.108517,-2.90504,1.90833,-0.0265,-2.04132e-05,-0.000696236
620,47.9302,1000,0.0493964,0.75,0,0.152452,0.4543,0.0214341,-0.00768522,3.52678,5.85277e-05,0.00975656,0.294364,10111.9,0.892321,0.322885,-1,0.2,750.713,7.61856e+06,1.27597,1.02645,0.995511,0.139172,-3.02407,2,-0.0159444,-5.46183e-06,-0.000569323
621,43.4922,963.81,0.0502331,0.75,0.125,0.153116,0.450242,0.0138301,-0.0113321,3.51623,5.85277e-05,0.0114373,0.294194,9461.98,0.913188,0.385483,-1,0.2,752.013,7.63085e+06,0.997642,1.06532,0.96036,0.162102,-2.91783,1.92762,-0.0199524,-1.1378e-05,-0.000640719
622,49.2635,1000,0.0498418,0.916667,0,0.153786,0.439488,0.0109831,-0.0102461,3.50435,5.85277e-05,0.0121003,0.293973,8589.64,0.998861,0.431699,-1,0.2,753.445,7.64314e+06,1.2527,1.09621,0.996032,0.148506,-3.00758,2,-0.0220909,-7.36479e-06,-0.00059556
623,43.2282,994.167,0.050546,0.958333,0.0416667,0.154924,0.434533,0.0146211,-0.00918367,3.49066,5.85277e-05,0.0114869,0.293757,9996.49,0.910594,0.318637,-1,0.2,754.676,7.65542e+06,1.08456,0.982264,0.989948,0.114923,-2.97969,1.98833,-0.0183333,-8.79673e-06,-0.000589351
624,51.1441,979.333,0.0509987,1.16667,0.0833333,0.156026,0.430504,0.0135198,-0.0098144,3.47742,5.85277e-05,0.0092354,0.293536,9466.3,0.904398,0.39368,-1,0.2,755.975,7.66771e+06,1.2848,1.11837,0.975269,0.171335,-2.93135,1.95867,-0.0192667,-8.65841e-06,-0.00060797
625,47.0492,994.821,0.0513479,1.125,0.0416667,0.157283,0.422194,0.00950925,-0.0117517,3.46264,5.85277e-05,0.0113713,0.293274,8573.23,1.00306,0.430242,-1,0.2,757.41,7.68e+06,1.21493,1.0166,0.990329,0.133545,-2.97603,1.98964,-0.0159643,-7.88686e-06,-0.000585368
626,48.1967,982.04,0.0512674,1,0.0416667,0.159048,0.419104,0.0104483,-0.0110937,3.44659,5.85277e-05,0.0103734,0.293016,9700.45,0.946827,0.319918,-1,0.2,758.678,7.69229e+06,1.22699,1.0424,0.978047,0.135851,-2.91767,1.96408,-0.01924,-1.04758e-05,-0.000607015
627,48.6074,998.409,0.0518129,0.875,0.0416667,0.158477,0.410707,0.0099367,-0.0114394,3.4307,5.85277e-05,0.00802299,0.292758,8704.61,0.943702,0.467963,-1,0.2,760.091,7.70458e+06,1.33906,0.935218,0.994346,0.143865,-2.96095,1.99682,-0.0173636,-9.70506e-06,-0.000614235
628,45.2551,996,0.0518548,0.666667,0.0416667,0.159231,0.40696,0.0128738,-0.00933094,3.41588,5.85277e-05,0.0119191,0.29254,8593.37,1.04826,0.381683,-1,0.2,761.523,7.71686e+06,1.03089,1.08444,0.991703,0.141447,-2.95832,1.992,-0.0188235,-9.3191e-06,-0.000570169
629,47.0699,924.8,0.0519993,0.458333,0.166667,0.158115,0.410241,0.0108365,-0.0110061,3.40244,5.85277e-05,0.00825739,0.292306,9763.55,0.8956,0.362959,-1,0.2,762.783,7.72915e+06,1.06549,1.12088,0.920004,0.171093,-2.75587,1.8496,-0.0170667,-2.70933e-05,-0.000611973
630,53.101,1000,0.0522297,0.583333,0,0.159109,0.409973,0.00910368,-0.0118064,3.38605,5.85277e-05,0.0130649,0.292004,8959.46,0.961428,0.410083,-1,0.2,764.155,7.74144e+06,1.43812,1.03315,0.995484,0.168055,-2.96365,2,-0.0155,-7.97657e-06,-0.000592401
631,38.7157,1000,0.0517447,0.291667,0,0.158571,0.419704,0.0101366,-0.0113568,3.36713,5.85277e-05,0.011239,0.291702,9487.92,0.934004,0.361117,-1,0.2,765.452,7.75373e+06,1.048,0.814696,0.995258,0.0628437,-2.96031,2,-0.0241429,-7.55854e-06,-0.000552382
632,46.1216,926,0.0515302,0.458333,0.0416667,0.1588,0.421539,0.00905918,-0.0111306,3.34857,5.85277e-05,0.0181,0.291403,10373.2,0.889378,0.295212,-1,0.2,766.638,7.76602e+06,1.0207,1.12012,0.921714,0.167103,-2.75926,1.852,-0.0156667,-1.16179e-05,-0.000617548
633,40.0505,1000,0.0515018,0.333333,0,0.159317,0.425521,0.00850357,-0.00996507,3.32979,5.85277e-05,0.0132193,0.291094,9885.04,0.829778,0.413312,-1,0.2,767.882,7.7783e+06,0.915383,0.957195,0.995545,0.1098,-2.9553,2,-0.0195,-6.96387e-06,-0.000594559
634,39.8674,1000,0.0513231,0.333333,0,0.160164,0.425521,0.0151409,-0.0108871,3.31191,5.85277e-05,0.00969986,0.290835,9462.57,0.94174,0.35685,-1,0.2,769.183,7.79059e+06,0.950606,0.899166,0.995535,0.0904334,-2.91689,2,-0.024875,-1.06488e-05,-0.000593266
635,30.9054,820.091,0.0521078,0.25,0.208333,0.158745,0.422763,0.0110958,-0.0119571,3.29663,5.85277e-05,0.0116041,0.290595,10120.6,0.845305,0.368856,-1,0.2,770.398,7.80288e+06,0.752613,0.689438,0.816335,0.0963987,-2.41766,1.64018,-0.0311818,-5.95783e-05,-0.000794376
636,47.5978,931.769,0.0513088,0.416667,0.125,0.159447,0.432806,0.00890806,-0.00997099,3.28144,5.85277e-05,0.00758852,0.290339,12645.4,0.693355,0.278379,-1,0.2,771.371,7.81517e+06,1.20498,0.975845,0.927401,0.168916,-2.74425,1.86354,-0.0158462,-2.24325e-05,-0.000673204
637,44.0058,902.167,0.0519843,0.208333,0.0416667,0.157824,0.422028,0.0090075,-0.011167,3.26509,5.85277e-05,0.0106834,0.29007,13415.1,0.628688,0.287294,-1,0.2,772.289,7.82746e+06,1.14538,0.858109,0.898095,0.150641,-2.63249,1.80433,-0.0231667,-2.73386e-05,-0.000587454
638,47.1035,1000,0.0516708,0.333333,0,0.156388,0.429961,0.00853842,-0.0113966,3.24799,5.85277e-05,0.0140655,0.289784,12760.6,0.686839,0.276122,-1,0.2,773.253,7.83974e+06,1.00612,1.14827,0.996553,0.173188,-2.94623,2,-0.022125,-1.01403e-05,-0.000590936
639,34.2429,866.714,0.0518876,0.25,0.0416667,0.15644,0.431321,0.0104143,-0.0125329,3.23017,5.85277e-05,0.0196598,0.289511,13600.7,0.626858,0.276623,-1,0.2,774.158,7.85203e+06,1.03294,0.611992,0.861468,0.0390663,-2.54565,1.73343,-0.0204286,-2.33647e-05,-0.000647016
640,50.9608,904.667,0.0524639,0.208333,0.0416667,0.155715,0.427932,0.00992776,-0.0104793,3.21408,5.85277e-05,0.0111962,0.289253,13566.5,0.622206,0.283552,-1,0.2,775.065,7.86432e+06,1.2665,1.0385,0.90106,0.199064,-2.64989,1.80933,-0.0158333,-2.37071e-05,-0.000667625
641,53.6134,1000,0.0523748,0.708333,0,0.15514,0.43109,0.00924841,-0.0114545,3.19699,5.85277e-05,0.0158991,0.28896,13393.2,0.644293,0.273189,-1,0.2,775.983,7.87661e+06,1.27276,1.16388,0.995926,0.182066,-2.9186,2,-0.0147647,-6.82838e-06,-0.00059003
642,58.2103,1000,0.0522288,0.333333,0,0.156299,0.433881,0.0088879,-0.0100633,3.17878,5.85277e-05,0.00817035,0.28868,13034.9,0.665629,0.27707,-1,0.2,776.927,7.8889e+06,1.40636,1.21745,0.99635,0.220931,-2.91996,2,-0.01,-6.60942e-06,-0.000603527
643,41.4637,924.333,0.051667,0.291667,0.0833333,0.155248,0.435856,0.00988019,-0.00994238,3.16175,5.85277e-05,0.0159999,0.288415,13560,0.631867,0.274325,-1,0.2,777.835,7.90118e+06,0.9898,0.868771,0.919723,0.147484,-2.68318,1.84867,-0.0173333,-1.78119e-05,-0.000724773
644,53.5615,1000,0.0530795,0.583333,0,0.154799,0.429541,0.00848742,-0.0106262,3.14569,5.85277e-05,0.0163706,0.288155,13343.6,0.643947,0.276941,-1,0.2,778.757,7.91347e+06,1.35735,1.08609,0.996044,0.176986,-2.92589,2,-0.0119286,-4.46865e-06,-0.000572605
645,41.0626,919,0.0525485,0.25,0.0416667,0.156603,0.434342,0.0115027,-0.0104455,3.12932,5.85277e-05,0.0124825,0.287894,13449.1,0.641423,0.272245,-1,0.2,779.672,7.92576e+06,0.825933,1.06019,0.913455,0.106962,-2.67303,1.838,-0.0177143,-1.81439e-05,-0.000645261
646,49.3854,971.889,0.0527214,0.333333,0.0416667,0.155106,0.43468,0.00901769,-0.0117182,3.11211,5.85277e-05,0.0136353,0.287604,13348.8,0.64477,0.275759,-1,0.2,780.593,7.93805e+06,1.20646,1.04243,0.96752,0.142623,-2.81638,1.94378,-0.0165556,-1.11769e-05,-0.0005937
647,55.8997,1000,0.0529581,0.541667,0,0.15535,0.424491,0.00835651,-0.011352,3.09367,5.85277e-05,0.0158551,0.287309,13434.4,0.631717,0.282949,-1,0.2,781.509,7.95034e+06,1.29865,1.23101,0.995685,0.174484,-2.88876,2,-0.0155385,-5.92719e-06,-0.000539511
648,59.0774,946.25,0.053164,0.291667,0.0416667,0.156174,0.432211,0.0109705,-0.0103931,3.07691,5.85277e-05,0.00936685,0.287075,13436.2,0.631286,0.283258,-1,0.2,782.425,7.96262e+06,1.52573,1.12391,0.9434,0.236359,-2.74596,1.8925,-0.021375,-1.49049e-05,-0.000687235
649,55.2517,869.143,0.0525851,0.416667,0.166667,0.158399,0.437142,0.0145693,-0.00914181,3.06318,5.85277e-05,0.010764,0.286868,13150.8,0.66008,0.274312,-1,0.2,783.361,7.97491e+06,1.26808,1.1693,0.865654,0.232928,-2.49529,1.73829,-0.0156429,-2.17095e-05,-0.000708308
650,41.9297,936,0.0529287,0.458333,0.0833333,0.157688,0.430289,0.010717,-0.011562,3.04959,5.85277e-05,0.0102387,0.286636,13521.3,0.637132,0.271659,-1,0.2,784.271,7.9872e+06,0.965544,0.918963,0.931128,0.108399,-2.68281,1.872,-0.0160769,-1.42019e-05,-0.000646722
651,44.5008,826.75,0.0528171,0.25,0.0833333,0.158171,0.432543,0.0140653,-0.0102796,3.03532,5.85277e-05,0.0106936,0.286423,14572.7,0.598406,0.244813,-1,0.2,787.803,7.99949e+06,1.04639,0.936453,0.823163,0.169963,-2.38887,1.6535,-0.014875,-2.41185e-05,-0.000654473
652,42.4481,897.2,0.0534469,0.125,0.0833333,0.157726,0.434686,0.00989984,-0.0115015,3.02193,5.85277e-05,0.0112487,0.286201,14474.4,0.605908,0.243037,-1,0.2,788.653,8.01178e+06,1.16092,0.853726,0.892729,0.0607847,-2.60858,1.7944,-0.0308,-5.64855e-05,-0.000710791
653,52.6438,945.667,0.0524968,0.666667,0.0833333,0.15911,0.436512,0.00924522,-0.00960878,3.0074,5.85277e-05,0.00964769,0.28596,14202.1,0.617727,0.247497,-1,0.2,789.52,8.02406e+06,1.29345,1.03028,0.942028,0.184489,-2.68413,1.89133,-0.0246111,-1.44749e-05,-0.000635709
654,48.7519,968.933,0.0532573,0.583333,0.0416667,0.158377,0.432508,0.00881751,-0.0114129,2.99133,5.85277e-05,0.01275,0.285691,14178.7,0.614475,0.252179,-1,0.2,790.387,8.03635e+06,1.12618,1.05683,0.964276,0.134578,-2.76436,1.93787,-0.0172,-8.61233e-06,-0.000563911
655,59.8401,1000,0.0529324,0.375,0,0.159429,0.427655,0.0143419,-0.00942399,2.97528,5.85277e-05,0.0113765,0.285456,13584.5,0.644349,0.260214,-1,0.2,791.293,8.04864e+06,1.39718,1.21843,0.995819,0.228599,-2.83643,2,-0.011,-5.99109e-06,-0.000579714
656,43.5286,943.6,0.0523305,0.125,0.0833333,0.160952,0.444088,0.00995316,-0.0105811,2.96029,5.85277e-05,0.0161406,0.285211,14262,0.618234,0.243354,-1,0.2,792.156,8.06093e+06,1.14404,0.819123,0.936162,0.0754136,-2.66537,1.8872,-0.0194,-2.18112e-05,-0.000725752
657,55.2585,906.375,0.0527036,0.25,0.0833333,0.160251,0.438948,0.0123234,-0.00976363,2.94461,5.85277e-05,0.00781172,0.284966,14230.1,0.608576,0.254946,-1,0.2,793.021,8.07322e+06,1.3988,1.0423,0.902315,0.206564,-2.58042,1.81275,-0.018625,-2.82455e-05,-0.000738997
658,57.1839,935.077,0.0530361,0.5,0.0416667,0.160281,0.436932,0.00829569,-0.0102334,2.929,5.85277e-05,0.0110139,0.28471,14408.2,0.612172,0.240677,-1,0.2,793.875,8.0855e+06,1.35811,1.15068,0.931794,0.206507,-2.6374,1.87015,-0.02,-1.38147e-05,-0.000623353
659,41.4739,966.8,0.0524211,0.166667,0.0416667,0.162299,0.443335,0.00874012,-0.0110687,2.91221,5.85277e-05,0.00961804,0.28444,14121.9,0.628153,0.241984,-1,0.2,794.746,8.09779e+06,1.00546,0.83227,0.963087,0.0821492,-2.70077,1.9336,-0.0414,-2.46656e-05,-0.000673774
660,49.6688,1000,0.0528829,0.333333,0,0.16098,0.441397,0.0078961,-0.010957,2.89518,5.85277e-05,0.00822852,0.284172,14477.9,0.603191,0.245553,-1,0.2,795.596,8.11008e+06,1.15258,1.00982,0.996352,0.14421,-2.79769,2,-0.02125,-7.20349e-06,-0.000584233
661,43.9137,1000,0.0525037,0.416667,0,0.161674,0.445446,0.00745463,-0.010164,2.87877,5.85277e-05,0.0100386,0.283922,14213,0.608877,0.255684,-1,0.2,796.462,8.12237e+06,1.01398,0.941937,0.995349,0.07734,-2.80436,2,-0.028,-8.79028e-06,-0.000557541
662,52.5422,1000,0.0529808,0.791667,0,0.161312,0.43852,0.00939844,-0.0109843,2.86301,5.85277e-05,0.0126107,0.283674,9124.28,0.939753,0.406983,-1,0.2,797.81,8.13466e+06,1.25446,1.05279,0.99534,0.177555,-2.83412,2,-0.0183158,-5.72991e-06,-0.00059065
663,44.7083,959.217,0.0530514,0.875,0.0833333,0.161516,0.433091,0.0114484,-0.00981857,2.84776,5.85277e-05,0.0105466,0.283446,9618.08,0.912348,0.365246,-1,0.2,799.09,8.14694e+06,1.00554,0.979127,0.954763,0.0880212,-2.68648,1.91843,-0.0233913,-1.13334e-05,-0.000590865
664,51.0729,993,0.0542415,0.875,0.0416667,0.160033,0.430209,0.0141651,-0.0105006,2.83351,5.85277e-05,0.0152895,0.283222,9741.7,0.905101,0.35628,-1,0.2,800.352,8.15923e+06,1.11764,1.15881,0.987204,0.109881,-2.79315,1.986,-0.0121818,-6.43384e-06,-0.000549571
665,49.2364,936.607,0.0540068,1,0.166667,0.159241,0.431914,0.0188806,-0.00986741,2.82006,5.85277e-05,0.0157059,0.283033,9616.62,0.927109,0.350679,-1,0.2,801.632,8.17152e+06,0.994741,1.14606,0.932028,0.15894,-2.62792,1.87321,-0.0146071,-1.38161e-05,-0.000621885
666,47.2519,946.742,0.0548821,1.16667,0.125,0.156452,0.425133,0.0120788,-0.0109551,2.80809,5.85277e-05,0.0146703,0.282829,9178.61,0.920467,0.418298,-1,0.2,802.972,8.18381e+06,0.997425,1.07268,0.941808,0.117368,-2.64273,1.89348,-0.0168387,-1.03748e-05,-0.000585131
667,46.395,976.96,0.0552913,0.958333,0.0833333,0.156275,0.421166,0.011207,-0.0107262,2.7936,5.85277e-05,0.00932025,0.282577,9761.06,0.922545,0.336335,-1,0.2,804.232,8.1961e+06,0.99286,1.02939,0.971641,0.117466,-2.72607,1.95392,-0.01884,-8.78153e-06,-0.000599724
668,53.2855,969.067,0.0551733,1.20833,0.0416667,0.158218,0.423996,0.0129934,-0.0111449,2.77748,5.85277e-05,0.0103891,0.282331,10169.6,0.838007,0.370295,-1,0.2,805.442,8.20838e+06,1.24355,1.06542,0.964831,0.168403,-2.70111,1.93813,-0.0143667,-8.99966e-06,-0.000574871
669,52.9263,937.933,0.055511,0.583333,0.0416667,0.157282,0.425998,0.0169088,-0.00895057,2.76244,5.85277e-05,0.0162186,0.282111,10067.6,0.834588,0.385955,-1,0.2,806.664,8.22067e+06,1.08006,1.18456,0.933412,0.202655,-2.61734,1.87587,-0.0122667,-1.40675e-05,-0.000616922
670,52.6181,934.214,0.0554905,0.541667,0.0416667,0.156694,0.425969,0.0108795,-0.0113496,2.74804,5.85277e-05,0.00722208,0.281867,10679.9,0.837236,0.313337,-1,0.2,807.816,8.23296e+06,1.32144,1.01332,0.930437,0.136545,-2.61751,1.86843,-0.0211429,-1.33651e-05,-0.000603005
671,51.5842,962.357,0.0547256,0.541667,0.0416667,0.158051,0.428738,0.0092372,-0.0104947,2.73166,5.85277e-05,0.00983551,0.281597,12555.6,0.695266,0.28342,-1,0.2,808.796,8.24525e+06,1.05983,1.14796,0.958648,0.177918,-2.66187,1.92471,-0.0273571,-1.18924e-05,-0.00062709
672,54.09,1000,0.055058,0.5,0,0.157363,0.428614,0.00937509,-0.00993944,2.71345,5.85277e-05,0.010938,0.281299,8773.23,0.885503,0.515122,-1,0.2,810.197,8.25754e+06,1.2739,1.10088,0.996413,0.133462,-2.77644,2,-0.0230833,-9.01469e-06,-0.000614436
673,49.7412,937,0.0548266,0.333333,0.0416667,0.158798,0.436741,0.0119836,-0.0101826,2.69561,5.85277e-05,0.0128899,0.281052,8408.2,1.00248,0.458946,-1,0.2,811.66,8.26982e+06,0.921977,1.21195,0.933723,0.171707,-2.60158,1.874,-0.0241111,-1.14567e-05,-0.000593382
674,34.5333,860.889,0.0551379,0.291667,0.0833333,0.156853,0.436168,0.0117334,-0.010452,2.68052,5.85277e-05,0.0143738,0.280818,8512.66,1.01745,0.426044,-1,0.2,813.105,8.28211e+06,0.90712,0.588258,0.855259,0.0345504,-2.35728,1.72178,-0.0223333,-2.33876e-05,-0.000663927
675,49.3198,924.167,0.0549196,0.416667,0.0833333,0.157828,0.436353,0.0108373,-0.00964673,2.66569,5.85277e-05,0.014009,0.280596,7747.24,1.16159,0.424523,-1,0.2,814.693,8.2944e+06,1.16651,0.97124,0.920317,0.135086,-2.55582,1.84833,-0.019,-1.58524e-05,-0.000663779
676,45.6507,981.182,0.0548315,0.416667,0.0416667,0.158937,0.439587,0.00889087,-0.00961315,2.65181,5.85277e-05,0.0132765,0.280377,8784.15,0.959628,0.439255,-1,0.2,816.093,8.30669e+06,1.04767,0.872772,0.975704,0.1426,-2.70339,1.96236,-0.0145455,-9.68137e-06,-0.000626668
677,50.6814,1000,0.0549231,0.208333,0,0.157188,0.441461,0.00820993,-0.0105505,2.63638,5.85277e-05,0.0111564,0.280117,9808.84,0.917613,0.335135,-1,0.2,817.348,8.31898e+06,0.839066,1.33288,0.996014,0.148634,-2.77135,2,-0.0106,-5.58822e-06,-0.000566487
678,51.81,934.077,0.0551661,0.458333,0.0833333,0.156802,0.445679,0.00805947,-0.0105782,2.61968,5.85277e-05,0.00776718,0.279863,9138.99,0.907956,0.436612,-1,0.2,818.693,8.33126e+06,1.16128,1.01513,0.929907,0.186949,-2.54858,1.86815,-0.0216923,-1.91762e-05,-0.00063065
679,63.8406,990.571,0.0549645,0.25,0.0416667,0.157068,0.446827,0.0108261,-0.00962069,2.60375,5.85277e-05,0.0114605,0.279625,8967.9,0.953922,0.416298,-1,0.2,820.065,8.34355e+06,1.58371,1.22189,0.986732,0.142465,-2.7025,1.98114,-0.0207143,-1.46414e-05,-0.000677507
680,56.4751,878.143,0.0545313,0.25,0.0416667,0.158324,0.449502,0.00824222,-0.0113508,2.58801,5.85277e-05,0.0166042,0.279364,9392.22,0.959773,0.348544,-1,0.2,821.375,8.35584e+06,1.26428,1.13281,0.874944,0.208969,-2.39574,1.75629,-0.0171429,-1.55489e-05,-0.000641084
681,55.0067,1000,0.0549487,0.333333,0,0.157551,0.445336,0.00832992,-0.01124,2.57087,5.85277e-05,0.0101161,0.279095,11044.6,0.793982,0.318593,-1,0.2,822.489,8.36813e+06,1.54104,0.893658,0.996216,0.0570437,-2.70278,2,-0.03425,-1.32764e-05,-0.000582953
682,58.3505,1000,0.054414,0.5,0,0.159108,0.453856,0.0113068,-0.0103353,2.55475,5.85277e-05,0.0104113,0.278874,8943.06,0.90913,0.464897,-1,0.2,823.864,8.38042e+06,1.36193,1.13485,0.996453,0.171893,-2.72895,2,-0.0180833,-6.82888e-06,-0.000563412
683,52.1573,857.571,0.0541109,0.458333,0.125,0.159523,0.457664,0.0206611,-0.00753368,2.54203,5.85277e-05,0.0117372,0.278702,8902.97,0.958544,0.42167,-1,0.2,825.246,8.3927e+06,1.12131,1.08402,0.853814,0.176276,-2.32943,1.71514,-0.0125714,-1.82591e-05,-0.000676523
684,42.286,843.385,0.0546919,0.333333,0.208333,0.159006,0.456359,0.0123897,-0.00899167,2.53122,5.85277e-05,0.0163029,0.278526,10159,0.905277,0.304291,-1,0.2,826.457,8.40499e+06,0.938529,0.888872,0.837034,0.064007,-2.28165,1.68677,-0.0186154,-1.86982e-05,-0.000631398
685,60.6021,930.667,0.0548593,0.333333,0.0416667,0.158695,0.45533,0.0113728,-0.00968197,2.51915,5.85277e-05,0.0116839,0.278341,11767.8,0.757922,0.286281,-1,0.2,827.503,8.41728e+06,1.46253,1.0765,0.926553,0.22184,-2.50508,1.86133,-0.0128889,-1.77628e-05,-0.000658668
686,44.1554,944.615,0.0547586,0.458333,0.0833333,0.158845,0.447871,0.0109437,-0.00963613,2.50714,5.85277e-05,0.0107055,0.278144,9390.77,0.902161,0.406358,-1,0.2,828.812,8.42957e+06,0.894574,0.957789,0.937734,0.104275,-2.56138,1.88923,-0.0138462,-1.30361e-05,-0.00059738
687,55.9891,967.769,0.0547072,0.5,0.0416667,0.15837,0.447251,0.00923789,-0.0100702,2.4933,5.85277e-05,0.0087466,0.277909,8926.37,0.970573,0.406022,-1,0.2,830.19,8.44186e+06,1.43064,1.00044,0.964196,0.107708,-2.61846,1.93554,-0.02,-1.2429e-05,-0.00059602
688,50.8664,1000,0.0547547,0.25,0,0.158146,0.463277,0.00845435,-0.00979234,2.47691,5.85277e-05,0.0123106,0.277635,9585.85,0.960555,0.321334,-1,0.2,831.474,8.45414e+06,1.18476,0.970466,0.993813,0.0986186,-2.68331,2,-0.0205,-4.75452e-06,-0.000529415
689,45.8476,1000,0.0552128,0.208333,0,0.158757,0.454978,0.0136481,-0.00892875,2.46019,5.85277e-05,0.00841582,0.277421,10752.9,0.775665,0.367097,-1,0.2,832.618,8.46643e+06,0.815897,1.10572,0.993531,0.104322,-2.71215,2,-0.0144,-3.6432e-06,-0.000529176
690,44.2522,907.941,0.0547108,0.541667,0.166667,0.158694,0.466018,0.0127493,-0.00979192,2.44794,5.85277e-05,0.0149886,0.27724,8568.42,1.00468,0.42942,-1,0.2,834.054,8.47872e+06,1.16498,0.722397,0.903485,0.0714353,-2.44096,1.81588,-0.0238235,-2.78046e-05,-0.000749215
691,49.1686,992.357,0.0556128,0.458333,0.125,0.158446,0.455073,0.00994766,-0.00982138,2.43528,5.85277e-05,0.0127886,0.27702,8277.85,1.0422,0.442245,-1,0.2,835.54,8.49101e+06,1.05706,0.977306,0.987192,0.127243,-2.65219,1.98471,-0.0222143,-2.59197e-05,-0.000654806
692,56.7882,1000,0.0560007,0.291667,0,0.157491,0.451173,0.0107419,-0.0097617,2.42027,5.85277e-05,0.0121849,0.276791,8998.14,1.01085,0.354764,-1,0.2,836.907,8.5033e+06,1.20114,1.17073,0.992835,0.151405,-2.66844,2,-0.00771429,-4.06361e-06,-0.000546345
693,45.419,870.4,0.055762,0.291667,0.125,0.156779,0.447816,0.00880414,-0.0107704,2.40532,5.85277e-05,0.0124574,0.27655,9100.63,0.954162,0.396074,-1,0.2,838.259,8.51558e+06,0.881613,0.996564,0.865924,0.119896,-2.31993,1.7408,-0.0132,-3.44005e-05,-0.000678085
694,65.3642,1000,0.0559182,0.291667,0,0.155671,0.458849,0.0102626,-0.00941949,2.38975,5.85277e-05,0.00921667,0.276323,8725.94,0.978094,0.430121,-1,0.2,839.668,8.52787e+06,1.49326,1.28013,0.99423,0.176088,-2.66296,2,-0.012,-6.16588e-06,-0.000541334
695,54.6624,981.556,0.0563001,0.666667,0.0833333,0.156397,0.448194,0.0100545,-0.0106195,2.37542,5.85277e-05,0.0129498,0.276108,9191.81,1.01227,0.324569,-1,0.2,841.007,8.54016e+06,1.25329,1.0349,0.976539,0.151018,-2.62488,1.96311,-0.0202222,-1.38738e-05,-0.000622993
696,49.779,953.071,0.0563828,0.5,0.0833333,0.157904,0.449798,0.0124003,-0.00990235,2.36114,5.85277e-05,0.0132623,0.275882,10226.6,0.806582,0.394995,-1,0.2,842.21,8.55245e+06,0.981858,1.06048,0.95014,0.12566,-2.51047,1.90614,-0.0241429,-1.54354e-05,-0.000704832
697,53.1012,955.375,0.056582,0.291667,0.0416667,0.155523,0.447868,0.0119047,-0.0109021,2.34687,5.85277e-05,0.0163825,0.27568,8542.79,0.967827,0.470579,-1,0.2,843.649,8.56474e+06,1.17009,1.05511,0.952699,0.105501,-2.51042,1.91075,-0.028,-1.8622e-05,-0.000652421
698,53.9016,922,0.0566764,0.166667,0.0833333,0.156598,0.445613,0.0153098,-0.0110994,2.33443,5.85277e-05,0.0108432,0.275493,8269.56,1.0188,0.467134,-1,0.2,845.137,8.57702e+06,1.34633,0.91205,0.915622,0.109622,-2.42037,1.844,-0.0115,-1.23763e-05,-0.000659564
699,45.8619,895.308,0.0563904,0.375,0.166667,0.156569,0.453044,0.0102593,-0.0104336,2.32151,5.85277e-05,0.0100356,0.27528,7530.96,1.18387,0.447793,-1,0.2,846.771,8.58931e+06,1.0538,0.851329,0.890906,0.0969328,-2.36018,1.79062,-0.0295385,-3.44211e-05,-0.00072406
700,49.6997,1000,0.057009,0.375,0,0.155243,0.443697,0.0113786,-0.0109902,2.30681,5.85277e-05,0.00722377,0.275052,8636.66,1.03415,0.388626,-1,0.2,848.195,8.6016e+06,1.09156,0.925069,0.995397,0.135993,-2.64342,2,-0.019,-9.97946e-06,-0.000606292
701,48.7028,922.7,0.0570315,0.333333,0.0833333,0.15426,0.452771,0.0122426,-0.0112259,2.29223,5.85277e-05,0.0146487,0.274833,8226.26,1.06108,0.432677,-1,0.2,852.713,8.61389e+06,1.08277,0.913996,0.918913,0.124828,-2.42759,1.8454,-0.0225,-2.15284e-05,-0.000658302
702,45.3776,899.75,0.0575804,0.25,0.0833333,0.154045,0.442505,0.0129947,-0.0104706,2.27776,5.85277e-05,0.0181163,0.27461,11307.4,0.758788,0.327933,-1,0.2,853.801,8.62618e+06,0.985761,0.911959,0.895305,0.0641991,-2.37011,1.7995,-0.017,-1.61941e-05,-0.000721231
703,39.9225,906,0.0573976,0.5,0.125,0.153753,0.447956,0.0111214,-0.010729,2.26369,5.85277e-05,0.0149811,0.274407,8837.32,0.988255,0.402212,-1,0.2,855.194,8.63846e+06,0.955394,0.666424,0.898939,0.0697936,-2.38187,1.812,-0.0238,-3.1052e-05,-0.000724013
704,54.4922,921.105,0.0578089,0.708333,0.0833333,0.152224,0.451035,0.0136977,-0.00924585,2.25046,5.85277e-05,0.0118933,0.2742,9281.37,0.962235,0.361708,-1,0.2,856.519,8.65075e+06,1.30799,0.968029,0.91538,0.127829,-2.42042,1.84221,-0.0157895,-1.04021e-05,-0.000606972
705,58.0469,1000,0.058339,0.625,0,0.152456,0.439704,0.00882073,-0.0111556,2.23535,5.85277e-05,0.00912127,0.273941,10630.2,0.749869,0.406081,-1,0.2,857.676,8.66304e+06,1.14987,1.18332,0.996059,0.189186,-2.60046,2,-0.0150667,-5.80167e-06,-0.0005593
706,53.7461,995.037,0.0586865,1.04167,0.0833333,0.152174,0.440087,0.00862992,-0.0125464,2.2181,5.85277e-05,0.0142474,0.273681,9057.47,0.980056,0.376614,-1,0.2,859.034,8.67533e+06,1.15251,1.05465,0.990525,0.137769,-2.61681,1.99007,-0.0207778,-1.62811e-05,-0.000620201
707,65.1931,1000,0.0595949,1.125,0,0.150374,0.429455,0.0146457,-0.0104177,2.20088,5.85277e-05,0.00827987,0.273422,9252.97,0.944601,0.383405,-1,0.2,860.364,8.68762e+06,1.3437,1.31402,0.995793,0.211832,-2.59271,2,-0.0124444,-4.74264e-06,-0.00052235
708,53.9933,963.6,0.0601531,1,0.0416667,0.150676,0.4232,0.0105569,-0.0114718,2.18459,5.85277e-05,0.0150255,0.273184,8076.74,1.12391,0.397496,-1,0.2,861.887,8.6999e+06,1.03625,1.11718,0.960522,0.191138,-2.51434,1.9272,-0.01768,-1.09068e-05,-0.000596826
709,48.6577,994.684,0.0602265,0.75,0.0416667,0.150168,0.423189,0.0117407,-0.0105098,2.16924,5.85277e-05,0.0109581,0.272953,8367.47,1.02632,0.442219,-1,0.2,863.356,8.71219e+06,0.906738,1.03492,0.989857,0.126756,-2.59395,1.98937,-0.0201579,-9.56702e-06,-0.000629792
710,55.6085,980.935,0.0606122,1.20833,0.0833333,0.149572,0.421102,0.0194477,-0.0115203,2.15478,5.85277e-05,0.0112736,0.272759,9746.53,0.933169,0.327587,-1,0.2,864.619,8.72448e+06,1.17853,1.10842,0.975747,0.11486,-2.53925,1.96187,-0.0191613,-1.0893e-05,-0.000582981
711,45.0287,848,0.0611748,0.416667,0.0833333,0.149774,0.416068,0.0174715,-0.0100762,2.14305,5.85277e-05,0.0140125,0.272595,11587.6,0.748254,0.312191,-1,0.2,865.681,8.73677e+06,1.08213,0.785052,0.843831,0.077036,-2.21161,1.696,-0.0203333,-1.98094e-05,-0.000653715
712,47.048,926.625,0.0612581,0.5,0.166667,0.149927,0.41178,0.0115187,-0.0109502,2.13079,5.85277e-05,0.0123805,0.272368,11723.6,0.744432,0.303711,-1,0.2,866.73,8.74906e+06,1.13043,0.797814,0.923212,0.0778391,-2.39734,1.85325,-0.0319375,-4.02398e-05,-0.000832184
713,53.9337,968.75,0.0615687,0.625,0.0416667,0.148022,0.401399,0.0113721,-0.0102922,2.11443,5.85277e-05,0.00545583,0.272109,11915.6,0.733097,0.29816,-1,0.2,867.763,8.76134e+06,1.18436,0.988919,0.963986,0.136123,-2.4946,1.9375,-0.0189375,-1.59665e-05,-0.00064784
714,49.465,865.4,0.0620587,0.333333,0.0833333,0.148153,0.396884,0.010744,-0.0102376,2.0973,5.85277e-05,0.00934906,0.271855,11827.2,0.736147,0.302815,-1,0.2,868.803,8.77363e+06,0.948113,1.05902,0.861046,0.124308,-2.22479,1.7308,-0.0246,-2.1351e-05,-0.000632714
715,60.3027,994.923,0.0617041,0.5,0.0416667,0.147066,0.410818,0.0105552,-0.0121971,2.0806,5.85277e-05,0.0120562,0.271604,12216.8,0.711203,0.294626,-1,0.2,869.81,8.78592e+06,1.20139,1.20994,0.989877,0.192362,-2.55262,1.98985,-0.0150769,-1.54478e-05,-0.000568485
716,46.5602,995.667,0.0614507,0.208333,0.0416667,0.147263,0.406108,0.0109297,-0.0116324,2.06409,5.85277e-05,0.0150269,0.271356,11800.9,0.742858,0.298418,-1,0.2,870.852,8.79821e+06,0.988355,0.891489,0.988881,0.0620425,-2.56329,1.99133,-0.03,-2.80392e-05,-0.000773411
717,42.0319,915.429,0.0618311,0.416667,0.166667,0.146001,0.409896,0.00970299,-0.0110463,2.04726,5.85277e-05,0.0151876,0.271093,11943.5,0.717683,0.311164,-1,0.2,871.882,8.8105e+06,0.646594,1.02741,0.908595,0.077082,-2.36458,1.83086,-0.0236429,-2.17855e-05,-0.000699817
718,64.6581,1000,0.0622737,0.291667,0,0.14372,0.412358,0.00852932,-0.0101211,2.02917,5.85277e-05,0.0100373,0.270812,11547.3,0.758261,0.305886,-1,0.2,872.948,8.82278e+06,1.5126,1.11451,0.997295,0.171218,-2.54722,2,-0.0148571,-5.69622e-06,-0.0006294
719,47.0322,916.889,0.0620624,0.333333,0.0416667,0.143811,0.412897,0.011497,-0.010178,2.01116,5.85277e-05,0.0193771,0.270561,11908.8,0.726148,0.305698,-1,0.2,873.981,8.83507e+06,1.17653,0.709299,0.910341,0.0804839,-2.34084,1.83378,-0.0173333,-1.42794e-05,-0.000634647
720,55.6127,938.1,0.0619985,0.375,0.0416667,0.143657,0.418245,0.0100807,-0.0099053,1.99534,5.85277e-05,0.0133188,0.270333,12416.8,0.683993,0.305637,-1,0.2,874.972,8.84736e+06,1.24023,0.995019,0.934222,0.14022,-2.37776,1.8762,-0.0269,-1.50242e-05,-0.000575278
721,48.5035,921,0.0621981,0.208333,0.0416667,0.142839,0.409889,0.00961755,-0.0110627,1.97962,5.85277e-05,0.00900688,0.270089,12138.9,0.696741,0.315542,-1,0.2,875.985,8.85965e+06,1.00919,0.912369,0.917226,0.108321,-2.33389,1.842,-0.0293333,-1.92906e-05,-0.000690763
722,64.1224,905.75,0.0622924,0.125,0.0416667,0.143846,0.412707,0.00924077,-0.0101265,1.96351,5.85277e-05,0.0151905,0.269853,13023.4,0.662883,0.280652,-1,0.2,876.93,8.87194e+06,1.52001,1.19017,0.900211,0.0939316,-2.28909,1.8115,-0.02,-2.34001e-05,-0.000598121
723,44.0285,875.273,0.0626302,0.333333,0.125,0.143106,0.413547,0.0100554,-0.0099693,1.94841,5.85277e-05,0.00814487,0.269634,13173,0.653307,0.279511,-1,0.2,877.864,8.88422e+06,0.813534,0.901512,0.86955,0.108002,-2.22467,1.75055,-0.0163636,-2.8392e-05,-0.000653413
724,56.0071,949,0.0627224,0.5,0.0833333,0.143536,0.410328,0.00883151,-0.0098577,1.93354,5.85277e-05,0.0133298,0.269405,12275.9,0.661931,0.339054,-1,0.2,878.866,8.89651e+06,1.19804,1.03794,0.944361,0.161297,-2.41984,1.898,-0.0187857,-1.89029e-05,-0.000627214
725,59.5796,1000,0.0626971,0.708333,0,0.14433,0.411664,0.0103887,-0.00813923,1.91839,5.85277e-05,0.0098527,0.269189,12181.9,0.711451,0.29726,-1,0.2,879.876,8.9088e+06,1.29947,1.07894,0.995871,0.169041,-2.54819,2,-0.0155882,-7.42705e-06,-0.000555177
726,60.7236,952.167,0.0618014,0.375,0.125,0.146702,0.420502,0.0118616,-0.0093642,1.90452,5.85277e-05,0.0130699,0.268985,11651.5,0.748178,0.306453,-1,0.2,880.932,8.92109e+06,1.33493,1.05438,0.948593,0.21204,-2.4049,1.90433,-0.0125,-2.10525e-05,-0.000674907
727,50.5571,941.5,0.0620726,0.5,0.0833333,0.147689,0.417989,0.0106589,-0.010283,1.89029,5.85277e-05,0.0111817,0.268762,12258,0.721662,0.280786,-1,0.2,881.936,8.93338e+06,1.04957,0.946185,0.937176,0.118951,-2.38539,1.883,-0.0209286,-2.0576e-05,-0.00068152
728,66.0552,952.125,0.0618201,0.291667,0.0416667,0.147914,0.420891,0.0106327,-0.0100574,1.87508,5.85277e-05,0.0144849,0.268534,12534.1,0.688804,0.291559,-1,0.2,882.918,8.94566e+06,1.3816,1.23996,0.949082,0.252501,-2.40907,1.90425,-0.015,-1.29179e-05,-0.000549128
729,57.0284,907.545,0.0622911,0.375,0.0833333,0.148165,0.414299,0.00990712,-0.0106255,1.86006,5.85277e-05,0.0115705,0.26831,12623.6,0.690645,0.282771,-1,0.2,883.892,8.95795e+06,1.22149,1.06056,0.904215,0.153978,-2.28478,1.81509,-0.0184545,-3.2157e-05,-0.000646525
730,48.0829,965,0.0620943,0.291667,0.0416667,0.14783,0.422178,0.00745288,-0.0103369,1.84461,5.85277e-05,0.011278,0.268079,12528.1,0.694189,0.286643,-1,0.2,884.874,8.97024e+06,1.00514,0.869813,0.962115,0.0900969,-2.41713,1.93,-0.035125,-2.25519e-05,-0.000747409
731,68.7753,1000,0.0626123,0.291667,0,0.147774,0.413103,0.00845524,-0.00962694,1.82921,5.85277e-05,0.0126769,0.267842,12878.2,0.668171,0.286003,-1,0.2,885.83,8.98253e+06,1.38565,1.3353,0.996782,0.273469,-2.53877,2,-0.0131429,-8.39671e-06,-0.000507794
732,54.4159,958.875,0.0620954,0.625,0.0416667,0.14763,0.425625,0.0158428,-0.00935502,1.8141,5.85277e-05,0.0117348,0.267647,12447,0.694083,0.29314,-1,0.2,886.818,8.99482e+06,1.04276,1.08449,0.954453,0.149485,-2.41204,1.91775,-0.0155,-1.23156e-05,-0.000597825
733,52.5563,879.083,0.0622184,0.375,0.125,0.147441,0.423563,0.0123509,-0.00822293,1.80143,5.85277e-05,0.0115068,0.26745,9836.55,0.80266,0.446558,-1,0.2,888.069,9.0071e+06,1.08791,0.958629,0.873982,0.157689,-2.19212,1.75817,-0.01575,-2.77598e-05,-0.000662733
734,76.4819,1000,0.0624953,0.458333,0,0.148185,0.420415,0.0120957,-0.00975348,1.78829,5.85277e-05,0.0111501,0.267265,7652.22,1.22915,0.376663,-1,0.2,889.677,9.01939e+06,1.58603,1.46971,0.997805,0.286434,-2.50519,2,-0.0101818,-5.68221e-06,-0.000503469
735,62.0736,882.667,0.0621819,0.291667,0.0833333,0.150026,0.419397,0.0084172,-0.0106123,1.77509,3.90184e-05,0.0208777,0.267047,8842.11,1.00793,0.381788,-1,0.2,891.068,9.03168e+06,1.32817,1.1104,0.878907,0.226221,-2.19097,1.76533,-0.0136667,-2.11693e-05,-0.000688884
736,55.3995,915.889,0.0610433,0.333333,0.0416667,0.151649,0.432231,0.0157414,-0.00992982,1.76267,3.90184e-05,0.00828506,0.266908,8680.59,0.956769,0.458803,-1,0.2,892.485,9.04397e+06,1.1793,1.0096,0.910871,0.123864,-2.26725,1.83178,-0.0175556,-1.05923e-05,-0.00061992
737,47.2621,929.273,0.0622272,0.75,0.166667,0.150989,0.427477,0.022173,-0.00962174,1.75393,3.90184e-05,0.0128794,0.266794,8250.82,1.0493,0.440011,-1,0.2,893.976,9.05626e+06,0.889259,0.900912,0.923753,0.114234,-2.30542,1.85855,-0.0175,-1.63682e-05,-0.000663843
738,51.6488,848.462,0.0628739,0.375,0.166667,0.150071,0.413974,0.0140404,-0.00942425,1.7462,3.90184e-05,0.0134333,0.26667,8676.55,0.995669,0.420562,-1,0.2,895.393,9.06854e+06,1.10286,0.964302,0.844491,0.103453,-2.10426,1.69692,-0.0246154,-2.21481e-05,-0.000692856
739,48.5562,871.75,0.0625247,0.25,0.0833333,0.15007,0.416447,0.0112232,-0.0106738,1.73722,3.90184e-05,0.0144547,0.266528,9798.83,0.849099,0.404928,-1,0.2,896.649,9.08083e+06,1.1871,0.73153,0.865916,0.0796973,-2.16415,1.7435,-0.015125,-1.8017e-05,-0.000641693
740,50.335,851.375,0.0627552,0.208333,0.125,0.151211,0.406474,0.0191875,-0.00952053,1.72787,3.90184e-05,0.0119471,0.266397,9041.71,0.945489,0.413546,-1,0.2,898.009,9.09312e+06,1.1242,0.821383,0.849701,0.1331,-2.08643,1.70275,-0.027125,-3.53723e-05,-0.000798089
741,64.3718,954.077,0.062774,0.458333,0.0833333,0.151068,0.413423,0.0167995,-0.0103607,1.71877,3.90184e-05,0.0118485,0.26626,8505.4,0.983452,0.461277,-1,0.2,899.456,9.10541e+06,1.35525,1.19027,0.949099,0.178875,-2.34511,1.90815,-0.0172308,-3.13159e-05,-0.000681754
742,55.0943,842.5,0.0621944,0.25,0.0833333,0.151871,0.417129,0.0142402,-0.0096481,1.70993,3.90184e-05,0.00620313,0.266137,8230.96,1.12039,0.372506,-1,0.2,900.951,9.1177e+06,1.23168,0.912032,0.836462,0.174867,-2.07088,1.685,-0.013875,-1.32184e-05,-0.000555435
743,66.2478,985.889,0.0623593,0.333333,0.0416667,0.150918,0.411244,0.00859469,-0.00986485,1.70051,3.90184e-05,0.0118955,0.265973,10179.6,0.859333,0.347786,-1,0.2,902.159,9.12998e+06,1.29064,1.29345,0.982335,0.20993,-2.41794,1.97178,-0.0172222,-9.89942e-06,-0.000568343
744,54.3844,910.2,0.0619699,0.375,0.0416667,0.15224,0.412256,0.0236032,-0.00820812,1.68973,3.90184e-05,0.00996111,0.265834,10368.4,0.860881,0.324264,-1,0.2,903.346,9.14227e+06,1.18147,0.922684,0.904922,0.139905,-2.2338,1.8204,-0.0158,-9.84038e-06,-0.000543154
745,61.0575,958.35,0.0619404,0.708333,0.125,0.152202,0.418652,0.0139015,-0.0078539,1.6808,3.90184e-05,0.0129632,0.265698,9824.93,0.889979,0.360717,-1,0.2,904.598,9.15456e+06,1.29306,1.09047,0.952908,0.162647,-2.34678,1.9167,-0.0155,-2.10221e-05,-0.000599873
746,65.7001,948.688,0.0626269,0.583333,0.0833333,0.149566,0.415725,0.00948257,-0.0109364,1.67052,3.90184e-05,0.0105833,0.265534,9785.77,0.902131,0.35357,-1,0.2,905.855,9.16685e+06,1.19617,1.32735,0.944926,0.259948,-2.32991,1.89737,-0.0103125,-1.2405e-05,-0.000525808
747,62.0393,1000,0.0628115,0.75,0,0.148222,0.413367,0.0120267,-0.0094732,1.65937,3.90184e-05,0.0129223,0.265369,10593,0.8497,0.310313,-1,0.2,907.016,9.17914e+06,1.20665,1.18085,0.996225,0.185496,-2.44728,2,-0.0193889,-9.14599e-06,-0.000587795
748,64.9566,938.125,0.0636433,0.916667,0.0833333,0.147812,0.405256,0.0128791,-0.00928425,1.64835,3.90184e-05,0.013635,0.265212,9928.54,0.807338,0.430306,-1,0.2,908.255,9.19142e+06,1.34373,1.15698,0.935213,0.239657,-2.28921,1.87625,-0.0142083,-1.07482e-05,-0.000559781
749,58.256,954.077,0.0637213,1,0.0833333,0.148272,0.401775,0.0157419,-0.00877984,1.63801,3.90184e-05,0.00732063,0.265064,9530.43,0.916006,0.373337,-1,0.2,909.546,9.20371e+06,1.18794,1.07163,0.948893,0.141797,-2.32539,1.90815,-0.0196154,-1.31725e-05,-0.000601502
750,57.3443,970.148,0.0639424,1,0.125,0.150177,0.396653,0.0113063,-0.00944409,1.62738,3.90184e-05,0.0129975,0.26489,10011.5,0.890658,0.336726,-1,0.2,910.775,9.216e+06,1.1627,1.05538,0.965651,0.128244,-2.36532,1.9403,-0.0190741,-1.49186e-05,-0.000642726
751,59.8953,960.333,0.0641541,0.833333,0.0416667,0.148317,0.393825,0.00861853,-0.00777524,1.61461,3.90184e-05,0.0117451,0.264692,10823.2,0.828323,0.307016,-1,0.2,914.752,9.22829e+06,1.23719,1.09643,0.954943,0.137875,-2.33771,1.92067,-0.0140476,-9.63844e-06,-0.000572921
752,63.0914,1000,0.0645501,0.708333,0,0.149479,0.392633,0.00932677,-0.00941242,1.60079,3.90184e-05,0.0135839,0.264487,9265.11,0.924583,0.401683,-1,0.2,916.08,9.24058e+06,1.30718,1.11914,0.995969,0.179783,-2.43109,2,-0.0158235,-7.02306e-06,-0.000583048
753,67.7564,978.071,0.0647977,0.541667,0.0416667,0.149159,0.389408,0.00847263,-0.00975667,1.58692,3.90184e-05,0.00870018,0.264286,8783.36,1.02785,0.371157,-1,0.2,917.481,9.25286e+06,1.36878,1.25861,0.974775,0.219618,-2.3769,1.95614,-0.0126429,-1.15931e-05,-0.000547438
754,62.5552,995.938,0.0644277,0.625,0.0416667,0.14999,0.387467,0.0088767,-0.0087125,1.57319,3.90184e-05,0.00651797,0.26408,10811.8,0.818863,0.317669,-1,0.2,918.618,9.26515e+06,1.21533,1.17721,0.99129,0.172237,-2.40405,1.99187,-0.0155625,-6.96729e-06,-0.000551934
755,64.9088,1000,0.0644408,0.5,0,0.150055,0.38767,0.0077312,-0.00824677,1.55888,3.90184e-05,0.0112545,0.263869,9499.78,0.920654,0.372849,-1,0.2,919.913,9.27744e+06,1.2429,1.2382,0.996324,0.189373,-2.40255,2,-0.01825,-5.67905e-06,-0.000549971
756,61.693,1000,0.0638378,0.333333,0,0.151533,0.396047,0.0104185,-0.00890327,1.54541,3.90184e-05,0.00897915,0.263689,8853.54,0.950471,0.437448,-1,0.2,921.302,9.28973e+06,1.37933,0.981551,0.991858,0.180087,-2.43141,2,-0.01625,-7.81016e-06,-0.000508511
757,48.0904,888.929,0.0640104,0.458333,0.125,0.151138,0.395065,0.00823024,-0.00946924,1.53293,3.90184e-05,0.00761697,0.263497,9331.46,0.967735,0.349101,-1,0.2,922.621,9.30202e+06,0.976359,0.838457,0.883038,0.0806822,-2.13185,1.77786,-0.0193571,-2.3848e-05,-0.000640759
758,60.6339,1000,0.0643059,0.333333,0,0.15062,0.38848,0.00778086,-0.00863527,1.51932,3.90184e-05,0.00758135,0.263294,11383,0.732586,0.346922,-1,0.2,923.703,9.3143e+06,1.47069,0.842587,0.993072,0.127902,-2.39149,2,-0.0105,-5.51216e-06,-0.000561215
759,77.398,1000,0.0632511,0.375,0,0.153484,0.39589,0.013098,-0.00797834,1.50583,3.90184e-05,0.0109039,0.263106,9932.1,0.893341,0.343859,-1,0.2,924.941,9.32659e+06,1.65573,1.35085,0.997243,0.274855,-2.40117,2,-0.00711111,-8.99766e-06,-0.000489881
760,50.8291,887.25,0.0636447,0.291667,0.0416667,0.153489,0.394788,0.0188315,-0.00830582,1.49412,3.90184e-05,0.010854,0.262956,9810.55,0.897028,0.355501,-1,0.2,926.195,9.33888e+06,1.1313,0.853683,0.883696,0.0480258,-2.13356,1.7745,-0.0155,-1.39357e-05,-0.000673671
761,66.5355,922.727,0.0630347,0.416667,0.0416667,0.154189,0.402009,0.010349,-0.00971121,1.48414,3.90184e-05,0.0101268,0.262809,10185.7,0.853206,0.353186,-1,0.2,927.403,9.35117e+06,1.24987,1.28463,0.920864,0.25943,-2.22034,1.84545,-0.0125455,-1.6398e-05,-0.000568765
762,71.6097,1000,0.0627135,0.25,0,0.153921,0.404875,0.00914118,-0.00970785,1.47383,3.90184e-05,0.010405,0.26265,9003.93,0.987559,0.377179,-1,0.2,928.769,9.36346e+06,1.49568,1.20667,0.996051,0.277874,-2.38812,2,-0.00716667,-3.81775e-06,-0.000497493
763,60.064,1000,0.0628352,0.333333,0,0.154022,0.405182,0.0107549,-0.00847598,1.4627,3.90184e-05,0.0107722,0.262489,9687.12,0.92229,0.346198,-1,0.2,930.039,9.37574e+06,1.14086,1.16822,0.994712,0.123857,-2.39277,2,-0.031125,-1.18819e-05,-0.000537778
764,50.5822,906.375,0.063221,0.291667,0.0416667,0.153021,0.410462,0.00858697,-0.00913362,1.45143,3.90184e-05,0.00820242,0.262319,10540.4,0.866235,0.299569,-1,0.2,931.206,9.38803e+06,1.1058,0.786056,0.900187,0.0961173,-2.15528,1.81275,-0.015875,-1.90824e-05,-0.000629064
765,58.6718,1000,0.0625881,0.291667,0,0.152879,0.415016,0.00792223,-0.00708124,1.4394,3.90184e-05,0.00704145,0.26214,10438.7,0.798355,0.378808,-1,0.2,932.385,9.40032e+06,1.17823,1.00092,0.990386,0.142082,-2.36799,2,-0.00957143,-3.36774e-06,-0.00046879
766,54.0393,1000,0.0627524,0.625,0,0.15303,0.411278,0.0068311,-0.00918314,1.42706,3.90184e-05,0.00641021,0.261961,9306.67,0.930965,0.389378,-1,0.2,933.706,9.41261e+06,0.964808,1.03634,0.994161,0.104541,-2.381,2,-0.0163333,-7.63124e-06,-0.000542957
767,56.7913,1000,0.063511,0.5,0,0.151181,0.410931,0.00753465,-0.00849625,1.4147,3.90184e-05,0.00749896,0.261781,9671.29,0.928514,0.342051,-1,0.2,934.978,9.4249e+06,0.924726,1.19626,0.994713,0.123719,-2.38175,2,-0.0175833,-7.4826e-06,-0.000514653
768,55.3674,1000,0.0628614,0.416667,0,0.151275,0.413449,0.00776723,-0.00733569,1.40225,3.90184e-05,0.00959363,0.2616,11420.6,0.74802,0.327931,-1,0.2,936.055,9.43718e+06,1.04138,1.05288,0.992125,0.0846904,-2.3859,2,-0.0163,-4.51922e-06,-0.000490727
769,64.985,1000,0.0633526,0.625,0,0.15051,0.419225,0.00723662,-0.00837755,1.3899,3.90184e-05,0.0101117,0.26142,10398.6,0.831883,0.349819,-1,0.2,937.239,9.44947e+06,1.17637,1.24519,0.997427,0.209973,-2.36356,2,-0.0156,-6.84633e-06,-0.000544577
770,63.9805,1000,0.0626856,0.375,0,0.150451,0.418167,0.00660591,-0.00801978,1.3772,3.90184e-05,0.00904551,0.261229,8453.59,1.08222,0.371363,-1,0.2,938.693,9.46176e+06,1.28826,1.1352,0.994786,0.145654,-2.35381,2,-0.0105556,-6.61725e-06,-0.000495619
771,64.4392,1000,0.0627854,0.291667,0,0.151053,0.422079,0.0125498,-0.00644758,1.36505,3.90184e-05,0.00809417,0.261079,10181.6,0.901229,0.305654,-1,0.2,939.902,9.47405e+06,1.11555,1.33993,0.995459,0.163862,-2.37237,2,-0.02,-5.00767e-06,-0.00047046
772,51.9654,941.625,0.0634769,0.291667,0.0416667,0.15007,0.418082,0.00714188,-0.0082169,1.35491,3.90184e-05,0.00502379,0.26092,10832.3,0.77842,0.355965,-1,0.2,941.037,9.48634e+06,1.09799,0.820952,0.933659,0.087952,-2.21043,1.88325,-0.0145,-1.251e-05,-0.000586598
773,72.6241,1000,0.063219,0.375,0,0.150638,0.420512,0.012196,-0.00769001,1.34424,3.90184e-05,0.0110236,0.260782,9011.21,0.946806,0.416829,-1,0.2,942.402,9.49862e+06,1.42978,1.3035,0.998448,0.286321,-2.35775,2,-0.0285556,-1.46749e-05,-0.000514874
774,58.4172,993.062,0.0629011,0.625,0.0416667,0.150893,0.420448,0.00823177,-0.00840939,1.3344,3.90184e-05,0.00993601,0.260624,8922.39,0.985238,0.391972,-1,0.2,943.781,9.51091e+06,1.17028,0.999856,0.986991,0.13274,-2.3397,1.98612,-0.014875,-8.9891e-06,-0.000545834
775,55.8908,973,0.0634374,0.5,0.0416667,0.151003,0.419755,0.00729091,-0.00845819,1.32295,3.90184e-05,0.0113429,0.260453,10560.9,0.765042,0.39849,-1,0.2,944.946,9.5232e+06,1.01345,1.05613,0.968711,0.114668,-2.28162,1.946,-0.0222308,-8.42974e-06,-0.000550215
776,65.5099,1000,0.0632689,0.333333,0,0.150761,0.42498,0.0107362,-0.00712707,1.31164,3.90184e-05,0.00774115,0.260306,9789,0.915308,0.339978,-1,0.2,946.203,9.53549e+06,1.21,1.27066,0.997641,0.180138,-2.35478,2,-0.027625,-1.59602e-05,-0.000520781
777,52.3308,970.125,0.0632442,0.291667,0.0416667,0.150065,0.42608,0.00759806,-0.00855209,1.30156,3.90184e-05,0.0110648,0.260153,9759.77,0.899425,0.359621,-1,0.2,947.463,9.54778e+06,0.788432,1.09751,0.968102,0.146357,-2.29646,1.94025,-0.027,-1.41541e-05,-0.000638694
778,69.8131,998.353,0.0630458,0.666667,0.0416667,0.151186,0.423252,0.0245031,-0.00697803,1.29216,3.90184e-05,0.00859107,0.260049,10859.1,0.782756,0.348832,-1,0.2,948.596,9.56006e+06,1.38281,1.26985,0.995694,0.20302,-2.34076,1.99671,-0.0161176,-9.69959e-06,-0.000537504
779,60.1428,956.529,0.0633991,0.583333,0.125,0.150705,0.419961,0.0099593,-0.00857242,1.2849,3.90184e-05,0.0112255,0.259922,12582.7,0.695152,0.281427,-1,0.2,949.574,9.57235e+06,1.08829,1.1633,0.953174,0.150934,-2.24297,1.91306,-0.0180588,-1.71396e-05,-0.000574884
780,63.7869,1000,0.0636157,0.333333,0,0.149878,0.419852,0.0174622,-0.00873001,1.27589,3.90184e-05,0.00675861,0.259807,12318.3,0.710142,0.287396,-1,0.2,950.573,9.58464e+06,1.21585,1.19851,0.996746,0.152189,-2.34818,2,-0.02525,-9.55671e-06,-0.000507528
781,50.2794,889.273,0.0637193,0.375,0.0833333,0.15016,0.422372,0.0143252,-0.00769819,1.26861,3.90184e-05,0.0159351,0.259706,12243.8,0.7247,0.278906,-1,0.2,951.578,9.59693e+06,0.931684,0.909788,0.885559,0.098574,-2.07141,1.77855,-0.0181818,-1.73175e-05,-0.000567573
782,49.1929,935.1,0.0638198,0.333333,0.0833333,0.15007,0.412918,0.00977642,-0.00807679,1.26129,3.90184e-05,0.00808087,0.25959,13406.6,0.641142,0.275422,-1,0.2,952.495,9.60922e+06,0.954309,0.831605,0.930612,0.0756013,-2.18221,1.8702,-0.0198,-1.99502e-05,-0.000649172
783,63.2441,1000,0.0635961,0.458333,0,0.148041,0.416009,0.00792139,-0.0079112,1.25171,3.90184e-05,0.0106814,0.259428,13426,0.638816,0.27642,-1,0.2,953.412,9.6215e+06,1.30262,1.04109,0.994301,0.179586,-2.34673,2,-0.00818182,-5.93769e-06,-0.000480635
784,65.5151,1000,0.0635977,0.291667,0,0.149143,0.417337,0.00758949,-0.00743294,1.24007,3.90184e-05,0.0120673,0.259262,13446.9,0.639208,0.274607,-1,0.2,954.327,9.63379e+06,1.20396,1.24233,0.997495,0.175199,-2.32574,2,-0.017,-6.74724e-06,-0.000482777
785,59.2846,1000,0.0637926,0.291667,0,0.148601,0.421571,0.00749823,-0.00707183,1.22857,3.90184e-05,0.0137161,0.259093,13468.2,0.635105,0.277268,-1,0.2,955.241,9.64608e+06,1.26615,0.928731,0.993393,0.120804,-2.33152,2,-0.0128571,-5.09328e-06,-0.000464589
786,66.0893,1000,0.0641235,0.541667,0,0.148478,0.422696,0.00752387,-0.0089482,1.21678,3.90184e-05,0.0102407,0.258925,13541.2,0.63342,0.274035,-1,0.2,956.149,9.65837e+06,1.33673,1.15043,0.998049,0.162263,-2.31925,2,-0.0232308,-9.16299e-06,-0.000519829
787,72.2794,997.238,0.0642181,0.833333,0.0416667,0.148661,0.41673,0.00744181,-0.00799755,1.20498,3.90184e-05,0.0129216,0.25875,13339.5,0.647593,0.273581,-1,0.2,957.072,9.67066e+06,1.51758,1.24747,0.994084,0.178096,-2.29955,1.99448,-0.0176667,-6.3893e-06,-0.000515864
788,71.6196,1000,0.0638452,0.625,0,0.1513,0.425846,0.0073268,-0.00848741,1.19288,3.90184e-05,0.00904866,0.258582,13235.9,0.651771,0.276611,-1,0.2,958.001,9.68294e+06,1.48507,1.21831,0.997498,0.209834,-2.31262,2,-0.0166,-6.92704e-06,-0.00050441
789,72.5122,981.091,0.0639374,0.875,0.0416667,0.15208,0.420182,0.00710898,-0.00875794,1.18139,3.90184e-05,0.0103948,0.258418,13111.5,0.666384,0.270805,-1,0.2,958.94,9.69523e+06,1.53297,1.24248,0.978028,0.186889,-2.26429,1.96218,-0.0121364,-5.7988e-06,-0.00050362
790,66.6236,1000,0.0639057,0.791667,0,0.154055,0.420562,0.00752093,-0.00843099,1.16973,3.90184e-05,0.00964073,0.258249,13277,0.645155,0.280356,-1,0.2,959.866,9.70752e+06,1.3045,1.2149,0.996811,0.147794,-2.3178,2,-0.0144737,-7.32986e-06,-0.000549258
791,56.7998,986.552,0.0645688,1.125,0.0833333,0.153218,0.408973,0.00772983,-0.00896932,1.15815,3.90184e-05,0.0120145,0.258086,12935.7,0.677364,0.272564,-1,0.2,960.818,9.71981e+06,1.03073,1.03452,0.98284,0.116593,-2.28395,1.9731,-0.0132759,-6.71363e-06,-0.000562824
792,66.6254,977.042,0.0644674,0.958333,0.0416667,0.154014,0.413317,0.00691918,-0.0090158,1.14618,3.90184e-05,0.0118454,0.257899,12791.8,0.696085,0.264534,-1,0.2,961.78,9.7321e+06,1.32106,1.16153,0.973829,0.18486,-2.24798,1.95408,-0.0155833,-6.65268e-06,-0.000524551
793,56.9564,960.222,0.0648057,1.04167,0.0833333,0.153541,0.404639,0.0124156,-0.00857225,1.13384,3.90184e-05,0.0144058,0.257749,13307.8,0.653449,0.269918,-1,0.2,962.705,9.74438e+06,1.03399,1.02517,0.954605,0.137025,-2.20788,1.92044,-0.015,-9.8411e-06,-0.000525449
794,56.3669,919.625,0.0657191,0.541667,0.125,0.151573,0.398296,0.0128331,-0.00934217,1.1244,3.90184e-05,0.00935983,0.257617,13105.4,0.663556,0.274074,-1,0.2,963.643,9.75667e+06,1.15921,0.914211,0.915414,0.102848,-2.10005,1.83925,-0.0119375,-9.73187e-06,-0.000591253
795,48.3407,865.375,0.0656275,0.5,0.166667,0.152748,0.403838,0.0143984,-0.00898464,1.11528,3.90184e-05,0.00582103,0.257494,12976.8,0.671073,0.275851,-1,0.2,964.592,9.76896e+06,0.956943,0.760949,0.860876,0.112597,-1.98718,1.73075,-0.01725,-2.07538e-05,-0.000624636
796,57.1098,933.375,0.0661584,0.583333,0.0833333,0.152996,0.398101,0.0224819,-0.00782268,1.10718,3.90184e-05,0.013771,0.257382,12162.5,0.705081,0.305238,-1,0.2,965.603,9.78125e+06,1.1725,0.94331,0.927098,0.085661,-2.13175,1.86675,-0.0075,-1.51387e-05,-0.000558541
797,55.2817,966.583,0.0662359,0.416667,0.0833333,0.151932,0.388718,0.00961683,-0.00887303,1.09872,3.90184e-05,0.0135624,0.257245,13266,0.650338,0.275939,-1,0.2,966.531,9.79354e+06,1.04579,0.941301,0.962087,0.109324,-2.20962,1.93317,-0.0173333,-2.01143e-05,-0.000607581
798,58.3327,1000,0.0663908,0.458333,0,0.151181,0.386518,0.00811753,-0.00777885,1.08798,3.90184e-05,0.0100485,0.257078,13332.4,0.645389,0.276272,-1,0.2,967.453,9.80582e+06,1.3111,0.807076,0.991985,0.0929657,-2.27544,2,-0.0105455,-3.8079e-06,-0.000505485
799,64.8589,1000,0.0658538,0.333333,0,0.152565,0.391101,0.00709361,-0.00908117,1.07603,3.90184e-05,0.0107227,0.256903,13317.2,0.646326,0.276391,-1,0.2,968.377,9.81811e+06,1.41771,1.02443,0.994969,0.0977146,-2.277,2,-0.014375,-3.79308e-06,-0.000501487
800,63.0408,1000,0.0658924,0.416667,0,0.152805,0.400993,0.00675318,-0.00812608,1.06341,3.90184e-05,0.0102527,0.256717,12996.9,0.666016,0.279437,-1,0.2,969.324,9.8304e+06,1.19228,1.14642,0.996714,0.110489,-2.27452,2,-0.0188,-4.1191e-06,-0.000544565
801,57.2836,1000,0.0658736,0.333333,0,0.151473,0.396704,0.00746313,-0.0088815,1.05064,3.90184e-05,0.0141199,0.256544,14263.1,0.611943,0.249581,-1,0.2,972.829,9.84269e+06,0.8932,1.13727,0.996744,0.14576,-2.29203,2,-0.01625,-4.74568e-06,-0.000508861
802,49.6118,888,0.0659037,0.166667,0.0416667,0.150883,0.395989,0.00742504,-0.00791546,1.03874,3.90184e-05,0.0105053,0.256379,14316.8,0.604448,0.253844,-1,0.2,973.688,9.85498e+06,0.911288,0.860305,0.884308,0.111294,-2.04518,1.776,-0.0168,-1.43327e-05,-0.000609992
803,69.2245,947.615,0.0661152,0.5,0.0416667,0.152048,0.401687,0.00755957,-0.00828318,1.02723,3.90184e-05,0.00587885,0.256212,14332.7,0.606324,0.251015,-1,0.2,974.547,9.86726e+06,1.39513,1.2021,0.945683,0.200002,-2.16536,1.89523,-0.011,-1.14011e-05,-0.000533625
804,69.0478,1000,0.0654863,0.25,0,0.152889,0.404912,0.00603093,-0.00693578,1.01519,5.85277e-05,0.00396897,0.256037,11444.3,0.710535,0.363183,-1,0.2,975.622,9.87955e+06,1.38761,1.1587,0.996074,0.183348,-2.26952,2,-0.00333333,-1.36979e-06,-0.000489872
805,66.567,1000,0.0653618,0.208333,0,0.152658,0.412212,0.00646801,-0.00738298,1.00058,5.85277e-05,0.0148521,0.255801,9045.49,1.00586,0.352605,-1,0.2,976.981,9.89184e+06,1.38858,1.10727,0.996425,0.13103,-2.28102,2,-0.0134,-5.36209e-06,-0.000521812
806,59.1967,1000,0.0646006,0.333333,0,0.153092,0.421861,0.00624445,-0.00856604,0.983946,5.85277e-05,0.00863092,0.255553,10472.2,0.849141,0.324254,-1,0.2,978.156,9.90413e+06,1.16827,0.940048,0.995433,0.139905,-2.27295,2,-0.010375,-4.09443e-06,-0.000491832
807,54.8362,1000,0.0651608,0.416667,0,0.152203,0.415177,0.00775668,-0.00897098,0.966697,5.85277e-05,0.00957123,0.25532,11222.7,0.738258,0.356661,-1,0.2,979.252,9.91642e+06,1.02345,0.890463,0.995288,0.114932,-2.26898,2,-0.0128,-5.33564e-06,-0.000530779
808,61.9084,970.077,0.0652607,0.5,0.0416667,0.152857,0.416431,0.00619172,-0.00889841,0.949877,5.85277e-05,0.0179788,0.255067,9440.83,0.9246,0.376981,-1,0.2,980.556,9.9287e+06,1.13912,1.14672,0.966372,0.1142,-2.19698,1.94015,-0.0136154,-1.26758e-05,-0.00053808
809,69.5934,1000,0.0650673,0.5,0,0.152884,0.417999,0.00564447,-0.00800826,0.931562,5.85277e-05,0.0178643,0.254804,9681.54,0.894664,0.374555,-1,0.2,981.826,9.94099e+06,1.37787,1.18837,0.997054,0.185452,-2.25535,2,-0.01325,-6.06705e-06,-0.000476815
810,59.3645,1000,0.0649629,0.291667,0,0.152686,0.418129,0.00674221,-0.00870695,0.913179,5.85277e-05,0.0128851,0.254549,10139.1,0.908771,0.303172,-1,0.2,983.04,9.95328e+06,1.17326,0.980736,0.995499,0.0974285,-2.25903,2,-0.0191429,-5.98282e-06,-0.000528756
811,59.2509,963.5,0.0656218,0.541667,0.0416667,0.153528,0.416456,0.0108344,-0.00785971,0.897092,5.85277e-05,0.0104504,0.254351,10005.5,0.84988,0.37824,-1,0.2,984.269,9.96557e+06,1.10527,1.01527,0.959604,0.134431,-2.16407,1.927,-0.0144286,-8.71206e-06,-0.000523494
812,71.3221,1000,0.0647884,0.458333,0,0.153872,0.42166,0.00748175,-0.00903076,0.882675,5.85277e-05,0.0139132,0.254139,9617.62,0.928546,0.349109,-1,0.2,985.548,9.97786e+06,1.27055,1.29881,0.998073,0.242819,-2.23122,2,-0.0124545,-4.14115e-06,-0.000462573
813,82.5726,1000,0.0648602,0.25,0,0.154127,0.421484,0.00718222,-0.00855408,0.867254,5.85277e-05,0.0131931,0.253918,9944.09,0.90982,0.325889,-1,0.2,986.785,9.99014e+06,1.56966,1.47298,0.998019,0.325364,-2.23229,2,-0.00466667,-2.04174e-06,-0.000430278
814,57.1013,906.6,0.0648798,0.166667,0.0416667,0.154782,0.422219,0.0076632,-0.0089768,0.85144,5.85277e-05,0.0102542,0.253686,10644.6,0.745313,0.409079,-1,0.2,987.941,1.00024e+07,1.07897,1.01097,0.90253,0.0752034,-2.0044,1.8132,-0.0208,-2.63836e-05,-0.00058755
815,67.6654,1000,0.0649636,0.625,0,0.154757,0.422353,0.00654119,-0.00777892,0.834361,5.85277e-05,0.00792438,0.253443,9093.61,0.991714,0.359564,-1,0.2,989.294,1.00147e+07,1.28946,1.17428,0.997397,0.179638,-2.24613,2,-0.0108667,-3.73538e-06,-0.000500258
816,58.3039,1000,0.0658908,0.5,0,0.153875,0.41654,0.00617464,-0.00849059,0.817468,5.85277e-05,0.0117375,0.253211,9843.78,0.879651,0.36865,-1,0.2,990.544,1.0027e+07,1.14917,0.931364,0.995423,0.0830437,-2.23147,2,-0.0118333,-3.44263e-06,-0.000499612
817,60.9389,961.444,0.0657355,0.333333,0.0416667,0.153426,0.417204,0.00596602,-0.00787705,0.800737,5.85277e-05,0.00702963,0.252969,10256.6,0.838999,0.359059,-1,0.2,991.743,1.00393e+07,1.15874,0.980005,0.958302,0.175088,-2.1362,1.92289,-0.0113333,-5.86571e-06,-0.000533251
818,62.3056,1000,0.0659323,0.416667,0,0.153024,0.413575,0.00638037,-0.00768549,0.783755,5.85277e-05,0.0102485,0.252739,11444.8,0.779643,0.294033,-1,0.2,992.818,1.00516e+07,0.929457,1.26669,0.99666,0.177434,-2.24027,2,-0.0142,-4.11202e-06,-0.00048012
819,56.5354,907.583,0.0661391,0.375,0.125,0.1523,0.416408,0.00723253,-0.00815953,0.767971,5.85277e-05,0.0115971,0.252525,9604.94,0.862948,0.416394,-1,0.2,994.099,1.00639e+07,1.08091,0.934451,0.904504,0.133064,-2.02911,1.81517,-0.0115833,-1.11123e-05,-0.000620982
820,57.9583,960.368,0.0662157,0.75,0.0416667,0.152329,0.416493,0.00615903,-0.00878364,0.752522,5.85277e-05,0.012284,0.252304,7282.17,1.1972,0.490208,-1,0.2,995.787,1.00762e+07,1.17247,0.908572,0.956211,0.0918963,-2.13774,1.92074,-0.0136842,-6.05241e-06,-0.000543138
821,65.3614,1000,0.0671375,0.625,0,0.151869,0.410745,0.00590693,-0.0103216,0.736654,5.85277e-05,0.0086959,0.252079,7929.96,1.12155,0.428018,-1,0.2,997.339,1.00884e+07,1.21337,1.14654,0.996863,0.12647,-2.20184,2,-0.0128,-4.15012e-06,-0.000526178
822,66.1627,1000,0.0670502,0.416667,0,0.15028,0.410944,0.00573619,-0.00813839,0.719937,5.85277e-05,0.00914352,0.251831,9109.02,0.894159,0.454834,-1,0.2,998.689,1.01007e+07,1.15715,1.2377,0.9969,0.147483,-2.21932,2,-0.0113,-3.29948e-06,-0.000473525
823,71.0449,1000,0.0673122,0.333333,0,0.149707,0.407199,0.00601136,-0.0085657,0.702035,5.85277e-05,0.00827793,0.251586,7609.21,1.12847,0.48642,-1,0.2,1000.31,1.0113e+07,1.21694,1.32216,0.998025,0.255831,-2.22323,2,-0.017,-5.406e-06,-0.000477953
824,61.8342,979.083,0.0673669,0.458333,0.0416667,0.150831,0.407792,0.00646749,-0.00900682,0.684879,5.85277e-05,0.0140963,0.251348,9310.73,0.962356,0.357411,-1,0.2,1001.63,1.01253e+07,1.17992,1.01889,0.974024,0.114566,-2.14224,1.95817,-0.0110833,-3.77716e-06,-0.000534776
825,67.3181,991.375,0.0674614,0.291667,0.0416667,0.1511,0.407333,0.00686041,-0.0096925,0.668526,5.85277e-05,0.0128269,0.251137,10335.7,0.846769,0.342114,-1,0.2,1002.82,1.01376e+07,1.15599,1.22625,0.987514,0.196471,-2.17466,1.98275,-0.007875,-3.46373e-06,-0.000529971
826,59.3858,949.769,0.0672681,0.375,0.166667,0.148931,0.408432,0.00884133,-0.00797031,0.654639,5.85277e-05,0.0136684,0.250957,8549.91,1.02109,0.416119,-1,0.2,1004.26,1.01499e+07,1.03786,1.03528,0.945719,0.156273,-2.09193,1.89954,-0.0127692,-1.28557e-05,-0.000673971
827,70.0148,965,0.0679854,0.208333,0.0416667,0.150032,0.403496,0.0106668,-0.00776997,0.642064,8.77915e-05,0.00298988,0.250791,9027.44,0.975557,0.385626,-1,0.2,1005.62,1.01622e+07,1.50635,1.07092,0.961913,0.195626,-2.15031,1.93,-0.0131667,-9.14987e-06,-0.000580753
828,62.0067,936.8,0.0678295,0.708333,0.125,0.149625,0.406327,0.00735372,-0.0079894,0.627754,8.77915e-05,0.0160784,0.250553,9386.64,0.995651,0.313443,-1,0.2,1006.93,1.01745e+07,1.16966,1.06262,0.933582,0.135391,-2.05986,1.8736,-0.01405,-1.05913e-05,-0.000595519
829,63.4618,979.333,0.0681418,0.708333,0.0416667,0.15038,0.404942,0.00796005,-0.00838148,0.610668,8.77915e-05,0.0163142,0.250313,9451.43,0.82143,0.478691,-1,0.2,1008.23,1.01868e+07,1.14767,1.13347,0.975816,0.119796,-2.15096,1.95867,-0.0108333,-4.57999e-06,-0.000529908
830,70.8282,993.706,0.0689129,0.666667,0.0416667,0.150741,0.396547,0.0066471,-0.00840528,0.592811,8.77915e-05,0.0115031,0.250054,8319.19,1.0902,0.38687,-1,0.2,1009.71,1.0199e+07,1.38986,1.19155,0.990946,0.173585,-2.18093,1.98741,-0.0104706,-4.92294e-06,-0.000535441
831,62.4138,992.136,0.069157,0.875,0.0416667,0.149635,0.392658,0.00777182,-0.00838394,0.57356,8.77915e-05,0.0165031,0.249783,9288.25,0.922565,0.400397,-1,0.2,1011.03,1.02113e+07,1.17884,1.03208,0.987834,0.106817,-2.15748,1.98427,-0.0111364,-4.92887e-06,-0.000527299
832,63.0745,982.391,0.0688054,0.916667,0.0416667,0.14961,0.399827,0.00709539,-0.00694137,0.553977,5.85277e-05,0.0215674,0.249509,11335.1,0.769436,0.314627,-1,0.2,1012.12,1.02236e+07,1.19934,1.03195,0.978892,0.129951,-2.13922,1.96478,-0.0114348,-4.572e-06,-0.000534229
833,63.998,977.68,0.0700644,0.916667,0.125,0.149733,0.38392,0.0174558,-0.00897334,0.536914,5.85277e-05,0.0129694,0.249306,9841.88,0.852136,0.396406,-1,0.2,1013.37,1.02359e+07,1.16652,1.09344,0.974085,0.145445,-2.12658,1.95536,-0.0078,-3.3856e-06,-0.000567663
834,68.2851,989.667,0.0702764,0.666667,0.0833333,0.148731,0.388559,0.0167533,-0.00842499,0.522898,5.85277e-05,0.0123793,0.24914,8287.34,1.05803,0.424718,-1,0.2,1014.85,1.02482e+07,1.29685,1.15745,0.986124,0.156704,-2.14986,1.97933,-0.0117778,-1.26493e-05,-0.000554181
835,66.9915,938.893,0.0700187,1.08333,0.0833333,0.150617,0.388169,0.00933375,-0.0111161,0.511061,5.85277e-05,0.0091155,0.248966,8584.72,1.08618,0.345203,-1,0.2,1016.29,1.02605e+07,1.22493,1.1527,0.936161,0.202014,-2.03489,1.87779,-0.00860714,-8.28611e-06,-0.000505267
836,69.8403,1000,0.0702753,0.458333,0,0.150928,0.378448,0.00791138,-0.00984348,0.497801,5.85277e-05,0.0112991,0.248769,10636.4,0.805379,0.349901,-1,0.2,1017.45,1.02728e+07,1.39487,1.13836,0.996223,0.143464,-2.17103,2,-0.00936364,-3.33483e-06,-0.000500843
837,61.9426,958.875,0.0700866,0.625,0.0416667,0.150774,0.388842,0.00700265,-0.00933297,0.48283,5.85277e-05,0.0134057,0.248558,9903.83,0.838554,0.402178,-1,0.2,1018.69,1.02851e+07,1.00301,1.15551,0.95537,0.1579,-2.07696,1.91775,-0.014875,-7.78729e-06,-0.000558915
838,75.5065,1000,0.0703525,0.708333,0,0.151178,0.380309,0.00608656,-0.0103249,0.466607,5.85277e-05,0.00961568,0.248317,8278.64,1.06889,0.41541,-1,0.2,1020.17,1.02973e+07,1.43484,1.289,0.997348,0.228268,-2.16361,2,-0.0100588,-3.848e-06,-0.00046459
839,66.9508,1000,0.0701475,0.416667,0,0.150396,0.385689,0.0117022,-0.00888946,0.449653,5.85277e-05,0.0167721,0.248103,8335.61,1.07972,0.394438,-1,0.2,1021.65,1.03096e+07,1.09937,1.24022,0.997083,0.168677,-2.15132,2,-0.006,-1.84965e-06,-0.000487947
840,57.9758,983.429,0.0698057,0.541667,0.0416667,0.15091,0.390879,0.0110122,-0.00908184,0.434541,5.85277e-05,0.0142416,0.247891,9596.18,0.929262,0.351248,-1,0.2,1022.93,1.03219e+07,1.10709,0.843704,0.978741,0.122742,-2.11128,1.96686,-0.0085,-9.48128e-06,-0.000559575
841,66.9371,1000,0.0702419,0.166667,0,0.149713,0.389105,0.00797992,-0.00995025,0.418393,5.85277e-05,0.017274,0.247665,8589.04,0.991388,0.439273,-1,0.2,1024.36,1.03342e+07,1.05962,1.36871,0.996907,0.0968966,-2.16777,2,-0.007,-1.60537e-06,-0.000513244
842,77.354,1000,0.0696541,0.416667,0,0.149874,0.391605,0.00708837,-0.00906045,0.401589,5.85277e-05,0.00700253,0.247427,9554.24,0.918847,0.367284,-1,0.2,1025.65,1.03465e+07,1.49821,1.32832,0.997253,0.165412,-2.11632,2,-0.0047,-3.32421e-06,-0.00047964
843,64.7704,907.143,0.0693852,0.25,0.0416667,0.150854,0.398138,0.0082084,-0.0106621,0.384823,5.85277e-05,0.0109318,0.247208,10244.1,0.925023,0.274493,-1,0.2,1026.85,1.03588e+07,1.263,1.09864,0.903876,0.106975,-1.93912,1.81429,-0.00857143,-9.35352e-06,-0.000557506
844,56.3608,1000,0.0697348,0.333333,0,0.150806,0.396364,0.0110893,-0.00815314,0.369363,5.85277e-05,0.0113272,0.247006,12517.4,0.705541,0.276131,-1,0.2,1027.84,1.03711e+07,1.03696,0.846783,0.994677,0.0625608,-2.11244,2,-0.01,-2.61936e-06,-0.000494083
845,68.3325,914.778,0.0696403,0.333333,0.0416667,0.150549,0.400058,0.00683076,-0.00834874,0.35465,5.85277e-05,0.012647,0.246799,8908.04,1.00447,0.374963,-1,0.2,1029.22,1.03834e+07,1.25425,1.19175,0.912037,0.185639,-1.94586,1.82956,-0.0102222,-1.12344e-05,-0.000508357
846,56.3007,1000,0.0697089,0.25,0,0.150217,0.402586,0.00577342,-0.00766089,0.339169,5.85277e-05,0.0147225,0.246581,9455.92,0.930513,0.36899,-1,0.2,1030.52,1.03956e+07,0.84647,1.03495,0.996449,0.0741936,-2.11999,2,-0.0165,-3.21503e-06,-0.000534697
847,69.7492,1000,0.0694951,0.166667,0,0.150071,0.404319,0.00531395,-0.00883563,0.32217,5.85277e-05,0.00737192,0.246324,9101.58,0.997121,0.352974,-1,0.2,1031.87,1.04079e+07,1.45292,1.1243,0.997258,0.0603249,-2.14005,2,-0.00675,-2.78633e-06,-0.000537929
848,65.4418,1000,0.0694122,0.416667,0,0.150011,0.409727,0.00557988,-0.00797065,0.304003,5.85277e-05,0.0116167,0.246103,11734.2,0.740226,0.306969,-1,0.2,1032.92,1.04202e+07,1.32469,0.994953,0.995042,0.0951289,-2.12965,2,-0.0076,-2.20195e-06,-0.000463446
849,53.6516,1000,0.0696318,0.416667,0,0.150216,0.406074,0.00563998,-0.00979694,0.287764,5.85277e-05,0.0144595,0.245866,12409,0.705078,0.285175,-1,0.2,1033.91,1.04325e+07,0.832238,0.910518,0.995008,0.0697796,-2.11177,2,-0.0127,-3.17603e-06,-0.000485958
850,59.9536,979.286,0.0702369,0.541667,0.0416667,0.149071,0.397434,0.00527347,-0.010152,0.270069,5.85277e-05,0.0130346,0.245623,12321.3,0.665746,0.331549,-1,0.2,1034.91,1.04448e+07,1.10278,0.942534,0.973889,0.101984,-2.07188,1.95857,-0.00971429,-4.86962e-06,-0.00048514
851,70.3231,1000,0.0696426,0.375,0,0.149179,0.402374,0.00516991,-0.00801311,0.252363,5.85277e-05,0.0112489,0.245383,12864.2,0.702994,0.252218,-1,0.2,1038.65,1.04571e+07,1.28055,1.17269,0.997164,0.189798,-2.11556,2,-0.008,-2.36913e-06,-0.000484567
852,66.9406,1000,0.0698508,0.458333,0,0.148633,0.404863,0.00523951,-0.00792279,0.234541,5.85277e-05,0.0121439,0.245135,13615.6,0.642821,0.259673,-1,0.2,1039.55,1.04694e+07,1.04683,1.24416,0.996534,0.163234,-2.09354,2,-0.00972727,-2.5967e-06,-0.000461786
853,61.8089,1000,0.0698633,0.333333,0,0.147681,0.403035,0.00531649,-0.00864237,0.216145,5.85277e-05,0.0114068,0.244882,13570.2,0.643275,0.262239,-1,0.2,1040.46,1.04817e+07,0.912725,1.14187,0.997099,0.141421,-2.09516,2,-0.007,-2.13006e-06,-0.000509404
854,69.101,1000,0.0701117,0.416667,0,0.148762,0.402218,0.00560017,-0.00999681,0.198121,5.85277e-05,0.0141816,0.244648,13181.2,0.65575,0.276487,-1,0.2,1041.39,1.0494e+07,1.28967,1.17305,0.99699,0.120517,-2.11798,2,-0.0067,-2.00581e-06,-0.000487082
855,72.4484,1000,0.0700004,0.333333,0,0.147165,0.409912,0.00497709,-0.00851356,0.180972,5.85277e-05,0.0110391,0.24441,13516.8,0.634654,0.274434,-1,0.2,1042.3,1.05062e+07,1.16826,1.37186,0.997504,0.187823,-2.09254,2,-0.01,-1.73103e-06,-0.000482095
856,64.8779,1000,0.0701669,0.291667,0,0.147661,0.406792,0.00593581,-0.00743517,0.163574,5.85277e-05,0.0123123,0.244184,12799.3,0.678183,0.281871,-1,0.2,1043.26,1.05185e+07,1.08985,1.12519,0.997186,0.126755,-2.08557,2,-0.009,-3.13771e-06,-0.000513481
857,70.7813,954.5,0.0699364,0.625,0.0416667,0.148289,0.410393,0.00865365,-0.00804601,0.148395,5.85277e-05,0.0129935,0.244003,13114.1,0.661344,0.275664,-1,0.2,1044.2,1.05308e+07,1.2922,1.23272,0.951326,0.149124,-1.98585,1.909,-0.0089375,-3.83758e-06,-0.000517215
858,65.3243,943.75,0.0700178,0.458333,0.0416667,0.148744,0.412777,0.00669025,-0.00852869,0.135794,5.85277e-05,0.00901042,0.243832,12974.2,0.665865,0.281242,-1,0.2,1045.15,1.05431e+07,1.27881,1.00889,0.940594,0.13796,-1.9787,1.8875,-0.00825,-9.59855e-06,-0.000579222
859,65.6644,961.75,0.069756,0.458333,0.0416667,0.149924,0.411655,0.0116979,-0.00719241,0.123278,5.85277e-05,0.0135464,0.243669,12977.6,0.660837,0.286023,-1,0.2,1046.1,1.05554e+07,0.99295,1.21699,0.959405,0.200361,-2.00103,1.9235,-0.00841667,-7.27435e-06,-0.000536133
860,66.7142,951.818,0.0698397,0.416667,0.0416667,0.149801,0.412282,0.00630562,-0.00915282,0.11084,5.85277e-05,0.0112941,0.243488,12040.9,0.70892,0.3116,-1,0.2,1047.12,1.05677e+07,1.13166,1.15954,0.949117,0.185208,-1.98321,1.90364,-0.00972727,-1.00008e-05,-0.000504291
861,78.2808,1000,0.0700701,0.458333,0,0.148256,0.407838,0.00565395,-0.00800227,0.0967202,5.85277e-05,0.0148697,0.243295,13119,0.653256,0.283404,-1,0.2,1048.06,1.058e+07,1.47758,1.33315,0.99746,0.182444,-2.07229,2,-0.00381818,-2.25584e-06,-0.000484079
862,69.2437,1000,0.0697406,0.875,0,0.151355,0.410858,0.00531399,-0.00757095,0.0819526,8.77915e-05,0.0038655,0.243077,12944.8,0.670926,0.278337,-1,0.2,1049.01,1.05923e+07,1.33937,1.05728,0.996445,0.134108,-2.05719,2,-0.00733333,-2.28605e-06,-0.000496093
863,69.6903,1000,0.0700354,0.416667,0,0.15236,0.410054,0.00563055,-0.00804692,0.0609902,5.85277e-05,0.0202713,0.24274,12885.7,0.666229,0.287384,-1,0.2,1049.96,1.06045e+07,1.26342,1.10772,0.996294,0.175925,-2.05131,2,-0.0071,-2.27011e-06,-0.000437781
864,81.8983,1000,0.0701188,0.416667,0,0.152826,0.410788,0.0156231,-0.00724213,0.0419955,5.85277e-05,0.013352,0.242574,13192.2,0.651366,0.28009,-1,0.2,1050.89,1.06168e+07,1.56781,1.31283,0.997288,0.266481,-2.04507,2,-0.004,-1.99605e-06,-0.000422732
865,59.1023,977.667,0.0695306,0.333333,0.0416667,0.153097,0.414951,0.028056,-0.00639032,0.0319081,5.85277e-05,0.0113121,0.242475,12823.3,0.670824,0.287435,-1,0.2,1051.85,1.06291e+07,0.928726,0.972645,0.973786,0.139392,-2.00369,1.95533,-0.0105556,-6.9898e-06,-0.000516444
866,57.2504,905.538,0.0700459,0.458333,0.0833333,0.153233,0.412741,0.00919099,-0.0103502,0.0243283,5.85277e-05,0.0080947,0.242345,13058.2,0.663852,0.277168,-1,0.2,1052.79,1.06414e+07,1.0507,0.833457,0.901509,0.12962,-1.85615,1.81108,-0.00715385,-1.1755e-05,-0.000532189
867,84.7595,1000,0.0697602,0.333333,0,0.152736,0.411815,0.00762807,-0.00863219,0.0128279,5.85277e-05,0.00676205,0.242169,13166.7,0.654657,0.278606,-1,0.2,1053.73,1.06537e+07,1.74527,1.31422,0.997935,0.25701,-2.06951,2,-0.0065,-2.00607e-06,-0.000449373
868,67.1754,1000,0.069781,0.458333,0,0.152794,0.411993,0.0100118,-0.00773365,-0.000400984,5.85277e-05,0.0121619,0.242001,13062.5,0.662285,0.278421,-1,0.2,1054.67,1.0666e+07,0.870108,1.34787,0.997,0.199285,-2.04524,2,-0.00981818,-1.96478e-06,-0.000436073
869,63.118,939,0.0696071,0.5,0.0416667,0.152735,0.418274,0.00790639,-0.00955338,-0.0127047,5.85277e-05,0.0121077,0.241823,13268.4,0.645023,0.281084,-1,0.2,1055.6,1.06783e+07,1.10803,1.01494,0.935896,0.140266,-1.91418,1.878,-0.00646154,-1.57317e-05,-0.00057404
870,65.2153,946.091,0.0700937,0.833333,0.0833333,0.15161,0.416092,0.0162854,-0.00834464,-0.025319,5.85277e-05,0.0130167,0.241682,13266.3,0.652528,0.273732,-1,0.2,1056.53,1.06906e+07,1.22157,0.995198,0.94052,0.146059,-1.92803,1.89218,-0.00618182,-2.02461e-05,-0.000529841
871,63.4674,994,0.0703458,0.541667,0.0416667,0.152307,0.408053,0.00902406,-0.00685325,-0.0354432,5.85277e-05,0.00568109,0.241535,13290.7,0.649498,0.275057,-1,0.2,1057.45,1.07028e+07,1.2093,0.920514,0.989839,0.0958444,-2.022,1.988,-0.00757143,-3.93499e-06,-0.000545796
872,67.248,978.905,0.0704341,0.833333,0.0416667,0.15289,0.408295,0.02659,-0.00669637,-0.04615,5.85277e-05,0.0104232,0.241407,12278.8,0.70972,0.291029,-1,0.2,1058.45,1.07151e+07,1.2193,1.05029,0.975891,0.152734,-1.98795,1.95781,-0.00514286,-6.54978e-06,-0.000520179
873,65.5319,949.6,0.070937,0.75,0.0833333,0.152706,0.401321,0.00984495,-0.00851213,-0.0561982,5.85277e-05,0.0087657,0.241252,13133.3,0.652034,0.283601,-1,0.2,1059.39,1.07274e+07,1.19748,1.05078,0.945945,0.121032,-1.93176,1.8992,-0.00555,-5.7514e-06,-0.000528591
874,77.9899,1000,0.0708529,1.125,0,0.154003,0.399635,0.011693,-0.00818061,-0.0681014,5.85277e-05,0.0118188,0.241099,12885.2,0.675068,0.278583,-1,0.2,1060.35,1.07397e+07,1.40347,1.30173,0.997543,0.222857,-2.02216,2,-0.00348148,-1.64656e-06,-0.000463021
875,67.3406,972.885,0.0709193,1.04167,0.0416667,0.155872,0.398455,0.00808731,-0.00820233,-0.0807279,5.85277e-05,0.0109632,0.240901,12875,0.674124,0.280282,-1,0.2,1061.3,1.0752e+07,1.14868,1.11748,0.970523,0.166602,-1.97793,1.94577,-0.00353846,-2.55693e-06,-0.000547566
876,72.6296,1000,0.0709102,0.791667,0,0.155961,0.397769,0.00729498,-0.00946881,-0.0966056,5.85277e-05,0.0110464,0.240681,12335.5,0.698795,0.297358,-1,0.2,1062.3,1.07643e+07,1.30113,1.2092,0.997338,0.159339,-2.02955,2,-0.00547368,-1.78335e-06,-0.00051049
877,64.7847,964.667,0.0709274,0.833333,0.0416667,0.15674,0.395898,0.0112136,-0.00904419,-0.112778,5.85277e-05,0.0153444,0.240476,9452.08,0.869596,0.430435,-1,0.2,1063.6,1.07766e+07,1.02256,1.16807,0.961675,0.116925,-1.95004,1.92933,-0.0087619,-5.97439e-06,-0.000510955
878,62.692,941.917,0.0707704,0.458333,0.0416667,0.157994,0.394789,0.00802801,-0.0103813,-0.12813,5.85277e-05,0.0130643,0.240268,9437.79,0.936631,0.365368,-1,0.2,1064.9,1.07889e+07,1.11715,1.0167,0.937681,0.093944,-1.90895,1.88383,-0.00525,-5.52737e-06,-0.000510172
879,74.4266,1000,0.0706793,0.75,0,0.156916,0.396867,0.00637442,-0.0088493,-0.144275,5.85277e-05,0.0112302,0.240043,9775.21,0.961365,0.295693,-1,0.2,1066.16,1.08012e+07,1.27488,1.26726,0.996926,0.199673,-2.01103,2,-0.00594444,-1.82587e-06,-0.000433071
880,74.8508,1000,0.0708393,0.583333,0,0.157673,0.396941,0.00637853,-0.00933456,-0.161944,5.85277e-05,0.0191081,0.239798,10779.5,0.768059,0.371879,-1,0.2,1067.3,1.08134e+07,1.38073,1.18064,0.996788,0.196031,-2.00747,2,-0.00371429,-1.5125e-06,-0.000458833
881,69.4038,1000,0.0714897,0.25,0,0.157381,0.395311,0.0162421,-0.00789529,-0.178432,5.85277e-05,0.0139511,0.239612,8814.13,0.98102,0.413105,-1,0.2,1068.7,1.08257e+07,1.07322,1.27618,0.995685,0.143686,-2.00946,2,-0.00866667,-2.28829e-06,-0.000450894
882,75.5894,976.571,0.0708218,0.541667,0.0416667,0.157718,0.400781,0.0180483,-0.00990867,-0.191217,5.85277e-05,0.013894,0.239455,8710.88,1.0129,0.397745,-1,0.2,1070.11,1.0838e+07,1.32416,1.27232,0.973523,0.213917,-1.95285,1.95314,-0.00428571,-8.57921e-06,-0.000454983
883,48.1831,785,0.0706182,0.25,0.0833333,0.156916,0.408506,0.0104332,-0.00978827,-0.202871,5.85277e-05,0.0147571,0.239302,8795.7,1.0135,0.383545,-1,0.2,1071.51,1.08503e+07,0.922632,0.627417,0.780889,0.0816462,-1.56881,1.57,-0.004,-1.6485e-05,-0.000606774
884,62.6704,905.25,0.0708197,0.291667,0.0416667,0.156211,0.404617,0.00819096,-0.00812071,-0.215048,5.85277e-05,0.0165068,0.239124,9602.92,0.916975,0.362635,-1,0.2,1072.79,1.08626e+07,1.19752,0.898491,0.901659,0.141745,-1.81031,1.8105,-0.0055,-9.33309e-06,-0.000569029
885,71.7541,1000,0.0705067,0.416667,0,0.155776,0.408909,0.0107891,-0.00885562,-0.229231,5.85277e-05,0.00824691,0.23893,9346.1,0.909808,0.404965,-1,0.2,1074.11,1.08749e+07,1.03733,1.36352,0.997772,0.194108,-1.99978,2,-0.0048,-8.34743e-07,-0.000432979
886,69.9521,927.75,0.0705739,0.291667,0.0416667,0.156533,0.410906,0.0066418,-0.00935175,-0.244287,5.85277e-05,0.0161624,0.238718,10198,0.822974,0.381965,-1,0.2,1075.31,1.08872e+07,1.31518,1.05236,0.923627,0.187913,-1.83498,1.8555,-0.0015,-1.04835e-05,-0.000489031
887,64.0562,1000,0.0700228,0.291667,0,0.157424,0.415018,0.00635665,-0.00821492,-0.260817,5.85277e-05,0.0109135,0.2385,10458.2,0.811989,0.362971,-1,0.2,1076.49,1.08995e+07,1.07002,1.04289,0.995784,0.0937536,-1.99395,2,-0.00514286,-1.8793e-06,-0.000541095
888,72.649,942.333,0.0702797,0.208333,0.0416667,0.156924,0.412912,0.00970236,-0.00639544,-0.276091,5.85277e-05,0.013372,0.238315,10545.3,0.79807,0.367185,-1,0.2,1077.66,1.09117e+07,1.2108,1.29964,0.939162,0.172093,-1.87006,1.88467,-0.00333333,-5.17076e-06,-0.000507345
889,76.489,1000,0.0700094,0.291667,0,0.15668,0.425484,0.00663774,-0.0077682,-0.289766,5.85277e-05,0.0117488,0.238133,9229.32,0.924615,0.406794,-1,0.2,1078.99,1.0924e+07,1.53156,1.08417,0.997201,0.189458,-1.97461,2,-0.00285714,-1.65934e-06,-0.000468075
890,65.6562,1000,0.0699219,0.25,0,0.157579,0.421861,0.00830907,-0.00782608,-0.303244,5.85277e-05,0.0142555,0.237966,9706.8,0.913202,0.352714,-1,0.2,1080.26,1.09363e+07,1.08624,1.06966,0.996279,0.119407,-1.98363,2,-0.00466667,-9.58029e-07,-0.000474234
891,63.8237,978.933,0.0701525,0.583333,0.0416667,0.156699,0.427583,0.00998501,-0.00731546,-0.315579,5.85277e-05,0.0129404,0.237799,10418.8,0.831351,0.348051,-1,0.2,1081.44,1.09486e+07,1.23495,0.861163,0.975136,0.100078,-1.93219,1.95787,-0.00526667,-2.31455e-06,-0.000548657
892,55.5014,945.182,0.0705329,0.416667,0.0416667,0.156001,0.422925,0.0060515,-0.00881378,-0.329271,5.85277e-05,0.00892368,0.237605,11829.4,0.734321,0.304444,-1,0.2,1082.48,1.09609e+07,0.908267,0.819973,0.941109,0.0687094,-1.84883,1.89036,-0.004,-9.41511e-06,-0.000516842
893,73.7048,1000,0.0705938,0.333333,0,0.155093,0.423099,0.00631889,-0.00867698,-0.344515,5.85277e-05,0.0101693,0.237402,9498.16,0.885861,0.407864,-1,0.2,1083.77,1.09732e+07,1.32601,1.14778,0.997507,0.162881,-1.94346,2,-0.005,-1.08445e-06,-0.000480175
894,68.7649,1000,0.0708575,0.541667,0,0.154999,0.419811,0.0083408,-0.00761591,-0.359135,5.85277e-05,0.0155684,0.237218,9457.83,0.939057,0.360184,-1,0.2,1085.07,1.09855e+07,1.17122,1.12748,0.997207,0.10273,-1.95587,2,-0.004,-1.21591e-06,-0.000512503
895,65.0463,1000,0.0709865,0.333333,0,0.1551,0.416334,0.00715172,-0.00984707,-0.373861,5.85277e-05,0.0118187,0.237011,9892.73,0.92722,0.314905,-1,0.2,1086.32,1.09978e+07,1.14437,0.983351,0.99599,0.0883589,-1.95424,2,-0.005,-1.2776e-06,-0.000504532
896,71.2559,1000,0.0712863,0.25,0,0.15341,0.41631,0.0060707,-0.0102858,-0.390156,5.85277e-05,0.015486,0.236796,12720,0.685732,0.280307,-1,0.2,1087.28,1.101e+07,1.11666,1.25559,0.995781,0.140005,-1.9401,2,-0.00466667,-1.54712e-06,-0.00047384
897,82.6934,1000,0.0708945,0.333333,0,0.154896,0.415081,0.00700446,-0.00987079,-0.405456,5.85277e-05,0.0131643,0.23661,11077.7,0.68184,0.427415,-1,0.2,1088.39,1.10223e+07,1.59864,1.26552,0.998056,0.22318,-1.94627,2,-0.004,-1.53925e-06,-0.000461804
898,57.2538,1000,0.070918,0.291667,0,0.155065,0.414608,0.0274365,-0.00394793,-0.417195,5.85277e-05,0.0102109,0.236501,9420.02,0.943751,0.360704,-1,0.2,1089.7,1.10346e+07,0.920611,0.827513,0.996846,0.0650674,-1.9428,2,-0.004,-9.31809e-07,-0.000541019
899,67.7646,942.45,0.0716559,0.708333,0.125,0.155237,0.414543,0.0270261,-0.00600379,-0.42423,5.85277e-05,0.0124118,0.236406,9442.77,0.924762,0.376551,-1,0.2,1091,1.10469e+07,1.13833,1.0995,0.939612,0.161464,-1.83039,1.8849,-0.00465,-9.62902e-06,-0.000513146
900,61.2478,975.714,0.0714397,0.541667,0.0416667,0.154136,0.407329,0.00922829,-0.0109666,-0.433094,5.85277e-05,0.0103317,0.236261,10893.7,0.811154,0.316834,-1,0.2,1092.13,1.10592e+07,1.02972,0.916236,0.972232,0.0967548,-1.89629,1.95143,-0.00714286,-4.70799e-06,-0.00054178
901,57.9021,1000,0.0720526,0.416667,0,0.153469,0.407316,0.0100629,-0.00948809,-0.445112,5.85277e-05,0.00774108,0.2361,10108.6,0.869718,0.345882,-1,0.2,1096.02,1.10715e+07,0.93714,0.865955,0.997323,0.0396161,-1.94235,2,-0.002,-2.69337e-07,-0.000578317
902,70.1532,906.909,0.0721364,0.375,0.0833333,0.153581,0.406446,0.0160927,-0.0057296,-0.456574,5.85277e-05,0.0171782,0.235967,13379.1,0.650213,0.268238,-1,0.2,1096.94,1.10838e+07,1.39072,1.03734,0.90441,0.137739,-1.77115,1.81382,-0.00463636,-1.18578e-05,-0.00057047
903,61.3815,921.579,0.0720059,0.666667,0.125,0.153267,0.407754,0.0104367,-0.00970256,-0.466918,5.85277e-05,0.0135343,0.235814,8535.53,0.946714,0.492916,-1,0.2,1098.38,1.10961e+07,0.91691,1.04312,0.918618,0.137623,-1.78623,1.84316,-0.00357895,-6.3379e-06,-0.000539501
904,64.7598,1000,0.0730308,0.625,0,0.151837,0.401077,0.0108112,-0.00918303,-0.479587,5.85277e-05,0.0186367,0.235641,9616.03,0.878705,0.399162,-1,0.2,1099.66,1.11084e+07,1.14553,0.9438,0.995588,0.0885723,-1.92861,2,-0.0064,-2.1014e-06,-0.000496553
905,60.4646,922.667,0.0736583,0.333333,0.0416667,0.151241,0.391396,0.00649625,-0.00919662,-0.493392,5.85277e-05,0.0143592,0.235451,9472.41,0.934118,0.363123,-1,0.2,1100.96,1.11206e+07,1.08542,0.878028,0.919626,0.0868188,-1.78579,1.84533,-0.00566667,-7.76127e-06,-0.000531075
906,62.3171,1000,0.0736743,0.458333,0,0.150925,0.38866,0.00551045,-0.0108776,-0.508922,5.85277e-05,0.0147551,0.235233,8990.57,0.973077,0.393688,-1,0.2,1102.33,1.11329e+07,1.03649,0.903517,0.996456,0.0956746,-1.91142,2,-0.00436364,-9.90301e-07,-0.00049662
907,75.0048,1000,0.0734926,0.375,0,0.150393,0.38656,0.00586379,-0.00787933,-0.526805,5.85277e-05,0.0134164,0.234988,8532.22,1.04453,0.395656,-1,0.2,1103.77,1.11452e+07,1.34996,1.18345,0.996117,0.130787,-1.90739,2,-0.00222222,-9.09971e-07,-0.000455867
908,77.2469,1000,0.0739586,0.458333,0,0.150735,0.381346,0.0070161,-0.00831701,-0.544529,5.85277e-05,0.00782175,0.234773,9206.71,0.97543,0.359249,-1,0.2,1105.11,1.11575e+07,1.34061,1.31481,0.998205,0.154404,-1.94157,2,-0.00363636,-8.35305e-07,-0.000483536
909,67.6616,930.4,0.0737206,0.375,0.0416667,0.151097,0.392582,0.00788417,-0.00827296,-0.560258,5.85277e-05,0.0122831,0.234576,10515.7,0.790728,0.377806,-1,0.2,1106.28,1.11698e+07,1.22312,1.02766,0.927941,0.129305,-1.78276,1.8608,-0.0024,-1.6741e-05,-0.000570718
910,66.7783,1000,0.0739696,0.333333,0,0.150608,0.38585,0.0162114,-0.00609705,-0.57363,5.85277e-05,0.0119768,0.234437,10101.1,0.865379,0.351119,-1,0.2,1107.49,1.11821e+07,1.24726,0.910261,0.996597,0.108955,-1.91767,2,-0.006,-1.78212e-06,-0.000488385
911,71.1274,958.643,0.0735991,0.541667,0.0416667,0.151795,0.387595,0.00819348,-0.00541423,-0.584049,5.85277e-05,0.0113618,0.234291,9101.98,0.97228,0.377756,-1,0.2,1108.84,1.11944e+07,1.30496,1.10334,0.954971,0.101879,-1.8219,1.91729,-0.00364286,-3.56427e-06,-0.000529016
912,79.3828,1000,0.0736629,0.875,0,0.152194,0.388157,0.0204815,-0.00712151,-0.594716,5.85277e-05,0.0144335,0.234167,10678.8,0.831849,0.318837,-1,0.2,1110,1.12067e+07,1.34396,1.32133,0.997741,0.196273,-1.88634,2,-0.00338095,-9.47966e-07,-0.000449
913,63.4544,935.526,0.0740624,0.666667,0.125,0.15132,0.383038,0.00866362,-0.00862077,-0.604593,5.85277e-05,0.0101905,0.234028,9572.51,0.896577,0.387099,-1,0.2,1111.28,1.12189e+07,1.06869,0.971695,0.932061,0.113297,-1.77879,1.87105,-0.00473684,-1.07413e-05,-0.000537376
914,70.2387,1000,0.0748116,0.916667,0,0.149849,0.377699,0.0116405,-0.00496947,-0.615517,5.85277e-05,0.0123799,0.233888,9883.81,0.889486,0.353759,-1,0.2,1112.53,1.12312e+07,1.0153,1.27338,0.997149,0.131893,-1.89985,2,-0.00545455,-1.13526e-06,-0.000481856
915,71.9898,982.389,0.0752502,0.708333,0.0416667,0.146659,0.376034,0.00964136,-0.00748633,-0.626627,5.85277e-05,0.012798,0.233734,9060.7,1.02808,0.328107,-1,0.2,1113.88,1.12435e+07,1.22912,1.15216,0.979878,0.138378,-1.85951,1.96478,-0.00477778,-4.07725e-06,-0.000527338
916,68.7386,979.036,0.07493,1.125,0.0416667,0.147802,0.38092,0.012042,-0.00836228,-0.638916,5.85277e-05,0.0152471,0.233571,9636.13,0.895983,0.379218,-1,0.2,1115.16,1.12558e+07,1.14194,1.11141,0.976036,0.114348,-1.85815,1.95807,-0.00621429,-3.73226e-06,-0.000505074
917,70.9023,974.435,0.076136,0.916667,0.0416667,0.145441,0.370194,0.00701658,-0.00992912,-0.65257,5.85277e-05,0.0126889,0.233379,9284.04,0.971012,0.352549,-1,0.2,1116.49,1.12681e+07,1.22421,1.09302,0.970616,0.161522,-1.84758,1.94887,-0.00508696,-4.39273e-06,-0.000441032
918,62.4054,1000,0.0761196,0.916667,0,0.145483,0.368733,0.0108435,-0.00854222,-0.66777,5.85277e-05,0.0148314,0.233179,10484,0.888279,0.283792,-1,0.2,1117.66,1.12804e+07,0.965294,0.976645,0.995897,0.0805199,-1.89433,2,-0.00327273,-9.21145e-07,-0.000485451
919,64.8662,970.188,0.0763977,0.625,0.0416667,0.144252,0.37137,0.00630147,-0.00867152,-0.683024,5.85277e-05,0.0147727,0.232983,8971.45,0.943461,0.426218,-1,0.2,1119.03,1.12927e+07,0.92694,1.13406,0.967027,0.117017,-1.83659,1.94037,-0.005,-4.74272e-06,-0.000515002
920,78.6962,1000,0.0769003,0.583333,0,0.143182,0.35919,0.00547968,-0.00935255,-0.699754,5.85277e-05,0.00887432,0.232741,8207.48,1.12107,0.376102,-1,0.2,1120.53,1.1305e+07,1.38757,1.2154,0.996748,0.208025,-1.8678,2,-0.00471429,-1.30307e-06,-0.000420806
921,77.807,1000,0.0768497,0.583333,0,0.142828,0.360237,0.00557924,-0.00863902,-0.719239,5.85277e-05,0.0144204,0.232487,9642.59,0.914933,0.359414,-1,0.2,1121.8,1.13172e+07,1.24958,1.33456,0.997939,0.207587,-1.89545,2,-0.00342857,-9.14414e-07,-0.000438869
922,73.6946,1000,0.0771642,0.5,0,0.141511,0.36211,0.00540508,-0.00884192,-0.738887,5.85277e-05,0.0127051,0.232229,10354.7,0.792552,0.394155,-1,0.2,1122.99,1.13295e+07,1.27201,1.12261,0.996152,0.170743,-1.87301,2,-0.00333333,-1.48989e-06,-0.000433263
923,77.6403,1000,0.0770258,0.5,0,0.14187,0.360822,0.00520794,-0.00705007,-0.759489,8.77915e-05,0.00471919,0.231956,9752.63,0.902607,0.357361,-1,0.2,1124.25,1.13418e+07,1.32736,1.28414,0.997712,0.159889,-1.88261,2,-0.004,-9.06096e-07,-0.000474193
924,86.7104,1000,0.0767735,0.291667,0,0.142267,0.367634,0.0135391,-0.00533494,-0.781796,8.77915e-05,0.0171586,0.23168,9248.36,0.910131,0.418537,-1,0.2,1125.58,1.13541e+07,1.69655,1.33752,0.996374,0.173238,-1.86547,2,-0.00228571,-3.79652e-07,-0.000406035
925,83.3867,1000,0.0766012,0.458333,0,0.142127,0.376005,0.00689392,-0.00816031,-0.801869,8.77915e-05,0.0190779,0.231405,11045.2,0.776497,0.336026,-1,0.2,1126.7,1.13664e+07,1.33536,1.51059,0.997588,0.194924,-1.86611,2,-0.00254545,-1.66084e-06,-0.000465969
926,64.9729,1000,0.0765038,0.375,0,0.141437,0.380137,0.00541929,-0.00926986,-0.825089,8.77915e-05,0.0146047,0.231082,12608.2,0.688744,0.285858,-1,0.2,1127.67,1.13787e+07,1.02311,0.988284,0.996434,0.13733,-1.88804,2,-0.008,-5.2829e-06,-0.000469344
927,72.2554,1000,0.0765165,0.208333,0,0.141008,0.380867,0.00502104,-0.00657635,-0.850539,5.85277e-05,0.021101,0.230761,12997.6,0.663777,0.281629,-1,0.2,1128.62,1.1391e+07,1.03885,1.32766,0.998479,0.126714,-1.87681,2,-0.0016,-1.2973e-07,-0.000517729
928,60.8578,1000,0.0765769,0.375,0,0.140083,0.384406,0.00814071,-0.00781177,-0.871139,5.85277e-05,0.0120426,0.23055,12634.1,0.700415,0.272191,-1,0.2,1129.59,1.14033e+07,0.768161,1.06864,0.997105,0.0787221,-1.86577,2,-0.00344444,-1.65023e-06,-0.000523987
929,78.6791,915,0.0767373,0.208333,0.0416667,0.138757,0.390766,0.00584897,-0.00796279,-0.887983,5.85277e-05,0.0130317,0.230334,13132.4,0.655354,0.280344,-1,0.2,1130.53,1.14156e+07,1.40924,1.27078,0.912967,0.217676,-1.70108,1.83,-0.00516667,-8.74929e-06,-0.000461095
930,78.4083,1000,0.0766059,0.208333,0,0.138764,0.396125,0.0125822,-0.00450645,-0.903331,5.85277e-05,0.00728153,0.230173,13023.8,0.661129,0.282376,-1,0.2,1131.48,1.14278e+07,1.40964,1.18772,0.997175,0.181417,-1.85191,2,-0.0032,-7.38518e-07,-0.000426405
931,57.0652,924,0.0765033,0.291667,0.0833333,0.138263,0.397795,0.00549489,-0.00744839,-0.916025,5.85277e-05,0.0145959,0.229985,13141.5,0.655401,0.279654,-1,0.2,1132.41,1.14401e+07,0.955716,0.782159,0.919976,0.0714055,-1.72029,1.848,-0.00311111,-1.25988e-05,-0.000588811
932,82.1052,1000,0.0767024,0.375,0,0.137296,0.39889,0.0122916,-0.0034711,-0.930786,5.85277e-05,0.00936845,0.229823,11924.1,0.743776,0.286738,-1,0.2,1133.44,1.14524e+07,1.59899,1.1331,0.996713,0.223537,-1.84325,2,-0.00344444,-1.83107e-06,-0.000396673
933,76.2564,978.286,0.0764541,0.541667,0.0416667,0.138156,0.398546,0.00604155,-0.00841168,-0.943695,5.85277e-05,0.0116127,0.229635,12400.4,0.700892,0.290044,-1,0.2,1134.44,1.14647e+07,1.26208,1.24969,0.97476,0.171047,-1.79636,1.95657,-0.0045,-1.80819e-06,-0.000467765
934,74.9629,1000,0.0766076,0.416667,0,0.139978,0.397597,0.005146,-0.00820741,-0.959909,5.85277e-05,0.0106444,0.229422,12794.3,0.676745,0.283684,-1,0.2,1135.4,1.1477e+07,1.40624,1.01782,0.995479,0.178694,-1.84406,2,-0.0056,-4.18901e-06,-0.000424609
935,65.3813,1000,0.0766571,0.208333,0,0.141323,0.393065,0.00586058,-0.00871373,-0.976866,5.85277e-05,0.00811475,0.229198,12520.1,0.653364,0.3281,-1,0.2,1136.38,1.14893e+07,1.06446,0.931543,0.995419,0.123449,-1.84135,2,-0.004,-2.08396e-06,-0.000452444
936,73.8692,1000,0.0762868,0.583333,0,0.141786,0.399262,0.0137408,-0.00731214,-0.993099,5.85277e-05,0.0162936,0.229021,13172.3,0.651892,0.280977,-1,0.2,1137.31,1.15016e+07,1.25933,1.10382,0.997419,0.182308,-1.84586,2,-0.00314286,-9.3715e-07,-0.000428354
937,71.4255,922.545,0.0758885,0.375,0.0833333,0.141983,0.40044,0.0118357,-0.00664872,-1.00584,5.85277e-05,0.0141171,0.228873,13163.5,0.642727,0.290763,-1,0.2,1138.25,1.15139e+07,1.24136,1.1137,0.92015,0.138872,-1.68322,1.84509,-0.00418182,-7.45871e-06,-0.000486122
938,81.4229,918,0.0761626,0.208333,0.0416667,0.141931,0.403597,0.0131093,-0.00768363,-1.01712,5.85277e-05,0.0131552,0.228728,12782.5,0.680247,0.281071,-1,0.2,1139.21,1.15261e+07,1.36535,1.38581,0.915933,0.226787,-1.65227,1.836,-0.006,-1.17647e-05,-0.000452355
939,59.5983,837,0.075874,0.0833333,0.0833333,0.142549,0.406447,0.0113428,-0.00599581,-1.02807,5.85277e-05,0.0155923,0.228597,13145.5,0.657482,0.277285,-1,0.2,1140.15,1.15384e+07,0.81698,1.112,0.834533,0.086241,-1.53577,1.674,-0.00725,-3.13633e-05,-0.000791216
940,76.4154,1000,0.0754141,0.625,0,0.142218,0.412426,0.00562944,-0.00723409,-1.04005,5.85277e-05,0.00925612,0.228414,13209.5,0.648814,0.281429,-1,0.2,1141.08,1.15507e+07,1.34382,1.16228,0.996804,0.160653,-1.83815,2,-0.0042,-2.42333e-06,-0.000442812
941,81.7448,1000,0.0759581,0.541667,0,0.143495,0.405721,0.00524233,-0.00968447,-1.05527,5.85277e-05,0.0111961,0.228216,13069.3,0.663201,0.277018,-1,0.2,1142.02,1.1563e+07,1.31262,1.38689,0.998313,0.22049,-1.82973,2,-0.000923077,-7.16535e-07,-0.000417463
942,74.8149,1000,0.0760524,0.458333,0,0.144443,0.402746,0.00480983,-0.0073424,-1.07202,5.85277e-05,0.0114,0.227988,13500.8,0.636172,0.273996,-1,0.2,1142.93,1.15753e+07,1.2879,1.13591,0.997422,0.138038,-1.81479,2,-0.00327273,-7.8873e-07,-0.000453077
943,77.5095,979.667,0.0757362,0.458333,0.0416667,0.145044,0.406701,0.0103928,-0.00777953,-1.08904,5.85277e-05,0.0139139,0.227798,13341.5,0.640069,0.280967,-1,0.2,1143.86,1.15876e+07,1.33344,1.18607,0.976171,0.195814,-1.77224,1.95933,-0.00266667,-2.5336e-06,-0.000445488
944,73.9409,1000,0.0758218,0.458333,0,0.144533,0.403714,0.00660055,-0.00632509,-1.10358,5.85277e-05,0.0137562,0.227612,13122.3,0.65207,0.284349,-1,0.2,1144.79,1.15999e+07,1.16138,1.23225,0.997696,0.119418,-1.80923,2,-0.004,-8.23456e-07,-0.000463268
945,74.1965,1000,0.0764514,0.833333,0,0.144409,0.401084,0.00534516,-0.00863742,-1.11962,5.85277e-05,0.00767542,0.22738,13188,0.657799,0.273957,-1,0.2,1145.73,1.16122e+07,1.17258,1.21841,0.997099,0.142692,-1.81752,2,-0.00295,-9.16799e-07,-0.00048001
946,73.0056,1000,0.0762695,0.5,0,0.144775,0.401451,0.00465325,-0.009005,-1.13899,5.85277e-05,0.0122439,0.227131,13095.1,0.664068,0.274301,-1,0.2,1146.67,1.16244e+07,1.29984,1.04161,0.996355,0.128718,-1.81038,2,-0.00541667,-2.49199e-06,-0.000448169
947,80.8122,1000,0.0765706,0.458333,0,0.144297,0.402236,0.00477477,-0.00775474,-1.15876,5.85277e-05,0.0114618,0.226881,13441.8,0.64042,0.273741,-1,0.2,1147.58,1.16367e+07,1.32747,1.31402,0.99794,0.209711,-1.80573,2,-0.00236364,-2.6049e-06,-0.00043296
948,72.1668,1000,0.0762031,0.333333,0,0.144606,0.404508,0.00513897,-0.00883163,-1.17886,5.85277e-05,0.0155918,0.226622,13666.4,0.626415,0.272726,-1,0.2,1148.48,1.1649e+07,1.13348,1.14946,0.996833,0.140085,-1.80767,2,-0.003375,-1.81384e-06,-0.000471736
949,73.333,1000,0.076033,0.541667,0,0.144427,0.407385,0.00966044,-0.00778912,-1.19825,5.85277e-05,0.00767952,0.226404,13801.7,0.618337,0.271991,-1,0.2,1149.37,1.16613e+07,1.24941,1.13208,0.996448,0.0943546,-1.7996,2,-0.00553846,-9.92413e-07,-0.000503761
950,76.5067,1000,0.0767896,0.25,0,0.144369,0.402086,0.00818021,-0.00872859,-1.21464,5.85277e-05,0.0116941,0.226208,13146.2,0.638773,0.295945,-1,0.2,1150.31,1.16736e+07,1.20626,1.24146,0.995645,0.200546,-1.81303,2,-0.00516667,-1.89844e-06,-0.000378194
951,73.4331,972.308,0.0765227,0.5,0.0416667,0.144142,0.403296,0.00747196,-0.00830872,-1.22896,5.85277e-05,0.00752107,0.226039,11438.3,0.758835,0.315448,-1,0.2,1154.17,1.16859e+07,1.29624,1.05147,0.969004,0.170432,-1.75501,1.94462,-0.00461538,-3.06768e-06,-0.000472459
952,74.075,925.444,0.0764385,0.333333,0.0416667,0.144536,0.40775,0.014452,-0.00746666,-1.24226,5.85277e-05,0.0130131,0.225876,9919.93,0.866711,0.372007,-1,0.2,1155.41,1.16982e+07,1.1215,1.28402,0.922352,0.189928,-1.66009,1.85089,-0.00433333,-8.65807e-06,-0.000495543
953,76.9439,994,0.0766663,0.708333,0.0416667,0.144517,0.404349,0.00698332,-0.00970576,-1.25627,5.85277e-05,0.0169697,0.22568,9518.23,0.964855,0.326141,-1,0.2,1156.7,1.17105e+07,1.33357,1.12446,0.990785,0.194695,-1.77942,1.988,-0.00444444,-2.68511e-06,-0.00045077
954,74.0737,1000,0.0769719,0.75,0,0.143817,0.4023,0.00585578,-0.00934847,-1.27276,5.85277e-05,0.00911753,0.225465,9904.14,0.875162,0.365531,-1,0.2,1157.95,1.17228e+07,1.11929,1.21786,0.997264,0.16387,-1.78953,2,-0.00461111,-1.83749e-06,-0.000455467
955,77.3202,994.4,0.0773997,0.791667,0.0416667,0.143503,0.397812,0.00749816,-0.0106729,-1.29064,5.85277e-05,0.0157061,0.225229,9668.21,0.910175,0.360794,-1,0.2,1159.22,1.1735e+07,1.32868,1.14173,0.991737,0.194598,-1.77578,1.9888,-0.0033,-3.59865e-06,-0.000442919
956,83.0719,1000,0.0773196,1,0,0.144755,0.39257,0.00507525,-0.00869181,-1.30957,5.85277e-05,0.010488,0.225002,9589.03,0.909131,0.372333,-1,0.2,1160.5,1.17473e+07,1.47742,1.24565,0.997424,0.204101,-1.76645,2,-0.004125,-1.15396e-06,-0.000420718
957,67.4012,1000,0.0775448,0.875,0,0.145675,0.392019,0.00496856,-0.00933676,-1.32753,5.85277e-05,0.0132412,0.224778,9438.1,0.946138,0.355819,-1,0.2,1161.8,1.17596e+07,1.13538,0.924661,0.994965,0.0996395,-1.78081,2,-0.00333333,-1.23864e-06,-0.000439605
958,81.1719,1000,0.0777817,1,0,0.146264,0.385396,0.00478091,-0.00906501,-1.3465,5.85277e-05,0.0124219,0.22452,11303.9,0.74612,0.340935,-1,0.2,1162.89,1.17719e+07,1.44597,1.23208,0.997084,0.161602,-1.77503,2,-0.00266667,-8.76678e-07,-0.00044406
959,64.442,1000,0.0782957,0.708333,0,0.146669,0.373131,0.00478037,-0.0092532,-1.36773,5.85277e-05,0.0134449,0.224255,8845.88,1.00488,0.384237,-1,0.2,1164.28,1.17842e+07,1.0704,0.857994,0.995906,0.0840931,-1.78181,2,-0.004,-2.97315e-06,-0.000482914
960,71.8085,1000,0.0788265,0.958333,0,0.146048,0.369558,0.00496917,-0.00880186,-1.3885,5.85277e-05,0.0140786,0.224009,9510.5,0.95356,0.338485,-1,0.2,1165.58,1.17965e+07,1.19095,1.04988,0.996283,0.121345,-1.76345,2,-0.00413043,-1.01589e-06,-0.000452283
961,82.1559,1000,0.0793507,0.541667,0,0.145781,0.362326,0.0046766,-0.00866702,-1.40817,5.85277e-05,0.0152895,0.223756,10578.3,0.869384,0.292238,-1,0.2,1166.74,1.18088e+07,1.4891,1.21201,0.996898,0.184747,-1.77091,2,-0.00361538,-1.73392e-06,-0.000430087
962,82.3608,1000,0.0789798,0.583333,0,0.145967,0.363446,0.00485239,-0.00993782,-1.42988,5.85277e-05,0.010023,0.223468,10563,0.768575,0.394731,-1,0.2,1167.9,1.18211e+07,1.3252,1.31146,0.997344,0.254753,-1.76689,2,-0.00342857,-1.39138e-06,-0.000398627
963,82.7739,1000,0.0788297,0.625,0,0.147057,0.369582,0.00468556,-0.00866586,-1.45169,5.85277e-05,0.0111529,0.223235,9448.92,0.921712,0.378754,-1,0.2,1169.21,1.18333e+07,1.49658,1.18255,0.997637,0.235092,-1.76901,2,-0.00373333,-1.43438e-06,-0.000415244
964,74.3362,885.417,0.0779445,0.416667,0.0833333,0.149313,0.374098,0.0103582,-0.00708783,-1.46772,5.85277e-05,0.0165103,0.223061,9643.23,0.882658,0.391604,-1,0.2,1170.48,1.18456e+07,1.06817,1.32097,0.870372,0.241503,-1.55204,1.77083,-0.0025,-2.92102e-05,-0.000466468
965,75.7888,1000,0.0783956,0.583333,0,0.148688,0.37467,0.00599279,-0.010098,-1.48307,5.85277e-05,0.0118072,0.222853,10754.2,0.789723,0.352903,-1,0.2,1171.63,1.18579e+07,1.44277,0.964024,0.997233,0.139084,-1.74735,2,-0.00585714,-2.06137e-06,-0.00046013
966,91.6572,1000,0.0782393,0.208333,0,0.150132,0.373227,0.017279,-0.00743203,-1.49805,5.85277e-05,0.011,0.222707,8187.43,0.826013,0.674824,-1,0.2,1173.13,1.18702e+07,1.52849,1.54117,0.998474,0.269944,-1.75321,2,-0.0016,-9.68722e-07,-0.0004021
967,71.6098,896.923,0.077637,0.458333,0.0833333,0.152006,0.386765,0.00948837,-0.00867313,-1.50862,5.85277e-05,0.0143117,0.22258,8096.52,1.13891,0.378781,-1,0.2,1174.65,1.18825e+07,1.27607,1.05121,0.893508,0.130178,-1.55876,1.79385,-0.00507692,-1.4153e-05,-0.000475393
968,71.8944,1000,0.0774205,0.291667,0,0.152637,0.382863,0.00934302,-0.00861099,-1.51928,5.85277e-05,0.0157036,0.22244,10479.3,0.825618,0.346975,-1,0.2,1175.82,1.18948e+07,1.16209,1.04871,0.996834,0.138473,-1.74464,2,-0.00628571,-1.6187e-06,-0.000460635
969,61.0578,904.429,0.0774483,0.25,0.0416667,0.152866,0.385831,0.00631066,-0.00916064,-1.5319,5.85277e-05,0.00531145,0.222264,10148.1,0.859883,0.350987,-1,0.2,1177.03,1.19071e+07,1.2033,0.628488,0.897977,0.0679891,-1.54955,1.80886,-0.00371429,-7.77263e-06,-0.000445812
970,90.3809,1000,0.0763368,0.375,0,0.153365,0.395692,0.00478712,-0.00888768,-1.54713,5.85277e-05,0.0136803,0.222069,10303.3,0.833124,0.359499,-1,0.2,1178.23,1.19194e+07,1.51931,1.44438,0.999384,0.292522,-1.73304,2,-0.00311111,-5.11171e-07,-0.000399725
971,77.8553,1000,0.0766529,0.208333,0,0.152753,0.398654,0.00457644,-0.00651021,-1.56367,5.85277e-05,0.0127716,0.221855,8723.64,1.022,0.386584,-1,0.2,1179.64,1.19316e+07,1.27316,1.15733,0.997863,0.198094,-1.73163,2,-0.0016,-4.24228e-07,-0.000442927
972,88.3344,1000,0.0762957,0.208333,0,0.153739,0.400853,0.0102359,-0.0067535,-1.57944,5.85277e-05,0.0138049,0.22169,10443.1,0.859523,0.317136,-1,0.2,1180.82,1.19439e+07,1.64848,1.35237,0.997858,0.162318,-1.73986,2,-0.004,-1.41262e-06,-0.000435108
973,77.38,940.455,0.0763299,0.416667,0.0416667,0.154609,0.407077,0.00480321,-0.00871559,-1.59335,5.85277e-05,0.0141723,0.221503,10052.5,0.871384,0.351003,-1,0.2,1182.04,1.19562e+07,1.34387,1.17795,0.939202,0.150011,-1.61692,1.88091,-0.00545455,-9.4753e-06,-0.000558654
974,78.9074,1000,0.0761079,0.375,0,0.15466,0.408981,0.00437348,-0.00685081,-1.60993,5.85277e-05,0.0137085,0.221286,9056.39,0.966591,0.390241,-1,0.2,1183.4,1.19685e+07,1.26014,1.28823,0.996022,0.14304,-1.73819,2,-0.00344444,-1.57269e-06,-0.000428676
975,68.6805,1000,0.0763097,0.666667,0,0.154381,0.4062,0.00450928,-0.00664901,-1.62743,5.85277e-05,0.017105,0.221074,9919.2,0.870131,0.368678,-1,0.2,1184.64,1.19808e+07,0.948691,1.08938,0.996458,0.109389,-1.707,2,-0.0024375,-7.56595e-07,-0.000449437
976,69.4327,1000,0.0764784,0.291667,0,0.152906,0.412376,0.00439298,-0.00735903,-1.64487,5.85277e-05,0.0136936,0.220861,9536.49,0.906705,0.38182,-1,0.2,1185.93,1.19931e+07,0.841137,1.24432,0.998266,0.113225,-1.71681,2,-0.008,-2.2987e-06,-0.000499827
977,59.8805,1000,0.0765477,0.416667,0,0.151832,0.4118,0.00415971,-0.0064028,-1.66202,5.85277e-05,0.00803198,0.220652,9526.69,0.938701,0.351149,-1,0.2,1187.22,1.20054e+07,0.834592,0.8156,0.995242,0.0480865,-1.6954,2,-0.0036,-1.09589e-06,-0.0004907
978,69.4042,1000,0.0771863,0.375,0,0.150249,0.405877,0.0126803,-0.00612664,-1.67749,5.85277e-05,0.0182449,0.220495,9881.36,0.886513,0.35704,-1,0.2,1188.47,1.20177e+07,1.1961,0.896869,0.996498,0.094118,-1.70845,2,-0.00444444,-1.08291e-06,-0.000478508
979,66.3559,873.364,0.0772129,0.375,0.0833333,0.150829,0.407935,0.0082252,-0.00846238,-1.68976,5.85277e-05,0.0131277,0.220338,10197.1,0.841569,0.363484,-1,0.2,1189.67,1.203e+07,1.14965,0.911176,0.868982,0.139217,-1.49304,1.74673,-0.00445455,-9.79772e-06,-0.000463127
980,74.3426,1000,0.0775433,0.333333,0,0.15014,0.40179,0.00485427,-0.00889118,-1.70423,5.85277e-05,0.00914489,0.220135,10342.5,0.845031,0.343077,-1,0.2,1190.86,1.20422e+07,1.44903,0.888514,0.997259,0.0860171,-1.69966,2,-0.0035,-8.34491e-07,-0.000530673
981,77.0677,1000,0.0770074,0.208333,0,0.151031,0.404983,0.00441008,-0.00740221,-1.72137,5.85277e-05,0.00930232,0.219926,9326.13,0.991419,0.326169,-1,0.2,1192.18,1.20545e+07,1.44549,1.05465,0.993877,0.061429,-1.69441,2,-0.0072,-1.48532e-06,-0.000443087
982,75.807,1000,0.0774665,0.666667,0,0.150897,0.398405,0.00423345,-0.0078369,-1.73976,5.85277e-05,0.0140511,0.219681,9063.45,0.921936,0.433839,-1,0.2,1193.54,1.20668e+07,1.06889,1.22289,0.997538,0.196994,-1.69279,2,-0.00275,-6.85196e-07,-0.000425134
983,69.9252,1000,0.0775237,0.541667,0,0.149922,0.404398,0.00448798,-0.00762379,-1.75909,5.85277e-05,0.016981,0.21946,9363.39,0.955651,0.356694,-1,0.2,1194.85,1.20791e+07,0.811944,1.24272,0.996899,0.141733,-1.69105,2,-0.00553846,-1.07545e-06,-0.000445513
984,75.267,1000,0.0778321,0.5,0,0.150366,0.400168,0.0061788,-0.00870194,-1.77649,5.85277e-05,0.0114705,0.219258,9300.17,0.930491,0.390775,-1,0.2,1196.17,1.20914e+07,1.22109,1.1377,0.997927,0.107094,-1.69544,2,-0.0045,-2.09712e-06,-0.000517784
985,85.0635,983.923,0.0780804,0.5,0.0416667,0.151152,0.392306,0.00655333,-0.00792158,-1.79308,5.85277e-05,0.00980942,0.219052,11183.7,0.765187,0.333555,-1,0.2,1197.28,1.21037e+07,1.5094,1.25757,0.981464,0.193294,-1.65234,1.96785,-0.00361538,-7.45217e-06,-0.000446607
986,71.653,1000,0.0781559,0.5,0,0.150561,0.393608,0.00546896,-0.00894026,-1.81059,5.85277e-05,0.0151208,0.218829,12240.7,0.63649,0.367376,-1,0.2,1198.28,1.2116e+07,1.11477,1.03982,0.997361,0.124233,-1.68703,2,-0.006,-1.68468e-06,-0.000498269
987,76.025,958.579,0.0782001,0.75,0.0416667,0.151149,0.395089,0.024076,-0.00739283,-1.82771,5.85277e-05,0.0162146,0.218656,8697.64,0.976886,0.435911,-1,0.2,1199.69,1.21283e+07,1.17517,1.21818,0.95545,0.148112,-1.60984,1.91716,-0.00252632,-5.20604e-06,-0.000447284
988,79.8699,950.909,0.0786554,0.416667,0.0416667,0.150975,0.390536,0.00870571,-0.00969589,-1.83996,5.85277e-05,0.0128564,0.218518,9647.42,0.910441,0.363268,-1,0.2,1200.97,1.21405e+07,1.34365,1.2339,0.948473,0.173382,-1.60479,1.90182,-0.00245455,-5.7628e-06,-0.0004767
989,68.4577,1000,0.0786695,0.416667,0,0.150725,0.389988,0.00538175,-0.00844504,-1.85224,5.85277e-05,0.0131179,0.218355,11445.9,0.766418,0.307155,-1,0.2,1202.04,1.21528e+07,1.08497,0.941794,0.994588,0.0923649,-1.68888,2,-0.0015,-6.34074e-07,-0.000446901
990,76.0115,937.2,0.078504,0.375,0.0416667,0.15023,0.390252,0.00667216,-0.00801357,-1.86672,5.85277e-05,0.0153393,0.218156,11679,0.668151,0.383998,-1,0.2,1203.1,1.21651e+07,1.1879,1.17926,0.923,0.221904,-1.58074,1.8744,-0.0047,-2.35601e-05,-0.000432277
991,81.6774,1000,0.0786476,0.458333,0,0.150342,0.389567,0.004812,-0.00938342,-1.88453,5.85277e-05,0.00978262,0.217934,9327.22,0.972993,0.344441,-1,0.2,1204.42,1.21774e+07,1.31258,1.28132,0.997056,0.174669,-1.67761,2,-0.00372727,-1.87819e-06,-0.000414404
992,79.3397,1000,0.0789441,0.333333,0,0.148906,0.390302,0.0105236,-0.00525352,-1.90097,5.85277e-05,0.0145294,0.217771,9330.36,0.938476,0.378515,-1,0.2,1205.74,1.21897e+07,1.16449,1.32749,0.996272,0.146597,-1.66493,2,-0.0025,-9.69798e-07,-0.000419587
993,74.1914,980.273,0.0789038,0.416667,0.0416667,0.149331,0.391938,0.00526656,-0.00844272,-1.91455,5.85277e-05,0.0122034,0.217584,9898.54,0.87378,0.367615,-1,0.2,1206.98,1.2202e+07,1.1838,1.10061,0.976844,0.136532,-1.63998,1.96055,-0.00827273,-6.09105e-06,-0.000492829
994,81.2237,1000,0.0785069,0.5,0,0.14887,0.397586,0.00798021,-0.00509202,-1.92984,5.85277e-05,0.016408,0.217418,12333.6,0.711435,0.284871,-1,0.2,1207.98,1.22143e+07,1.18402,1.3481,0.997122,0.194102,-1.66073,2,-0.001,-3.07172e-07,-0.000420563
995,78.4707,993.5,0.0789958,0.791667,0.0416667,0.15021,0.39108,0.00461175,-0.00846874,-1.94414,5.85277e-05,0.0135242,0.217221,9012.34,0.990315,0.373149,-1,0.2,1209.34,1.22266e+07,1.27135,1.19114,0.990999,0.134017,-1.64629,1.987,-0.0042,-2.06441e-06,-0.000483048
996,83.1943,1000,0.078969,0.708333,0,0.151084,0.390873,0.00410721,-0.00845725,-1.96197,5.85277e-05,0.0149469,0.216993,9826.31,0.88558,0.364941,-1,0.2,1210.59,1.22388e+07,1.39632,1.25273,0.996007,0.173511,-1.65638,2,-0.00205882,-8.26875e-07,-0.000409602
997,79.945,1000,0.0790077,0.875,0,0.152434,0.388021,0.0136457,-0.00451383,-1.97868,5.85277e-05,0.0133637,0.216838,10003.5,0.942611,0.285758,-1,0.2,1211.82,1.22511e+07,1.29454,1.17767,0.997162,0.187838,-1.65673,2,-0.00280952,-1.21511e-06,-0.000427799
998,75.227,994.048,0.0794535,0.833333,0.0416667,0.152655,0.383362,0.00660452,-0.00757745,-1.99079,5.85277e-05,0.0176743,0.216676,12251.1,0.723333,0.279677,-1,0.2,1212.83,1.22634e+07,1.20022,1.0917,0.991108,0.143605,-1.64855,1.9881,-0.00433333,-2.33373e-06,-0.000491035
999,76.4947,1000,0.0793902,0.958333,0,0.152971,0.383397,0.00476012,-0.00910202,-2.00571,5.85277e-05,0.00518671,0.216492,13133.7,0.661979,0.273629,-1,0.2,1213.76,1.22757e+07,1.23751,1.11335,0.9966,0.13263,-1.65076,2,-0.00417391,-9.15794e-07,-0.000431089
1000,72.8605,989.652,0.0800386,0.916667,0.0416667,0.1527,0.373249,0.00917438,-0.00661172,-2.02048,5.85277e-05,0.0110498,0.216316,12952.4,0.662987,0.285715,-1,0.2,1214.71,1.2288e+07,1.0403,1.10864,0.986543,0.151495,-1.61867,1.9793,-0.00413043,-3.86757e-06,-0.000466979
1001,nan,nan,0.0934335,0,0,0.145219,0.227143,0.00782804,-0.0125182,-2.03647,5.85277e-05,0.0149999,0.216104,9866.01,0.920666,0.324822,-1,0.2,1.24572,1.23003e+07,nan,nan,nan,nan,nan,nan,nan,nan,nan
1002,nan,nan,0.0921199,0,0,0.142945,0.232777,0.00385689,-0.0114649,-2.05562,5.85277e-05,0.0171281,0.215859,10594.4,0.887997,0.271856,-1,0.2,2.40981,1.23126e+07,nan,nan,nan,nan,nan,nan,nan,nan,nan
1003,nan,nan,0.0910424,0,0,0.143447,0.233864,0.017347,-0.00897843,-2.07392,5.85277e-05,0.00915791,0.215681,11143.7,0.826486,0.276203,-1,0.2,3.51401,1.23249e+07,nan,nan,nan,nan,nan,nan,nan,nan,nan
1004,5.13818,84,0.0899082,0,0.0833333,0.143131,0.240364,0.00698855,-0.00809139,-2.08702,5.85277e-05,0.00902263,0.215532,12577.5,0.717997,0.258984,-1,0.2,4.49215,1.23372e+07,0.0521644,0.0967943,0.081171,0.0194399,-0.14833,0.168,-0.0115,-6.09787e-05,-0.000769511
1005,nan,nan,0.0895669,0,0,0.143178,0.232506,0.00638897,-0.0104519,-2.10032,5.85277e-05,0.0159693,0.215363,10204.4,0.830663,0.373521,-1,0.2,5.69756,1.23494e+07,nan,nan,nan,nan,nan,nan,nan,nan,nan
1006,nan,nan,0.088977,0,0,0.143701,0.229385,0.00571366,-0.0108987,-2.1153,5.85277e-05,0.0121146,0.215174,9754.75,0.926828,0.332866,-1,0.2,6.95863,1.23617e+07,nan,nan,nan,nan,nan,nan,nan,nan,nan
1007,nan,nan,0.0887081,0,0,0.142464,0.238358,0.00582102,-0.00934347,-2.13111,5.85277e-05,0.0169831,0.214989,8974.93,1.06589,0.303261,-1,0.2,8.32925,1.2374e+07,nan,nan,nan,nan,nan,nan,nan,nan,nan
1008,nan,nan,0.0874712,0,0,0.143756,0.256172,0.00561807,-0.00962252,-2.14635,5.85277e-05,0.0114242,0.21481,10837.8,0.756333,0.377476,-1,0.2,9.46414,1.23863e+07,nan,nan,nan,nan,nan,nan,nan,nan,nan
1009,nan,nan,0.0865253,0,0,0.142781,0.278789,0.0232845,-0.00695921,-2.15946,5.85277e-05,0.0138785,0.214682,9093.29,0.967452,0.383874,-1,0.2,10.8171,1.23986e+07,nan,nan,nan,nan,nan,nan,nan,nan,nan
1010,19.0034,222,0.0855714,0,0.0416667,0.143308,0.291849,0.0117194,-0.00534441,-2.16921,5.85277e-05,0.00999834,0.214575,7691.44,1.12703,0.470586,-1,0.2,12.4159,1.24109e+07,0.302237,0.313784,0.219524,0.0332596,-0.356924,0.444,-0.005,-7.1127e-05,-0.000637805
1011,16.2443,253,0.084578,0,0.0416667,0.142881,0.310444,0.00634748,-0.00943144,-2.17875,5.85277e-05,0.0120182,0.214445,9093.52,0.980413,0.370879,-1,0.2,13.7689,1.24232e+07,0.219012,0.25169,0.249989,0.0154924,-0.412627,0.506,-0.016,-3.09168e-05,-0.00131149
1012,nan,nan,0.0843211,0,0,0.142932,0.325153,0.00518837,-0.00639608,-2.19088,5.85277e-05,0.014569,0.214295,9159.85,0.976088,0.365418,-1,0.2,15.1121,1.24355e+07,nan,nan,nan,nan,nan,nan,nan,nan,nan
1013,nan,nan,0.0832761,0,0,0.142711,0.342515,0.00478783,-0.00613651,-2.20273,5.85277e-05,0.013698,0.214162,8979.49,0.922836,0.445616,-1,0.2,16.4817,1.24477e+07,nan,nan,nan,nan,nan,nan,nan,nan,nan
1014,nan,nan,0.0823649,0,0,0.142462,0.362915,0.00494636,-0.00669291,-2.21423,5.85277e-05,0.0132373,0.214018,10798,0.817016,0.320974,-1,0.2,17.6211,1.246e+07,nan,nan,nan,nan,nan,nan,nan,nan,nan
1015,nan,nan,0.0819388,0,0,0.142774,0.374184,0.00769082,-0.00674698,-2.22612,5.85277e-05,0.00977391,0.213885,8559.4,0.994803,0.440812,-1,0.2,19.0579,1.24723e+07,nan,nan,nan,nan,nan,nan,nan,nan,nan
1016,22.4023,373,0.081422,0,0.0833333,0.142891,0.382291,0.00951304,-0.00577789,-2.23611,5.85277e-05,0.0189308,0.213783,8335.06,1.09944,0.374813,-1,0.2,20.5337,1.24846e+07,0.204533,0.371521,0.369933,0.0268036,-0.587561,0.746,-0.01,-5.65818e-05,-0.001059
1017,27.7983,387,0.0817193,0,0.0416667,0.141459,0.381897,0.0144882,-0.00371558,-2.24329,5.85277e-05,0.00843396,0.213716,10800.4,0.7974,0.340335,-1,0.2,21.6732,1.24969e+07,0.447008,0.371446,0.383517,0.020868,-0.598979,0.774,-0.007,-4.97767e-05,-0.000892208
1018,28.8699,426,0.0807441,0,0.208333,0.14187,0.400089,0.0248726,-0.00676514,-2.24821,5.85277e-05,0.0143,0.213663,9473.4,0.931384,0.365721,-1,0.2,22.9715,1.25092e+07,0.317277,0.502379,0.422846,0.0322506,-0.667803,0.852,-0.0144,-2.80997e-05,-0.00102624
1019,32.8691,445,0.080747,0,0.125,0.141046,0.403701,0.0193088,-0.00331535,-2.25267,5.85277e-05,0.0122503,0.21361,8192.15,1.14632,0.35365,-1,0.2,24.4729,1.25215e+07,0.461255,0.549402,0.441727,0.0308125,-0.714728,0.89,-0.014,-3.86947e-05,-0.000973625
1020,35.097,463.333,0.0807075,0,0.125,0.140913,0.405014,0.0205526,-0.00565945,-2.25755,5.85277e-05,0.0136308,0.213546,10229.7,0.888513,0.3127,-1,0.2,25.6757,1.25338e+07,0.463526,0.607166,0.460032,0.0372978,-0.726636,0.926667,-0.012,-1.42534e-05,-0.00118831
1021,35.4085,491,0.0805475,0,0.25,0.141383,0.407152,0.0162179,-0.00346986,-2.26307,5.85277e-05,0.0152356,0.213478,11075.1,0.687126,0.422391,-1,0.2,26.7864,1.2546e+07,0.48338,0.575321,0.48764,0.0354219,-0.782045,0.982,-0.0101667,-2.86361e-05,-0.00109837
1022,nan,nan,0.0808373,0,0,0.140384,0.401182,0.0130777,-0.00582362,-2.26919,5.85277e-05,0.0121269,0.213399,9199.15,0.970159,0.365617,-1,0.2,28.1236,1.25583e+07,nan,nan,nan,nan,nan,nan,nan,nan,nan
1023,51.819,543,0.0802377,0,0.0416667,0.140806,0.41003,0.0131381,-0.00414218,-2.27596,5.85277e-05,0.0066607,0.213317,9264.09,0.894335,0.432077,-1,0.2,29.4513,1.25706e+07,1.04514,0.764363,0.539295,0.0382957,-0.86902,1.086,-0.012,-2.15866e-05,-0.00110766
1024,37.9502,557,0.0803659,0,0.0416667,0.140346,0.411042,0.00617219,-0.00623296,-2.28456,5.85277e-05,0.00758799,0.21319,10316.3,0.900589,0.290533,-1,0.2,30.644,1.25829e+07,0.281996,0.811164,0.553986,0.0518918,-0.902426,1.114,-0.012,-1.64731e-05,-0.00108412
1025,nan,nan,0.0803291,0,0,0.140219,0.412643,0.00534856,-0.00663165,-2.29696,5.85277e-05,0.0153712,0.213019,13429.8,0.650109,0.264871,-1,0.2,31.5602,1.25952e+07,nan,nan,nan,nan,nan,nan,nan,nan,nan
1026,nan,nan,0.0801053,0,0,0.13989,0.413516,0.00488574,-0.00592313,-2.31283,5.85277e-05,0.0140236,0.21282,14001.6,0.619043,0.25857,-1,0.2,32.4391,1.26075e+07,nan,nan,nan,nan,nan,nan,nan,nan,nan
1027,nan,nan,0.0804475,0,0,0.140114,0.40985,0.00450975,-0.00631129,-2.32903,5.85277e-05,0.0115708,0.212637,11544.6,0.796761,0.267633,-1,0.2,33.5049,1.26198e+07,nan,nan,nan,nan,nan,nan,nan,nan,nan
1028,nan,nan,0.0799509,0,0,0.140426,0.410861,0.00449743,-0.00611684,-2.34485,5.85277e-05,0.0128526,0.212446,13301.4,0.659344,0.264466,-1,0.2,34.4303,1.26321e+07,nan,nan,nan,nan,nan,nan,nan,nan,nan
1029,nan,nan,0.0801865,0,0,0.140278,0.414196,0.00417427,-0.0056121,-2.36097,3.90185e-05,0.0205464,0.212254,12501.7,0.701182,0.281725,-1,0.2,35.4145,1.26444e+07,nan,nan,nan,nan,nan,nan,nan,nan,nan
1030,nan,nan,0.0800709,0,0,0.140518,0.415087,0.00396828,-0.00737373,-2.37497,3.90185e-05,0.00925473,0.212117,13370,0.656166,0.262906,-1,0.2,36.3348,1.26566e+07,nan,nan,nan,nan,nan,nan,nan,nan,nan
1031,nan,nan,0.0800612,0,0,0.140394,0.41476,0.00379086,-0.00756512,-2.38706,3.90185e-05,0.00757422,0.21197,12526.3,0.69092,0.29006,-1,0.2,37.3171,1.26689e+07,nan,nan,nan,nan,nan,nan,nan,nan,nan
1032,nan,nan,0.0801275,0,0,0.139789,0.4161,0.00353482,-0.00564341,-2.39955,3.90185e-05,0.00747731,0.211822,12498.6,0.679387,0.303759,-1,0.2,38.3014,1.26812e+07,nan,nan,nan,nan,nan,nan,nan,nan,nan
1033,nan,nan,0.0801246,0,0,0.140418,0.417001,0.00354986,-0.0060037,-2.4127,3.90185e-05,0.013693,0.211661,13463.9,0.644083,0.268582,-1,0.2,39.2157,1.26935e+07,nan,nan,nan,nan,nan,nan,nan,nan,nan
1034,nan,nan,0.0801643,0,0,0.139762,0.419265,0.00348201,-0.00630069,-2.42693,3.90185e-05,0.0109735,0.211485,13222.8,0.655734,0.273568,-1,0.2,40.1463,1.27058e+07,nan,nan,nan,nan,nan,nan,nan,nan,nan
1035,nan,nan,0.0800712,0,0,0.139904,0.418371,0.00357949,-0.00719717,-2.44197,3.90185e-05,0.00944672,0.211313,13810.9,0.626891,0.262842,-1,0.2,41.0372,1.27181e+07,nan,nan,nan,nan,nan,nan,nan,nan,nan
1036,nan,nan,0.0799465,0,0,0.139903,0.424254,0.0034054,-0.00567136,-2.45603,3.90185e-05,0.0131855,0.211155,13893.1,0.624275,0.260194,-1,0.2,41.9229,1.27304e+07,nan,nan,nan,nan,nan,nan,nan,nan,nan
1037,nan,nan,0.0802992,0,0,0.139962,0.419939,0.00339889,-0.00602357,-2.46922,3.90185e-05,0.00719373,0.211001,13576.3,0.638586,0.266521,-1,0.2,42.8291,1.27427e+07,nan,nan,nan,nan,nan,nan,nan,nan,nan
1038,nan,nan,0.0799518,0,0,0.139741,0.421847,0.00363146,-0.00695023,-2.48274,3.90185e-05,0.0157866,0.210837,13673.5,0.637833,0.26084,-1,0.2,43.7291,1.27549e+07,nan,nan,nan,nan,nan,nan,nan,nan,nan
1039,nan,nan,0.0800024,0,0,0.139856,0.423422,0.00369931,-0.00707242,-2.49654,3.90185e-05,0.00844794,0.210682,13910.7,0.620884,0.262463,-1,0.2,44.6136,1.27672e+07,nan,nan,nan,nan,nan,nan,nan,nan,nan
1040,nan,nan,0.0803294,0,0,0.140046,0.420805,0.00338425,-0.00601587,-2.50963,3.90185e-05,0.0087032,0.21053,13785.5,0.627388,0.263986,-1,0.2,45.5062,1.27795e+07,nan,nan,nan,nan,nan,nan,nan,nan,nan
1041,nan,nan,0.0798913,0,0,0.139767,0.421483,0.0039517,-0.00739595,-2.52239,3.90185e-05,0.00889472,0.210385,13941.5,0.622169,0.259231,-1,0.2,46.3889,1.27918e+07,nan,nan,nan,nan,nan,nan,nan,nan,nan
1042,83.0502,998.982,0.0848372,20.25,0.0416667,0.143922,0.361227,0.0138381,-0.00414522,-2.53274,3.90185e-05,0.00607694,0.210299,11937,0.761526,0.267878,-1,0.2,47.4194,1.28041e+07,1.29614,1.23022,0.996185,0.174849,-1.53862,1.99796,-0.00381314,-8.97733e-07,-0.000412178
1043,nan,nan,0.0925274,0,0,0.145516,0.254822,0.00417769,-0.0102897,-2.54242,3.90185e-05,0.0120608,0.210125,13244.8,0.66149,0.266267,-1,0.2,48.3485,1.28164e+07,nan,nan,nan,nan,nan,nan,nan,nan,nan
1044,nan,nan,0.0912661,0,0,0.146633,0.263586,0.00379319,-0.0125532,-2.5613,3.90185e-05,0.0149528,0.20987,13186.1,0.665401,0.266489,-1,0.2,49.2816,1.28287e+07,nan,nan,nan,nan,nan,nan,nan,nan,nan
1045,nan,nan,0.0902531,0,0,0.146812,0.269651,0.00387552,-0.0119657,-2.58338,3.90185e-05,0.0116663,0.209616,13041.9,0.660992,0.281204,-1,0.2,50.2249,1.2841e+07,nan,nan,nan,nan,nan,nan,nan,nan,nan
1046,64.8005,1000,0.0893677,0.0833333,0,0.147018,0.268825,0.00428581,-0.0102186,-2.60393,3.90185e-05,0.00914944,0.209401,13111.6,0.671166,0.266016,-1,0.2,51.1632,1.28532e+07,0.83138,0.900924,0.998621,0.0354926,-1.51585,2,-0.01,-3.23479e-06,-0.000538904
1047,nan,nan,0.089755,0,0,0.146962,0.261718,0.007783,-0.0104596,-2.62046,3.90185e-05,0.0130874,0.209229,13364.5,0.651382,0.26807,-1,0.2,52.0839,1.28655e+07,nan,nan,nan,nan,nan,nan,nan,nan,nan
1048,8.66125,129,0.0892285,0,0.0416667,0.146604,0.259877,0.00893063,-0.00894076,-2.63388,3.90185e-05,0.00894852,0.209092,13311.8,0.656748,0.266346,-1,0.2,53.0081,1.28778e+07,0.06079,0.164001,0.126156,0.0320024,-0.199165,0.258,-0.008,-3.35582e-05,-0.000688066
1049,9.82005,159,0.0892184,0,0.0416667,0.147246,0.255881,0.0060014,-0.00987958,-2.64556,3.90185e-05,0.00866638,0.20895,13422.5,0.650507,0.264971,-1,0.2,53.9249,1.28901e+07,0.0812086,0.145249,0.156372,0.0274445,-0.232626,0.318,-0.004,-3.97923e-05,-0.000605427
1050,nan,nan,0.0887001,0,0,0.147078,0.258538,0.00470682,-0.00972021,-2.65845,3.90185e-05,0.00778022,0.208793,13388.4,0.638096,0.279715,-1,0.2,54.844,1.29024e+07,nan,nan,nan,nan,nan,nan,nan,nan,nan
1051,107.513,1000,0.0875862,0.0416667,0,0.147188,0.272152,0.00464918,-0.0088329,-2.6718,3.90185e-05,0.0109842,0.208647,12815.8,0.693606,0.265207,-1,0.2,55.804,1.29147e+07,1.74122,1.7278,0.999723,0.42158,-1.51434,2,0,0,-0.000317568
1052,nan,nan,0.0871685,0,0,0.147555,0.28519,0.0046074,-0.00891108,-2.6839,3.90185e-05,0.00839887,0.208509,12725.5,0.687125,0.278498,-1,0.2,56.7708,1.2927e+07,nan,nan,nan,nan,nan,nan,nan,nan,nan
1053,77.0146,1000,0.0866184,0.0416667,0,0.147535,0.296437,0.006042,-0.00864545,-2.69582,3.90185e-05,0.0124901,0.208372,12273.8,0.722919,0.278241,-1,0.2,57.7732,1.29393e+07,1.04823,1.28014,0.998692,0.0588606,-1.52271,2,-0.012,-2.18003e-06,-0.000481584
1054,22.7256,294,0.0852493,0,0.0833333,0.147191,0.324527,0.0192444,-0.00661482,-2.70605,3.90185e-05,0.00912159,0.208283,13652.1,0.63073,0.269348,-1,0.2,58.6746,1.29516e+07,0.270968,0.386579,0.291156,0.048405,-0.446239,0.588,-0.002,-4.27868e-05,-0.00054846
1055,nan,nan,0.0843102,0,0,0.147263,0.340306,0.0125323,-0.0070616,-2.71271,3.90185e-05,0.0120072,0.208211,13738.3,0.630168,0.264268,-1,0.2,59.5703,1.29638e+07,nan,nan,nan,nan,nan,nan,nan,nan,nan
1056,24.8858,336,0.0838422,0,0.0416667,0.146919,0.358462,0.0242446,-0.00726494,-2.71819,3.90185e-05,0.00945095,0.20816,13746.5,0.616915,0.276987,-1,0.2,60.4653,1.29761e+07,0.272287,0.426135,0.333735,0.0502597,-0.509482,0.672,0,-3.9857e-05,-0.000606184
1057,46.5843,674,0.0833223,0.0416667,0.0416667,0.146043,0.369881,0.00708261,-0.00718117,-2.72301,3.90185e-05,0.00896575,0.208092,13539.2,0.639121,0.268467,-1,0.2,61.3741,1.29884e+07,0.834497,0.457941,0.672109,0.0417237,-1.01637,1.348,-0.008,-2.02161e-05,-0.000664382
1058,88.9912,1000,0.0827765,0.0833333,0,0.146602,0.383511,0.00556457,-0.00868809,-2.72969,3.90185e-05,0.0138508,0.208007,13773.9,0.624693,0.267429,-1,0.2,62.2675,1.30007e+07,1.25043,1.50337,0.999325,0.210916,-1.51007,2,-0.004,-5.78819e-07,-0.000409194
1059,nan,nan,0.0824149,0,0,0.14642,0.390052,0.00508305,-0.00868901,-2.73748,3.90185e-05,0.00960039,0.207909,13589.7,0.621121,0.283095,-1,0.2,63.173,1.3013e+07,nan,nan,nan,nan,nan,nan,nan,nan,nan
1060,86.8912,1000,0.0819415,0.25,0,0.146117,0.400853,0.0140401,-0.00702745,-2.74556,3.90185e-05,0.0125734,0.207833,12963.2,0.684272,0.263642,-1,0.2,64.1222,1.30253e+07,1.25907,1.4098,0.997038,0.182017,-1.50098,2,-0.002,-4.14758e-07,-0.000382655
1061,48.7014,765.429,0.0816952,0.166667,0.125,0.146251,0.406721,0.00916895,-0.0051519,-2.75146,3.90185e-05,0.0113184,0.207763,13746,0.628838,0.265097,-1,0.2,65.0174,1.30376e+07,0.70689,0.557402,0.7607,0.0352612,-1.14799,1.53086,-0.00742857,-1.87359e-05,-0.000599788
1062,83.4548,1000,0.081589,0.166667,0,0.145609,0.402839,0.00439165,-0.00604195,-2.75865,3.90185e-05,0.00747245,0.207667,11933.2,0.755625,0.274106,-1,0.2,66.0484,1.30499e+07,1.3338,1.13282,0.997562,0.215474,-1.50251,2,-0.004,-7.39504e-07,-0.000394134
1063,88.223,1000,0.0815212,0.0833333,0,0.145282,0.408551,0.00763408,-0.00642243,-2.76711,3.90185e-05,0.006582,0.207571,12764.8,0.693052,0.269598,-1,0.2,67.0124,1.30621e+07,1.44376,1.24127,0.99895,0.223843,-1.49226,2,-0.004,-1.40384e-06,-0.000410612
1064,29.2956,523,0.081485,0,0.0416667,0.145278,0.408183,0.00540052,-0.00667776,-2.77523,3.90185e-05,0.00971428,0.207479,13728.8,0.61675,0.278304,-1,0.2,67.9088,1.30744e+07,0.312797,0.349079,0.519748,0.0242881,-0.770064,1.046,-0.016,-4.45752e-05,-0.00102234
1065,72.3979,852,0.0813538,0.0833333,0.0416667,0.145529,0.411581,0.00646408,-0.00601103,-2.78294,3.90185e-05,0.00863051,0.207391,13735.3,0.622851,0.271775,-1,0.2,68.8047,1.30867e+07,1.22652,0.951624,0.847328,0.172664,-1.27913,1.704,-0.00266667,-1.17036e-05,-0.000435535
1066,nan,nan,0.0812245,0,0,0.14438,0.41218,0.00400531,-0.0059941,-2.79141,3.90185e-05,0.0094093,0.207283,13882.9,0.617245,0.26787,-1,0.2,69.691,1.3099e+07,nan,nan,nan,nan,nan,nan,nan,nan,nan
1067,nan,nan,0.0812647,0,0,0.144702,0.416147,0.0108994,-0.00541828,-2.80011,3.90185e-05,0.011026,0.207196,14080.2,0.602084,0.270631,-1,0.2,70.5648,1.31113e+07,nan,nan,nan,nan,nan,nan,nan,nan,nan
1068,50.1924,610,0.080933,0,0.0416667,0.144555,0.419218,0.0040846,-0.00711596,-2.80877,3.90185e-05,0.0101786,0.207074,13882.4,0.617036,0.268113,-1,0.2,71.4511,1.31236e+07,0.692031,0.847504,0.606759,0.0609188,-0.904765,1.22,-0.012,-5.78107e-05,-0.000771831
1069,nan,nan,0.0810212,0,0,0.144718,0.419791,0.00345128,-0.0066763,-2.82031,3.90185e-05,0.0124948,0.206936,10959.7,0.753272,0.367925,-1,0.2,72.5735,1.31359e+07,nan,nan,nan,nan,nan,nan,nan,nan,nan
1070,nan,nan,0.0807657,0,0,0.144849,0.420088,0.00327259,-0.00640049,-2.83232,3.90185e-05,0.0112698,0.206798,9315.84,0.96212,0.356924,-1,0.2,73.8944,1.31482e+07,nan,nan,nan,nan,nan,nan,nan,nan,nan
1071,nan,nan,0.0810293,0,0,0.144887,0.418382,0.00300749,-0.00579426,-2.8443,3.90185e-05,0.00967111,0.206658,9867.64,0.852402,0.392881,-1,0.2,75.141,1.31604e+07,nan,nan,nan,nan,nan,nan,nan,nan,nan
1072,nan,nan,0.0809438,0,0,0.144531,0.420109,0.00314309,-0.0064969,-2.85708,3.90185e-05,0.00846934,0.206507,10925.8,0.796464,0.328212,-1,0.2,76.2672,1.31727e+07,nan,nan,nan,nan,nan,nan,nan,nan,nan
1073,nan,nan,0.080868,0,0,0.144645,0.41884,0.00309626,-0.00571864,-2.86991,3.90185e-05,0.00666451,0.206365,13889.8,0.617183,0.267496,-1,0.2,77.153,1.3185e+07,nan,nan,nan,nan,nan,nan,nan,nan,nan
1074,nan,nan,0.0809467,0,0,0.144743,0.420217,0.0031285,-0.0060691,-2.88194,3.90185e-05,0.0109762,0.206231,13612.2,0.632125,0.270597,-1,0.2,78.0569,1.31973e+07,nan,nan,nan,nan,nan,nan,nan,nan,nan
1075,nan,nan,0.0808517,0,0,0.144927,0.420445,0.00337556,-0.00650341,-2.89372,3.90185e-05,0.0104988,0.206095,13970,0.613896,0.265701,-1,0.2,78.9377,1.32096e+07,nan,nan,nan,nan,nan,nan,nan,nan,nan
1076,nan,nan,0.0808706,0,0,0.144997,0.422025,0.00369806,-0.00603182,-2.90553,3.90185e-05,0.0093983,0.205961,14309,0.594656,0.264107,-1,0.2,79.7976,1.32219e+07,nan,nan,nan,nan,nan,nan,nan,nan,nan
1077,68.4801,847,0.0805323,0,0.0416667,0.144989,0.424157,0.0128782,-0.00619697,-2.91544,3.90185e-05,0.0117136,0.205878,14077.9,0.60684,0.266015,-1,0.2,80.6716,1.32342e+07,0.744658,1.27983,0.843152,0.0798738,-1.20836,1.694,-0.008,-5.88725e-05,-0.00109036
1078,68.9673,863,0.0807486,0,0.0416667,0.145184,0.424259,0.0193594,-0.00500157,-2.92116,3.90185e-05,0.0091118,0.205826,14011.1,0.613754,0.263264,-1,0.2,81.5499,1.32465e+07,0.794181,1.28497,0.859324,0.0783132,-1.27326,1.726,-0.02,-4.41073e-05,-0.00111767
1079,76.9725,880,0.0805898,0,0.0416667,0.144933,0.428389,0.00708747,-0.00830976,-2.92638,3.90185e-05,0.00825185,0.205749,14342.3,0.596579,0.260188,-1,0.2,82.4078,1.32588e+07,0.822566,1.49277,0.876666,0.181577,-1.27027,1.76,-0.014,-4.62729e-05,-0.000639962
1080,70.8998,919,0.0805851,0,0.0833333,0.145178,0.429386,0.0115018,-0.00684136,-2.93388,3.90185e-05,0.0122013,0.205659,14069.9,0.597881,0.27547,-1,0.2,83.2823,1.3271e+07,0.521983,1.44854,0.915868,0.155538,-1.33406,1.838,0,-3.49915e-05,-0.00084513
1081,nan,nan,0.0808447,0,0,0.143581,0.422322,0.0331987,-0.00417395,-2.94069,3.90185e-05,0.00975045,0.205605,14215.6,0.606297,0.258104,-1,0.2,84.148,1.32833e+07,nan,nan,nan,nan,nan,nan,nan,nan,nan
1082,98.091,953,0.0804808,0,0.0416667,0.144606,0.430839,0.0298587,-0.00587815,-2.94439,3.90185e-05,0.012989,0.205567,14574.4,0.585022,0.258098,-1,0.2,84.9922,1.32956e+07,1.82525,1.5365,0.949716,0.106691,-1.4064,1.906,-0.012,-4.43904e-05,-0.0011737
1083,81.9506,970,0.0807263,0,0.0416667,0.144147,0.426833,0.0279484,-0.00471671,-2.94779,3.90185e-05,0.005091,0.205529,13815.1,0.628186,0.261278,-1,0.2,85.883,1.33079e+07,0.807412,1.61049,0.96701,0.209177,-1.43586,1.94,0,-6.04966e-05,-0.000632251
1084,83.5787,999.998,0.0900737,19.4583,0.0416667,0.149411,0.299421,0.00798602,-0.00995,-2.95222,3.90185e-05,0.0104247,0.205456,11846.3,0.764338,0.272952,-1,0.2,86.9215,1.33202e+07,1.26497,1.20419,0.997795,0.172483,-1.45665,2,-0.00345513,-1.03354e-06,-0.000394497
1085,nan,nan,0.0934663,0,0,0.149144,0.249053,0.00440875,-0.00872493,-2.96306,3.90185e-05,0.0127161,0.205264,14108.2,0.609885,0.261097,-1,0.2,87.7937,1.33325e+07,nan,nan,nan,nan,nan,nan,nan,nan,nan
1086,nan,nan,0.0922674,0,0,0.150145,0.255217,0.00413989,-0.010181,-2.98292,3.90185e-05,0.0138207,0.205019,13545.7,0.640678,0.266475,-1,0.2,88.702,1.33448e+07,nan,nan,nan,nan,nan,nan,nan,nan,nan
1087,80.2216,1000,0.0914697,0.0833333,0,0.15012,0.260479,0.0128984,-0.00848542,-3.00189,3.90185e-05,0.0102236,0.204854,13085.1,0.666459,0.272624,-1,0.2,89.6421,1.33571e+07,1.12301,1.09716,0.999325,0.228331,-1.43431,2,-0.002,-1.29643e-07,-0.000429409
1088,6.73627,101,0.0911247,0,0.0416667,0.150802,0.257824,0.0056136,-0.00954329,-3.01522,3.90185e-05,0.010102,0.204695,13961.2,0.61894,0.261213,-1,0.2,90.5234,1.33693e+07,0.0492994,0.113145,0.0987888,0.025527,-0.147016,0.202,-0.004,-4.41963e-05,-0.000886054
1089,81.9379,1000,0.0904722,0.0416667,0,0.150429,0.258444,0.00605557,-0.0102032,-3.02927,3.90185e-05,0.0105837,0.204549,10547.8,0.735115,0.429868,-1,0.2,91.6896,1.33816e+07,0.459643,1.77923,0.999574,0.347124,-1.4844,2,-0.004,-1.15807e-06,-0.000280868
1090,60.1024,897.5,0.0899838,0.0416667,0.0416667,0.149793,0.263185,0.0116621,-0.00811571,-3.04041,3.90185e-05,0.0113859,0.204445,9366.88,0.976008,0.335849,-1,0.2,93.0032,1.33939e+07,0.552894,1.01398,0.895411,0.0437061,-1.28903,1.795,-0.006,-1.11685e-05,-0.00083086
1091,48.6487,565,0.0896646,0,0.0416667,0.149695,0.264441,0.016706,-0.0075936,-3.04844,3.90185e-05,0.00958943,0.204367,10334.4,0.839308,0.349725,-1,0.2,94.1936,1.34062e+07,0.962919,0.593283,0.562441,0.0319782,-0.831399,1.13,-0.016,-6.60409e-05,-0.000719618
1092,nan,nan,0.0889868,0,0,0.150559,0.276238,0.0160087,-0.00869687,-3.05526,3.90185e-05,0.00909171,0.204286,10863.8,0.782707,0.348384,-1,0.2,95.326,1.34185e+07,nan,nan,nan,nan,nan,nan,nan,nan,nan
1093,64.9559,609,0.0882911,0.0416667,0.0416667,0.150154,0.289965,0.00941876,-0.00894717,-3.06285,3.90185e-05,0.00520701,0.204196,13157.2,0.66163,0.272306,-1,0.2,96.2612,1.34308e+07,1.05663,1.00639,0.607266,0.23052,-0.866496,1.218,-0.004,-2.06964e-05,-0.000489501
1094,56.5733,1000,0.0872164,0.0416667,0,0.149652,0.301945,0.00682006,-0.00629482,-3.07096,3.90185e-05,0.00794026,0.204099,13539.1,0.64109,0.266505,-1,0.2,97.1699,1.34431e+07,0.575538,0.68139,0.993126,0.0337502,-1.45478,2,0,0,-0.000356577
1095,nan,nan,0.0867335,0,0,0.149344,0.31512,0.00605618,-0.00720891,-3.08,3.90185e-05,0.00946787,0.203993,13955.9,0.613588,0.266902,-1,0.2,98.0516,1.34554e+07,nan,nan,nan,nan,nan,nan,nan,nan,nan
1096,93.9502,1000,0.0866151,0.0833333,0,0.149892,0.317421,0.00784966,-0.00805966,-3.08891,3.90185e-05,0.00584965,0.203904,12911.9,0.616042,0.335636,-1,0.2,99.0045,1.34676e+07,1.17396,1.69214,0.999622,0.263753,-1.42958,2,-0.002,-4.55212e-07,-0.000387142
1097,nan,nan,0.0856496,0,0,0.150038,0.333497,0.0149965,-0.00572467,-3.09593,3.90185e-05,0.0086235,0.203834,9451.84,0.884273,0.415791,-1,0.2,100.306,1.34799e+07,nan,nan,nan,nan,nan,nan,nan,nan,nan
1098,97.8341,966,0.0852905,0.0833333,0.0416667,0.149461,0.340275,0.0140987,-0.0058188,-3.10152,3.90185e-05,0.00685573,0.203777,9884,0.885904,0.357318,-1,0.2,101.551,1.34922e+07,1.62063,1.56474,0.964392,0.199538,-1.38638,1.932,-0.00266667,-2.29843e-05,-0.000532247
1099,30.9924,406,0.0851289,0,0.0416667,0.149662,0.345508,0.00716792,-0.00765813,-3.10676,3.90185e-05,0.0113446,0.203709,10785.8,0.800629,0.338642,-1,0.2,102.692,1.35045e+07,0.298858,0.570415,0.40321,0.0544406,-0.581546,0.812,-0.007,-3.61216e-05,-0.000718813
1100,74.4393,1000,0.084301,0.0833333,0,0.148589,0.358654,0.00535057,-0.00618977,-3.1145,3.90185e-05,0.00530196,0.203602,11898.2,0.680126,0.352634,-1,0.2,103.726,1.35168e+07,0.634151,1.32594,0.999454,0.175231,-1.40843,2,-0.004,-1.68522e-07,-0.000382987
1101,110.659,1000,0.0837065,0.0833333,0,0.148474,0.368686,0.00493062,-0.0077839,-3.12453,3.90185e-05,0.0107594,0.203487,14031.7,0.631736,0.243997,-1,0.2,107.257,1.35291e+07,1.90976,1.70674,0.999843,0.335179,-1.41827,2,0,0,-0.000316858
1102,90.3498,1000,0.0833177,0.166667,0,0.14927,0.382188,0.0127118,-0.00551044,-3.13379,3.90185e-05,0.00698816,0.203397,14483.7,0.596596,0.251807,-1,0.2,108.106,1.35414e+07,1.21289,1.5088,0.99957,0.243489,-1.4429,2,-0.004,-9.9339e-07,-0.000361109
1103,75.2875,931.125,0.0830292,0.291667,0.0416667,0.148969,0.384892,0.00515647,-0.0058401,-3.14192,3.90185e-05,0.00938005,0.203293,9737.08,0.859412,0.402568,-1,0.2,109.37,1.35537e+07,0.919383,1.19559,0.929884,0.196822,-1.33562,1.86225,-0.0035,-6.80099e-06,-0.000423411
1104,94.1421,1000,0.0828617,0.166667,0,0.148924,0.389584,0.00444471,-0.0073323,-3.15182,3.90185e-05,0.00943619,0.203176,9120.22,0.947451,0.399885,-1,0.2,110.719,1.3566e+07,1.30648,1.53159,0.998392,0.288652,-1.41569,2,-0.002,-4.3409e-07,-0.000321513
1105,109.276,1000,0.0822808,0.0416667,0,0.148982,0.400994,0.010246,-0.00582678,-3.16183,3.90185e-05,0.010792,0.20307,9309.15,0.972155,0.347837,-1,0.2,112.04,1.35782e+07,1.69449,1.77483,0.999817,0.406837,-1.41186,2,0,0,-0.000307177
1106,73.317,841,0.0822323,0.0833333,0.0416667,0.150037,0.401239,0.00525264,-0.00696068,-3.17145,3.90185e-05,0.0110733,0.202957,10339.9,0.840133,0.34827,-1,0.2,113.23,1.35905e+07,0.966858,1.17603,0.838669,0.178241,-1.17277,1.682,-0.00266667,-2.48287e-05,-0.00048148
1107,108.731,1000,0.0820513,0.0833333,0,0.149298,0.405912,0.00973749,-0.00458367,-3.18077,3.90185e-05,0.00675445,0.202868,9520.08,0.91624,0.374505,-1,0.2,114.522,1.36028e+07,1.90971,1.67925,0.999641,0.273914,-1.4256,2,0,-4.48138e-07,-0.000371773
1108,47.991,569,0.0818768,0,0.0416667,0.149873,0.410074,0.00427619,-0.00666124,-3.18873,3.90185e-05,0.0064533,0.202765,10264.1,0.908856,0.288322,-1,0.2,115.721,1.36151e+07,0.559766,0.885985,0.565772,0.084006,-0.825243,1.138,-0.008,-2.97315e-05,-0.000708616
1109,nan,nan,0.0811312,0,0,0.149649,0.412679,0.00353475,-0.00656183,-3.19934,3.90185e-05,0.00963167,0.20263,10037,0.867188,0.357081,-1,0.2,116.947,1.36274e+07,nan,nan,nan,nan,nan,nan,nan,nan,nan
1110,nan,nan,0.0812426,0,0,0.149758,0.416634,0.00343597,-0.0061164,-3.21203,3.90185e-05,0.014333,0.202483,9951.63,0.859591,0.375182,-1,0.2,118.183,1.36397e+07,nan,nan,nan,nan,nan,nan,nan,nan,nan
1111,nan,nan,0.0810907,0,0,0.149441,0.417498,0.00345326,-0.0052895,-3.225,3.90185e-05,0.00920728,0.202342,9917.24,0.872007,0.367047,-1,0.2,119.423,1.3652e+07,nan,nan,nan,nan,nan,nan,nan,nan,nan
1112,nan,nan,0.080938,0,0,0.149797,0.422435,0.00364393,-0.00675664,-3.23736,3.90185e-05,0.0083704,0.202198,10370,0.835547,0.349412,-1,0.2,120.609,1.36643e+07,nan,nan,nan,nan,nan,nan,nan,nan,nan
1113,nan,nan,0.0809593,0,0,0.149769,0.423314,0.00332235,-0.0053586,-3.24999,3.90185e-05,0.00907826,0.202063,9217.34,0.984657,0.348482,-1,0.2,121.944,1.36765e+07,nan,nan,nan,nan,nan,nan,nan,nan,nan
1114,nan,nan,0.0806928,0,0,0.150006,0.423783,0.00332987,-0.00622561,-3.26188,3.90185e-05,0.00818008,0.201931,11023.5,0.832068,0.282638,-1,0.2,123.06,1.36888e+07,nan,nan,nan,nan,nan,nan,nan,nan,nan
1115,nan,nan,0.0805906,0,0,0.149735,0.426371,0.00468769,-0.00595533,-3.2735,3.90185e-05,0.010584,0.201805,10518.2,0.761666,0.406594,-1,0.2,124.229,1.37011e+07,nan,nan,nan,nan,nan,nan,nan,nan,nan
1116,52.4654,777,0.0807184,0,0.0416667,0.149733,0.427655,0.0079964,-0.00494912,-3.28351,3.90185e-05,0.0184178,0.201706,9448.78,0.947846,0.352639,-1,0.2,125.531,1.37134e+07,0.453319,0.931862,0.773924,0.0636536,-1.12843,1.554,-0.024,-7.14358e-05,-0.00098859
1117,nan,nan,0.0806186,0,0,0.149195,0.430327,0.00336596,-0.00538636,-3.29314,3.90185e-05,0.0126504,0.201585,10374,0.837607,0.346887,-1,0.2,126.717,1.37257e+07,nan,nan,nan,nan,nan,nan,nan,nan,nan
1118,nan,nan,0.0809751,0,0,0.149259,0.424389,0.00315653,-0.00689366,-3.3042,3.90185e-05,0.0130999,0.201462,12543.7,0.686499,0.293116,-1,0.2,127.698,1.3738e+07,nan,nan,nan,nan,nan,nan,nan,nan,nan
1119,74.9238,1000,0.0803954,0.0416667,0,0.149626,0.433761,0.00319573,-0.00687957,-3.31521,3.90185e-05,0.00877343,0.201334,13940.7,0.610652,0.270795,-1,0.2,128.58,1.37503e+07,1.85387,0.251801,0.995502,0.0188066,-1.37342,2,0,0,-0.000371024
1120,75.1281,1000,0.0805347,0.0833333,0,0.150004,0.434012,0.00309834,-0.00677282,-3.32748,3.90185e-05,0.00983948,0.201193,14051.6,0.607361,0.267133,-1,0.2,129.456,1.37626e+07,0.997735,1.12873,0.999028,0.0656107,-1.4162,2,-0.018,-2.91882e-06,-0.000498587
1121,nan,nan,0.0805906,0,0,0.149789,0.434184,0.0103121,-0.00536228,-3.33827,3.90185e-05,0.0110951,0.201097,13674.6,0.629754,0.268849,-1,0.2,130.356,1.37748e+07,nan,nan,nan,nan,nan,nan,nan,nan,nan
1122,102.321,971.667,0.0801938,0.0833333,0.0416667,0.150046,0.439824,0.0294238,-0.00564491,-3.34553,3.90185e-05,0.0179515,0.201036,14151.4,0.599805,0.268516,-1,0.2,131.225,1.37871e+07,1.613,1.63321,0.970582,0.296803,-1.33898,1.94333,-0.00133333,-1.60601e-05,-0.000535868
1123,77.3284,937.5,0.0804258,0,0.0833333,0.150129,0.439398,0.0178334,-0.00727199,-3.35009,3.90185e-05,0.0150242,0.200984,14149.1,0.601407,0.267058,-1,0.2,132.095,1.37994e+07,1.04212,1.22026,0.934782,0.148292,-1.34213,1.875,-0.011,-7.99145e-05,-0.000822762
1124,63.5333,981.5,0.0804959,0.0416667,0.0416667,0.149471,0.434943,0.00524603,-0.00664508,-3.35668,3.90185e-05,0.0114374,0.200881,13713.7,0.624952,0.271089,-1,0.2,132.992,1.38117e+07,0.673559,0.925529,0.978148,0.0403272,-1.38524,1.963,-0.0175,-3.81041e-05,-0.00112285
1125,84.1825,1000,0.0806236,19.0417,0,0.149471,0.433759,0.00410591,-0.00722446,-3.3672,3.90185e-05,0.0080316,0.200758,11624.7,0.774352,0.282708,-1,0.2,134.051,1.3824e+07,1.23454,1.21696,0.997068,0.157994,-1.39291,2,-0.00413567,-1.50611e-06,-0.000385941
1126,115.338,1000,0.0939503,0.0416667,0,0.156169,0.258101,0.00555751,-0.00893968,-3.3792,3.90185e-05,0.0157615,0.200604,13822.6,0.616304,0.272674,-1,0.2,134.941,1.38363e+07,1.98646,1.79516,0.999872,0.394738,-1.40902,2,0,-5.80771e-07,-0.000298153
1127,nan,nan,0.0934617,0,0,0.153383,0.249454,0.00482226,-0.00884468,-3.39468,3.90185e-05,0.0123654,0.200417,12078,0.739039,0.278344,-1,0.2,135.96,1.38486e+07,nan,nan,nan,nan,nan,nan,nan,nan,nan
1128,nan,nan,0.0919406,0,0,0.153763,0.258934,0.00469518,-0.0112972,-3.412,3.90185e-05,0.0133829,0.200222,13105.7,0.663431,0.274177,-1,0.2,136.899,1.38609e+07,nan,nan,nan,nan,nan,nan,nan,nan,nan
1129,95.8704,1000,0.091115,0.0833333,0,0.154136,0.259811,0.00513542,-0.00957785,-3.42938,3.90185e-05,0.00981434,0.200037,13089.9,0.663027,0.27571,-1,0.2,137.838,1.38732e+07,1.15747,1.73772,0.999746,0.270421,-1.36998,2,-0.0015,-4.94066e-06,-0.000364454
1130,64.8793,1000,0.0911358,0.0416667,0,0.153643,0.25419,0.00542608,-0.0110708,-3.44491,3.90185e-05,0.0192001,0.199878,13158.9,0.660684,0.273135,-1,0.2,138.774,1.38854e+07,0.725557,0.89545,0.999064,0.0437862,-1.39234,2,-0.027,-1.19602e-05,-0.000536191
1131,66.9929,1000,0.0909295,0.0416667,0,0.153143,0.250955,0.0134482,-0.0091818,-3.45711,3.90185e-05,0.0118317,0.199771,13346.3,0.647815,0.272893,-1,0.2,139.695,1.38977e+07,0.985108,0.740687,0.997363,0.0286459,-1.4018,2,0,0,-0.000359906
1132,76.7575,721.333,0.0895866,0.0833333,0.0416667,0.154504,0.269312,0.0400363,-0.00867842,-3.46438,3.90185e-05,0.0122225,0.199723,13152.3,0.664389,0.269896,-1,0.2,140.631,1.391e+07,1.2291,1.23387,0.720084,0.208533,-0.992205,1.44267,-0.00366667,-1.79093e-05,-0.000486715
1133,44.077,585.5,0.0887198,0.0416667,0.0416667,0.154944,0.291476,0.0462579,-0.00662234,-3.46687,3.90185e-05,0.0114952,0.199713,13539.9,0.638746,0.268795,-1,0.2,141.54,1.39223e+07,0.708433,0.525283,0.581045,0.0267186,-0.805523,1.171,-0.0025,-4.08963e-05,-0.000562042
1134,12.9079,207.667,0.087717,0,0.125,0.156456,0.322834,0.0214711,-0.00886288,-3.46802,3.90185e-05,0.0130232,0.199688,13455.3,0.645185,0.268058,-1,0.2,142.454,1.39346e+07,0.094052,0.229582,0.200606,0.020493,-0.299038,0.415333,-0.0143333,-0.00015242,-0.00114645
1135,31.043,446.571,0.087283,0.0833333,0.208333,0.153258,0.322143,0.0289136,-0.00820263,-3.47083,3.90185e-05,0.0140754,0.199656,13341,0.649477,0.27159,-1,0.2,143.377,1.39469e+07,0.40526,0.430542,0.439689,0.02817,-0.632985,0.893143,-0.0105714,-0.000123226,-0.000973803
1136,34.2225,401.6,0.086436,0.0416667,0.166667,0.153271,0.331755,0.0104759,-0.009328,-3.47401,3.90185e-05,0.0137046,0.199609,13193.9,0.648084,0.283256,-1,0.2,144.309,1.39592e+07,0.524938,0.525702,0.395202,0.0335306,-0.565976,0.8032,-0.0044,-0.000129728,-0.000941508
1137,61.6606,839,0.0858031,0,0.0416667,0.153038,0.339541,0.020269,-0.0071161,-3.47928,3.90185e-05,0.0117541,0.199544,13622.5,0.63132,0.270719,-1,0.2,145.212,1.39715e+07,0.325564,1.33111,0.836628,0.10417,-1.18334,1.678,-0.008,-5.03817e-05,-0.00104689
1138,68.9296,1000,0.085184,0.0833333,0,0.152904,0.358029,0.00682521,-0.0086638,-3.48563,3.90185e-05,0.0148358,0.199465,13826.9,0.622236,0.266468,-1,0.2,146.102,1.39837e+07,0.982316,0.812222,0.99927,0.0358964,-1.37669,2,-0.006,-1.42043e-06,-0.000530715
1139,55.582,774.333,0.08475,0.0833333,0.0416667,0.152323,0.36705,0.00539029,-0.00835498,-3.49337,3.90185e-05,0.00760157,0.199375,13944.7,0.61608,0.265116,-1,0.2,146.985,1.3996e+07,0.884901,0.632297,0.771046,0.0341437,-1.07613,1.54867,-0.015,-8.17543e-05,-0.00074259
1140,95.6566,1000,0.0844796,0.0833333,0,0.15249,0.364556,0.00468766,-0.00643845,-3.50223,5.85277e-05,0.00334501,0.199266,14045,0.606374,0.268531,-1,0.2,147.861,1.40083e+07,1.92676,1.02663,0.998101,0.197662,-1.36399,2,-0.002,-6.44142e-07,-0.000336179
1141,116.173,1000,0.0837538,0.0416667,0,0.153056,0.377742,0.00417503,-0.00516546,-3.51493,5.85277e-05,0.0104599,0.1991,13961.5,0.608016,0.272119,-1,0.2,148.742,1.40206e+07,1.98489,1.78436,0.999855,0.385856,-1.34602,2,0,-6.54306e-07,-0.000289971
1142,115.483,1000,0.0832155,0.0416667,0,0.153459,0.38221,0.00391499,-0.0055416,-3.52918,5.85277e-05,0.0109732,0.198949,12618.5,0.677446,0.296363,-1,0.2,149.717,1.40329e+07,1.98572,1.78231,0.999861,0.38184,-1.37532,2,0,0,-0.000266245
1143,64.3357,1000,0.0828456,0.166667,0,0.153486,0.3933,0.00561344,-0.00567393,-3.54169,5.85277e-05,0.0121451,0.198828,13748.8,0.621897,0.271855,-1,0.2,150.612,1.40452e+07,1.07081,0.498381,0.998129,0.0229856,-1.36705,2,-0.006,-1.05754e-06,-0.000470991
1144,75.8768,1000,0.0826931,0.208333,0,0.153267,0.398366,0.00453893,-0.00818316,-3.55364,5.85277e-05,0.0127124,0.198674,10627.4,0.754268,0.401987,-1,0.2,151.77,1.40575e+07,0.919476,1.15387,0.997368,0.0910604,-1.36677,2,-0.0008,-1.04168e-07,-0.000366908
1145,77.0834,851.2,0.0828422,0.166667,0.0416667,0.151967,0.40021,0.00385524,-0.00842778,-3.56789,5.85277e-05,0.00730351,0.198522,10065.7,0.866101,0.35468,-1,0.2,152.992,1.40698e+07,1.29499,1.06229,0.848246,0.112353,-1.16427,1.7024,-0.0012,-3.97771e-05,-0.000590089
1146,81.094,1000,0.0827639,0.208333,0,0.152554,0.394945,0.00334809,-0.0062206,-3.5824,5.85277e-05,0.00759048,0.198341,9164.71,0.963325,0.37747,-1,0.2,154.334,1.4082e+07,1.24742,1.05695,0.998798,0.107997,-1.35205,2,-0.004,-9.58487e-07,-0.000423188
1147,73.5181,1000,0.0826191,0.0833333,0,0.151995,0.399256,0.00334621,-0.00658435,-3.59957,5.85277e-05,0.0105282,0.198153,9702.94,0.878269,0.388151,-1,0.2,155.602,1.40943e+07,0.414797,1.47554,0.997314,0.139987,-1.34937,2,-0.002,-1.01528e-07,-0.00036147
1148,84.9939,1000,0.0820547,0.0416667,0,0.151964,0.40796,0.00328166,-0.00635882,-3.61647,5.85277e-05,0.0151885,0.197966,9258.51,0.919058,0.408154,-1,0.2,156.93,1.41066e+07,1.00652,1.50456,0.998393,0.0782255,-1.32961,2,-0.008,-1.58993e-06,-0.000385134
1149,83.5328,1000,0.0823314,0.125,0,0.151718,0.408734,0.00292491,-0.00395676,-3.63309,5.85277e-05,0.0115316,0.197789,9666.72,0.962881,0.308284,-1,0.2,158.206,1.41189e+07,1.16368,1.22857,0.998982,0.150581,-1.35809,2,-0.00666667,-1.16588e-06,-0.000411346
1150,nan,nan,0.0822262,0,0,0.15156,0.407967,0.00284098,-0.00635833,-3.64943,5.85277e-05,0.0142199,0.197609,9591.4,0.851123,0.430024,-1,0.2,159.488,1.41312e+07,nan,nan,nan,nan,nan,nan,nan,nan,nan
1151,nan,nan,0.0821938,0,0,0.151501,0.40824,0.00306606,-0.00591365,-3.66541,5.85277e-05,0.00872882,0.197436,9333.85,0.935216,0.381283,-1,0.2,160.806,1.41435e+07,nan,nan,nan,nan,nan,nan,nan,nan,nan
1152,47.6757,648,0.0818917,0,0.0416667,0.151939,0.413846,0.0113832,-0.00630094,-3.67932,5.85277e-05,0.0108895,0.197313,9367.97,0.965905,0.345799,-1,0.2,162.12,1.41558e+07,0.139019,1.05091,0.644963,0.108052,-0.850819,1.296,-0.003,-5.98054e-05,-0.00127981
1153,nan,nan,0.0818178,0,0,0.151485,0.415787,0.00336718,-0.00591014,-3.69076,5.85277e-05,0.0155162,0.197171,12782.9,0.673138,0.288144,-1,0.2,163.082,1.41681e+07,nan,nan,nan,nan,nan,nan,nan,nan,nan
1154,nan,nan,0.0813884,0,0,0.151491,0.419133,0.00314405,-0.00581592,-3.70447,8.77915e-05,0.00421383,0.197012,10293.7,0.798646,0.39509,-1,0.2,164.277,1.41804e+07,nan,nan,nan,nan,nan,nan,nan,nan,nan
1155,nan,nan,0.0813903,0,0,0.151331,0.424003,0.0102097,-0.0021328,-3.72125,5.85277e-05,0.0234962,0.196823,9574.46,0.874659,0.408755,-1,0.2,165.562,1.41926e+07,nan,nan,nan,nan,nan,nan,nan,nan,nan
1156,53.6148,730,0.0813189,0,0.0416667,0.151365,0.429339,0.0100822,-0.00645312,-3.73412,5.85277e-05,0.0119334,0.196719,9417.83,0.977672,0.327088,-1,0.2,166.868,1.42049e+07,0.227394,1.2047,0.726847,0.0872038,-1.01749,1.46,-0.007,-3.29801e-05,-0.000876944
1157,58.5495,755,0.0813946,0,0.0416667,0.151463,0.430009,0.00434621,-0.00644355,-3.74501,5.85277e-05,0.0125157,0.196578,12639.8,0.686257,0.285909,-1,0.2,167.841,1.42172e+07,0.73823,0.970977,0.752268,0.0477463,-1.04244,1.51,-0.048,-0.000127568,-0.00117796
1158,75.9956,1000,0.0813966,0.0416667,0,0.151052,0.429657,0.00320546,-0.00846145,-3.75861,5.85277e-05,0.0163843,0.196427,11744.7,0.6679,0.378357,-1,0.2,168.889,1.42295e+07,1.55481,0.575675,0.997018,0.0272669,-1.3506,2,-0.004,-6.26749e-07,-0.000382151
1159,nan,nan,0.0813475,0,0,0.15093,0.431908,0.0031554,-0.00716605,-3.77308,5.85277e-05,0.0117726,0.196262,9011.73,0.999214,0.364342,-1,0.2,170.253,1.42418e+07,nan,nan,nan,nan,nan,nan,nan,nan,nan
1160,nan,nan,0.0810742,0,0,0.150728,0.434043,0.00322326,-0.00753451,-3.78836,5.85277e-05,0.0146384,0.196093,9392.07,0.915912,0.392426,-1,0.2,171.563,1.42541e+07,nan,nan,nan,nan,nan,nan,nan,nan,nan
1161,88.7981,1000,0.0810123,0.0833333,0,0.151443,0.437419,0.00937519,-0.00692422,-3.80296,5.85277e-05,0.0105622,0.195948,10712.9,0.857474,0.289554,-1,0.2,172.711,1.42664e+07,0.834473,1.70222,0.999683,0.222234,-1.31034,2,-0.008,-1.49839e-06,-0.000364232
1162,96.2864,1000,0.0811591,0.0416667,0,0.150939,0.436423,0.010773,-0.00615011,-3.81485,5.85277e-05,0.0109986,0.195841,13432,0.640567,0.274266,-1,0.2,173.627,1.42787e+07,1.36274,1.69334,0.998782,0.123802,-1.364,2,0,0,-0.000348461
1163,64.2256,901.5,0.0810409,0,0.0833333,0.150989,0.436947,0.00787103,-0.00433579,-3.82345,5.85277e-05,0.0167113,0.195754,10477.8,0.779499,0.393268,-1,0.2,174.801,1.42909e+07,0.250596,1.38826,0.898499,0.0935942,-1.20823,1.803,-0.0135,-5.74813e-05,-0.000885511
1164,92.2757,1000,0.0812388,0.166667,0,0.150884,0.431777,0.00347929,-0.00664566,-3.83332,5.85277e-05,0.0124082,0.195623,9285.33,0.913639,0.409739,-1,0.2,176.126,1.43032e+07,1.46887,1.33509,0.993893,0.157765,-1.33583,2,-0.0055,-2.59298e-05,-0.000474986
1165,78.6049,1000,0.0814457,0.0416667,0,0.15107,0.429883,0.00320064,-0.00363834,-3.84672,5.85277e-05,0.0186927,0.195465,9008.64,0.964782,0.399242,-1,0.2,177.492,1.43155e+07,1.55546,0.702748,0.996991,0.0348661,-1.35944,2,0,0,-0.000378561
1166,97.5237,1000,0.0814176,0.0833333,0,0.15166,0.43006,0.00314054,-0.00351696,-3.86182,5.85277e-05,0.0127492,0.1953,12063.6,0.726409,0.29219,-1,0.2,178.511,1.43278e+07,1.26098,1.71787,0.99979,0.231222,-1.3293,2,-0.004,-7.4196e-07,-0.000369566
1167,84.4492,1000,0.0859058,18.25,0,0.15259,0.371364,0.00439628,-0.00833737,-3.87705,3.90185e-05,0.0211456,0.195125,8423.98,1.07655,0.38214,-1,0.2,179.971,1.43401e+07,1.23029,1.19296,0.998596,0.132276,-1.32694,2,-0.00433562,-8.48121e-07,-0.00038751
1168,nan,nan,0.0961003,0,0,0.147886,0.248553,0.00464124,-0.0106189,-3.89189,3.90185e-05,0.0141065,0.194975,8997.72,0.985344,0.380335,-1,0.2,181.339,1.43524e+07,nan,nan,nan,nan,nan,nan,nan,nan,nan
1169,nan,nan,0.0953302,0,0,0.148101,0.246958,0.00384616,-0.0116332,-3.9071,3.90185e-05,0.0133048,0.194804,9301.11,0.951404,0.369728,-1,0.2,182.661,1.43647e+07,nan,nan,nan,nan,nan,nan,nan,nan,nan
1170,nan,nan,0.094131,0,0,0.148247,0.250334,0.00441315,-0.0100872,-3.92343,3.90185e-05,0.0117733,0.194618,10512.7,0.766733,0.402136,-1,0.2,183.834,1.4377e+07,nan,nan,nan,nan,nan,nan,nan,nan,nan
1171,92.6353,1000,0.0936198,0.125,0,0.148057,0.249581,0.00471822,-0.0110422,-3.9401,3.90185e-05,0.012545,0.194455,8208.38,1.08064,0.416362,-1,0.2,185.332,1.43892e+07,1.37104,1.44014,0.998647,0.153407,-1.32977,2,-0.00133333,-4.51247e-07,-0.000363448
1172,nan,nan,0.0930496,0,0,0.147313,0.248539,0.0122812,-0.00795288,-3.95334,3.90185e-05,0.016072,0.194331,9234.45,0.910281,0.420388,-1,0.2,186.664,1.44015e+07,nan,nan,nan,nan,nan,nan,nan,nan,nan
1173,83.5428,845,0.0925576,0.0416667,0.0416667,0.147161,0.253251,0.00662477,-0.00793293,-3.96491,3.90185e-05,0.00674546,0.194204,10465.3,0.860105,0.314056,-1,0.2,187.84,1.44138e+07,1.10604,1.44023,0.843663,0.219969,-1.11671,1.69,-0.0055,-3.79158e-05,-0.000513438
1174,69.7287,1000,0.0923083,0.208333,0,0.147532,0.258839,0.00872869,-0.00932889,-3.97608,3.90185e-05,0.0098618,0.194096,11022,0.721608,0.39325,-1,0.2,188.956,1.44261e+07,0.855302,0.901897,0.998645,0.042833,-1.30562,2,-0.0062,-7.5704e-07,-0.000423307
1175,64.3327,595,0.0914585,0.0416667,0.0416667,0.147182,0.270667,0.00753915,-0.0100668,-3.98537,3.90185e-05,0.0126018,0.194002,9483.25,0.924408,0.37135,-1,0.2,190.253,1.44384e+07,1.02645,1.01166,0.591665,0.183105,-0.776926,1.19,-0.0085,-4.50573e-05,-0.000781258
1176,104.533,1000,0.090913,0.208333,0,0.147211,0.283076,0.0103581,-0.0068387,-3.9936,3.90185e-05,0.0102988,0.19392,9569.6,0.91588,0.368186,-1,0.2,191.538,1.44507e+07,1.6886,1.61346,0.999556,0.238002,-1.31105,2,-0.0016,-2.70183e-07,-0.000344122
1177,60.7283,836.833,0.0900826,0.166667,0.0833333,0.147583,0.297342,0.012358,-0.00670003,-4.00084,3.90185e-05,0.0108692,0.193847,10875.4,0.811429,0.318464,-1,0.2,192.669,1.4463e+07,0.560685,0.998409,0.834812,0.0687432,-1.0914,1.67367,-0.00783333,-4.32318e-05,-0.000624469
1178,46.9855,684.571,0.0895592,0.166667,0.125,0.146911,0.310096,0.0284225,-0.00707689,-4.00642,3.90185e-05,0.00774055,0.193805,10639.5,0.740186,0.414754,-1,0.2,193.825,1.44753e+07,0.527628,0.644576,0.683047,0.0281487,-0.8962,1.36914,-0.00628571,-2.7089e-05,-0.00075181
1179,62.1462,715,0.0891708,0.125,0.0833333,0.146302,0.323463,0.00750208,-0.00810703,-4.01063,3.90185e-05,0.0138238,0.193743,9042.7,0.959018,0.399868,-1,0.2,195.185,1.44876e+07,0.824537,0.937231,0.712863,0.138833,-0.927825,1.43,-0.0078,-3.03618e-05,-0.000496976
1180,nan,nan,0.08836,0,0,0.145976,0.331752,0.00482492,-0.00893409,-4.0178,3.90185e-05,0.0116631,0.193651,9173.54,0.976118,0.363387,-1,0.2,196.526,1.44998e+07,nan,nan,nan,nan,nan,nan,nan,nan,nan
1181,91.0775,1000,0.087854,0.125,0,0.145488,0.343908,0.00427637,-0.00884427,-4.02728,3.90185e-05,0.0143377,0.193544,11972.3,0.737942,0.288423,-1,0.2,197.554,1.45121e+07,1.34597,1.34681,0.999275,0.152004,-1.28578,2,-0.004,-4.91609e-07,-0.000398122
1182,81.8133,1000,0.0873979,0.0833333,0,0.145915,0.350996,0.00371239,-0.00738945,-4.03752,3.90185e-05,0.0069442,0.193429,12574.4,0.635348,0.341872,-1,0.2,198.532,1.45244e+07,1.31176,1.02164,0.996722,0.0417146,-1.28082,2,0,0,-0.000346462
1183,65.4801,1000,0.0867908,0.0833333,0,0.146168,0.358663,0.00355554,-0.00816396,-4.04854,3.90185e-05,0.00863103,0.193308,8464.54,1.01526,0.436441,-1,0.2,199.985,1.45367e+07,1.14759,0.412557,0.998814,0.0180472,-1.2965,2,-0.006,-6.00439e-07,-0.000498142
1184,nan,nan,0.0868336,0,0,0.145779,0.359556,0.00325253,-0.00743179,-4.06038,3.90185e-05,0.00977177,0.193173,9631.7,0.926447,0.34934,-1,0.2,201.262,1.4549e+07,nan,nan,nan,nan,nan,nan,nan,nan,nan
1185,95.3658,1000,0.0866415,0.208333,0,0.145682,0.367513,0.00312058,-0.00733776,-4.0727,5.85277e-05,0.00468284,0.193048,11192.2,0.780099,0.317809,-1,0.2,202.362,1.45613e+07,1.41696,1.47292,0.99974,0.175705,-1.29424,2,-0.0024,-7.55497e-07,-0.000396428
1186,83.3716,1000,0.086211,0.208333,0,0.145077,0.372672,0.00312833,-0.00669832,-4.08669,5.85277e-05,0.0100682,0.192869,12865.9,0.642188,0.312893,-1,0.2,203.318,1.45736e+07,1.41383,0.948678,0.997634,0.102458,-1.29127,2,-0.0024,-5.80581e-07,-0.000350893
1187,83.9242,1000,0.0862792,0.208333,0,0.14559,0.378513,0.00287527,-0.00688139,-4.10356,5.85277e-05,0.0159929,0.192687,8997.27,0.941101,0.424647,-1,0.2,204.685,1.45859e+07,1.17926,1.14246,0.999191,0.160459,-1.2824,2,-0.0024,-8.0735e-07,-0.000361019
1188,96.6942,1000,0.086157,0.0833333,0,0.145623,0.37786,0.00295558,-0.00867944,-4.12031,5.85277e-05,0.0198645,0.192507,9648.6,0.898794,0.374759,-1,0.2,205.96,1.45981e+07,1.45471,1.47,0.999623,0.202391,-1.29166,2,0,0,-0.000361461
1189,85.0919,1000,0.0857136,0.0833333,0,0.145109,0.383722,0.00282305,-0.00733124,-4.13762,5.85277e-05,0.00896288,0.192314,10948.7,0.829979,0.292344,-1,0.2,207.084,1.46104e+07,0.847233,1.61659,0.99981,0.0980426,-1.30462,2,-0.002,-1.76292e-07,-0.000458713
1190,87.6873,1000,0.0858743,0.125,0,0.145206,0.384993,0.00325407,-0.00621634,-4.15517,5.85277e-05,0.00993549,0.192141,12928.8,0.682258,0.268181,-1,0.2,208.036,1.46227e+07,1.11839,1.3998,0.999352,0.147804,-1.28059,2,0,0,-0.000396377
1191,117.423,1000,0.0850162,0.0416667,0,0.145876,0.393468,0.00846675,-0.00523778,-4.1698,5.85277e-05,0.0150452,0.192004,10207.5,0.784222,0.419603,-1,0.2,209.241,1.4635e+07,1.98578,1.80398,0.999896,0.342377,-1.26059,2,0,-2.4443e-06,-0.000273919
1192,53.2013,589,0.0850777,0,0.0416667,0.14575,0.395812,0.00821966,-0.00758202,-4.18212,5.85277e-05,0.0129754,0.19187,9282.83,0.946748,0.376987,-1,0.2,210.567,1.46473e+07,0.544398,0.967154,0.586224,0.141273,-0.748233,1.178,-0.008,-3.75496e-05,-0.000711931
1193,nan,nan,0.0848912,0,0,0.14608,0.398709,0.00388774,-0.00655885,-4.19562,5.85277e-05,0.01107,0.191719,9718.67,0.958429,0.305942,-1,0.2,211.832,1.46596e+07,nan,nan,nan,nan,nan,nan,nan,nan,nan
1194,76.8439,1000,0.0847966,0.0416667,0,0.145464,0.401302,0.00311954,-0.00626555,-4.21063,5.85277e-05,0.00747122,0.191549,12944.9,0.668351,0.280902,-1,0.2,212.783,1.46719e+07,0.205405,1.70318,0.999779,0.217197,-1.28303,2,0,0,-0.000335254
1195,nan,nan,0.0850394,0,0,0.145292,0.402057,0.00840016,-0.00516992,-4.22539,5.85277e-05,0.00940134,0.191416,13777.2,0.616311,0.275595,-1,0.2,213.676,1.46842e+07,nan,nan,nan,nan,nan,nan,nan,nan,nan
1196,52.2639,684,0.0846979,0,0.0416667,0.145161,0.407523,0.00885303,-0.00598894,-4.23653,5.85277e-05,0.0131011,0.191306,13339.7,0.649249,0.271908,-1,0.2,214.598,1.46964e+07,0.492805,0.904669,0.681272,0.0450919,-0.86556,1.368,-0.012,-3.69215e-05,-0.00104686
1197,61.018,724,0.0845815,0,0.0416667,0.145359,0.411332,0.0251505,-0.00634602,-4.24529,5.85277e-05,0.0151084,0.191239,13753.5,0.611048,0.282398,-1,0.2,215.493,1.47087e+07,0.849782,0.909952,0.721404,0.0440325,-0.917221,1.448,-0.004,-2.25352e-05,-0.00102714
1198,90.173,872,0.0845655,0.0416667,0.0416667,0.145289,0.410839,0.0201957,-0.00295018,-4.25003,5.85277e-05,0.015823,0.191199,13135.6,0.658758,0.276712,-1,0.2,216.43,1.4721e+07,1.46904,1.38224,0.869483,0.150182,-1.10213,1.744,-0.0035,-2.21539e-05,-0.00064952
1199,69.6551,881,0.084335,0.0416667,0.0416667,0.145425,0.414663,0.00724639,-0.0068856,-4.25457,5.85277e-05,0.0144517,0.191134,13802.3,0.617376,0.272913,-1,0.2,217.321,1.47333e+07,0.727225,1.2105,0.879369,0.0594969,-1.14317,1.762,-0.012,-2.01402e-05,-0.000649912
1200,70.9249,1000,0.0845584,0.0416667,0,0.145294,0.410831,0.0218308,-0.00357165,-4.2607,5.85277e-05,0.015779,0.191083,13942.1,0.608221,0.273136,-1,0.2,218.204,1.47456e+07,1.40208,0.445333,0.996428,0.0197942,-1.30106,2,-0.016,-3.10096e-06,-0.000328718
1201,69.2579,803.5,0.0842969,0,0.0833333,0.145287,0.414056,0.00794479,-0.00639744,-4.26608,3.90185e-05,0.0225146,0.191002,14753.7,0.589098,0.243779,-1,0.2,221.545,1.47579e+07,1.0505,0.992756,0.800692,0.0456667,-1.02472,1.607,-0.008,-3.63744e-05,-0.000963011
1202,46.1309,1000,0.0843154,0.0416667,0,0.145001,0.4154,0.0262229,-0.00776483,-4.27261,3.90185e-05,0.0130106,0.190958,14916.7,0.579251,0.244524,-1,0.2,222.37,1.47702e+07,0.42419,0.463847,0.695466,0.0357697,-1.3157,2,0.004,-9.71789e-05,-0.000937406
1203,72.1245,909,0.084284,0.0416667,0.0833333,0.145737,0.415412,0.00865138,-0.00825621,-4.2769,3.90185e-05,0.0114318,0.190902,14883.5,0.580223,0.245388,-1,0.2,223.197,1.47825e+07,0.748381,1.18878,0.90691,0.105334,-1.15248,1.818,-0.008,-2.75859e-05,-0.000666722
1204,109.039,1000,0.0843127,0.0833333,0,0.144525,0.414375,0.00525958,-0.00674113,-4.28357,3.90185e-05,0.00820582,0.190818,14772.4,0.585433,0.246386,-1,0.2,224.03,1.47948e+07,1.62995,1.79708,0.999923,0.298529,-1.27327,2,0,0,-0.000277989
1205,76.7366,1000,0.0842982,0.166667,0,0.144709,0.416123,0.0040771,-0.00630971,-4.29237,3.90185e-05,0.013898,0.190714,14724.1,0.586661,0.24789,-1,0.2,224.866,1.4807e+07,1.01131,0.974989,0.998343,0.114384,-1.26079,2,-0.001,-2.19727e-07,-0.000401886
1206,96.4614,1000,0.0843134,0.0833333,0,0.144725,0.4141,0.00413707,-0.00891848,-4.30279,3.90185e-05,0.0112622,0.190602,14207.4,0.613519,0.251381,-1,0.2,225.732,1.48193e+07,1.27924,1.60718,0.998977,0.194048,-1.25607,2,0,0,-0.000304817
1207,51.4374,1000,0.0843651,0.0416667,0,0.144678,0.415973,0.00412466,-0.0075745,-4.31333,3.90185e-05,0.00991208,0.190488,14745.1,0.589995,0.243368,-1,0.2,226.566,1.48316e+07,0.476037,0.324898,0.994199,0.0168776,-1.23981,2,0,0,-0.000333412
1208,52.1702,1000,0.0844211,0.0416667,0,0.14392,0.411769,0.00418969,-0.00715597,-4.32389,3.90185e-05,0.00893155,0.190382,14824.9,0.585905,0.242969,-1,0.2,227.396,1.48439e+07,0.574265,0.271455,0.995979,0.019404,-1.25227,2,0,0,-0.000321116
1209,87.798,1000,0.0918779,17.5833,0,0.153468,0.312847,0.00950514,-0.010016,-4.33376,3.90185e-05,0.0113595,0.190278,13017.4,0.698923,0.245044,-1,0.2,228.342,1.48562e+07,1.26604,1.24596,0.9988,0.137026,-1.25428,2,-0.00327725,-6.50596e-07,-0.000368736
1210,11.4164,143,0.0962009,0,0.0416667,0.151918,0.256626,0.0102728,-0.00963027,-4.34279,3.90185e-05,0.0125206,0.19019,14052.9,0.621983,0.25243,-1,0.2,229.217,1.48685e+07,0.155552,0.170274,0.140445,0.0232783,-0.195959,0.286,-0.008,-7.11193e-05,-0.000700411
1211,nan,nan,0.0949792,0,0,0.150496,0.259897,0.00532549,-0.010721,-4.35224,3.90185e-05,0.0105098,0.190068,13511.4,0.643169,0.266286,-1,0.2,230.128,1.48808e+07,nan,nan,nan,nan,nan,nan,nan,nan,nan
1212,118.213,1000,0.0941992,0.0833333,0,0.150063,0.257919,0.00495854,-0.0116783,-4.36488,3.90185e-05,0.011473,0.189936,12378.1,0.720364,0.272358,-1,0.2,231.122,1.48931e+07,1.98675,1.80592,0.999916,0.352948,-1.23459,2,0,-1.10785e-07,-0.000288775
1213,77.4705,1000,0.0936468,0.0416667,0,0.149604,0.259459,0.00749206,-0.0110034,-4.37645,3.90185e-05,0.00954167,0.189824,13546.8,0.638282,0.268794,-1,0.2,232.03,1.49053e+07,1.78577,0.361239,0.999828,0.0203947,-1.26911,2,-0.024,-3.61415e-06,-0.000589464
1214,51.9111,601,0.0931426,0.0416667,0.0416667,0.149718,0.258309,0.0123309,-0.00543971,-4.38563,3.90185e-05,0.0144248,0.189747,13338.7,0.650939,0.270289,-1,0.2,232.953,1.49176e+07,0.702484,0.834179,0.583613,0.0396672,-0.756661,1.202,-0.009,-5.02143e-05,-0.000678832
1215,84.7112,1000,0.0925504,0.125,0,0.149667,0.264447,0.0147746,-0.00749088,-4.39208,3.90185e-05,0.00875129,0.189689,13304.8,0.652671,0.270905,-1,0.2,233.877,1.49299e+07,1.32046,1.05983,0.998072,0.103369,-1.24451,2,-0.00133333,-6.57921e-07,-0.000332076
1216,47.1977,668.6,0.0918152,0.125,0.0833333,0.150507,0.277735,0.0358939,-0.00830561,-4.39646,3.90185e-05,0.011105,0.189656,12985.5,0.674001,0.272286,-1,0.2,234.825,1.49422e+07,0.649078,0.51697,0.666156,0.0244661,-0.827831,1.3372,-0.0056,-3.1508e-05,-0.000522325
1217,36.8531,425.714,0.0912886,0.0833333,0.208333,0.149951,0.287285,0.0128387,-0.00784844,-4.39954,3.90185e-05,0.00774267,0.189616,13364.1,0.64483,0.27465,-1,0.2,235.746,1.49545e+07,0.484889,0.556645,0.424105,0.0692889,-0.536956,0.851429,-0.006,-6.32493e-05,-0.000682478
1218,99.8425,1000,0.090871,0.291667,0,0.148966,0.287757,0.00777287,-0.00679422,-4.40465,3.90185e-05,0.0119216,0.189549,10056.6,0.832858,0.389027,-1,0.2,236.969,1.49668e+07,1.61288,1.43295,0.99906,0.188031,-1.23761,2,-0.00285714,-6.19497e-07,-0.000332431
1219,80.2387,1000,0.0903547,0.375,0,0.149524,0.293639,0.0122437,-0.0090088,-4.41118,3.90185e-05,0.00824366,0.189485,8869.34,1.04729,0.338157,-1,0.2,238.356,1.49791e+07,1.086,1.07895,0.998587,0.100962,-1.24773,2,-0.00444444,-9.49611e-07,-0.000401005
1220,67.6954,1000,0.0901344,0.0833333,0,0.150061,0.301764,0.00680966,-0.00864292,-4.41798,3.90185e-05,0.00936119,0.1894,8846.51,0.984523,0.4045,-1,0.2,239.746,1.49914e+07,1.25764,0.383325,0.999779,0.0181421,-1.25751,2,-0.016,-2.15391e-06,-0.000606369
1221,77.4606,1000,0.0896537,0.208333,0,0.149921,0.308788,0.00480059,-0.00765188,-4.42662,3.90185e-05,0.0086459,0.189306,8301.58,1.12824,0.351963,-1,0.2,241.228,1.50036e+07,1.07505,1.00161,0.997772,0.0456507,-1.24127,2,-0.0054,-1.48838e-06,-0.000377384
1222,76.003,1000,0.0887253,0.0416667,0,0.149683,0.326811,0.0043206,-0.00915814,-4.43592,3.90185e-05,0.00681169,0.189203,7770.95,1.05175,0.529528,-1,0.2,242.811,1.50159e+07,0.395819,1.59524,0.999757,0.0648842,-1.2281,2,-0.027,-7.29677e-06,-0.000443575
1223,107.431,1000,0.0877892,0.125,0,0.149789,0.341242,0.0143787,-0.00587235,-4.44493,3.90185e-05,0.0121915,0.189122,8293.74,1.04709,0.434513,-1,0.2,244.295,1.50282e+07,1.55457,1.77427,0.999883,0.275053,-1.22789,2,-0.004,-1.20528e-06,-0.000332031
1224,50.0989,586.667,0.0876902,0.0416667,0.0833333,0.150542,0.351211,0.0159043,-0.00622545,-4.45146,3.90185e-05,0.0142868,0.189065,8863.88,0.964861,0.42144,-1,0.2,245.683,1.50405e+07,0.50318,0.863364,0.584655,0.129385,-0.739235,1.17333,-0.009,-3.46923e-05,-0.000701014
1225,75.6871,796.333,0.086888,0.0833333,0.0416667,0.150571,0.36636,0.00913008,-0.00802254,-4.4569,3.90185e-05,0.0118286,0.189005,8503.77,0.997874,0.447133,-1,0.2,247.129,1.50528e+07,0.992231,1.24399,0.794301,0.145409,-0.976003,1.59267,-0.00766667,-1.23193e-05,-0.000560531
1226,68.9936,800.667,0.0865216,0.0833333,0.0416667,0.149321,0.372515,0.0062281,-0.00668553,-4.46343,3.90185e-05,0.00977807,0.188925,8770.86,1.02633,0.374674,-1,0.2,248.532,1.50651e+07,1.01121,0.900581,0.799743,0.129432,-0.982664,1.60133,-0.00933333,-1.253e-05,-0.00060779
1227,87.8223,888.6,0.0860334,0.166667,0.0416667,0.150413,0.380233,0.00473824,-0.00759128,-4.47192,3.90185e-05,0.0150313,0.188823,10273.3,0.759028,0.437085,-1,0.2,249.729,1.50774e+07,1.52249,1.15105,0.887239,0.145784,-1.08736,1.7772,-0.0048,-5.48038e-06,-0.00048001
1228,86.466,1000,0.0857989,0.208333,0,0.149941,0.384961,0.00413836,-0.0080269,-4.48244,3.90185e-05,0.0108077,0.188709,7413.4,1.17146,0.486083,-1,0.2,251.388,1.50897e+07,1.26179,1.16924,0.998472,0.12061,-1.21925,2,-0.0072,-1.40534e-06,-0.000353757
1229,78.045,1000,0.0855095,0.208333,0,0.149979,0.390232,0.00559467,-0.00815366,-4.49287,3.90185e-05,0.0130604,0.188605,8488.59,1.07668,0.370909,-1,0.2,252.838,1.5102e+07,1.05773,1.03448,0.998553,0.0505259,-1.2308,2,-0.0078,-2.45875e-06,-0.000431931
1230,70.6568,653.5,0.0852319,0.0416667,0.0416667,0.150408,0.397156,0.0142149,-0.00633947,-4.5013,3.90185e-05,0.0120572,0.188537,9238.06,0.991839,0.33831,-1,0.2,254.169,1.51142e+07,1.05709,1.12638,0.652114,0.192859,-0.800044,1.307,-0.002,-2.63978e-05,-0.000527485
1231,65.0427,882.5,0.0852233,0.125,0.0416667,0.149642,0.396986,0.00581125,-0.00905648,-4.50817,3.90185e-05,0.0136522,0.188453,8573.15,0.939215,0.494098,-1,0.2,255.605,1.51265e+07,0.824446,0.831405,0.880477,0.0479188,-1.09154,1.765,-0.005,-1.95353e-05,-0.000557977
1232,100.775,1000,0.08518,0.0833333,0,0.149443,0.399509,0.023242,-0.00565488,-4.51536,3.90185e-05,0.0136093,0.188398,9122.22,0.971697,0.375343,-1,0.2,256.953,1.51388e+07,1.73425,1.34808,0.99978,0.194878,-1.22786,2,-0.01,-2.27415e-06,-0.000398349
1233,63.1747,787.25,0.0848072,0.0833333,0.0833333,0.149282,0.406779,0.0169756,-0.00629723,-4.5195,3.90185e-05,0.0154245,0.188362,9040.89,1.00043,0.358729,-1,0.2,258.313,1.51511e+07,0.555025,1.11645,0.785302,0.088047,-0.955118,1.5745,-0.00475,-5.85607e-05,-0.000662757
1234,49.6106,600,0.0849411,0,0.0416667,0.148228,0.407159,0.004935,-0.008366,-4.52398,3.90185e-05,0.00754242,0.188297,9339.46,0.895937,0.419771,-1,0.2,259.63,1.51634e+07,0.390562,0.971958,0.597506,0.08119,-0.755822,1.2,-0.004,-4.14158e-05,-0.000822665
1235,nan,nan,0.0846276,0,0,0.148501,0.412087,0.00526214,-0.00761036,-4.53166,3.90185e-05,0.0158002,0.188203,8671.58,1.01145,0.405589,-1,0.2,261.049,1.51757e+07,nan,nan,nan,nan,nan,nan,nan,nan,nan
1236,119.494,1000,0.0844005,0.0416667,0,0.148713,0.410114,0.015296,-0.00780436,-4.53965,3.90185e-05,0.0108201,0.18814,7777.78,1.19785,0.382031,-1,0.2,262.63,1.5188e+07,1.9878,1.81136,0.999904,0.348441,-1.17252,2,0,0,-0.000281318
1237,60.9415,693,0.0841512,0.0416667,0.125,0.148379,0.418817,0.0101712,-0.00766367,-4.54484,2.60123e-05,0.0207352,0.188085,8441.88,0.999438,0.456162,-1,0.2,264.087,1.52003e+07,0.660846,1.03949,0.690531,0.109109,-0.830138,1.386,-0.00775,-5.18231e-05,-0.000957861
1238,nan,nan,0.0843383,0,0,0.14821,0.41878,0.0294467,-0.00763517,-4.54918,2.60123e-05,0.0128884,0.188057,8147.63,1.07478,0.433391,-1,0.2,265.597,1.52125e+07,nan,nan,nan,nan,nan,nan,nan,nan,nan
1239,69.1581,862.75,0.0842078,0.0833333,0.0833333,0.149099,0.420763,0.00760419,-0.00841938,-4.55218,2.60123e-05,0.0114723,0.188016,9085.61,1.019,0.333469,-1,0.2,266.951,1.52248e+07,1.18452,0.69361,0.860536,0.0648855,-1.05694,1.7255,-0.0135,-3.35764e-05,-0.000666743
1240,60.4415,1000,0.0842589,0.0833333,0,0.147928,0.417742,0.00527805,-0.00789098,-4.55706,2.60123e-05,0.00928816,0.187957,9596.85,0.914106,0.366315,-1,0.2,268.233,1.52371e+07,0.932621,0.292893,0.998261,0.0164755,-1.2117,2,-0.006,-6.9103e-07,-0.000471972
1241,82.1832,992.667,0.0841881,0.0833333,0.0416667,0.147894,0.420287,0.00789506,-0.00676623,-4.56261,2.60123e-05,0.00933995,0.187903,8471.07,1.05697,0.393612,-1,0.2,269.685,1.52494e+07,1.02633,1.22661,0.991108,0.112808,-1.22456,1.98533,-0.008,-9.45971e-06,-0.000451043
1242,103.571,1000,0.0841103,0.0416667,0,0.148256,0.423864,0.0194231,-0.00647027,-4.56737,2.60123e-05,0.0111991,0.187858,9297.1,0.978004,0.343698,-1,0.2,271.008,1.52617e+07,1.37351,1.79234,0.999804,0.210371,-1.1972,2,0,0,-0.000276207
1243,69.2846,896,0.0839133,0,0.0416667,0.148064,0.424677,0.0155457,-0.00580872,-4.57134,2.60123e-05,0.00631682,0.187823,10096.8,0.815042,0.401975,-1,0.2,272.227,1.5274e+07,0.338232,1.44089,0.893221,0.107662,-1.09165,1.792,-0.015,-7.8042e-05,-0.00105025
1244,53.9145,923.5,0.0841377,0.0416667,0.0416667,0.147047,0.425823,0.0262918,-0.00592881,-4.57385,2.60123e-05,0.0100964,0.187808,8957.13,0.976172,0.395696,-1,0.2,273.6,1.52863e+07,0.436989,0.56554,0.918888,0.0252393,-1.08949,1.847,-0.008,-1.08146e-05,-0.000431814
1245,80.9901,901.8,0.0838117,0.166667,0.25,0.147807,0.43223,0.0228586,-0.00594151,-4.57494,2.60123e-05,0.0145847,0.187795,8042.29,1.0552,0.47272,-1,0.2,275.129,1.52986e+07,0.999726,1.29523,0.899554,0.137749,-1.08101,1.8036,-0.0048,-1.3652e-05,-0.000528469
1246,70.1838,894.75,0.08372,0,0.166667,0.148125,0.430137,0.0257928,-0.00646377,-4.57644,2.60123e-05,0.0131228,0.187777,6820.32,1.05435,0.747326,-1,0.2,276.933,1.53108e+07,0.851346,1.01708,0.890673,0.0491422,-1.081,1.7895,-0.007,-2.00354e-05,-0.000524643
1247,82.582,960.167,0.0836659,0.125,0.125,0.147353,0.433511,0.0179061,-0.0070378,-4.57872,2.60123e-05,0.00686374,0.187745,6425.67,1.33248,0.57985,-1,0.2,278.867,1.53231e+07,0.901444,1.39045,0.958349,0.131279,-1.16777,1.92033,-0.0045,-7.62177e-06,-0.000484114
1248,82.3222,958,0.0839896,0.0416667,0.0833333,0.146505,0.42817,0.0135916,-0.00749135,-4.5821,2.60123e-05,0.00949257,0.187709,6317.94,1.31123,0.633711,-1,0.2,280.814,1.53354e+07,1.26042,1.00898,0.954581,0.133261,-1.15267,1.916,-0.004,-1.48779e-05,-0.000444276
1249,85.7149,979,0.0840656,0.0416667,0.0416667,0.146393,0.426819,0.00942784,-0.00799587,-4.58592,2.60123e-05,0.00910123,0.187662,6962.84,1.17904,0.585762,-1,0.2,282.582,1.53477e+07,1.33683,1.14402,0.975532,0.0465289,-1.17074,1.958,-0.004,-1.05213e-05,-0.000412715
1250,87.5632,999.94,0.0840685,16.0417,0.0416667,0.146067,0.429682,0.0125632,-0.00848744,-4.59084,2.60123e-05,0.0087804,0.187609,5943.52,1.41509,0.652369,-1,0.2,284.651,1.536e+07,1.2512,1.21697,0.998104,0.125256,-1.20753,1.99988,-0.00532383,-1.45813e-06,-0.000397039
1251,68.9682,1000,0.0981044,0.0416667,0,0.147374,0.250861,0.00767516,-0.0100829,-4.59668,2.60123e-05,0.00832854,0.187538,5668.11,1.51957,0.648346,-1,0.2,286.822,1.53723e+07,0.818505,0.785334,0.996359,0.0328183,-1.18024,2,-0.004,-7.70484e-07,-0.000363664
1252,86.5199,1000,0.0973927,0.0416667,0,0.144014,0.251718,0.00501725,-0.0084505,-4.60502,2.60123e-05,0.0090778,0.18743,6769.61,1.1923,0.622871,-1,0.2,288.64,1.53846e+07,1.84282,0.698435,0.999728,0.0259669,-1.22445,2,-0.016,-2.30746e-06,-0.000498443
1253,nan,nan,0.0963131,0,0,0.143922,0.255448,0.00475581,-0.0101222,-4.61627,2.60123e-05,0.01068,0.187311,6286.49,1.32536,0.629307,-1,0.2,290.597,1.53969e+07,nan,nan,nan,nan,nan,nan,nan,nan,nan
1254,109.624,1000,0.0954524,0.0833333,0,0.14403,0.257559,0.00539263,-0.0085869,-4.62723,2.60123e-05,0.00754414,0.187202,6484.16,1.35029,0.544787,-1,0.2,292.494,1.54092e+07,1.84331,1.62911,0.999818,0.204884,-1.19153,2,-0.004,-1.58201e-06,-0.000368731
1255,95.2572,1000,0.095089,0.0416667,0,0.144029,0.257558,0.0112697,-0.00743559,-4.63637,2.60123e-05,0.0142962,0.187129,6192.86,1.31162,0.672596,-1,0.2,294.48,1.54214e+07,1.0584,1.75602,0.999795,0.161436,-1.21242,2,0,0,-0.00037556
1256,59.0008,784.75,0.0943976,0.125,0.0416667,0.144206,0.261082,0.0178388,-0.00636707,-4.64184,2.60123e-05,0.0124848,0.187085,6359.17,1.39777,0.534555,-1,0.2,296.414,1.54337e+07,0.660909,0.849927,0.78267,0.0419612,-0.943591,1.5695,-0.01075,-1.78785e-05,-0.00056673
1257,77.9283,832.4,0.0940924,0.166667,0.0416667,0.144705,0.269559,0.00779763,-0.0084711,-4.64637,2.60123e-05,0.0093205,0.187029,8255.87,1.04426,0.444135,-1,0.2,297.904,1.5446e+07,1.14013,1.11101,0.831865,0.155895,-1.00142,1.6648,-0.0054,-1.1832e-05,-0.000457047
1258,85.7611,1000,0.0934748,0.25,0,0.143845,0.274453,0.00615932,-0.0079739,-4.65257,2.60123e-05,0.00805179,0.186959,7259.95,1.22319,0.469381,-1,0.2,299.598,1.54583e+07,1.34316,1.03135,0.998776,0.126624,-1.20831,2,-0.00316667,-1.53431e-06,-0.000376536
1259,65.534,842,0.0930054,0.166667,0.0416667,0.145241,0.281831,0.0117595,-0.00723265,-4.65886,2.60123e-05,0.00792734,0.186902,7201.05,1.15444,0.551975,-1,0.2,301.307,1.54706e+07,1.09055,0.664454,0.840465,0.0291907,-1.02604,1.684,-0.0054,-1.30008e-05,-0.000502671
1260,93.9194,1000,0.092482,0.333333,0,0.144815,0.288269,0.00524619,-0.0070235,-4.66459,2.60123e-05,0.00792738,0.186835,6399.15,1.49475,0.425502,-1,0.2,303.229,1.54829e+07,1.44056,1.27865,0.999396,0.186167,-1.20439,2,-0.004,-1.12458e-06,-0.000416762
1261,82.9749,1000,0.0918548,0.208333,0,0.145238,0.300515,0.00505079,-0.00714323,-4.67209,2.60123e-05,0.0123099,0.186747,9294.88,0.953899,0.368119,-1,0.2,304.553,1.54952e+07,0.860281,1.40737,0.999675,0.0927275,-1.20368,2,-0.0072,-7.56247e-07,-0.000426711
1262,91.6117,1000,0.091308,0.166667,0,0.14503,0.30993,0.00515202,-0.00658864,-4.68077,2.60123e-05,0.00783615,0.186658,10482.4,0.798953,0.373303,-1,0.2,305.727,1.55075e+07,1.29123,1.35438,0.999308,0.130019,-1.19196,2,-0.002,-2.57504e-07,-0.000389305
1263,95.0517,1000,0.0905736,0.125,0,0.145065,0.32612,0.00405474,-0.00707546,-4.68933,2.60123e-05,0.0063812,0.186568,10307.1,0.809493,0.382699,-1,0.2,306.92,1.55197e+07,1.26312,1.52608,0.999419,0.155043,-1.19071,2,0,0,-0.000366992
1264,79.1266,1000,0.0901412,0.125,0,0.144071,0.336771,0.0157584,-0.00692659,-4.6967,2.60123e-05,0.0111891,0.186511,9742.29,0.90114,0.360165,-1,0.2,308.183,1.5532e+07,0.65788,1.43762,0.999373,0.0636145,-1.1924,2,-0.00933333,-1.19407e-06,-0.000419635
1265,74.2553,838.5,0.0898251,0.125,0.0416667,0.144155,0.348503,0.00535518,-0.00759008,-4.70211,2.60123e-05,0.010931,0.18645,10439,0.810414,0.366706,-1,0.2,309.362,1.55443e+07,0.907448,1.1312,0.83686,0.158516,-0.995996,1.677,-0.00175,-7.03696e-05,-0.000441888
1266,77.3565,1000,0.0894329,0.0833333,0,0.143615,0.352207,0.00386042,-0.00822435,-4.70922,2.60123e-05,0.0133014,0.186361,10122.7,0.795668,0.418241,-1,0.2,310.578,1.55566e+07,1.4866,0.594614,0.998836,0.0236305,-1.22786,2,-0.0075,-3.45079e-06,-0.000486054
1267,104.273,1000,0.0887886,0.125,0,0.143866,0.359787,0.00416469,-0.00753101,-4.71828,2.60123e-05,0.0154055,0.186265,10463.9,0.799903,0.374425,-1,0.2,311.754,1.55689e+07,1.65359,1.54363,0.999836,0.195801,-1.17753,2,-0.00133333,-1.46604e-07,-0.000350753
1268,70.5318,1000,0.0885804,0.166667,0,0.143593,0.364981,0.00363109,-0.00675967,-4.72775,2.60123e-05,0.00579521,0.186167,10649.3,0.78446,0.369422,-1,0.2,312.909,1.55812e+07,0.750665,0.899467,0.999046,0.0857891,-1.19995,2,-0.008,-1.31005e-06,-0.000426245
1269,91.1965,1000,0.0887507,0.166667,0,0.143312,0.369516,0.00978004,-0.00587023,-4.73625,2.60123e-05,0.00786542,0.186092,10542.5,0.795736,0.369834,-1,0.2,314.076,1.55935e+07,1.46351,1.14829,0.999197,0.147434,-1.19421,2,-0.004,-2.84208e-07,-0.000391084
1270,81.9019,989.667,0.0880945,0.208333,0.0416667,0.143986,0.376178,0.0042827,-0.00764938,-4.7434,2.60123e-05,0.0073665,0.186016,10518.5,0.800819,0.367407,-1,0.2,315.246,1.56058e+07,1.25334,0.97575,0.988512,0.0790397,-1.1705,1.97933,-0.00983333,-1.68876e-05,-0.000530096
1271,78.6456,1000,0.0886524,0.208333,0,0.142752,0.370262,0.00385318,-0.00751602,-4.75116,2.60123e-05,0.00706733,0.185932,10193.7,0.825259,0.380187,-1,0.2,316.453,1.5618e+07,1.19588,0.850813,0.998672,0.0872218,-1.19448,2,-0.0054,-2.13945e-06,-0.000421473
1272,103.029,1000,0.0882222,0.125,0,0.142679,0.374668,0.00356418,-0.00562138,-4.75959,2.60123e-05,0.00811,0.18584,10401.7,0.8177,0.363641,-1,0.2,317.635,1.56303e+07,1.5663,1.54484,0.999803,0.236895,-1.18938,2,-0.00666667,-1.43092e-06,-0.00035591
1273,91.8213,1000,0.088051,0.0416667,0,0.143099,0.378104,0.00373897,-0.00788687,-4.76873,3.90185e-05,0.00321959,0.185744,10658.6,0.781946,0.370931,-1,0.2,318.79,1.56426e+07,0.883829,1.73265,0.999874,0.162608,-1.18751,2,0,0,-0.000384371
1274,103.953,1000,0.0877717,0.166667,0,0.143514,0.381745,0.00429234,-0.00779373,-4.77987,3.90185e-05,0.0104455,0.185612,10384.7,0.815243,0.368041,-1,0.2,319.974,1.56549e+07,1.66045,1.46878,0.998971,0.26492,-1.19517,2,0,0,-0.000307291
1275,77.0563,899.75,0.0875431,0.125,0.0416667,0.142656,0.388843,0.00686851,-0.00523004,-4.79154,3.90185e-05,0.00733243,0.185507,10387,0.823073,0.359948,-1,0.2,321.159,1.56672e+07,0.525422,1.50745,0.899011,0.172857,-1.04597,1.7995,-0.005,-1.45936e-05,-0.000434905
1276,nan,nan,0.0876375,0,0,0.14167,0.390394,0.0136574,-0.00697769,-4.80007,3.90185e-05,0.0123726,0.185439,10688.5,0.783402,0.366249,-1,0.2,322.31,1.56795e+07,nan,nan,nan,nan,nan,nan,nan,nan,nan
1277,49.9608,732.25,0.0872011,0.0416667,0.125,0.141995,0.402792,0.0122759,-0.00616913,-4.80567,3.90185e-05,0.0118914,0.185386,8804.05,0.927259,0.468462,-1,0.2,323.707,1.56918e+07,0.503826,0.667163,0.729736,0.0354338,-0.883458,1.4645,-0.01825,-7.42577e-05,-0.000835756
1278,61.8418,829.5,0.087125,0.0416667,0.0416667,0.142062,0.39861,0.0047726,-0.00698869,-4.81211,3.90185e-05,0.00966351,0.1853,10810.3,0.766792,0.3699,-1,0.2,324.846,1.57041e+07,0.29621,1.23007,0.828112,0.0625315,-0.975138,1.659,-0.008,-1.28445e-05,-0.000679365
1279,96.1216,1000,0.0871452,0.125,0,0.142098,0.396159,0.0048214,-0.00807447,-4.82196,3.90185e-05,0.0138568,0.185182,10564.7,0.78771,0.375412,-1,0.2,326.01,1.57164e+07,1.4506,1.33498,0.999798,0.214356,-1.18924,2,-0.004,-4.29782e-07,-0.0004021
1280,nan,nan,0.0871523,0,0,0.141868,0.39821,0.00418934,-0.00765753,-4.83369,3.90185e-05,0.0119683,0.185068,10286,0.823441,0.371188,-1,0.2,327.206,1.57286e+07,nan,nan,nan,nan,nan,nan,nan,nan,nan
1281,97.449,1000,0.0870946,0.208333,0,0.142807,0.400828,0.0038432,-0.00621148,-4.8442,5.85277e-05,0.00482071,0.184962,10644.8,0.786417,0.36795,-1,0.2,328.362,1.57409e+07,1.58764,1.32976,0.999464,0.135755,-1.17035,2,-0.0094,-1.93121e-06,-0.000408927
1282,64.1586,1000,0.0870599,0.0833333,0,0.143777,0.402303,0.0181826,-0.00453415,-4.8542,5.85277e-05,0.017877,0.184877,9846.87,0.849433,0.398476,-1,0.2,329.611,1.57532e+07,0.893035,0.500182,0.99846,0.0216025,-1.19683,2,-0.008,-1.0337e-06,-0.00051571
1283,70.7568,843.333,0.0868829,0.0833333,0.0416667,0.143417,0.40195,0.00600882,-0.00758742,-4.86164,5.85277e-05,0.00943086,0.18479,10752.6,0.770323,0.372475,-1,0.2,330.756,1.57655e+07,0.707391,1.22784,0.841152,0.0684838,-0.989647,1.68667,-0.00333333,-1.69335e-05,-0.000697171
1284,78.4678,1000,0.0868747,0.0833333,0,0.14315,0.400902,0.00482575,-0.00696692,-4.87237,5.85277e-05,0.0134459,0.184658,10585.4,0.788515,0.372329,-1,0.2,331.918,1.57778e+07,0.745929,1.20602,0.999765,0.149269,-1.16365,2,-0.0135,-1.55895e-06,-0.000433973
1285,nan,nan,0.0864403,0,0,0.143266,0.408637,0.00450246,-0.00764942,-4.88618,5.85277e-05,0.0166686,0.184507,10842.4,0.768472,0.364855,-1,0.2,333.054,1.57901e+07,nan,nan,nan,nan,nan,nan,nan,nan,nan
1286,66.8244,1000,0.0866977,0.25,0,0.142766,0.404392,0.00390825,-0.0079077,-4.90122,5.85277e-05,0.0122925,0.184354,10640.8,0.78097,0.373829,-1,0.2,334.21,1.58024e+07,0.698309,0.80118,0.998946,0.0400237,-1.18442,2,-0.0123333,-3.05018e-06,-0.000481659
1287,89.1959,1000,0.087025,0.333333,0,0.142203,0.401362,0.0287742,-0.00371926,-4.91302,5.85277e-05,0.0120836,0.184281,9584.22,0.836403,0.445705,-1,0.2,335.494,1.58147e+07,1.30767,1.24262,0.999251,0.102782,-1.18162,2,-0.0105,-1.57904e-06,-0.000412505
1288,98.5883,974.25,0.086815,0.125,0.0416667,0.142782,0.403396,0.00637423,-0.00963468,-4.91947,5.85277e-05,0.0133938,0.184203,6939.4,1.21894,0.551815,-1,0.2,337.266,1.58269e+07,1.33064,1.65522,0.973261,0.152761,-1.12553,1.9485,-0.005,-1.46407e-05,-0.000435758
1289,80.4222,1000,0.0870196,0.25,0,0.143465,0.399475,0.00964557,-0.00829517,-4.92818,5.85277e-05,0.0187271,0.184108,7450.3,1.17796,0.471369,-1,0.2,338.918,1.58392e+07,1.47533,0.638681,0.998712,0.0745382,-1.16242,2,-0.00333333,-7.07176e-07,-0.000395436
1290,109.596,988.5,0.0868888,0.125,0.0416667,0.14304,0.402985,0.00603215,-0.00656613,-4.93812,5.85277e-05,0.0167731,0.183996,8444.2,0.989591,0.465608,-1,0.2,340.375,1.58515e+07,1.65986,1.7361,0.987587,0.268575,-1.1482,1.977,-0.00075,-2.16997e-06,-0.00038362
1291,77.1899,1000,0.0867493,0.0833333,0,0.143617,0.399908,0.00473246,-0.00937156,-4.94989,5.85277e-05,0.0142789,0.183876,6924.12,1.23369,0.540975,-1,0.2,342.152,1.58638e+07,0.797506,1.15498,0.999745,0.096348,-1.18065,2,-0.008,-1.34291e-06,-0.000432742
1292,90.6381,1000,0.0907529,15.625,0,0.144867,0.351828,0.00598684,-0.0110428,-4.96157,5.85277e-05,0.0105157,0.183755,6690.2,1.27793,0.558788,-1,0.2,343.99,1.58761e+07,1.29479,1.27192,0.999308,0.141287,-1.16921,2,-0.00580267,-1.18256e-06,-0.000392689
1293,nan,nan,0.0990562,0,0,0.14327,0.247465,0.00574937,-0.010934,-4.97403,5.85277e-05,0.0158974,0.183618,7841.88,1.15939,0.407583,-1,0.2,345.56,1.58884e+07,nan,nan,nan,nan,nan,nan,nan,nan,nan
1294,73.5971,1000,0.0976317,0.0416667,0,0.143687,0.248024,0.00836424,-0.0096299,-4.98785,5.85277e-05,0.0185025,0.183473,7613.76,1.13098,0.482938,-1,0.2,347.175,1.59007e+07,1.27804,0.598339,0.999798,0.0228327,-1.19858,2,-0.02,-3.04383e-06,-0.000578019
1295,nan,nan,0.0963618,0,0,0.143373,0.256059,0.007883,-0.0116523,-5.00318,5.85277e-05,0.0153269,0.183308,7385.1,1.13753,0.526361,-1,0.2,348.841,1.5913e+07,nan,nan,nan,nan,nan,nan,nan,nan,nan
1296,73.9053,1000,0.0956186,0.125,0,0.142585,0.262898,0.0109672,-0.0099446,-5.01873,5.85277e-05,0.0106362,0.183164,7849.32,1.06326,0.502225,-1,0.2,350.408,1.59252e+07,0.866452,0.954994,0.99964,0.0864145,-1.19041,2,-0.0213333,-3.61461e-06,-0.000483344
1297,nan,nan,0.0952144,0,0,0.142785,0.264443,0.0157401,-0.00903398,-5.03049,5.85277e-05,0.0197701,0.183074,8942.43,0.910922,0.463201,-1,0.2,351.784,1.59375e+07,nan,nan,nan,nan,nan,nan,nan,nan,nan
1298,66.8603,828.8,0.0946491,0.166667,0.0416667,0.144016,0.26911,0.0184921,-0.00840822,-5.03782,5.85277e-05,0.0159656,0.183016,9540.9,0.91964,0.368289,-1,0.2,353.073,1.59498e+07,0.966363,0.772275,0.826073,0.0864379,-0.959306,1.6576,-0.0058,-3.75816e-05,-0.000590628
1299,73.4475,879.7,0.093975,0.291667,0.125,0.144277,0.281268,0.0232486,-0.00900526,-5.04295,5.85277e-05,0.00921055,0.182969,8312.32,1.07395,0.404337,-1,0.2,354.553,1.59621e+07,1.15671,0.850963,0.877998,0.0592527,-1.02288,1.7594,-0.0085,-1.86323e-05,-0.000555353
1300,55.6222,799.25,0.0939192,0.208333,0.125,0.144078,0.292008,0.0558956,-0.0062958,-5.04621,5.85277e-05,0.0153559,0.182962,10463.9,0.780642,0.39368,-1,0.2,355.729,1.59744e+07,0.520866,0.786564,0.797199,0.0293482,-0.944694,1.5985,-0.006,-4.1964e-05,-0.000632652
1301,50.424,574.692,0.0939993,0.25,0.291667,0.14159,0.305286,0.0302038,-0.00737486,-5.04665,5.85277e-05,0.0176508,0.182944,8635.19,1.01188,0.411137,-1,0.2,359.848,1.59867e+07,0.709015,0.695433,0.571512,0.0785991,-0.675052,1.14938,-0.00692308,-7.59798e-05,-0.000696149
1302,81.5286,781.286,0.0939084,0.208333,0.0833333,0.140678,0.293552,0.0313382,-0.00746444,-5.04985,5.85277e-05,0.0196858,0.182899,9080.77,1.02067,0.332518,-1,0.2,361.202,1.5999e+07,1.26415,1.18132,0.779639,0.198324,-0.903417,1.56257,-0.00557143,-4.59645e-05,-0.000537604
1303,60.506,722.375,0.093697,0.208333,0.125,0.14092,0.297662,0.0102827,-0.00970045,-5.05494,5.85277e-05,0.0152126,0.182843,9066.46,0.97274,0.382584,-1,0.2,362.559,1.60113e+07,0.641435,0.970509,0.721064,0.103652,-0.848428,1.44475,-0.007,-3.82922e-05,-0.000645671
1304,110.894,1000,0.0931202,0.208333,0,0.140434,0.297431,0.00983575,-0.00951379,-5.0616,5.85277e-05,0.0115564,0.182758,9661.02,0.831184,0.440732,-1,0.2,363.832,1.60236e+07,1.76398,1.67636,0.999648,0.254686,-1.14881,2,-0.0008,-8.90019e-08,-0.000345238
1305,nan,nan,0.0923568,0,0,0.142219,0.307398,0.0199757,-0.00601268,-5.06958,5.85277e-05,0.0159512,0.182694,7303.38,1.14232,0.540188,-1,0.2,365.517,1.60358e+07,nan,nan,nan,nan,nan,nan,nan,nan,nan
1306,74.2046,832.25,0.0920304,0.125,0.0416667,0.142869,0.317471,0.00852155,-0.0105551,-5.07709,5.85277e-05,0.0195168,0.182589,8201.48,1.0636,0.434669,-1,0.2,367.017,1.60481e+07,1.09489,1.01244,0.831081,0.0749015,-0.964021,1.6645,-0.003,-1.86512e-05,-0.000540833
1307,97.5905,1000,0.0919497,0.166667,0,0.142494,0.316368,0.00975562,-0.0101271,-5.08904,5.85277e-05,0.0140656,0.182462,10286.9,0.861003,0.333522,-1,0.2,368.213,1.60604e+07,1.32159,1.54439,0.997974,0.175669,-1.15182,2,-0.00775,-3.75059e-05,-0.000485262
1308,88.0717,1000,0.0918571,0.166667,0,0.142753,0.318056,0.00953339,-0.00767783,-5.10062,5.85277e-05,0.0179532,0.182359,9831.89,0.861473,0.388338,-1,0.2,369.465,1.60727e+07,1.12923,1.32452,0.999367,0.11698,-1.14882,2,-0.01725,-3.82219e-06,-0.000436218
1309,68.8336,719.667,0.0910091,0.0416667,0.0833333,0.144208,0.331714,0.00915745,-0.00835759,-5.11039,5.85277e-05,0.0108696,0.182261,9646.08,0.832746,0.44114,-1,0.2,370.74,1.6085e+07,0.955645,1.02118,0.71797,0.149014,-0.838565,1.43933,-0.00233333,-4.00551e-05,-0.000522033
1310,88.039,993.833,0.0906396,0.208333,0.0416667,0.143373,0.337212,0.0115093,-0.00892992,-5.12091,5.85277e-05,0.0123635,0.182149,10128.4,0.900907,0.31232,-1,0.2,371.955,1.60973e+07,1.22578,1.18623,0.992807,0.157305,-1.13809,1.98767,-0.00933333,-6.20168e-06,-0.000409679
1311,83.9986,1000,0.0906464,0.208333,0,0.143456,0.340889,0.0129261,-0.0093131,-5.13123,5.85277e-05,0.012515,0.182056,10339.9,0.817576,0.37083,-1,0.2,373.144,1.61096e+07,0.991906,1.20503,0.999194,0.155103,-1.1429,2,-0.008,-9.88274e-07,-0.000400578
1312,80.5952,850.857,0.0903658,0.208333,0.0833333,0.143169,0.347272,0.0102963,-0.0095445,-5.14064,5.85277e-05,0.0108605,0.181955,8865.91,1.00061,0.385371,-1,0.2,374.532,1.61219e+07,1.34267,0.991169,0.849181,0.12349,-0.971589,1.70171,-0.00628571,-2.274e-05,-0.000563212
1313,93.5286,1000,0.0901334,0.0833333,0,0.144242,0.350723,0.00644005,-0.00728968,-5.15155,5.85277e-05,0.015497,0.181835,10471.2,0.862012,0.311495,-1,0.2,375.707,1.61341e+07,1.18535,1.4329,0.999764,0.195801,-1.12698,2,-0.01,-1.14831e-06,-0.000409361
1314,67.7311,857.75,0.0899025,0.125,0.0416667,0.144073,0.350909,0.00522543,-0.00661684,-5.16384,5.85277e-05,0.0169633,0.181708,10000.4,0.828295,0.400461,-1,0.2,376.937,1.61464e+07,0.934599,0.840448,0.85651,0.0434061,-0.994303,1.7155,-0.009,-2.36973e-05,-0.000583217
1315,99.5897,1000,0.0895123,0.125,0,0.143969,0.357456,0.00521734,-0.00701199,-5.17709,5.85277e-05,0.012071,0.181564,9321.94,0.93134,0.386841,-1,0.2,378.256,1.61587e+07,1.4125,1.58197,0.999395,0.136354,-1.15037,2,0,0,-0.000373027
1316,108.665,1000,0.0894439,0.125,0,0.143924,0.35898,0.00951526,-0.00739244,-5.1907,5.85277e-05,0.015325,0.181442,10140.3,0.899644,0.312158,-1,0.2,379.469,1.6171e+07,1.82866,1.53716,0.999857,0.222842,-1.15091,2,-0.004,-6.58544e-07,-0.000377931
1317,83.5785,988.25,0.0893643,0.125,0.0416667,0.143624,0.363939,0.0188274,-0.00659155,-5.20089,5.85277e-05,0.0158669,0.181357,9971.47,0.864521,0.367795,-1,0.2,380.703,1.61833e+07,1.0303,1.28168,0.987081,0.0572257,-1.15136,1.9765,-0.002,-5.12101e-06,-0.000498157
1318,55.3339,624,0.0888102,0,0.0416667,0.144695,0.370009,0.00720211,-0.00740684,-5.20999,3.90185e-05,0.0221875,0.181252,9174.85,0.965475,0.373838,-1,0.2,382.044,1.61956e+07,0.50271,1.02506,0.620676,0.116637,-0.744419,1.248,-0.001,-4.27873e-05,-0.000924741
1319,71.6093,1000,0.0889544,0.0833333,0,0.143606,0.369437,0.00465321,-0.00803959,-5.2198,3.90185e-05,0.00771538,0.181159,9605.85,0.904846,0.374375,-1,0.2,383.325,1.62079e+07,0.797959,0.895291,0.999105,0.0411125,-1.15051,2,-0.002,-2.51573e-07,-0.000495884
1320,86.2959,1000,0.0888251,0.166667,0,0.143442,0.370787,0.00425964,-0.00802872,-5.23016,3.90185e-05,0.0103662,0.181045,10239.6,0.82925,0.370799,-1,0.2,384.526,1.62202e+07,1.21098,1.13726,0.999134,0.119284,-1.14746,2,-0.004,-9.49441e-07,-0.000401214
1321,64.6624,1000,0.0885554,0.0416667,0,0.14356,0.372549,0.00422695,-0.00939191,-5.24153,3.90185e-05,0.0120893,0.180934,9880.27,0.871698,0.371993,-1,0.2,385.771,1.62324e+07,1.04587,0.307214,0.997842,0.0138437,-1.13127,2,0,0,-0.000376487
1322,80.9102,1000,0.0884182,0.125,0,0.143559,0.375285,0.00534826,-0.00681786,-5.25251,3.90185e-05,0.0163768,0.180826,9412.74,0.881859,0.423605,-1,0.2,387.078,1.62447e+07,0.831961,1.25492,0.999765,0.114679,-1.15004,2,-0.00533333,-4.76604e-07,-0.000442136
1323,62.2112,1000,0.0884326,0.0833333,0,0.143438,0.378786,0.00589082,-0.00786101,-5.26292,3.90185e-05,0.0131952,0.180723,11823.5,0.71609,0.323195,-1,0.2,388.119,1.6257e+07,0.391619,0.864411,0.999135,0.0327934,-1.16941,2,-0.0075,-2.74521e-06,-0.000486269
1324,62.1688,940.25,0.0885144,0.125,0.0416667,0.143336,0.377575,0.00515892,-0.00666602,-5.27326,3.90185e-05,0.0143256,0.180618,9311.33,0.912622,0.40706,-1,0.2,389.44,1.62693e+07,0.571484,0.756426,0.939209,0.0362497,-1.06686,1.8805,-0.008,-1.37711e-05,-0.000559225
1325,84.0869,1000,0.0884617,0.0833333,0,0.14313,0.381795,0.0125679,-0.00672194,-5.28251,3.90185e-05,0.00683096,0.18054,9149.16,0.954657,0.388418,-1,0.2,390.785,1.62816e+07,1.03362,1.26533,0.999809,0.0587816,-1.14467,2,-0.008,-1.04557e-06,-0.000523812
1326,81.4099,1000,0.0884317,0.0833333,0,0.142417,0.383327,0.00557347,-0.0071436,-5.29044,3.90185e-05,0.0113761,0.180455,10162.6,0.900767,0.308374,-1,0.2,391.995,1.62939e+07,1.06432,1.07074,0.996654,0.0671413,-1.12114,2,-0.0065,-8.0875e-05,-0.000637265
1327,85.5683,1000,0.0883161,0.0833333,0,0.142514,0.384657,0.0229744,-0.00549803,-5.29744,3.90185e-05,0.0122657,0.180415,11792,0.754761,0.2873,-1,0.2,393.039,1.63062e+07,1.66775,0.750101,0.999107,0.0260055,-1.1581,2,-0.006,-1.10849e-06,-0.000447062
1328,91.7725,982.125,0.0883073,0.291667,0.0416667,0.14262,0.385547,0.0139097,-0.00832408,-5.30091,3.90185e-05,0.0177182,0.180368,9212.03,0.946219,0.387689,-1,0.2,394.374,1.63185e+07,1.21643,1.42048,0.981535,0.125245,-1.11347,1.96425,-0.005375,-7.75591e-06,-0.000462431
1329,84.0685,1000,0.0882751,0.208333,0,0.142145,0.385968,0.0197832,-0.00641957,-5.30634,3.90185e-05,0.0111367,0.180315,9367.12,0.92938,0.382443,-1,0.2,395.687,1.63308e+07,1.0903,1.16396,0.999734,0.0882062,-1.1287,2,-0.0096,-2.07604e-06,-0.000478862
1330,88.5121,986.7,0.0882908,0.333333,0.0833333,0.142796,0.387373,0.0221395,-0.00803626,-5.31112,3.90185e-05,0.0182611,0.180274,9726.94,0.944714,0.318582,-1,0.2,396.952,1.6343e+07,1.13144,1.35774,0.983879,0.0959088,-1.11399,1.9734,-0.0022,-6.20135e-05,-0.000513912
1331,109.545,988.2,0.0883535,0.166667,0.0416667,0.141208,0.386632,0.051883,-0.00544267,-5.31389,3.90185e-05,0.0100856,0.180266,11435.1,0.788233,0.286357,-1,0.2,398.028,1.63553e+07,1.81798,1.60754,0.987613,0.205034,-1.11173,1.9764,-0.0052,-8.87935e-06,-0.000393616
1332,80.2536,977.75,0.088369,0.0833333,0.0833333,0.142047,0.387106,0.0209937,-0.00841176,-5.31469,3.90185e-05,0.008211,0.180248,12987.5,0.663854,0.282285,-1,0.2,398.976,1.63676e+07,1.03137,1.11839,0.976169,0.059825,-1.12394,1.9555,-0.004,-1.39468e-05,-0.000624055
1333,80.8921,989,0.0879818,0.0416667,0.166667,0.141591,0.394248,0.0471913,-0.00704208,-5.31639,3.90185e-05,0.0160833,0.180243,12540.4,0.696385,0.283491,-1,0.2,399.957,1.63799e+07,0.792936,1.32218,0.986793,0.0912634,-1.1158,1.978,-0.01,-3.45807e-05,-0.000726194
1334,92.5251,1000,0.0948844,14.3333,0,0.14952,0.298462,0.0198722,-0.013322,-5.31779,3.90185e-05,0.0161748,0.180205,11573,0.769529,0.292253,-1,0.2,401.02,1.63922e+07,1.32768,1.30537,0.99961,0.125325,-1.12733,2,-0.00398837,-1.1063e-06,-0.000412892
1335,120.973,1000,0.0979086,0.0416667,0,0.149608,0.253514,0.0112157,-0.0101424,-5.32365,3.90185e-05,0.00778621,0.180132,12331.8,0.696493,0.299952,-1,0.2,402.018,1.64045e+07,1.98786,1.83813,0.999906,0.320745,-1.09771,2,0,0,-0.000279144
1336,75.009,862,0.0966071,0,0.0416667,0.149865,0.262086,0.00821117,-0.00952649,-5.33268,3.90185e-05,0.0132117,0.180019,13016.9,0.657256,0.28675,-1,0.2,402.963,1.64168e+07,0.511416,1.51538,0.858451,0.154698,-1.00358,1.724,-0.009,-0.00012155,-0.000792088
1337,71.4553,1000,0.0960667,0.0416667,0,0.149735,0.25911,0.0217456,-0.0087152,-5.34311,3.90185e-05,0.0104942,0.179947,13218.6,0.64312,0.286478,-1,0.2,403.894,1.64291e+07,1.10205,0.624388,0.999779,0.0184146,-1.15125,2,-0.02,-3.41374e-06,-0.000609282
1338,84.6719,944,0.0955908,0.0416667,0.0833333,0.151099,0.262505,0.0288606,-0.00911517,-5.34841,3.90185e-05,0.0140734,0.179901,13293.1,0.641641,0.28275,-1,0.2,404.82,1.64413e+07,1.47793,0.878597,0.941599,0.11521,-1.06581,1.888,-0.00133333,-6.39236e-05,-0.00053431
1339,83.4477,990.333,0.0946847,0.0833333,0.0416667,0.15113,0.267281,0.0108041,-0.0108938,-5.35407,3.90185e-05,0.00999674,0.179833,13092.2,0.650497,0.288079,-1,0.2,405.759,1.64536e+07,0.947064,1.2705,0.988814,0.104108,-1.11038,1.98067,-0.00733333,-6.11966e-05,-0.000994969
1340,90.7504,1000,0.0946355,0.166667,0,0.149917,0.273271,0.0125403,-0.00969921,-5.36153,3.90185e-05,0.00780997,0.179757,13278.8,0.637628,0.28776,-1,0.2,406.686,1.64659e+07,1.35916,1.22421,0.999831,0.0999481,-1.13713,2,-0.008,-1.49487e-06,-0.000492336
1341,91.6834,1000,0.0939372,0.291667,0,0.148949,0.282594,0.019982,-0.00842525,-5.36862,3.90185e-05,0.0124139,0.179696,12795.9,0.663817,0.296489,-1,0.2,407.648,1.64782e+07,1.17502,1.37794,0.999741,0.157271,-1.12084,2,-0.00457143,-9.01078e-07,-0.000388743
1342,83.6658,932.917,0.0933169,0.458333,0.0416667,0.150044,0.291959,0.02245,-0.00838666,-5.3738,3.90185e-05,0.00619453,0.179654,13197.4,0.644432,0.286658,-1,0.2,408.58,1.64905e+07,1.2731,1.07691,0.932087,0.102256,-1.05878,1.86583,-0.00758333,-1.07764e-05,-0.000513492
1343,82.3241,876.357,0.0933996,0.458333,0.125,0.149569,0.294229,0.0202095,-0.00781454,-5.37839,3.90185e-05,0.0149381,0.179601,12966,0.657309,0.290403,-1,0.2,409.529,1.65028e+07,1.11938,1.22817,0.874282,0.134014,-0.984991,1.75271,-0.00678571,-2.01994e-05,-0.000564348
1344,70.0201,861.455,0.0937883,0.375,0.0833333,0.147111,0.298055,0.00805981,-0.00944953,-5.38435,3.90185e-05,0.0175875,0.179533,13094.4,0.650313,0.288105,-1,0.2,410.469,1.65151e+07,0.94932,0.915414,0.85996,0.0481323,-0.979366,1.72291,-0.0147273,-1.98345e-05,-0.000617593
1345,71.5864,1000,0.0933914,0.125,0,0.14656,0.306628,0.006401,-0.00821318,-5.39214,3.90185e-05,0.00605788,0.179449,13243.7,0.637873,0.289966,-1,0.2,411.398,1.65274e+07,0.87405,0.828853,0.999131,0.0278779,-1.13711,2,-0.013,-2.94646e-06,-0.000479776
1346,85.0949,1000,0.0927014,0.208333,0,0.145674,0.318465,0.00531238,-0.00810833,-5.40188,3.90185e-05,0.0124922,0.179336,12896.7,0.654487,0.298316,-1,0.2,412.352,1.65396e+07,0.687762,1.51587,0.999713,0.175063,-1.1193,2,-0.004,-5.65799e-07,-0.000367256
1347,81.7737,1000,0.0926421,0.0416667,0,0.144537,0.32241,0.00656913,-0.00794015,-5.41278,3.90185e-05,0.0120646,0.179241,13276.2,0.637498,0.288068,-1,0.2,413.279,1.65519e+07,0.567533,1.60333,0.999868,0.0496732,-1.11127,2,-0.02,-3.98649e-06,-0.000442191
1348,94.3753,1000,0.0918904,0.166667,0,0.144293,0.333064,0.0106186,-0.0066535,-5.42181,3.90185e-05,0.0144534,0.17915,13438.1,0.630931,0.283486,-1,0.2,414.194,1.65642e+07,1.37577,1.26927,0.99978,0.189606,-1.10622,2,-0.009,-1.66147e-06,-0.000431879
1349,71.2581,840.75,0.0918311,0.125,0.0416667,0.144454,0.340895,0.00587305,-0.00778649,-5.43106,3.90185e-05,0.0120824,0.179063,13281.3,0.631031,0.294178,-1,0.2,415.121,1.65765e+07,0.632716,1.22293,0.840038,0.126106,-0.934422,1.6815,-0.0055,-2.49006e-05,-0.000439709
1350,81.1338,1000,0.0914512,0.166667,0,0.14331,0.345161,0.00450559,-0.00756062,-5.43953,3.90185e-05,0.0114727,0.178975,11727.7,0.647449,0.400329,-1,0.2,416.17,1.65888e+07,0.931269,1.17401,0.999751,0.075767,-1.11293,2,-0.01075,-3.33542e-06,-0.000426538
1351,93.4023,1000,0.0915771,0.166667,0,0.142941,0.345167,0.00953646,-0.00598431,-5.44797,3.90185e-05,0.0155653,0.1789,12212.6,0.71463,0.291548,-1,0.2,417.178,1.66011e+07,1.39081,1.22464,0.999677,0.185444,-1.12806,2,-0.002,-5.74884e-07,-0.000392175
1352,84.4054,920.143,0.091542,0.25,0.0416667,0.143296,0.349217,0.00523967,-0.00778296,-5.45599,3.90185e-05,0.0149237,0.178805,12768.2,0.667963,0.294426,-1,0.2,418.141,1.66134e+07,1.06755,1.27616,0.919475,0.148359,-1.02153,1.84029,-0.00957143,-9.41085e-06,-0.000439176
1353,91.5671,1000,0.0912378,0.208333,0,0.14237,0.352043,0.0156072,-0.00528557,-5.46565,3.90185e-05,0.0121882,0.178721,12794.5,0.666886,0.293526,-1,0.2,419.103,1.66257e+07,1.28288,1.24366,0.999691,0.171733,-1.1106,2,-0.0086,-1.90506e-06,-0.000398722
1354,94.5298,976.143,0.0912283,0.25,0.0416667,0.142703,0.359497,0.00865969,-0.00572276,-5.47375,3.90185e-05,0.010736,0.178639,13627.2,0.624461,0.277268,-1,0.2,420.006,1.6638e+07,1.20371,1.45996,0.975576,0.215621,-1.07455,1.95229,-0.00571429,-1.04629e-05,-0.00039315
1355,71.6024,985.5,0.0909528,0.125,0.0416667,0.14336,0.363504,0.00805511,-0.00655273,-5.48173,3.90185e-05,0.0139065,0.178564,13913.3,0.607049,0.276136,-1,0.2,420.89,1.66502e+07,0.979723,0.735901,0.984723,0.0275997,-1.10226,1.971,-0.016,-1.6881e-05,-0.00054987
1356,90.4388,1000,0.0907487,0.125,0,0.142044,0.365314,0.0150224,-0.00650954,-5.48888,3.90185e-05,0.0152168,0.178502,12097.1,0.6645,0.35128,-1,0.2,421.907,1.66625e+07,1.01488,1.35317,0.999589,0.242911,-1.08831,2,0,0,-0.000308854
1357,82.4611,1000,0.090527,0.0833333,0,0.142508,0.371166,0.0061672,-0.00635185,-5.49555,3.90185e-05,0.011888,0.178424,7885.46,1.16041,0.397903,-1,0.2,423.467,1.66748e+07,1.37971,0.847665,0.999088,0.0344499,-1.12528,2,-0.012,-2.62775e-05,-0.000550488
1358,90.2107,1000,0.0903625,0.125,0,0.142311,0.375894,0.00737574,-0.00694227,-5.5039,3.90185e-05,0.0124768,0.178338,9520.81,0.909874,0.380773,-1,0.2,424.76,1.66871e+07,1.0479,1.43048,0.999804,0.155628,-1.11759,2,-0.00533333,-8.46835e-07,-0.000348303
1359,70.1694,901.5,0.0900516,0.125,0.0416667,0.141559,0.382121,0.0227605,-0.00686273,-5.51183,3.90185e-05,0.0121495,0.178276,9563,0.920197,0.364755,-1,0.2,426.046,1.66994e+07,0.76118,0.996963,0.900671,0.0600197,-1.00211,1.803,-0.01075,-1.23102e-05,-0.000492009
1360,81.0393,949,0.090301,0.0416667,0.0416667,0.141182,0.381293,0.0381595,-0.00615291,-5.5162,3.90185e-05,0.0141653,0.178254,12452.1,0.693123,0.293701,-1,0.2,427.034,1.67117e+07,1.30628,0.940878,0.947742,0.0421968,-1.06546,1.898,-0.017,-9.20831e-06,-0.000662006
1361,74.9448,845.8,0.0899478,0.0833333,0.125,0.140887,0.387395,0.0158072,-0.00699273,-5.51828,3.90185e-05,0.0136041,0.178225,13306,0.644777,0.278718,-1,0.2,427.959,1.6724e+07,0.872227,1.16801,0.844141,0.115239,-0.937404,1.6916,-0.006,-2.06074e-05,-0.000555773
1362,86.99,1000,0.0902773,0.166667,0,0.140408,0.383081,0.007943,-0.0103382,-5.52243,3.90185e-05,0.0133117,0.178169,9694.77,0.833412,0.434076,-1,0.2,429.227,1.67363e+07,1.2758,1.06031,0.999567,0.125725,-1.10748,2,-0.004,-1.69418e-06,-0.000414975
1363,nan,nan,0.0901249,0,0,0.14028,0.386193,0.0054249,-0.00848866,-5.52978,3.90185e-05,0.00963975,0.178079,9446.94,0.911057,0.389682,-1,0.2,430.53,1.67485e+07,nan,nan,nan,nan,nan,nan,nan,nan,nan
1364,106.49,1000,0.089719,0.0833333,0,0.140784,0.390826,0.0347015,-0.00715371,-5.53722,3.90185e-05,0.0129193,0.178038,9447.33,0.956554,0.344131,-1,0.2,431.832,1.67608e+07,1.34477,1.80325,0.999841,0.26451,-1.0856,2,-0.002,-3.81043e-07,-0.000294466
1365,57.1527,830.667,0.0895007,0.0833333,0.166667,0.142474,0.394539,0.034603,-0.00658516,-5.5396,3.90185e-05,0.00719153,0.178024,11501.2,0.749347,0.319059,-1,0.2,432.902,1.67731e+07,0.609601,0.665769,0.828741,0.0311139,-0.927179,1.66133,-0.0111667,-2.51359e-05,-0.000555655
1366,78.6031,933.143,0.0897107,0.208333,0.0833333,0.141411,0.388499,0.0354037,-0.00554223,-5.54145,3.90185e-05,0.00997787,0.178002,11641.9,0.662408,0.393094,-1,0.2,433.959,1.67854e+07,1.10224,0.990702,0.932025,0.0797963,-1.03424,1.86629,-0.00614286,-1.47121e-05,-0.000499886
1367,85.8884,863,0.0897487,0.0416667,0.0833333,0.141671,0.388957,0.0381964,-0.00561429,-5.54383,3.90185e-05,0.011906,0.177974,9136.25,0.873893,0.471079,-1,0.2,435.306,1.67977e+07,1.65387,0.87758,0.860725,0.131924,-0.945699,1.726,-0.00933333,-2.0921e-05,-0.000620819
1368,80.0377,903.75,0.0896556,0.0416667,0.125,0.142595,0.392804,0.0336064,-0.0071639,-5.54671,3.90185e-05,0.00815335,0.177946,9693.44,0.875438,0.392223,-1,0.2,436.575,1.681e+07,1.34298,0.92534,0.901519,0.0440541,-1.01089,1.8075,-0.008,-3.2272e-05,-0.000585464
1369,70.7989,894.25,0.0895436,0.0833333,0.0833333,0.143691,0.39296,0.0361924,-0.00709224,-5.54947,3.90185e-05,0.0114714,0.177921,11517.9,0.712451,0.354413,-1,0.2,437.643,1.68223e+07,1.04336,0.760463,0.892627,0.0468599,-0.984551,1.7885,-0.00675,-3.32828e-05,-0.000533205
1370,82.2651,933.571,0.0896491,0.416667,0.166667,0.143189,0.391594,0.0520972,-0.00656572,-5.55141,3.90185e-05,0.0105243,0.177908,11815.2,0.65923,0.380785,-1,0.2,438.685,1.68346e+07,1.1823,1.04607,0.932538,0.116368,-1.02646,1.86714,-0.00421429,-9.73262e-06,-0.000477436
1371,76.703,926.222,0.0899254,0.208333,0.166667,0.143615,0.382733,0.0203865,-0.00763398,-5.55328,3.90185e-05,0.0163244,0.177877,9043.13,0.905987,0.452835,-1,0.2,440.045,1.68468e+07,1.17964,0.865557,0.924495,0.0472208,-1.02667,1.85244,-0.007,-1.91666e-05,-0.00052172
1372,97.0958,989.444,0.0905213,0.333333,0.0416667,0.141728,0.372051,0.0395378,-0.00483096,-5.55656,3.90185e-05,0.0167273,0.177851,9051.55,0.95677,0.400788,-1,0.2,441.404,1.68591e+07,1.31115,1.4574,0.988827,0.206709,-1.08329,1.97889,-0.00444444,-3.66313e-06,-0.000451515
1373,86.6742,940.571,0.0901004,0.125,0.166667,0.142904,0.378164,0.0500813,-0.00775372,-5.5584,3.90185e-05,0.00989211,0.177843,10701.1,0.829737,0.318554,-1,0.2,442.554,1.68714e+07,1.32488,1.12535,0.938878,0.0999772,-1.02848,1.88114,-0.00742857,-1.98234e-05,-0.000586717
1374,87.1061,984.667,0.0905342,0.208333,0.166667,0.142144,0.372,0.0358589,-0.00743966,-5.55943,3.90185e-05,0.0175722,0.177828,13044.5,0.647961,0.294044,-1,0.2,443.497,1.68837e+07,1.04736,1.32173,0.983452,0.114115,-1.0742,1.96933,-0.006,-1.62591e-05,-0.00047574
1375,92.2029,999.965,0.0904435,13.0417,0.0416667,0.141991,0.371665,0.0517164,-0.00906001,-5.56109,3.90185e-05,0.0144246,0.177814,9914.46,0.83301,0.406392,-1,0.2,444.738,1.6896e+07,1.25217,1.30132,0.999588,0.15134,-1.08934,1.99993,-0.00446178,-1.54441e-06,-0.000397557
1376,74.4068,1000,0.100751,0.0416667,0,0.142336,0.239133,0.0249367,-0.0104293,-5.56257,3.90185e-05,0.0118604,0.177799,9466.41,0.924556,0.373507,-1,0.2,446.038,1.69083e+07,1.53888,0.291424,0.999759,0.0153982,-1.11254,2,-0.012,-1.6295e-06,-0.000580636
1377,80.6135,794,0.0997758,0.0833333,0.0416667,0.1419,0.245148,0.0116551,-0.0108733,-5.56567,3.90185e-05,0.0140799,0.177739,9266.01,0.96763,0.358507,-1,0.2,447.365,1.69206e+07,0.935661,1.38178,0.792462,0.212255,-0.875598,1.588,-0.00333333,-3.36704e-05,-0.000520792
1378,nan,nan,0.0986657,0,0,0.141164,0.253444,0.011132,-0.00840285,-5.57347,3.90185e-05,0.00918711,0.177657,10325.3,0.765921,0.424164,-1,0.2,448.557,1.69329e+07,nan,nan,nan,nan,nan,nan,nan,nan,nan
1379,121.721,1000,0.0982393,0.0416667,0,0.141263,0.252895,0.018644,-0.0086034,-5.58115,3.90185e-05,0.0123604,0.177593,8456.59,0.963588,0.48948,-1,0.2,450.011,1.69452e+07,1.98802,1.84125,0.999832,0.359332,-1.10206,2,0,0,-0.000302478
1380,65.8073,1000,0.0978746,0.125,0,0.140671,0.253159,0.0197021,-0.00813359,-5.58717,3.90185e-05,0.00791349,0.177534,9433.47,0.904899,0.397697,-1,0.2,451.315,1.69574e+07,0.852663,0.5147,0.999504,0.0225603,-1.08791,2,-0.0106667,-2.10639e-06,-0.000483589
1381,65.7196,674.25,0.0975015,0.208333,0.125,0.140979,0.258742,0.0329109,-0.00820506,-5.59263,3.90185e-05,0.0106713,0.177496,11192.8,0.773626,0.324222,-1,0.2,452.415,1.69697e+07,1.02501,0.844729,0.672767,0.126672,-0.726179,1.3485,-0.00475,-3.09109e-05,-0.000734353
1382,76.3244,853.857,0.0972071,0.166667,0.125,0.141037,0.265151,0.0306573,-0.0078392,-5.59613,3.90185e-05,0.011501,0.177457,13062.3,0.642424,0.298298,-1,0.2,453.357,1.6982e+07,1.11318,0.958783,0.852066,0.117307,-0.92808,1.70771,-0.00414286,-3.0505e-05,-0.000573755
1383,83.2856,926.1,0.0971643,0.291667,0.125,0.139481,0.262427,0.0127276,-0.0091402,-5.60117,3.90185e-05,0.00823948,0.177395,10095,0.800014,0.417223,-1,0.2,454.575,1.69943e+07,1.09893,1.18253,0.925086,0.119312,-1.00449,1.8522,-0.0087,-2.18182e-05,-0.000562645
1384,99.0046,1000,0.0967641,0.541667,0,0.140554,0.26467,0.0199652,-0.00889751,-5.60775,3.90185e-05,0.0152375,0.177332,9053.5,0.972137,0.385128,-1,0.2,455.934,1.70066e+07,1.63456,1.24684,0.999754,0.168107,-1.09123,2,-0.00738462,-3.41969e-06,-0.000423821
1385,95.0252,957.077,0.0958244,0.5,0.0416667,0.14369,0.281021,0.0143174,-0.00872062,-5.61422,3.90185e-05,0.0161407,0.177263,9778.29,0.871531,0.385131,-1,0.2,457.192,1.70189e+07,1.36716,1.37135,0.956526,0.18263,-1.0363,1.91415,-0.00384615,-7.06109e-06,-0.000412778
1386,84.4508,771,0.095335,0.0833333,0.0416667,0.142592,0.295031,0.0137856,-0.0079528,-5.62136,3.90185e-05,0.012125,0.177198,12426.7,0.6827,0.306136,-1,0.2,458.182,1.70312e+07,1.17122,1.34784,0.769955,0.213865,-0.820574,1.542,-0.00133333,-2.58289e-05,-0.000412251
1387,95.394,1000,0.0948675,0.166667,0,0.142497,0.300114,0.0078134,-0.00745442,-5.62908,3.90185e-05,0.00872425,0.177099,13894.4,0.607052,0.277335,-1,0.2,459.068,1.70435e+07,1.37611,1.28738,0.999317,0.196745,-1.08544,2,-0.004,-8.88219e-06,-0.000400363
1388,96.5134,1000,0.0943243,0.125,0,0.142842,0.305987,0.0178054,-0.00812661,-5.63877,3.90185e-05,0.0154504,0.177022,13616.6,0.594971,0.30746,-1,0.2,459.972,1.70557e+07,1.44491,1.33367,0.999672,0.145963,-1.09143,2,-0.00666667,-1.36154e-06,-0.000446037
1389,76.9556,866.8,0.0938773,0.166667,0.0416667,0.143449,0.308555,0.00701563,-0.00896659,-5.64653,3.90185e-05,0.00773286,0.176935,10304.5,0.794361,0.398126,-1,0.2,461.165,1.7068e+07,1.00944,1.07982,0.865894,0.112735,-0.947607,1.7336,-0.0056,-1.71532e-05,-0.000482226
1390,100.065,1000,0.0936469,0.166667,0,0.142612,0.314518,0.0220445,-0.00670308,-5.65525,3.90185e-05,0.00780731,0.176865,9195.22,0.974413,0.361934,-1,0.2,462.503,1.70803e+07,1.33815,1.54037,0.999786,0.211142,-1.08084,2,-0.005,-1.00647e-06,-0.00038067
1391,83.2781,718,0.0933675,0.0833333,0.0416667,0.142214,0.321975,0.00772828,-0.00847793,-5.66232,3.90185e-05,0.0110022,0.176786,10161.2,0.812775,0.396532,-1,0.2,463.714,1.70926e+07,1.24476,1.28627,0.717107,0.239039,-0.757492,1.436,-0.00133333,-1.6529e-05,-0.00043416
1392,105.22,993.333,0.0929636,0.208333,0.0416667,0.142355,0.324801,0.0123085,-0.00874454,-5.6711,3.90185e-05,0.0110915,0.176694,10271.7,0.817657,0.378636,-1,0.2,464.912,1.71049e+07,1.44255,1.65225,0.992734,0.264624,-1.07272,1.98667,-0.00466667,-4.49904e-06,-0.000428938
1393,89.4418,989.4,0.0926553,0.166667,0.0416667,0.142823,0.331764,0.0243529,-0.00670142,-5.67943,2.60123e-05,0.024503,0.176639,9452.76,0.935935,0.364003,-1,0.2,466.213,1.71172e+07,1.0169,1.39611,0.988568,0.168499,-1.07158,1.9788,-0.0048,-8.93002e-06,-0.000396762
1394,96.075,992,0.0927984,0.208333,0.0833333,0.142246,0.33533,0.0162458,-0.00730149,-5.68361,2.60123e-05,0.00707641,0.176597,9361.26,0.951071,0.361573,-1,0.2,467.527,1.71295e+07,1.33138,1.41791,0.990928,0.15681,-1.07122,1.984,-0.00557143,-1.39036e-05,-0.000470148
1395,88.7807,909.5,0.0925159,0.208333,0.0416667,0.141122,0.33935,0.00615613,-0.00791711,-5.68931,2.60123e-05,0.00892752,0.176529,10691.1,0.754519,0.394852,-1,0.2,468.678,1.71418e+07,1.3798,1.18034,0.908702,0.146412,-0.990259,1.819,-0.0045,-1.0956e-05,-0.000444755
1396,86.6866,1000,0.092598,0.166667,0,0.140555,0.342145,0.00576927,-0.00773521,-5.69673,2.60123e-05,0.00678028,0.176452,8261.38,1.04075,0.44665,-1,0.2,470.167,1.7154e+07,0.796359,1.45479,0.999445,0.158513,-1.0734,2,-0.001,-1.28228e-07,-0.00037668
1397,99.3269,1000,0.0919372,0.208333,0,0.140305,0.351572,0.00550734,-0.00827136,-5.70446,2.60123e-05,0.012475,0.176382,8914.8,0.988619,0.389763,-1,0.2,471.547,1.71663e+07,1.31587,1.50552,0.999825,0.223594,-1.07645,2,-0.0016,-2.76187e-07,-0.000404759
1398,88.2566,1000,0.0916652,0.0416667,0,0.140694,0.356357,0.0201954,-0.00615219,-5.71066,2.60123e-05,0.00596518,0.176333,11488,0.71434,0.355294,-1,0.2,472.618,1.71786e+07,0.36311,1.84077,0.999714,0.288706,-1.07917,2,0,0,-0.000297081
1399,81.1393,914.4,0.0915004,0.125,0.0833333,0.14201,0.363817,0.0120725,-0.0079499,-5.71505,2.60123e-05,0.0169784,0.176293,13166.4,0.641254,0.292028,-1,0.2,473.552,1.71909e+07,1.36311,0.861465,0.913,0.0900278,-0.994634,1.8288,-0.0042,-3.44736e-05,-0.000565982
1400,94.5865,928,0.0915461,0.125,0.0416667,0.14132,0.360162,0.00967097,-0.00589965,-5.71934,2.60123e-05,0.00882953,0.176249,9017.22,0.882433,0.480293,-1,0.2,474.916,1.72032e+07,1.28678,1.42812,0.927187,0.238719,-1.00228,1.856,-0.00475,-1.15964e-05,-0.000437939
1401,80.5275,915.5,0.0915391,0.166667,0.0833333,0.141314,0.365149,0.0148171,-0.00652897,-5.72392,2.60123e-05,0.00957679,0.176204,13502.4,0.662275,0.247785,-1,0.2,478.423,1.72155e+07,1.03684,1.08187,0.914369,0.165933,-0.994847,1.831,-0.00816667,-3.36882e-05,-0.000589991
1402,102.247,950,0.0915421,0.0833333,0.0416667,0.139942,0.360746,0.0379119,-0.00656981,-5.7284,2.60123e-05,0.0113966,0.176166,13453.4,0.580412,0.332966,-1,0.2,479.338,1.72278e+07,1.67879,1.36281,0.948968,0.240547,-1.01301,1.9,-0.00533333,-1.55067e-05,-0.000413254
1403,87.9057,969,0.0912005,0.125,0.125,0.141888,0.364223,0.021521,-0.00692454,-5.7317,2.60123e-05,0.00810651,0.176137,12427.9,0.684595,0.304145,-1,0.2,480.328,1.72401e+07,1.24826,1.24676,0.967582,0.0647504,-1.048,1.938,-0.0215,-2.20068e-05,-0.000551781
1404,60.6649,886,0.0911196,0.0416667,0.0416667,0.141313,0.370259,0.00810805,-0.00707527,-5.73545,2.60123e-05,0.00939696,0.176088,11674,0.669466,0.383129,-1,0.2,481.382,1.72524e+07,0.808231,0.564517,0.883242,0.026165,-0.991066,1.772,-0.029,-5.93237e-05,-0.000782686
1405,nan,nan,0.0910424,0,0,0.141441,0.367417,0.019911,-0.00521611,-5.74033,2.60123e-05,0.00981723,0.17605,11805.1,0.75924,0.281668,-1,0.2,482.425,1.72646e+07,nan,nan,nan,nan,nan,nan,nan,nan,nan
1406,87.797,944.8,0.090852,0.166667,0.0416667,0.141446,0.370439,0.00876915,-0.00638006,-5.74427,2.60123e-05,0.0143147,0.176003,12260.1,0.712517,0.289762,-1,0.2,483.428,1.72769e+07,1.11743,1.31723,0.944207,0.1477,-1.01563,1.8896,-0.0102,-1.09535e-05,-0.00048279
1407,77.6085,1000,0.0909009,0.208333,0,0.141824,0.368169,0.00704684,-0.00713893,-5.74999,2.60123e-05,0.0114127,0.175941,12824.3,0.663953,0.294227,-1,0.2,484.388,1.72892e+07,1.27187,0.670814,0.999548,0.0260553,-1.06957,2,-0.0178,-6.19035e-06,-0.000487896
1408,84.9512,1000,0.0907145,0.125,0,0.142069,0.370372,0.00575265,-0.00655506,-5.75744,2.60123e-05,0.0133791,0.175855,12483,0.683663,0.300716,-1,0.2,485.373,1.73015e+07,1.26395,0.933134,0.999434,0.137011,-1.07487,2,-0.0106667,-2.83043e-06,-0.000431042
1409,70.8142,1000,0.0904733,0.0833333,0,0.142586,0.373543,0.0193852,-0.00520024,-5.76538,2.60123e-05,0.014546,0.175801,11785.1,0.752193,0.290479,-1,0.2,486.417,1.73138e+07,0.540794,1.02352,0.999302,0.0417463,-1.0623,2,-0.002,-3.44096e-07,-0.000353791
1410,75.2068,932.2,0.0903984,0.125,0.0833333,0.143057,0.376419,0.0170441,-0.00660308,-5.76994,2.60123e-05,0.012166,0.175757,10775.7,0.843455,0.296889,-1,0.2,487.559,1.73261e+07,0.935566,0.97003,0.930709,0.0750483,-1.00867,1.8644,-0.0062,-2.07839e-05,-0.000521897
1411,84.4897,985.636,0.0906504,0.416667,0.0416667,0.140944,0.372841,0.00664996,-0.0068007,-5.77547,2.60123e-05,0.0108141,0.175688,13022.5,0.652165,0.291436,-1,0.2,488.504,1.73384e+07,1.04739,1.17227,0.985053,0.114226,-1.05648,1.97127,-0.00881818,-7.87872e-06,-0.000422733
1412,96.6652,989.182,0.0910612,0.416667,0.0416667,0.140575,0.367998,0.0183738,-0.00426353,-5.78208,2.60123e-05,0.0108868,0.175642,13236.4,0.645421,0.282929,-1,0.2,489.433,1.73507e+07,1.33482,1.4125,0.988626,0.17779,-1.05389,1.97836,-0.00454545,-1.99619e-06,-0.000400621
1413,93.8254,966,0.0910571,0.416667,0.0833333,0.141396,0.36533,0.0070625,-0.00721635,-5.78669,2.60123e-05,0.00779558,0.175584,12678.3,0.651602,0.317612,-1,0.2,490.404,1.73629e+07,1.33628,1.36983,0.965272,0.126945,-1.03063,1.932,-0.008,-9.05917e-06,-0.000417959
1414,106.148,1000,0.091231,0.208333,0,0.140376,0.363091,0.00566733,-0.00882022,-5.79383,2.60123e-05,0.0125725,0.175509,10199.7,0.86464,0.340097,-1,0.2,491.61,1.73752e+07,1.70016,1.49269,0.999783,0.182565,-1.06016,2,-0.0072,-1.16148e-06,-0.00040641
1415,97.5241,1000,0.0908703,0.375,0,0.140453,0.368357,0.0128898,-0.00692529,-5.80086,2.60123e-05,0.011261,0.175451,11046.6,0.76289,0.349493,-1,0.2,492.723,1.73875e+07,1.2815,1.44494,0.999658,0.212984,-1.05984,2,-0.00266667,-6.36872e-07,-0.000367149
1416,94.7618,994.429,0.0909232,0.25,0.0416667,0.141678,0.363316,0.00609997,-0.00829897,-5.80682,2.60123e-05,0.0113929,0.175389,10029.5,0.830999,0.394181,-1,0.2,493.95,1.73998e+07,1.23685,1.44359,0.99373,0.137743,-1.05552,1.98886,-0.00671429,-4.2957e-06,-0.000437838
1417,93.4306,1000,0.0935313,12.4583,0,0.144188,0.32688,0.0105426,-0.00814671,-5.81292,2.60123e-05,0.00760182,0.175335,8810.89,1.02964,0.364994,-1,0.2,495.346,1.74121e+07,1.28149,1.318,0.99963,0.151802,-1.07161,2,-0.00738462,-1.94333e-06,-0.000400932
1418,nan,nan,0.0995784,0,0,0.143013,0.251798,0.00556831,-0.00782315,-5.81999,2.60123e-05,0.00805941,0.175241,10529.4,0.81527,0.351751,-1,0.2,496.515,1.74244e+07,nan,nan,nan,nan,nan,nan,nan,nan,nan
1419,87.9772,1000,0.0984463,0.125,0,0.142606,0.259014,0.0049844,-0.00768258,-5.83076,2.60123e-05,0.00898359,0.175136,10565.6,0.800059,0.36296,-1,0.2,497.679,1.74367e+07,1.37017,1.0591,0.999708,0.041895,-1.05956,2,-0.012,-2.21055e-06,-0.000447443
1420,nan,nan,0.0975736,0,0,0.143313,0.261653,0.0153277,-0.00713901,-5.83999,2.60123e-05,0.0144268,0.175064,10746.8,0.769768,0.373644,-1,0.2,498.824,1.7449e+07,nan,nan,nan,nan,nan,nan,nan,nan,nan
1421,82.1232,770.25,0.0972404,0.125,0.0416667,0.143189,0.262988,0.00640379,-0.00928475,-5.84725,2.60123e-05,0.00591798,0.174991,10878.6,0.781077,0.348479,-1,0.2,499.955,1.74612e+07,1.15609,1.29092,0.769447,0.177086,-0.825939,1.5405,-0.0015,-1.37637e-05,-0.000432738
1422,119.068,1000,0.0966024,0.0833333,0,0.143109,0.266725,0.00580017,-0.0090394,-5.85551,2.60123e-05,0.00861962,0.174902,10872.1,0.769195,0.36104,-1,0.2,501.087,1.74735e+07,1.93038,1.80676,0.99978,0.265244,-1.04844,2,0,0,-0.000335798
1423,95.3633,1000,0.0961907,0.333333,0,0.1432,0.270759,0.00555466,-0.00802435,-5.86443,2.60123e-05,0.0122115,0.174825,10170.8,0.83549,0.372677,-1,0.2,502.296,1.74858e+07,1.36737,1.35287,0.999743,0.123607,-1.06667,2,-0.008375,-1.48518e-06,-0.000391638
1424,94.315,1000,0.0955682,0.541667,0,0.145116,0.278829,0.00955437,-0.00752609,-5.87166,2.60123e-05,0.00824896,0.17476,10440.5,0.824239,0.352719,-1,0.2,503.475,1.74981e+07,1.22461,1.40732,0.99968,0.145833,-1.05918,2,-0.00215385,-6.97739e-07,-0.000354361
1425,85.5467,978.875,0.0948987,0.291667,0.0416667,0.145175,0.291332,0.00596758,-0.00806855,-5.8785,2.60123e-05,0.00930533,0.174687,10139.3,0.756267,0.455648,-1,0.2,504.688,1.75104e+07,0.991054,1.30602,0.978298,0.100264,-1.04659,1.95775,-0.009,-1.19262e-05,-0.000447533
1426,89.5936,1000,0.0945885,0.458333,0,0.145196,0.294302,0.00476523,-0.00757552,-5.88672,2.60123e-05,0.00973095,0.174606,6951.63,1.25588,0.511767,-1,0.2,506.457,1.75227e+07,1.27247,1.1494,0.999499,0.121621,-1.05784,2,-0.00509091,-1.26973e-06,-0.000383569
1427,101.246,1000,0.0942646,0.375,0,0.146325,0.301825,0.00466229,-0.00878544,-5.89512,3.90185e-05,0.00462967,0.174523,8645.58,0.980908,0.440396,-1,0.2,507.88,1.7535e+07,1.37717,1.52041,0.99965,0.22524,-1.05503,2,-0.00477778,-1.28718e-06,-0.000349625
1428,93.8839,1000,0.0932484,0.208333,0,0.147281,0.315849,0.0280912,-0.00613743,-5.90346,3.90185e-05,0.00897637,0.17446,9986.69,0.838595,0.391842,-1,0.2,509.112,1.75473e+07,1.36824,1.22472,0.9995,0.159866,-1.05536,2,-0.0024,-6.53576e-07,-0.000382042
1429,83.8442,849.167,0.0928094,0.208333,0.0416667,0.148097,0.322383,0.00738363,-0.00747905,-5.90874,3.90185e-05,0.0118262,0.174403,9138.19,0.850591,0.494096,-1,0.2,510.458,1.75596e+07,1.03686,1.32155,0.848606,0.193834,-0.902546,1.69833,-0.004,-6.49056e-06,-0.000425364
1430,nan,nan,0.0922285,0,0,0.148087,0.334923,0.0464271,-0.00741657,-5.91351,3.90185e-05,0.00956475,0.174385,8128.86,1.02641,0.485238,-1,0.2,511.972,1.75718e+07,nan,nan,nan,nan,nan,nan,nan,nan,nan
1431,57.591,660.889,0.0917193,0.208333,0.166667,0.147957,0.347229,0.013373,-0.00852184,-5.91568,3.90185e-05,0.0153212,0.174338,8453.07,0.944066,0.509608,-1,0.2,513.427,1.75841e+07,0.622559,0.876185,0.659634,0.103231,-0.701078,1.32178,-0.00222222,-1.53829e-05,-0.000519438
1432,105.677,1000,0.0914229,0.166667,0,0.147496,0.349407,0.00755,-0.0083153,-5.92247,3.90185e-05,0.0106664,0.174265,8170.6,1.01824,0.485691,-1,0.2,514.933,1.75964e+07,1.68453,1.43814,0.999829,0.222217,-1.05748,2,-0.003,-1.07803e-06,-0.000376097
1433,89.683,1000,0.0910116,0.166667,0,0.148019,0.355409,0.00592275,-0.00873011,-5.9303,3.90185e-05,0.0123021,0.174189,7772.98,1.07869,0.502172,-1,0.2,516.515,1.76087e+07,1.31593,1.08645,0.999327,0.142358,-1.05552,2,-0.004,-7.37697e-07,-0.000391065
1434,101.41,1000,0.0907082,0.166667,0,0.148121,0.357314,0.00555317,-0.00784894,-5.93857,3.90185e-05,0.0153467,0.174102,8099.81,1.05594,0.461129,-1,0.2,518.034,1.7621e+07,1.47392,1.44763,0.999657,0.203081,-1.05244,2,-0.001,-6.06699e-08,-0.000331468
1435,96.1644,1000,0.0902622,0.291667,0,0.149817,0.364626,0.00474791,-0.00916304,-5.94832,3.90185e-05,0.0136858,0.174,8261.06,1.00877,0.478692,-1,0.2,519.523,1.76333e+07,1.41572,1.27459,0.999814,0.174046,-1.04771,2,-0.00785714,-1.59962e-06,-0.00037717
1436,94.0201,1000,0.089988,0.291667,0,0.150442,0.367263,0.00435173,-0.00759152,-5.95989,3.90185e-05,0.00950237,0.17388,8233.71,0.928796,0.563605,-1,0.2,521.017,1.76456e+07,1.60757,1.08664,0.999459,0.0786591,-1.06465,2,-0.00628571,-1.17747e-06,-0.000381342
1437,89.9823,1000,0.0901627,0.25,0,0.149973,0.36417,0.00476498,-0.00553274,-5.9717,3.90185e-05,0.00998507,0.173778,7868.64,1.06093,0.500708,-1,0.2,522.581,1.76579e+07,1.2352,1.1901,0.999725,0.139212,-1.05941,2,-0.00533333,-1.12154e-06,-0.000377027
1438,68.2564,1000,0.0899924,0.0833333,0,0.150203,0.366031,0.00403376,-0.00842451,-5.98148,3.90185e-05,0.0118148,0.17369,6573.13,1.32152,0.547909,-1,0.2,524.451,1.76701e+07,1.00403,0.442207,0.998972,0.0176795,-1.04169,2,-0.008,-2.03256e-06,-0.000384198
1439,89.0188,1000,0.0899504,0.208333,0,0.150801,0.366988,0.00389479,-0.00720732,-5.99084,3.90185e-05,0.0110847,0.173596,7829.18,1.06777,0.501747,-1,0.2,526.023,1.76824e+07,1.58254,0.836267,0.999652,0.0852853,-1.04798,2,-0.0044,-5.23885e-06,-0.000423113
1440,86.6466,1000,0.0896246,0.125,0,0.151218,0.371358,0.00406711,-0.00751083,-6.00063,3.90185e-05,0.0112676,0.1735,8588.21,1.04782,0.38298,-1,0.2,527.456,1.76947e+07,1.1999,1.04259,0.999551,0.131776,-1.03976,2,-0.00133333,-1.70818e-07,-0.000389079
1441,91.1565,1000,0.0891917,0.166667,0,0.151434,0.37904,0.00404569,-0.00731044,-6.01119,3.90185e-05,0.015024,0.173392,8273.37,0.957483,0.527764,-1,0.2,528.942,1.7707e+07,1.16873,1.31585,0.999359,0.137663,-1.0614,2,-0.002,-2.37531e-07,-0.000370371
1442,85.2892,1000,0.0890136,0.25,0,0.151855,0.384147,0.0171258,-0.00704515,-6.02137,3.90185e-05,0.0119463,0.17331,7492.95,1.14847,0.491468,-1,0.2,530.584,1.77193e+07,1.21952,0.988024,0.999396,0.11538,-1.05213,2,-0.00533333,-8.17256e-07,-0.000399955
1443,109.215,1000,0.0889567,0.166667,0,0.151063,0.379487,0.00565072,-0.00713497,-6.03012,3.90185e-05,0.0119472,0.173219,8108.35,1.051,0.464477,-1,0.2,532.102,1.77316e+07,1.67964,1.62961,0.999749,0.202118,-1.04726,2,-0.00275,-1.2864e-06,-0.000361443
1444,71.2842,1000,0.0889574,0.125,0,0.151673,0.385488,0.00488957,-0.0071009,-6.04006,3.90185e-05,0.0127353,0.17312,6847.09,1.04453,0.750106,-1,0.2,533.898,1.77439e+07,0.705341,0.881762,0.999642,0.0333644,-1.05412,2,-0.00133333,-1.54661e-07,-0.00044634
1445,81.8519,1000,0.089043,0.25,0,0.151152,0.386939,0.00394305,-0.00747738,-6.0511,3.90185e-05,0.0130097,0.173004,7320.78,1.12374,0.554766,-1,0.2,535.579,1.77562e+07,0.987427,1.10978,0.999451,0.046827,-1.04916,2,-0.00133333,-2.74805e-07,-0.00039595
1446,73.1095,1000,0.0891073,0.0416667,0,0.151321,0.382258,0.00392383,-0.00636979,-6.06289,5.85277e-05,0.00457465,0.172898,7299.58,1.13099,0.552391,-1,0.2,537.265,1.77684e+07,0.828868,0.831956,0.999788,0.0316885,-1.02032,2,-0.016,-2.57013e-06,-0.000507198
1447,102.776,1000,0.0889397,0.0416667,0,0.151289,0.386942,0.0214679,-0.00414316,-6.07306,5.85277e-05,0.0125028,0.172823,7693.22,1.06176,0.535494,-1,0.2,538.864,1.77807e+07,1.92046,1.23581,0.999639,0.0423888,-1.05914,2,0,0,-0.000339969
1448,82.7742,948.2,0.0885589,0.166667,0.0416667,0.151515,0.392416,0.024582,-0.00277197,-6.0783,3.90185e-05,0.0219414,0.172788,7533.41,1.15188,0.479257,-1,0.2,540.498,1.7793e+07,0.975081,1.25114,0.947559,0.0686562,-0.992454,1.8964,-0.0072,-1.04916e-05,-0.000464009
1449,82.5397,980.714,0.0885538,0.208333,0.0833333,0.151303,0.394066,0.0058054,-0.00804201,-6.08262,3.90185e-05,0.0157742,0.172726,8084.66,1.10162,0.418297,-1,0.2,542.019,1.78053e+07,0.919942,1.19987,0.979565,0.0972068,-1.02278,1.96143,-0.00771429,-2.44472e-05,-0.000509115
1450,79.9698,1000,0.088997,0.125,0,0.149706,0.389297,0.00413191,-0.00686605,-6.09105,3.90185e-05,0.00714189,0.172635,8372.76,0.907013,0.560604,-1,0.2,543.488,1.78176e+07,0.784948,1.23929,0.999617,0.0565469,-1.06177,2,-0.0196667,-5.49915e-06,-0.000466115
1451,90.1541,980.333,0.0887286,0.0833333,0.0416667,0.150558,0.392273,0.00907424,-0.00630454,-6.10056,3.90185e-05,0.0153753,0.172544,6958.25,1.26843,0.497532,-1,0.2,545.256,1.78299e+07,1.5504,0.921665,0.979132,0.124665,-1.02566,1.96067,-0.00266667,-1.32558e-05,-0.000481932
1452,89.6598,1000,0.0889233,0.291667,0,0.150064,0.39038,0.00407592,-0.00712654,-6.11037,3.90185e-05,0.0115972,0.172446,8071.97,1.10024,0.422068,-1,0.2,546.781,1.78422e+07,1.32973,1.08806,0.999724,0.121748,-1.04686,2,-0.009,-1.96164e-06,-0.000409898
1453,100.148,1000,0.0889085,0.416667,0,0.150423,0.390175,0.00398732,-0.00715223,-6.12047,5.85277e-05,0.00339856,0.17235,8139.84,1.0602,0.449414,-1,0.2,548.292,1.78545e+07,1.41623,1.44306,0.999735,0.193881,-1.04273,2,-0.0024,-3.08908e-07,-0.000352115
1454,91.0677,989.6,0.089017,0.375,0.0416667,0.151648,0.387492,0.0440811,-0.00200968,-6.13035,3.90185e-05,0.0206831,0.172275,7914.53,1.04725,0.50534,-1,0.2,549.846,1.78668e+07,1.22109,1.27864,0.988987,0.123004,-1.02979,1.9792,-0.0073,-3.15253e-06,-0.000451068
1455,101.575,1000,0.0890519,0.541667,0,0.152618,0.385451,0.011598,-0.0088916,-6.1357,3.90185e-05,0.0111791,0.17223,8759.76,0.938323,0.464455,-1,0.2,551.251,1.7879e+07,1.54098,1.41035,0.99967,0.156912,-1.02582,2,-0.003,-5.36142e-07,-0.000350995
1456,83.0107,1000,0.0887562,0.166667,0,0.153248,0.388639,0.00872939,-0.0064031,-6.14172,3.90185e-05,0.0139787,0.172159,9116.74,0.965002,0.382849,-1,0.2,552.601,1.78913e+07,1.15771,0.922449,0.999153,0.098497,-1.0229,2,-0.004,-1.04196e-06,-0.000366303
1457,73.9123,922.833,0.0892486,0.458333,0.0416667,0.152204,0.382733,0.00471413,-0.00842713,-6.1502,3.90185e-05,0.0105847,0.17207,9524.47,0.868609,0.421542,-1,0.2,553.892,1.79036e+07,0.900649,0.920547,0.922337,0.0762787,-0.962104,1.84567,-0.00733333,-6.93918e-06,-0.000420786
1458,94.3802,1000,0.0892349,0.25,0,0.152086,0.379448,0.0268754,-0.00503454,-6.15786,3.90185e-05,0.0088359,0.172024,9811.03,0.901826,0.350642,-1,0.2,555.146,1.79159e+07,0.927624,1.66318,0.999738,0.157138,-1.02634,2,-0.002,-1.81211e-07,-0.000323983
1459,92.3629,999.983,0.0950937,12.0833,0.0416667,0.158119,0.296406,0.010674,-0.00842232,-6.16288,3.90185e-05,0.0144424,0.17196,9564.61,0.901525,0.383211,-1,0.2,556.433,1.79282e+07,1.26846,1.25951,0.999632,0.128542,-1.03336,1.99997,-0.00422337,-1.04926e-06,-0.000381161
1460,92.627,903,0.0977854,0.0416667,0.0416667,0.158991,0.253504,0.00708917,-0.00907304,-6.17127,3.90185e-05,0.0164488,0.171863,9722.41,0.851221,0.412663,-1,0.2,557.699,1.79405e+07,1.11363,1.54475,0.902016,0.193179,-0.923769,1.806,-0.004,-1.74625e-05,-0.000430238
1461,94.1338,1000,0.0967802,0.0833333,0,0.16021,0.253982,0.0191361,-0.00834092,-6.18024,3.90185e-05,0.0159407,0.171806,8864.08,1.01247,0.373795,-1,0.2,559.087,1.79528e+07,1.69152,1.00046,0.999566,0.0340894,-1.01258,2,-0.006,-8.9998e-07,-0.000362035
1462,36.9334,446.6,0.096086,0.0833333,0.125,0.160566,0.260705,0.0212043,-0.00741492,-6.18453,3.90185e-05,0.0116323,0.171777,9190.78,0.884474,0.452518,-1,0.2,560.425,1.79651e+07,0.284355,0.653075,0.445214,0.0445409,-0.469272,0.8932,-0.0038,-2.55874e-05,-0.000618899
1463,64.9157,637.6,0.0955046,0.125,0.0833333,0.159024,0.263499,0.0193979,-0.00943987,-6.18792,3.90185e-05,0.013187,0.171735,9467.82,0.915889,0.381981,-1,0.2,561.724,1.79773e+07,0.948452,0.91452,0.636621,0.131849,-0.657342,1.2752,-0.003,-2.00104e-05,-0.000494681
1464,77.8416,854.333,0.0949091,0.208333,0.0416667,0.15879,0.270843,0.00989443,-0.00999968,-6.19384,3.90185e-05,0.0146754,0.171671,9625.36,0.846528,0.4301,-1,0.2,563.002,1.79896e+07,0.773445,1.31566,0.853631,0.125467,-0.879825,1.70867,-0.0045,-9.62807e-06,-0.000461702
1465,80.8081,1000,0.0947608,0.25,0,0.158764,0.267813,0.00837749,-0.00845219,-6.20108,3.90185e-05,0.010306,0.171598,8476.49,1.02938,0.42028,-1,0.2,564.454,1.80019e+07,0.816081,1.19631,0.999667,0.0693428,-1.03614,2,-0.0045,-9.4306e-07,-0.000363226
1466,85.6768,1000,0.0945537,0.416667,0,0.158251,0.271936,0.00646756,-0.0103722,-6.20912,3.90185e-05,0.0144371,0.171519,8784.26,1.00079,0.398073,-1,0.2,565.854,1.80142e+07,1.14064,1.10921,0.999502,0.0778701,-1.03717,2,-0.0058,-1.79227e-06,-0.000411296
1467,83.786,1000,0.0940094,0.416667,0,0.158413,0.285444,0.0206874,-0.00710785,-6.2163,3.90185e-05,0.0115257,0.17147,10009.6,0.872382,0.355243,-1,0.2,567.084,1.80265e+07,1.08836,1.03306,0.999795,0.105264,-1.02834,2,-0.0084,-1.58499e-06,-0.000432732
1468,84.4712,933.2,0.0934855,0.375,0.0416667,0.158571,0.291018,0.0149752,-0.00778865,-6.2211,3.90185e-05,0.0152821,0.17142,9818.91,0.839181,0.412282,-1,0.2,568.337,1.80388e+07,1.2378,1.05506,0.932802,0.100787,-0.962078,1.8664,-0.0068,-3.01426e-06,-0.000409027
1469,71.5997,908.8,0.0932823,0.375,0.0416667,0.157552,0.294883,0.00831124,-0.00993128,-6.22687,3.90185e-05,0.0126317,0.171366,8950.76,1.0024,0.370444,-1,0.2,569.711,1.80511e+07,0.734193,0.948982,0.908186,0.0965895,-0.92154,1.8176,-0.0036,-5.86281e-06,-0.000420709
1470,97.982,1000,0.0930233,0.0833333,0,0.156652,0.303653,0.00948564,-0.010376,-6.23332,3.90185e-05,0.0100099,0.171291,9869.16,0.919306,0.325785,-1,0.2,570.958,1.80634e+07,1.13098,1.60542,0.999747,0.188175,-1.02336,2,-0.0015,-1.02305e-06,-0.000362166
1471,86.7126,977.857,0.0927313,0.25,0.0416667,0.156049,0.31041,0.00791636,-0.00931786,-6.24192,3.90185e-05,0.00934371,0.171205,12315.1,0.706366,0.291431,-1,0.2,571.957,1.80756e+07,0.916391,1.3867,0.977254,0.110061,-1.00435,1.95571,-0.00571429,-7.11877e-06,-0.000423216
1472,117.856,1000,0.092555,0.125,0,0.155085,0.314513,0.00520818,-0.00775113,-6.25127,3.90185e-05,0.0134494,0.171116,13173.9,0.645649,0.287106,-1,0.2,572.891,1.80879e+07,1.96157,1.73677,0.999828,0.2328,-1.03789,2,0,0,-0.00030299
1473,86.7302,1000,0.0920603,0.291667,0,0.155785,0.322851,0.00506407,-0.00930829,-6.26077,3.90185e-05,0.0152258,0.171023,13281.4,0.636246,0.288955,-1,0.2,573.817,1.81002e+07,0.974476,1.24914,0.999668,0.144723,-1.02713,2,-0.004,-9.6149e-07,-0.000369148
1474,77.2503,1000,0.0918257,0.166667,0,0.155019,0.329181,0.0166517,-0.00647789,-6.26918,3.90185e-05,0.0182955,0.170967,13357.7,0.631786,0.288134,-1,0.2,574.738,1.81125e+07,0.756263,1.1006,0.999628,0.0472369,-1.03582,2,-0.005,-1.20013e-06,-0.000382549
1475,86.5323,961,0.0916017,0.166667,0.0416667,0.154791,0.331593,0.00888808,-0.0077384,-6.27441,3.90185e-05,0.0116271,0.170913,13115.1,0.649389,0.287543,-1,0.2,575.676,1.81248e+07,1.24657,1.09036,0.960242,0.0903626,-0.981624,1.922,-0.0008,-3.6514e-06,-0.000490285
1476,70.5637,989.167,0.0914415,0.208333,0.0416667,0.154926,0.334924,0.00598531,-0.00902349,-6.28101,3.90185e-05,0.0162707,0.170843,13005.7,0.63583,0.308985,-1,0.2,576.623,1.81371e+07,0.710708,0.843394,0.988199,0.0279546,-1.01527,1.97833,-0.00466667,-7.2939e-06,-0.00045671
1477,96.0685,1000,0.0914843,0.333333,0,0.15453,0.335656,0.00467317,-0.0084559,-6.28983,3.90185e-05,0.00784366,0.170742,12771.1,0.670735,0.291437,-1,0.2,577.586,1.81494e+07,1.20663,1.47669,0.999763,0.151259,-1.02856,2,-0.002,-4.51114e-07,-0.000354736
1478,110.179,1000,0.0910914,0.208333,0,0.15563,0.342586,0.00428485,-0.00715597,-6.30067,3.90185e-05,0.00866336,0.170639,12716.5,0.681153,0.285154,-1,0.2,578.554,1.81617e+07,1.61937,1.65331,0.999744,0.253581,-1.01676,2,0,0,-0.00030033
1479,103.166,1000,0.0907486,0.166667,0,0.156181,0.348802,0.00469,-0.00669384,-6.31172,3.90185e-05,0.0109004,0.170536,12684.2,0.65363,0.315135,-1,0.2,579.524,1.8174e+07,1.33899,1.62677,0.999839,0.205512,-1.00847,2,-0.004,-6.26474e-07,-0.000314258
1480,82.5623,1000,0.0905419,0.166667,0,0.156067,0.354395,0.00441465,-0.00852999,-6.32262,3.90185e-05,0.0137535,0.170431,11000.1,0.830374,0.286703,-1,0.2,580.642,1.81862e+07,0.64038,1.42842,0.99975,0.0748438,-1.01293,2,-0.002,-3.58331e-07,-0.000347764
1481,83.945,1000,0.0906553,0.125,0,0.155559,0.355222,0.00457512,-0.00833041,-6.33353,3.90185e-05,0.00751062,0.17033,12951.8,0.657019,0.291726,-1,0.2,581.592,1.81985e+07,1.17006,1.01301,0.999532,0.0356809,-1.018,2,-0.00266667,-7.03775e-07,-0.000375348
1482,87.0311,1000,0.0902242,0.125,0,0.155436,0.36413,0.0130681,-0.00595093,-6.34303,3.90185e-05,0.00688876,0.170254,13264.1,0.639158,0.287249,-1,0.2,582.52,1.82108e+07,1.01788,1.23346,0.999747,0.131672,-1.02946,2,-0.00133333,-1.14122e-07,-0.000414385
1483,88.1224,892.75,0.0898034,0.125,0.0416667,0.155402,0.373585,0.0506356,-0.00420036,-6.34889,3.90185e-05,0.0114428,0.170228,13588.1,0.618801,0.285521,-1,0.2,583.425,1.82231e+07,1.27208,1.3199,0.89197,0.0640397,-0.92092,1.7855,-0.006,-5.67372e-06,-0.000437955
1484,90.7556,888.556,0.0896538,0.208333,0.166667,0.155826,0.378638,0.022843,-0.00529875,-6.35048,3.90185e-05,0.0087814,0.170212,13066.7,0.659225,0.281179,-1,0.2,584.367,1.82354e+07,1.35035,1.28903,0.887347,0.13213,-0.893685,1.77711,-0.004,-8.99116e-06,-0.0004921
1485,86.9394,945.4,0.0896172,0.166667,0.0416667,0.1554,0.380081,0.0247571,-0.00484849,-6.35224,3.90185e-05,0.0104185,0.170199,13395.6,0.634664,0.282653,-1,0.2,585.286,1.82477e+07,1.00285,1.36539,0.944816,0.112368,-0.964824,1.8908,-0.004,-5.4946e-06,-0.00041989
1486,83.2283,953,0.0895822,0.25,0.0833333,0.155158,0.383231,0.0123222,-0.00750644,-6.35413,3.90185e-05,0.0105434,0.170169,13569.6,0.622799,0.282754,-1,0.2,586.192,1.826e+07,0.919276,1.23885,0.952215,0.108042,-0.957534,1.906,-0.005,-6.64888e-06,-0.000425709
1487,89.4182,1000,0.0896293,0.125,0,0.154523,0.381237,0.0127382,-0.00749141,-6.35817,3.90185e-05,0.0148744,0.170128,13626.8,0.619332,0.282421,-1,0.2,587.096,1.82723e+07,0.88024,1.4321,0.999831,0.166261,-1.00717,2,0,0,-0.000346316
1488,85.2165,792,0.0895131,0,0.0416667,0.154212,0.388401,0.0221696,-0.00515388,-6.3617,3.90185e-05,0.0159107,0.170103,13629.1,0.615317,0.286284,-1,0.2,587.998,1.82845e+07,1.20726,1.35448,0.789742,0.163153,-0.82507,1.584,-0.012,-6.87231e-05,-0.000676257
1489,77.3278,811.5,0.0891322,0.0833333,0.0833333,0.154184,0.391204,0.0092623,-0.00888803,-6.36484,3.90185e-05,0.0079896,0.170063,12215.8,0.635006,0.370907,-1,0.2,589.005,1.82968e+07,0.943965,1.20556,0.81022,0.114831,-0.82469,1.623,-0.006,-1.32216e-05,-0.000485605
1490,84.8689,1000,0.089562,0.208333,0,0.153322,0.389853,0.0521104,-0.00610753,-6.36895,3.90185e-05,0.0126674,0.170035,13207.3,0.641057,0.289335,-1,0.2,589.937,1.83091e+07,1.12205,1.04002,0.999418,0.0866807,-1.00274,2,-0.0016,-3.06802e-07,-0.000379208
1491,84.4679,910,0.0892941,0.25,0.25,0.153768,0.394332,0.0111054,-0.00951522,-6.37172,3.90185e-05,0.011218,0.17,11918.6,0.722486,0.308507,-1,0.2,590.97,1.83214e+07,0.970476,1.32185,0.908751,0.128418,-0.92131,1.82,-0.00425,-1.36577e-05,-0.00052253
1492,59.6437,1000,0.0893316,0.0833333,0,0.153493,0.390828,0.00746881,-0.0065176,-6.37701,3.90185e-05,0.0125091,0.169935,12124.6,0.709188,0.304286,-1,0.2,591.984,1.83337e+07,0.614082,0.377953,0.999763,0.0153826,-1.0205,2,-0.004,-7.24957e-07,-0.000495093
1493,107.722,1000,0.0892416,0.166667,0,0.153364,0.390736,0.0325424,-0.00515322,-6.38243,3.90185e-05,0.0133742,0.16991,13444.4,0.630078,0.283906,-1,0.2,592.9,1.8346e+07,1.78192,1.42258,0.999748,0.192524,-1.00657,2,-0.00375,-2.81879e-06,-0.000360803
1494,86.8561,931.625,0.0890549,0.25,0.0833333,0.154374,0.395954,0.0117456,-0.00678343,-6.38516,3.90185e-05,0.019376,0.169871,13468.7,0.630692,0.281648,-1,0.2,593.813,1.83583e+07,1.03258,1.33773,0.930795,0.125427,-0.943024,1.86325,-0.0035,-5.61494e-06,-0.000452528
1495,91.4209,1000,0.0894616,0.416667,0,0.153367,0.393275,0.00959632,-0.00649944,-6.39027,3.90185e-05,0.0115821,0.169817,13570,0.631701,0.273827,-1,0.2,594.72,1.83706e+07,1.02807,1.38997,0.999798,0.160277,-1.00431,2,-0.0024,-3.44502e-07,-0.000358615
1496,90.6538,988.1,0.0895384,0.375,0.0416667,0.153374,0.390066,0.0122953,-0.007913,-6.39695,3.90185e-05,0.0152145,0.169744,13375.5,0.630321,0.288376,-1,0.2,595.64,1.83828e+07,1.23118,1.20548,0.987465,0.137327,-0.998962,1.9762,-0.0056,-4.40938e-06,-0.000399705
1497,89.6122,988.375,0.0901075,0.291667,0.0416667,0.152063,0.384951,0.00772643,-0.00896299,-6.4054,3.90185e-05,0.0112389,0.169658,13639.9,0.624651,0.276233,-1,0.2,596.542,1.83951e+07,1.19663,1.22306,0.987896,0.0986386,-0.996022,1.97675,-0.005875,-6.67033e-06,-0.000461174
1498,100.927,1000,0.0901348,0.291667,0,0.151426,0.383654,0.00737832,-0.00864018,-6.41444,3.90185e-05,0.0129136,0.169579,11657.8,0.654583,0.399474,-1,0.2,597.598,1.84074e+07,1.33798,1.52994,0.999789,0.176825,-0.993302,2,-0.00457143,-5.3939e-07,-0.000325611
1499,86.2636,1000,0.0901789,0.375,0,0.151603,0.383678,0.011357,-0.0083098,-6.42233,3.90185e-05,0.0110938,0.169508,8406.89,1.08929,0.372373,-1,0.2,599.061,1.84197e+07,1.20342,1.04549,0.999684,0.0866086,-1.01726,2,-0.00433333,-1.47967e-06,-0.000422074
1500,91.504,996.896,0.0899896,11.5833,0.0833333,0.152538,0.387103,0.00825536,-0.00909323,-6.43034,3.90185e-05,0.0146024,0.169428,9126.76,1.04739,0.298981,-1,0.2,600.409,1.8432e+07,1.20671,1.26272,0.996611,0.118435,-0.998339,1.99379,-0.00433929,-1.24105e-06,-0.000386724
1501,83.0824,1000,0.100491,0.0416667,0,0.148005,0.246049,0.00705781,-0.00955749,-6.44033,3.90185e-05,0.0158674,0.169314,13041.4,0.637253,0.304977,-1,0.2,603.72,1.84443e+07,0.515803,1.5832,0.999734,0.0540269,-0.998254,2,0,0,-0.000385027
1502,90.0045,1000,0.0998393,0.125,0,0.146935,0.252195,0.00554987,-0.00870596,-6.4533,3.90185e-05,0.00822696,0.16919,14604.2,0.602283,0.23912,-1,0.2,604.563,1.84566e+07,0.942032,1.46466,0.999789,0.0982567,-1.00281,2,-0.00133333,-5.08586e-07,-0.000367658
1503,60.1984,1000,0.0991027,0.0416667,0,0.146181,0.25354,0.0198983,-0.00769147,-6.46536,3.90185e-05,0.0160384,0.169101,14270.6,0.612555,0.248514,-1,0.2,605.426,1.84689e+07,0.637896,0.366325,0.999705,0.0115705,-1.00106,2,-0.004,-4.45289e-07,-0.000517861
1504,72.8798,739.714,0.0983072,0.208333,0.0833333,0.147364,0.256807,0.00907252,-0.00935569,-6.47415,3.90185e-05,0.0163324,0.169012,11593.7,0.701134,0.358753,-1,0.2,606.487,1.84812e+07,0.997989,1.02979,0.739001,0.141126,-0.740587,1.47943,-0.00228571,-6.93802e-06,-0.000467029
1505,85.3731,1000,0.0983506,0.166667,0,0.147012,0.256506,0.00664767,-0.00994072,-6.48437,3.90185e-05,0.0132049,0.168914,9458.82,0.928101,0.371004,-1,0.2,607.787,1.84934e+07,1.28926,0.923697,0.999704,0.0669381,-1.00376,2,-0.00675,-1.21564e-06,-0.000437099
1506,85.3132,1000,0.0980281,0.375,0,0.146884,0.257776,0.00641796,-0.0084385,-6.49522,3.90185e-05,0.00774319,0.168807,9263.26,0.88269,0.44384,-1,0.2,609.115,1.85057e+07,1.01789,1.15935,0.999768,0.101156,-1.00721,2,-0.00488889,-8.136e-07,-0.000402208
1507,91.3408,1000,0.09758,0.208333,0,0.145844,0.265699,0.00541757,-0.00905779,-6.50734,3.90185e-05,0.0148776,0.168685,9787.53,0.790865,0.46461,-1,0.2,610.372,1.8518e+07,1.24326,1.20738,0.999829,0.122862,-0.995875,2,-0.01,-2.87894e-06,-0.000413987
1508,87.4373,1000,0.0972653,0.375,0,0.14585,0.268332,0.00708965,-0.00833809,-6.51963,3.90185e-05,0.0103051,0.168584,9088.36,0.922037,0.430022,-1,0.2,611.726,1.85303e+07,1.12215,1.14279,0.999633,0.106861,-0.995183,2,-0.004,-9.00974e-07,-0.000393639
1509,93.3548,998.583,0.0966807,0.458333,0.0416667,0.14528,0.282201,0.00635081,-0.00975345,-6.52959,3.90185e-05,0.0176497,0.168496,9431.87,0.939555,0.363262,-1,0.2,613.03,1.85426e+07,1.24755,1.29713,0.998088,0.131167,-0.996872,1.99717,-0.00608333,-5.20947e-06,-0.000403059
1510,89.8289,1000,0.0963416,0.416667,0,0.147062,0.283394,0.00824218,-0.00739745,-6.53907,3.90185e-05,0.01289,0.168404,10029,0.820457,0.404794,-1,0.2,614.257,1.85549e+07,1.26202,1.11109,0.999659,0.11933,-0.995162,2,-0.0051,-9.56297e-07,-0.000397646
1511,73.8356,935,0.096286,0.166667,0.0416667,0.146175,0.283989,0.00635207,-0.00815292,-6.54872,3.90185e-05,0.00662628,0.168321,9118.22,0.96616,0.381471,-1,0.2,615.606,1.85672e+07,1.05557,0.763933,0.93351,0.0238591,-0.944666,1.87,-0.0098,-3.69357e-05,-0.000590371
1512,101.059,1000,0.0957954,0.208333,0,0.146248,0.291625,0.0203361,-0.00606343,-6.55644,3.90185e-05,0.0113173,0.168266,9562.3,0.912553,0.372494,-1,0.2,616.892,1.85795e+07,1.49742,1.36958,0.999819,0.186111,-0.996434,2,-0.0032,-2.57569e-07,-0.000331624
1513,86.2182,963.2,0.0956408,0.166667,0.0416667,0.147219,0.297422,0.00566686,-0.0079084,-6.56268,3.90185e-05,0.0092835,0.168195,11201.6,0.734077,0.362913,-1,0.2,617.991,1.85917e+07,1.2954,0.992917,0.962383,0.103931,-0.962427,1.9264,-0.0072,-5.7235e-06,-0.00049154
1514,88.4086,1000,0.0952212,0.291667,0,0.146614,0.305038,0.0184879,-0.00600785,-6.56966,3.90185e-05,0.0095492,0.168149,8549.04,1.03194,0.405416,-1,0.2,619.43,1.8604e+07,0.99528,1.29993,0.999773,0.117912,-0.988636,2,-0.00342857,-5.35736e-07,-0.000393641
1515,96.0789,959.714,0.0947418,0.208333,0.0833333,0.146485,0.31285,0.0119885,-0.00634298,-6.57348,3.90185e-05,0.0121311,0.168114,9255.74,0.94365,0.383959,-1,0.2,620.759,1.86163e+07,1.24072,1.50436,0.958708,0.146164,-0.959288,1.91943,-0.00571429,-1.10125e-05,-0.000427646
1516,83.7211,965.8,0.09509,0.125,0.0833333,0.144693,0.310465,0.0231586,-0.00646457,-6.57653,3.90185e-05,0.0132455,0.168098,11138.7,0.744782,0.358396,-1,0.2,621.864,1.86286e+07,0.852638,1.30484,0.964396,0.113847,-0.973106,1.9316,-0.0076,-1.82279e-05,-0.000543612
1517,82.1226,941.5,0.0943032,0.25,0.0833333,0.145655,0.320904,0.00792859,-0.00929135,-6.57872,3.90185e-05,0.0135702,0.168064,10203.7,0.83006,0.374212,-1,0.2,623.07,1.86409e+07,1.05155,1.10569,0.940607,0.0813249,-0.939565,1.883,-0.016,-1.42509e-05,-0.000460423
1518,90.3885,1000,0.0938814,0.25,0,0.145532,0.32413,0.00607284,-0.00696486,-6.58406,3.90185e-05,0.00984387,0.167998,10241.6,0.832165,0.367651,-1,0.2,624.271,1.86532e+07,1.09666,1.27212,0.999666,0.140636,-0.985297,2,-0.004,-9.59618e-07,-0.000360394
1519,99.2007,1000,0.0940064,0.208333,0,0.144739,0.329267,0.0183642,-0.00458725,-6.59086,3.90185e-05,0.00850877,0.167947,10029.2,0.886472,0.338755,-1,0.2,625.497,1.86655e+07,1.26652,1.52247,0.99975,0.156457,-0.982397,2,-0.0024,-1.15625e-07,-0.000363211
1520,78.8479,898.5,0.0934278,0.125,0.0416667,0.144595,0.34173,0.0197468,-0.00508421,-6.59521,3.90185e-05,0.0071873,0.167914,10355.4,0.807914,0.378711,-1,0.2,626.686,1.86778e+07,0.875602,1.23951,0.897351,0.0445825,-0.902407,1.797,-0.00875,-9.81517e-06,-0.000483104
1521,78.4704,931.75,0.0933198,0.125,0.0416667,0.144054,0.347682,0.00532231,-0.00775705,-6.59978,3.90185e-05,0.00780025,0.167855,9896.12,0.873704,0.367995,-1,0.2,627.929,1.869e+07,1.15276,0.874115,0.930759,0.0376303,-0.924719,1.8635,-0.01,-5.98017e-06,-0.000516821
1522,98.9427,1000,0.0931152,0.208333,0,0.144269,0.349338,0.00464575,-0.00770715,-6.60744,3.90185e-05,0.0133324,0.167775,10192.8,0.87634,0.329221,-1,0.2,629.136,1.87023e+07,1.33443,1.45931,0.999764,0.147095,-0.988301,2,-0.0048,-1.17469e-06,-0.000355129
1523,102.883,1000,0.092944,0.0416667,0,0.144511,0.355651,0.00432348,-0.00885317,-6.61687,3.90185e-05,0.011268,0.167676,9177.02,0.960772,0.378225,-1,0.2,630.476,1.87146e+07,0.994022,1.84478,0.999728,0.261941,-0.956037,2,0,0,-0.000260106
1524,108.763,1000,0.092667,0.208333,0,0.144614,0.358742,0.0110426,-0.00384424,-6.6265,3.90185e-05,0.0190443,0.167605,9968.11,0.862473,0.370258,-1,0.2,631.71,1.87269e+07,1.75562,1.47693,0.999691,0.187132,-0.974488,2,-0.0064,-1.15763e-06,-0.000339138
1525,81.7225,884.286,0.0923851,0.208333,0.0833333,0.144586,0.367346,0.00759115,-0.00615354,-6.63334,3.90185e-05,0.0124969,0.167544,10859.7,0.827,0.304527,-1,0.2,632.843,1.87392e+07,1.08696,1.14231,0.883254,0.0889702,-0.871092,1.76857,-0.0122857,-1.75773e-05,-0.000548131
1526,82.3108,1000,0.0925691,0.291667,0,0.144534,0.363298,0.0044366,-0.00836514,-6.64114,3.90185e-05,0.0120196,0.167453,11126.3,0.736073,0.368335,-1,0.2,633.949,1.87515e+07,0.94222,1.07306,0.999695,0.096474,-0.989928,2,-0.00557143,-1.4302e-06,-0.00041117
1527,112.534,1000,0.0923917,0.166667,0,0.144014,0.36483,0.00900114,-0.00550364,-6.65108,3.90185e-05,0.0109253,0.167369,8983.95,0.946031,0.421742,-1,0.2,635.318,1.87638e+07,1.64862,1.64951,0.999846,0.302829,-0.9688,2,-0.005,-7.67597e-07,-0.000318535
1528,92.3388,987.222,0.092566,0.333333,0.0416667,0.143783,0.367306,0.0136741,-0.00601781,-6.65906,3.90185e-05,0.0130126,0.167307,9776.42,0.867014,0.389888,-1,0.2,636.577,1.87761e+07,1.18823,1.32603,0.986632,0.124175,-0.970169,1.97444,-0.012,-6.16632e-06,-0.000401445
1529,65.8822,794.333,0.0926786,0.0416667,0.0833333,0.144087,0.368795,0.0405959,-0.00425951,-6.66377,2.60123e-05,0.0203043,0.167287,11251.6,0.774197,0.317914,-1,0.2,637.67,1.87884e+07,0.788821,0.889099,0.792385,0.0412247,-0.793431,1.58867,-0.012,-2.04684e-05,-0.000634813
1530,91.7982,903.667,0.0923789,0.0833333,0.0416667,0.143574,0.373838,0.0104705,-0.0087689,-6.6658,2.60123e-05,0.00899005,0.167255,12675.7,0.671969,0.297447,-1,0.2,638.641,1.88006e+07,1.29005,1.42699,0.902589,0.0581384,-0.88404,1.80733,-0.0106667,-8.97334e-06,-0.000477301
1531,92.5914,918.556,0.092292,0.291667,0.0833333,0.144257,0.372252,0.0125418,-0.00749142,-6.66996,2.60123e-05,0.0167099,0.16722,9531.64,0.877814,0.411366,-1,0.2,639.931,1.88129e+07,1.10073,1.48298,0.917688,0.196358,-0.897306,1.83711,-0.00755556,-8.79065e-06,-0.000422733
1532,81.7348,1000,0.0919405,0.25,0,0.144793,0.374854,0.00726364,-0.00746763,-6.6744,2.60123e-05,0.0103099,0.167169,9492.89,0.926434,0.368009,-1,0.2,641.227,1.88252e+07,0.914407,1.02804,0.999607,0.134566,-0.983474,2,-0.006,-8.15184e-07,-0.000408572
1533,95.9415,966.833,0.0921995,0.208333,0.0416667,0.144217,0.371492,0.00631332,-0.00795593,-6.68037,2.60123e-05,0.00969902,0.167112,10171.5,0.888253,0.319827,-1,0.2,642.437,1.88375e+07,1.34463,1.3038,0.966079,0.212166,-0.954849,1.93367,-0.008,-9.8141e-06,-0.000405538
1534,73.1864,913.5,0.0923057,0.0416667,0.0416667,0.143293,0.373703,0.00728184,-0.00771215,-6.68637,2.60123e-05,0.0103333,0.167058,11707.2,0.718939,0.330673,-1,0.2,643.488,1.88498e+07,0.722658,1.04167,0.91205,0.0533926,-0.886858,1.827,-0.01,-6.19518e-06,-0.000584062
1535,92.6782,1000,0.0924171,0.208333,0,0.142967,0.373345,0.0270571,-0.00532741,-6.6913,2.60123e-05,0.0150402,0.167028,8716.06,1.03134,0.378472,-1,0.2,644.899,1.88621e+07,1.49624,1.01902,0.999589,0.101014,-0.974343,2,-0.0072,-1.47618e-06,-0.000402646
1536,93.1552,981.786,0.0923331,0.5,0.0833333,0.143277,0.377049,0.0163906,-0.00533421,-6.6936,2.60123e-05,0.0130558,0.167011,9449.05,0.923338,0.37711,-1,0.2,646.201,1.88744e+07,1.07621,1.44754,0.981127,0.150407,-0.950399,1.96357,-0.0102857,-5.83004e-06,-0.000401428
1537,87.2891,980.5,0.0924459,0.208333,0.0416667,0.142464,0.375814,0.00655128,-0.00828779,-6.69642,2.60123e-05,0.0144527,0.16697,10818.1,0.805549,0.330326,-1,0.2,647.338,1.88867e+07,0.871964,1.31784,0.979618,0.176745,-0.941503,1.961,-0.000833333,-8.05783e-06,-0.000365971
1538,102.676,1000,0.0924935,0.541667,0,0.143,0.370859,0.0128255,-0.00767574,-6.70124,2.60123e-05,0.0165328,0.166927,12549.3,0.683263,0.295915,-1,0.2,648.319,1.88989e+07,1.49509,1.44946,0.999688,0.16401,-0.968618,2,-0.00546154,-1.36628e-06,-0.000362775
1539,92.2119,985.8,0.0923557,0.166667,0.0416667,0.144369,0.374088,0.00535348,-0.0087053,-6.70623,2.60123e-05,0.0174898,0.166873,9472.94,0.862038,0.435131,-1,0.2,649.617,1.89112e+07,1.22717,1.21096,0.984858,0.178884,-0.96087,1.9716,-0.0016,-1.13047e-05,-0.000401417
1540,100.957,1000,0.0922037,0.375,0,0.144181,0.371479,0.00533467,-0.00706358,-6.71242,2.60123e-05,0.00615424,0.166817,9094.54,0.977135,0.374005,-1,0.2,650.97,1.89235e+07,1.50515,1.35117,0.999657,0.163583,-0.96378,2,-0.00755556,-1.71911e-06,-0.000374371
1541,76.8964,1000,0.0925816,0.291667,0,0.142927,0.370842,0.00478337,-0.00903218,-6.71858,2.60123e-05,0.0116879,0.166756,10343.3,0.89092,0.297099,-1,0.2,652.159,1.89358e+07,0.693094,1.1006,0.999617,0.0463379,-0.988119,2,-0.00628571,-1.59661e-06,-0.000428182
1542,95.6426,1000,0.0948682,11.0833,0,0.146035,0.335046,0.00672791,-0.00907459,-6.72539,2.60123e-05,0.00768902,0.166696,11061.2,0.833742,0.27717,-1,0.2,653.272,1.89481e+07,1.28832,1.32242,0.999635,0.149441,-0.969941,2,-0.00736466,-1.89149e-06,-0.000377645
1543,88.2745,1000,0.10064,0.0416667,0,0.149097,0.257481,0.00515078,-0.00822413,-6.73231,2.60123e-05,0.010818,0.166624,10522,0.744714,0.423129,-1,0.2,654.441,1.89604e+07,0.422098,1.79591,0.999796,0.167492,-0.971284,2,0,0,-0.00028567
1544,83.5013,1000,0.0996175,0.0833333,0,0.14802,0.262009,0.00471565,-0.00899222,-6.74086,2.60123e-05,0.0116093,0.166539,8970.03,0.996866,0.373029,-1,0.2,655.812,1.89727e+07,1.34582,0.806047,0.99962,0.0264817,-0.976859,2,-0.0255,-7.3177e-06,-0.000538625
1545,83.0686,1000,0.0987494,0.0416667,0,0.147836,0.267985,0.0109975,-0.00839679,-6.74955,2.60123e-05,0.0111554,0.166471,9657.4,0.93339,0.339002,-1,0.2,657.086,1.8985e+07,1.45343,0.647003,0.999802,0.0198251,-0.946164,2,-0.02,-3.31785e-06,-0.000462091
1546,83.3039,982.909,0.0987474,0.416667,0.0416667,0.14696,0.267371,0.00578018,-0.00886742,-6.75683,2.60123e-05,0.0103948,0.166401,11487.2,0.764454,0.305256,-1,0.2,658.157,1.89972e+07,0.906494,1.21919,0.982312,0.0722671,-0.963401,1.96582,-0.017,-1.37965e-05,-0.00047378
1547,85.3739,1000,0.0982386,0.125,0,0.1464,0.27057,0.0049081,-0.0090335,-6.76469,2.60123e-05,0.0119999,0.16633,13085.3,0.654374,0.284696,-1,0.2,659.098,1.90095e+07,1.07583,1.10501,0.999401,0.0691749,-0.962605,2,-0.0176667,-1.18102e-05,-0.000435264
1548,96.1148,1000,0.0976346,0.333333,0,0.146156,0.278965,0.00457793,-0.00969229,-6.77245,2.60123e-05,0.0130252,0.166254,12987.5,0.663157,0.282986,-1,0.2,660.045,1.90218e+07,1.21212,1.37985,0.99962,0.174298,-0.951794,2,-0.008,-1.7044e-06,-0.000357814
1549,91.713,1000,0.0972178,0.458333,0,0.146198,0.286037,0.00492451,-0.00863108,-6.78081,2.60123e-05,0.00972021,0.16618,12401,0.704459,0.286433,-1,0.2,661.037,1.90341e+07,1.41169,1.08658,0.999612,0.0684436,-0.971979,2,-0.00827273,-2.00693e-06,-0.000420915
1550,94.0995,1000,0.0968136,0.208333,0,0.147176,0.285828,0.0061277,-0.00784522,-6.78833,2.60123e-05,0.00676794,0.166117,12926.3,0.663109,0.287511,-1,0.2,661.989,1.90464e+07,1.3938,1.21711,0.999568,0.0813487,-0.972018,2,-0.0144,-4.07643e-06,-0.000429028
1551,94.1143,1000,0.0964304,0.541667,0,0.14799,0.298928,0.00645918,-0.00828152,-6.79488,2.60123e-05,0.00851144,0.166058,12854.3,0.668076,0.287872,-1,0.2,662.946,1.90587e+07,1.10982,1.39039,0.999588,0.178813,-0.96584,2,-0.00669231,-2.07738e-06,-0.00035685
1552,87.9921,903.375,0.0963886,0.291667,0.0416667,0.147133,0.303076,0.00440872,-0.00866691,-6.80123,2.60123e-05,0.0141077,0.165998,11419.8,0.787204,0.288824,-1,0.2,664.024,1.9071e+07,1.05427,1.3684,0.902638,0.145718,-0.87379,1.80675,-0.004,-4.24764e-06,-0.00037766
1553,82.4472,1000,0.0960914,0.166667,0,0.147162,0.310115,0.00414642,-0.00746407,-6.80801,2.60123e-05,0.00828429,0.165935,12177.5,0.711263,0.297813,-1,0.2,665.034,1.90833e+07,1.54429,0.542757,0.999707,0.0185043,-0.968405,2,-0.014,-4.17679e-06,-0.000487955
1554,89.5515,1000,0.0957188,0.25,0,0.147014,0.315296,0.00376645,-0.00714565,-6.81502,2.60123e-05,0.00721051,0.165867,12066.2,0.70683,0.311556,-1,0.2,666.054,1.90956e+07,1.02467,1.297,0.999551,0.130467,-0.96305,2,-0.0106667,-1.64054e-06,-0.000386915
1555,80.4818,1000,0.0953629,0.0833333,0,0.146482,0.323276,0.00375886,-0.00833017,-6.82246,2.60123e-05,0.0100362,0.165803,11977.8,0.721285,0.304615,-1,0.2,667.081,1.91078e+07,1.07513,0.890752,0.999295,0.0276783,-0.958813,2,-0.0095,-1.82689e-06,-0.000455262
1556,94.7789,1000,0.0951607,0.416667,0,0.146003,0.329844,0.00335171,-0.00717376,-6.82949,2.60123e-05,0.0101244,0.165732,12958.5,0.660046,0.288213,-1,0.2,668.031,1.91201e+07,1.30046,1.29086,0.99951,0.109947,-0.956651,2,-0.0048,-2.88954e-06,-0.00037173
1557,94.0907,1000,0.094682,0.25,0,0.14712,0.332473,0.0040245,-0.00780419,-6.83753,3.90185e-05,0.00155756,0.16566,11571.6,0.651062,0.410849,-1,0.2,669.094,1.91324e+07,1.45231,1.12201,0.999476,0.10657,-0.962915,2,-0.0125,-3.1791e-06,-0.000417716
1558,96.4844,1000,0.0946372,0.208333,0,0.146087,0.33939,0.00338058,-0.00741374,-6.84715,3.90185e-05,0.0116602,0.165553,9777.07,0.759305,0.497514,-1,0.2,670.352,1.91447e+07,1.1752,1.44039,0.999464,0.174762,-0.955017,2,-0.0102,-1.74168e-06,-0.000365884
1559,84.4392,1000,0.0943372,0.291667,0,0.145391,0.345033,0.00368065,-0.00708518,-6.85843,3.90185e-05,0.0148411,0.165454,12261.5,0.697875,0.304283,-1,0.2,671.356,1.9157e+07,0.910315,1.14469,0.999453,0.137923,-0.963727,2,-0.00628571,-2.02356e-06,-0.000403775
1560,106.701,1000,0.0944609,0.291667,0,0.145389,0.347437,0.00479122,-0.00515109,-6.86811,3.90185e-05,0.0105075,0.165377,12825.7,0.681153,0.276922,-1,0.2,672.315,1.91693e+07,1.66631,1.43451,0.999586,0.202432,-0.957593,2,-0.00985714,-2.32387e-06,-0.000341183
1561,83.8343,858,0.0940902,0.166667,0.0416667,0.146317,0.353607,0.00418395,-0.00726203,-6.8766,3.90185e-05,0.0159346,0.165294,13476.9,0.627343,0.284442,-1,0.2,673.228,1.91816e+07,1.16851,1.14199,0.856883,0.150687,-0.833127,1.716,-0.0088,-1.12391e-05,-0.000417277
1562,96.8104,1000,0.0940923,0.166667,0,0.146562,0.352238,0.0034119,-0.00675139,-6.88629,3.90185e-05,0.00789896,0.165199,13330.5,0.634482,0.287317,-1,0.2,674.151,1.91939e+07,1.03564,1.63754,0.999471,0.13497,-0.961768,2,-0.005,-6.28296e-07,-0.000329865
1563,92.7006,1000,0.0939776,0.125,0,0.145606,0.356594,0.00291805,-0.0068673,-6.89733,5.85277e-05,0.00410976,0.165089,13485.1,0.626413,0.284812,-1,0.2,675.063,1.92061e+07,1.21458,1.23785,0.999686,0.154286,-0.968344,2,-0.00266667,-5.84056e-07,-0.000366489
1564,96.2708,1000,0.0937363,0.208333,0,0.145702,0.357891,0.00308881,-0.00426678,-6.91145,5.85277e-05,0.0133706,0.164948,12956.6,0.661732,0.286667,-1,0.2,676.013,1.92184e+07,1.13936,1.47017,0.999609,0.160988,-0.954039,2,-0.0022,-7.33763e-07,-0.000346746
1565,112.711,1000,0.0934404,0.125,0,0.145733,0.365198,0.00295996,-0.00773095,-6.9257,5.85277e-05,0.0133463,0.164823,13518.9,0.622837,0.286116,-1,0.2,676.923,1.92307e+07,1.64461,1.67052,0.999363,0.275022,-0.944649,2,-0.009,-2.48139e-06,-0.000307545
1566,90.7582,1000,0.0933587,0.125,0,0.145765,0.371023,0.00318864,-0.00658123,-6.93954,5.85277e-05,0.0100761,0.164693,13189.7,0.650021,0.281613,-1,0.2,677.856,1.9243e+07,1.17528,1.17303,0.999466,0.150269,-0.957096,2,-0.00266667,-6.84233e-07,-0.000374963
1567,88.2626,1000,0.0932847,0.416667,0,0.145591,0.373115,0.00298492,-0.00702529,-6.95387,5.85277e-05,0.0163531,0.164567,13572.3,0.624525,0.280852,-1,0.2,678.763,1.92553e+07,1.22882,1.06813,0.999503,0.0827579,-0.954875,2,-0.0108,-3.29234e-06,-0.000398999
1568,98.9236,1000,0.0933927,0.25,0,0.145788,0.369999,0.00300851,-0.00518079,-6.96775,3.90185e-05,0.0208354,0.164433,13642,0.621457,0.279294,-1,0.2,679.665,1.92676e+07,1.47129,1.26731,0.999369,0.158251,-0.942512,2,-0.00716667,-1.85978e-06,-0.000365035
1569,91.2241,1000,0.0933706,0.208333,0,0.145902,0.370899,0.00280924,-0.00833739,-6.98082,3.90185e-05,0.00726498,0.164335,13431.9,0.628432,0.286407,-1,0.2,680.581,1.92799e+07,1.25322,1.15356,0.999524,0.118026,-0.949939,2,-0.0128,-3.06748e-06,-0.000384652
1570,90.1993,1000,0.0934933,0.291667,0,0.146641,0.36927,0.00274833,-0.00719172,-6.99242,3.90185e-05,0.00828897,0.164227,13478.3,0.61472,0.296965,-1,0.2,681.493,1.92922e+07,1.33094,1.0575,0.999536,0.0919994,-0.960339,2,-0.00928571,-2.45473e-06,-0.000384537
1571,99.2587,1000,0.0934091,0.0833333,0,0.146809,0.370956,0.0027415,-0.00820751,-7.00404,3.90185e-05,0.00868451,0.16412,13107.6,0.651644,0.285825,-1,0.2,682.432,1.93044e+07,1.5471,1.1874,0.999241,0.207776,-0.966212,2,-0.012,-1.69559e-06,-0.000368943
1572,87.2733,1000,0.0933772,0.166667,0,0.146589,0.369879,0.00269097,-0.00785355,-7.01608,3.90185e-05,0.00921577,0.164008,13529.7,0.628068,0.280156,-1,0.2,683.342,1.93167e+07,0.839285,1.27946,0.999378,0.192879,-0.937974,2,-0.009,-1.81117e-06,-0.00036197
1573,81.3712,1000,0.0934873,0.333333,0,0.145602,0.37121,0.00259401,-0.00905806,-7.02872,3.90185e-05,0.00906674,0.163891,13244.3,0.620432,0.30736,-1,0.2,684.271,1.9329e+07,0.688522,1.27937,0.99952,0.0564545,-0.945908,2,-0.009,-2.41697e-06,-0.000396312
1574,97.282,1000,0.0937044,0.416667,0,0.145698,0.369275,0.00256623,-0.00624543,-7.04177,3.90185e-05,0.0121519,0.16377,12387,0.640817,0.351189,-1,0.2,685.264,1.93413e+07,1.51052,1.16138,0.999584,0.137623,-0.938125,2,-0.0065,-3.50591e-06,-0.000373113
1575,126.69,1000,0.0936762,0.125,0,0.145958,0.367339,0.00282936,-0.00708814,-7.0549,3.90185e-05,0.00810049,0.163655,8466.8,1.00416,0.447157,-1,0.2,686.717,1.93536e+07,1.99167,1.87926,0.999464,0.39549,-0.931134,2,0,0,-0.000256882
1576,82.5739,1000,0.0934602,0.0833333,0,0.145821,0.370623,0.00253621,-0.00754315,-7.06759,3.90185e-05,0.0092591,0.163535,9551.59,0.916686,0.369801,-1,0.2,688.005,1.93659e+07,0.75288,1.15249,0.999022,0.173998,-0.945319,2,-0.004,-7.2966e-07,-0.000373946
1577,97.7773,1000,0.0935734,0.333333,0,0.145123,0.373148,0.00270845,-0.00827166,-7.08072,3.90185e-05,0.00818321,0.163418,10517.7,0.795513,0.372802,-1,0.2,689.175,1.93782e+07,1.36781,1.33044,0.999535,0.136045,-0.938588,2,-0.006,-1.12762e-06,-0.000368435
1578,94.629,1000,0.0938513,0.458333,0,0.144606,0.371248,0.00260568,-0.00901872,-7.09377,3.90185e-05,0.0150021,0.163301,8878.46,0.926563,0.457461,-1,0.2,690.563,1.93905e+07,1.29583,1.2277,0.999353,0.165865,-0.946998,2,-0.00990909,-3.91519e-06,-0.000381592
1579,88.0297,1000,0.0940399,0.333333,0,0.143976,0.367471,0.00519941,-0.00261147,-7.10508,3.90185e-05,0.0105846,0.163217,9586.96,0.878943,0.402799,-1,0.2,691.846,1.94028e+07,0.992082,1.22735,0.999318,0.12706,-0.934575,2,-0.009375,-2.06306e-06,-0.000368187
1580,89.4491,1000,0.0942683,0.5,0,0.143522,0.366,0.0215282,-0.00431768,-7.11187,3.90185e-05,0.0118673,0.163183,10017.3,0.886859,0.339816,-1,0.2,693.074,1.9415e+07,1.09914,1.23472,0.999395,0.094765,-0.946514,2,-0.00866667,-1.99145e-06,-0.00039173
1581,111.545,989.833,0.0943876,0.208333,0.0416667,0.143353,0.366073,0.00895075,-0.00870384,-7.11542,3.90185e-05,0.0143214,0.163144,10650.8,0.748895,0.404826,-1,0.2,694.229,1.94273e+07,1.73111,1.58447,0.988805,0.22938,-0.930604,1.97967,-0.00516667,-4.78253e-06,-0.000393758
1582,95.8846,930.455,0.0943184,0.416667,0.0416667,0.144055,0.367245,0.00372297,-0.00855836,-7.12149,3.90185e-05,0.0129585,0.163069,9077.43,0.940859,0.412828,-1,0.2,695.584,1.94396e+07,1.35933,1.36069,0.929586,0.163319,-0.872674,1.86091,-0.00654545,-9.27292e-06,-0.000376387
1583,103.596,1000,0.094765,0.25,0,0.14348,0.358835,0.00296948,-0.00746169,-7.13162,3.90185e-05,0.0136368,0.162959,9622.5,0.906067,0.37094,-1,0.2,696.862,1.94519e+07,1.58749,1.32173,0.999533,0.213114,-0.934523,2,-0.00716667,-2.2186e-06,-0.000344832
1584,93.9206,1000,0.100852,10.9167,0,0.141608,0.276453,0.00504917,-0.00758988,-7.14363,3.90185e-05,0.0125749,0.162857,10359.8,0.883416,0.30271,-1,0.2,698.05,1.94642e+07,1.21708,1.27549,0.999405,0.144653,-0.933669,2,-0.00656107,-1.72317e-06,-0.000370872
1585,125.91,1000,0.103681,0.0833333,0,0.138162,0.237892,0.00729264,-0.00668477,-7.15435,3.90185e-05,0.00907688,0.16276,10009.8,0.840756,0.386839,-1,0.2,699.279,1.94765e+07,1.93562,1.8772,0.999522,0.39961,-0.916221,2,0,0,-0.000255469
1586,83.1703,781,0.103199,0.0416667,0.0416667,0.138961,0.23437,0.00338622,-0.00924593,-7.16667,3.90185e-05,0.0156674,0.162629,9436.41,0.916029,0.386161,-1,0.2,700.582,1.94888e+07,1.27502,1.06777,0.779123,0.208185,-0.727005,1.562,-0.006,-1.56305e-05,-0.000561921
1587,105.395,1000,0.102374,0.291667,0,0.138457,0.243027,0.00319867,-0.00937646,-7.18197,3.90185e-05,0.00786159,0.162496,10030.8,0.876403,0.348622,-1,0.2,701.809,1.95011e+07,1.39863,1.52277,0.999443,0.27667,-0.924612,2,-0.00285714,-7.65055e-07,-0.000309423
1588,83.0736,1000,0.102296,0.25,0,0.138157,0.240287,0.00319467,-0.0102305,-7.19592,3.90185e-05,0.0148125,0.162379,11320.8,0.798002,0.287435,-1,0.2,702.895,1.95133e+07,1.07756,0.902181,0.999205,0.10921,-0.928225,2,-0.00583333,-1.4844e-06,-0.000418494
1589,101.04,1000,0.102001,0.25,0,0.137976,0.242719,0.00353235,-0.0104235,-7.20876,3.90185e-05,0.013083,0.162261,13152.2,0.631123,0.303172,-1,0.2,703.834,1.95256e+07,1.22638,1.52249,0.99929,0.237111,-0.929745,2,-0.00316667,-2.24783e-06,-0.000334855
1590,92.3981,1000,0.101168,0.208333,0,0.138496,0.250888,0.00394993,-0.00870249,-7.22192,3.90185e-05,0.00972873,0.162147,9042.72,0.911913,0.44697,-1,0.2,705.194,1.95379e+07,1.53077,0.928873,0.99956,0.0994939,-0.928568,2,-0.0098,-3.83427e-06,-0.000422992
1591,95.6015,1000,0.10083,0.375,0,0.138824,0.258696,0.00655545,-0.00505784,-7.23298,3.90185e-05,0.0148452,0.162068,9700.3,0.87785,0.388915,-1,0.2,706.462,1.95502e+07,1.06763,1.46018,0.99929,0.170563,-0.911127,2,-0.00611111,-1.5586e-06,-0.000346529
1592,90.0038,1000,0.0999695,0.333333,0,0.139059,0.266678,0.00436113,-0.00760737,-7.24084,3.90185e-05,0.0137301,0.161999,10695.2,0.842763,0.306165,-1,0.2,707.612,1.95625e+07,1.25555,1.08535,0.999304,0.104831,-0.936673,2,-0.00775,-1.84418e-06,-0.000411594
1593,90.6642,1000,0.100545,0.5,0,0.137659,0.26528,0.00479147,-0.0087785,-7.24854,3.90185e-05,0.00901534,0.161931,10934.7,0.730804,0.392961,-1,0.2,708.737,1.95748e+07,1.02005,1.31245,0.999348,0.133629,-0.92657,2,-0.00533333,-1.08721e-06,-0.000360936
1594,102.237,983.1,0.0998249,0.375,0.0416667,0.138063,0.279869,0.00361919,-0.00959285,-7.25635,5.85277e-05,0.00378339,0.16186,8427.17,1.03038,0.427758,-1,0.2,710.197,1.95871e+07,1.41848,1.4554,0.982228,0.195033,-0.902424,1.9662,-0.0027,-2.13614e-06,-0.000382823
1595,126.789,1000,0.0993439,0.0416667,0,0.138097,0.290419,0.00303366,-0.00786312,-7.26638,5.85277e-05,0.0120463,0.16175,8724.32,0.969494,0.438982,-1,0.2,711.607,1.95994e+07,1.99115,1.86432,0.999431,0.398957,-0.914135,2,0,0,-0.000262684
1596,100.234,1000,0.0988768,0.333333,0,0.138034,0.298129,0.00301207,-0.00602483,-7.27975,5.85277e-05,0.0156425,0.161619,11137.9,0.796339,0.306923,-1,0.2,712.712,1.96116e+07,1.2904,1.45233,0.999435,0.195711,-0.918936,2,-0.006875,-1.74875e-06,-0.0003466
1597,127.299,1000,0.0986105,0.125,0,0.138254,0.302975,0.00296371,-0.00822763,-7.29449,5.85277e-05,0.0178536,0.16149,10587.5,0.741602,0.419014,-1,0.2,713.874,1.96239e+07,1.99275,1.87998,0.999486,0.405128,-0.91217,2,0,0,-0.000255481
1598,83.8697,1000,0.0982315,0.333333,0,0.138118,0.31064,0.00281395,-0.00808583,-7.30878,5.85277e-05,0.00960039,0.161362,9543.54,0.916248,0.371325,-1,0.2,715.163,1.96362e+07,0.955475,1.06006,0.999363,0.115834,-0.927868,2,-0.009,-1.81651e-06,-0.000381116
1599,105.381,1000,0.0978725,0.291667,0,0.137999,0.314072,0.00332677,-0.00777241,-7.32326,5.85277e-05,0.0143308,0.16123,10202,0.821027,0.383446,-1,0.2,716.369,1.96485e+07,1.50042,1.45317,0.99936,0.232994,-0.910838,2,-0.00571429,-8.53396e-07,-0.00034049
1600,108.297,1000,0.0974892,0.208333,0,0.138981,0.319234,0.00296021,-0.00599046,-7.33834,5.85277e-05,0.0180384,0.161094,11605.5,0.74953,0.309283,-1,0.2,717.429,1.96608e+07,1.51608,1.6252,0.999407,0.184215,-0.908145,2,-0.0016,-6.35674e-07,-0.000323894
1601,99.8299,1000,0.0974151,0.25,0,0.138372,0.322589,0.00289112,-0.0067166,-7.35349,5.85277e-05,0.0157273,0.160955,10388.8,0.881937,0.300873,-1,0.2,721.223,1.96731e+07,1.31265,1.38778,0.999397,0.216275,-0.921603,2,-0.00266667,-3.00306e-07,-0.000332859
1602,93.4737,1000,0.0972221,0.333333,0,0.138496,0.327799,0.00299915,-0.00575198,-7.36915,5.85277e-05,0.0184258,0.160819,12282,0.744665,0.255821,-1,0.2,722.228,1.96854e+07,1.1547,1.29602,0.999497,0.138843,-0.909123,2,-0.005875,-1.4347e-06,-0.000374141
1603,88.8716,1000,0.0970331,0.125,0,0.138001,0.332136,0.00265421,-0.00681189,-7.38457,5.85277e-05,0.0163258,0.160674,10356.7,0.817268,0.369205,-1,0.2,723.415,1.96977e+07,1.18346,1.14335,0.999324,0.0391273,-0.912608,2,-0.00866667,-3.89674e-06,-0.000398918
1604,87.7961,1000,0.0969211,0.166667,0,0.137704,0.336115,0.0028735,-0.00649846,-7.40039,5.85277e-05,0.0137042,0.160544,9697.77,0.885731,0.381364,-1,0.2,724.684,1.971e+07,1.15392,1.03331,0.999472,0.120554,-0.914063,2,-0.003,-6.92907e-07,-0.000392918
1605,89.7452,1000,0.0969654,0.166667,0,0.137707,0.338117,0.00253514,-0.00651996,-7.41495,5.85277e-05,0.0154576,0.160408,9597.14,0.935733,0.344648,-1,0.2,725.966,1.97222e+07,1.25386,1.11821,0.99954,0.0383774,-0.913344,2,-0.009,-2.11773e-06,-0.000385763
1606,105.697,1000,0.0965812,0.125,0,0.137833,0.344015,0.00294281,-0.00760697,-7.43086,5.85277e-05,0.0144489,0.160262,9003.09,0.937166,0.427699,-1,0.2,727.332,1.97345e+07,1.53762,1.43808,0.999628,0.223706,-0.908516,2,-0.00533333,-2.07665e-06,-0.000322067
1607,106.46,1000,0.0963494,0.125,0,0.138212,0.348579,0.00272064,-0.00547161,-7.44658,5.85277e-05,0.0120938,0.160131,9579.2,0.890124,0.392655,-1,0.2,728.616,1.97468e+07,1.37024,1.67851,0.999224,0.176589,-0.901215,2,0,0,-0.000329412
1608,102.415,1000,0.0961929,0.166667,0,0.139074,0.352532,0.00452588,-0.00568277,-7.46062,5.85277e-05,0.0165929,0.160014,9780.74,0.899691,0.356656,-1,0.2,729.874,1.97591e+07,1.48805,1.41482,0.999308,0.13765,-0.906686,2,-0.012,-3.40544e-06,-0.000369624
1609,93.5618,1000,0.0959537,0.375,0,0.140335,0.35507,0.00542282,-0.00481073,-7.47252,5.85277e-05,0.016948,0.159915,9345.11,0.929612,0.385301,-1,0.2,731.191,1.97714e+07,1.32335,1.14347,0.999421,0.125734,-0.908138,2,-0.00533333,-1.01727e-06,-0.000403374
1610,93.5456,982.333,0.0959841,0.208333,0.0416667,0.14065,0.357168,0.00326972,-0.00850354,-7.48478,5.85277e-05,0.0140215,0.159796,10448,0.811018,0.365089,-1,0.2,732.368,1.97837e+07,1.07403,1.45963,0.981383,0.0912844,-0.885464,1.96467,-0.00783333,-8.78352e-06,-0.000402144
1611,86.4816,1000,0.096054,0.375,0,0.139541,0.355562,0.00245413,-0.00729342,-7.49941,5.85277e-05,0.00983303,0.159654,10355.2,0.877238,0.309417,-1,0.2,733.556,1.9796e+07,0.925498,1.19292,0.999276,0.116442,-0.904559,2,-0.00511111,-1.16727e-06,-0.000383259
1612,110.933,1000,0.0962114,0.125,0,0.138771,0.356489,0.00249449,-0.00700949,-7.51606,5.85277e-05,0.0108929,0.159506,9248.03,0.925151,0.403565,-1,0.2,734.886,1.98083e+07,1.27099,1.86249,0.999297,0.303861,-0.889729,2,0,0,-0.000264896
1613,99.3647,1000,0.0959891,0.166667,0,0.138631,0.361442,0.00678511,-0.00403887,-7.53058,5.85277e-05,0.00985652,0.159404,9833.06,0.854794,0.394868,-1,0.2,736.137,1.98205e+07,1.36608,1.28048,0.999115,0.215511,-0.887578,2,-0.005,-1.38764e-06,-0.00036902
1614,98.5516,1000,0.0958987,0.166667,0,0.138851,0.365266,0.00439076,-0.00659314,-7.54124,5.85277e-05,0.0169511,0.159312,10011.5,0.908197,0.319196,-1,0.2,737.366,1.98328e+07,1.70819,1.05272,0.999471,0.0781446,-0.902013,2,-0.0085,-2.92035e-06,-0.000428309
1615,80.2286,923.857,0.0959227,0.208333,0.0833333,0.13776,0.366758,0.0113706,-0.00710478,-7.55016,3.90185e-05,0.022037,0.15925,9421.74,0.867687,0.43653,-1,0.2,738.672,1.98451e+07,0.659612,1.29673,0.922764,0.109793,-0.821868,1.84771,-0.00285714,-1.0512e-05,-0.000444882
1616,103.014,981.083,0.0958317,0.458333,0.0416667,0.13793,0.367074,0.0204702,-0.00712994,-7.55525,3.90185e-05,0.0178544,0.159221,9075.27,0.956236,0.397773,-1,0.2,740.027,1.98574e+07,1.34143,1.48516,0.980206,0.258774,-0.872773,1.96217,-0.00391667,-5.55203e-06,-0.000337212
1617,82.6535,847.5,0.0958443,0.0416667,0.125,0.137258,0.365987,0.00826284,-0.00983302,-7.55881,3.90185e-05,0.0158769,0.15918,9697.52,0.859608,0.40752,-1,0.2,741.296,1.98697e+07,0.879559,1.33649,0.845173,0.145863,-0.761028,1.695,-0.00775,-3.15316e-05,-0.000602702
1618,120.881,1000,0.096006,0.166667,0,0.136829,0.364859,0.00446425,-0.00859904,-7.56485,3.90185e-05,0.0159784,0.159113,10069.1,0.814007,0.406365,-1,0.2,742.518,1.9882e+07,1.89143,1.72373,0.99938,0.31611,-0.886315,2,0,0,-0.000292545
1619,104.275,1000,0.0956612,0.416667,0,0.137264,0.36658,0.00767986,-0.00956277,-7.57277,3.90185e-05,0.0144335,0.159042,9661.08,0.892941,0.378966,-1,0.2,743.791,1.98943e+07,1.4448,1.46327,0.99934,0.200713,-0.891033,2,-0.003,-1.57979e-06,-0.000338923
1620,105.782,975.6,0.0953474,0.333333,0.0833333,0.139624,0.366967,0.0113617,-0.00859198,-7.57988,2.60123e-05,0.0212265,0.158995,10026,0.865521,0.360092,-1,0.2,745.018,1.99066e+07,1.28391,1.70744,0.974566,0.247107,-0.871072,1.9512,-0.0036,-1.55323e-05,-0.000412739
1621,98.0025,1000,0.0953216,0.458333,0,0.138678,0.369452,0.0291235,-0.00745185,-7.58321,2.60123e-05,0.0158351,0.158982,11773.2,0.739517,0.304208,-1,0.2,746.063,1.99188e+07,1.23367,1.35412,0.999392,0.20515,-0.88904,2,-0.00281818,-1.02328e-06,-0.000347775
1622,94.1752,924.1,0.0952204,0.333333,0.0833333,0.139074,0.368634,0.0216792,-0.00885435,-7.58452,2.60123e-05,0.012184,0.158971,13417.9,0.635754,0.280036,-1,0.2,746.98,1.99311e+07,1.22012,1.41839,0.923099,0.135078,-0.827894,1.8482,-0.0078,-1.02668e-05,-0.000417709
1623,96.2558,908.8,0.0954343,0.375,0.0416667,0.138377,0.367031,0.00666713,-0.0103032,-7.58684,2.60123e-05,0.00999768,0.158936,13565.4,0.622412,0.283419,-1,0.2,747.887,1.99434e+07,1.37214,1.32324,0.907986,0.196127,-0.800313,1.8176,-0.0036,-8.55446e-06,-0.000376436
1624,92.1048,1000,0.0956257,0.333333,0,0.137175,0.36674,0.00666969,-0.00881982,-7.59185,2.60123e-05,0.0139308,0.158885,13571.7,0.62453,0.280883,-1,0.2,748.794,1.99557e+07,1.29416,1.14179,0.999261,0.0687019,-0.88963,2,-0.008625,-4.34786e-06,-0.00041456
1625,96.7781,1000,0.0957215,10.7917,0,0.137031,0.363515,0.00958661,-0.00756897,-7.59712,2.60123e-05,0.00780714,0.158848,12213.8,0.73209,0.273987,-1,0.2,749.802,1.9968e+07,1.29224,1.28462,0.999271,0.154323,-0.884781,2,-0.00639768,-1.7637e-06,-0.000371539
1626,67.6916,588,0.103778,0.0416667,0.0416667,0.14384,0.242172,0.0175446,-0.00643706,-7.60024,2.60123e-05,0.012092,0.15883,13052.1,0.649654,0.291801,-1,0.2,750.744,1.99803e+07,0.906605,1.04585,0.586381,0.185834,-0.515478,1.176,0,-2.26343e-05,-0.000583013
1627,102.799,1000,0.103529,0.166667,0,0.14174,0.242252,0.0208739,-0.00830813,-7.60225,2.60123e-05,0.0130518,0.15881,13246.5,0.646633,0.281008,-1,0.2,751.673,1.99926e+07,1.14187,1.73306,0.999218,0.150205,-0.881071,2,-0.003,-4.35531e-07,-0.000327433
1628,89.9447,769,0.102371,0.0416667,0.0416667,0.143375,0.249901,0.010174,-0.0090466,-7.60513,2.60123e-05,0.0156968,0.158778,13349.5,0.635218,0.285265,-1,0.2,752.595,2.00049e+07,1.24011,1.38335,0.767559,0.256207,-0.685376,1.538,-0.002,-2.47683e-05,-0.000592508
1629,98.9124,1000,0.101734,0.333333,0,0.143642,0.254291,0.02378,-0.00827919,-7.60824,2.60123e-05,0.00552098,0.158764,13350.2,0.638845,0.281591,-1,0.2,753.516,2.00172e+07,1.50209,1.20438,0.999197,0.123664,-0.875942,2,-0.007375,-2.04696e-06,-0.000385552
1630,80.0734,823.6,0.101466,0.166667,0.0416667,0.145874,0.255355,0.0198936,-0.00684604,-7.60967,2.60123e-05,0.0127163,0.158746,13040.9,0.65359,0.288678,-1,0.2,754.46,2.00294e+07,1.10245,1.07928,0.822378,0.0819452,-0.726744,1.6472,-0.0024,-9.6231e-06,-0.000431762
1631,85.755,853.273,0.100981,0.375,0.0833333,0.143904,0.262543,0.0157111,-0.00780514,-7.61225,2.60123e-05,0.00979244,0.15872,13319.2,0.640827,0.281753,-1,0.2,755.384,2.00417e+07,1.01471,1.32297,0.852208,0.141423,-0.744577,1.70655,-0.00509091,-1.15547e-05,-0.000427006
1632,95.6596,1000,0.100689,0.208333,0,0.143825,0.265989,0.0151163,-0.00806342,-7.61502,2.60123e-05,0.0107886,0.158702,13551.6,0.623056,0.283699,-1,0.2,756.292,2.0054e+07,1.21048,1.32249,0.999298,0.136959,-0.87787,2,-0.008,-2.42481e-06,-0.000366692
1633,80.2068,896.125,0.100122,0.291667,0.0416667,0.144099,0.273735,0.0107881,-0.00796994,-7.61703,2.60123e-05,0.011411,0.15868,13118.4,0.651163,0.285535,-1,0.2,757.23,2.00663e+07,1.17459,0.892242,0.895335,0.0605017,-0.796585,1.79225,-0.0075,-8.26025e-06,-0.000484035
1634,88.6749,933.083,0.0996626,0.458333,0.0416667,0.145343,0.279769,0.00693072,-0.00775895,-7.62024,2.60123e-05,0.00948343,0.158645,13247.4,0.644312,0.283268,-1,0.2,758.158,2.00786e+07,1.29398,1.04809,0.93224,0.121681,-0.817909,1.86617,-0.0100833,-8.8749e-06,-0.000418177
1635,96.758,972.917,0.0997998,0.458333,0.0416667,0.143403,0.283172,0.0051736,-0.00747353,-7.62482,2.60123e-05,0.00734196,0.158602,13470.3,0.631251,0.280976,-1,0.2,759.072,2.00909e+07,1.25635,1.36596,0.971985,0.157622,-0.853937,1.94583,-0.0055,-7.86462e-06,-0.000403864
1636,84.2499,1000,0.0991618,0.25,0,0.142976,0.292988,0.00476278,-0.00780097,-7.63014,2.60123e-05,0.0127061,0.158551,13339.6,0.635231,0.285935,-1,0.2,759.994,2.01032e+07,0.946272,1.05523,0.999336,0.0867348,-0.870012,2,-0.00466667,-9.63685e-07,-0.000393277
1637,108.666,1000,0.0985138,0.166667,0,0.142815,0.304561,0.00436094,-0.00756914,-7.63616,2.60123e-05,0.00967945,0.158496,13424.1,0.619859,0.29551,-1,0.2,760.911,2.01155e+07,1.54835,1.53571,0.999071,0.22348,-0.870971,2,-0.002,-4.14996e-07,-0.000315087
1638,91.3828,1000,0.0981753,0.208333,0,0.143052,0.31109,0.00426675,-0.006283,-7.64257,2.60123e-05,0.0103764,0.15844,13721.9,0.612243,0.283263,-1,0.2,761.808,2.01277e+07,1.1334,1.1703,0.999038,0.139283,-0.864877,2,-0.0076,-4.46625e-06,-0.000396283
1639,106.813,1000,0.0977139,0.291667,0,0.143547,0.321757,0.00425061,-0.00787364,-7.6487,2.60123e-05,0.0145846,0.158389,13757.6,0.613061,0.28012,-1,0.2,762.702,2.014e+07,1.46405,1.5892,0.99915,0.16185,-0.870978,2,-0.00228571,-2.13275e-07,-0.000350857
1640,94.5729,1000,0.0975148,0.291667,0,0.143154,0.320376,0.00392729,-0.00629878,-7.65448,2.60123e-05,0.011076,0.158335,13620.8,0.620931,0.281219,-1,0.2,763.605,2.01523e+07,1.09627,1.34093,0.99901,0.17004,-0.8698,2,-0.00742857,-1.47318e-06,-0.000365539
1641,109.587,1000,0.0973788,0.208333,0,0.142431,0.324557,0.0037062,-0.00757085,-7.66138,2.60123e-05,0.00953838,0.158269,13310.9,0.63719,0.28596,-1,0.2,764.53,2.01646e+07,1.44347,1.62248,0.999268,0.285851,-0.870626,2,-0.0008,-1.47506e-07,-0.000311762
1642,90.0806,1000,0.0970531,0.333333,0,0.142735,0.327792,0.00372189,-0.00822917,-7.66835,2.60123e-05,0.00875263,0.158216,13199.9,0.648647,0.282266,-1,0.2,765.462,2.01769e+07,1.26452,1.02622,0.99911,0.0984802,-0.868734,2,-0.015125,-5.5083e-06,-0.000433015
1643,99.3684,1000,0.096819,0.208333,0,0.142552,0.33321,0.00994855,-0.00711011,-7.67378,2.60123e-05,0.00917455,0.158176,13799.1,0.60471,0.285785,-1,0.2,766.354,2.01892e+07,1.07006,1.51007,0.999175,0.251514,-0.858072,2,-0.004,-9.42974e-07,-0.000331429
1644,85.0983,851.833,0.096746,0.208333,0.0416667,0.142361,0.342508,0.00386425,-0.00807377,-7.67889,2.60123e-05,0.0112808,0.15812,13631.4,0.616243,0.285204,-1,0.2,767.257,2.02015e+07,1.29753,1.01092,0.850896,0.145212,-0.742873,1.70367,-0.01,-1.36724e-05,-0.000428597
1645,92.8498,1000,0.096711,0.208333,0,0.142018,0.342952,0.00359254,-0.00728741,-7.68584,2.60123e-05,0.0124551,0.158056,13244.2,0.602004,0.3258,-1,0.2,768.186,2.02138e+07,1.22001,1.16288,0.999086,0.132448,-0.862124,2,-0.0094,-3.66924e-06,-0.000399189
1646,111.986,1000,0.0962353,0.125,0,0.142579,0.351152,0.00337052,-0.00735193,-7.69341,2.60123e-05,0.0059797,0.157987,8527.27,0.972879,0.468145,-1,0.2,769.628,2.0226e+07,1.82628,1.40857,0.999018,0.255667,-0.882223,2,-0.00766667,-4.1998e-06,-0.000345775
1647,95.109,1000,0.0960785,0.166667,0,0.143349,0.354475,0.0279318,-0.00610132,-7.69959,2.60123e-05,0.0141184,0.157959,10247,0.831485,0.367694,-1,0.2,770.829,2.02383e+07,1.35437,1.16631,0.999139,0.124201,-0.877179,2,-0.011,-2.2999e-06,-0.000385366
1648,58.0616,674.333,0.0955798,0,0.125,0.143164,0.364467,0.0513315,-0.00736056,-7.70077,2.60123e-05,0.0107211,0.157962,10334.9,0.844915,0.344069,-1,0.2,772.019,2.02506e+07,0.419196,0.986681,0.668852,0.0835488,-0.601157,1.34867,-0.002,-0.000127566,-0.000577863
1649,78.1321,843.875,0.0954268,0.208333,0.125,0.142953,0.368097,0.0358389,-0.00833839,-7.7001,2.60123e-05,0.00886394,0.157966,9364.16,0.888313,0.423924,-1,0.2,773.333,2.02629e+07,0.670721,1.31511,0.842368,0.125484,-0.732886,1.68775,-0.0015,-2.45292e-05,-0.000413413
1650,83.2328,945.25,0.095649,0.25,0.0833333,0.141779,0.362967,0.0629994,-0.00691012,-7.69988,2.60123e-05,0.0123811,0.15797,10025.8,0.843668,0.38197,-1,0.2,774.56,2.02752e+07,0.892126,1.17211,0.942645,0.0942767,-0.820253,1.8905,-0.00925,-2.73033e-05,-0.000481534
1651,86.0118,902.625,0.0953947,0.208333,0.125,0.142211,0.370572,0.0261988,-0.00700339,-7.6996,2.60123e-05,0.0103716,0.157966,10888.2,0.826295,0.302269,-1,0.2,775.69,2.02875e+07,1.09826,1.17975,0.900914,0.114997,-0.790432,1.80525,-0.007625,-2.20106e-05,-0.000503372
1652,88.0963,896.333,0.0956695,0.166667,0.0833333,0.142021,0.368582,0.0595897,-0.00590413,-7.70023,2.60123e-05,0.0127712,0.157965,12135.6,0.727465,0.285092,-1,0.2,776.703,2.02998e+07,0.936315,1.42348,0.893462,0.126168,-0.764498,1.79267,-0.00233333,-3.06236e-05,-0.000414277
1653,92.4295,942.727,0.0950637,0.375,0.0833333,0.143778,0.372457,0.0501564,-0.00695403,-7.70018,2.60123e-05,0.0140339,0.157967,13804.9,0.610676,0.27944,-1,0.2,777.595,2.03121e+07,1.38129,1.09267,0.941219,0.147812,-0.819605,1.88545,-0.00690909,-1.43949e-05,-0.000445467
1654,90.3628,837.857,0.0952934,0.125,0.166667,0.143558,0.371646,0.042128,-0.0077279,-7.70026,2.60123e-05,0.0130094,0.157961,12795.6,0.613731,0.346598,-1,0.2,778.557,2.03244e+07,1.21656,1.36706,0.835791,0.154397,-0.727979,1.67571,-0.00285714,-3.98184e-05,-0.000507295
1655,84.9935,819.5,0.0950587,0.125,0.125,0.142993,0.369358,0.0305197,-0.00716374,-7.70133,2.60123e-05,0.0160199,0.15795,8992.61,0.927482,0.438974,-1,0.2,779.924,2.03366e+07,0.876655,1.41503,0.81625,0.219369,-0.715425,1.639,-0.000666667,-4.83556e-05,-0.000491686
1656,105.656,969.778,0.0950461,0.333333,0.0416667,0.142843,0.372337,0.0492247,-0.00737496,-7.70248,2.60123e-05,0.0102582,0.157943,9376.81,0.934928,0.375539,-1,0.2,781.236,2.03489e+07,1.40873,1.53301,0.968657,0.272412,-0.837445,1.93956,-0.00177778,-1.038e-05,-0.00034228
1657,76.6954,848.778,0.0950279,0.25,0.125,0.142759,0.37121,0.0376346,-0.00778547,-7.70297,2.60123e-05,0.0122572,0.157942,11294.9,0.762478,0.325451,-1,0.2,782.326,2.03612e+07,0.926492,1.02173,0.847361,0.0901429,-0.743577,1.69756,-0.00444444,-1.64577e-05,-0.000473271
1658,91.6263,890.8,0.0951731,0.333333,0.0833333,0.142437,0.373347,0.0184645,-0.00927268,-7.7034,2.60123e-05,0.0123396,0.157928,12996.3,0.669328,0.276169,-1,0.2,783.272,2.03735e+07,1.40183,1.13583,0.889675,0.148662,-0.771025,1.7816,-0.0048,-1.09177e-05,-0.000446968
1659,86.146,923.8,0.0951858,0.166667,0.0416667,0.141673,0.367703,0.0220939,-0.00724277,-7.70534,2.60123e-05,0.0108615,0.157912,14016.6,0.600243,0.276435,-1,0.2,784.15,2.03858e+07,1.29554,0.952047,0.922678,0.0928518,-0.795329,1.8476,-0.0076,-1.25348e-05,-0.000477265
1660,101.191,916.833,0.0948499,0.208333,0.0416667,0.142407,0.373084,0.0320883,-0.00799847,-7.7072,2.60123e-05,0.0138834,0.157894,12473.3,0.608445,0.376702,-1,0.2,785.137,2.03981e+07,1.43423,1.42793,0.915842,0.240154,-0.790529,1.83367,-0.00133333,-1.17987e-05,-0.000398112
1661,82.8779,913.5,0.0949978,0.416667,0.0833333,0.141896,0.374918,0.0195382,-0.00832783,-7.70923,2.60123e-05,0.00722998,0.15788,9383.02,0.858589,0.45101,-1,0.2,786.448,2.04104e+07,1.07558,1.04905,0.912317,0.0791353,-0.789711,1.827,-0.009,-9.55776e-06,-0.000475766
1662,88.1218,902.444,0.0950652,0.333333,0.0416667,0.14207,0.371017,0.0153531,-0.00810764,-7.71121,2.60123e-05,0.00686676,0.157855,10677.4,0.787112,0.363733,-1,0.2,787.6,2.04227e+07,0.919535,1.35884,0.901278,0.200732,-0.775695,1.80489,-0.00311111,-3.75052e-06,-0.000374166
1663,96.275,993.143,0.0950022,0.541667,0.0416667,0.141958,0.368362,0.0286561,-0.00663711,-7.71422,2.60123e-05,0.00986206,0.15783,10172.6,0.859478,0.34847,-1,0.2,788.809,2.04349e+07,1.4113,1.16634,0.99204,0.124264,-0.857247,1.98629,-0.00878571,-6.7587e-06,-0.000435362
1664,114.077,988.857,0.0955368,0.25,0.0416667,0.141689,0.363447,0.0121926,-0.0086192,-7.71753,2.60123e-05,0.0103873,0.157794,9698.82,0.904903,0.362055,-1,0.2,790.077,2.04472e+07,1.40758,1.83341,0.987783,0.334373,-0.83669,1.97771,0,-4.4276e-06,-0.000316908
1665,100.332,1000,0.0953277,0.375,0,0.142245,0.362345,0.0239249,-0.00758146,-7.72189,2.60123e-05,0.0129247,0.157759,9996.06,0.865932,0.363352,-1,0.2,791.308,2.04595e+07,1.39936,1.34439,0.99906,0.134619,-0.850696,2,-0.00977778,-1.83919e-06,-0.000376019
1666,96.2876,1000,0.0947749,0.333333,0,0.144559,0.370707,0.0358325,-0.0070463,-7.72504,2.60123e-05,0.0127511,0.157743,11103.2,0.811215,0.295497,-1,0.2,792.416,2.04718e+07,1.54346,0.984772,0.999105,0.159164,-0.865331,2,-0.006375,-3.20317e-06,-0.000409537
1667,97.1474,999.897,0.0970164,9.625,0.0833333,0.146782,0.336983,0.0277748,-0.00896359,-7.72616,2.60123e-05,0.00773009,0.157736,11756.2,0.757455,0.287782,-1,0.2,793.463,2.04841e+07,1.2642,1.30759,0.99897,0.155168,-0.859896,1.99979,-0.00806438,-2.64588e-06,-0.000383559
1668,64.0134,694.667,0.102911,0.0833333,0.0416667,0.142617,0.260447,0.0166608,-0.0101073,-7.72694,2.60123e-05,0.00966842,0.15773,8906.86,0.959842,0.419768,-1,0.2,794.844,2.04964e+07,0.782184,0.793785,0.693496,0.142136,-0.590744,1.38933,-0.009,-2.35918e-05,-0.00049609
1669,62.4764,792.5,0.102032,0.125,0.0416667,0.141942,0.266695,0.0283428,-0.00699818,-7.72781,2.60123e-05,0.00889593,0.157723,8870.31,0.995074,0.390222,-1,0.2,796.231,2.05087e+07,0.406797,0.986594,0.791198,0.0379839,-0.677273,1.585,-0.006,-1.37725e-05,-0.000467597
1670,83.9849,922.667,0.101399,0.0833333,0.0416667,0.141134,0.272532,0.0245209,-0.00835012,-7.72896,2.60123e-05,0.0114587,0.157709,11229.4,0.764049,0.330222,-1,0.2,797.327,2.0521e+07,0.817647,1.21948,0.920896,0.202987,-0.798892,1.84533,-0.00766667,-2.47163e-05,-0.000509672
1671,77.8867,851.833,0.101055,0.416667,0.0833333,0.141186,0.272756,0.0311668,-0.00878594,-7.73114,2.60123e-05,0.00953824,0.157687,13468.9,0.636246,0.27608,-1,0.2,798.24,2.05332e+07,0.992761,1.00045,0.850883,0.0850385,-0.734002,1.70367,-0.004,-9.37434e-06,-0.000450648
1672,87.729,831.625,0.100933,0.25,0.0833333,0.140492,0.273967,0.0230181,-0.00794667,-7.73338,2.60123e-05,0.00657158,0.157669,9471.19,0.904836,0.392572,-1,0.2,799.539,2.05455e+07,1.11625,1.32773,0.83031,0.168511,-0.718189,1.66325,-0.001,-1.0188e-05,-0.00039817
1673,97.8313,971.333,0.100727,0.333333,0.0416667,0.140158,0.272927,0.0169473,-0.00827497,-7.73558,2.60123e-05,0.0121136,0.157647,8954.52,1.01532,0.356947,-1,0.2,800.912,2.05578e+07,1.34758,1.27284,0.970122,0.197351,-0.832234,1.94267,-0.00633333,-5.58382e-06,-0.000421723
1674,73.8152,917.3,0.100599,0.375,0.0416667,0.139756,0.274214,0.0105799,-0.00882504,-7.73859,1.73415e-05,0.0207368,0.157614,10050.1,0.909549,0.313131,-1,0.2,802.137,2.05701e+07,0.929761,0.757261,0.916377,0.0632571,-0.793307,1.8346,-0.0167,-1.45334e-05,-0.000475135
1675,88.9572,1000,0.100361,0.25,0,0.139403,0.276027,0.0172993,-0.00708153,-7.74189,1.73415e-05,0.00719811,0.157593,12294.8,0.711404,0.288042,-1,0.2,803.138,2.05824e+07,1.10497,1.1165,0.999064,0.0955393,-0.856965,2,-0.0108333,-4.46315e-06,-0.000411349
1676,90.4501,904.267,0.100075,0.541667,0.0833333,0.140515,0.282231,0.00849447,-0.00831015,-7.74455,1.73415e-05,0.00887249,0.157567,9879.93,0.835316,0.408418,-1,0.2,804.383,2.05947e+07,1.376,1.09383,0.903096,0.130113,-0.777422,1.80853,-0.0112,-1.01008e-05,-0.000434907
1677,98.2029,1000,0.10003,0.375,0,0.140521,0.283883,0.00708018,-0.00768646,-7.74797,1.73415e-05,0.0102792,0.157533,9175.7,0.924521,0.414669,-1,0.2,805.723,2.0607e+07,1.3599,1.26312,0.999034,0.153629,-0.85227,2,-0.0128889,-3.83955e-06,-0.000373128
1678,87.8688,1000,0.0996902,0.166667,0,0.140136,0.289827,0.00645895,-0.00767373,-7.75175,1.73415e-05,0.00994282,0.157504,10021.4,0.877719,0.348463,-1,0.2,806.951,2.06193e+07,1.01619,1.13406,0.99915,0.117408,-0.866974,2,-0.006,-1.19501e-06,-0.000398378
1679,93.3177,1000,0.0991921,0.25,0,0.139992,0.296324,0.00713728,-0.00778156,-7.75489,1.73415e-05,0.0117093,0.157477,12125.4,0.725374,0.288038,-1,0.2,807.966,2.06316e+07,1.23782,1.167,0.999028,0.125053,-0.850763,2,-0.0118333,-2.83598e-06,-0.000414832
1680,70.9952,1000,0.0986817,0.0416667,0,0.140735,0.304306,0.00623765,-0.00888877,-7.75809,1.73415e-05,0.00822719,0.157447,10916.7,0.669474,0.45614,-1,0.2,809.093,2.06438e+07,1.08567,0.318187,0.999265,0.0135542,-0.85641,2,-0.01,-9.57824e-06,-0.000496791
1681,102.328,1000,0.0984913,0.333333,0,0.14093,0.308624,0.00723137,-0.00823265,-7.7619,1.73415e-05,0.00853061,0.157412,9159.37,0.971799,0.369778,-1,0.2,810.437,2.06561e+07,1.40464,1.36849,0.999175,0.204584,-0.855887,2,-0.00425,-1.44948e-06,-0.000367361
1682,86.3146,909.429,0.0980446,0.25,0.0416667,0.141027,0.320708,0.005203,-0.00824186,-7.76593,1.73415e-05,0.00822047,0.157376,9721.11,0.892227,0.371826,-1,0.2,811.702,2.06684e+07,1.21473,1.02921,0.908221,0.137597,-0.773284,1.81886,-0.0191429,-7.90529e-06,-0.000457743
1683,107.515,1000,0.0977278,0.208333,0,0.141874,0.322614,0.00535046,-0.00680706,-7.77039,1.73415e-05,0.00885862,0.157334,11111.5,0.784117,0.321762,-1,0.2,812.809,2.06807e+07,1.43112,1.55707,0.999262,0.239652,-0.850222,2,-0.0008,-1.39303e-07,-0.000351075
1684,93.7037,1000,0.0974513,0.208333,0,0.142306,0.328264,0.00473122,-0.00743729,-7.7751,1.73415e-05,0.0122018,0.157297,11691.8,0.731914,0.31908,-1,0.2,813.861,2.0693e+07,1.43966,1.00645,0.999164,0.0981351,-0.85141,2,-0.0064,-1.48934e-06,-0.000420061
1685,110.668,1000,0.0971181,0.333333,0,0.142826,0.331689,0.00457036,-0.00751696,-7.77906,1.73415e-05,0.00892624,0.157264,8815.47,0.961009,0.432904,-1,0.2,815.257,2.07053e+07,1.62226,1.51387,0.99931,0.255702,-0.855506,2,-0.001875,-5.97511e-07,-0.000336991
1686,97.143,1000,0.0966605,0.208333,0,0.14255,0.339643,0.00440357,-0.00822525,-7.78313,1.73415e-05,0.0102605,0.157223,9640.1,0.904648,0.370027,-1,0.2,816.534,2.07176e+07,1.15379,1.4323,0.999113,0.135496,-0.861581,2,-0.0016,-8.91747e-07,-0.000368575
1687,80.7313,1000,0.0964546,0.125,0,0.142129,0.343083,0.00436172,-0.00750061,-7.78823,2.60123e-05,0.00473205,0.157176,10605.4,0.853544,0.305111,-1,0.2,817.694,2.07299e+07,0.748053,1.0679,0.998887,0.0867625,-0.853323,2,-0.0113333,-3.96941e-06,-0.000382182
1688,71.7902,1000,0.0964125,0.125,0,0.142024,0.345814,0.00425108,-0.00751532,-7.79486,2.60123e-05,0.0106029,0.157109,10130.4,0.83009,0.382892,-1,0.2,818.908,2.07421e+07,0.953953,0.497621,0.999451,0.0182577,-0.864914,2,-0.0143333,-5.46897e-06,-0.000521824
1689,107.96,1000,0.0962353,0.166667,0,0.142358,0.348139,0.00431548,-0.0076065,-7.80226,2.60123e-05,0.0111584,0.157045,8722.76,1.05117,0.357561,-1,0.2,820.318,2.07544e+07,1.50327,1.53788,0.998969,0.22382,-0.859869,2,-0.00575,-1.46439e-06,-0.000335347
1690,105.048,1000,0.0958974,0.25,0,0.142614,0.354945,0.00435696,-0.00765537,-7.80925,2.60123e-05,0.00894708,0.156988,9829.61,0.929311,0.32079,-1,0.2,821.57,2.07667e+07,1.34017,1.54727,0.998937,0.211736,-0.844014,2,-0.00133333,-2.49579e-07,-0.000358046
1691,94.6303,1000,0.0957377,0.208333,0,0.142571,0.357949,0.0040701,-0.00822366,-7.81577,2.60123e-05,0.0103355,0.156929,12613.3,0.686298,0.287909,-1,0.2,822.545,2.0779e+07,1.15455,1.26367,0.999282,0.175242,-0.854478,2,-0.0064,-1.02364e-06,-0.000353985
1692,84.472,1000,0.0958196,0.458333,0,0.142086,0.359939,0.00403311,-0.00706291,-7.82246,2.60123e-05,0.0104537,0.156874,13510.9,0.62237,0.287115,-1,0.2,823.456,2.07913e+07,0.88971,1.09453,0.999171,0.0998958,-0.850752,2,-0.00854545,-2.7591e-06,-0.000400052
1693,116.769,1000,0.0957005,0.208333,0,0.142071,0.360352,0.0215073,-0.00439769,-7.82741,2.60123e-05,0.0108979,0.15685,9335.22,0.919984,0.396322,-1,0.2,824.774,2.08036e+07,1.56512,1.80293,0.999279,0.313164,-0.840942,2,-0.0008,-3.21936e-07,-0.000305072
1694,91.2086,975.889,0.095586,0.333333,0.0416667,0.142436,0.36258,0.00522645,-0.00633034,-7.83024,2.60123e-05,0.00679248,0.156813,9402.47,0.896145,0.410746,-1,0.2,826.082,2.08159e+07,1.07705,1.26968,0.974912,0.125511,-0.831201,1.95178,-0.00688889,-7.17577e-06,-0.000402429
1695,95.5625,1000,0.0957234,0.375,0,0.142118,0.360243,0.00425175,-0.00851831,-7.83555,2.60123e-05,0.0126917,0.156762,10269.7,0.869147,0.327387,-1,0.2,827.282,2.08282e+07,1.14219,1.3645,0.999282,0.124431,-0.848339,2,-0.00355556,-1.04638e-06,-0.000382861
1696,90.2398,1000,0.0959454,0.208333,0,0.141717,0.359177,0.00412016,-0.00868062,-7.84188,2.60123e-05,0.00823427,0.156703,12067.9,0.723045,0.29519,-1,0.2,828.302,2.08404e+07,1.20802,1.11591,0.999159,0.0540151,-0.858297,2,-0.0064,-1.66206e-06,-0.000417455
1697,97.4588,1000,0.0957757,0.291667,0,0.141371,0.360383,0.003965,-0.00768213,-7.84905,2.60123e-05,0.008312,0.156638,13624.9,0.618456,0.283423,-1,0.2,829.205,2.08527e+07,1.32173,1.25168,0.999204,0.152606,-0.849321,2,-0.00257143,-1.61079e-06,-0.00037925
1698,103.753,1000,0.0954968,0.333333,0,0.142091,0.364875,0.00358228,-0.00746508,-7.85632,2.60123e-05,0.00824007,0.156578,11060.1,0.802624,0.308399,-1,0.2,830.317,2.0865e+07,1.37165,1.51434,0.998953,0.157087,-0.854054,2,0,0,-0.000344305
1699,97.6409,1000,0.0955056,0.458333,0,0.14214,0.364631,0.0032197,-0.00918303,-7.86318,2.60123e-05,0.0145721,0.156522,11789.4,0.745533,0.29676,-1,0.2,831.361,2.08773e+07,1.42361,1.20074,0.999178,0.120724,-0.854903,2,-0.00690909,-1.72281e-06,-0.000395105
1700,111.319,1000,0.0952697,0.291667,0,0.143241,0.367555,0.00365476,-0.00927541,-7.86943,2.60123e-05,0.00772428,0.156466,13310.9,0.634248,0.288907,-1,0.2,832.285,2.08896e+07,1.73194,1.47821,0.999185,0.213816,-0.856256,2,-0.000571429,-7.1386e-08,-0.000347014
1701,95.6063,1000,0.0951365,0.166667,0,0.144341,0.367908,0.00434545,-0.00757312,-7.8762,2.60123e-05,0.0177254,0.15641,14763.8,0.588694,0.243613,-1,0.2,835.539,2.09019e+07,1.3547,1.15311,0.999314,0.115277,-0.837698,2,-0.004,-4.98808e-07,-0.000384777
1702,97.2392,984.7,0.0949845,0.375,0.0416667,0.144462,0.371655,0.00891082,-0.00676654,-7.88203,2.60123e-05,0.00979033,0.156361,14758.7,0.57882,0.253774,-1,0.2,836.373,2.09142e+07,1.19592,1.40506,0.983559,0.152372,-0.839041,1.9694,-0.0049,-8.82728e-06,-0.000399371
1703,100.933,1000,0.0952086,0.333333,0,0.143771,0.367535,0.019888,-0.00541011,-7.88693,2.60123e-05,0.00685711,0.156333,13639.4,0.644427,0.256493,-1,0.2,837.275,2.09265e+07,1.1223,1.58133,0.999474,0.193333,-0.846954,2,-0.0025,-2.92192e-07,-0.000341358
1704,96.4131,996.4,0.0951582,0.375,0.0416667,0.144161,0.369749,0.00639648,-0.00707628,-7.88997,2.60123e-05,0.011636,0.156301,11231.4,0.727913,0.366163,-1,0.2,838.37,2.09388e+07,1.38127,1.1704,0.995424,0.138884,-0.849379,1.9928,-0.0083,-5.62063e-06,-0.000434135
1705,105.62,1000,0.0953614,0.541667,0,0.14379,0.366418,0.0207443,-0.00775207,-7.89395,2.60123e-05,0.0155239,0.156268,11865.4,0.713086,0.32253,-1,0.2,839.407,2.0951e+07,1.41507,1.49101,0.999195,0.223448,-0.842247,2,-0.00515385,-1.53307e-06,-0.000342957
1706,79.6003,846.125,0.0951464,0.25,0.0833333,0.145022,0.370289,0.00484428,-0.00830793,-7.89822,2.60123e-05,0.0112593,0.156222,12912.2,0.672616,0.279043,-1,0.2,840.36,2.09633e+07,1.01829,1.09219,0.844836,0.0636208,-0.724924,1.69225,-0.00575,-1.50264e-05,-0.000482327
1707,95.9189,1000,0.0952177,0.375,0,0.144103,0.368671,0.00420526,-0.008554,-7.90411,2.60123e-05,0.011165,0.156167,11818.6,0.753427,0.286291,-1,0.2,841.401,2.09756e+07,1.09112,1.39387,0.999259,0.160255,-0.845544,2,-0.00266667,-1.18757e-06,-0.000349626
1708,88.7914,1000,0.0953207,0.333333,0,0.143114,0.369068,0.00359944,-0.00787199,-7.91078,2.60123e-05,0.0101992,0.156108,12250.4,0.693469,0.309604,-1,0.2,842.406,2.09879e+07,0.857435,1.30166,0.998958,0.130123,-0.842614,2,-0.005625,-3.0891e-06,-0.000366554
1709,98.3159,1000,0.0994504,9.33333,0,0.146979,0.30436,0.00587652,-0.00901693,-7.91682,2.60123e-05,0.0135929,0.156067,10639.2,0.796102,0.358869,-1,0.2,843.562,2.10002e+07,1.29295,1.31845,0.999246,0.157805,-0.847228,2,-0.00505357,-1.56342e-06,-0.000370108
1710,102.378,1000,0.101604,0.125,0,0.148976,0.272696,0.00431291,-0.00875252,-7.92194,2.60123e-05,0.00795581,0.156013,12211.9,0.711603,0.294627,-1,0.2,844.569,2.10125e+07,1.4738,1.32979,0.999064,0.165472,-0.842216,2,-0.00666667,-1.70846e-06,-0.000350894
1711,96.9477,1000,0.100696,0.166667,0,0.149253,0.277342,0.00408832,-0.00814556,-7.92934,2.60123e-05,0.00688939,0.155941,13501,0.622317,0.287838,-1,0.2,845.481,2.10248e+07,1.0867,1.44816,0.999158,0.173501,-0.856782,2,-0.003,-4.34094e-07,-0.000356542
1712,84.7845,1000,0.100461,0.375,0,0.14865,0.276966,0.00420934,-0.00807762,-7.9378,2.60123e-05,0.0108075,0.155871,12833.1,0.676479,0.281048,-1,0.2,846.44,2.10371e+07,1.13443,0.899453,0.999195,0.0640642,-0.85028,2,-0.00722222,-2.57825e-06,-0.000414241
1713,123.3,1000,0.100069,0.25,0,0.148506,0.278117,0.00763766,-0.00974779,-7.94506,2.60123e-05,0.0101228,0.155815,13262.8,0.640027,0.286474,-1,0.2,847.367,2.10493e+07,1.861,1.78475,0.999299,0.354245,-0.834015,2,0,0,-0.000283957
1714,92.1087,933.538,0.0995438,0.5,0.0416667,0.148959,0.28769,0.00593616,-0.00841804,-7.95147,2.60123e-05,0.0123347,0.155761,13664.7,0.619626,0.279623,-1,0.2,848.268,2.10616e+07,1.17252,1.25289,0.932777,0.175557,-0.791311,1.86708,-0.00369231,-1.98802e-06,-0.000381011
1715,93.589,1000,0.0994848,0.208333,0,0.148788,0.282811,0.00510796,-0.0102319,-7.95778,2.60123e-05,0.00860377,0.155703,13340.4,0.634059,0.287051,-1,0.2,849.19,2.10739e+07,1.43727,0.988297,0.999152,0.108156,-0.846606,2,-0.0064,-1.40366e-06,-0.000416788
1716,89.0792,1000,0.0989509,0.375,0,0.148875,0.290149,0.00546295,-0.00872966,-7.96455,2.60123e-05,0.0148684,0.155649,13776.7,0.611551,0.280389,-1,0.2,850.083,2.10862e+07,1.11436,1.06359,0.999283,0.128449,-0.847459,2,-0.00388889,-6.86236e-07,-0.000379626
1717,89.5979,1000,0.0986135,0.333333,0,0.149055,0.291137,0.00515143,-0.00780829,-7.97051,2.60123e-05,0.0108092,0.155597,13576.7,0.624539,0.280538,-1,0.2,850.99,2.10985e+07,1.11896,1.13762,0.999209,0.082825,-0.850556,2,-0.00775,-2.80597e-06,-0.000407922
1718,96.1334,1000,0.0987053,0.625,0,0.148494,0.294317,0.0045981,-0.00857621,-7.97696,2.60123e-05,0.0113381,0.155539,13401.7,0.617603,0.299296,-1,0.2,851.908,2.11108e+07,1.23578,1.30906,0.999242,0.11273,-0.84363,2,-0.00613333,-1.4317e-06,-0.000378142
1719,110.088,1000,0.0981869,0.375,0,0.147747,0.304588,0.00458597,-0.00727336,-7.98316,2.60123e-05,0.0125461,0.155493,13055.1,0.652347,0.288891,-1,0.2,852.85,2.11231e+07,1.67552,1.45514,0.999198,0.221077,-0.84132,2,-0.00488889,-8.64218e-07,-0.000327908
1720,129.64,1000,0.0974559,0.0416667,0,0.148866,0.318435,0.00460542,-0.00667866,-7.98841,2.60123e-05,0.0100943,0.155444,13787.1,0.610195,0.28107,-1,0.2,853.743,2.11354e+07,1.99381,1.89508,0.999431,0.414606,-0.82065,2,0,0,-0.000269449
1721,82.7018,1000,0.0969387,0.291667,0,0.147882,0.330827,0.00572158,-0.00636876,-7.9941,2.60123e-05,0.0101279,0.155397,13584.1,0.621244,0.283342,-1,0.2,854.649,2.11476e+07,0.790773,1.16858,0.999019,0.0439578,-0.85038,2,-0.0164286,-5.38905e-06,-0.000427829
1722,67.9711,828.75,0.0967039,0.125,0.0416667,0.146838,0.338262,0.003823,-0.00727243,-8.00003,2.60123e-05,0.0118746,0.15534,13686.4,0.615731,0.282096,-1,0.2,855.548,2.11599e+07,0.79805,0.796045,0.827601,0.0369417,-0.705773,1.6575,-0.01125,-1.49309e-05,-0.000542979
1723,99.7939,1000,0.0965363,0.25,0,0.146249,0.342501,0.00354981,-0.00678503,-8.00708,2.60123e-05,0.0120799,0.155277,13739,0.611063,0.283323,-1,0.2,856.443,2.11722e+07,1.33585,1.38015,0.999121,0.127312,-0.842827,2,-0.0095,-4.94779e-06,-0.00040411
1724,84.2518,1000,0.0963712,0.333333,0,0.145527,0.349028,0.00405523,-0.00747714,-8.01424,2.60123e-05,0.0127057,0.155217,13343.7,0.627621,0.293266,-1,0.2,857.366,2.11845e+07,0.941478,0.994172,0.999071,0.122819,-0.841673,2,-0.002875,-2.27809e-06,-0.000400872
1725,81.8195,1000,0.0961296,0.166667,0,0.144384,0.354785,0.00731611,-0.0052143,-8.02026,2.60123e-05,0.00896921,0.155178,10685.3,0.733537,0.416451,-1,0.2,858.517,2.11968e+07,1.24126,0.682357,0.999248,0.0228259,-0.847753,2,-0.0065,-3.01897e-06,-0.000457346
1726,91.7963,1000,0.0962881,0.25,0,0.143788,0.354939,0.00369006,-0.00646488,-8.02468,3.90185e-05,0.0049803,0.155134,8649.98,1.04702,0.373561,-1,0.2,859.939,2.12091e+07,1.29165,0.989361,0.999102,0.152137,-0.8387,2,-0.00333333,-6.19344e-07,-0.000405053
1727,97.0732,943.6,0.0961563,0.375,0.0416667,0.143205,0.362041,0.00523906,-0.00686056,-8.03118,3.90185e-05,0.0131764,0.155073,9455.01,0.903154,0.396474,-1,0.2,861.24,2.12214e+07,1.29978,1.35469,0.942543,0.165925,-0.787871,1.8872,-0.0082,-8.72267e-06,-0.000403945
1728,79.2853,866,0.095805,0.125,0.0416667,0.14365,0.363549,0.00380375,-0.00692709,-8.03814,3.90185e-05,0.0120925,0.15501,9735.04,0.8761,0.386145,-1,0.2,862.503,2.12337e+07,0.992503,0.995673,0.864761,0.123946,-0.727792,1.732,-0.01625,-2.8002e-05,-0.000547495
1729,87.199,1000,0.0957314,0.166667,0,0.144204,0.367851,0.00333405,-0.00735504,-8.04572,3.90185e-05,0.00705905,0.154942,9616.46,0.878856,0.398953,-1,0.2,863.783,2.1246e+07,1.21638,0.87438,0.999324,0.119826,-0.840538,2,-0.009,-2.46613e-06,-0.000422285
1730,85.6692,1000,0.0958735,0.166667,0,0.14393,0.368806,0.00382888,-0.00796229,-8.05401,3.90185e-05,0.00660244,0.154872,8297.43,1.0427,0.438242,-1,0.2,865.265,2.12582e+07,0.984292,1.08979,0.999213,0.0648617,-0.846015,2,-0.00825,-6.8039e-06,-0.000420472
1731,101.076,1000,0.0955504,0.0833333,0,0.144444,0.372928,0.0139793,-0.00610646,-8.06087,3.90185e-05,0.0106717,0.154826,10640.4,0.780881,0.373958,-1,0.2,866.422,2.12705e+07,1.2218,1.51708,0.998945,0.148784,-0.822413,2,-0.01,-4.1102e-06,-0.00041128
1732,85.9178,943.375,0.095418,0.291667,0.0416667,0.144282,0.375686,0.00463208,-0.00685275,-8.06656,3.90185e-05,0.0140359,0.154767,8449.9,0.966346,0.487873,-1,0.2,867.878,2.12828e+07,1.20058,0.981318,0.942326,0.0928096,-0.79513,1.88675,-0.01225,-1.65258e-05,-0.00049739
1733,110.898,1000,0.0951069,0.208333,0,0.144377,0.380723,0.00325316,-0.00729199,-8.07446,3.90185e-05,0.013084,0.15469,6382.35,1.20038,0.724933,-1,0.2,869.805,2.12951e+07,1.36493,1.79242,0.999346,0.230533,-0.837199,2,-0.0048,-1.2197e-06,-0.000338485
1734,89.8271,1000,0.0953615,0.416667,0,0.143609,0.379441,0.00298647,-0.00838131,-8.08394,3.90185e-05,0.0115678,0.154605,7376.42,1.20214,0.463705,-1,0.2,871.473,2.13074e+07,1.07335,1.14491,0.999197,0.114593,-0.834585,2,-0.0057,-3.02543e-06,-0.000406566
1735,95.6529,1000,0.0953807,0.166667,0,0.143218,0.381025,0.00287449,-0.00794705,-8.09453,3.90185e-05,0.0137377,0.154508,7514.26,1.09876,0.53653,-1,0.2,873.11,2.13197e+07,1.02879,1.41202,0.999114,0.177639,-0.826502,2,-0.008,-2.43487e-06,-0.000410817
1736,96.4872,1000,0.0953424,0.5,0,0.143366,0.380043,0.00268888,-0.00749529,-8.10573,3.90185e-05,0.00920261,0.154417,8400.19,1.01228,0.450544,-1,0.2,874.575,2.1332e+07,1.24798,1.25331,0.999302,0.162126,-0.832297,2,-0.00566667,-1.41726e-06,-0.000391965
1737,104.853,1000,0.0954591,0.291667,0,0.1432,0.379333,0.00274664,-0.00891619,-8.11656,3.90185e-05,0.0170749,0.154318,8754.69,1.00831,0.395285,-1,0.2,875.98,2.13443e+07,1.43253,1.39655,0.99943,0.244408,-0.82706,2,-0.00285714,-5.44454e-07,-0.000343696
1738,90.8543,1000,0.0954302,0.333333,0,0.143395,0.379846,0.00260688,-0.00631485,-8.12789,3.90185e-05,0.00655057,0.154226,10083.8,0.767424,0.451165,-1,0.2,877.2,2.13565e+07,1.1653,1.11322,0.999392,0.106692,-0.835843,2,-0.005625,-2.37891e-06,-0.000412218
1739,90.5694,1000,0.0953951,0.208333,0,0.142968,0.379134,0.00284258,-0.00672496,-8.13885,3.90185e-05,0.015355,0.154129,7253.55,1.04424,0.649825,-1,0.2,878.896,2.13688e+07,1.13365,1.1263,0.999086,0.110896,-0.833224,2,-0.0078,-5.56594e-06,-0.000438624
1740,98.2608,1000,0.0956155,0.333333,0,0.14274,0.374587,0.00274894,-0.00819741,-8.15068,3.90185e-05,0.0138744,0.154025,6845.67,1.44183,0.353176,-1,0.2,880.693,2.13811e+07,1.33627,1.24937,0.999266,0.16146,-0.829439,2,-0.0035,-7.82832e-07,-0.0003809
1741,96.7017,1000,0.0959865,0.5,0,0.142343,0.37114,0.00338016,-0.00900698,-8.16328,3.90185e-05,0.0143622,0.153915,8559.18,1.01696,0.418689,-1,0.2,882.13,2.13934e+07,1.31613,1.22776,0.999268,0.131925,-0.833609,2,-0.006,-1.29178e-06,-0.000389492
1742,90.8371,1000,0.0961082,0.25,0,0.141319,0.369984,0.00273024,-0.00733953,-8.17627,3.90185e-05,0.0124465,0.153803,9132.95,0.981217,0.36424,-1,0.2,883.477,2.14057e+07,0.801933,1.42759,0.999157,0.15263,-0.828876,2,-0.0101667,-9.53807e-06,-0.000400236
1743,93.9414,1000,0.0960753,0.166667,0,0.140505,0.371617,0.00300848,-0.00739159,-8.18928,3.90185e-05,0.0100379,0.153694,9271.32,0.952663,0.372714,-1,0.2,884.804,2.1418e+07,1.22572,1.2064,0.999538,0.102505,-0.834683,2,-0.002,-1.60921e-07,-0.000400245
1744,106.953,1000,0.0960348,0.5,0,0.140562,0.372869,0.00254599,-0.00941064,-8.20207,3.90185e-05,0.016372,0.153582,9864.13,0.870857,0.374869,-1,0.2,886.051,2.14303e+07,1.38494,1.54847,0.999218,0.247508,-0.825966,2,-0.00616667,-3.44548e-06,-0.000350314
1745,85.0733,1000,0.0961512,0.25,0,0.140052,0.369978,0.00248239,-0.0085133,-8.21488,3.90185e-05,0.0119874,0.153478,8751.97,0.936846,0.46718,-1,0.2,887.457,2.14426e+07,1.08892,0.974624,0.999467,0.0305672,-0.833136,2,-0.00633333,-2.2852e-06,-0.000439508
1746,104.28,1000,0.0965247,0.541667,0,0.139125,0.368021,0.00277881,-0.0087059,-8.22701,3.90185e-05,0.0161561,0.153374,8438.97,1.02848,0.427618,-1,0.2,888.914,2.14548e+07,1.38796,1.46429,0.999235,0.190599,-0.822507,2,-0.00523077,-5.09355e-06,-0.000361144
1747,90.7122,1000,0.0968838,0.375,0,0.139013,0.364066,0.00282328,-0.00801324,-8.23894,3.90185e-05,0.0111565,0.153278,8848.91,0.96737,0.421276,-1,0.2,890.305,2.14671e+07,1.10364,1.14099,0.999485,0.128631,-0.830525,2,-0.00622222,-1.28314e-06,-0.000396589
1748,85.1421,1000,0.0971596,0.375,0,0.13889,0.360313,0.0149023,-0.00720482,-8.24848,3.90185e-05,0.0122984,0.15322,10240.2,0.854052,0.345929,-1,0.2,891.506,2.14794e+07,1.0843,0.934603,0.999195,0.0735424,-0.82243,2,-0.0116667,-3.48189e-06,-0.000436569
1749,96.8663,918.625,0.0970339,0.291667,0.0416667,0.139999,0.35931,0.00487571,-0.00893136,-8.25491,3.90185e-05,0.017553,0.153156,10413.3,0.79989,0.380134,-1,0.2,892.688,2.14917e+07,1.23614,1.39225,0.917694,0.219005,-0.756208,1.83725,-0.002375,-1.09037e-05,-0.000420006
1750,96.6282,1000,0.0967839,9.33333,0,0.139879,0.361131,0.00398486,-0.00801497,-8.26378,3.90185e-05,0.0103863,0.153074,8876.58,1.01446,0.369854,-1,0.2,894.074,2.1504e+07,1.23125,1.28441,0.999196,0.146868,-0.824175,2,-0.00573214,-2.09693e-06,-0.000403857
1751,113.124,1000,0.104212,0.125,0,0.143519,0.249671,0.00516078,-0.00927805,-8.27318,3.90185e-05,0.0166091,0.152999,11708.7,0.728212,0.321261,-1,0.2,895.124,2.15163e+07,1.5022,1.6811,0.999292,0.286899,-0.808986,2,-0.004,-4.9805e-07,-0.000316878
1752,91.1997,1000,0.104115,0.208333,0,0.141539,0.251635,0.00393812,-0.00921224,-8.28158,3.90185e-05,0.0078767,0.152928,8402.56,0.986514,0.475897,-1,0.2,896.588,2.15286e+07,1.1345,1.15536,0.999545,0.107727,-0.83292,2,-0.0038,-1.57715e-06,-0.000422665
1753,103.479,1000,0.103589,0.125,0,0.141607,0.252998,0.00384161,-0.0100754,-8.29064,3.90185e-05,0.0177737,0.152845,6763.38,1.31295,0.503897,-1,0.2,898.407,2.15409e+07,1.36674,1.44231,0.99954,0.182063,-0.812346,2,-0.004,-6.0134e-07,-0.000375026
1754,93.7663,1000,0.103094,0.333333,0,0.141747,0.254879,0.0044301,-0.00814235,-8.30056,3.90185e-05,0.0146315,0.152766,9009.53,0.993392,0.370497,-1,0.2,899.772,2.15532e+07,1.2584,1.17562,0.99924,0.0883864,-0.823902,2,-0.009,-4.72511e-06,-0.000423179
1755,113.549,1000,0.102956,0.291667,0,0.1419,0.255704,0.00647174,-0.00718476,-8.30888,3.90185e-05,0.0109456,0.152708,10449.7,0.766591,0.409327,-1,0.2,900.95,2.15654e+07,1.74389,1.53749,0.999425,0.221847,-0.822542,2,-0.00228571,-6.22617e-07,-0.00036179
1756,84.1526,1000,0.102576,0.583333,0,0.142167,0.259069,0.00444854,-0.00870174,-8.3159,3.90185e-05,0.013187,0.152643,9281.36,0.946079,0.377865,-1,0.2,902.275,2.15777e+07,1.13201,0.856255,0.999059,0.0557584,-0.823618,2,-0.0113571,-3.41426e-06,-0.000474629
1757,83.4587,913.667,0.102565,0.208333,0.0416667,0.141193,0.259422,0.00432848,-0.00975064,-8.32362,3.90185e-05,0.011161,0.152581,8833.42,0.931763,0.459318,-1,0.2,903.668,2.159e+07,1.02965,1.07305,0.912806,0.089839,-0.754612,1.82733,-0.00466667,-1.08532e-05,-0.000457653
1758,91.8478,1000,0.102121,0.333333,0,0.141691,0.261706,0.00430359,-0.00978901,-8.3309,3.90185e-05,0.0140867,0.152518,10039.9,0.84187,0.382043,-1,0.2,904.893,2.16023e+07,1.14379,1.17335,0.999017,0.106037,-0.819761,2,-0.009625,-4.28168e-06,-0.000422307
1759,101.969,1000,0.101809,0.458333,0,0.141702,0.267451,0.0105907,-0.00695177,-8.33776,3.90185e-05,0.0111808,0.152469,9539.48,0.901556,0.386565,-1,0.2,906.183,2.16146e+07,1.32293,1.4203,0.999239,0.178282,-0.818648,2,-0.00327273,-6.05826e-07,-0.000377557
1760,99.0429,981.667,0.101538,0.583333,0.0416667,0.142639,0.272457,0.00709074,-0.00763071,-8.34286,3.90185e-05,0.00986267,0.15243,9363.95,0.930617,0.381649,-1,0.2,907.497,2.16269e+07,1.46169,1.20859,0.980755,0.147762,-0.802733,1.96333,-0.0068,-9.20851e-06,-0.000441107
1761,98.5282,1000,0.101163,0.208333,0,0.141954,0.280562,0.0178405,-0.00605535,-8.34693,2.60123e-05,0.0205448,0.152405,10653.6,0.833807,0.319603,-1,0.2,908.652,2.16392e+07,1.17972,1.39351,0.99941,0.178926,-0.82158,2,-0.0032,-3.57999e-07,-0.000370185
1762,98.5846,915.4,0.100443,0.166667,0.0416667,0.141798,0.296771,0.0104714,-0.00535937,-8.34913,2.60123e-05,0.00908894,0.152389,9774.29,0.85137,0.405805,-1,0.2,909.91,2.16515e+07,1.58935,1.15093,0.914144,0.192422,-0.744744,1.8308,-0.0032,-1.65773e-05,-0.000458435
1763,79.002,862.8,0.100061,0.166667,0.0416667,0.141513,0.305934,0.0169306,-0.00230855,-8.35093,2.60123e-05,0.0120852,0.152379,8608.29,1.07303,0.354432,-1,0.2,911.339,2.16637e+07,0.975433,1.02124,0.86159,0.0803187,-0.701938,1.7256,-0.0116,-1.4786e-05,-0.000533346
1764,90.1569,937.143,0.0997644,0.25,0.0416667,0.141684,0.311424,0.0330122,-0.00699846,-8.35191,2.60123e-05,0.0104076,0.152371,9996.53,0.874361,0.354866,-1,0.2,912.57,2.1676e+07,1.31249,1.02321,0.936145,0.13401,-0.766637,1.87429,-0.00514286,-9.68017e-06,-0.000514704
1765,92.0304,902.222,0.0993222,0.291667,0.0833333,0.142816,0.314778,0.00866741,-0.00770456,-8.35349,2.60123e-05,0.014226,0.15235,10314.5,0.835552,0.355781,-1,0.2,913.763,2.16883e+07,1.12208,1.29595,0.901194,0.217013,-0.734773,1.80444,-0.00388889,-2.02632e-05,-0.000483218
1766,114.301,1000,0.099203,0.208333,0,0.142129,0.316824,0.00603217,-0.008451,-8.35647,2.60123e-05,0.00892744,0.152322,8922.67,0.931116,0.44605,-1,0.2,915.141,2.17006e+07,1.6249,1.59154,0.999369,0.303472,-0.802277,2,-0.0016,-3.70879e-07,-0.000334901
1767,113.61,1000,0.0989449,0.291667,0,0.142927,0.319847,0.00502686,-0.00824865,-8.35994,2.60123e-05,0.00838157,0.152293,9755.83,0.890638,0.368916,-1,0.2,916.402,2.17129e+07,1.79115,1.50905,0.999263,0.189239,-0.802829,2,-0.005,-2.99155e-06,-0.000381203
1768,103.831,1000,0.0984494,0.208333,0,0.143347,0.325227,0.00752328,-0.00769869,-8.36332,2.60123e-05,0.010964,0.152266,10278.2,0.839319,0.356222,-1,0.2,917.599,2.17252e+07,1.49734,1.28043,0.999208,0.226256,-0.807473,2,-0.0038,-2.3166e-06,-0.000390196
1769,100.667,963.667,0.0981868,0.333333,0.0416667,0.144726,0.329247,0.0178509,-0.00693854,-8.36627,2.60123e-05,0.0126118,0.152245,11793.2,0.705464,0.336493,-1,0.2,918.643,2.17375e+07,1.2673,1.45134,0.962865,0.208482,-0.779994,1.92733,-0.00355556,-5.06859e-06,-0.000402642
1770,77.8835,830.857,0.0979205,0.208333,0.0833333,0.144258,0.332255,0.00645923,-0.00789403,-8.36898,2.60123e-05,0.0109299,0.152215,12899.6,0.655288,0.297296,-1,0.2,919.597,2.17498e+07,0.744088,1.16539,0.829665,0.172769,-0.673787,1.66171,-0.00514286,-1.36165e-05,-0.000511665
1771,94.4084,1000,0.0978761,0.125,0,0.143378,0.335614,0.00494921,-0.00744915,-8.37339,2.60123e-05,0.0145471,0.152171,13317,0.634026,0.288708,-1,0.2,920.521,2.1762e+07,1.06866,1.4068,0.999241,0.0545912,-0.801764,2,-0.00666667,-1.27364e-06,-0.00044367
1772,97.978,1000,0.09766,0.125,0,0.14309,0.339803,0.00465683,-0.00637065,-8.37859,2.60123e-05,0.0076423,0.152128,12992.6,0.651685,0.294083,-1,0.2,921.468,2.17743e+07,1.0225,1.46526,0.999232,0.222851,-0.8106,2,0,0,-0.000354817
1773,110.892,1000,0.0973571,0.166667,0,0.143276,0.344651,0.00367796,-0.0074804,-8.38395,2.60123e-05,0.0107235,0.152078,13523.9,0.618381,0.290232,-1,0.2,922.377,2.17866e+07,1.64133,1.5031,0.999489,0.21022,-0.807149,2,-0.002,-3.30202e-07,-0.000370489
1774,85.6214,1000,0.0973007,0.333333,0,0.143393,0.343783,0.00428551,-0.00739747,-8.39003,2.60123e-05,0.0140113,0.152029,13321.4,0.637647,0.284779,-1,0.2,923.301,2.17989e+07,0.990154,1.0506,0.999408,0.0523096,-0.806453,2,-0.0045,-1.20294e-06,-0.000449289
1775,107.047,949.875,0.0972162,0.291667,0.0416667,0.143481,0.348718,0.0061942,-0.00464546,-8.3957,2.60123e-05,0.01057,0.151982,13172.5,0.642037,0.290819,-1,0.2,924.235,2.18112e+07,1.41005,1.66081,0.948899,0.204627,-0.767986,1.89975,-0.003375,-6.50059e-06,-0.000405892
1776,93.3167,1000,0.0973088,0.291667,0,0.14359,0.346549,0.00345773,-0.00661069,-8.40135,2.60123e-05,0.0101659,0.151933,13237.5,0.635066,0.293205,-1,0.2,925.165,2.18235e+07,0.987311,1.36365,0.999286,0.131647,-0.809505,2,-0.00614286,-2.82576e-06,-0.000409476
1777,98.9045,1000,0.0971188,0.25,0,0.143865,0.346892,0.00361031,-0.00718401,-8.40712,2.60123e-05,0.0112297,0.151885,12596,0.68603,0.289519,-1,0.2,926.141,2.18358e+07,1.36196,1.24277,0.999466,0.151889,-0.805939,2,-0.0045,-1.6057e-06,-0.000422715
1778,101.187,954.091,0.0969359,0.416667,0.0416667,0.144558,0.349478,0.00328968,-0.00673777,-8.41277,2.60123e-05,0.0120114,0.151835,13190.2,0.643179,0.288422,-1,0.2,927.074,2.18481e+07,1.19579,1.58334,0.953148,0.191022,-0.768885,1.90818,-0.00281818,-4.79808e-06,-0.000402901
1779,100.493,1000,0.0968736,0.25,0,0.144649,0.34947,0.00282677,-0.00739402,-8.41918,2.60123e-05,0.00930011,0.151778,13356.7,0.630744,0.289245,-1,0.2,927.996,2.18604e+07,1.27878,1.34562,0.999091,0.199987,-0.793773,2,-0.00466667,-1.74654e-06,-0.000371147
1780,94.5687,1000,0.0966831,0.208333,0,0.144827,0.35322,0.00272016,-0.00644511,-8.42634,2.60123e-05,0.00979083,0.151717,13556.6,0.612662,0.293758,-1,0.2,928.903,2.18726e+07,1.4558,0.99146,0.999381,0.0935368,-0.806516,2,-0.0048,-1.36905e-06,-0.000425261
1781,107.52,1000,0.0966215,0.333333,0,0.145768,0.354021,0.00276063,-0.00640041,-8.43348,2.60123e-05,0.0160137,0.151656,12535.8,0.679179,0.301051,-1,0.2,929.885,2.18849e+07,1.56499,1.40842,0.999094,0.206883,-0.80063,2,-0.002375,-2.39336e-06,-0.00038384
1782,92.1506,1000,0.0963052,0.25,0,0.146232,0.353204,0.00321911,-0.00887251,-8.44099,2.60123e-05,0.0129048,0.151591,12631,0.654794,0.318047,-1,0.2,930.859,2.18972e+07,1.10568,1.15994,0.999232,0.14589,-0.79678,2,-0.006,-1.46998e-06,-0.000426813
1783,106.471,1000,0.0961401,0.416667,0,0.14654,0.354605,0.00410322,-0.00804669,-8.44851,2.60123e-05,0.0124574,0.151533,13272.7,0.637634,0.288174,-1,0.2,931.786,2.19095e+07,1.58418,1.38482,0.999185,0.159816,-0.798861,2,-0.0052,-1.28737e-06,-0.000390824
1784,89.609,857.833,0.0960509,0.208333,0.0416667,0.147223,0.353904,0.0178672,-0.00600316,-8.45405,2.60123e-05,0.0171387,0.151502,13585.9,0.618304,0.286166,-1,0.2,932.692,2.19218e+07,1.40296,1.09746,0.856926,0.104517,-0.689428,1.71567,-0.00716667,-1.36764e-05,-0.000473416
1785,96.8407,1000,0.0960016,0.25,0,0.147859,0.354764,0.0047329,-0.00798287,-8.45781,2.60123e-05,0.0131042,0.151463,13463,0.625604,0.287117,-1,0.2,933.606,2.19341e+07,1.45424,1.10127,0.999302,0.10756,-0.813069,2,-0.00683333,-4.26272e-06,-0.00042851
1786,111.231,1000,0.0961804,0.458333,0,0.148583,0.352015,0.00706105,-0.00667084,-8.4625,2.60123e-05,0.00866565,0.151427,12918.3,0.66652,0.28469,-1,0.2,934.558,2.19464e+07,1.52317,1.59202,0.999444,0.244496,-0.793974,2,-0.00327273,-8.96986e-07,-0.000347811
1787,109.174,993.111,0.0956362,0.333333,0.0416667,0.149689,0.358979,0.00540456,-0.00674425,-8.46679,2.60123e-05,0.0145431,0.151392,13362.5,0.634043,0.285546,-1,0.2,935.479,2.19587e+07,1.52177,1.51968,0.992207,0.229243,-0.787386,1.98622,-0.00266667,-3.94272e-06,-0.000381089
1788,96.9763,1000,0.0958327,0.583333,0,0.149938,0.355049,0.0178125,-0.00780303,-8.47044,2.60123e-05,0.011177,0.15137,13447.2,0.626555,0.287243,-1,0.2,936.394,2.19709e+07,1.24897,1.25204,0.999313,0.152258,-0.798365,2,-0.005,-1.80085e-06,-0.000398769
1789,84.0881,870.714,0.0955685,0.25,0.0416667,0.151207,0.356328,0.0054164,-0.00858695,-8.47313,2.60123e-05,0.0104372,0.15134,13431.3,0.625498,0.289381,-1,0.2,937.311,2.19832e+07,1.09071,1.04304,0.869905,0.162131,-0.696613,1.74143,-0.00571429,-1.09866e-05,-0.000471077
1790,92.4378,1000,0.0959643,0.375,0,0.150167,0.351322,0.00411036,-0.0075536,-8.47749,2.60123e-05,0.0102832,0.1513,12927.4,0.662698,0.287844,-1,0.2,938.262,2.19955e+07,1.15045,1.22226,0.999258,0.056458,-0.798543,2,-0.00755556,-1.47264e-06,-0.000431108
1791,100.27,1000,0.0956654,0.333333,0,0.150822,0.354417,0.00396343,-0.00714236,-8.48256,2.60123e-05,0.0158533,0.151253,13050.2,0.648313,0.293284,-1,0.2,939.205,2.20078e+07,1.34551,1.31899,0.999134,0.153912,-0.799882,2,-0.00375,-1.783e-06,-0.000409421
1792,97.0444,1000,0.0979489,9.125,0,0.150143,0.325178,0.00496608,-0.00967871,-8.4887,2.60123e-05,0.0141495,0.151195,11833.5,0.727693,0.310719,-1,0.2,940.245,2.20201e+07,1.19672,1.31303,0.999262,0.144772,-0.796088,2,-0.00506849,-1.79528e-06,-0.000399168
1793,102.895,1000,0.103998,0.125,0,0.144578,0.251699,0.00476734,-0.010287,-8.49593,2.60123e-05,0.0117744,0.151135,13415.9,0.625501,0.290426,-1,0.2,941.162,2.20324e+07,1.40828,1.4642,0.999072,0.0702676,-0.796661,2,0,0,-0.000399971
1794,97.0852,1000,0.103287,0.166667,0,0.145347,0.252268,0.00400136,-0.00919158,-8.50327,2.60123e-05,0.010151,0.151071,13405.4,0.613741,0.302906,-1,0.2,942.08,2.20447e+07,0.906457,1.62575,0.99882,0.123947,-0.791791,2,-0.0085,-5.21784e-06,-0.000416303
1795,90.007,1000,0.102807,0.125,0,0.145061,0.256373,0.00381946,-0.00945572,-8.51106,2.60123e-05,0.00934039,0.151005,13537.1,0.618505,0.289222,-1,0.2,942.989,2.2057e+07,1.49438,0.782565,0.999119,0.0304107,-0.79896,2,-0.00666667,-9.96224e-07,-0.000496051
1796,99.1864,1000,0.102617,0.5,0,0.145563,0.256384,0.0037797,-0.00863933,-8.51922,2.60123e-05,0.014033,0.150935,13581.5,0.617117,0.287644,-1,0.2,943.895,2.20692e+07,1.28577,1.34849,0.999353,0.120573,-0.789884,2,-0.00458333,-1.62316e-06,-0.000399503
1797,103.472,1000,0.102132,0.291667,0,0.146455,0.257883,0.00371899,-0.00879604,-8.52733,2.60123e-05,0.0121139,0.15087,11206.6,0.671745,0.424754,-1,0.2,944.993,2.20815e+07,1.52221,1.27623,0.999255,0.17413,-0.79226,2,-0.00557143,-1.44271e-06,-0.000400421
1798,111.338,1000,0.101829,0.416667,0,0.147185,0.258963,0.00404305,-0.0075585,-8.53486,2.60123e-05,0.0120858,0.150811,8851.48,0.995851,0.392392,-1,0.2,946.383,2.20938e+07,1.42501,1.69093,0.999222,0.240125,-0.785262,2,-0.0028,-6.77445e-07,-0.000342854
1799,78.3886,1000,0.101446,0.416667,0,0.146496,0.263216,0.00372489,-0.00773928,-8.54163,2.60123e-05,0.0100634,0.150756,9351.88,0.948988,0.364972,-1,0.2,947.698,2.21061e+07,0.800064,0.887005,0.999266,0.0404642,-0.7986,2,-0.0083,-3.26733e-06,-0.000467323
1800,93.7376,1000,0.101395,0.25,0,0.145935,0.268267,0.0037827,-0.00749656,-8.54821,2.60123e-05,0.0133158,0.150702,10320.9,0.80764,0.38295,-1,0.2,948.89,2.21184e+07,0.999427,1.32624,0.999504,0.155105,-0.788988,2,-0.004,-8.16597e-07,-0.000404978
1801,103.548,1000,0.100888,0.583333,0,0.146578,0.272351,0.00344384,-0.00650788,-8.55455,2.60123e-05,0.00620035,0.150649,11880.5,0.725793,0.308511,-1,0.2,952.839,2.21307e+07,1.54781,1.28013,0.999403,0.149522,-0.792783,2,-0.00628571,-1.30549e-06,-0.000389708
1802,101.91,1000,0.100571,0.375,0,0.147583,0.276452,0.00348976,-0.00715105,-8.56051,2.60123e-05,0.0101898,0.150604,12725.3,0.675781,0.289856,-1,0.2,953.806,2.2143e+07,1.24802,1.47741,0.999285,0.165569,-0.789728,2,-0.00466667,-1.97432e-06,-0.000375605
1803,113.682,1000,0.100138,0.166667,0,0.148503,0.286654,0.00301019,-0.00684391,-8.56613,2.60123e-05,0.0100235,0.150553,9762.98,0.863729,0.394903,-1,0.2,955.066,2.21553e+07,1.49212,1.75856,0.999372,0.222995,-0.78662,2,-0.002,-2.83516e-07,-0.000318808
1804,110.647,1000,0.099227,0.291667,0,0.149175,0.297866,0.00302104,-0.00783452,-8.57248,2.60123e-05,0.00958081,0.150498,8861.63,1.00378,0.382875,-1,0.2,956.454,2.21676e+07,1.54501,1.54396,0.999431,0.230805,-0.785381,2,-0.00114286,-2.20835e-07,-0.000352583
1805,91.9345,1000,0.0993053,0.166667,0,0.149538,0.300857,0.00266155,-0.00664468,-8.57882,2.60123e-05,0.00856728,0.150449,8877.09,0.96835,0.415887,-1,0.2,957.839,2.21798e+07,1.32286,0.985875,0.999583,0.0827819,-0.789923,2,-0.004,-8.97137e-07,-0.000449018
1806,95.5734,1000,0.0986736,0.333333,0,0.150299,0.309307,0.00256327,-0.00654822,-8.58477,2.60123e-05,0.0082899,0.150395,10556.1,0.823796,0.340271,-1,0.2,959.005,2.21921e+07,1.33028,1.13764,0.999398,0.111067,-0.793796,2,-0.0055,-1.14869e-06,-0.000417782
1807,93.9468,1000,0.0985749,0.375,0,0.150974,0.310921,0.00253773,-0.00617388,-8.5915,2.60123e-05,0.0102019,0.15034,9794.62,0.86922,0.385346,-1,0.2,960.261,2.22044e+07,1.19182,1.15935,0.999417,0.136168,-0.785471,2,-0.00355556,-7.84821e-07,-0.000391369
1808,104.575,1000,0.0984237,0.166667,0,0.150286,0.315444,0.00256958,-0.00715824,-8.5981,2.60123e-05,0.00894284,0.150286,9198.86,0.949961,0.385857,-1,0.2,961.599,2.22167e+07,1.28839,1.56351,0.999301,0.172422,-0.791514,2,-0.003,-5.50274e-07,-0.000351407
1809,114.205,1000,0.0978337,0.208333,0,0.150599,0.324062,0.0047078,-0.00683931,-8.60434,2.60123e-05,0.0144232,0.150236,11377.7,0.757634,0.322376,-1,0.2,962.68,2.2229e+07,1.64378,1.60775,0.999114,0.243776,-0.783017,2,-0.0008,-1.24492e-07,-0.000355657
1810,88.3209,1000,0.0978282,0.416667,0,0.150076,0.327994,0.00784979,-0.00629023,-8.60992,2.60123e-05,0.0134495,0.150194,12450.2,0.696506,0.290467,-1,0.2,963.668,2.22413e+07,0.821448,1.29315,0.999,0.0908424,-0.7837,2,-0.0043,-2.56583e-06,-0.000396626
1811,95.3985,920.857,0.0979656,0.25,0.0416667,0.149047,0.331024,0.00333917,-0.00533676,-8.61473,2.60123e-05,0.00742376,0.150153,9734.66,0.796561,0.465733,-1,0.2,964.932,2.22536e+07,1.26689,1.31088,0.919996,0.161561,-0.724968,1.84171,-0.00571429,-1.09884e-05,-0.000419244
1812,106.392,1000,0.0975793,0.208333,0,0.149146,0.331947,0.00311762,-0.00816565,-8.62011,2.60123e-05,0.0113443,0.150102,8670.78,1.02119,0.395985,-1,0.2,966.35,2.22659e+07,1.44211,1.48382,0.999215,0.168199,-0.771777,2,-0.0016,-2.57793e-07,-0.000358339
1813,85.1045,1000,0.0975066,0.125,0,0.149453,0.334872,0.00274306,-0.00707918,-8.62671,2.60123e-05,0.0112376,0.150045,8719.2,1.02442,0.384882,-1,0.2,967.761,2.22781e+07,1.10331,0.921106,0.999092,0.0287042,-0.783538,2,-0.013,-4.8798e-06,-0.000441829
1814,94.0367,1000,0.0974175,0.125,0,0.14918,0.339197,0.0027411,-0.00585773,-8.63351,2.60123e-05,0.00917996,0.149989,9537.94,0.860856,0.427472,-1,0.2,969.051,2.22904e+07,1.16618,1.20208,0.999393,0.138944,-0.796685,2,-0.00766667,-4.83168e-06,-0.000406157
1815,101.261,1000,0.0970907,0.291667,0,0.148575,0.343826,0.00506026,-0.0068844,-8.64024,2.60123e-05,0.0114736,0.149937,9170.45,0.952061,0.387895,-1,0.2,970.393,2.23027e+07,1.13895,1.55408,0.999038,0.159444,-0.781802,2,-0.00628571,-1.46255e-06,-0.000360213
1816,96.6354,989,0.0970148,0.208333,0.0416667,0.14853,0.348067,0.00357863,-0.00798471,-8.64613,2.60123e-05,0.0145165,0.149889,9358.44,0.911506,0.401533,-1,0.2,971.708,2.2315e+07,1.03942,1.45431,0.987902,0.163084,-0.787545,1.978,-0.003,-4.37298e-06,-0.000390767
1817,95.2911,1000,0.0968311,0.5,0,0.149486,0.348611,0.0028387,-0.00739901,-8.65216,2.60123e-05,0.0113994,0.149837,10730,0.829555,0.31565,-1,0.2,972.854,2.23273e+07,1.26172,1.18097,0.999212,0.116836,-0.787771,2,-0.006,-1.09111e-06,-0.000408978
1818,80.8822,1000,0.0969736,0.166667,0,0.149588,0.346647,0.00345648,-0.00802856,-8.65872,2.60123e-05,0.0075267,0.149779,11837.1,0.719263,0.318827,-1,0.2,973.894,2.23396e+07,0.806625,1.00781,0.999452,0.0318141,-0.794148,2,-0.007,-9.24743e-07,-0.000445969
1819,99.5618,1000,0.0968741,0.333333,0,0.148869,0.35421,0.0143228,-0.00706393,-8.66454,2.60123e-05,0.0121609,0.149747,11788.4,0.642466,0.399913,-1,0.2,974.937,2.23519e+07,1.17516,1.49452,0.999279,0.0958759,-0.780846,2,-0.0055,-1.3034e-06,-0.000392144
1820,90.0557,914,0.096755,0.333333,0.0833333,0.149684,0.354807,0.00674536,-0.0085402,-8.66781,2.60123e-05,0.0122935,0.149718,7429.99,1.1382,0.515633,-1,0.2,976.592,2.23642e+07,1.03377,1.32814,0.913014,0.126745,-0.720488,1.828,-0.0059,-1.38383e-05,-0.000482061
1821,99.3552,1000,0.0970985,0.208333,0,0.14885,0.353155,0.00322639,-0.00808918,-8.67219,2.60123e-05,0.00812329,0.149674,10120.2,0.836352,0.377857,-1,0.2,977.808,2.23764e+07,1.26775,1.34932,0.999544,0.141172,-0.785053,2,-0.0046,-1.80188e-06,-0.000375403
1822,89.0068,1000,0.0969172,0.25,0,0.148971,0.354408,0.00335256,-0.00796995,-8.67785,2.60123e-05,0.0115198,0.149624,9610.98,0.930127,0.348411,-1,0.2,979.088,2.23887e+07,1.14841,1.00059,0.998729,0.0918403,-0.778292,2,-0.0105,-2.67004e-06,-0.000433453
1823,81.3191,1000,0.097058,0.333333,0,0.148583,0.351915,0.00339617,-0.0061497,-8.6838,2.60123e-05,0.00810083,0.149579,9432.02,0.914863,0.387933,-1,0.2,980.393,2.2401e+07,0.946775,0.850173,0.999229,0.0697348,-0.791505,2,-0.008,-2.43957e-06,-0.000447456
1824,103.897,1000,0.0972181,0.375,0,0.148296,0.350577,0.00988052,-0.00611882,-8.68847,2.60123e-05,0.00848287,0.149547,8397.64,1.0285,0.434768,-1,0.2,981.858,2.24133e+07,1.39774,1.39099,0.999414,0.187101,-0.777357,2,-0.00266667,-5.37172e-07,-0.000368899
1825,104.99,974.75,0.0966715,0.291667,0.0416667,0.148888,0.361855,0.013754,-0.00334841,-8.69151,2.60123e-05,0.0131754,0.14953,9726.43,0.90412,0.359242,-1,0.2,983.123,2.24256e+07,1.40736,1.49076,0.9737,0.192162,-0.759297,1.9495,-0.00425,-8.80323e-06,-0.000401212
1826,89.9438,830.375,0.0966487,0.208333,0.125,0.148592,0.359833,0.00521035,-0.0083388,-8.69379,2.60123e-05,0.0192168,0.149503,10043.7,0.798457,0.424999,-1,0.2,984.348,2.24379e+07,0.981396,1.47748,0.828869,0.200944,-0.646384,1.66075,-0.005375,-2.04371e-05,-0.000472054
1827,86.9511,1000,0.0971283,0.375,0,0.147414,0.354009,0.00393743,-0.00733257,-8.69768,2.60123e-05,0.00780122,0.149466,9279.45,0.913083,0.411133,-1,0.2,985.674,2.24502e+07,1.07003,0.962881,0.999395,0.103137,-0.782681,2,-0.00477778,-1.28602e-06,-0.000427849
1828,95.751,1000,0.0972435,0.291667,0,0.148024,0.350837,0.00397408,-0.00747467,-8.70253,2.60123e-05,0.00748564,0.149426,8183.46,1.10765,0.393918,-1,0.2,987.177,2.24625e+07,1.15873,1.31434,0.999285,0.105501,-0.787058,2,-0.00285714,-8.11552e-07,-0.000390488
1829,98.828,1000,0.0973651,0.458333,0,0.148087,0.349311,0.011548,-0.00771812,-8.70711,2.60123e-05,0.0163016,0.14939,11054.5,0.782729,0.328857,-1,0.2,988.29,2.24748e+07,1.32668,1.25718,0.999371,0.13365,-0.771103,2,-0.004,-6.969e-07,-0.000384732
1830,88.3993,963.929,0.0976565,0.541667,0.0416667,0.147787,0.345991,0.00454483,-0.00898573,-8.71143,2.60123e-05,0.0114556,0.149354,10168.1,0.797735,0.410745,-1,0.2,989.5,2.2487e+07,1.01411,1.16846,0.962935,0.105584,-0.753275,1.92786,-0.00528571,-3.74103e-06,-0.000418905
1831,98.4022,1000,0.0977348,0.375,0,0.148321,0.34057,0.00392455,-0.0086951,-8.7161,2.60123e-05,0.0106609,0.149309,9779.22,0.901978,0.354564,-1,0.2,990.758,2.24993e+07,1.37983,1.21925,0.99924,0.101087,-0.771807,2,-0.00711111,-1.17313e-06,-0.000380872
1832,89.0069,1000,0.0974393,0.333333,0,0.148698,0.34066,0.00691261,-0.00782804,-8.72141,2.60123e-05,0.00696116,0.149269,9047.99,0.913419,0.444673,-1,0.2,992.118,2.25116e+07,0.878467,1.25538,0.999292,0.0995477,-0.777088,2,-0.004875,-1.10392e-06,-0.000384653
1833,99.7413,1000,0.0975818,0.291667,0,0.148214,0.343386,0.00590384,-0.00754965,-8.72611,2.60123e-05,0.00773446,0.14923,10852,0.795586,0.336741,-1,0.2,993.251,2.25239e+07,1.13496,1.48832,0.999266,0.132401,-0.764077,2,-0.00342857,-1.02241e-06,-0.000365276
1834,101.137,999.111,0.101302,8.95833,0.0416667,0.150925,0.287467,0.00965363,-0.00714288,-8.73049,2.60123e-05,0.0151276,0.1492,10978,0.733156,0.386177,-1,0.2,994.374,2.25362e+07,1.28724,1.38619,0.998368,0.163261,-0.772213,1.99822,-0.00385648,-1.13366e-06,-0.000370531
1835,74.507,864.25,0.103286,0.125,0.0416667,0.1515,0.259424,0.00380567,-0.0102113,-8.73478,2.60123e-05,0.0136892,0.14915,9135.27,0.878611,0.466506,-1,0.2,995.721,2.25485e+07,0.665182,1.04289,0.863219,0.102544,-0.670475,1.7285,-0.006,-1.19065e-05,-0.000493002
1836,104.964,1000,0.102901,0.166667,0,0.151133,0.259114,0.0183865,-0.00560681,-8.74008,2.60123e-05,0.0161879,0.149128,10221.9,0.827967,0.374155,-1,0.2,996.925,2.25608e+07,1.26974,1.55063,0.99927,0.207328,-0.777445,2,-0.001,-2.93693e-08,-0.000327462
1837,90.3557,935.333,0.101991,0.333333,0.0416667,0.151693,0.270489,0.0140151,-0.007281,-8.74171,2.60123e-05,0.0153737,0.149115,10013.7,0.889039,0.338079,-1,0.2,998.153,2.25731e+07,1.17183,1.16329,0.934428,0.116209,-0.731069,1.87067,-0.00711111,-6.21162e-06,-0.000451309
1838,87.3632,1000,0.102124,0.25,0,0.151022,0.262096,0.0373832,-0.00603538,-8.74332,2.60123e-05,0.0110897,0.149107,11483.8,0.686068,0.383964,-1,0.2,999.225,2.25853e+07,1.06078,1.0076,0.999446,0.0832608,-0.777157,2,-0.00533333,-7.07164e-07,-0.000442389
1839,91.2247,925,0.102033,0.5,0.125,0.150201,0.264306,0.0172075,-0.00695151,-8.74432,2.60123e-05,0.0113658,0.149095,9091.92,0.978326,0.373204,-1,0.2,1000.58,2.25976e+07,1.14355,1.25755,0.923713,0.110187,-0.717009,1.85,-0.00626667,-9.93637e-06,-0.000486824
1840,98.2551,1000,0.101737,0.25,0,0.148941,0.266757,0.0212735,-0.00830739,-8.74599,2.60123e-05,0.00972895,0.149083,9773.15,0.876611,0.380711,-1,0.2,1001.84,2.26099e+07,1.50603,1.04268,0.999262,0.138516,-0.769309,2,-0.004,-1.05223e-06,-0.000417836
1841,81.4506,931.222,0.10112,0.291667,0.0833333,0.148918,0.277079,0.0331391,-0.00536354,-8.74691,2.60123e-05,0.0144952,0.149082,9961.38,0.895306,0.338258,-1,0.2,1003.07,2.26222e+07,0.892492,1.03698,0.929994,0.0827175,-0.723669,1.86244,-0.00788889,-1.36866e-05,-0.000521788
1842,80.5794,838.7,0.100292,0.291667,0.125,0.149037,0.290135,0.0138505,-0.00725059,-8.74688,2.60123e-05,0.0102268,0.14908,10250.4,0.774801,0.423986,-1,0.2,1004.27,2.26345e+07,0.891927,1.17317,0.83744,0.109342,-0.653096,1.6774,-0.0067,-1.8935e-05,-0.000493784
1843,106.889,1000,0.100264,0.5,0,0.147118,0.295123,0.0261252,-0.00413745,-8.74727,2.60123e-05,0.0129271,0.149078,9516.74,0.937577,0.353622,-1,0.2,1005.56,2.26468e+07,1.3828,1.56715,0.999442,0.168536,-0.768125,2,-0.005,-1.35454e-06,-0.000360816
1844,88.9672,940,0.100251,0.416667,0.0416667,0.146374,0.303188,0.0433559,-0.00604706,-8.74726,2.60123e-05,0.00873095,0.14908,9585.1,0.90486,0.37713,-1,0.2,1006.85,2.26591e+07,1.00018,1.22205,0.939071,0.137702,-0.725564,1.88,-0.00463636,-6.34469e-06,-0.000433407
1845,62.3156,646.25,0.0997993,0.0416667,0.125,0.146684,0.314739,0.059339,-0.00430593,-8.74685,2.60123e-05,0.0145072,0.149084,10579.9,0.81483,0.34662,-1,0.2,1008.01,2.26714e+07,0.562554,1.01249,0.6439,0.113872,-0.506589,1.2925,-0.00225,-4.50622e-05,-0.000656627
1846,78.886,789.083,0.0996125,0.333333,0.166667,0.147508,0.318127,0.0352598,-0.00619964,-8.74645,2.60123e-05,0.00787424,0.149087,11565.3,0.741503,0.320986,-1,0.2,1009.08,2.26836e+07,1.00743,1.07733,0.787922,0.112047,-0.613379,1.57817,-0.00466667,-2.09248e-05,-0.000530247
1847,59.995,751.375,0.0992328,0.208333,0.125,0.147304,0.323345,0.0267175,-0.00640459,-8.74638,2.60123e-05,0.00893098,0.149085,13151.7,0.639689,0.294638,-1,0.2,1010.01,2.26959e+07,0.698938,0.605858,0.750019,0.0402093,-0.591091,1.50275,-0.00625,-2.10224e-05,-0.000663328
1848,68.8921,802.3,0.0991641,0.291667,0.125,0.147306,0.324738,0.0295929,-0.00673702,-8.74647,2.60123e-05,0.0118115,0.149088,12893.3,0.662157,0.290897,-1,0.2,1010.97,2.27082e+07,0.837569,0.780379,0.8012,0.0542362,-0.621026,1.6046,-0.0117,-1.84968e-05,-0.000632448
1849,75.7625,794.167,0.0992313,0.333333,0.166667,0.148381,0.320609,0.0168442,-0.00849501,-8.74618,2.60123e-05,0.0106068,0.149088,13118.6,0.643279,0.293403,-1,0.2,1011.9,2.27205e+07,1.06951,0.878927,0.792997,0.0826744,-0.617079,1.58833,-0.00666667,-1.83627e-05,-0.000547664
1850,97.4313,921.2,0.099183,0.166667,0.0416667,0.147016,0.319663,0.0128799,-0.008586,-8.74667,2.60123e-05,0.00795023,0.149081,13022.6,0.636398,0.307192,-1,0.2,1012.85,2.27328e+07,1.43633,1.2566,0.919833,0.13094,-0.706115,1.8424,-0.008,-5.07999e-06,-0.000416664
1851,80.0115,831.857,0.0988274,0.208333,0.0833333,0.147577,0.326027,0.0181792,-0.00748229,-8.74735,2.60123e-05,0.0163688,0.14908,13135.5,0.642031,0.29345,-1,0.2,1013.78,2.27451e+07,1.01922,1.01743,0.830565,0.130271,-0.654735,1.66371,-0.00528571,-1.68459e-05,-0.000588523
1852,97.8982,956,0.0989704,0.5,0.0416667,0.147275,0.322425,0.0210033,-0.0087195,-8.74721,2.60123e-05,0.0101084,0.149081,13070.1,0.651158,0.289006,-1,0.2,1014.73,2.27574e+07,1.28476,1.30098,0.955121,0.175625,-0.729929,1.912,-0.00323077,-4.16752e-06,-0.000415068
1853,98.4024,818.5,0.0990036,0.166667,0.0833333,0.147292,0.322196,0.0258959,-0.00817227,-8.7473,2.60123e-05,0.0153398,0.149081,12896.1,0.663233,0.28961,-1,0.2,1015.68,2.27697e+07,1.47192,1.41198,0.817055,0.214858,-0.627649,1.637,-0.0045,-1.19536e-05,-0.000524942
1854,80.7459,777.833,0.0986517,0.166667,0.0833333,0.147925,0.325105,0.0203709,-0.00937357,-8.74758,2.60123e-05,0.0107721,0.149074,12847.7,0.656384,0.300053,-1,0.2,1016.64,2.2782e+07,0.94716,1.21021,0.776589,0.146285,-0.593639,1.55567,-0.0045,-1.47249e-05,-0.000456337
1855,59.338,699.667,0.0981385,0.125,0.125,0.149723,0.331604,0.0240404,-0.00802547,-8.74877,2.60123e-05,0.0121864,0.149064,13099.7,0.639841,0.298193,-1,0.2,1017.58,2.27942e+07,0.64606,0.704254,0.698121,0.0764334,-0.549564,1.39933,-0.00716667,-1.62415e-05,-0.000556884
1856,84.2869,707.667,0.0981507,0.0833333,0.0416667,0.148332,0.334962,0.032236,-0.00825339,-8.74947,2.60123e-05,0.0115432,0.149065,13143.3,0.63547,0.299457,-1,0.2,1018.51,2.28065e+07,1.13294,1.30721,0.706487,0.190265,-0.537444,1.41533,0,-6.52776e-06,-0.00044267
1857,77.9632,805.846,0.0978677,0.333333,0.208333,0.148068,0.341319,0.0252218,-0.00876545,-8.74907,2.60123e-05,0.0137284,0.149068,12726.2,0.667613,0.297957,-1,0.2,1019.48,2.28188e+07,0.82467,1.17906,0.804262,0.108205,-0.624078,1.61169,-0.00507692,-1.40145e-05,-0.000564081
1858,64.4147,784.625,0.0979032,0.208333,0.125,0.148091,0.34015,0.021683,-0.00795564,-8.74932,2.60123e-05,0.00983083,0.14906,13095.5,0.628087,0.310254,-1,0.2,1020.42,2.28311e+07,0.894755,0.566875,0.782888,0.0228223,-0.612206,1.56925,-0.003,-9.08488e-06,-0.000639885
1859,86.9616,976,0.0981384,0.458333,0.0416667,0.147116,0.335935,0.0299073,-0.00841452,-8.75002,2.60123e-05,0.00744391,0.149061,13266,0.63263,0.293647,-1,0.2,1021.35,2.28434e+07,0.785811,1.26066,0.974685,0.12393,-0.743895,1.952,-0.00466667,-2.48123e-06,-0.000439829
1860,87.9256,757.4,0.0979633,0.125,0.0833333,0.147137,0.338062,0.0257834,-0.00774184,-8.74976,2.60123e-05,0.00988811,0.149062,11472.8,0.729279,0.341778,-1,0.2,1022.42,2.28557e+07,1.20986,1.29396,0.75607,0.210835,-0.584211,1.5148,-0.0046,-1.14747e-05,-0.00041204
1861,86.1479,866.833,0.097611,0.375,0.125,0.147551,0.341171,0.0235346,-0.0100124,-8.74966,2.60123e-05,0.0165314,0.149062,12883.3,0.651356,0.302438,-1,0.2,1023.38,2.2868e+07,1.06898,1.18266,0.865598,0.128812,-0.668069,1.73367,-0.00375,-1.84061e-05,-0.000493379
1862,91.1912,946.667,0.0975877,0.208333,0.0416667,0.148609,0.343094,0.0351485,-0.00843673,-8.74979,2.60123e-05,0.0152475,0.149064,13180.2,0.639331,0.292977,-1,0.2,1024.31,2.28803e+07,0.803969,1.48939,0.945682,0.154257,-0.723336,1.89333,-0.00333333,-2.37503e-06,-0.000403273
1863,72.356,727.364,0.0974625,0.25,0.208333,0.148404,0.343219,0.0605753,-0.00867116,-8.74957,1.73415e-05,0.0208109,0.149064,12474.7,0.674161,0.310873,-1,0.2,1025.3,2.28925e+07,0.85056,1.04798,0.725714,0.111312,-0.564691,1.45473,-0.00718182,-3.32575e-05,-0.000589103
1864,88.5495,803.667,0.0974278,0.208333,0.166667,0.14819,0.348105,0.026868,-0.00975655,-8.7499,1.73415e-05,0.0100683,0.149058,13228.9,0.635841,0.293036,-1,0.2,1026.23,2.29048e+07,1.07258,1.38999,0.801914,0.184732,-0.623186,1.60733,-0.00522222,-2.95997e-05,-0.000632161
1865,72.1855,788.889,0.0974346,0.25,0.125,0.147088,0.349953,0.0622762,-0.00738317,-8.75045,1.73415e-05,0.0126879,0.149059,13345.7,0.626108,0.294638,-1,0.2,1027.15,2.29171e+07,0.817785,0.947515,0.787324,0.090413,-0.606631,1.57778,-0.00433333,-9.31691e-06,-0.00056779
1866,90.7942,954.7,0.0973901,0.333333,0.0833333,0.146408,0.347601,0.0473274,-0.00735984,-8.74995,1.73415e-05,0.0116889,0.149065,13201.3,0.64122,0.289595,-1,0.2,1028.08,2.29294e+07,1.0337,1.24805,0.953364,0.129655,-0.728839,1.9094,-0.005,-2.07771e-05,-0.000593643
1867,110.803,958.3,0.0970012,0.333333,0.0833333,0.147113,0.350915,0.0651754,-0.00872358,-8.74887,1.73415e-05,0.0125222,0.149076,13335.9,0.624244,0.297178,-1,0.2,1029,2.29417e+07,1.60476,1.52957,0.957227,0.27296,-0.734489,1.9166,-0.006,-1.68383e-05,-0.000451095
1868,77.4578,799.231,0.09689,0.291667,0.25,0.147117,0.353852,0.0514371,-0.00761555,-8.74785,1.73415e-05,0.0124308,0.149079,12937,0.642802,0.307034,-1,0.2,1029.95,2.2954e+07,0.816906,1.12592,0.797438,0.162588,-0.6208,1.59846,-0.00692308,-4.75434e-05,-0.000655392
1869,68.8038,759.357,0.0969252,0.416667,0.166667,0.146323,0.357447,0.0688835,-0.00873576,-8.7479,1.73415e-05,0.0167098,0.149078,13097.5,0.642742,0.295455,-1,0.2,1030.89,2.29663e+07,0.886191,0.797266,0.75821,0.0729891,-0.585122,1.51871,-0.0075,-2.90224e-05,-0.000530042
1870,94.4334,940.5,0.0975439,0.208333,0.125,0.144075,0.348935,0.0267623,-0.0103926,-8.74845,1.73415e-05,0.012114,0.149067,13267.5,0.630217,0.295954,-1,0.2,1031.82,2.29786e+07,1.09647,1.4007,0.938541,0.137523,-0.725998,1.881,-0.005875,-2.63709e-05,-0.000661863
1871,94.1678,974.167,0.0975751,0.458333,0.0416667,0.143337,0.349382,0.0372984,-0.00792774,-8.74962,1.73415e-05,0.00660536,0.149064,13139.3,0.625496,0.309711,-1,0.2,1032.76,2.29908e+07,1.14054,1.26292,0.9729,0.136182,-0.743849,1.94833,-0.00816667,-1.21177e-05,-0.000466488
1872,81.3119,909,0.0975501,0.291667,0.0833333,0.144648,0.348287,0.0195619,-0.00874664,-8.75018,1.73415e-05,0.0143511,0.149052,12768,0.652714,0.309689,-1,0.2,1033.72,2.30031e+07,1.11945,0.859677,0.907387,0.0701904,-0.701307,1.818,-0.00722222,-1.34996e-05,-0.000561885
1873,81.7435,922.75,0.0979169,0.291667,0.0416667,0.143516,0.34271,0.0143503,-0.00993773,-8.75209,1.73415e-05,0.0102572,0.149036,13322.4,0.628186,0.294168,-1,0.2,1034.64,2.30154e+07,0.761209,1.15449,0.921512,0.113409,-0.704073,1.8455,-0.004375,-1.04398e-05,-0.00048482
1874,107.484,1000,0.0976869,0.291667,0,0.14317,0.343727,0.0322025,-0.00906347,-8.75376,1.73415e-05,0.0110191,0.149028,12815.9,0.662142,0.296668,-1,0.2,1035.6,2.30277e+07,1.32181,1.63863,0.998934,0.179378,-0.762496,2,-0.00171429,-2.66729e-07,-0.00035245
1875,99.3831,996.303,0.097347,7.79167,0.0416667,0.144316,0.348992,0.0353422,-0.00787698,-8.75417,1.73415e-05,0.0100107,0.149029,12806.4,0.677825,0.281694,-1,0.2,1036.56,2.304e+07,1.258,1.34521,0.995245,0.143867,-0.760741,1.99261,-0.00462234,-1.64079e-06,-0.00040822
1876,78.8319,954,0.103028,0.125,0.0416667,0.144823,0.273393,0.0279048,-0.00864678,-8.75424,1.73415e-05,0.008749,0.149022,12353,0.602965,0.391772,-1,0.2,1037.56,2.30523e+07,0.584506,1.18017,0.952395,0.0614686,-0.734851,1.908,-0.0095,-1.09916e-05,-0.000578743
1877,76.4486,797.667,0.102647,0.166667,0.0833333,0.144184,0.271599,0.0237804,-0.00841617,-8.75532,1.73415e-05,0.00761865,0.149014,8280.51,1.05545,0.428511,-1,0.2,1039.05,2.30646e+07,0.961874,0.987045,0.795931,0.100055,-0.613925,1.59533,-0.00333333,-2.86866e-05,-0.000520076
1878,84.5966,828.5,0.102074,0.0833333,0.0833333,0.143392,0.276121,0.0248584,-0.00842782,-8.75628,1.73415e-05,0.0135213,0.149008,10507.2,0.788809,0.380678,-1,0.2,1040.22,2.30769e+07,0.822834,1.44004,0.826839,0.129032,-0.642821,1.657,-0.0025,-2.87282e-05,-0.000565677
1879,110.288,1000,0.101633,0.333333,0,0.143631,0.278033,0.0230499,-0.00890786,-8.7572,1.73415e-05,0.0155707,0.148998,9773.35,0.956193,0.301104,-1,0.2,1041.48,2.30892e+07,1.66042,1.44097,0.999138,0.183007,-0.763752,2,-0.005,-2.51448e-06,-0.000389957
1880,100.064,965.6,0.101188,0.333333,0.0833333,0.144878,0.281858,0.0229348,-0.010772,-8.7586,1.73415e-05,0.0142654,0.148986,11929.9,0.734814,0.295206,-1,0.2,1042.51,2.31014e+07,1.44414,1.24851,0.964184,0.164478,-0.742849,1.9312,-0.0059,-9.18358e-06,-0.000545992
1881,98.9356,942.133,0.100786,0.583333,0.0416667,0.146296,0.285256,0.0187677,-0.00951773,-8.75988,1.73415e-05,0.0123958,0.148976,13647.1,0.621437,0.278975,-1,0.2,1043.41,2.31137e+07,1.40159,1.27345,0.941142,0.16598,-0.716352,1.88427,-0.00286667,-2.50508e-06,-0.000422768
1882,76.5902,865.5,0.100024,0.208333,0.0416667,0.147341,0.292911,0.0239399,-0.00898176,-8.76108,1.73415e-05,0.00936809,0.148967,10938.6,0.714972,0.408393,-1,0.2,1044.53,2.3126e+07,0.907047,0.932466,0.864144,0.0676869,-0.664165,1.731,-0.00816667,-1.51465e-05,-0.000488737
1883,100.206,909.889,0.0994976,0.333333,0.0416667,0.147468,0.301532,0.0184747,-0.00949565,-8.76234,1.73415e-05,0.00939199,0.148952,9393.24,0.873961,0.434214,-1,0.2,1045.84,2.31383e+07,1.39549,1.40701,0.908842,0.177648,-0.694533,1.81978,-0.00355556,-4.37704e-06,-0.000380202
1884,95.169,972.25,0.0986518,0.291667,0.0416667,0.147441,0.315876,0.0130076,-0.00989222,-8.76436,1.73415e-05,0.0117327,0.148936,9430.76,0.925952,0.377018,-1,0.2,1047.15,2.31506e+07,1.1591,1.27822,0.971016,0.151659,-0.742894,1.9445,-0.002625,-5.37623e-06,-0.000524715
1885,109.003,1000,0.0980523,0.541667,0,0.148806,0.322685,0.00989856,-0.00884956,-8.76641,1.73415e-05,0.0088576,0.148916,11280.1,0.737738,0.351614,-1,0.2,1048.24,2.31629e+07,1.55263,1.49202,0.998842,0.17161,-0.762075,2,-0.00246154,-6.69212e-07,-0.000391144
1886,95.4392,1000,0.0978455,0.291667,0,0.14888,0.327551,0.010184,-0.008756,-8.76906,1.73415e-05,0.0114102,0.148894,10326.9,0.774356,0.415546,-1,0.2,1049.43,2.31752e+07,1.21484,1.2123,0.999061,0.115329,-0.762987,2,-0.00614286,-2.66124e-06,-0.000436734
1887,90.8138,1000,0.0972169,0.375,0,0.149276,0.336833,0.00966391,-0.00922798,-8.77157,1.73415e-05,0.0111152,0.148876,9630.47,0.874206,0.401744,-1,0.2,1050.71,2.31875e+07,0.998446,1.23662,0.998747,0.0817204,-0.772628,2,-0.00177778,-8.96917e-07,-0.000436344
1888,78.9414,970.143,0.0971801,0.25,0.0416667,0.148778,0.34126,0.0303601,-0.00738731,-8.7732,1.73415e-05,0.00786053,0.148869,9389.59,0.920358,0.388325,-1,0.2,1052.02,2.31997e+07,0.872956,0.871768,0.968765,0.0483671,-0.747777,1.94029,-0.00671429,-6.63372e-06,-0.000573413
1889,99.5778,925.889,0.0968189,0.333333,0.0416667,0.148465,0.349065,0.0166905,-0.00886436,-8.77398,1.73415e-05,0.00583782,0.14886,12137.1,0.690808,0.321624,-1,0.2,1053.03,2.3212e+07,1.36285,1.35806,0.924539,0.189643,-0.702339,1.85178,-0.00522222,-5.93156e-06,-0.000410934
1890,97.5617,989.222,0.0962658,0.333333,0.0416667,0.147921,0.356699,0.0158261,-0.0078289,-8.77517,1.73415e-05,0.00765658,0.148852,13331.4,0.631321,0.290414,-1,0.2,1053.95,2.32243e+07,1.22048,1.28437,0.987981,0.164563,-0.752823,1.97844,-0.00444444,-6.05297e-06,-0.00047548
1891,96.2026,994.333,0.0965268,0.333333,0.0416667,0.146574,0.359853,0.01343,-0.00878448,-8.7759,1.73415e-05,0.0140233,0.148849,13515.9,0.623421,0.285733,-1,0.2,1054.86,2.32366e+07,1.22233,1.28401,0.993124,0.0849813,-0.759841,1.98867,-0.00266667,-3.79205e-06,-0.000472473
1892,104.623,1000,0.0961867,0.208333,0,0.146336,0.364361,0.0328436,-0.00861297,-8.77598,1.73415e-05,0.0101945,0.14885,8426.28,0.914174,0.544121,-1,0.2,1056.32,2.32489e+07,1.29598,1.50253,0.999218,0.201493,-0.766883,2,-0.0008,-2.18398e-07,-0.000367715
1893,96.4564,911.111,0.0956424,0.25,0.125,0.146313,0.373922,0.0306296,-0.00835257,-8.77579,1.73415e-05,0.00801733,0.148852,8172.71,1.06997,0.433572,-1,0.2,1057.83,2.32612e+07,1.24428,1.37121,0.909662,0.17651,-0.695717,1.82222,-0.00477778,-1.32226e-05,-0.000547492
1894,91.3418,885.25,0.0956494,0.375,0.125,0.146236,0.376384,0.0212949,-0.00890519,-8.77587,1.73415e-05,0.0122825,0.148848,8821.24,0.915579,0.477423,-1,0.2,1059.22,2.32735e+07,1.23633,1.23091,0.88379,0.138074,-0.685103,1.7705,-0.00683333,-1.44215e-05,-0.000561921
1895,81.3298,863.6,0.0954839,0.166667,0.0416667,0.146195,0.375866,0.0159822,-0.00785185,-8.77696,1.73415e-05,0.0106601,0.148835,9105.95,0.948099,0.401348,-1,0.2,1060.58,2.32858e+07,0.988222,1.02072,0.86249,0.137602,-0.665773,1.7272,-0.0034,-5.19258e-06,-0.000566225
1896,58.0137,828,0.0954101,0.0833333,0.0416667,0.145214,0.382029,0.0212305,-0.00727871,-8.77834,1.73415e-05,0.0137022,0.148828,9028.24,0.894728,0.466334,-1,0.2,1061.94,2.3298e+07,0.400028,0.6503,0.825911,0.0235692,-0.644552,1.656,-0.01,-1.10632e-05,-0.000558898
1897,79.8899,837.75,0.0952179,0.25,0.0833333,0.145885,0.382386,0.00737105,-0.00900102,-8.77933,1.73415e-05,0.0139954,0.148816,8305.96,1.05742,0.422,-1,0.2,1063.42,2.33103e+07,1.22761,0.829283,0.836411,0.080131,-0.64554,1.6755,-0.00825,-1.35379e-05,-0.000636041
1898,107.072,1000,0.095222,0.166667,0,0.145108,0.380963,0.00941129,-0.00799548,-8.78097,1.73415e-05,0.00639243,0.148803,9162.32,0.89828,0.442865,-1,0.2,1064.76,2.33226e+07,1.45094,1.49882,0.998833,0.168744,-0.761354,2,-0.002,-9.44238e-08,-0.000382155
1899,92.4356,1000,0.0955059,0.333333,0,0.144635,0.383349,0.0122554,-0.00581216,-8.78256,1.73415e-05,0.0105281,0.14879,9104.07,0.952429,0.397297,-1,0.2,1066.11,2.33349e+07,0.981939,1.26408,0.998984,0.14515,-0.765945,2,-0.002,-4.05228e-07,-0.00042352
1900,81.5427,940.2,0.095378,0.375,0.0416667,0.144358,0.384033,0.00725663,-0.00749516,-8.78441,1.73415e-05,0.00698012,0.148771,9267.96,0.901926,0.423932,-1,0.2,1067.44,2.33472e+07,1.11362,0.828942,0.939022,0.0488921,-0.727401,1.8804,-0.0058,-6.2046e-06,-0.000530148
1901,nan,nan,0.0844758,0,0,0.144945,0.23794,0.188234,0.100821,-3.42453,0.0002,0.103281,0.200131,14069.6,0.590671,0.2827,-1,0.2,0.873538,2.33595e+07,nan,nan,nan,nan,nan,nan,nan,nan,nan
1902,nan,nan,0.0855733,0,0,0.142792,0.226287,0.0469268,-0.000842778,-3.42353,0.000133333,0.0311962,0.199954,13537.8,0.604275,0.303407,-1,0.2,1.78441,2.33718e+07,nan,nan,nan,nan,nan,nan,nan,nan,nan
1903,nan,nan,0.0852227,0,0,0.142331,0.225866,0.0373446,-0.00841977,-3.43944,8.88889e-05,0.0259081,0.199819,13145.2,0.663434,0.271357,-1,0.2,2.7208,2.33841e+07,nan,nan,nan,nan,nan,nan,nan,nan,nan
1904,nan,nan,0.0845243,0,0,0.14289,0.226686,0.0383442,-0.00830792,-3.44855,8.88889e-05,0.0191434,0.199744,14170.7,0.587105,0.280034,-1,0.2,3.58914,2.33964e+07,nan,nan,nan,nan,nan,nan,nan,nan,nan
1905,nan,nan,0.0840828,0,0,0.142767,0.227034,0.0407038,-0.00866029,-3.45507,5.92593e-05,0.0332249,0.199678,13746.2,0.602786,0.291133,-1,0.2,4.48436,2.34086e+07,nan,nan,nan,nan,nan,nan,nan,nan,nan
1906,nan,nan,0.0832967,0,0,0.143149,0.231292,0.0388631,-0.00951228,-3.46151,5.92593e-05,0.0157057,0.19959,13564.4,0.617689,0.288213,-1,0.2,5.39192,2.34209e+07,nan,nan,nan,nan,nan,nan,nan,nan,nan
1907,nan,nan,0.0826827,0,0,0.142615,0.241733,0.0538259,-0.00651228,-3.46872,5.92593e-05,0.0167596,0.199537,13673.2,0.616518,0.282176,-1,0.2,6.29175,2.34332e+07,nan,nan,nan,nan,nan,nan,nan,nan,nan
1908,6.23313,180,0.0808286,0,0.0416667,0.143471,0.271855,0.0600752,-0.0078272,-3.47285,5.92593e-05,0.019344,0.199489,12095.4,0.698422,0.317505,-1,0.2,7.30886,2.34455e+07,0.157515,0.252589,0.0532247,0.0207765,-0.249533,0.09,-0.012,-8.4768e-05,-0.000831615
1909,10.7416,213,0.0798399,0,0.0416667,0.142902,0.30422,0.0372559,-0.00923016,-3.47772,3.95062e-05,0.022634,0.199427,13364.5,0.630327,0.289121,-1,0.2,8.22951,2.34578e+07,0.387181,0.286145,0.0633187,0.0208624,-0.319103,0.1065,-0.007,-6.73135e-05,-0.000758241
1910,16.5525,218,0.079054,0,0.0416667,0.142387,0.324201,0.0611213,-0.00719236,-3.4821,3.95062e-05,0.0161716,0.1994,13502.4,0.625174,0.284884,-1,0.2,9.14076,2.34701e+07,0.697738,0.29901,0.0646636,0.00689584,-0.336743,0.109,-0.012,-5.6875e-05,-0.000882934
1911,13.7529,252,0.0781959,0,0.125,0.141944,0.352834,0.0925888,-0.0056389,-3.48374,3.95062e-05,0.0147654,0.199389,12887,0.655812,0.29771,-1,0.2,10.0955,2.34824e+07,0.562781,0.317766,0.0748764,0.00630545,-0.386598,0.126,-0.0123333,-5.45409e-05,-0.00109898
1912,21.1777,274,0.0780526,0,0.291667,0.142382,0.363215,0.0593108,-0.00630454,-3.48496,3.95062e-05,0.010419,0.199368,12542.9,0.683163,0.296515,-1,0.2,11.0764,2.34947e+07,0.950016,0.309028,0.0814139,0.00592052,-0.407861,0.137,-0.0155714,-5.49084e-05,-0.00100842
1913,17.22,297,0.0776755,0,0.166667,0.142344,0.361297,0.0711003,-0.00583507,-3.48712,3.95062e-05,0.0128863,0.199347,13154.7,0.648485,0.28563,-1,0.2,12.0117,2.35069e+07,0.714097,0.357333,0.0883315,0.00701875,-0.438961,0.1485,-0.01425,-6.77334e-05,-0.00100019
1914,21.9127,327,0.0770585,0,0.208333,0.142485,0.379953,0.0574794,-0.00680433,-3.48936,3.95062e-05,0.0149184,0.199314,13511.4,0.624108,0.285345,-1,0.2,12.9224,2.35192e+07,0.893332,0.418292,0.0972915,0.00726494,-0.47003,0.1635,-0.013,-5.91768e-05,-0.000959227
1915,24.1359,348.667,0.0774029,0,0.25,0.142095,0.377894,0.0455056,-0.00549834,-3.49268,3.95062e-05,0.0135288,0.199275,12964,0.670767,0.277091,-1,0.2,13.8714,2.35315e+07,0.961084,0.47245,0.103801,0.00985033,-0.499587,0.174333,-0.014,-4.83777e-05,-0.00109072
1916,21.4843,380,0.0773304,0,0.125,0.140967,0.38415,0.0250225,-0.0088627,-3.49682,3.95062e-05,0.0114265,0.199217,13462.3,0.627082,0.285686,-1,0.2,14.7855,2.35438e+07,0.80408,0.528971,0.113188,0.00997917,-0.554357,0.19,-0.0166667,-5.57777e-05,-0.000924315
1917,16.5289,396,0.0775098,0,0.0833333,0.140309,0.384154,0.0260376,-0.00838632,-3.50323,3.95062e-05,0.00986848,0.199132,13045.5,0.655696,0.286238,-1,0.2,15.7286,2.35561e+07,0.737646,0.360557,0.118041,0.00648135,-0.563691,0.198,-0.0295,-5.14059e-05,-0.0010388
1918,29.2933,430,0.0774729,0,0.0416667,0.139194,0.38644,0.0392851,-0.00687821,-3.51011,3.95062e-05,0.0168623,0.199077,13441.6,0.629429,0.284749,-1,0.2,16.644,2.35684e+07,1.14499,0.589898,0.128208,0.0103879,-0.618799,0.215,-0.004,-4.18669e-05,-0.000976556
1919,23.7456,447.8,0.077314,0,0.208333,0.13903,0.399563,0.0365037,-0.0061469,-3.51416,3.95062e-05,0.0127897,0.199033,13648.9,0.618297,0.281993,-1,0.2,17.5456,2.35807e+07,0.858115,0.621237,0.133465,0.0110347,-0.646016,0.2239,-0.0134,-5.11124e-05,-0.00100597
1920,33.6372,463.5,0.0779227,0,0.0833333,0.137949,0.390797,0.0258861,-0.00761542,-3.51921,3.95062e-05,0.0150742,0.198964,13015.7,0.653905,0.290184,-1,0.2,18.4909,2.3593e+07,1.2922,0.68312,0.138227,0.0141577,-0.667006,0.23175,-0.0095,-4.30095e-05,-0.00103945
1921,38.933,488,0.0781406,0,0.0833333,0.137537,0.388089,0.0277218,-0.0094855,-3.52569,3.95062e-05,0.0193278,0.198895,9215.34,1.03908,0.29435,-1,0.2,19.8256,2.36052e+07,1.5786,0.685674,0.145475,0.0115436,-0.706222,0.244,-0.0115,-5.4466e-05,-0.000869212
1922,22.8747,513,0.078128,0,0.0833333,0.13734,0.397669,0.0236418,-0.0101149,-3.53211,3.95062e-05,0.0123036,0.198817,13082.9,0.650157,0.289083,-1,0.2,20.7661,2.36175e+07,0.6745,0.764356,0.153094,0.0301634,-0.729859,0.2565,-0.004,-6.44222e-05,-0.000952999
1923,14.4009,530,0.0782805,0,0.0416667,0.135638,0.39211,0.0250546,-0.00682044,-3.5394,3.95062e-05,0.0117009,0.198738,13518.4,0.61347,0.295512,-1,0.2,21.6763,2.36298e+07,0.225377,0.813433,0.157236,0.0237226,-0.755212,0.265,-0.008,-7.18305e-05,-0.00143943
1924,27.9987,563.8,0.0781288,0,0.208333,0.1365,0.400439,0.0280991,-0.0098565,-3.54642,3.95062e-05,0.0141189,0.198662,13542.1,0.624407,0.282989,-1,0.2,22.5848,2.36421e+07,1.15621,0.616419,0.168339,0.0106371,-0.820726,0.2819,-0.0118,-7.56264e-05,-0.000968552
1925,32.155,590.2,0.0781439,0,0.208333,0.137316,0.399191,0.0393528,-0.00883912,-3.55279,3.95062e-05,0.0155434,0.198602,13611.9,0.618677,0.284065,-1,0.2,23.4888,2.36544e+07,1.19262,0.790554,0.176299,0.0186583,-0.848613,0.2951,-0.016,-7.85436e-05,-0.00079309
1926,16.1273,508.667,0.0786798,0,0.125,0.135,0.397474,0.030319,-0.00852988,-3.5577,3.95062e-05,0.0134529,0.198549,13240.5,0.618949,0.309112,-1,0.2,24.4182,2.36667e+07,0.799124,0.34131,0.151884,0.0132224,-0.728177,0.254333,-0.0243333,-8.48508e-05,-0.000910746
1927,24.7736,632,0.0794425,0,0.25,0.134022,0.39099,0.0226545,-0.00850833,-3.5627,3.95062e-05,0.0123341,0.198491,12912.1,0.663358,0.28831,-1,0.2,25.3712,2.3679e+07,1.10746,0.538361,0.188717,0.0168837,-0.910657,0.316,-0.017,-9.37552e-05,-0.000994647
1928,33.1707,604.5,0.0791407,0,0.25,0.133893,0.38765,0.0346327,-0.00705199,-3.5681,3.95062e-05,0.010535,0.19843,13170.4,0.625291,0.307711,-1,0.2,26.3057,2.36913e+07,1.57442,0.467212,0.180614,0.00815701,-0.857778,0.30225,-0.0153333,-6.91848e-05,-0.000933902
1929,48.3207,679.5,0.0792793,0,0.0833333,0.134515,0.385669,0.0453587,-0.00798289,-3.57324,3.95062e-05,0.0138829,0.19838,12737.7,0.646898,0.317797,-1,0.2,27.2717,2.37036e+07,2.55638,0.297635,0.203115,0.0043356,-0.957105,0.33975,-0.027,-8.05536e-05,-0.000988248
1930,47.3678,705.75,0.0794338,0,0.166667,0.133512,0.39255,0.0277952,-0.00815278,-3.57794,3.95062e-05,0.0138603,0.198323,10577.1,0.76237,0.399384,-1,0.2,28.435,2.37158e+07,2.0665,0.719095,0.210838,0.0175249,-0.981411,0.352875,-0.016,-6.35883e-05,-0.000966932
1931,46.0385,735.75,0.0791301,0,0.166667,0.133792,0.388953,0.0487848,-0.00972626,-3.58285,3.95062e-05,0.0140612,0.198274,7807.49,1.1171,0.456772,-1,0.2,30.0108,2.37281e+07,2.16309,0.60675,0.219991,0.0110349,-1.0513,0.367875,-0.0145,-5.96923e-05,-0.000956539
1932,35.681,752,0.0793147,0,0.166667,0.133071,0.392574,0.0320043,-0.00969094,-3.58738,3.95062e-05,0.00834752,0.198223,9212.77,0.938614,0.395187,-1,0.2,31.3461,2.37404e+07,1.43107,0.788523,0.224847,0.0432379,-1.06423,0.376,-0.01425,-8.8956e-05,-0.00105476
1933,37.2516,392,0.0796326,0,0.0416667,0.132096,0.38809,0.0449666,-0.00800249,-3.59234,3.95062e-05,0.00995491,0.198167,9541.67,0.905748,0.382077,-1,0.2,32.6354,2.37527e+07,1.5617,0.521628,0.116871,0.0322101,-0.557025,0.196,-0.008,-7.80775e-05,-0.000725225
1934,44.7866,805.667,0.079361,0,0.25,0.132735,0.393569,0.0270036,-0.00892155,-3.59768,2.63374e-05,0.0202513,0.198098,8896.12,0.920131,0.461145,-1,0.2,34.0181,2.3765e+07,1.99634,0.737205,0.240873,0.0334261,-1.15363,0.402833,-0.0165,-9.80916e-05,-0.00111086
1935,21.1476,828,0.0799834,0,0.0416667,0.131176,0.386247,0.0566417,-0.00917246,-3.60279,2.63374e-05,0.00797641,0.198069,9423.52,0.889857,0.414114,-1,0.2,35.3238,2.37773e+07,0.994753,0.57554,0.247519,0.00529021,-1.15268,0.414,-0.026,-8.24369e-05,-0.00095867
1936,50.7095,791.4,0.0793211,0,0.416667,0.133105,0.399163,0.0617048,-0.00700411,-3.60439,2.63374e-05,0.0120471,0.198057,10243.5,0.852364,0.347222,-1,0.2,36.5253,2.37896e+07,2.17905,0.809599,0.236575,0.0364612,-1.1104,0.3957,-0.0105,-9.70641e-05,-0.000910352
1937,36.6765,744.8,0.079975,0,0.208333,0.131776,0.39084,0.0522208,-0.00750361,-3.60555,2.63374e-05,0.00895924,0.198043,9753.55,0.851787,0.408062,-1,0.2,37.7864,2.38019e+07,1.58785,0.688467,0.222531,0.0282216,-1.05155,0.3724,-0.013,-0.00014695,-0.000949447
1938,59.6597,782,0.0803053,0,0.208333,0.130085,0.389421,0.0318389,-0.00984396,-3.60786,2.63374e-05,0.0124751,0.198,7378.63,1.10404,0.561311,-1,0.2,39.4539,2.38141e+07,2.59645,0.859709,0.233563,0.0291775,-1.11125,0.391,-0.0146,-7.22039e-05,-0.000990322
1939,29.8887,682,0.0810443,0,0.0833333,0.128076,0.383354,0.026872,-0.00874695,-3.61257,2.63374e-05,0.0097881,0.197946,7743.44,1.12093,0.465961,-1,0.2,41.0426,2.38264e+07,1.32056,0.616463,0.203755,0.00969478,-0.978428,0.341,-0.0175,-6.89002e-05,-0.00104398
1940,49.7998,945,0.0813101,0,0.125,0.128292,0.382717,0.0149084,-0.0100443,-3.61838,2.63374e-05,0.0119258,0.197863,8102.91,0.963859,0.552634,-1,0.2,42.5608,2.38387e+07,2.12161,0.921585,0.282564,0.0359601,-1.3264,0.4725,-0.0166667,-0.0001226,-0.00104383
1941,nan,nan,0.0809196,0,0,0.127511,0.38564,0.0203555,-0.00693862,-3.62611,2.63374e-05,0.0117089,0.197789,9064.59,0.952008,0.403597,-1,0.2,43.9187,2.3851e+07,nan,nan,nan,nan,nan,nan,nan,nan,nan
1942,83.1858,999.963,0.080666,16.6667,0.0416667,0.135809,0.341695,0.0300457,-0.00878643,-3.63238,2.63374e-05,0.00844185,0.197717,8397.77,1.08281,0.380433,-1,0.2,45.3837,2.38633e+07,3.40922,1.28308,0.299706,0.0520218,-1.37886,0.499981,-0.00535411,-2.65357e-06,-0.000505166
1943,nan,nan,0.082536,0,0,0.145772,0.266731,0.0214775,-0.00964529,-3.63976,2.63374e-05,0.00516531,0.197627,10524.3,0.714892,0.452692,-1,0.2,46.5529,2.38756e+07,nan,nan,nan,nan,nan,nan,nan,nan,nan
1944,17.0966,743,0.0823375,0,0.0416667,0.145453,0.267642,0.0384448,-0.00791624,-3.64751,2.63374e-05,0.0147579,0.197556,9973.22,0.861283,0.370816,-1,0.2,47.786,2.38879e+07,0.68399,0.644889,0.222156,0.00752281,-1.05831,0.3715,-0.016,-0.000107461,-0.000814864
1945,74.2474,722,0.0816534,0,0.0416667,0.145329,0.276423,0.0330903,-0.00986796,-3.65334,2.63374e-05,0.00662077,0.197493,9892.58,0.865962,0.376181,-1,0.2,49.0297,2.39002e+07,2.93213,1.13897,0.215845,0.084229,-1.01053,0.361,-0.008,-7.92067e-05,-0.00119453
1946,16.7345,457,0.0808723,0,0.0833333,0.146202,0.279425,0.0283097,-0.00988011,-3.65896,2.63374e-05,0.00846213,0.197435,10514.9,0.840721,0.327911,-1,0.2,50.1995,2.39124e+07,0.921556,0.218048,0.136409,0.0065517,-0.649398,0.2285,-0.024,-0.000118273,-0.000822319
1947,8.35649,113.5,0.0815324,0,0.0833333,0.144425,0.276556,0.0209562,-0.00911088,-3.66468,3.95062e-05,0.00499141,0.197362,9743.51,0.882793,0.378354,-1,0.2,51.4619,2.39247e+07,0.359308,0.135851,0.0334447,0.010202,-0.174814,0.05675,-0.002,-8.81548e-05,-0.000829179
1948,nan,nan,0.0813203,0,0,0.143961,0.274941,0.0184729,-0.0103518,-3.67344,3.95062e-05,0.00630214,0.197248,9246.33,0.928057,0.400902,-1,0.2,52.7923,2.3937e+07,nan,nan,nan,nan,nan,nan,nan,nan,nan
1949,nan,nan,0.0808284,0,0,0.144031,0.283185,0.0176756,-0.00871634,-3.68306,3.95062e-05,0.0100834,0.197153,10669.5,0.755584,0.396112,-1,0.2,53.9454,2.39493e+07,nan,nan,nan,nan,nan,nan,nan,nan,nan
1950,125.669,1000,0.0800381,0.0416667,0,0.144594,0.292506,0.0166078,-0.0102288,-3.69164,3.95062e-05,0.0106054,0.197058,9435.49,0.91375,0.388567,-1,0.2,55.2492,2.39616e+07,4.96671,1.77942,0.299793,0.111144,-1.37329,0.5,0,0,-0.000340771
1951,112.377,1000,0.0785378,0.0833333,0,0.144678,0.31034,0.0155132,-0.00928692,-3.70028,3.95062e-05,0.00961849,0.196962,8773.95,1.00441,0.396095,-1,0.2,56.6513,2.39739e+07,4.84433,1.27498,0.29982,0.068383,-1.3662,0.5,-0.002,-5.40058e-07,-0.00048009
1952,92.8501,1000,0.078658,0.0416667,0,0.14428,0.319801,0.0188986,-0.00911255,-3.70893,3.95062e-05,0.0129217,0.196871,10460.9,0.830773,0.34389,-1,0.2,57.8277,2.39862e+07,4.93271,0.315769,0.299928,0.00427179,-1.38643,0.5,-0.023,-1.46435e-05,-0.000722669
1953,78.0915,867.2,0.0780758,0.166667,0.0416667,0.14539,0.329397,0.0170494,-0.00879273,-3.71684,3.95062e-05,0.0123604,0.19679,8898.04,0.962648,0.41833,-1,0.2,59.21,2.39985e+07,3.00135,1.3312,0.259813,0.0689849,-1.18349,0.4336,-0.0064,-1.20325e-05,-0.000466381
1954,39.6215,881.833,0.0775671,0.208333,0.0416667,0.145245,0.342352,0.0254588,-0.00726324,-3.72333,3.95062e-05,0.0136651,0.196734,9442.99,0.916094,0.385189,-1,0.2,60.5127,2.40108e+07,1.57783,0.91292,0.264159,0.0222686,-1.22728,0.440917,-0.00916667,-1.41066e-05,-0.000555685
1955,32.603,541.5,0.0769072,0.0833333,0.166667,0.145881,0.356966,0.0180207,-0.0091896,-3.72901,3.95062e-05,0.014611,0.196654,10213.9,0.871332,0.331735,-1,0.2,61.7171,2.4023e+07,1.53807,0.442367,0.161748,0.00608569,-0.768196,0.27075,-0.0198333,-3.73441e-05,-0.000804512
1956,71.3157,957.167,0.0774466,0.208333,0.0416667,0.144457,0.354941,0.0249842,-0.0078981,-3.73656,3.95062e-05,0.0166916,0.196582,9650.23,0.866904,0.406434,-1,0.2,62.9921,2.40353e+07,3.01348,1.08691,0.286814,0.0403059,-1.33109,0.478583,-0.00866667,-3.79719e-06,-0.000549136
1957,49.0843,743.2,0.077284,0.125,0.0833333,0.144324,0.3624,0.0179171,-0.00736512,-3.74273,3.95062e-05,0.0141334,0.19651,8844.69,0.972366,0.416942,-1,0.2,64.3832,2.40476e+07,2.05983,0.813289,0.222513,0.0255751,-1.02608,0.3716,-0.0118,-1.82863e-05,-0.000695956
1958,71.3919,842.5,0.0770962,0.125,0.0416667,0.14486,0.367039,0.0138835,-0.00845885,-3.74973,3.95062e-05,0.0169541,0.196433,9407.07,0.992649,0.313603,-1,0.2,65.6911,2.40599e+07,2.98954,1.02043,0.252365,0.0523698,-1.15102,0.42125,-0.01475,-1.40276e-05,-0.000563739
1959,38.7382,605.333,0.0767175,0.0416667,0.0833333,0.14485,0.378302,0.0113042,-0.00916028,-3.75819,3.95062e-05,0.0157637,0.196314,9758.31,0.85844,0.400794,-1,0.2,66.9516,2.40722e+07,1.95158,0.352433,0.180989,0.00598839,-0.844296,0.302667,-0.0116667,-3.47012e-05,-0.000749583
1960,125.29,1000,0.0770265,0.0416667,0,0.144007,0.377734,0.012745,-0.00865606,-3.76969,3.95062e-05,0.013285,0.196196,9436.25,0.905824,0.396388,-1,0.2,68.2551,2.40845e+07,4.96712,1.76788,0.299832,0.0994706,-1.36942,0.5,0,-1.99052e-06,-0.000356913
1961,80.4898,921,0.0765621,0.25,0.0416667,0.144809,0.383546,0.0143814,-0.00864315,-3.7793,3.95062e-05,0.0146369,0.196107,9089.15,0.949652,0.402289,-1,0.2,69.6087,2.40968e+07,3.45741,1.04817,0.276062,0.0486814,-1.25739,0.4605,-0.00842857,-9.78575e-06,-0.000504909
1962,71.5935,801,0.0762694,0.0416667,0.0416667,0.144148,0.386468,0.0123744,-0.00989829,-3.78795,3.95062e-05,0.0105581,0.195994,10273.5,0.819798,0.376289,-1,0.2,70.8085,2.41091e+07,2.65607,1.30828,0.239899,0.0705787,-1.09389,0.4005,-0.001,-4.25764e-05,-0.000723406
1963,125.324,1000,0.0758934,0.0416667,0,0.144885,0.39598,0.0212944,-0.00874653,-3.79808,3.95062e-05,0.0118191,0.195898,9788.14,0.89415,0.361247,-1,0.2,72.0654,2.41213e+07,4.9659,1.75853,0.299814,0.102066,-1.35972,0.5,0,-3.16325e-06,-0.000370214
1964,61.9001,805.6,0.0757086,0.125,0.0833333,0.14439,0.399349,0.0107212,-0.00909614,-3.80712,3.95062e-05,0.0075791,0.19579,9665.59,0.886545,0.384769,-1,0.2,73.338,2.41336e+07,2.7097,0.834264,0.241118,0.0203178,-1.1053,0.4028,-0.0072,-2.60077e-05,-0.000664648
1965,96.0137,1000,0.0760127,0.0416667,0,0.144175,0.397318,0.0123029,-0.00783153,-3.81705,3.95062e-05,0.012603,0.195688,9149.84,0.884837,0.458137,-1,0.2,74.6823,2.41459e+07,4.31296,1.05733,0.299672,0.0152303,-1.37595,0.5,-0.008,-9.51837e-07,-0.00055719
1966,66.8811,1000,0.0757655,0.166667,0,0.143796,0.401413,0.0121102,-0.0103002,-3.82596,3.95062e-05,0.0131644,0.195594,8978.02,0.987231,0.381445,-1,0.2,76.0523,2.41582e+07,2.76156,1.11084,0.299795,0.0538242,-1.37701,0.5,-0.0045,-2.29842e-06,-0.000446245
1967,83.0197,931.333,0.0758415,0.208333,0.0416667,0.143776,0.406509,0.0141867,-0.00823798,-3.83458,3.95062e-05,0.00635736,0.195502,9951.22,0.85351,0.381314,-1,0.2,77.2888,2.41705e+07,3.21115,1.42114,0.278961,0.0549131,-1.27583,0.465667,-0.0045,-8.61604e-06,-0.000508832
1968,70.4735,834.2,0.0752568,0.166667,0.0416667,0.144496,0.413005,0.0103025,-0.00976435,-3.84347,3.95062e-05,0.012799,0.19539,11735.4,0.727444,0.319647,-1,0.2,78.3371,2.41828e+07,3.17805,0.794734,0.249916,0.0264932,-1.13563,0.4171,-0.0064,-1.54035e-05,-0.000566111
1969,56.6455,897.714,0.0754629,0.208333,0.0833333,0.144491,0.410032,0.0148257,-0.00495214,-3.85362,3.95062e-05,0.0124601,0.195299,11888.9,0.737001,0.296572,-1,0.2,79.3718,2.41951e+07,2.37667,0.952054,0.268781,0.0301124,-1.23325,0.448857,-0.0102857,-2.11886e-05,-0.000637979
1970,86.0299,991.4,0.0752882,0.166667,0.0416667,0.14505,0.406801,0.00927698,-0.00877745,-3.86234,3.95062e-05,0.0144171,0.195186,9887.84,0.821796,0.420942,-1,0.2,80.6157,2.42074e+07,3.65705,1.1632,0.297094,0.0379598,-1.33935,0.4957,-0.0096,-1.97849e-05,-0.000546837
1971,89.5135,1000,0.0756273,0.0833333,0,0.144591,0.406417,0.0303902,-0.00717598,-3.87198,3.95062e-05,0.0110662,0.195113,8687.59,1.01854,0.395889,-1,0.2,82.0319,2.42196e+07,3.34351,1.64622,0.299725,0.0669841,-1.37835,0.5,-0.002,-3.63021e-07,-0.000409924
1972,55.035,854.6,0.0755177,0.0833333,0.125,0.14449,0.415968,0.017724,-0.0114607,-3.87764,3.95062e-05,0.00982609,0.195046,9794.72,0.844021,0.410533,-1,0.2,83.2878,2.42319e+07,2.33497,0.892797,0.255705,0.0276443,-1.17782,0.4273,-0.008,-5.57095e-05,-0.000791373
1973,59.9516,841.429,0.075722,0.208333,0.0833333,0.143325,0.410424,0.0105145,-0.00945999,-3.8853,3.95062e-05,0.0101235,0.194945,9504.36,0.818451,0.474429,-1,0.2,84.5818,2.42442e+07,2.28345,1.15366,0.251928,0.0406479,-1.13724,0.420714,-0.015,-1.8198e-05,-0.000558008
1974,67.7458,1000,0.0759004,0.125,0,0.143295,0.410185,0.00849708,-0.00811449,-3.89567,3.95062e-05,0.00805603,0.194826,8403.95,1.03121,0.43096,-1,0.2,86.0457,2.42565e+07,2.86627,1.07317,0.299868,0.0378593,-1.38039,0.5,-0.009,-3.783e-06,-0.000493468
1975,126.03,1000,0.0756537,0.0416667,0,0.143564,0.409789,0.026223,-0.00695662,-3.90545,3.95062e-05,0.0090336,0.194744,8354.09,1.03169,0.439205,-1,0.2,87.5182,2.42688e+07,4.96895,1.77643,0.299815,0.0995227,-1.34289,0.5,0,0,-0.000312515
1976,73.5391,968.5,0.0756194,0.208333,0.0416667,0.144107,0.412277,0.025045,-0.00860047,-3.91145,3.95062e-05,0.011489,0.194688,10711.6,0.776567,0.370599,-1,0.2,88.6669,2.42811e+07,3.03018,1.17088,0.290221,0.0377776,-1.32299,0.48425,-0.0128333,-7.44676e-06,-0.000531852
1977,82.4124,967,0.075611,0.166667,0.0416667,0.143463,0.410297,0.0284883,-0.00919115,-3.91644,3.95062e-05,0.0135381,0.194641,9179.84,0.86779,0.470796,-1,0.2,90.0069,2.42934e+07,3.32965,1.28247,0.289757,0.0482386,-1.31084,0.4835,-0.0016,-9.51972e-06,-0.000544008
1978,98.3471,980,0.0754661,0.25,0.0416667,0.144234,0.416381,0.015469,-0.0106955,-3.92106,3.95062e-05,0.00938118,0.194578,11749.8,0.727008,0.318794,-1,0.2,91.0545,2.43057e+07,3.90394,1.48944,0.293712,0.0673107,-1.32435,0.49,-0.00228571,-3.05456e-06,-0.000413032
1979,64.6741,927.111,0.0756698,0.25,0.125,0.143878,0.417236,0.0129817,-0.00842703,-3.92811,3.95062e-05,0.0125249,0.194493,11795.6,0.691683,0.350062,-1,0.2,92.0975,2.4318e+07,2.74495,0.998211,0.277436,0.0188825,-1.2552,0.463556,-0.0134444,-3.1335e-05,-0.000655308
1980,70.0028,956.5,0.0758713,0.166667,0.0833333,0.143489,0.411396,0.0162217,-0.00981729,-3.93642,2.63374e-05,0.0202983,0.194397,11303.8,0.790908,0.296157,-1,0.2,93.1859,2.43302e+07,2.98614,1.04322,0.286301,0.0281495,-1.30973,0.47825,-0.0115,-6.17079e-05,-0.00062896
1981,81.2255,961.5,0.0759525,0.0416667,0.0416667,0.143132,0.412032,0.021233,-0.0100448,-3.94369,2.63374e-05,0.00974074,0.194341,13125.7,0.624428,0.311754,-1,0.2,94.1233,2.43425e+07,3.04102,1.50992,0.287864,0.0627231,-1.3163,0.48075,-0.004,-1.97345e-05,-0.000681619
1982,42.3212,771.667,0.0762307,0.0833333,0.0416667,0.142882,0.41382,0.013795,-0.00884585,-3.94958,2.63374e-05,0.0072202,0.194266,13608.5,0.614286,0.288679,-1,0.2,95.0275,2.43548e+07,1.93085,0.628932,0.230759,0.00801408,-1.05795,0.385833,-0.00966667,-3.81377e-05,-0.000668319
1983,51.466,542,0.0762705,0.0416667,0.0833333,0.142944,0.409907,0.0114651,-0.00750158,-3.9567,2.63374e-05,0.0109124,0.194191,12168.5,0.703619,0.306199,-1,0.2,96.0386,2.43671e+07,2.06896,0.823792,0.161128,0.0129179,-0.748501,0.271,-0.015,-0.000108613,-0.000889052
1984,77.1353,1000,0.080488,15.4167,0.0416667,0.146991,0.306836,0.0155693,-0.00904615,-3.96345,2.63374e-05,0.00700366,0.19412,11237,0.789552,0.303983,-1,0.2,97.1333,2.43794e+07,3.14991,1.21464,0.299749,0.0445357,-1.34398,0.5,-0.00764151,-3.42457e-06,-0.000450479
1985,nan,nan,0.0844856,0,0,0.145569,0.249369,0.0153409,-0.0105784,-3.97065,2.63374e-05,0.0189004,0.194029,12790.3,0.669842,0.290884,-1,0.2,98.0955,2.43917e+07,nan,nan,nan,nan,nan,nan,nan,nan,nan
1986,52.636,1000,0.0839503,0.0416667,0,0.146125,0.249255,0.0136248,-0.00954787,-3.97995,2.63374e-05,0.0134328,0.193926,11344.5,0.718606,0.36456,-1,0.2,99.1799,2.4404e+07,2.86362,0.349046,0.299815,0.00564954,-1.36978,0.5,-0.016,-5.7628e-06,-0.000554432
1987,49.2629,540,0.083947,0.0416667,0.0416667,0.146336,0.251064,0.0303376,-0.00958607,-3.98868,2.63374e-05,0.0123884,0.19385,12438.1,0.693724,0.294208,-1,0.2,100.169,2.44163e+07,1.80175,0.912793,0.16151,0.0403644,-0.718627,0.27,-0.004,-3.94802e-05,-0.000604937
1988,110.113,1000,0.0830104,0.0833333,0,0.14748,0.257198,0.0429901,-0.00873198,-3.99439,2.63374e-05,0.00892779,0.193801,12754.5,0.671109,0.292315,-1,0.2,101.134,2.44285e+07,4.2049,1.73849,0.29971,0.102986,-1.34012,0.5,0,0,-0.000300582
1989,25.2773,350.5,0.0823438,0.0416667,0.125,0.14719,0.263576,0.0253147,-0.00895868,-3.99857,2.63374e-05,0.00984043,0.193754,13215.6,0.636224,0.293586,-1,0.2,102.065,2.44408e+07,1.12539,0.337961,0.10457,0.0124181,-0.486976,0.17525,-0.004,-7.09943e-05,-0.000674551
1990,6.20682,159,0.0810821,0,0.0833333,0.146938,0.291756,0.0370738,-0.00850308,-4.00287,2.63374e-05,0.00729579,0.193717,13153.2,0.647516,0.286706,-1,0.2,103,2.44531e+07,0.248417,0.17847,0.046258,0.00370358,-0.235015,0.0795,-0.01,-0.000143551,-0.000849378
1991,47.4554,448,0.0802251,0.0416667,0.0833333,0.14755,0.304009,0.03552,-0.00857316,-4.00597,2.63374e-05,0.0138551,0.193684,13842.5,0.605366,0.282337,-1,0.2,103.889,2.44654e+07,1.95598,0.674033,0.133772,0.01912,-0.625436,0.224,-0.008,-7.7173e-05,-0.000621295
1992,8.97343,195,0.079671,0,0.25,0.147177,0.325191,0.0257254,-0.00831903,-4.00951,2.63374e-05,0.0146672,0.193638,12894.7,0.649633,0.303318,-1,0.2,104.843,2.44777e+07,0.34915,0.238122,0.0569929,0.00508992,-0.291507,0.0975,-0.0055,-0.000160038,-0.00101691
1993,55.1264,611.25,0.0796099,0.0833333,0.0833333,0.146936,0.324817,0.0359762,-0.00894489,-4.01395,2.63374e-05,0.019234,0.193593,13340.5,0.635506,0.285601,-1,0.2,105.766,2.449e+07,2.35159,0.702517,0.182381,0.0314886,-0.808428,0.305625,-0.008,-9.20561e-05,-0.000755425
1994,21.3096,495,0.079459,0.0833333,0.166667,0.145709,0.330553,0.0311423,-0.00909836,-4.01786,3.95062e-05,0.00479092,0.193552,13609.9,0.614115,0.288758,-1,0.2,106.67,2.45023e+07,1.01434,0.354019,0.147383,0.00675442,-0.685099,0.2475,-0.0185,-9.82434e-05,-0.000818479
1995,55.7101,918.444,0.0797336,0.291667,0.0833333,0.14437,0.327978,0.0255894,-0.00959044,-4.02286,3.95062e-05,0.0142458,0.193484,13247,0.644692,0.282911,-1,0.2,107.599,2.45146e+07,2.06823,1.19681,0.275061,0.0348149,-1.2347,0.459222,-0.0133333,-2.52501e-05,-0.000573835
1996,56.7285,810.25,0.0802572,0.0833333,0.0833333,0.143621,0.326563,0.0185357,-0.00900864,-4.02973,3.95062e-05,0.0140809,0.193402,13067.9,0.629644,0.310676,-1,0.2,108.54,2.45268e+07,2.15724,1.1277,0.24231,0.0167812,-1.10199,0.405125,-0.01,-4.38818e-05,-0.000705996
1997,63.3252,903.571,0.0803879,0.25,0.0416667,0.142544,0.33431,0.0150054,-0.00948553,-4.03715,5.92593e-05,0.00208492,0.193329,12695.4,0.676623,0.291284,-1,0.2,109.509,2.45391e+07,2.82826,0.804228,0.270576,0.0218481,-1.19771,0.451786,-0.0121429,-1.43705e-05,-0.000572032
1998,91.715,888.167,0.0802887,0.208333,0.0416667,0.142787,0.330033,0.019709,-0.00638906,-4.04577,5.92593e-05,0.0113719,0.193214,12953,0.660389,0.288274,-1,0.2,110.459,2.45514e+07,3.51371,1.47903,0.265868,0.069032,-1.1788,0.444083,-0.00666667,-1.7386e-05,-0.00049382
1999,56.6907,1000,0.0799496,0.208333,0,0.143522,0.345507,0.013914,-0.00986556,-4.0567,5.92593e-05,0.0119106,0.193094,13791.3,0.608587,0.282409,-1,0.2,111.352,2.45637e+07,2.56323,0.800657,0.299642,0.0081791,-1.32242,0.5,-0.0142,-5.45445e-06,-0.000544275
2000,46.3255,752.6,0.0800754,0.125,0.0833333,0.142081,0.346085,0.011422,-0.00858082,-4.06841,3.95062e-05,0.0235146,0.192957,13718,0.609288,0.286469,-1,0.2,112.248,2.4576e+07,1.94192,0.787667,0.224759,0.0162056,-1.01399,0.3763,-0.0158,-4.1494e-05,-0.000734665
2001,107.678,1000,0.0794666,0.125,0,0.142277,0.355674,0.00899172,-0.00911498,-4.08018,3.95062e-05,0.0098938,0.192848,10286.7,0.838291,0.356259,-1,0.2,115.937,2.45883e+07,4.61659,1.24844,0.299759,0.0435828,-1.31467,0.5,-0.00933333,-2.43471e-06,-0.000452161
2002,84.6575,1000,0.0793286,0.166667,0,0.142257,0.360152,0.00866828,-0.00774586,-4.0909,3.95062e-05,0.013987,0.192727,11784.5,0.746781,0.295946,-1,0.2,116.982,2.46006e+07,3.93753,0.801284,0.299789,0.0331278,-1.32805,0.5,-0.01025,-7.38027e-06,-0.000546628
2003,94.2289,1000,0.0789179,0.208333,0,0.142845,0.362823,0.0092417,-0.00878624,-4.10242,3.95062e-05,0.0110891,0.1926,14259.8,0.599635,0.262087,-1,0.2,117.845,2.46129e+07,3.71952,1.49174,0.299681,0.0525689,-1.34523,0.5,-0.0064,-2.4397e-06,-0.000432518
2004,57.6444,1000,0.0790557,0.0416667,0,0.142734,0.364009,0.00886004,-0.00931891,-4.11415,3.95062e-05,0.0123346,0.192482,12815.9,0.585055,0.373756,-1,0.2,118.805,2.46252e+07,1.52793,1.77549,0.299826,0.118037,-1.33477,0.5,-0.004,-3.08515e-07,-0.000293542
2005,101.916,1000,0.0786061,0.125,0,0.142988,0.372293,0.0191091,-0.00763522,-4.12401,3.95062e-05,0.0106137,0.192391,8270.12,1.03193,0.453899,-1,0.2,120.292,2.46374e+07,4.09658,1.44235,0.29972,0.0723681,-1.31081,0.5,-0.004,-1.75637e-06,-0.000391025
2006,67.3571,970.5,0.0790324,0.0416667,0.0416667,0.142067,0.371341,0.0148464,-0.00576885,-4.13164,3.95062e-05,0.011688,0.192318,9961.92,0.81902,0.414477,-1,0.2,121.527,2.46497e+07,2.337,1.52625,0.290403,0.0319771,-1.29817,0.48525,-0.004,-3.56096e-05,-0.000824545
2007,43.7497,777.625,0.0787985,0.166667,0.166667,0.142369,0.382125,0.0404014,-0.00790141,-4.13725,3.95062e-05,0.0130796,0.192276,9970.33,0.918684,0.313773,-1,0.2,122.761,2.4662e+07,1.92026,0.705828,0.23283,0.00827205,-1.05237,0.388812,-0.015375,-4.87824e-05,-0.000725356
2008,63.7479,851,0.0793797,0.0833333,0.166667,0.14123,0.380198,0.0134003,-0.00987798,-4.1418,3.95062e-05,0.00977717,0.192208,10264.2,0.831677,0.365497,-1,0.2,123.96,2.46743e+07,2.26154,1.33287,0.254273,0.0565379,-1.13286,0.4255,-0.0095,-0.000102045,-0.000867673
2009,45.7657,864,0.0791815,0.125,0.125,0.140108,0.377411,0.0165208,-0.00869056,-4.14925,3.95062e-05,0.0133251,0.192123,9630.99,0.878928,0.396954,-1,0.2,125.237,2.46866e+07,2.13123,0.641702,0.258743,0.00642088,-1.15733,0.432,-0.0236667,-4.4174e-05,-0.000778288
2010,97.5538,1000,0.0794419,0.208333,0,0.139962,0.380665,0.00950744,-0.00983883,-4.1581,3.95062e-05,0.0135496,0.192015,10256.7,0.886811,0.311232,-1,0.2,126.436,2.46989e+07,3.77417,1.55809,0.299764,0.062046,-1.30798,0.5,-0.008,-2.00905e-06,-0.000400488
2011,72.9938,967.5,0.0795835,0.208333,0.0416667,0.139567,0.381085,0.0121017,-0.00983782,-4.16887,3.95062e-05,0.00980209,0.191894,13003.6,0.663443,0.281527,-1,0.2,127.382,2.47112e+07,3.2617,0.86493,0.289845,0.0268554,-1.26476,0.48375,-0.012,-1.7051e-05,-0.000616019
2012,65.3089,917.75,0.079579,0.125,0.0416667,0.139492,0.381202,0.0122361,-0.00904034,-4.18004,3.95062e-05,0.00793952,0.191782,13881.9,0.598965,0.286214,-1,0.2,128.269,2.47235e+07,2.49206,1.22673,0.27497,0.0385991,-1.21621,0.458875,-0.009,-1.78327e-05,-0.000566162
2013,82.2154,913.8,0.0797742,0.125,0.0833333,0.139505,0.38084,0.0104436,-0.00979976,-4.19029,3.95062e-05,0.00760753,0.191674,9825.01,0.837393,0.413293,-1,0.2,129.521,2.47357e+07,3.28572,1.28037,0.273638,0.0335226,-1.20645,0.4569,-0.0122,-4.95485e-05,-0.000676165
2014,60.0462,908.286,0.0797593,0.208333,0.0833333,0.139207,0.380268,0.0104661,-0.00937231,-4.20065,3.95062e-05,0.00605343,0.19156,9218.25,0.924509,0.408499,-1,0.2,130.855,2.4748e+07,2.36368,1.06985,0.272051,0.0398594,-1.18867,0.454143,-0.008,-2.16861e-05,-0.000591072
2015,64.812,971.778,0.0798932,0.333333,0.0416667,0.138781,0.379573,0.00931538,-0.00900696,-4.21141,3.95062e-05,0.0104472,0.191449,9880.67,0.913329,0.330312,-1,0.2,132.1,2.47603e+07,2.58922,1.12829,0.291224,0.0315873,-1.27707,0.485889,-0.008,-1.03406e-05,-0.000518433
2016,30.101,882.5,0.080001,0.0416667,0.0416667,0.138985,0.381391,0.012492,-0.00852681,-4.22119,3.95062e-05,0.0133884,0.191356,11864.7,0.722697,0.312984,-1,0.2,133.137,2.47726e+07,0.872623,1.10771,0.264298,0.0097546,-1.17989,0.44125,-0.01,-4.1356e-05,-0.000651775
2017,90.5629,958.2,0.0802319,0.166667,0.0416667,0.137999,0.380079,0.0116241,-0.00864275,-4.22938,5.92593e-05,0.0045975,0.19127,12943.4,0.630882,0.318483,-1,0.2,134.088,2.47849e+07,3.44724,1.52067,0.287053,0.0695428,-1.26852,0.4791,-0.0064,-1.25634e-05,-0.000533216
2018,115.727,1000,0.0804246,0.125,0,0.13817,0.379847,0.0100092,-0.00598581,-4.23969,5.92593e-05,0.0132192,0.191139,9018.39,0.89839,0.464159,-1,0.2,135.454,2.47972e+07,4.72412,1.54095,0.299693,0.0443774,-1.31168,0.5,-0.0106667,-1.44668e-06,-0.000444845
2019,71.0037,875,0.0799704,0.166667,0.125,0.138557,0.383043,0.008501,-0.00969121,-4.25187,5.92593e-05,0.0135151,0.19101,8953.88,0.953354,0.419012,-1,0.2,136.828,2.48095e+07,2.75334,1.19973,0.261937,0.0518954,-1.14786,0.4375,-0.00571429,-2.80059e-05,-0.000624079
2020,78.6013,1000,0.0803131,0.333333,0,0.138674,0.379403,0.0120327,-0.00836287,-4.26357,5.92593e-05,0.012285,0.190897,11242.6,0.779582,0.313408,-1,0.2,137.923,2.48218e+07,3.16128,1.23044,0.299757,0.0505271,-1.30321,0.5,-0.00825,-3.4048e-06,-0.00048664
2021,97.5452,1000,0.0800415,0.291667,0,0.139439,0.382232,0.0106022,-0.0100828,-4.27464,5.92593e-05,0.0106022,0.190757,10011.5,0.832028,0.395357,-1,0.2,139.152,2.4834e+07,3.83709,1.47707,0.299756,0.0665412,-1.30046,0.5,-0.00228571,-4.17096e-07,-0.000453096
2022,76.5441,864.833,0.0797693,0.208333,0.0416667,0.140172,0.376946,0.00741901,-0.0101203,-4.29004,5.92593e-05,0.0100118,0.190582,8902.34,1.02251,0.3578,-1,0.2,140.533,2.48463e+07,3.12411,1.09753,0.258691,0.0475441,-1.12399,0.432417,-0.0085,-1.57377e-05,-0.000588321
2023,39.1267,1000,0.0800223,0.125,0,0.139851,0.378338,0.00724745,-0.00932548,-4.3064,5.92593e-05,0.00723685,0.19041,10304.1,0.855338,0.337199,-1,0.2,141.727,2.48586e+07,1.55737,0.90732,0.299665,0.0120912,-1.31155,0.5,-0.008,-3.04899e-06,-0.000564157
2024,71.8806,1000,0.0802258,0.0833333,0,0.138792,0.378858,0.00827673,-0.00927487,-4.32223,5.92593e-05,0.0153193,0.190254,11886.4,0.732723,0.301065,-1,0.2,142.763,2.48709e+07,2.743,1.28669,0.299816,0.069427,-1.29846,0.5,-0.006,-8.68013e-07,-0.000436521
2025,81.0515,999.873,0.0801676,13.7083,0.125,0.139063,0.381753,0.0260459,-0.00764951,-4.33465,5.92593e-05,0.0125184,0.190158,12716.5,0.681555,0.284746,-1,0.2,143.73,2.48832e+07,3.22553,1.27953,0.299679,0.0483515,-1.29279,0.499937,-0.00718675,-3.5361e-06,-0.000477326
2026,21.0798,335,0.0833619,0,0.0416667,0.149771,0.265079,0.0151898,-0.0111505,-4.34409,5.92593e-05,0.0185999,0.190034,13542.3,0.61607,0.291308,-1,0.2,144.639,2.48955e+07,0.674716,0.529025,0.0999069,0.0244416,-0.437036,0.1675,-0.004,-2.10164e-05,-0.000543092
2027,46.1055,1000,0.0841177,0.0416667,0,0.148211,0.256559,0.0103981,-0.0113718,-4.35733,5.92593e-05,0.0123897,0.189887,8865.94,0.954922,0.431057,-1,0.2,146.026,2.49078e+07,1.78555,1.00907,0.29984,0.00808082,-1.28474,0.5,-0.012,-2.38657e-06,-0.00051918
2028,nan,nan,0.0838065,0,0,0.147836,0.25921,0.0119326,-0.0123571,-4.37162,5.92593e-05,0.0191618,0.189735,8073.5,1.04597,0.476043,-1,0.2,147.55,2.49201e+07,nan,nan,nan,nan,nan,nan,nan,nan,nan
2029,50.2105,914.333,0.0834445,0.0833333,0.0416667,0.147954,0.263013,0.0123783,-0.0089842,-4.38593,5.92593e-05,0.00865057,0.189581,8118.41,1.03441,0.479191,-1,0.2,149.068,2.49324e+07,1.92846,1.00688,0.273855,0.0531073,-1.19774,0.457167,-0.0106667,-1.86346e-05,-0.000516798
2030,75.091,1000,0.0834833,0.166667,0,0.147133,0.266593,0.0102225,-0.0117394,-4.40069,5.92593e-05,0.0124523,0.189433,8912.2,0.929466,0.449318,-1,0.2,150.448,2.49446e+07,3.25971,0.957334,0.299691,0.0359334,-1.28566,0.5,-0.012,-2.23794e-06,-0.000461386
2031,30.6417,1000,0.0825584,0.0416667,0,0.14771,0.275182,0.00937243,-0.0103452,-4.41475,5.92593e-05,0.012271,0.189279,9198.32,0.947037,0.38886,-1,0.2,151.786,2.49569e+07,0.765481,1.22742,0.29952,0.0126243,-1.26444,0.5,-0.008,-1.73608e-06,-0.000511809
2032,82.9221,1000,0.0813526,0.125,0,0.147478,0.296993,0.0100552,-0.0105201,-4.42955,5.92593e-05,0.0169431,0.18913,9521.04,0.892321,0.398294,-1,0.2,153.078,2.49692e+07,3.43685,1.17652,0.299755,0.03494,-1.29914,0.5,-0.00233333,-1.69575e-06,-0.000493969
2033,81.3473,1000,0.0817112,0.208333,0,0.146305,0.301635,0.0118526,-0.0102878,-4.44301,5.92593e-05,0.0167375,0.188995,10761.2,0.771329,0.370552,-1,0.2,154.222,2.49815e+07,3.34938,1.16565,0.299718,0.041446,-1.28353,0.5,-0.0048,-9.47517e-07,-0.000494488
2034,75.0421,987.833,0.081278,0.208333,0.0416667,0.146163,0.316688,0.0164847,-0.00937848,-4.45424,5.92593e-05,0.0185953,0.188902,8589.84,0.994642,0.435885,-1,0.2,155.653,2.49938e+07,2.98295,1.22554,0.29597,0.0328,-1.27187,0.493917,-0.00666667,-7.55259e-06,-0.00052235
2035,49.1298,669.714,0.0807207,0.166667,0.125,0.145703,0.330618,0.0150445,-0.0098067,-4.46185,5.92593e-05,0.0198939,0.188827,8911.6,0.989243,0.389633,-1,0.2,157.034,2.50061e+07,1.7655,0.973626,0.200392,0.04804,-0.861221,0.334857,-0.004,-9.48777e-06,-0.000696366
2036,51.5051,666.556,0.080922,0.208333,0.166667,0.144357,0.333616,0.0270161,-0.00583822,-4.46818,3.95062e-05,0.0221327,0.188777,9835.24,0.895702,0.353683,-1,0.2,158.284,2.50184e+07,2.07984,0.794516,0.199208,0.0360159,-0.861496,0.333278,-0.00533333,-2.18841e-05,-0.000752689
2037,66.1965,710.733,0.0804559,0.375,0.25,0.145077,0.340069,0.0146294,-0.00837443,-4.47268,3.95062e-05,0.00765852,0.188721,12811.3,0.671128,0.288026,-1,0.2,159.245,2.50307e+07,2.72231,0.904031,0.212693,0.0412792,-0.917862,0.355367,-0.00733333,-1.18225e-05,-0.00064433
2038,80.1317,1000,0.0804623,0.166667,0,0.144898,0.343387,0.0138334,-0.00934507,-4.47896,3.95062e-05,0.0132357,0.188652,12184.3,0.710197,0.298313,-1,0.2,160.255,2.50429e+07,3.16704,1.29432,0.299706,0.0276017,-1.27084,0.5,-0.01075,-4.23105e-06,-0.000489484
2039,71.5542,864.8,0.0800533,0.333333,0.0833333,0.146001,0.34701,0.0131988,-0.00868596,-4.48515,3.95062e-05,0.00813561,0.188593,9485.48,0.852197,0.443257,-1,0.2,161.551,2.50552e+07,2.70337,1.2562,0.258909,0.0445509,-1.10934,0.4324,-0.0078,-2.29021e-05,-0.000552959
2040,67.6933,891.143,0.0797152,0.25,0.0416667,0.145543,0.356994,0.017528,-0.00975453,-4.49066,3.95062e-05,0.013663,0.188536,9088.19,0.941295,0.410789,-1,0.2,162.905,2.50675e+07,2.61424,1.16392,0.266911,0.0269144,-1.12772,0.445571,-0.00457143,-7.89096e-06,-0.000601621
2041,83.7227,965.4,0.0796541,0.166667,0.0416667,0.146006,0.356142,0.0175705,-0.0100248,-4.49607,3.95062e-05,0.0137235,0.188481,8663.53,1.03008,0.388278,-1,0.2,164.325,2.50798e+07,3.70462,0.912844,0.289209,0.0373124,-1.23173,0.4827,-0.0082,-1.33852e-05,-0.00060746
2042,67.1962,777.714,0.0793868,0.166667,0.125,0.145057,0.363216,0.0109833,-0.0087743,-4.50171,3.95062e-05,0.0161593,0.188415,9525.01,0.889514,0.400563,-1,0.2,165.617,2.50921e+07,2.67255,1.02048,0.2328,0.0414649,-0.990371,0.388857,-0.00528571,-1.93575e-05,-0.000661797
2043,94.5958,1000,0.0797178,0.0833333,0,0.144683,0.363806,0.008676,-0.00846091,-4.50859,3.95062e-05,0.0118473,0.188339,9005.58,0.95468,0.409808,-1,0.2,166.983,2.51044e+07,3.76132,1.35425,0.299755,0.0712259,-1.25434,0.5,-0.002,-6.17635e-08,-0.000416303
2044,93.6277,1000,0.079028,0.208333,0,0.145366,0.373668,0.00799941,-0.00664805,-4.51628,3.95062e-05,0.0100221,0.18825,9236.49,0.9086,0.421775,-1,0.2,168.314,2.51167e+07,3.58298,1.50495,0.299655,0.0640753,-1.26586,0.5,-0.004,-2.73571e-07,-0.000417868
