iteration,Train/mean_reward,Train/mean_episode_length,Train/mean_step_reward,Episode_Termination/time_out,Episode_Termination/fell_over,Metrics/twist/error_vel_xy,Metrics/twist/error_vel_yaw,Loss/value,Loss/surrogate,Loss/entropy,Loss/learning_rate,Loss/kl,Policy/mean_std,Perf/total_fps,Perf/collection_time,Perf/learning_time,Curriculum/action_rate_weight,Curriculum/standing_envs,time_s,env_steps,Episode_Reward/track_linear_velocity,Episode_Reward/track_angular_velocity,Episode_Reward/upright,Episode_Reward/pose,Episode_Reward/action_rate_l2,Episode_Reward/alive,Episode_Reward/air_time,Episode_Reward/single_stance,Episode_Reward/foot_lift,Episode_Reward/foot_alternation,Episode_Reward/foot_symmetry,Episode_Reward/foot_clearance,Episode_Reward/foot_swing_height,Episode_Reward/foot_slip,Episode_Reward/trot,Episode_Reward/joint_torque,Episode_Reward/self_collisions,Episode_Reward/dof_pos_limits,Episode_Reward/body_ang_vel,Episode_Reward/angular_momentum,Episode_Reward/undesired_contacts,Episode_Reward/base_height,Episode_Reward/three_stance,Episode_Reward/under_stance,Episode_Reward/all_stance,Episode_Reward/footfall_sequence
1,-1.1388,17.7951,-0.0219007,0,5.08333,0.151879,1.38738,0.240121,0.223353,2.61509,0.000666667,2.12561,0.302701,15533.4,0.521492,0.269577,-0.1,0.02,0.791209,12288,0.00550828,0.000396674,0.00552468,0.00229677,-0.00402186,0.0177951,0.000654098,nan,nan,nan,nan,-0.00125928,-0.00174149,-0.000775101,nan,-0.00713314,-0.000590164,-0.000185819,-0.0378584,nan,-0.0368607,0.0162654,0.00603279,-0.0417049,-0.000491803,0.021209
2,-1.39296,32.1474,-0.034967,0,10.4583,0.173983,1.49995,0.247959,-0.00516966,2.71532,0.000444444,0.0286572,0.303788,14741.7,0.584546,0.24901,-0.1,0.02,1.62639,24576,0.00984961,0.000493621,0.0120074,0.00435476,-0.00759988,0.0321474,0.00270956,nan,nan,nan,nan,-0.00223228,-0.00474425,-0.00165322,nan,-0.0130645,-0.000406375,-0.000363001,-0.0540449,nan,-0.0713426,0.0347648,0.0138645,-0.0716972,-0.00134661,0.0486554
3,-1.52842,41.8933,-0.0307272,0,9.375,0.172212,1.49675,0.214537,-0.0115427,2.73004,0.000296296,0.022897,0.30379,13948.5,0.625315,0.25564,-0.1,0.02,2.50872,36864,0.0113712,0.000785498,0.0170373,0.0054959,-0.0100985,0.0418933,0.00461022,nan,nan,nan,nan,-0.00271693,-0.00684097,-0.00223836,nan,-0.0172554,-0.000795556,-0.000550645,-0.0662528,nan,-0.0928667,0.0455993,0.0185067,-0.0923022,-0.00163556,0.0718333
4,-1.57455,46.3204,-0.0302192,0,8.58333,0.17092,1.51688,0.243044,-0.0151885,2.72324,0.000197531,0.0297792,0.303351,10592.3,0.723304,0.436785,-0.1,0.02,3.67036,49152,0.0152799,0.000690905,0.0189031,0.0059188,-0.0113106,0.0463204,0.00529029,nan,nan,nan,nan,-0.00301316,-0.00834785,-0.00264414,nan,-0.0190893,-0.00115534,-0.00061038,-0.0714573,nan,-0.104985,0.0500824,0.0205049,-0.100932,-0.00172816,0.0835558
5,-1.6356,49.3908,-0.0279264,0,9.91667,0.169291,1.48012,0.208582,-0.0148853,2.70832,0.000197531,0.0168819,0.303147,11654.4,0.686921,0.367446,-0.1,0.02,4.72655,61440,0.01331,0.000917258,0.0209269,0.00643695,-0.0120579,0.0493908,0.00556555,nan,nan,nan,nan,-0.00316302,-0.00880206,-0.00286567,nan,-0.020327,-0.000915966,-0.000736618,-0.0750936,nan,-0.108176,0.0540461,0.0237479,-0.106992,-0.00228571,0.0852941
6,-1.45594,51.5094,-0.0249427,0,8.83333,0.167725,1.48173,0.211737,-0.0149398,2.69896,0.000197531,0.0118023,0.302844,10906.3,0.709158,0.417531,-0.1,0.02,5.85528,73728,0.0161289,0.000910856,0.0218507,0.00656784,-0.0125979,0.0515094,0.00596132,nan,nan,nan,nan,-0.00314828,-0.00888307,-0.00289414,nan,-0.0212439,-0.00113208,-0.000749159,-0.0763194,nan,-0.112019,0.0567371,0.0233585,-0.111038,-0.00214151,0.0963443
7,-1.53394,55.9095,-0.0240752,0,9.20833,0.173104,1.51326,0.208186,-0.0147656,2.68599,0.000131687,0.0230871,0.302501,11596.4,0.725323,0.334315,-0.1,0.02,6.91723,86016,0.0168907,0.000857511,0.024934,0.00738195,-0.0137948,0.0559095,0.00683801,nan,nan,nan,nan,-0.003348,-0.00957557,-0.00316718,nan,-0.0230849,-0.0010362,-0.000822783,-0.0819122,nan,-0.114516,0.0633165,0.0254661,-0.120127,-0.00255204,0.0956448
8,-1.36501,55.4563,-0.0211762,0,8.58333,0.165819,1.4929,0.193106,-0.0147083,2.6769,0.000131687,0.0173758,0.302439,12567.8,0.567446,0.410288,-0.1,0.02,7.89625,98304,0.0164287,0.00100164,0.0240652,0.00729687,-0.0137065,0.0554563,0.00672233,nan,nan,nan,nan,-0.00338823,-0.00986684,-0.00325546,nan,-0.0228601,-0.00118447,-0.000802419,-0.0822411,nan,-0.116752,0.061649,0.0259029,-0.117165,-0.00240777,0.106857
9,-1.36223,61.7455,-0.0208301,0,9.33333,0.163933,1.5304,0.191472,-0.014078,2.67513,0.000131687,0.0147993,0.302338,12006.7,0.677871,0.345555,-0.1,0.02,8.92217,110592,0.0184994,0.00114881,0.0271965,0.00803014,-0.0150941,0.0617455,0.00765045,nan,nan,nan,nan,-0.00360581,-0.0109752,-0.00345227,nan,-0.0254595,-0.00120982,-0.000946509,-0.0900683,nan,-0.127165,0.0719715,0.0285714,-0.131411,-0.00267857,0.119141
10,-1.18249,52.815,-0.0160405,0,8.33333,0.165398,1.50024,0.20205,-0.0138664,2.66986,0.000131687,0.00959285,0.302201,12227.6,0.664501,0.340435,-0.1,0.02,9.92863,122880,0.0172987,0.000946963,0.0231028,0.00707026,-0.0127903,0.052815,0.006366,nan,nan,nan,nan,-0.00318604,-0.00886661,-0.00299876,nan,-0.0217168,-0.0009,-0.000883144,-0.0768049,nan,-0.104595,0.0612298,0.02446,-0.11236,-0.00225,0.0949375
11,-1.07884,58.1789,-0.0146926,0,7.91667,0.170236,1.5143,0.205301,-0.0139883,2.66287,0.000131687,0.0165066,0.301973,12373.6,0.678254,0.314825,-0.1,0.02,10.923,135168,0.0170335,0.00106802,0.026234,0.00777079,-0.0141747,0.0581789,0.007,nan,nan,nan,nan,-0.0033172,-0.00929873,-0.00333286,nan,-0.0238682,-0.00113158,-0.000944379,-0.0838914,nan,-0.109737,0.0683792,0.0269053,-0.122316,-0.00226316,0.107763
12,-1.08907,56.1333,-0.0169419,0,9.375,0.16682,1.55355,0.205378,-0.0139703,2.65286,0.000131687,0.0193525,0.301706,12912.1,0.610045,0.34162,-0.1,0.02,11.876,147456,0.0191311,0.00102981,0.0248462,0.00755535,-0.013702,0.0561333,0.00671644,nan,nan,nan,nan,-0.00336301,-0.00953854,-0.00321068,nan,-0.023014,-0.000755556,-0.00100045,-0.0811661,nan,-0.103653,0.0666781,0.0263467,-0.118507,-0.00225778,0.0972778
13,-1.01051,60.5417,-0.0160992,0,9,0.163664,1.50361,0.199703,-0.0139521,2.6428,0.000131687,0.0172976,0.301482,12095.4,0.655444,0.360483,-0.1,0.02,12.8944,159744,0.0198112,0.00115199,0.0274583,0.00842574,-0.0146809,0.0605417,0.00730602,nan,nan,nan,nan,-0.0035758,-0.0104017,-0.00351076,nan,-0.0248844,-0.000842593,-0.000997196,-0.0859455,nan,-0.115806,0.0719864,0.029463,-0.126148,-0.00266667,0.112789
14,-0.827834,55.1073,-0.0144401,0,9.70833,0.163229,1.47434,0.192585,-0.0152487,2.63502,8.77915e-05,0.020464,0.301318,12437.6,0.665892,0.322083,-0.1,0.02,13.884,172032,0.0175405,0.00100586,0.0244798,0.00744203,-0.0134731,0.0551073,0.00662833,nan,nan,nan,nan,-0.0032153,-0.00910068,-0.00322083,nan,-0.0226378,-0.000678112,-0.000926813,-0.0782777,nan,-0.0989742,0.0656086,0.0264034,-0.116635,-0.00243777,0.10397
15,-1.02637,57.2533,-0.00983056,0,9.375,0.160809,1.48612,0.202199,-0.0134509,2.62937,8.77915e-05,0.011719,0.301191,13618.1,0.606212,0.29612,-0.1,0.02,14.7879,184320,0.0170947,0.00105946,0.0256551,0.00771619,-0.0139798,0.0572533,0.00670533,nan,nan,nan,nan,-0.00333897,-0.00909398,-0.00339323,nan,-0.0235171,-0.00092,-0.00098989,-0.0816394,nan,-0.101347,0.0690831,0.0264889,-0.120142,-0.00234667,0.0983333
16,-0.562694,55.6053,-0.0081149,0,7.91667,0.159747,1.49321,0.206838,-0.0126973,2.62486,5.85277e-05,0.0203686,0.301106,15916.3,0.526426,0.245613,-0.1,0.02,15.5613,196608,0.0195535,0.00105805,0.0252882,0.00776119,-0.0133872,0.0556053,0.00652211,nan,nan,nan,nan,-0.00330896,-0.00913309,-0.00324162,nan,-0.0227658,-0.000705263,-0.00098595,-0.0810316,nan,-0.0966947,0.068797,0.0265895,-0.116505,-0.00201053,0.110461
17,-0.663735,62.9882,-0.00811768,0,7.08333,0.166728,1.52412,0.216675,-0.011867,2.62231,5.85277e-05,0.0160647,0.301053,16149.9,0.511523,0.24935,-0.1,0.02,16.3236,208896,0.0178192,0.00105758,0.029242,0.00891843,-0.0152492,0.0629882,0.00771765,nan,nan,nan,nan,-0.00364545,-0.0105167,-0.00376394,nan,-0.0257702,-0.000729412,-0.00119625,-0.0877087,nan,-0.106412,0.0786677,0.0319294,-0.131765,-0.00256471,0.117794
18,-0.582474,58.3883,-0.00876128,0,8.58333,0.16777,1.52193,0.218297,-0.0115686,2.61975,5.85277e-05,0.0126652,0.300977,16018.7,0.515274,0.251828,-0.1,0.02,17.0922,221184,0.0196679,0.00097213,0.026027,0.00817884,-0.0142028,0.0583883,0.0069,nan,nan,nan,nan,-0.00349972,-0.00937769,-0.00343283,nan,-0.0238655,-0.000839806,-0.00117543,-0.0809838,nan,-0.0945291,0.0737192,0.0266602,-0.12266,-0.00253398,0.107464
19,-0.364369,63.3298,-0.00340669,0,7.95833,0.16961,1.49158,0.228606,-0.0115269,2.61708,3.90184e-05,0.0231943,0.300924,15676.8,0.50091,0.282924,-0.1,0.02,17.8774,233472,0.020047,0.001221,0.0297897,0.00890284,-0.0154514,0.0633298,0.00768429,nan,nan,nan,nan,-0.00374794,-0.0107895,-0.00378363,nan,-0.0258844,-0.000659686,-0.00136101,-0.0875298,nan,-0.0994084,0.0802865,0.0307435,-0.132209,-0.00308901,0.123691
20,-0.632389,65.0632,-0.00331207,0,7.91667,0.166241,1.49488,0.226905,-0.0101273,2.61497,3.90184e-05,0.0190014,0.300866,16432.4,0.501059,0.24673,-0.1,0.02,18.6266,245760,0.0186212,0.00118894,0.0297769,0.00917801,-0.0157599,0.0650632,0.00809684,nan,nan,nan,nan,-0.00387047,-0.0107122,-0.00392317,nan,-0.0266651,-0.000610526,-0.00139179,-0.0889982,nan,-0.102332,0.0836763,0.0308632,-0.135389,-0.00290526,0.114474
21,-0.335344,62.7602,-0.00200997,0,8.16667,0.165749,1.49623,0.213579,-0.00965935,2.61233,3.90184e-05,0.0123869,0.300791,15497.1,0.547932,0.244991,-0.1,0.02,19.4208,258048,0.0195589,0.00117512,0.0293486,0.00904064,-0.0153274,0.0627602,0.00751888,nan,nan,nan,nan,-0.00361184,-0.0100563,-0.00375299,nan,-0.0257268,-0.000653061,-0.00134723,-0.0854064,nan,-0.0959694,0.0801742,0.0296735,-0.131122,-0.00287755,0.119834
22,-0.177622,61.2717,0.0007204,0,7.66667,0.165163,1.48489,0.260788,-0.00952284,2.60928,3.90184e-05,0.0102111,0.300718,16579.2,0.495423,0.245748,-0.1,0.02,20.1633,270336,0.0180455,0.00117197,0.0284677,0.00871334,-0.015093,0.0612717,0.00763098,nan,nan,nan,nan,-0.00363452,-0.00922678,-0.00365072,nan,-0.0250727,-0.000538043,-0.00147743,-0.0836051,nan,-0.0876196,0.080635,0.0291304,-0.12887,-0.00261957,0.117459
23,-0.0845979,63.9153,7.0024e-05,0,7.375,0.16581,1.49198,0.248759,-0.0105603,2.6066,3.90184e-05,0.0172462,0.300663,15877.8,0.499721,0.274191,-0.1,0.02,20.9386,282624,0.0206613,0.00123206,0.030393,0.00911306,-0.0156382,0.0639153,0.00803785,nan,nan,nan,nan,-0.00362347,-0.00950345,-0.00383254,nan,-0.0261217,-0.000706215,-0.00146915,-0.0880354,nan,-0.0908644,0.0824126,0.0298983,-0.13374,-0.00241808,0.126059
24,-0.00370016,76.6893,0.00502581,0,7.375,0.162624,1.49711,0.247921,-0.0105922,2.60469,3.90184e-05,0.0114438,0.300618,16234.8,0.506897,0.249997,-0.1,0.02,21.6967,294912,0.0235662,0.00152761,0.0368713,0.0108657,-0.018769,0.0766893,0.00988983,nan,nan,nan,nan,-0.00430653,-0.0118298,-0.0045017,nan,-0.0315149,-0.000757062,-0.00183795,-0.100302,nan,-0.108119,0.0994553,0.0351412,-0.16061,-0.00319774,0.151554
25,0.0650348,69.5208,0.00437015,0,6,0.159486,1.48755,0.25516,-0.00999656,2.60289,3.90184e-05,0.0114677,0.300575,16974.3,0.480858,0.243058,-0.1,0.02,22.422,307200,0.0235768,0.0012354,0.0341288,0.0105733,-0.0169971,0.0695208,0.008875,nan,nan,nan,nan,-0.00390363,-0.0105684,-0.00421801,nan,-0.028427,-0.000979167,-0.00172589,-0.0926763,nan,-0.0963125,0.0903648,0.0330556,-0.143611,-0.00286111,0.134201
26,-0.116189,67.3977,0.00239837,0,7.33333,0.162907,1.53148,0.257856,-0.00920328,2.60092,3.90184e-05,0.00796206,0.300513,16863.1,0.484477,0.244216,-0.1,0.02,23.1521,319488,0.0215354,0.00114801,0.0316378,0.0100137,-0.0164329,0.0673977,0.00854886,nan,nan,nan,nan,-0.00394912,-0.00970264,-0.00396457,nan,-0.0274762,-0.000585227,-0.00184698,-0.0889878,nan,-0.0886193,0.0887352,0.0305682,-0.14175,-0.00253409,0.120455
27,0.21119,74.2792,0.00666232,0,6.41667,0.159791,1.49084,0.262602,-0.00981318,2.5986,3.90184e-05,0.0186013,0.30047,16698.3,0.48793,0.247954,-0.1,0.02,23.8894,331776,0.0284154,0.00131997,0.0359502,0.0109313,-0.0181294,0.0742792,0.00938442,nan,nan,nan,nan,-0.00431981,-0.0111016,-0.00452901,nan,-0.0302959,-0.000396104,-0.00208603,-0.0946561,nan,-0.0983182,0.0988935,0.0340519,-0.157351,-0.00296104,0.141477
28,0.109033,64.2276,0.0103048,0,5.125,0.162466,1.4871,0.276792,-0.00949717,2.5968,3.90184e-05,0.0165218,0.300412,16838.5,0.485895,0.24386,-0.1,0.02,24.6206,344064,0.0218176,0.00129143,0.0311522,0.00938744,-0.0157313,0.0642276,0.00848618,nan,nan,nan,nan,-0.00373865,-0.00918707,-0.00375981,nan,-0.0261473,-0.000219512,-0.00184601,-0.0865414,nan,-0.0795122,0.0842358,0.0290407,-0.138959,-0.00273171,0.124187
29,0.672211,80.3333,0.00917541,0,5.75,0.162161,1.48202,0.266905,-0.00940628,2.59399,3.90184e-05,0.016984,0.300331,16701.6,0.493441,0.242295,-0.1,0.02,25.3577,356352,0.0254585,0.00132478,0.0401323,0.0118831,-0.0196658,0.0803333,0.0104275,nan,nan,nan,nan,-0.00459751,-0.0119303,-0.0049352,nan,-0.0327619,-0.000347826,-0.0024359,-0.102421,nan,-0.0983261,0.108179,0.0372174,-0.16913,-0.00372464,0.168931
30,0.600223,80.7266,0.00762906,0,5.33333,0.166677,1.47844,0.283883,-0.00953114,2.59125,3.90184e-05,0.0120442,0.30028,16636.1,0.489957,0.248678,-0.1,0.02,26.0976,368640,0.0257073,0.00147447,0.0395545,0.012087,-0.0195624,0.0807266,0.0106664,nan,nan,nan,nan,-0.00468829,-0.0124299,-0.00487723,nan,-0.0328364,-0.000640625,-0.00252664,-0.102477,nan,-0.0971484,0.107641,0.0389375,-0.170625,-0.00332813,0.164355
31,0.44096,91.2878,0.0134877,0,5.79167,0.161196,1.51936,0.277354,-0.0102604,2.58888,3.90184e-05,0.0112599,0.300204,16838.9,0.486878,0.242861,-0.1,0.02,26.8287,380928,0.0298637,0.00157771,0.0458712,0.0134952,-0.0223201,0.0912878,0.0130885,nan,nan,nan,nan,-0.00519454,-0.0144852,-0.00547014,nan,-0.037141,-0.000244604,-0.00288187,-0.118165,nan,-0.110266,0.12436,0.0423022,-0.193554,-0.00336691,0.173291
32,0.761149,87.8385,0.0101754,0,5.41667,0.164349,1.51681,0.282393,-0.00978311,2.58554,3.90184e-05,0.0114902,0.300117,16790.9,0.489182,0.242641,-0.1,0.02,27.5619,393216,0.0265075,0.00169972,0.0432119,0.0130064,-0.0215887,0.0878385,0.0125446,nan,nan,nan,nan,-0.00518589,-0.0141599,-0.00545756,nan,-0.035779,-0.000646154,-0.00287773,-0.109719,nan,-0.100754,0.11709,0.0419077,-0.183138,-0.00346154,0.177019
33,0.802019,87.9182,0.0147044,0,4.58333,0.162913,1.47452,0.286522,-0.00919259,2.58221,3.90184e-05,0.0124331,0.300044,16806.2,0.488154,0.243006,-0.1,0.02,28.2945,405504,0.0297872,0.00172004,0.0443073,0.0131128,-0.0215361,0.0879182,0.0122564,nan,nan,nan,nan,-0.00507926,-0.0133617,-0.00544096,nan,-0.0357431,-0.000172727,-0.00301005,-0.108991,nan,-0.0984273,0.119162,0.0407273,-0.184,-0.00358182,0.170455
34,1.08959,103.895,0.0109929,0,4.375,0.170197,1.50435,0.285308,-0.00924906,2.57947,3.90184e-05,0.0120885,0.299977,16971.7,0.479794,0.244235,-0.1,0.02,29.0199,417792,0.0339327,0.00201262,0.0535797,0.0156408,-0.0254362,0.103895,0.0144486,nan,nan,nan,nan,-0.00576191,-0.0167658,-0.00638793,nan,-0.0422425,-0.000238095,-0.00339877,-0.127793,nan,-0.1228,0.139437,0.0480762,-0.217829,-0.0044381,0.216548
35,1.12536,102.071,0.0107472,0,4.125,0.168255,1.47721,0.288801,-0.010548,2.57734,3.90184e-05,0.0171987,0.299946,16812.3,0.485325,0.245568,-0.1,0.02,29.7523,430080,0.0302196,0.00163426,0.0525508,0.015217,-0.0250139,0.102071,0.014602,nan,nan,nan,nan,-0.00582491,-0.0161622,-0.00630049,nan,-0.0416522,-0.000222222,-0.00329266,-0.12398,nan,-0.121,0.13723,0.0502222,-0.213818,-0.00410101,0.213889
36,1.05943,101.51,0.0142933,0,4.08333,0.168586,1.47308,0.303495,-0.0101908,2.57624,3.90184e-05,0.0147948,0.299908,16844.8,0.482887,0.246598,-0.1,0.02,30.4831,442368,0.027775,0.00181314,0.053164,0.0151032,-0.0249928,0.10151,0.0142286,nan,nan,nan,nan,-0.00583849,-0.0153938,-0.00628173,nan,-0.0413923,-0.000377551,-0.00333358,-0.123017,nan,-0.121561,0.136204,0.0473061,-0.213102,-0.00504082,0.216199
37,1.22141,96.9419,0.0147971,0,3.58333,0.167941,1.46426,0.304439,-0.00928472,2.57457,3.90184e-05,0.00756346,0.299869,16510.4,0.496404,0.247854,-0.1,0.02,31.2288,454656,0.0313087,0.00159411,0.0513824,0.0144073,-0.0238593,0.0969419,0.0133302,nan,nan,nan,nan,-0.00545982,-0.0144051,-0.00621663,nan,-0.0393414,-0.000162791,-0.00321029,-0.117541,nan,-0.118291,0.130815,0.0464186,-0.202605,-0.0047907,0.210756
38,1.86228,122.097,0.0154304,0,3.875,0.168314,1.49541,0.290578,-0.00894331,2.57321,3.90184e-05,0.012778,0.29984,16826,0.480041,0.250258,-0.1,0.02,31.9604,466944,0.0328406,0.00197883,0.0665691,0.0181907,-0.0300759,0.122097,0.0181656,nan,nan,nan,nan,-0.00642787,-0.01842,-0.00770594,nan,-0.0497566,-0.000301075,-0.00418933,-0.14961,nan,-0.143581,0.164727,0.0603871,-0.25157,-0.0052043,0.275
39,1.28001,120.934,0.0138656,0,3.79167,0.169493,1.487,0.316693,-0.00973117,2.57205,3.90184e-05,0.0120061,0.299806,16682.3,0.492721,0.24387,-0.1,0.02,32.6983,479232,0.0368606,0.00206511,0.0654022,0.0175254,-0.0301645,0.120934,0.0173473,nan,nan,nan,nan,-0.00640506,-0.0184102,-0.00763143,nan,-0.049369,-0.000263736,-0.00406245,-0.148801,nan,-0.144593,0.165979,0.0562198,-0.251824,-0.0052967,0.248489
40,1.43585,119.816,0.0159449,0,3.16667,0.164602,1.4737,0.291218,-0.00985437,2.57084,3.90184e-05,0.00998455,0.299782,17186.8,0.471492,0.243475,-0.1,0.02,33.4147,491520,0.0350171,0.0019305,0.064989,0.0169687,-0.0297523,0.119816,0.0167566,nan,nan,nan,nan,-0.00630761,-0.0187443,-0.00722172,nan,-0.0488076,-0.000302632,-0.00406378,-0.140306,nan,-0.142026,0.162242,0.0564211,-0.245211,-0.005,0.245395
41,1.14093,118.8,0.0167899,0,2.5,0.162912,1.49387,0.297263,-0.00926229,2.56974,3.90184e-05,0.0106923,0.299747,16998.6,0.477579,0.245303,-0.1,0.02,34.1389,503808,0.0382386,0.00242442,0.0640822,0.0169632,-0.0292977,0.1188,0.01561,nan,nan,nan,nan,-0.00659013,-0.0183207,-0.00738672,nan,-0.0483071,-0.00025,-0.00392035,-0.13859,nan,-0.14255,0.160874,0.0558,-0.245133,-0.0054,0.23
42,2.23206,141.641,0.0165478,0,2.66667,0.162161,1.46394,0.315903,-0.0100666,2.56779,3.90184e-05,0.0145008,0.299683,16890.7,0.483918,0.243581,-0.1,0.02,34.8677,516096,0.0479862,0.00248269,0.0783026,0.0195832,-0.0351034,0.141641,0.0204031,nan,nan,nan,nan,-0.0075381,-0.0239001,-0.008992,nan,-0.057745,-0.0005625,-0.00457967,-0.166836,nan,-0.163641,0.194203,0.0701875,-0.296,-0.0066875,0.308398
43,2.12939,154.385,0.0193981,0,2.70833,0.166513,1.48823,0.315541,-0.00877759,2.56501,3.90184e-05,0.0143146,0.29961,16706.5,0.488869,0.246655,-0.1,0.02,35.6045,528384,0.0478902,0.0030347,0.0877987,0.0212156,-0.0384403,0.154385,0.0221908,nan,nan,nan,nan,-0.00792929,-0.0244024,-0.00987714,nan,-0.0628091,-0.000153846,-0.0051118,-0.180174,nan,-0.189462,0.208921,0.0763077,-0.316308,-0.00772308,0.327115
44,2.36823,145.304,0.0172513,0,2.875,0.164268,1.47477,0.299712,-0.00864107,2.56247,3.90184e-05,0.00612928,0.299564,12751.8,0.609169,0.354456,-0.1,0.02,36.5696,540672,0.0438133,0.00277516,0.0820589,0.0206189,-0.0361194,0.145304,0.0209971,nan,nan,nan,nan,-0.00769076,-0.022705,-0.00935919,nan,-0.0591546,-0.000188406,-0.00505554,-0.16991,nan,-0.170391,0.201636,0.070029,-0.299768,-0.00623188,0.317754
45,2.5136,156.944,0.0242596,0,2.25,0.161649,1.43461,0.329623,-0.00862587,2.56095,3.90184e-05,0.0119662,0.299527,12167.3,0.671682,0.338241,-0.1,0.02,37.5811,552960,0.0431133,0.00293667,0.0895927,0.0221302,-0.0388057,0.156944,0.0222093,nan,nan,nan,nan,-0.00813612,-0.0235211,-0.0100102,nan,-0.0639733,-0.000222222,-0.00554397,-0.185111,nan,-0.180222,0.214957,0.0773333,-0.325778,-0.00781481,0.345602
46,1.41739,122.881,0.0188726,0,2.79167,0.164472,1.45536,0.294057,-0.0100932,2.5591,3.90184e-05,0.0149201,0.299469,13232.7,0.597776,0.330833,-0.1,0.02,38.5113,565248,0.0333671,0.00263199,0.0686264,0.0167658,-0.0309295,0.122881,0.0159731,nan,nan,nan,nan,-0.00670572,-0.0189561,-0.00752329,nan,-0.0499201,-0.00019403,-0.00464278,-0.14283,nan,-0.138672,0.170273,0.0576716,-0.252,-0.00543284,0.240485
47,3.09572,177.114,0.0204437,0,1.83333,0.161542,1.45532,0.313267,-0.0082689,2.55692,3.90184e-05,0.0104472,0.299427,13802.3,0.572192,0.318092,-0.1,0.02,39.4029,577536,0.0621702,0.00307821,0.101229,0.0247279,-0.043825,0.177114,0.0267114,nan,nan,nan,nan,-0.00929302,-0.029472,-0.0111556,nan,-0.0721817,-6.81818e-05,-0.00622747,-0.203479,nan,-0.197318,0.243923,0.0861818,-0.366364,-0.00795455,0.376989
48,3.13911,175.229,0.0191066,0,2.91667,0.166811,1.47457,0.339129,-0.00903513,2.5552,3.90184e-05,0.0132425,0.299374,13785.8,0.555879,0.335472,-0.1,0.02,40.2955,589824,0.0518064,0.0026929,0.101495,0.0236541,-0.0440006,0.175229,0.0255414,nan,nan,nan,nan,-0.00871791,-0.027967,-0.0111996,nan,-0.071389,-0.000128571,-0.00598647,-0.203227,nan,-0.214114,0.238732,0.0881143,-0.357257,-0.00828571,0.401964
49,3.21401,169.183,0.0200809,0,2.5,0.16491,1.46469,0.314173,-0.0091723,2.55271,3.90184e-05,0.0168079,0.299305,13334.1,0.600535,0.321011,-0.1,0.02,41.2188,602112,0.0533099,0.00283294,0.0989128,0.0232929,-0.0425757,0.169183,0.0239817,nan,nan,nan,nan,-0.00861108,-0.0268117,-0.0110256,nan,-0.069049,-0.000233333,-0.00607667,-0.194157,nan,-0.1953,0.234326,0.0884667,-0.345133,-0.00713333,0.3725
50,2.0821,171.288,0.0215314,0,2.16667,0.162413,1.4657,0.297968,-0.00916411,2.55009,3.90184e-05,0.0128787,0.299252,13333.4,0.567969,0.353626,-0.1,0.02,42.1419,614400,0.0461259,0.00317141,0.0992475,0.0224284,-0.0433669,0.171288,0.0244269,nan,nan,nan,nan,-0.0084989,-0.0272923,-0.0106782,nan,-0.0697592,-7.69231e-05,-0.0061365,-0.199385,nan,-0.199327,0.23289,0.0839231,-0.353769,-0.0075,0.346394
51,3.75566,184.774,0.0222227,0,2.20833,0.160767,1.39634,0.319097,-0.00895154,2.54828,3.90184e-05,0.00806484,0.29921,12098,0.622224,0.393481,-0.1,0.02,43.159,626688,0.0635626,0.00424331,0.110249,0.0256141,-0.0464168,0.184774,0.0271925,nan,nan,nan,nan,-0.00921353,-0.0277084,-0.0117856,nan,-0.0753166,-0.000226415,-0.00646051,-0.207368,nan,-0.21883,0.254304,0.0963774,-0.377208,-0.00837736,0.410377
52,3.41318,205.559,0.0224014,0,1.41667,0.163674,1.41132,0.311618,-0.00904699,2.54671,3.90184e-05,0.010442,0.299174,12682.2,0.636337,0.332581,-0.1,0.02,44.1295,638976,0.0838419,0.00453696,0.119828,0.0265966,-0.0517223,0.205559,0.0283882,nan,nan,nan,nan,-0.00979465,-0.0323901,-0.0126591,nan,-0.0836376,-2.94118e-05,-0.00723874,-0.231794,nan,-0.247059,0.279792,0.0977647,-0.416588,-0.00994118,0.427206
53,3.76136,174.622,0.0214445,0,1.875,0.163083,1.40113,0.311639,-0.00965293,2.54513,3.90184e-05,0.016548,0.299126,12766.3,0.614492,0.348039,-0.1,0.02,45.0937,651264,0.0560752,0.00368622,0.102398,0.022879,-0.0443744,0.174622,0.0250178,nan,nan,nan,nan,-0.00834355,-0.0264815,-0.010847,nan,-0.071168,-0.000111111,-0.00691077,-0.202165,nan,-0.2016,0.239957,0.0843556,-0.356356,-0.00728889,0.414722
54,4.10929,217.243,0.0213743,0,1.54167,0.162874,1.44263,0.321056,-0.00968586,2.54319,3.90184e-05,0.0147407,0.299086,12343.4,0.618798,0.376715,-0.1,0.02,46.0905,663552,0.0624235,0.00474791,0.132107,0.028868,-0.0554794,0.217243,0.0322432,nan,nan,nan,nan,-0.0102845,-0.0346896,-0.0137119,nan,-0.088382,-0.00027027,-0.00787408,-0.245787,nan,-0.271541,0.29746,0.113514,-0.440973,-0.00908108,0.494932
55,4.10049,198.194,0.0191589,0,1.5,0.16575,1.44536,0.287489,-0.00956265,2.54209,3.90184e-05,0.00836468,0.299067,14116,0.555435,0.315067,-0.1,0.02,46.9627,675840,0.056441,0.0035485,0.118312,0.0269937,-0.0497257,0.198194,0.0280889,nan,nan,nan,nan,-0.00987949,-0.0317307,-0.0129179,nan,-0.0808553,-0.000111111,-0.0073295,-0.217586,nan,-0.237417,0.272262,0.0975556,-0.404889,-0.00955556,0.465625
56,4.39303,223.756,0.0197315,0,1.875,0.16403,1.44454,0.313312,-0.0092534,2.54104,3.90184e-05,0.0129817,0.299026,13388.1,0.587025,0.330804,-0.1,0.02,47.8822,688128,0.069101,0.0046854,0.134806,0.0288106,-0.056754,0.223756,0.0324733,nan,nan,nan,nan,-0.0105559,-0.0348643,-0.0144062,nan,-0.0910261,-0.0002,-0.00872099,-0.252775,nan,-0.264,0.306633,0.111022,-0.457867,-0.0110222,0.510556
57,5.34951,219.44,0.0246773,0,1.04167,0.162226,1.37949,0.308942,-0.00897484,2.53911,3.90184e-05,0.0149725,0.298981,12527.6,0.625544,0.35533,-0.1,0.02,48.8647,700416,0.0749822,0.00453964,0.134819,0.0277346,-0.0559533,0.21944,0.031904,nan,nan,nan,nan,-0.0103445,-0.0321582,-0.0137383,nan,-0.089125,0,-0.00892794,-0.240965,nan,-0.252,0.304269,0.104,-0.44864,-0.00936,0.527
58,3.61021,242.68,0.0230781,0,1.04167,0.159059,1.40043,0.298349,-0.00859582,2.53732,3.90184e-05,0.0118317,0.298927,13364.1,0.585814,0.333663,-0.1,0.02,49.786,712704,0.0734894,0.00495467,0.148915,0.0314134,-0.0617941,0.24268,0.035168,nan,nan,nan,nan,-0.0110287,-0.0359184,-0.0157407,nan,-0.0988766,0,-0.00898689,-0.274476,nan,-0.29652,0.330091,0.13264,-0.49408,-0.00992,0.4885
59,4.77296,227.643,0.0245498,0,1.16667,0.161754,1.44986,0.30583,-0.00902381,2.53519,3.90184e-05,0.0125816,0.298886,13775.6,0.603707,0.288302,-0.1,0.02,50.6793,724992,0.0947981,0.00439725,0.137467,0.0295398,-0.0590419,0.227643,0.0329071,nan,nan,nan,nan,-0.0109625,-0.0371865,-0.0147737,nan,-0.0926026,-0.000428571,-0.00898165,-0.252859,nan,-0.269357,0.310857,0.111429,-0.460143,-0.0116429,0.507589
60,5.27986,251,0.0245853,0,1.20833,0.165446,1.4017,0.322755,-0.00819755,2.53419,3.90184e-05,0.00669206,0.29888,13723.1,0.55955,0.335873,-0.1,0.02,51.5762,737280,0.0885353,0.00470359,0.155571,0.0324964,-0.0640058,0.251,0.0348345,nan,nan,nan,nan,-0.0109372,-0.0360021,-0.0157952,nan,-0.101959,-0.000137931,-0.00926411,-0.277021,nan,-0.315517,0.343285,0.131586,-0.505655,-0.0124138,0.57069
61,7.00512,305.931,0.0259632,0.0416667,1.16667,0.166905,1.41037,0.314256,-0.00821625,2.53384,3.90184e-05,0.0108982,0.298856,12594,0.616167,0.359536,-0.1,0.02,52.5533,749568,0.0907311,0.00568175,0.186297,0.039614,-0.0787124,0.305931,0.0451207,nan,nan,nan,nan,-0.0141924,-0.0487104,-0.020215,nan,-0.124853,-0.000275862,-0.0105267,-0.349991,nan,-0.389172,0.414685,0.169793,-0.616828,-0.0131724,0.759052
62,5.86574,259.448,0.027496,0,1.20833,0.167832,1.40421,0.325034,-0.00942189,2.53209,3.90184e-05,0.011577,0.298792,12999,0.58653,0.358772,-0.1,0.02,53.4998,761856,0.0651865,0.0047979,0.159423,0.034954,-0.0665035,0.259448,0.0378034,nan,nan,nan,nan,-0.0124811,-0.0409729,-0.0168895,nan,-0.105812,-0.000137931,-0.00920381,-0.287883,nan,-0.330931,0.358402,0.137931,-0.521655,-0.0122759,0.640086
63,8.17972,314.25,0.0285138,0,1,0.164139,1.42148,0.311257,-0.00841125,2.52978,3.90184e-05,0.0126415,0.298753,13260.4,0.622816,0.303854,-0.1,0.02,54.4279,774144,0.098322,0.00767628,0.200441,0.0401923,-0.08047,0.31425,0.044775,nan,nan,nan,nan,-0.013785,-0.0474881,-0.0204782,nan,-0.128145,-4.16667e-05,-0.0119676,-0.33196,nan,-0.376875,0.437936,0.1675,-0.638,-0.0159167,0.763021
64,6.87862,284.957,0.0247721,0,0.958333,0.168673,1.41992,0.328266,-0.00845898,2.52846,3.90184e-05,0.0100543,0.298714,12297.6,0.629691,0.369528,-0.1,0.02,55.4284,786432,0.0910198,0.00527585,0.175655,0.0356798,-0.0733362,0.284957,0.0412696,nan,nan,nan,nan,-0.0132141,-0.0458634,-0.0183427,nan,-0.116135,0,-0.010808,-0.316584,nan,-0.341478,0.397119,0.148,-0.57913,-0.0141739,0.694022
65,9.22405,393.947,0.0232184,0.0833333,1.5,0.167454,1.41003,0.331234,-0.00857703,2.52658,3.90184e-05,0.00768919,0.298658,13793.9,0.587864,0.302962,-0.1,0.02,56.3209,798720,0.11784,0.00877909,0.245684,0.0514641,-0.10129,0.393947,0.0583053,nan,nan,nan,nan,-0.0180972,-0.0645203,-0.025987,nan,-0.160825,-0.000315789,-0.0137594,-0.433779,nan,-0.504079,0.53652,0.209684,-0.787895,-0.0202105,0.969737
66,6.99283,292.973,0.0226551,0,1.54167,0.169106,1.42343,0.346258,-0.0098872,2.52481,3.90184e-05,0.0140375,0.29864,13565,0.56977,0.336091,-0.1,0.02,57.228,811008,0.103993,0.00577119,0.182179,0.036133,-0.0758632,0.292973,0.0410568,nan,nan,nan,nan,-0.0134957,-0.0465897,-0.0191067,nan,-0.119729,-0.000189189,-0.0103893,-0.320834,nan,-0.36,0.400435,0.146919,-0.584432,-0.0145946,0.705405
67,7.17306,339.871,0.0282325,0,1.29167,0.162932,1.37584,0.313352,-0.00969463,2.52416,3.90184e-05,0.0136369,0.298614,13397.1,0.625686,0.291528,-0.1,0.02,58.1466,823296,0.097862,0.007071,0.211195,0.0421015,-0.0879272,0.339871,0.0494484,nan,nan,nan,nan,-0.0149003,-0.0501782,-0.0213,nan,-0.138908,-0.000290323,-0.0126567,-0.375551,nan,-0.412355,0.465493,0.174581,-0.687097,-0.0149032,0.787097
68,6.61498,300.609,0.0253632,0,0.958333,0.166391,1.39218,0.35177,-0.00989703,2.52314,3.90184e-05,0.0113402,0.298599,13251.1,0.56507,0.362249,-0.1,0.02,59.0756,835584,0.102536,0.00532741,0.185726,0.0357028,-0.0781453,0.300609,0.0429435,nan,nan,nan,nan,-0.0131992,-0.0459403,-0.0189117,nan,-0.123039,0,-0.0112016,-0.333907,nan,-0.366391,0.416074,0.150087,-0.59913,-0.0151304,0.696739
69,8.99695,344,0.0262037,0.0416667,1.25,0.167992,1.37078,0.326422,-0.00971028,2.5228,3.90184e-05,0.0164489,0.298592,13482.7,0.599739,0.311653,-0.1,0.02,59.9885,847872,0.101807,0.00712864,0.213989,0.0430117,-0.0894463,0.344,0.0505871,nan,nan,nan,nan,-0.016157,-0.0558207,-0.0221337,nan,-0.140481,-3.22581e-05,-0.0121876,-0.37684,nan,-0.422323,0.470423,0.175613,-0.691613,-0.0167742,0.887097
70,9.91005,369,0.0224513,0.0416667,0.875,0.169273,1.37749,0.332135,-0.00994273,2.52212,3.90184e-05,0.0118289,0.298558,12664.3,0.612459,0.357831,-0.1,0.02,60.9605,860160,0.101002,0.00637589,0.234084,0.0464792,-0.0957597,0.369,0.0557864,nan,nan,nan,nan,-0.0166667,-0.0587275,-0.0242884,nan,-0.150651,-0.000454545,-0.0136663,-0.398551,nan,-0.464455,0.513836,0.202909,-0.748,-0.0167273,0.953977
71,6.14091,278.243,0.022518,0,1.54167,0.168836,1.39683,0.33814,-0.00908731,2.52061,3.90184e-05,0.00806449,0.298525,13248.9,0.600634,0.326839,-0.1,0.02,61.8893,872448,0.0770429,0.00635444,0.17486,0.0337148,-0.0719944,0.278243,0.0397973,nan,nan,nan,nan,-0.0130964,-0.0447355,-0.0184465,nan,-0.113515,-0.000324324,-0.0102764,-0.297489,nan,-0.343297,0.383384,0.144432,-0.549946,-0.0125946,0.644932
72,9.8255,390.121,0.0266419,0,1.375,0.164838,1.3889,0.349,-0.00838343,2.51904,3.90184e-05,0.011062,0.29847,13998.5,0.534267,0.343542,-0.1,0.02,62.7684,884736,0.114026,0.00792294,0.246333,0.0487463,-0.101988,0.390121,0.0569636,nan,nan,nan,nan,-0.0179608,-0.0645641,-0.0257714,nan,-0.159507,-6.06061e-05,-0.0144014,-0.41688,nan,-0.491091,0.546267,0.211152,-0.778667,-0.017697,0.958333
73,8.20649,345.774,0.0281017,0.0416667,1.25,0.164724,1.35779,0.342533,-0.00855602,2.51689,3.90184e-05,0.0179057,0.298429,13194.1,0.591043,0.340282,-0.1,0.02,63.7012,897024,0.122926,0.00651713,0.218479,0.0410044,-0.0902152,0.345774,0.0500581,nan,nan,nan,nan,-0.0151295,-0.0539979,-0.0219954,nan,-0.141232,-3.22581e-05,-0.0120613,-0.380654,nan,-0.432387,0.478771,0.176903,-0.688387,-0.0161935,0.822177
74,11.2622,421.25,0.0270694,0.166667,0.666667,0.166978,1.37292,0.315079,-0.00990922,2.51526,3.90184e-05,0.0132205,0.298384,13066.8,0.62224,0.318158,-0.1,0.02,64.6429,909312,0.140394,0.00878759,0.270639,0.0530734,-0.108099,0.42125,0.063235,nan,nan,nan,nan,-0.0182043,-0.0664557,-0.0281626,nan,-0.171166,-0.0001,-0.0150766,-0.451806,nan,-0.5013,0.587727,0.2242,-0.8416,-0.0211,1.01687
75,8.62332,428.1,0.0302345,0.0416667,0.791667,0.164885,1.37555,0.317435,-0.00891652,2.51339,3.90184e-05,0.0111258,0.298343,14282.5,0.558988,0.301366,-0.1,0.02,65.5047,921600,0.119203,0.00785188,0.27511,0.0483119,-0.111889,0.4281,0.06179,nan,nan,nan,nan,-0.0183291,-0.0656775,-0.0266393,nan,-0.17483,0,-0.0160857,-0.456131,nan,-0.5373,0.592106,0.219,-0.8596,-0.0182,0.964375
76,11.8696,443.526,0.0282385,0.0833333,0.708333,0.163188,1.39523,0.331574,-0.0102728,2.51178,3.90184e-05,0.011973,0.298295,15289.4,0.518603,0.285091,-0.1,0.02,66.3098,933888,0.140958,0.00990291,0.281851,0.0562548,-0.114285,0.443526,0.0633316,nan,nan,nan,nan,-0.0196973,-0.0730313,-0.0295168,nan,-0.181177,-0.000210526,-0.0153348,-0.470208,nan,-0.546947,0.608879,0.244421,-0.879579,-0.0210526,1.09539
77,7.64537,362.038,0.031133,0.0416667,1.04167,0.163101,1.38374,0.338121,-0.00840715,2.51003,3.90184e-05,0.0114491,0.298266,13518.8,0.563177,0.345778,-0.1,0.02,67.2201,946176,0.120502,0.00710022,0.227781,0.043275,-0.0947107,0.362038,0.0510077,nan,nan,nan,nan,-0.016413,-0.0594611,-0.0239779,nan,-0.14763,-0.000461538,-0.0138904,-0.393538,nan,-0.445846,0.498838,0.194923,-0.722769,-0.0189231,0.814423
78,7.45541,330.32,0.0264077,0.0416667,1,0.159741,1.4145,0.338067,-0.00849552,2.50908,3.90184e-05,0.0135633,0.298236,12491,0.635859,0.34789,-0.1,0.02,68.2054,958464,0.120903,0.00779846,0.207954,0.037356,-0.0854081,0.33032,0.044596,nan,nan,nan,nan,-0.0142281,-0.0523651,-0.0206251,nan,-0.134366,0,-0.0121604,-0.359525,nan,-0.42708,0.44784,0.16832,-0.656,-0.01656,0.786
79,10.7035,372.154,0.0227764,0.125,0.958333,0.159972,1.35291,0.326825,-0.00842047,2.50731,3.90184e-05,0.011523,0.298181,13702.5,0.578713,0.31806,-0.1,0.02,69.1037,970752,0.130118,0.00707923,0.24689,0.0448317,-0.0968921,0.372154,0.0528923,nan,nan,nan,nan,-0.016751,-0.0589177,-0.024611,nan,-0.150835,0,-0.014292,-0.399399,nan,-0.462577,0.514429,0.217077,-0.736308,-0.0180769,0.928365
80,16.32,541.955,0.0234693,0.166667,0.75,0.166696,1.34723,0.304262,-0.00796534,2.50511,3.90184e-05,0.0101091,0.298128,14765.1,0.56293,0.269301,-0.1,0.02,69.9373,983040,0.142981,0.00937699,0.353409,0.0668154,-0.140926,0.541955,0.0781045,nan,nan,nan,nan,-0.0231671,-0.0855826,-0.0365172,nan,-0.220242,-4.54545e-05,-0.0200695,-0.573538,nan,-0.665318,0.76088,0.304,-1.06145,-0.0254545,1.4108
81,13.254,496.083,0.0266763,0.25,0.75,0.163239,1.35503,0.296472,-0.00944531,2.5034,3.90184e-05,0.013384,0.298105,13485.2,0.554566,0.356655,-0.1,0.02,70.8498,995328,0.159578,0.0111469,0.319448,0.0583391,-0.128108,0.496083,0.0729,nan,nan,nan,nan,-0.0212437,-0.0781945,-0.0322316,nan,-0.201896,-0.000166667,-0.0167424,-0.516369,nan,-0.632875,0.686261,0.2675,-0.988,-0.0265833,1.23385
82,10.4419,401.167,0.0293905,0.125,0.875,0.163434,1.38524,0.307522,-0.00888441,2.50278,3.90184e-05,0.0118469,0.298084,13714,0.596293,0.299727,-0.1,0.02,71.7472,1.00762e+06,0.0875129,0.00813213,0.259816,0.0457757,-0.103419,0.401167,0.0550792,nan,nan,nan,nan,-0.0170863,-0.0608162,-0.0263845,nan,-0.162609,0,-0.0154173,-0.426625,nan,-0.507875,0.561158,0.218833,-0.782167,-0.01975,1.00677
83,9.90657,400.929,0.0279958,0.166667,1,0.160018,1.38074,0.317423,-0.0094717,2.50111,3.90184e-05,0.011831,0.298025,13185.1,0.611157,0.320804,-0.1,0.02,72.6806,1.0199e+06,0.1262,0.00934223,0.265277,0.0472502,-0.103697,0.400929,0.0587357,nan,nan,nan,nan,-0.0174834,-0.0614381,-0.0265908,nan,-0.162522,-0.000178571,-0.0154245,-0.420584,nan,-0.497679,0.567316,0.223714,-0.804571,-0.0187143,0.925446
84,12.5307,541.08,0.0279781,0.25,0.791667,0.160027,1.40093,0.308878,-0.0082998,2.49912,3.90184e-05,0.0129126,0.297991,13800.7,0.580682,0.30971,-0.1,0.02,73.5724,1.03219e+06,0.154402,0.0116993,0.346204,0.0612877,-0.140265,0.54108,0.077904,nan,nan,nan,nan,-0.0232395,-0.0861481,-0.0354002,nan,-0.220368,0,-0.0204262,-0.578499,nan,-0.6702,0.744305,0.2824,-1.07632,-0.02688,1.285
85,10.4653,518.13,0.0289762,0.166667,0.791667,0.163994,1.39937,0.340106,-0.00973561,2.49725,3.90184e-05,0.0143885,0.29792,14535.8,0.524245,0.321117,-0.1,0.02,74.4193,1.04448e+06,0.153313,0.01001,0.335086,0.0576272,-0.133752,0.51813,0.0716087,nan,nan,nan,nan,-0.0213226,-0.0806696,-0.0327977,nan,-0.210239,-8.69565e-05,-0.0202814,-0.561044,nan,-0.648783,0.715378,0.265565,-1.02557,-0.0243478,1.15543
86,11.7459,443,0.0274722,0.166667,0.75,0.163795,1.36967,0.295944,-0.0094481,2.49439,3.90184e-05,0.00962941,0.297863,13936.6,0.563403,0.318307,-0.1,0.02,75.3025,1.05677e+06,0.118342,0.00951123,0.288898,0.0505177,-0.113605,0.443,0.0605227,nan,nan,nan,nan,-0.019655,-0.0714053,-0.0301161,nan,-0.180142,-4.54545e-05,-0.0167829,-0.473485,nan,-0.547636,0.629104,0.245455,-0.876182,-0.0221818,1.09318
87,14.9475,582.72,0.030759,0.333333,0.708333,0.163083,1.35362,0.332304,-0.00906058,2.49201,3.90184e-05,0.0136525,0.297793,13870.4,0.569375,0.316543,-0.1,0.02,76.1898,1.06906e+06,0.164328,0.0106758,0.389742,0.0692192,-0.150207,0.58272,0.08458,nan,nan,nan,nan,-0.024869,-0.092986,-0.0390205,nan,-0.236979,-0.00016,-0.0223252,-0.610329,nan,-0.73656,0.825923,0.32224,-1.1496,-0.02952,1.3905
88,11.2831,444.724,0.0322148,0.25,0.958333,0.161927,1.39137,0.351291,-0.00967167,2.48988,3.90184e-05,0.0179698,0.297771,13978.6,0.567101,0.311957,-0.1,0.02,77.0701,1.08134e+06,0.150773,0.00972248,0.290113,0.048462,-0.114252,0.444724,0.0608241,nan,nan,nan,nan,-0.0181896,-0.066259,-0.0275122,nan,-0.180973,-0.000206897,-0.0172212,-0.474223,nan,-0.553034,0.6217,0.226621,-0.878897,-0.0196552,1.06164
89,13.9942,506.045,0.0294401,0.166667,0.75,0.160489,1.35783,0.324148,-0.00865239,2.48926,3.90184e-05,0.0100966,0.297754,13204.7,0.547647,0.382934,-0.1,0.02,78.002,1.09363e+06,0.147374,0.00982164,0.33376,0.0567616,-0.131804,0.506045,0.0713455,nan,nan,nan,nan,-0.0213898,-0.0807592,-0.034023,nan,-0.205839,-0.000136364,-0.0184735,-0.534317,nan,-0.641182,0.707682,0.277273,-1.00164,-0.0254545,1.28466
90,16.4335,624.44,0.029385,0.333333,0.708333,0.165291,1.36843,0.325254,-0.00939461,2.4881,3.90184e-05,0.0123799,0.29771,12321.1,0.68191,0.315403,-0.1,0.02,79.0022,1.10592e+06,0.204629,0.0140198,0.412834,0.0706913,-0.162639,0.62444,0.091112,nan,nan,nan,nan,-0.0259011,-0.0963346,-0.0408129,nan,-0.253667,-4e-05,-0.024168,-0.651994,nan,-0.77532,0.879048,0.33872,-1.23856,-0.02888,1.4845
91,16.3151,568.938,0.0272574,0.125,0.541667,0.167428,1.37448,0.294224,-0.00925883,2.48597,3.90184e-05,0.0149022,0.297649,13307,0.585021,0.338401,-0.1,0.02,79.9271,1.11821e+06,0.196239,0.0110918,0.373999,0.0639849,-0.147306,0.568937,0.0802687,nan,nan,nan,nan,-0.0251133,-0.096474,-0.0380717,nan,-0.230614,0,-0.0235799,-0.593348,nan,-0.717937,0.798022,0.30775,-1.1275,-0.029125,1.44453
92,15.4719,537.778,0.027462,0.333333,0.791667,0.164555,1.38528,0.280987,-0.00927824,2.48288,3.90184e-05,0.0151344,0.297551,14300.4,0.584885,0.274389,-0.1,0.02,80.7879,1.1305e+06,0.165558,0.0130836,0.359195,0.059899,-0.139139,0.537778,0.0751,nan,nan,nan,nan,-0.0216832,-0.0797899,-0.0338315,nan,-0.217927,-0.000148148,-0.0212474,-0.55506,nan,-0.636778,0.745235,0.285778,-1.05748,-0.0276296,1.32269
93,19.9149,660.545,0.0272424,0.416667,0.5,0.163326,1.38551,0.294131,-0.00861558,2.47923,3.90184e-05,0.0110903,0.297486,14309.3,0.530186,0.328555,-0.1,0.02,81.6478,1.14278e+06,0.213061,0.0165259,0.445709,0.0742145,-0.171538,0.660545,0.0980318,nan,nan,nan,nan,-0.0269623,-0.0999328,-0.042996,nan,-0.268515,-0.000181818,-0.0258201,-0.687626,nan,-0.820227,0.927727,0.370182,-1.314,-0.0297273,1.67727
94,15.6985,599.059,0.030755,0.375,0.333333,0.158167,1.40745,0.287836,-0.00921145,2.47714,3.90184e-05,0.0145405,0.297433,14228.2,0.570571,0.293068,-0.1,0.02,82.5158,1.15507e+06,0.178205,0.0111441,0.401321,0.0664613,-0.15592,0.599059,0.0834824,nan,nan,nan,nan,-0.0232651,-0.0878242,-0.0377852,nan,-0.24351,-0.000588235,-0.0235916,-0.621109,nan,-0.754941,0.829847,0.332,-1.16988,-0.0261176,1.42794
95,18.1752,677.875,0.0295529,0.458333,0.541667,0.15395,1.36761,0.309237,-0.00887102,2.47517,3.90184e-05,0.00837359,0.297407,11863.7,0.58654,0.449226,-0.1,0.02,83.5529,1.16736e+06,0.215043,0.0142299,0.456307,0.0759001,-0.177281,0.677875,0.0961208,nan,nan,nan,nan,-0.0270321,-0.101959,-0.0435087,nan,-0.275257,-0.00025,-0.0273826,-0.705096,nan,-0.833375,0.950346,0.364667,-1.33967,-0.03175,1.62083
96,18.6094,640.062,0.030058,0.333333,0.333333,0.156757,1.37411,0.286083,-0.00982467,2.47416,3.90184e-05,0.0154034,0.29736,13375.7,0.612165,0.306519,-0.1,0.02,84.4731,1.17965e+06,0.224935,0.0128498,0.434689,0.0712935,-0.167198,0.640062,0.0901062,nan,nan,nan,nan,-0.0260494,-0.0991652,-0.0426464,nan,-0.259755,-0.001125,-0.0258445,-0.670325,nan,-0.80475,0.894111,0.3475,-1.25275,-0.03,1.59453
97,13.4792,449.526,0.0332686,0.125,0.666667,0.159985,1.36107,0.292593,-0.00781772,2.47219,3.90184e-05,0.00555414,0.297326,14255,0.507779,0.354232,-0.1,0.02,85.3364,1.19194e+06,0.131924,0.0107799,0.297513,0.0482749,-0.11821,0.449526,0.0608421,nan,nan,nan,nan,-0.0183265,-0.0664987,-0.0296528,nan,-0.181916,-0.000210526,-0.018193,-0.470372,nan,-0.573158,0.625926,0.252,-0.889684,-0.0214737,1.18487
98,16.1873,615.714,0.0313589,0.0416667,0.25,0.159616,1.37441,0.35517,-0.00966046,2.47133,3.90184e-05,0.0107704,0.297317,13974.3,0.574396,0.304931,-0.1,0.02,86.2173,1.20422e+06,0.198829,0.0163889,0.408136,0.0661694,-0.16262,0.615714,0.0882571,nan,nan,nan,nan,-0.0263045,-0.0967893,-0.0392915,nan,-0.251126,-0.000142857,-0.0245,-0.650363,nan,-0.810857,0.840291,0.328,-1.232,-0.0334286,1.575
99,12.7705,468.36,0.0312539,0.208333,0.833333,0.159902,1.38243,0.305867,-0.00801321,2.47048,3.90184e-05,0.0118241,0.297272,12783.5,0.634459,0.326779,-0.1,0.02,87.1798,1.21651e+06,0.125877,0.0099002,0.312233,0.0507582,-0.121638,0.46836,0.068296,nan,nan,nan,nan,-0.0201046,-0.0724583,-0.0305528,nan,-0.190412,-0.00016,-0.018734,-0.483055,nan,-0.58332,0.651955,0.24896,-0.94736,-0.02152,1.1915
100,14.1146,493.8,0.0278938,0.125,0.5,0.163395,1.38168,0.314366,-0.00846715,2.46896,3.90184e-05,0.007996,0.297257,13558.3,0.588266,0.318043,-0.1,0.02,88.0876,1.2288e+06,0.165082,0.00996253,0.33741,0.0531297,-0.128736,0.4938,0.07192,nan,nan,nan,nan,-0.0213074,-0.0785708,-0.0335479,nan,-0.200526,0,-0.0198022,-0.514692,nan,-0.6348,0.688109,0.268533,-0.977333,-0.0237333,1.25083
101,11.6928,438.364,0.0306826,0.0833333,0.833333,0.163994,1.36498,0.338483,-0.00965929,2.46857,3.90184e-05,0.00978029,0.297241,11275.1,0.701531,0.388306,-0.1,0.02,91.2857,1.24109e+06,0.154659,0.00944447,0.292613,0.0444449,-0.113967,0.438364,0.0588091,nan,nan,nan,nan,-0.0182124,-0.0642137,-0.0276064,nan,-0.177968,0,-0.0171648,-0.454565,nan,-0.548455,0.615639,0.225273,-0.869091,-0.0201818,1.05682
102,19.0739,593.647,0.027809,0.208333,0.5,0.162097,1.35636,0.338286,-0.00990136,2.46783,3.90184e-05,0.0111049,0.297229,13947.2,0.574953,0.306087,-0.1,0.02,92.168,1.25338e+06,0.182842,0.016154,0.398783,0.0641035,-0.153216,0.593647,0.0806588,nan,nan,nan,nan,-0.0243068,-0.0906981,-0.0390388,nan,-0.240511,-5.88235e-05,-0.0222335,-0.61593,nan,-0.787059,0.824356,0.340941,-1.14988,-0.03,1.60515
103,11.6717,440.357,0.0289186,0,0.583333,0.156709,1.36933,0.290995,-0.00856901,2.46723,3.90184e-05,0.00636689,0.297198,14749,0.515268,0.317874,-0.1,0.02,93.0026,1.26566e+06,0.13092,0.0100172,0.294446,0.0440628,-0.115587,0.440357,0.0589286,nan,nan,nan,nan,-0.018359,-0.0618157,-0.0265728,nan,-0.178511,0,-0.0184855,-0.470039,nan,-0.555214,0.613472,0.234857,-0.874857,-0.0195714,1.09554
104,16.9378,621.875,0.0270362,0.25,0.416667,0.160111,1.39203,0.296145,-0.00975811,2.46578,3.90184e-05,0.014732,0.297173,12531.5,0.592391,0.388176,-0.1,0.02,93.9848,1.27795e+06,0.167121,0.011594,0.421846,0.0672722,-0.162353,0.621875,0.0885375,nan,nan,nan,nan,-0.0261158,-0.0965561,-0.0419791,nan,-0.252473,-0.0001875,-0.0249584,-0.636395,nan,-0.77175,0.873256,0.342,-1.2215,-0.031875,1.51953
105,18.2432,656.154,0.029644,0.125,0.416667,0.165896,1.4015,0.322181,-0.0084367,2.4651,3.90184e-05,0.0102241,0.297161,12758.5,0.644463,0.318657,-0.1,0.02,94.9502,1.29024e+06,0.184457,0.0143712,0.449511,0.0657001,-0.173251,0.656154,0.0882231,nan,nan,nan,nan,-0.0260423,-0.0976497,-0.0429493,nan,-0.267061,0,-0.0264017,-0.688139,nan,-0.817615,0.926122,0.338154,-1.28215,-0.0306154,1.64135
106,15.3699,510.214,0.0312455,0.166667,0.416667,0.164223,1.38887,0.368028,-0.00834216,2.46427,3.90184e-05,0.00546241,0.297123,12663.2,0.584303,0.386069,-0.1,0.02,95.9218,1.30253e+06,0.149714,0.0115959,0.348976,0.0546703,-0.134357,0.510214,0.06985,nan,nan,nan,nan,-0.0206678,-0.0768545,-0.0344504,nan,-0.207185,0,-0.0224724,-0.525886,nan,-0.639643,0.721309,0.285429,-0.994857,-0.026,1.29911
107,18.0741,604.792,0.0287502,0.333333,0.666667,0.16245,1.39945,0.325855,-0.00957057,2.46249,3.90184e-05,0.0130586,0.297082,12529.3,0.674218,0.306525,-0.1,0.02,96.9041,1.31482e+06,0.180233,0.0125735,0.4152,0.0631381,-0.159538,0.604792,0.083775,nan,nan,nan,nan,-0.0247294,-0.0935736,-0.0398821,nan,-0.245466,-4.16667e-05,-0.025893,-0.630358,nan,-0.7645,0.856891,0.332667,-1.19083,-0.0290833,1.55833
108,19.1551,626.593,0.0321763,0.333333,0.791667,0.164779,1.39276,0.309569,-0.00831606,2.46131,3.90184e-05,0.0110969,0.29707,12588.2,0.603666,0.372489,-0.1,0.02,97.8815,1.3271e+06,0.234885,0.014618,0.427392,0.0645608,-0.16445,0.626593,0.0852481,nan,nan,nan,nan,-0.0254849,-0.0990338,-0.0416949,nan,-0.254645,0,-0.0258265,-0.648927,nan,-0.797222,0.883557,0.341185,-1.23007,-0.0301481,1.59722
109,19.7468,684.294,0.0301171,0.208333,0.5,0.163118,1.36062,0.317118,-0.0087208,2.46087,3.90184e-05,0.00987152,0.297044,12986.7,0.606013,0.340183,-0.1,0.02,98.8294,1.33939e+06,0.199932,0.0145088,0.463054,0.0697875,-0.179241,0.684294,0.0956118,nan,nan,nan,nan,-0.0287209,-0.109426,-0.044592,nan,-0.277633,0,-0.0298874,-0.706436,nan,-0.880412,0.95897,0.376,-1.35506,-0.0310588,1.76765
110,18.7367,590.6,0.0302951,0.291667,0.541667,0.162547,1.34387,0.30858,-0.00955763,2.45961,3.90184e-05,0.0107454,0.297022,12708.8,0.596316,0.37057,-0.1,0.02,99.7975,1.35168e+06,0.188413,0.0131354,0.408902,0.0609815,-0.155069,0.5906,0.081085,nan,nan,nan,nan,-0.0244629,-0.0898762,-0.0404702,nan,-0.239089,-5e-05,-0.0260701,-0.597362,nan,-0.7575,0.826865,0.3404,-1.164,-0.0296,1.55
111,16.7736,606.895,0.0310032,0.291667,0.5,0.163114,1.36072,0.307906,-0.00854183,2.45837,3.90184e-05,0.0130159,0.296964,14167.5,0.588685,0.278654,-0.1,0.02,100.666,1.36397e+06,0.207967,0.0137166,0.421218,0.0579751,-0.159991,0.606895,0.0786053,nan,nan,nan,nan,-0.0228364,-0.0837871,-0.0372467,nan,-0.246632,0,-0.0281223,-0.629842,nan,-0.755842,0.864683,0.311579,-1.19116,-0.0270526,1.45855
112,22.8533,800.176,0.0320405,0.333333,0.375,0.165441,1.36621,0.341765,-0.00860705,2.45606,3.90184e-05,0.0107204,0.296931,13860.2,0.583045,0.30352,-0.1,0.02,101.554,1.37626e+06,0.235978,0.0198741,0.55344,0.0811644,-0.210101,0.800176,0.107565,nan,nan,nan,nan,-0.0314422,-0.120142,-0.0529252,nan,-0.324493,0,-0.036496,-0.819059,nan,-1.00571,1.13224,0.442588,-1.57929,-0.0389412,1.98824
113,22.3378,695.963,0.028222,0.5,0.625,0.164562,1.34128,0.333603,-0.00953802,2.45517,3.90184e-05,0.0110279,0.296906,15683,0.518653,0.264871,-0.1,0.02,102.339,1.38854e+06,0.235086,0.0149585,0.481494,0.0716523,-0.183994,0.695963,0.0960889,nan,nan,nan,nan,-0.02811,-0.107395,-0.0468438,nan,-0.282086,-0.000296296,-0.0313057,-0.711523,nan,-0.864222,0.990829,0.375704,-1.36607,-0.0378519,1.81481
114,19.2845,654.684,0.0292479,0.333333,0.458333,0.162904,1.33269,0.333666,-0.00830814,2.45451,3.90184e-05,0.00924289,0.296914,15577.3,0.521979,0.266862,-0.1,0.02,103.129,1.40083e+06,0.215001,0.0149672,0.449882,0.0663718,-0.171874,0.654684,0.0893842,nan,nan,nan,nan,-0.0258221,-0.0976519,-0.0423691,nan,-0.265887,-0.000105263,-0.0293843,-0.678207,nan,-0.835105,0.923733,0.357684,-1.28084,-0.0322105,1.65197
115,21.2738,759.64,0.0282759,0.375,0.666667,0.162253,1.38046,0.364815,-0.00823317,2.45476,3.90184e-05,0.00653498,0.296904,16106.9,0.484064,0.278837,-0.1,0.02,103.894,1.41312e+06,0.247922,0.0172585,0.527296,0.0747139,-0.199384,0.75964,0.09828,nan,nan,nan,nan,-0.0291827,-0.113478,-0.0486495,nan,-0.307593,0,-0.0349602,-0.785422,nan,-0.97968,1.07413,0.40512,-1.49168,-0.03664,1.886
116,18.9738,562.9,0.0301722,0.25,0.583333,0.161795,1.36304,0.317323,-0.00865719,2.45363,3.90184e-05,0.0120316,0.296856,15429.1,0.519445,0.276974,-0.1,0.02,104.691,1.42541e+06,0.177824,0.0140867,0.390792,0.0584191,-0.148096,0.5629,0.07723,nan,nan,nan,nan,-0.0234662,-0.0878245,-0.0384856,nan,-0.227803,0,-0.0267166,-0.581214,nan,-0.7029,0.800919,0.3234,-1.1112,-0.0298,1.52062
117,20.993,687,0.0287293,0.375,0.458333,0.163689,1.3858,0.354231,-0.00952007,2.45098,3.90184e-05,0.0171721,0.296779,16041,0.520642,0.245396,-0.1,0.02,105.459,1.4377e+06,0.246119,0.013678,0.47826,0.069468,-0.179799,0.687,0.09505,nan,nan,nan,nan,-0.0279246,-0.107451,-0.0461686,nan,-0.277885,-5e-05,-0.0324139,-0.702098,nan,-0.8391,0.974962,0.3834,-1.3532,-0.0347,1.7025
118,12.6555,434.182,0.0298924,0.166667,0.75,0.162052,1.33927,0.275508,-0.00982409,2.44809,3.90184e-05,0.0156096,0.296711,14743,0.509954,0.323527,-0.1,0.02,106.293,1.44998e+06,0.126736,0.00901676,0.294245,0.0433079,-0.113737,0.434182,0.0601045,nan,nan,nan,nan,-0.0185833,-0.0678316,-0.0284045,nan,-0.175624,0,-0.02089,-0.449015,nan,-0.532909,0.612495,0.237273,-0.858909,-0.0198182,1.10114
119,14.3222,472.571,0.0292453,0.166667,0.416667,0.164543,1.35009,0.323514,-0.0090037,2.44568,3.90184e-05,0.00970925,0.296672,16993.7,0.47691,0.246182,-0.1,0.02,107.018,1.46227e+06,0.121129,0.0111473,0.326653,0.0483074,-0.125035,0.472571,0.0655286,nan,nan,nan,nan,-0.019782,-0.0710709,-0.0308333,nan,-0.191707,0,-0.0212431,-0.488273,nan,-0.560786,0.665716,0.258286,-0.936857,-0.0237143,1.21607
120,19.9678,745.789,0.0305125,0.291667,0.5,0.162817,1.33561,0.310729,-0.0102373,2.44436,3.90184e-05,0.00868036,0.296635,16983.7,0.466573,0.256944,-0.1,0.02,107.743,1.47456e+06,0.236357,0.0157737,0.511408,0.0718126,-0.197766,0.745789,0.102016,nan,nan,nan,nan,-0.0296312,-0.116268,-0.0489167,nan,-0.30174,-0.000105263,-0.0364107,-0.775516,nan,-0.968053,1.04958,0.412842,-1.47053,-0.0377895,1.83553
121,20.9558,741.75,0.0298143,0.375,0.458333,0.162599,1.31671,0.300602,-0.00942634,2.44245,3.90184e-05,0.0105964,0.29658,17233,0.470021,0.243031,-0.1,0.02,108.457,1.48685e+06,0.216803,0.0154997,0.516249,0.0724155,-0.19826,0.74175,0.10187,nan,nan,nan,nan,-0.0294208,-0.11318,-0.048564,nan,-0.301128,0,-0.0362322,-0.764588,nan,-0.9324,1.05387,0.4048,-1.4556,-0.0386,1.8425
122,22.2086,711.588,0.0288769,0.291667,0.416667,0.161949,1.33151,0.27833,-0.0100269,2.44015,3.90184e-05,0.0159865,0.296521,15102.5,0.5397,0.273938,-0.1,0.02,109.272,1.49914e+06,0.211641,0.0177399,0.485767,0.070423,-0.189606,0.711588,0.0993647,nan,nan,nan,nan,-0.029151,-0.113645,-0.0478133,nan,-0.288507,-5.88235e-05,-0.0338262,-0.727218,nan,-0.891,1.00888,0.386353,-1.4,-0.0332941,1.87279
123,19.8844,649.5,0.0295043,0.25,0.333333,0.163667,1.33443,0.277088,-0.00921394,2.43786,3.90184e-05,0.0099989,0.296475,17015.3,0.473214,0.24896,-0.1,0.02,109.995,1.51142e+06,0.192242,0.0128371,0.441181,0.063994,-0.171252,0.6495,0.09485,nan,nan,nan,nan,-0.0277299,-0.104681,-0.0427584,nan,-0.262972,-0.000214286,-0.0301241,-0.678601,nan,-0.793071,0.927553,0.360857,-1.29257,-0.0278571,1.68304
124,22.1709,683.316,0.0306199,0.375,0.416667,0.163103,1.32016,0.321711,-0.00898912,2.43671,3.90184e-05,0.0152242,0.296466,16435.5,0.49217,0.25548,-0.1,0.02,110.744,1.52371e+06,0.239694,0.0138421,0.475041,0.0681697,-0.18105,0.683316,0.0948421,nan,nan,nan,nan,-0.027788,-0.10813,-0.0470704,nan,-0.27649,0,-0.032879,-0.71082,nan,-0.874895,0.973655,0.388,-1.34484,-0.0358947,1.81184
125,20.3883,632.115,0.0323945,0.458333,0.625,0.163451,1.3057,0.30844,-0.00868527,2.43709,3.90184e-05,0.012298,0.296497,17205.1,0.466586,0.24762,-0.1,0.02,111.46,1.536e+06,0.163359,0.0147503,0.43823,0.0623887,-0.167013,0.632115,0.0877885,nan,nan,nan,nan,-0.0257371,-0.0964789,-0.0430357,nan,-0.255683,-0.000192308,-0.0329783,-0.64906,nan,-0.775385,0.907537,0.349231,-1.24277,-0.0313077,1.68365
126,16.6843,595.808,0.0315944,0.208333,0.875,0.16803,1.35093,0.350146,-0.00961455,2.4375,3.90184e-05,0.0125504,0.296463,17115.2,0.472388,0.245569,-0.1,0.02,112.179,1.54829e+06,0.165747,0.0147788,0.41356,0.0565585,-0.157704,0.595808,0.0798885,nan,nan,nan,nan,-0.0240211,-0.086115,-0.039772,nan,-0.240403,-7.69231e-05,-0.0317066,-0.623359,nan,-0.731654,0.859608,0.334615,-1.17938,-0.0279231,1.45577
127,19.4299,653.476,0.0322264,0.25,0.625,0.166729,1.30775,0.297504,-0.00834301,2.43529,3.90184e-05,0.0118667,0.296405,16976.8,0.481604,0.242208,-0.1,0.02,112.904,1.56058e+06,0.204286,0.0162764,0.455949,0.0626773,-0.173501,0.653476,0.0875714,nan,nan,nan,nan,-0.0264606,-0.0977498,-0.0449001,nan,-0.264056,0,-0.0329215,-0.677033,nan,-0.814571,0.925548,0.361524,-1.2781,-0.0353333,1.64881
128,20.8456,752.077,0.0360313,0.333333,0.208333,0.169604,1.3281,0.318007,-0.00843203,2.43351,3.90184e-05,0.0117753,0.29638,17293.9,0.46192,0.248621,-0.1,0.02,113.616,1.57286e+06,0.233701,0.0182355,0.517457,0.0673949,-0.201031,0.752077,0.0974462,nan,nan,nan,nan,-0.0280831,-0.108682,-0.0490426,nan,-0.304359,-0.000769231,-0.0365978,-0.768681,nan,-0.941538,1.07214,0.420615,-1.46769,-0.038,1.80769
129,18.1093,591.125,0.0321266,0.333333,0.666667,0.164591,1.35161,0.324954,-0.00865915,2.43269,3.90184e-05,0.00806666,0.296357,16395.3,0.475293,0.274189,-0.1,0.02,114.367,1.58515e+06,0.212274,0.014151,0.408442,0.0557967,-0.156061,0.591125,0.080125,nan,nan,nan,nan,-0.0239313,-0.0894079,-0.0386519,nan,-0.238207,-4.16667e-05,-0.0322389,-0.600866,nan,-0.727875,0.849018,0.3385,-1.16883,-0.0298333,1.46198
130,25.0291,790.556,0.0318722,0.375,0.375,0.165877,1.34911,0.314317,-0.00987031,2.43134,3.90184e-05,0.00894512,0.296308,16861.8,0.486344,0.242402,-0.1,0.02,115.097,1.59744e+06,0.262076,0.0178912,0.549122,0.0763631,-0.208875,0.790556,0.108689,nan,nan,nan,nan,-0.0314815,-0.121398,-0.0532468,nan,-0.318916,0,-0.0416889,-0.809913,nan,-0.9715,1.124,0.444667,-1.57133,-0.0407778,2.04722
131,18.9547,616.611,0.0342323,0.208333,0.541667,0.164126,1.33616,0.315186,-0.00854096,2.42965,3.90184e-05,0.00592479,0.296287,16423.2,0.483436,0.264776,-0.1,0.02,115.846,1.60973e+06,0.202706,0.0147274,0.426531,0.057884,-0.163266,0.616611,0.0830833,nan,nan,nan,nan,-0.0243963,-0.091032,-0.0404518,nan,-0.248658,-0.000111111,-0.0321597,-0.632475,nan,-0.768833,0.875739,0.334667,-1.22467,-0.0312222,1.59306
132,16.8332,620.062,0.0311473,0.208333,0.458333,0.159021,1.35407,0.308036,-0.00911761,2.42925,3.90184e-05,0.0149622,0.29628,17237.4,0.469906,0.242961,-0.1,0.02,116.561,1.62202e+06,0.170191,0.0168297,0.422884,0.0575757,-0.166948,0.620062,0.084025,nan,nan,nan,nan,-0.0251433,-0.0948953,-0.0420286,nan,-0.249354,-0.0003125,-0.0353887,-0.637145,nan,-0.754687,0.881652,0.35525,-1.212,-0.029375,1.48047
133,20.4232,635.05,0.0366031,0.25,0.583333,0.159259,1.34905,0.329513,-0.00864376,2.42852,3.90184e-05,0.00916023,0.296247,16231,0.488931,0.268138,-0.1,0.02,117.319,1.6343e+06,0.220018,0.0139865,0.438997,0.0591092,-0.168309,0.63505,0.085735,nan,nan,nan,nan,-0.0257491,-0.0948912,-0.0412705,nan,-0.256645,-5e-05,-0.0340116,-0.641193,nan,-0.78255,0.912256,0.3458,-1.2448,-0.0322,1.63188
134,18.9828,617.545,0.0313951,0.333333,0.583333,0.160433,1.34885,0.380661,-0.00863948,2.42712,3.90184e-05,0.00679064,0.296218,16066.3,0.5106,0.254231,-0.1,0.02,118.085,1.64659e+06,0.19111,0.0141059,0.419968,0.0582674,-0.163968,0.617545,0.0822045,nan,nan,nan,nan,-0.0254054,-0.0982235,-0.040364,nan,-0.249302,-0.000272727,-0.0323916,-0.638587,nan,-0.771,0.876495,0.336182,-1.21473,-0.0272727,1.61477
135,13.648,489,0.0365185,0.208333,0.458333,0.160929,1.32326,0.327268,-0.00791675,2.42628,3.90184e-05,0.0139194,0.296206,16294.6,0.494647,0.259468,-0.1,0.02,118.841,1.65888e+06,0.139919,0.00985648,0.335021,0.0462377,-0.129856,0.489,0.0630437,nan,nan,nan,nan,-0.019968,-0.0740815,-0.0330478,nan,-0.196463,0,-0.0271739,-0.506845,nan,-0.594,0.684446,0.2735,-0.95,-0.025625,1.19844
136,24.7028,708.722,0.0309506,0.458333,0.291667,0.163128,1.32732,0.300767,-0.00885497,2.42542,3.90184e-05,0.014056,0.29617,16418.5,0.49768,0.250742,-0.1,0.02,119.59,1.67117e+06,0.243962,0.0179824,0.497859,0.0679793,-0.188209,0.708722,0.0954778,nan,nan,nan,nan,-0.0280038,-0.110658,-0.0486789,nan,-0.286155,0,-0.0386216,-0.715579,nan,-0.880333,1.01584,0.412,-1.38422,-0.0386667,1.89444
137,16.7441,531.583,0.0341893,0.0416667,0.458333,0.158084,1.37968,0.293494,-0.00843315,2.42351,3.90184e-05,0.00629706,0.296107,16474.4,0.483296,0.262587,-0.1,0.02,120.338,1.68346e+06,0.160917,0.0157077,0.356374,0.0471841,-0.140515,0.531583,0.0689333,nan,nan,nan,nan,-0.0217785,-0.0831762,-0.0352147,nan,-0.21345,0,-0.0290637,-0.554776,nan,-0.64975,0.765607,0.296667,-1.03733,-0.023,1.38229
138,17.2874,650.211,0.0333319,0.291667,0.5,0.162596,1.3562,0.33824,-0.00980672,2.4211,3.90184e-05,0.0147619,0.296073,16825.7,0.483954,0.246357,-0.1,0.02,121.069,1.69574e+06,0.235133,0.0162274,0.444516,0.0579786,-0.172828,0.650211,0.0841053,nan,nan,nan,nan,-0.0251145,-0.0960533,-0.0408825,nan,-0.261881,0,-0.0366905,-0.658888,nan,-0.823895,0.926983,0.346526,-1.28274,-0.0318947,1.53355
139,21.3722,608.154,0.0356191,0.125,0.416667,0.161834,1.33174,0.315521,-0.00925656,2.42068,3.90184e-05,0.0119882,0.296082,16685.8,0.479606,0.256828,-0.1,0.02,121.807,1.70803e+06,0.241062,0.01296,0.417071,0.0565689,-0.15908,0.608154,0.0826462,nan,nan,nan,nan,-0.0251785,-0.0932426,-0.0421375,nan,-0.244896,-0.000153846,-0.0358176,-0.61573,nan,-0.748615,0.889308,0.338154,-1.19138,-0.0326154,1.61154
140,22.4809,727.182,0.0316165,0.166667,0.291667,0.162482,1.32088,0.313216,-0.00784231,2.42113,3.90184e-05,0.0119379,0.296086,16319,0.487839,0.265148,-0.1,0.02,122.561,1.72032e+06,0.220023,0.0166286,0.503053,0.0680906,-0.190492,0.727182,0.1019,nan,nan,nan,nan,-0.0296077,-0.108922,-0.0494263,nan,-0.291773,0,-0.0418964,-0.730152,nan,-0.9,1.03471,0.410182,-1.45055,-0.0376364,1.87273
141,29.2707,867.05,0.0338685,0.5,0.333333,0.16279,1.31446,0.35977,-0.00960909,2.4207,3.90184e-05,0.0100947,0.296061,16047.4,0.471745,0.293989,-0.1,0.02,123.328,1.73261e+06,0.320172,0.0189487,0.604252,0.0787551,-0.230751,0.86705,0.11633,nan,nan,nan,nan,-0.0333589,-0.12772,-0.05738,nan,-0.349034,0,-0.0512695,-0.884159,nan,-1.04715,1.24835,0.4646,-1.7032,-0.0459,2.275
142,18.4695,596.55,0.0358154,0.125,0.708333,0.161015,1.35345,0.36106,-0.00937489,2.41957,3.90184e-05,0.0101396,0.296035,11508.3,0.650039,0.417713,-0.1,0.02,124.397,1.7449e+06,0.17157,0.0142586,0.408329,0.0557984,-0.15753,0.59655,0.080215,nan,nan,nan,nan,-0.0241318,-0.0879301,-0.0391191,nan,-0.239719,-0.0001,-0.0340925,-0.605563,nan,-0.7542,0.856262,0.3272,-1.172,-0.0267,1.55438
143,21.8728,701.421,0.0327595,0.333333,0.458333,0.159375,1.34309,0.284872,-0.00841614,2.41797,3.90184e-05,0.010179,0.295977,12843.9,0.627399,0.32932,-0.1,0.02,125.356,1.75718e+06,0.229546,0.0173245,0.477945,0.0604681,-0.186996,0.701421,0.0940316,nan,nan,nan,nan,-0.0277668,-0.105469,-0.0456501,nan,-0.282074,0,-0.0414009,-0.72832,nan,-0.868263,0.999683,0.365263,-1.37053,-0.0350526,1.83947
144,20.3327,740.667,0.0329873,0.333333,0.291667,0.162672,1.33267,0.305756,-0.00911734,2.41571,3.90184e-05,0.0101106,0.295935,12454.1,0.629306,0.357359,-0.1,0.02,126.344,1.76947e+06,0.225558,0.0176016,0.511235,0.0651599,-0.194943,0.740667,0.0957067,nan,nan,nan,nan,-0.0278186,-0.108434,-0.0484147,nan,-0.296802,0,-0.0450915,-0.742498,nan,-0.904,1.05664,0.383467,-1.44347,-0.0362667,1.76833
145,23.0312,684.294,0.0330735,0.208333,0.5,0.167832,1.30622,0.340155,-0.00882281,2.41415,3.90184e-05,0.0117178,0.295889,14233,0.587029,0.276319,-0.1,0.02,127.209,1.78176e+06,0.215378,0.0167034,0.470874,0.0618601,-0.179436,0.684294,0.0874647,nan,nan,nan,nan,-0.0267266,-0.100922,-0.0450231,nan,-0.273726,-0.000117647,-0.0434279,-0.693103,nan,-0.836824,0.995704,0.354353,-1.33459,-0.0335294,1.83235
146,18.6305,607.333,0.0350083,0.166667,0.458333,0.164049,1.36942,0.303024,-0.00941484,2.41201,3.90184e-05,0.00822807,0.295837,14491.4,0.528204,0.31975,-0.1,0.02,128.058,1.79405e+06,0.154243,0.0132919,0.412399,0.0551216,-0.161207,0.607333,0.0833867,nan,nan,nan,nan,-0.0249148,-0.0924384,-0.0410232,nan,-0.243829,0,-0.0369871,-0.616608,nan,-0.7392,0.868824,0.324533,-1.196,-0.0304,1.595
147,24.9347,701,0.0334362,0.125,0.291667,0.170171,1.38702,0.32933,-0.00928085,2.40948,3.90184e-05,0.0094925,0.295754,13239.7,0.586972,0.341146,-0.1,0.02,128.988,1.80634e+06,0.191474,0.0175874,0.489014,0.0628721,-0.185035,0.701,0.09227,nan,nan,nan,nan,-0.0279081,-0.101984,-0.0485002,nan,-0.280796,0,-0.0477466,-0.688525,nan,-0.7935,1.01526,0.406,-1.3668,-0.0342,1.84625
148,22.1023,681.125,0.0337871,0.291667,0.375,0.170515,1.36661,0.340065,-0.00887569,2.40609,3.90184e-05,0.0155219,0.295688,13302.9,0.568697,0.355009,-0.1,0.02,129.913,1.81862e+06,0.21169,0.017367,0.457335,0.0598348,-0.179684,0.681125,0.0936437,nan,nan,nan,nan,-0.0277271,-0.106952,-0.0453438,nan,-0.27289,-6.25e-05,-0.0427957,-0.695644,nan,-0.820125,0.983373,0.36925,-1.34775,-0.031875,1.80234
149,21.3047,703.846,0.0315732,0.5,0.583333,0.170103,1.35355,0.35365,-0.00937289,2.40415,3.90184e-05,0.0109591,0.295654,14215.6,0.598944,0.26546,-0.1,0.02,130.779,1.83091e+06,0.256236,0.0174036,0.477479,0.0614418,-0.184497,0.703846,0.0904885,nan,nan,nan,nan,-0.0265599,-0.103001,-0.0443349,nan,-0.281848,0,-0.0437356,-0.705984,nan,-0.834692,1.02526,0.366923,-1.38523,-0.0306923,1.70673
150,20.995,587.95,0.0327625,0.291667,0.541667,0.163826,1.34662,0.341109,-0.00939103,2.40305,3.90184e-05,0.0114694,0.295632,14758.2,0.518871,0.313753,-0.1,0.02,131.613,1.8432e+06,0.178482,0.0134605,0.403537,0.0543034,-0.156008,0.58795,0.077205,nan,nan,nan,nan,-0.0237395,-0.0865234,-0.0395773,nan,-0.235336,-0.0001,-0.0369202,-0.582092,nan,-0.71775,0.849759,0.3208,-1.1564,-0.0313,1.63
151,20.7278,630.28,0.0290652,0.333333,0.708333,0.162993,1.36117,0.318038,-0.00961123,2.4022,3.90184e-05,0.0137223,0.295616,13708.4,0.579053,0.317333,-0.1,0.02,132.51,1.85549e+06,0.204249,0.0146549,0.427419,0.0561345,-0.166079,0.63028,0.085756,nan,nan,nan,nan,-0.0255608,-0.0954068,-0.0418858,nan,-0.252628,-8e-05,-0.0392517,-0.624111,nan,-0.75624,0.895078,0.34528,-1.25024,-0.03048,1.6595
152,21.5819,717.524,0.0322372,0.416667,0.458333,0.162403,1.34364,0.320888,-0.0096997,2.40171,3.90184e-05,0.0191306,0.295611,13210.7,0.576779,0.353374,-0.1,0.02,133.442,1.86778e+06,0.241255,0.0175363,0.493685,0.061258,-0.191023,0.717524,0.0948143,nan,nan,nan,nan,-0.0277998,-0.105784,-0.0463082,nan,-0.288277,-0.000142857,-0.0458498,-0.707739,nan,-0.869429,1.02221,0.373524,-1.42514,-0.0358095,1.8006
153,22.2646,643.652,0.0318689,0.291667,0.666667,0.164617,1.28277,0.315292,-0.00952333,2.40118,3.90184e-05,0.016917,0.295576,13992.8,0.579733,0.298431,-0.1,0.02,134.322,1.88006e+06,0.238397,0.0152248,0.441534,0.058385,-0.16974,0.643652,0.0899,nan,nan,nan,nan,-0.0264102,-0.0962794,-0.0442619,nan,-0.25707,-0.000173913,-0.0426575,-0.627432,nan,-0.756261,0.936794,0.350783,-1.28157,-0.0329565,1.67337
154,26.0831,745.167,0.0327711,0.5,0.5,0.165294,1.3136,0.3422,-0.0101362,2.39949,3.90184e-05,0.0138976,0.295543,13636.7,0.537895,0.363205,-0.1,0.02,135.224,1.89235e+06,0.238225,0.0168766,0.512249,0.0653972,-0.197072,0.745167,0.102596,nan,nan,nan,nan,-0.0291538,-0.111,-0.0495309,nan,-0.299018,-8.33333e-05,-0.0487897,-0.740897,nan,-0.884875,1.0885,0.4045,-1.47,-0.03425,1.99531
155,19.9048,608.714,0.0332829,0.291667,0.583333,0.16518,1.32096,0.334445,-0.00831789,2.39846,5.85277e-05,0.00339707,0.295519,14167.5,0.556365,0.31097,-0.1,0.02,136.093,1.90464e+06,0.197361,0.0144455,0.417859,0.0544546,-0.160644,0.608714,0.0806143,nan,nan,nan,nan,-0.0237786,-0.0886985,-0.0397678,nan,-0.243997,0,-0.0379975,-0.607219,nan,-0.735143,0.881871,0.336762,-1.19257,-0.0319048,1.56488
156,17.3743,548.818,0.0347496,0.333333,0.583333,0.166025,1.31428,0.381106,-0.0102075,2.39653,5.85277e-05,0.00793791,0.295446,13320.4,0.592222,0.330275,-0.1,0.02,137.017,1.91693e+06,0.15788,0.0118376,0.374585,0.0477529,-0.144664,0.548818,0.0744227,nan,nan,nan,nan,-0.0215212,-0.0795626,-0.0366881,nan,-0.219473,-0.000363636,-0.0358801,-0.537351,nan,-0.656727,0.782174,0.302545,-1.09345,-0.0289091,1.4233
157,21.0621,646.36,0.0298333,0.375,0.666667,0.164508,1.30261,0.35158,-0.00998545,2.39301,5.85277e-05,0.0133533,0.295346,13371.9,0.608261,0.310681,-0.1,0.02,137.938,1.92922e+06,0.16939,0.0174903,0.440887,0.0579014,-0.169868,0.64636,0.085132,nan,nan,nan,nan,-0.025649,-0.0985509,-0.042858,nan,-0.258437,-8e-05,-0.0423008,-0.643089,nan,-0.78504,0.936418,0.35392,-1.26816,-0.03136,1.711
158,25.2843,657.045,0.0310695,0.291667,0.625,0.161035,1.32393,0.313946,-0.0106296,2.38908,5.85277e-05,0.0137267,0.295267,14108.5,0.524897,0.346068,-0.1,0.02,138.81,1.9415e+06,0.229133,0.0170684,0.455019,0.0595093,-0.173628,0.657045,0.0873318,nan,nan,nan,nan,-0.0263898,-0.0975653,-0.0453502,nan,-0.262356,0,-0.0448986,-0.643394,nan,-0.78,0.966916,0.367818,-1.28891,-0.0324545,1.81932
159,16.1731,574.389,0.033739,0.333333,0.416667,0.157922,1.33007,0.297929,-0.0103569,2.38683,5.85277e-05,0.0134567,0.295239,14171.9,0.539781,0.327285,-0.1,0.02,139.678,1.95379e+06,0.17733,0.012806,0.393589,0.0486426,-0.151591,0.574389,0.0752833,nan,nan,nan,nan,-0.0224827,-0.0829823,-0.0381537,nan,-0.230342,-0.000111111,-0.0373493,-0.573557,nan,-0.700167,0.828713,0.318222,-1.14267,-0.0291111,1.38819
160,21.4071,681.111,0.0334559,0.125,0.25,0.157452,1.31181,0.295078,-0.00997966,2.3865,5.85277e-05,0.0166078,0.295246,13193.5,0.55202,0.379351,-0.1,0.02,140.611,1.96608e+06,0.19658,0.018044,0.469941,0.0641187,-0.178447,0.681111,0.0918,nan,nan,nan,nan,-0.0270361,-0.0995193,-0.0458446,nan,-0.272354,0,-0.0393317,-0.65659,nan,-0.832333,0.971216,0.391111,-1.33333,-0.0371111,1.70833
161,17.1273,674.583,0.0323914,0.291667,0.208333,0.161352,1.34204,0.276597,-0.0110889,2.3859,5.85277e-05,0.0164331,0.2952,15259.8,0.527622,0.277629,-0.1,0.02,141.418,1.97837e+06,0.232482,0.0184573,0.459205,0.0569486,-0.177876,0.674583,0.0889667,nan,nan,nan,nan,-0.0264281,-0.102305,-0.0423681,nan,-0.269938,-0.00025,-0.0456197,-0.668668,nan,-0.80525,0.963718,0.366333,-1.32967,-0.0328333,1.49687
162,22.3929,679.118,0.0343871,0.333333,0.375,0.162234,1.36216,0.32387,-0.010832,2.38374,5.85277e-05,0.017302,0.295158,17250,0.470928,0.24142,-0.1,0.02,142.132,1.99066e+06,0.189371,0.0175591,0.464294,0.0575782,-0.180611,0.679118,0.0907235,nan,nan,nan,nan,-0.0263501,-0.0992081,-0.0450754,nan,-0.27131,0,-0.0453038,-0.66856,nan,-0.816529,0.981035,0.378824,-1.34306,-0.0332941,1.79044
163,24.5763,741.75,0.0338413,0.458333,0.541667,0.160418,1.34036,0.307083,-0.0101036,2.38218,5.85277e-05,0.0153783,0.295112,17058.5,0.469126,0.251219,-0.1,0.02,142.853,2.00294e+06,0.244533,0.0170113,0.509092,0.0665301,-0.195658,0.74175,0.10145,nan,nan,nan,nan,-0.0291737,-0.112141,-0.0486009,nan,-0.296286,-0.000125,-0.0489664,-0.739824,nan,-0.8975,1.07785,0.4095,-1.46183,-0.0348333,1.92604
164,28.5296,743.75,0.0346951,0.25,0.416667,0.16304,1.33704,0.282556,-0.0102164,2.38016,5.85277e-05,0.0127914,0.295071,12261.6,0.650263,0.351892,-0.1,0.02,143.857,2.01523e+06,0.240596,0.0189199,0.51007,0.0688362,-0.196994,0.74375,0.104981,nan,nan,nan,nan,-0.0298115,-0.110156,-0.0500073,nan,-0.297203,-0.000125,-0.0500687,-0.729871,nan,-0.888937,1.07275,0.41175,-1.4635,-0.037875,2.10938
165,22.6847,639.455,0.0320495,0.166667,0.291667,0.166358,1.31754,0.30973,-0.0109964,2.37779,5.85277e-05,0.0125384,0.29498,13222.5,0.615961,0.313365,-0.1,0.02,144.788,2.02752e+06,0.23773,0.0146889,0.43241,0.0562139,-0.169667,0.639455,0.0910364,nan,nan,nan,nan,-0.0265311,-0.0992191,-0.0435547,nan,-0.255769,0,-0.0434463,-0.628849,nan,-0.760636,0.933963,0.330545,-1.26873,-0.0292727,1.72386
166,20.1539,612.056,0.0335748,0.25,0.5,0.168492,1.36687,0.316989,-0.0111717,2.37387,5.85277e-05,0.0122949,0.294895,12220.5,0.620754,0.38477,-0.1,0.02,145.795,2.03981e+06,0.195646,0.0156723,0.418825,0.0522309,-0.161768,0.612056,0.0802611,nan,nan,nan,nan,-0.0245433,-0.0912398,-0.0407514,nan,-0.244257,-5.55556e-05,-0.0430948,-0.599978,nan,-0.722667,0.878443,0.328889,-1.19489,-0.0295556,1.57847
167,21.8107,689.409,0.0329929,0.333333,0.583333,0.167111,1.36879,0.313164,-0.0105316,2.37092,5.85277e-05,0.0138541,0.29484,12714.9,0.654559,0.311865,-0.1,0.02,146.763,2.0521e+06,0.23616,0.0151766,0.470385,0.061459,-0.183278,0.689409,0.0916773,nan,nan,nan,nan,-0.027636,-0.102609,-0.0468928,nan,-0.27489,-9.09091e-05,-0.0482294,-0.665819,nan,-0.814909,0.993374,0.396182,-1.35036,-0.0343636,1.6858
168,20.9358,648.7,0.0337016,0.333333,0.5,0.164132,1.36241,0.338008,-0.0108753,2.36852,5.85277e-05,0.0172212,0.294764,15724.6,0.531941,0.249509,-0.1,0.02,147.546,2.06438e+06,0.230253,0.0149963,0.445458,0.0556474,-0.172136,0.6487,0.08518,nan,nan,nan,nan,-0.0252547,-0.0912923,-0.0427866,nan,-0.258369,0,-0.0463985,-0.624648,nan,-0.75375,0.948438,0.3548,-1.2736,-0.0322,1.58375
169,23.3361,796.111,0.0337629,0.375,0.375,0.163958,1.37983,0.322691,-0.0105811,2.36501,5.85277e-05,0.0163739,0.294681,12789.1,0.606992,0.353827,-0.1,0.02,148.508,2.07667e+06,0.251706,0.018862,0.54361,0.0682011,-0.211537,0.796111,0.102011,nan,nan,nan,nan,-0.0305749,-0.115886,-0.0519235,nan,-0.31805,-5.55556e-05,-0.055281,-0.783303,nan,-0.947,1.15116,0.418889,-1.56733,-0.0382222,1.93542
170,19.6715,569.056,0.0329623,0.208333,0.541667,0.161919,1.36809,0.328835,-0.0112356,2.36194,5.85277e-05,0.0189494,0.29461,13969.3,0.575344,0.304296,-0.1,0.02,149.389,2.08896e+06,0.169739,0.0143013,0.387374,0.0518953,-0.151708,0.569056,0.0773278,nan,nan,nan,nan,-0.0231852,-0.0820835,-0.0384843,nan,-0.227314,-0.000444444,-0.0397341,-0.557032,nan,-0.671667,0.8252,0.329556,-1.13689,-0.0262222,1.51389
171,21.3669,719.227,0.0327289,0.5,0.416667,0.161989,1.3504,0.334456,-0.0105308,2.35961,5.85277e-05,0.0130525,0.294572,13986.4,0.562517,0.316048,-0.1,0.02,150.269,2.10125e+06,0.228528,0.0149801,0.490052,0.0624107,-0.19175,0.719227,0.0977409,nan,nan,nan,nan,-0.0288764,-0.110595,-0.0470426,nan,-0.287693,-9.09091e-05,-0.0503937,-0.704698,nan,-0.857182,1.03861,0.378727,-1.43073,-0.033,1.78011
172,22.7087,660.263,0.0335684,0.333333,0.458333,0.166467,1.35488,0.3302,-0.00998077,2.35845,5.85277e-05,0.0143715,0.294548,12489.7,0.620384,0.363465,-0.1,0.02,151.255,2.11354e+06,0.193523,0.0158254,0.454603,0.0562842,-0.173825,0.660263,0.0866211,nan,nan,nan,nan,-0.0256086,-0.0938324,-0.0432608,nan,-0.263616,-5.26316e-05,-0.0445465,-0.647425,nan,-0.794684,0.952537,0.371368,-1.29242,-0.0315789,1.75526
173,20.0115,596.111,0.0324652,0.291667,0.458333,0.167058,1.35585,0.331438,-0.0101967,2.35703,5.85277e-05,0.0141679,0.2945,15275.2,0.545749,0.25869,-0.1,0.02,152.06,2.12582e+06,0.183406,0.0134398,0.406179,0.0519708,-0.15812,0.596111,0.0794444,nan,nan,nan,nan,-0.0234514,-0.0879201,-0.0404336,nan,-0.238186,0,-0.0417259,-0.599203,nan,-0.723833,0.863564,0.314889,-1.17778,-0.0288889,1.61111
174,21.6004,678.182,0.0328646,0.416667,0.5,0.170558,1.35446,0.320319,-0.010679,2.35529,5.85277e-05,0.0187767,0.294478,16965.8,0.481917,0.242362,-0.1,0.02,152.786,2.13811e+06,0.218887,0.0170908,0.461013,0.0571908,-0.180916,0.678182,0.0902364,nan,nan,nan,nan,-0.0263057,-0.102125,-0.042984,nan,-0.27178,0,-0.0474025,-0.677839,nan,-0.826909,0.980043,0.364364,-1.33273,-0.0302727,1.75227
175,25.6974,775.333,0.0349147,0.25,0.25,0.159082,1.36732,0.310972,-0.0105279,2.35395,5.85277e-05,0.010477,0.29442,12910.2,0.569983,0.381825,-0.1,0.02,153.739,2.1504e+06,0.244249,0.0170949,0.536487,0.0705805,-0.206712,0.775333,0.1037,nan,nan,nan,nan,-0.0311185,-0.114787,-0.0537405,nan,-0.30972,-0.000166667,-0.0536013,-0.728934,nan,-0.96375,1.13304,0.435,-1.53633,-0.0421667,2.01042
176,23.4693,708.125,0.0301952,0.416667,0.583333,0.170387,1.37368,0.320068,-0.0102958,2.35185,5.85277e-05,0.0127228,0.294396,12298.8,0.643395,0.35573,-0.1,0.02,154.74,2.16269e+06,0.220467,0.01626,0.483378,0.0633301,-0.189025,0.708125,0.0979542,nan,nan,nan,nan,-0.0285816,-0.107797,-0.0478857,nan,-0.283179,-4.16667e-05,-0.0500775,-0.687711,nan,-0.83425,1.01837,0.405333,-1.40233,-0.0349167,1.82604
177,21.9359,611.167,0.035336,0.25,0.5,0.169655,1.35425,0.309179,-0.0104766,2.35095,5.85277e-05,0.0136748,0.29436,13193.8,0.585054,0.346289,-0.1,0.02,155.673,2.17498e+06,0.176823,0.0174375,0.419129,0.0525856,-0.16191,0.611167,0.08125,nan,nan,nan,nan,-0.023647,-0.0836378,-0.0412958,nan,-0.243252,0,-0.0458884,-0.578431,nan,-0.711667,0.884575,0.335778,-1.20711,-0.0323333,1.64722
178,24.6641,679.263,0.0310739,0.333333,0.458333,0.162747,1.36072,0.320296,-0.0102909,2.34937,5.85277e-05,0.0175569,0.294333,12624.4,0.62526,0.348091,-0.1,0.02,156.648,2.18726e+06,0.223259,0.0168479,0.464176,0.0614455,-0.180634,0.679263,0.0904526,nan,nan,nan,nan,-0.0269334,-0.0969785,-0.0457217,nan,-0.271235,0,-0.0470304,-0.657709,nan,-0.809211,0.985847,0.370526,-1.34926,-0.0370526,1.86316
179,20.4478,616.846,0.0327661,0.166667,0.375,0.164747,1.36901,0.321279,-0.0106256,2.34786,5.85277e-05,0.0164972,0.294274,14950,0.54205,0.279889,-0.1,0.02,157.471,2.19955e+06,0.173524,0.0165765,0.423909,0.0562446,-0.164191,0.616846,0.0839615,nan,nan,nan,nan,-0.0249527,-0.0893281,-0.0420082,nan,-0.246547,0,-0.0437021,-0.605374,nan,-0.726,0.902818,0.340615,-1.22369,-0.0301538,1.60385
180,22.611,661.905,0.0311707,0.416667,0.458333,0.166902,1.37721,0.303998,-0.0103682,2.34568,5.85277e-05,0.0114947,0.294237,12133.1,0.624346,0.388424,-0.1,0.02,158.485,2.21184e+06,0.228786,0.0174805,0.449944,0.0588212,-0.176898,0.661905,0.0909524,nan,nan,nan,nan,-0.0263986,-0.0970304,-0.0448104,nan,-0.264388,-4.7619e-05,-0.047909,-0.644102,nan,-0.769571,0.971054,0.364381,-1.28419,-0.0312381,1.67381
181,16.6153,516.8,0.0337817,0.25,0.583333,0.166951,1.36864,0.337215,-0.0112095,2.34455,5.85277e-05,0.0156207,0.294227,13640,0.593012,0.307865,-0.1,0.02,159.388,2.22413e+06,0.14098,0.0122508,0.355488,0.0450159,-0.138102,0.5168,0.065375,nan,nan,nan,nan,-0.0197869,-0.0704795,-0.0338675,nan,-0.206669,-0.0002,-0.0374955,-0.500705,nan,-0.60795,0.755488,0.2786,-1.0316,-0.0255,1.33313
182,15.8222,606.762,0.0328546,0.25,0.625,0.16259,1.38209,0.304344,-0.0107485,2.34464,5.85277e-05,0.012633,0.294237,13896.9,0.56293,0.321293,-0.1,0.02,160.274,2.23642e+06,0.191873,0.0130585,0.414887,0.0499607,-0.160754,0.606762,0.0763238,nan,nan,nan,nan,-0.0233145,-0.0866366,-0.038608,nan,-0.241225,-0.000333333,-0.0430129,-0.602414,nan,-0.721571,0.877946,0.309333,-1.20952,-0.0329524,1.41131
183,21.8002,589.857,0.0354962,0.125,0.166667,0.163703,1.39082,0.294267,-0.00987281,2.34525,5.85277e-05,0.00919257,0.294264,14135.1,0.58929,0.280038,-0.1,0.02,161.144,2.2487e+06,0.151702,0.0130319,0.41496,0.0496738,-0.158532,0.589857,0.0759714,nan,nan,nan,nan,-0.0224095,-0.0833485,-0.0393223,nan,-0.236162,-0.000285714,-0.0426975,-0.565604,nan,-0.698571,0.860676,0.326286,-1.16857,-0.032,1.65536
184,20.5627,669.348,0.0306561,0.333333,0.625,0.167736,1.34057,0.301735,-0.0106025,2.34637,5.85277e-05,0.0167974,0.294289,15958.3,0.503532,0.266473,-0.1,0.02,161.916,2.26099e+06,0.233569,0.0172516,0.458511,0.057297,-0.178292,0.669348,0.0849217,nan,nan,nan,nan,-0.0255383,-0.0935041,-0.0432851,nan,-0.267147,-0.000130435,-0.051351,-0.65097,nan,-0.775826,0.979477,0.345217,-1.32139,-0.0312174,1.6212
185,26.447,694.812,0.0321961,0.166667,0.5,0.168764,1.34081,0.299979,-0.0116594,2.34602,5.85277e-05,0.0140771,0.294232,13713.7,0.538788,0.357251,-0.1,0.02,162.813,2.27328e+06,0.239902,0.017199,0.474844,0.0621446,-0.187283,0.694812,0.0895125,nan,nan,nan,nan,-0.0278714,-0.100969,-0.0480149,nan,-0.277623,0,-0.0518976,-0.670563,nan,-0.810937,1.00866,0.393,-1.36525,-0.0345,1.91719
186,28.6007,836.923,0.0325617,0.291667,0.25,0.168767,1.33937,0.317343,-0.00992381,2.34306,5.85277e-05,0.0115181,0.294159,10921,0.692259,0.432917,-0.1,0.02,163.941,2.28557e+06,0.236321,0.0198486,0.568583,0.073297,-0.225061,0.836923,0.115031,nan,nan,nan,nan,-0.033843,-0.126665,-0.0581569,nan,-0.334493,0,-0.0640562,-0.810026,nan,-0.967615,1.2116,0.473231,-1.65569,-0.0416923,2.2125
187,19.5213,618.35,0.0311273,0.208333,0.625,0.169275,1.35158,0.325922,-0.0107975,2.34042,5.85277e-05,0.0186147,0.294107,11304.8,0.61981,0.467162,-0.1,0.02,165.029,2.29786e+06,0.187229,0.0156351,0.422069,0.0559678,-0.165355,0.61835,0.082005,nan,nan,nan,nan,-0.023816,-0.082286,-0.0413192,nan,-0.247454,0,-0.0451739,-0.588981,nan,-0.72585,0.894244,0.3464,-1.2154,-0.0302,1.52
188,23.1642,701.533,0.0297126,0.25,0.375,0.167943,1.34381,0.310001,-0.0102719,2.33807,5.85277e-05,0.0152317,0.294024,12266.9,0.604079,0.397638,-0.1,0.02,166.032,2.31014e+06,0.223133,0.0159833,0.482473,0.0609857,-0.187931,0.701533,0.0893267,nan,nan,nan,nan,-0.0266453,-0.0951202,-0.0461322,nan,-0.278948,-0.0002,-0.0506012,-0.68119,nan,-0.825,1.02091,0.403467,-1.36907,-0.0329333,1.75417
189,22.8007,753.923,0.0335989,0.25,0.291667,0.16507,1.36422,0.283257,-0.0104782,2.3352,5.85277e-05,0.0173699,0.293996,13434.3,0.611218,0.303457,-0.1,0.02,166.948,2.32243e+06,0.231908,0.0183357,0.513769,0.0650989,-0.204432,0.753923,0.0961615,nan,nan,nan,nan,-0.0274902,-0.106023,-0.0476391,nan,-0.302188,0,-0.0527021,-0.737254,nan,-0.919385,1.09549,0.381846,-1.50308,-0.0393846,1.92308
190,20.5272,656.28,0.0348646,0.458333,0.583333,0.168357,1.37965,0.366596,-0.0108615,2.3347,5.85277e-05,0.0108138,0.293986,15522.2,0.546162,0.245477,-0.1,0.02,167.742,2.33472e+06,0.21388,0.0141054,0.445646,0.0579602,-0.175765,0.65628,0.085376,nan,nan,nan,nan,-0.0253705,-0.0941975,-0.0436911,nan,-0.261939,0,-0.0484268,-0.641378,nan,-0.78312,0.955201,0.36336,-1.2872,-0.03336,1.629
191,20.8532,673.96,0.0317737,0.375,0.666667,0.170261,1.36459,0.364838,-0.0111425,2.33422,5.85277e-05,0.0149534,0.293985,16665,0.481348,0.256005,-0.1,0.02,168.48,2.34701e+06,0.21067,0.0146696,0.461255,0.0611021,-0.180494,0.67396,0.090404,nan,nan,nan,nan,-0.026801,-0.0970922,-0.0449666,nan,-0.269718,-0.00016,-0.0488194,-0.652042,nan,-0.78348,0.966431,0.37088,-1.35328,-0.03536,1.6855
192,20.7594,652.316,0.0337275,0.25,0.541667,0.169871,1.37181,0.301702,-0.0109348,2.3348,5.85277e-05,0.00779781,0.294012,14369.8,0.500236,0.354893,-0.1,0.02,169.337,2.3593e+06,0.242435,0.0143816,0.4516,0.0585857,-0.175287,0.652316,0.0880526,nan,nan,nan,nan,-0.0252534,-0.0911876,-0.0437902,nan,-0.260403,-0.000157895,-0.0491799,-0.636186,nan,-0.764526,0.943757,0.373895,-1.30611,-0.0343158,1.59934
193,20.4669,642.158,0.0317175,0.375,0.416667,0.172874,1.35155,0.28201,-0.0111108,2.33539,5.85277e-05,0.0148807,0.294,12595.5,0.638851,0.336737,-0.1,0.02,170.314,2.37158e+06,0.212207,0.0178112,0.436894,0.0557432,-0.171681,0.642158,0.0825316,nan,nan,nan,nan,-0.0243613,-0.0905919,-0.0427173,nan,-0.256163,0,-0.0492611,-0.642752,nan,-0.764211,0.936316,0.353895,-1.26168,-0.0305263,1.61974
194,22.2668,619.316,0.0353502,0.375,0.416667,0.171159,1.35823,0.304353,-0.0107621,2.33485,5.85277e-05,0.0176471,0.294013,13160.8,0.593773,0.339906,-0.1,0.02,171.249,2.38387e+06,0.225324,0.0143737,0.429874,0.0541608,-0.168097,0.619316,0.0786789,nan,nan,nan,nan,-0.0236335,-0.0820245,-0.0418306,nan,-0.24771,0,-0.0451358,-0.595286,nan,-0.727263,0.908909,0.34,-1.21684,-0.0305263,1.62105
195,26.7893,744,0.0377775,0.208333,0.333333,0.172287,1.36802,0.314957,-0.00932793,2.33597,5.85277e-05,0.0135524,0.294036,12604,0.60133,0.3736,-0.1,0.02,172.226,2.39616e+06,0.248225,0.0172914,0.515496,0.0652159,-0.199538,0.744,0.097,nan,nan,nan,nan,-0.0285821,-0.100544,-0.0487747,nan,-0.296949,0,-0.0555583,-0.713559,nan,-0.871154,1.08013,0.426154,-1.46677,-0.0341538,1.96154
196,27.2826,829.429,0.0305518,0.333333,0.541667,0.173691,1.32278,0.290251,-0.0101566,2.33654,5.85277e-05,0.0160207,0.294057,13658,0.539644,0.36005,-0.1,0.02,173.127,2.40845e+06,0.306742,0.0189177,0.574062,0.0710491,-0.225872,0.829429,0.102986,nan,nan,nan,nan,-0.0303263,-0.11055,-0.0518963,nan,-0.331637,0,-0.0613846,-0.803234,nan,-0.959286,1.21309,0.434476,-1.62495,-0.0410476,2.05357
197,23.7305,726.12,0.0317895,0.5,0.541667,0.170397,1.35456,0.306563,-0.00998505,2.33791,5.85277e-05,0.00993659,0.294098,13244,0.599208,0.328606,-0.1,0.02,174.057,2.42074e+06,0.248342,0.0189788,0.499946,0.0648473,-0.19669,0.72612,0.094528,nan,nan,nan,nan,-0.0280557,-0.101901,-0.0486878,nan,-0.290236,-0.00016,-0.0550383,-0.701476,nan,-0.846,1.06831,0.39424,-1.4416,-0.03544,1.8165
198,20.6636,642.636,0.0311996,0.375,0.541667,0.169698,1.35262,0.339974,-0.0107238,2.33942,5.85277e-05,0.0118561,0.294142,12861.1,0.634667,0.320769,-0.1,0.02,175.014,2.43302e+06,0.215871,0.0160376,0.441853,0.0591343,-0.174486,0.642636,0.08615,nan,nan,nan,nan,-0.0255568,-0.0919176,-0.0446218,nan,-0.256917,0,-0.0484726,-0.624402,nan,-0.754636,0.950255,0.359273,-1.26673,-0.0338182,1.58352
199,21.7091,631.308,0.0323199,0.375,0.708333,0.167136,1.3607,0.335583,-0.0108844,2.34023,5.85277e-05,0.0190692,0.294115,11820.8,0.601048,0.43848,-0.1,0.02,176.055,2.44531e+06,0.230432,0.0142927,0.430344,0.0566089,-0.170017,0.631308,0.0817385,nan,nan,nan,nan,-0.0253475,-0.0938829,-0.0424169,nan,-0.252502,-0.000153846,-0.0472091,-0.616844,nan,-0.757038,0.921181,0.352308,-1.24815,-0.0320769,1.65288
200,18.8478,588.6,0.030451,0.291667,0.541667,0.168189,1.3265,0.34506,-0.0114694,2.33937,5.85277e-05,0.0126596,0.29413,14921,0.548662,0.274874,-0.1,0.02,176.88,2.4576e+06,0.17463,0.0128117,0.401186,0.0534394,-0.157424,0.5886,0.075895,nan,nan,nan,nan,-0.0228918,-0.0825108,-0.0382922,nan,-0.234858,0,-0.0433613,-0.567659,nan,-0.70785,0.857376,0.322,-1.15,-0.0312,1.4925
201,12.3697,382.062,0.035244,0.0416667,0.625,0.164853,1.32218,0.366891,-0.0108192,2.3396,5.85277e-05,0.0108484,0.294098,13600,0.586217,0.317312,-0.1,0.02,179.776,2.46989e+06,0.126856,0.0081288,0.257708,0.0353841,-0.104511,0.382062,0.0494375,nan,nan,nan,nan,-0.0158846,-0.053602,-0.0252813,nan,-0.153225,-0.0001875,-0.0283831,-0.369173,nan,-0.453937,0.558093,0.191,-0.75975,-0.02,0.99375
202,16.8963,553.529,0.0331702,0.166667,0.541667,0.166672,1.35038,0.304969,-0.0112971,2.33743,5.85277e-05,0.0105801,0.294038,13105.2,0.610958,0.326684,-0.1,0.02,180.715,2.48218e+06,0.194652,0.0129303,0.379478,0.0486028,-0.149864,0.553529,0.0687059,nan,nan,nan,nan,-0.0212104,-0.0742013,-0.0353655,nan,-0.221537,-0.000117647,-0.0390205,-0.555447,nan,-0.652412,0.807032,0.287529,-1.09059,-0.0267059,1.35882
203,22.6743,686.933,0.0328489,0.333333,0.291667,0.170077,1.35791,0.349278,-0.00927939,2.33474,5.85277e-05,0.0120231,0.293966,14580.6,0.579805,0.26296,-0.1,0.02,181.559,2.49446e+06,0.224835,0.016382,0.471698,0.0626881,-0.186195,0.686933,0.0894667,nan,nan,nan,nan,-0.0259454,-0.0943894,-0.0457716,nan,-0.274838,0,-0.0508262,-0.662253,nan,-0.826,1.00097,0.362667,-1.34987,-0.0366667,1.77083
204,19.7404,642.045,0.0359984,0.375,0.541667,0.166696,1.39642,0.341981,-0.0108332,2.33137,5.85277e-05,0.0112887,0.293877,15966.1,0.514107,0.255522,-0.1,0.02,182.33,2.50675e+06,0.200114,0.0134113,0.441516,0.0549238,-0.174322,0.642045,0.0796227,nan,nan,nan,nan,-0.0233604,-0.0859306,-0.0415742,nan,-0.257202,-0.000272727,-0.0458477,-0.619481,nan,-0.773591,0.938399,0.344727,-1.274,-0.035,1.60284
205,18.7818,568.286,0.0322226,0.333333,0.833333,0.164831,1.37559,0.387475,-0.0108143,2.32862,5.85277e-05,0.0081219,0.293846,16042.9,0.495344,0.270601,-0.1,0.02,183.098,2.51904e+06,0.174606,0.0131951,0.387458,0.0509333,-0.15371,0.568286,0.0697964,nan,nan,nan,nan,-0.0214889,-0.0762003,-0.0366336,nan,-0.227128,0,-0.0408447,-0.557828,nan,-0.667929,0.834647,0.308857,-1.11871,-0.0271429,1.45893
206,22.2694,665.909,0.0301414,0.416667,0.5,0.168218,1.36745,0.325566,-0.0101674,2.3271,5.85277e-05,0.0162562,0.293777,16748.5,0.487712,0.245967,-0.1,0.02,183.833,2.53133e+06,0.163347,0.0184147,0.45592,0.0615054,-0.180683,0.665909,0.0878591,nan,nan,nan,nan,-0.0260908,-0.0942132,-0.0453153,nan,-0.265667,-9.09091e-05,-0.0520547,-0.64551,nan,-0.766364,0.977188,0.373273,-1.31,-0.0346364,1.73068
207,20.396,609.857,0.03554,0.208333,0.375,0.168055,1.37762,0.321104,-0.00971024,2.32381,5.85277e-05,0.0112741,0.293707,16899.1,0.483076,0.244065,-0.1,0.02,184.561,2.54362e+06,0.148086,0.0155469,0.41463,0.057962,-0.165887,0.609857,0.0832714,nan,nan,nan,nan,-0.0248181,-0.0880666,-0.0420811,nan,-0.244694,-0.000857143,-0.0444223,-0.578233,nan,-0.714214,0.892756,0.346571,-1.22,-0.0354286,1.60982
208,17.4211,605.118,0.0330911,0.291667,0.416667,0.166842,1.35929,0.298611,-0.0114484,2.32135,5.85277e-05,0.0177079,0.293654,16882.9,0.484828,0.243007,-0.1,0.02,185.291,2.5559e+06,0.157727,0.0147706,0.408515,0.0527885,-0.164918,0.605118,0.0763471,nan,nan,nan,nan,-0.0235697,-0.0838416,-0.0393458,nan,-0.242967,-0.000117647,-0.0452349,-0.596108,nan,-0.736765,0.881216,0.321412,-1.19388,-0.0355294,1.51544
209,17.3999,583.118,0.0317304,0.25,0.458333,0.16727,1.35074,0.281482,-0.0103579,2.31887,5.85277e-05,0.0117112,0.29358,16765.1,0.488404,0.244549,-0.1,0.02,186.025,2.56819e+06,0.19948,0.0139278,0.392273,0.0507402,-0.159305,0.583118,0.0735176,nan,nan,nan,nan,-0.0220718,-0.079384,-0.0371966,nan,-0.233891,0,-0.041531,-0.573403,nan,-0.688235,0.863721,0.306353,-1.14588,-0.0263529,1.39412
210,27.6847,815.353,0.0316947,0.458333,0.25,0.167059,1.36419,0.287863,-0.0107366,2.31541,5.85277e-05,0.0147761,0.293502,16462.5,0.498297,0.248129,-0.1,0.02,186.772,2.58048e+06,0.260999,0.0186747,0.557091,0.0762304,-0.221704,0.815353,0.106641,nan,nan,nan,nan,-0.0310292,-0.114438,-0.054032,nan,-0.325757,0,-0.0591687,-0.776895,nan,-0.942706,1.19206,0.442118,-1.61318,-0.0452941,2.09926
211,21.2931,621.545,0.0349552,0.25,0.666667,0.168289,1.37381,0.299261,-0.0113807,2.31231,5.85277e-05,0.0154404,0.293431,16374.5,0.502277,0.248157,-0.1,0.02,187.524,2.59277e+06,0.182768,0.0164969,0.415839,0.0595382,-0.167904,0.621545,0.0829591,nan,nan,nan,nan,-0.0255057,-0.0880925,-0.0420598,nan,-0.249113,0,-0.0440766,-0.610169,nan,-0.738409,0.917542,0.343636,-1.22836,-0.0348182,1.65284
212,28.1343,841,0.0328853,0.25,0.166667,0.165666,1.35765,0.291111,-0.0107313,2.3102,5.85277e-05,0.0125917,0.293402,16530.1,0.494467,0.248905,-0.1,0.02,188.269,2.60506e+06,0.289363,0.020206,0.580248,0.0791423,-0.229788,0.841,0.1164,nan,nan,nan,nan,-0.033576,-0.127077,-0.0577519,nan,-0.337489,0,-0.0597195,-0.81213,nan,-1.0008,1.23204,0.4564,-1.666,-0.05,2.16625
213,21.1324,629.526,0.0330699,0.333333,0.458333,0.166474,1.37866,0.326244,-0.011222,2.30898,5.85277e-05,0.00824652,0.293366,16735.2,0.484155,0.250106,-0.1,0.02,189.005,2.61734e+06,0.197079,0.0167765,0.434954,0.0599171,-0.170125,0.629526,0.0841526,nan,nan,nan,nan,-0.0242965,-0.0865819,-0.0428013,nan,-0.251614,0,-0.0474244,-0.61737,nan,-0.721737,0.927952,0.347158,-1.24063,-0.0356842,1.59737
214,22.9977,743.826,0.0310343,0.458333,0.5,0.171235,1.33469,0.300852,-0.0108528,2.30745,5.85277e-05,0.0149481,0.29334,16611.1,0.490252,0.249495,-0.1,0.02,189.746,2.62963e+06,0.246648,0.0129022,0.509865,0.0637054,-0.199303,0.743826,0.0887304,nan,nan,nan,nan,-0.0266648,-0.0949764,-0.0480473,nan,-0.297041,0,-0.0534525,-0.707869,nan,-0.859957,1.09739,0.391652,-1.4447,-0.0413043,1.76848
215,21.5226,637.476,0.0317643,0.291667,0.583333,0.173127,1.35613,0.333307,-0.0111365,2.30702,5.85277e-05,0.0129121,0.293342,16241.9,0.506242,0.25032,-0.1,0.02,190.504,2.64192e+06,0.212841,0.0157363,0.431999,0.0580306,-0.175072,0.637476,0.0833333,nan,nan,nan,nan,-0.0246908,-0.0866099,-0.0407688,nan,-0.255169,0,-0.0496557,-0.622493,nan,-0.734,0.934933,0.33981,-1.26629,-0.0320952,1.64881
216,13.0112,480.409,0.0355218,0.291667,0.625,0.176201,1.35952,0.33677,-0.0111412,2.30662,5.85277e-05,0.0119278,0.293316,15416.1,0.509129,0.28796,-0.1,0.02,191.302,2.65421e+06,0.143315,0.0119076,0.319949,0.0421247,-0.130265,0.480409,0.0601545,nan,nan,nan,nan,-0.0182315,-0.0646283,-0.0302172,nan,-0.192384,0,-0.0352121,-0.470794,nan,-0.564682,0.701184,0.250545,-0.947818,-0.0212727,1.11648
217,19.7929,578.688,0.0349283,0.166667,0.5,0.174312,1.37613,0.349598,-0.0100956,2.30519,5.85277e-05,0.00847159,0.293269,16395.3,0.484961,0.264522,-0.1,0.02,192.053,2.6665e+06,0.176073,0.0133151,0.398323,0.0560048,-0.156028,0.578687,0.0758625,nan,nan,nan,nan,-0.0230648,-0.0774245,-0.0396831,nan,-0.231254,0,-0.0426496,-0.553186,nan,-0.679125,0.839389,0.3315,-1.15075,-0.033375,1.50703
218,25.8111,728.706,0.0333318,0.291667,0.416667,0.172417,1.3884,0.347671,-0.010155,2.30419,5.85277e-05,0.00891197,0.293291,15802.4,0.518091,0.259512,-0.1,0.02,192.832,2.67878e+06,0.182818,0.0170208,0.490189,0.0677121,-0.197775,0.728706,0.0966353,nan,nan,nan,nan,-0.0276015,-0.100638,-0.0482816,nan,-0.292373,0,-0.0529641,-0.715786,nan,-0.847765,1.06689,0.407765,-1.41859,-0.0389412,1.97353
219,30.0357,737.583,0.0335153,0.541667,0.458333,0.173418,1.37064,0.293857,-0.0104072,2.30532,5.85277e-05,0.0116716,0.2933,16007.5,0.513463,0.254176,-0.1,0.02,193.601,2.69107e+06,0.25801,0.0183361,0.502545,0.0721768,-0.199373,0.737583,0.0975792,nan,nan,nan,nan,-0.0283726,-0.101808,-0.0507385,nan,-0.294103,0,-0.0554147,-0.711639,nan,-0.8495,1.10386,0.425,-1.434,-0.0399167,2.05156
220,26.1669,791.778,0.0355177,0.416667,0.333333,0.171045,1.34515,0.279235,-0.00992526,2.30405,5.85277e-05,0.00767382,0.293223,16573.4,0.500004,0.241426,-0.1,0.02,194.344,2.70336e+06,0.287977,0.0188388,0.545181,0.072412,-0.214681,0.791778,0.101956,nan,nan,nan,nan,-0.02895,-0.10367,-0.0517382,nan,-0.317602,0,-0.0573205,-0.76421,nan,-0.924,1.15743,0.439111,-1.55067,-0.0393333,1.94583
221,21.772,650.214,0.0314227,0.25,0.333333,0.174373,1.31126,0.289673,-0.0110512,2.29929,5.85277e-05,0.0183983,0.29308,17058,0.479848,0.240517,-0.1,0.02,195.065,2.71565e+06,0.225661,0.0142222,0.450723,0.0624027,-0.174622,0.650214,0.0784357,nan,nan,nan,nan,-0.0232589,-0.0783132,-0.0417527,nan,-0.259024,-0.000214286,-0.0498446,-0.618247,nan,-0.755571,0.974717,0.340857,-1.26971,-0.0362857,1.59821
222,22.4233,619.5,0.0335195,0.291667,0.291667,0.175193,1.33151,0.299109,-0.0102565,2.29503,5.85277e-05,0.00987842,0.293044,17248,0.469913,0.242518,-0.1,0.02,195.779,2.72794e+06,0.190691,0.0160595,0.415278,0.0581163,-0.168889,0.6195,0.0847786,nan,nan,nan,nan,-0.0245677,-0.0889686,-0.0413896,nan,-0.24661,0,-0.0478072,-0.609986,nan,-0.683571,0.922247,0.354,-1.21914,-0.03,1.62143
223,23.8295,631.9,0.0356832,0.375,0.458333,0.168462,1.33414,0.301118,-0.0107759,2.29509,5.85277e-05,0.0112518,0.293071,16432.4,0.491613,0.256179,-0.1,0.02,196.528,2.74022e+06,0.20487,0.0146601,0.433347,0.0633174,-0.170999,0.6319,0.08206,nan,nan,nan,nan,-0.0241579,-0.0855656,-0.0430895,nan,-0.252255,0,-0.0463882,-0.611974,nan,-0.7275,0.933625,0.3648,-1.2384,-0.0324,1.69563
224,18.5297,579.158,0.0346743,0.166667,0.625,0.167784,1.3336,0.309884,-0.0107129,2.2954,5.85277e-05,0.0158574,0.293038,16477.2,0.485655,0.260103,-0.1,0.02,197.275,2.75251e+06,0.198255,0.0139993,0.392408,0.0534961,-0.155563,0.579158,0.0738737,nan,nan,nan,nan,-0.0221128,-0.0757594,-0.0377296,nan,-0.230938,0,-0.0427065,-0.553028,nan,-0.691895,0.845156,0.314526,-1.13853,-0.0323158,1.43618
225,22.6169,666.571,0.0361045,0.25,0.333333,0.170035,1.33047,0.31119,-0.0100862,2.29265,5.85277e-05,0.0131822,0.292954,16756.4,0.485934,0.247397,-0.1,0.02,198.01,2.7648e+06,0.216537,0.0171334,0.463597,0.0648431,-0.179584,0.666571,0.0869286,nan,nan,nan,nan,-0.0247176,-0.0858009,-0.0434528,nan,-0.266832,0,-0.0498553,-0.634818,nan,-0.783,0.992972,0.356286,-1.31714,-0.0318571,1.68304
226,18.6253,562.737,0.0314926,0.208333,0.583333,0.168957,1.31187,0.274227,-0.0112594,2.29004,5.85277e-05,0.00931657,0.292916,17054.5,0.478176,0.242338,-0.1,0.02,198.732,2.77709e+06,0.160198,0.0128285,0.375488,0.0529189,-0.152697,0.562737,0.0725474,nan,nan,nan,nan,-0.0224681,-0.07894,-0.0380794,nan,-0.224968,0,-0.0424755,-0.552264,nan,-0.640263,0.829493,0.320842,-1.09705,-0.0289474,1.42237
227,20.2285,615.231,0.0355826,0.208333,0.333333,0.169379,1.32759,0.276473,-0.0104871,2.28821,5.85277e-05,0.0115882,0.292843,16772.1,0.485614,0.247033,-0.1,0.02,199.466,2.78938e+06,0.181186,0.0133004,0.408573,0.0596738,-0.167715,0.615231,0.0822,nan,nan,nan,nan,-0.0248169,-0.0884541,-0.0407826,nan,-0.246172,0,-0.0457283,-0.591368,nan,-0.690462,0.89945,0.347692,-1.22031,-0.032,1.55192
228,19.975,599.4,0.0347485,0.0833333,0.333333,0.171658,1.32683,0.361569,-0.00999715,2.28452,5.85277e-05,0.0146393,0.292756,17176.1,0.475091,0.24032,-0.1,0.02,200.182,2.80166e+06,0.165057,0.0126991,0.405782,0.0587096,-0.162823,0.5994,0.07909,nan,nan,nan,nan,-0.024072,-0.0862317,-0.0406644,nan,-0.240048,0,-0.0445735,-0.567198,nan,-0.711,0.888473,0.3372,-1.164,-0.0308,1.52375
229,20.4966,586.905,0.0315129,0.25,0.625,0.170121,1.33122,0.36118,-0.0106362,2.28243,5.85277e-05,0.0176767,0.292752,17080.3,0.47866,0.240766,-0.1,0.02,200.903,2.81395e+06,0.190591,0.0122884,0.398925,0.0559723,-0.158096,0.586905,0.0761238,nan,nan,nan,nan,-0.0230349,-0.0818582,-0.0394601,nan,-0.23469,0,-0.0422435,-0.563433,nan,-0.701286,0.864435,0.320952,-1.16248,-0.0360952,1.56131
230,18.8877,583.368,0.0356098,0.291667,0.5,0.172764,1.31541,0.304024,-0.0115525,2.28236,5.85277e-05,0.0166651,0.292731,17107.9,0.478409,0.239856,-0.1,0.02,201.623,2.82624e+06,0.149349,0.0145342,0.392354,0.0560922,-0.158995,0.583368,0.0768895,nan,nan,nan,nan,-0.0230469,-0.0818368,-0.0396354,nan,-0.233382,0,-0.0426835,-0.558349,nan,-0.680842,0.853227,0.330947,-1.14484,-0.0323158,1.48355
231,23.9979,739.579,0.0327742,0.291667,0.5,0.171604,1.30077,0.332693,-0.0100512,2.28104,5.85277e-05,0.0164872,0.292692,16757.7,0.488538,0.244739,-0.1,0.02,202.357,2.83853e+06,0.251385,0.0155252,0.509217,0.0689672,-0.200581,0.739579,0.0918,nan,nan,nan,nan,-0.0281064,-0.101563,-0.0492416,nan,-0.295379,-5.26316e-05,-0.0545713,-0.706224,nan,-0.861158,1.09641,0.401053,-1.46695,-0.0391579,1.82895
232,23.943,724.95,0.0322708,0.375,0.458333,0.172147,1.32679,0.300408,-0.0101837,2.28025,5.85277e-05,0.013255,0.292703,16322.5,0.501579,0.251247,-0.1,0.02,203.111,2.85082e+06,0.220016,0.0171557,0.500233,0.0668851,-0.197948,0.72495,0.08922,nan,nan,nan,nan,-0.0262692,-0.0938848,-0.047267,nan,-0.289921,0,-0.0525389,-0.709392,nan,-0.8463,1.06918,0.39,-1.43,-0.0376,1.85063
233,25.9997,765.696,0.0319861,0.541667,0.416667,0.166079,1.31482,0.29454,-0.0110887,2.28019,5.85277e-05,0.0152404,0.292665,16934.4,0.477173,0.248452,-0.1,0.02,203.838,2.8631e+06,0.267023,0.0180772,0.516624,0.072446,-0.20719,0.765696,0.102543,nan,nan,nan,nan,-0.0294398,-0.106358,-0.0507944,nan,-0.30636,0,-0.0548432,-0.742888,nan,-0.88213,1.13467,0.407652,-1.51009,-0.0413913,1.94674
234,16.7752,564.467,0.0319986,0.166667,0.458333,0.170427,1.32031,0.327656,-0.0113311,2.27752,5.85277e-05,0.0149526,0.292583,16187.6,0.508179,0.250923,-0.1,0.02,204.599,2.87539e+06,0.156378,0.0129852,0.379853,0.0498429,-0.15262,0.564467,0.0670267,nan,nan,nan,nan,-0.0206767,-0.0683078,-0.0348887,nan,-0.225411,0,-0.0420387,-0.54021,nan,-0.6392,0.836392,0.286133,-1.1048,-0.0286667,1.3425
235,27.178,766.091,0.0357071,0.5,0.416667,0.171022,1.32584,0.294056,-0.0109527,2.27384,5.85277e-05,0.0141191,0.292493,16905.7,0.482952,0.243904,-0.1,0.02,205.327,2.88768e+06,0.202587,0.0194089,0.526752,0.0753105,-0.208012,0.766091,0.101427,nan,nan,nan,nan,-0.0290674,-0.106633,-0.0521495,nan,-0.305404,0,-0.0573903,-0.750644,nan,-0.878591,1.13562,0.432182,-1.51418,-0.0427273,2.04432
236,22.1899,757.5,0.0362792,0.208333,0.208333,0.164987,1.31788,0.30349,-0.0101819,2.27061,5.85277e-05,0.00936687,0.292423,16942,0.478218,0.247079,-0.1,0.02,206.053,2.89997e+06,0.236859,0.0187362,0.522057,0.0663903,-0.206897,0.7575,0.09245,nan,nan,nan,nan,-0.0261942,-0.0943097,-0.0458049,nan,-0.302232,0,-0.0577803,-0.725155,nan,-0.8667,1.10873,0.4,-1.4852,-0.0392,1.75625
237,19.6875,630.714,0.0386794,0.166667,0.416667,0.167252,1.31889,0.312245,-0.00981351,2.26772,5.85277e-05,0.0144404,0.29236,15473.2,0.489632,0.304516,-0.1,0.02,206.849,2.91226e+06,0.189589,0.0140823,0.42199,0.057466,-0.171318,0.630714,0.0840786,nan,nan,nan,nan,-0.025274,-0.0886727,-0.0414136,nan,-0.25288,0,-0.0449854,-0.621006,nan,-0.711857,0.922432,0.332286,-1.24343,-0.0317143,1.56429
238,23.1805,644.25,0.0393401,0.291667,0.375,0.165613,1.32299,0.337893,-0.0113292,2.26496,5.85277e-05,0.0171034,0.292287,11715,0.646087,0.402827,-0.1,0.02,207.9,2.92454e+06,0.195912,0.013555,0.442157,0.0605231,-0.17445,0.64425,0.0827875,nan,nan,nan,nan,-0.0247671,-0.0889458,-0.0423711,nan,-0.25738,-0.000125,-0.0478791,-0.620648,nan,-0.744,0.932691,0.35425,-1.2695,-0.03375,1.73672
239,29.1615,845.75,0.0352109,0.416667,0.25,0.16641,1.32509,0.286822,-0.010538,2.26268,5.85277e-05,0.0072803,0.292266,13633.5,0.59409,0.307218,-0.1,0.02,208.803,2.93683e+06,0.234882,0.0185268,0.579201,0.0835387,-0.230117,0.84575,0.113875,nan,nan,nan,nan,-0.0327529,-0.116965,-0.0576475,nan,-0.337787,0,-0.0637147,-0.809357,nan,-0.9645,1.24633,0.478,-1.67225,-0.046,2.18906
240,28.8393,850,0.0357318,0.625,0.208333,0.165448,1.31572,0.290083,-0.00992953,2.26228,5.85277e-05,0.0148651,0.292252,12561.3,0.625764,0.352482,-0.1,0.02,209.783,2.94912e+06,0.235335,0.0215373,0.576108,0.0823379,-0.230779,0.85,0.11466,nan,nan,nan,nan,-0.032121,-0.118533,-0.0561705,nan,-0.33928,0,-0.0628068,-0.812333,nan,-0.99465,1.25154,0.4618,-1.683,-0.0423,2.22063
241,28.2811,821.111,0.0347175,0.458333,0.291667,0.157955,1.29398,0.315753,-0.0109967,2.26126,5.85277e-05,0.0154029,0.292225,11971.6,0.635918,0.390513,-0.1,0.02,210.811,2.96141e+06,0.239993,0.0202043,0.558004,0.0798046,-0.222043,0.821111,0.109194,nan,nan,nan,nan,-0.0323551,-0.117651,-0.0553497,nan,-0.328111,0,-0.0623528,-0.780694,nan,-0.955833,1.21702,0.454,-1.62622,-0.0435556,2.13889
242,23.2888,773.812,0.0353468,0.291667,0.375,0.158613,1.36379,0.28918,-0.010436,2.26068,5.85277e-05,0.0158227,0.292227,13233.2,0.608525,0.320051,-0.1,0.02,211.741,2.9737e+06,0.275558,0.0176917,0.525575,0.0750849,-0.210572,0.773812,0.0979937,nan,nan,nan,nan,-0.0286188,-0.104543,-0.0485713,nan,-0.310673,0,-0.0543804,-0.749432,nan,-0.924187,1.14392,0.41375,-1.5375,-0.038125,1.84766
243,28.6605,789.938,0.0358558,0.333333,0.333333,0.161156,1.33092,0.286456,-0.00989218,2.26029,5.85277e-05,0.00830036,0.292186,12388,0.615518,0.376411,-0.1,0.02,212.735,2.98598e+06,0.214129,0.0189523,0.543393,0.0776708,-0.212899,0.789937,0.104819,nan,nan,nan,nan,-0.029856,-0.10509,-0.0527787,nan,-0.315604,-0.0004375,-0.0562818,-0.7452,nan,-0.941437,1.15765,0.46625,-1.542,-0.042875,2.10469
244,21.9586,711.941,0.0372682,0.291667,0.416667,0.162762,1.32844,0.310971,-0.0111532,2.25823,5.85277e-05,0.0128768,0.292144,12987.9,0.620752,0.325361,-0.1,0.02,213.682,2.99827e+06,0.190568,0.0153718,0.473859,0.0657377,-0.193565,0.711941,0.0943471,nan,nan,nan,nan,-0.0280489,-0.103026,-0.0469554,nan,-0.285735,0,-0.0539914,-0.69893,nan,-0.810882,1.04418,0.374118,-1.40306,-0.0362353,1.78824
245,23.6575,731.333,0.0344767,0.333333,0.291667,0.16636,1.31555,0.323111,-0.0114908,2.2565,5.85277e-05,0.0196893,0.292085,13294.8,0.604023,0.320251,-0.1,0.02,214.608,3.01056e+06,0.203671,0.0164011,0.492627,0.0676735,-0.199545,0.731333,0.0968333,nan,nan,nan,nan,-0.0285371,-0.104352,-0.0471933,nan,-0.29313,0,-0.0540162,-0.725303,nan,-0.856,1.07711,0.3896,-1.432,-0.0381333,1.88583
246,26.0672,757.52,0.031897,0.583333,0.458333,0.166121,1.33027,0.289432,-0.0101243,2.25354,5.85277e-05,0.00865401,0.292013,14198.6,0.541753,0.323687,-0.1,0.02,215.475,3.02285e+06,0.233452,0.0202141,0.52391,0.0722231,-0.20554,0.75752,0.095508,nan,nan,nan,nan,-0.0287786,-0.105356,-0.0516079,nan,-0.302448,-0.00032,-0.0555758,-0.730088,nan,-0.9018,1.12331,0.43744,-1.48096,-0.04024,1.9425
247,25.7233,732.947,0.0350312,0.416667,0.375,0.164676,1.32346,0.29183,-0.0109871,2.25095,5.85277e-05,0.0158646,0.291958,13229,0.602417,0.326455,-0.1,0.02,216.405,3.03514e+06,0.217699,0.015533,0.503946,0.0691388,-0.198233,0.732947,0.0950526,nan,nan,nan,nan,-0.0275131,-0.100161,-0.0487082,nan,-0.293882,0,-0.0505498,-0.70557,nan,-0.876316,1.09644,0.396421,-1.43768,-0.0372632,1.93487
248,27.6347,728.75,0.0377706,0.333333,0.333333,0.171502,1.31759,0.355044,-0.0114821,2.24881,5.85277e-05,0.0125399,0.29191,12808.6,0.618775,0.340584,-0.1,0.02,217.366,3.04742e+06,0.253925,0.0177022,0.496038,0.0710775,-0.197927,0.72875,0.0971125,nan,nan,nan,nan,-0.0279869,-0.102366,-0.0492531,nan,-0.290893,0,-0.0537829,-0.705603,nan,-0.852562,1.08066,0.42275,-1.431,-0.03975,1.96484
249,26.1191,704.357,0.0381551,0.208333,0.375,0.167665,1.30969,0.328321,-0.0106155,2.24792,5.85277e-05,0.0111834,0.29193,13827,0.59327,0.295428,-0.1,0.02,218.256,3.05971e+06,0.245586,0.0170679,0.485956,0.0696408,-0.189609,0.704357,0.0883643,nan,nan,nan,nan,-0.0272477,-0.0973592,-0.0485175,nan,-0.280943,0,-0.0523159,-0.664294,nan,-0.823286,1.05598,0.397429,-1.37143,-0.0355714,1.83214
250,26.6759,760.368,0.0335725,0.5,0.291667,0.169434,1.3102,0.32639,-0.0110041,2.24841,5.85277e-05,0.00965689,0.291916,11809.6,0.676186,0.364321,-0.1,0.02,219.298,3.072e+06,0.223906,0.0192966,0.516458,0.0739386,-0.20673,0.760368,0.103437,nan,nan,nan,nan,-0.0295687,-0.107823,-0.0507466,nan,-0.3041,-0.000157895,-0.0551335,-0.733712,nan,-0.888,1.11265,0.429053,-1.49474,-0.0405263,2.00592
251,25.846,736.062,0.0341706,0.25,0.416667,0.167987,1.31843,0.341357,-0.0120856,2.24686,5.85277e-05,0.0175948,0.291869,11770.6,0.62622,0.417739,-0.1,0.02,220.344,3.08429e+06,0.187028,0.0187488,0.50152,0.071469,-0.199705,0.736062,0.0946187,nan,nan,nan,nan,-0.0292369,-0.104324,-0.0491696,nan,-0.293642,0,-0.0564047,-0.707487,nan,-0.87,1.08204,0.41325,-1.45875,-0.041375,1.99766
252,18.8235,629.143,0.034015,0.166667,0.416667,0.162602,1.33275,0.3227,-0.010253,2.24542,5.85277e-05,0.0134647,0.291852,11816,0.669198,0.370744,-0.1,0.02,221.385,3.09658e+06,0.156666,0.0151527,0.427396,0.0580545,-0.171138,0.629143,0.0808643,nan,nan,nan,nan,-0.0238654,-0.0827791,-0.0417928,nan,-0.25149,-0.000142857,-0.0473908,-0.599641,nan,-0.730929,0.913856,0.357429,-1.24343,-0.0315714,1.52679
253,30.4842,815.15,0.0356646,0.5,0.333333,0.164433,1.33958,0.287136,-0.0104847,2.24572,5.85277e-05,0.0153163,0.291881,13051.6,0.642946,0.298548,-0.1,0.02,222.329,3.10886e+06,0.301965,0.0196643,0.556874,0.0778196,-0.220694,0.81515,0.107105,nan,nan,nan,nan,-0.0319755,-0.119789,-0.0565301,nan,-0.325855,-0.0004,-0.0577213,-0.786139,nan,-0.95115,1.19906,0.4608,-1.5908,-0.0388,2.16562
254,21.9227,672.154,0.0323158,0.25,0.291667,0.165637,1.37158,0.289097,-0.0106571,2.246,5.85277e-05,0.0151001,0.291855,13124.1,0.551478,0.384818,-0.1,0.02,223.266,3.12115e+06,0.164394,0.0173004,0.459135,0.0642028,-0.180873,0.672154,0.0889385,nan,nan,nan,nan,-0.026145,-0.0964501,-0.0439962,nan,-0.268114,0,-0.0509345,-0.646875,nan,-0.782769,0.980744,0.364615,-1.33538,-0.0347692,1.75096
255,28.1821,797.2,0.0321242,0.375,0.25,0.161599,1.36002,0.296264,-0.00969419,2.24392,5.85277e-05,0.0112213,0.291781,12103.7,0.639381,0.375842,-0.1,0.02,224.283,3.13344e+06,0.256669,0.0205773,0.545417,0.0769781,-0.215813,0.7972,0.10854,nan,nan,nan,nan,-0.0310695,-0.115347,-0.0547329,nan,-0.318758,-0.000666667,-0.0579539,-0.768114,nan,-0.9362,1.17475,0.452533,-1.58027,-0.0454667,2.10083
256,20.4067,627.714,0.0353513,0.375,0.5,0.162336,1.31835,0.350122,-0.0109028,2.24166,5.85277e-05,0.0122493,0.291764,13610.6,0.580102,0.322722,-0.1,0.02,225.188,3.14573e+06,0.160319,0.0144246,0.425629,0.0578028,-0.170672,0.627714,0.081981,nan,nan,nan,nan,-0.0243057,-0.0896242,-0.041087,nan,-0.251506,-4.7619e-05,-0.0440446,-0.608841,nan,-0.754143,0.919665,0.344762,-1.24781,-0.0304762,1.6506
257,25.1198,783.381,0.0330904,0.5,0.375,0.167271,1.31826,0.309188,-0.0105311,2.24051,5.85277e-05,0.0127996,0.291707,14156.8,0.597606,0.270385,-0.1,0.02,226.057,3.15802e+06,0.250654,0.0200702,0.533995,0.0703492,-0.210536,0.783381,0.098881,nan,nan,nan,nan,-0.0293389,-0.109348,-0.0503964,nan,-0.314135,0,-0.0560017,-0.757137,nan,-0.921571,1.14872,0.42781,-1.55257,-0.0393333,1.9625
258,24.1607,723.471,0.0323012,0.375,0.333333,0.166388,1.30783,0.295636,-0.0117812,2.23752,5.85277e-05,0.00943509,0.291626,13367.2,0.597526,0.321742,-0.1,0.02,226.977,3.1703e+06,0.235632,0.0171078,0.499021,0.0656257,-0.195269,0.723471,0.0911529,nan,nan,nan,nan,-0.0266414,-0.0973687,-0.0465651,nan,-0.289776,0,-0.0546958,-0.687534,nan,-0.841588,1.07355,0.386353,-1.42118,-0.0328235,1.80956
259,21.1923,597.444,0.0379402,0.208333,0.541667,0.158424,1.33894,0.327547,-0.010141,2.23444,5.85277e-05,0.0111033,0.291565,13135.8,0.590971,0.344488,-0.1,0.02,227.915,3.18259e+06,0.175504,0.0169918,0.413608,0.0550668,-0.161295,0.597444,0.0742667,nan,nan,nan,nan,-0.0226261,-0.0785705,-0.0394702,nan,-0.238674,0,-0.0449507,-0.570104,nan,-0.702,0.889758,0.329111,-1.18044,-0.029,1.575
260,17.8284,623.357,0.0372817,0.25,0.333333,0.16465,1.34635,0.324026,-0.00990566,2.23186,5.85277e-05,0.0129624,0.291492,12766.6,0.611339,0.351175,-0.1,0.02,228.879,3.19488e+06,0.188606,0.0156936,0.422531,0.0525661,-0.169221,0.623357,0.0748429,nan,nan,nan,nan,-0.0226669,-0.0836084,-0.0379485,nan,-0.249848,-0.000214286,-0.046402,-0.599608,nan,-0.738857,0.922948,0.325429,-1.22943,-0.0272857,1.47054
261,25.8236,758.611,0.0385245,0.416667,0.333333,0.162241,1.33659,0.312456,-0.00981465,2.22866,5.85277e-05,0.0134385,0.291424,13595.1,0.59041,0.313446,-0.1,0.02,229.784,3.20717e+06,0.239176,0.0164008,0.524094,0.0689582,-0.205038,0.758611,0.0944778,nan,nan,nan,nan,-0.0269719,-0.0971761,-0.0485817,nan,-0.302465,-0.000166667,-0.057427,-0.721066,nan,-0.892,1.13624,0.408444,-1.48844,-0.0353333,1.91944
262,18.5492,583.312,0.0341749,0.166667,0.5,0.164634,1.32288,0.283431,-0.0112052,2.22657,5.85277e-05,0.0147766,0.291394,15227.6,0.515077,0.291877,-0.1,0.02,230.592,3.21946e+06,0.163797,0.0163249,0.399375,0.0547289,-0.157588,0.583312,0.0728187,nan,nan,nan,nan,-0.0216555,-0.0766721,-0.0375302,nan,-0.233506,0,-0.044221,-0.555047,nan,-0.672562,0.862761,0.3155,-1.143,-0.030625,1.43125
263,24.0713,734.545,0.0361154,0.291667,0.166667,0.171369,1.34581,0.31713,-0.010634,2.22499,5.85277e-05,0.0104134,0.291332,13915.4,0.561374,0.321674,-0.1,0.02,231.477,3.23174e+06,0.222716,0.0172511,0.506517,0.0646531,-0.197004,0.734545,0.0945727,nan,nan,nan,nan,-0.0281245,-0.104277,-0.0485215,nan,-0.294333,0,-0.0518235,-0.713241,nan,-0.872727,1.09072,0.401818,-1.46691,-0.0363636,1.88409
264,25.1885,702.4,0.0332967,0.291667,0.333333,0.166301,1.33767,0.297827,-0.0092595,2.22166,5.85277e-05,0.0109339,0.29123,12832.9,0.632159,0.325383,-0.1,0.02,232.437,3.24403e+06,0.24341,0.0191497,0.483305,0.0649474,-0.190296,0.7024,0.0871133,nan,nan,nan,nan,-0.0260814,-0.0973111,-0.0461076,nan,-0.280265,0,-0.0534186,-0.660935,nan,-0.8314,1.03292,0.398133,-1.36,-0.0361333,1.81
265,27.9852,775.577,0.0336245,0.458333,0.625,0.16514,1.34122,0.366142,-0.0100867,2.21803,5.85277e-05,0.0150278,0.291173,13024.5,0.615516,0.327938,-0.1,0.02,233.381,3.25632e+06,0.232541,0.0199994,0.53184,0.073651,-0.208602,0.775577,0.100373,nan,nan,nan,nan,-0.0298003,-0.108364,-0.0518425,nan,-0.308967,-0.000115385,-0.0563812,-0.743692,nan,-0.913038,1.14464,0.435231,-1.51446,-0.0365385,2.05721
266,26.3445,719.833,0.0352216,0.208333,0.291667,0.1643,1.30946,0.280432,-0.0104337,2.21669,5.85277e-05,0.0180836,0.291161,14172.3,0.559103,0.307941,-0.1,0.02,234.25,3.26861e+06,0.207655,0.014998,0.493283,0.0694302,-0.193519,0.719833,0.0965833,nan,nan,nan,nan,-0.0288115,-0.102778,-0.0487793,nan,-0.287426,0,-0.0568367,-0.686229,nan,-0.838,1.0512,0.422333,-1.42067,-0.0398333,1.94479
267,25.2231,709,0.0325926,0.375,0.291667,0.163426,1.34253,0.278908,-0.0094807,2.21581,5.85277e-05,0.0102404,0.291123,12958.5,0.579649,0.368606,-0.1,0.02,235.2,3.2809e+06,0.220765,0.0165518,0.487767,0.0674368,-0.191364,0.709,0.0905,nan,nan,nan,nan,-0.0263018,-0.0980261,-0.0452945,nan,-0.283107,0,-0.0540532,-0.67459,nan,-0.8355,1.04393,0.38475,-1.39075,-0.037125,1.87656
268,28.1307,759.5,0.0357114,0.166667,0.333333,0.156643,1.3201,0.284274,-0.00917859,2.21363,5.85277e-05,0.0080119,0.291059,12692.6,0.621202,0.346924,-0.1,0.02,236.169,3.29318e+06,0.245213,0.0164605,0.517817,0.0723694,-0.204012,0.7595,0.101617,nan,nan,nan,nan,-0.0305626,-0.111873,-0.0522997,nan,-0.303431,0,-0.0559344,-0.755355,nan,-0.89875,1.12278,0.432,-1.492,-0.0361667,2.07917
269,21.8729,656.222,0.0330754,0.0833333,0.291667,0.164453,1.32717,0.303058,-0.00986671,2.21098,5.85277e-05,0.00984149,0.291011,12203.1,0.652103,0.354856,-0.1,0.02,237.178,3.30547e+06,0.15556,0.0146342,0.449408,0.0610189,-0.174557,0.656222,0.0875222,nan,nan,nan,nan,-0.0274576,-0.0939077,-0.0447087,nan,-0.261573,0,-0.0506526,-0.637719,nan,-0.784667,0.956967,0.373778,-1.284,-0.0355556,1.73333
270,25.4073,676.952,0.0357047,0.333333,0.541667,0.165099,1.31375,0.310658,-0.010307,2.20937,5.85277e-05,0.0129862,0.290975,11573.4,0.660235,0.401514,-0.1,0.02,238.241,3.31776e+06,0.211133,0.0170804,0.465206,0.0660142,-0.179893,0.676952,0.0890238,nan,nan,nan,nan,-0.0267949,-0.0970355,-0.0468184,nan,-0.269597,0,-0.0504744,-0.640534,nan,-0.821143,1.0037,0.383048,-1.33067,-0.0341905,1.85536
271,27.454,719.6,0.0349166,0.375,0.458333,0.161013,1.327,0.304255,-0.010239,2.20798,5.85277e-05,0.00887247,0.29095,13521.8,0.629761,0.278991,-0.1,0.02,239.152,3.33005e+06,0.220132,0.0194506,0.49845,0.0708119,-0.194015,0.7196,0.096135,nan,nan,nan,nan,-0.028987,-0.104431,-0.0495589,nan,-0.287929,0,-0.0553608,-0.699284,nan,-0.84,1.07884,0.406,-1.4294,-0.0365,1.98875
272,23.6835,675,0.039436,0.25,0.291667,0.162251,1.34081,0.329152,-0.0108251,2.2069,5.85277e-05,0.0122801,0.29092,13798.1,0.537576,0.352979,-0.1,0.02,240.044,3.34234e+06,0.216271,0.0177127,0.467349,0.0658471,-0.181593,0.675,0.0865692,nan,nan,nan,nan,-0.0257699,-0.0924572,-0.0459012,nan,-0.269493,-0.000230769,-0.0549099,-0.640125,nan,-0.798231,0.991942,0.379077,-1.32,-0.0378462,1.75096
273,25.1328,722.13,0.0376158,0.458333,0.5,0.161114,1.34899,0.367581,-0.0105835,2.2053,3.90184e-05,0.0204674,0.290891,12750.3,0.618222,0.345523,-0.1,0.02,241.009,3.35462e+06,0.252314,0.0183648,0.503819,0.0701567,-0.195151,0.72213,0.0951217,nan,nan,nan,nan,-0.0279753,-0.0999777,-0.0476817,nan,-0.28899,-8.69565e-05,-0.0528169,-0.691902,nan,-0.875739,1.07499,0.39913,-1.42296,-0.0364348,1.86033
274,26.4246,737.857,0.0360131,0.416667,0.458333,0.158885,1.36987,0.380844,-0.00946482,2.20438,3.90184e-05,0.00995127,0.290863,12269.8,0.608312,0.393172,-0.1,0.02,242.011,3.36691e+06,0.223635,0.016361,0.509527,0.0719662,-0.198204,0.737857,0.0941,nan,nan,nan,nan,-0.0280175,-0.102658,-0.0504236,nan,-0.294142,-9.52381e-05,-0.0566709,-0.695936,nan,-0.871429,1.09307,0.406857,-1.44667,-0.0379048,1.95
275,27.5345,732.5,0.0391832,0.5,0.416667,0.156168,1.32226,0.294334,-0.00787045,2.20311,3.90184e-05,0.0092138,0.29084,13325.5,0.611912,0.310231,-0.1,0.02,242.935,3.3792e+06,0.248756,0.019476,0.502782,0.0710944,-0.195636,0.7325,0.0945364,nan,nan,nan,nan,-0.0288263,-0.108947,-0.0496014,nan,-0.293543,0,-0.0524961,-0.702636,nan,-0.884591,1.08059,0.414727,-1.44,-0.0337273,2.00227
276,27.9137,802.333,0.0394557,0.458333,0.291667,0.161714,1.31,0.334551,-0.0100329,2.20183,3.90184e-05,0.0123419,0.290799,12876.4,0.608925,0.345381,-0.1,0.02,243.891,3.39149e+06,0.261223,0.0215221,0.554473,0.0749475,-0.216301,0.802333,0.09925,nan,nan,nan,nan,-0.0294358,-0.110793,-0.0531274,nan,-0.319607,0,-0.0614779,-0.746262,nan,-0.9915,1.19244,0.452889,-1.57578,-0.0424444,2.08333
277,19.7752,647.632,0.0381375,0.375,0.416667,0.159561,1.33391,0.308079,-0.0085091,2.20061,3.90184e-05,0.0101071,0.290795,13525.9,0.598916,0.309565,-0.1,0.02,244.801,3.40378e+06,0.18253,0.017397,0.448978,0.0562009,-0.173092,0.647632,0.0750737,nan,nan,nan,nan,-0.0237786,-0.0850381,-0.0409578,nan,-0.257298,0,-0.0517296,-0.60866,nan,-0.749684,0.952635,0.339368,-1.26526,-0.0367368,1.56118
278,27.8224,710,0.0384992,0.25,0.208333,0.162667,1.32617,0.304859,-0.00994154,2.20089,3.90184e-05,0.0139189,0.290802,12876.5,0.608574,0.34572,-0.1,0.02,245.757,3.41606e+06,0.248106,0.021138,0.492805,0.0678785,-0.191144,0.71,0.0911545,nan,nan,nan,nan,-0.0272215,-0.10029,-0.0478688,nan,-0.283938,0,-0.0521685,-0.670243,nan,-0.849,1.06618,0.394545,-1.41382,-0.0354545,1.97045
279,22.3467,576.133,0.0388349,0.208333,0.416667,0.166094,1.32979,0.31125,-0.00875925,2.20081,3.90184e-05,0.0146608,0.290799,14233.2,0.589737,0.273597,-0.1,0.02,246.621,3.42835e+06,0.196215,0.0123698,0.398939,0.0551719,-0.153615,0.576133,0.0758267,nan,nan,nan,nan,-0.0225435,-0.0770824,-0.039405,nan,-0.229308,-6.66667e-05,-0.0448846,-0.546253,nan,-0.6996,0.862804,0.320533,-1.13653,-0.0305333,1.59917
280,29.7907,800.083,0.0373343,0.625,0.375,0.163025,1.30627,0.310045,-0.00871176,2.20064,3.90184e-05,0.0146005,0.290793,15501.1,0.528378,0.26434,-0.1,0.02,247.415,3.44064e+06,0.264935,0.0195689,0.552109,0.0771612,-0.214537,0.800083,0.10655,nan,nan,nan,nan,-0.031108,-0.118017,-0.0549092,nan,-0.31947,0,-0.0622072,-0.7704,nan,-0.941375,1.19809,0.437667,-1.57333,-0.0411667,2.1599
281,30.8101,889.273,0.0390669,0.333333,0.125,0.165524,1.29885,0.34627,-0.00950733,2.20003,3.90184e-05,0.00984987,0.290766,15162.5,0.537508,0.272914,-0.1,0.02,248.227,3.45293e+06,0.26569,0.0232233,0.618757,0.0833388,-0.238415,0.889273,0.110609,nan,nan,nan,nan,-0.0326477,-0.118206,-0.0589734,nan,-0.356038,0,-0.0666825,-0.827112,nan,-1.05845,1.30515,0.485818,-1.75236,-0.0483636,2.31591
282,26.5018,669.632,0.0364203,0.375,0.416667,0.162467,1.30889,0.303258,-0.00877756,2.19872,3.90184e-05,0.0108302,0.29074,12271.8,0.573053,0.42827,-0.1,0.02,249.23,3.46522e+06,0.233966,0.0167157,0.467197,0.0653754,-0.179278,0.669632,0.0875211,nan,nan,nan,nan,-0.0260006,-0.0924552,-0.0457733,nan,-0.266819,-0.000157895,-0.0502768,-0.641202,nan,-0.789,0.994145,0.381684,-1.30295,-0.0373684,1.84013
283,28.4826,743.857,0.0381375,0.458333,0.416667,0.164768,1.2973,0.370644,-0.00935098,2.19818,3.90184e-05,0.0115576,0.290746,11014.5,0.682322,0.4333,-0.1,0.02,250.348,3.4775e+06,0.237948,0.0159235,0.511743,0.0714177,-0.198867,0.743857,0.0960714,nan,nan,nan,nan,-0.0289148,-0.105939,-0.0501991,nan,-0.297254,0,-0.0581166,-0.70234,nan,-0.888857,1.10237,0.42,-1.45029,-0.0384762,2.04405
284,20.7455,620,0.0346074,0.125,0.541667,0.164368,1.29914,0.346293,-0.00826314,2.19851,3.90184e-05,0.0112848,0.290749,10794.4,0.670222,0.468151,-0.1,0.02,251.488,3.48979e+06,0.202378,0.018802,0.426278,0.0567517,-0.165109,0.62,0.0772562,nan,nan,nan,nan,-0.0240071,-0.081352,-0.0408369,nan,-0.245823,0,-0.0500696,-0.596103,nan,-0.72525,0.934673,0.33975,-1.2235,-0.02875,1.54219
285,25.6981,674.75,0.0351739,0.25,0.416667,0.163912,1.29122,0.318273,-0.00822966,2.19802,3.90184e-05,0.0184891,0.290722,10765.5,0.7028,0.438627,-0.1,0.02,252.631,3.50208e+06,0.248264,0.0213891,0.468091,0.0634401,-0.179411,0.67475,0.0883437,nan,nan,nan,nan,-0.0258065,-0.0937543,-0.046156,nan,-0.267712,-6.25e-05,-0.0559075,-0.637436,nan,-0.769125,1.00056,0.37725,-1.32675,-0.03475,1.77969
286,24.4921,729.059,0.0370202,0.333333,0.375,0.161579,1.30794,0.336614,-0.0100194,2.19636,3.90184e-05,0.0186922,0.290676,9698.16,0.678622,0.588423,-0.1,0.02,253.9,3.51437e+06,0.211288,0.018559,0.498736,0.0693204,-0.195288,0.729059,0.0944235,nan,nan,nan,nan,-0.0276331,-0.100163,-0.048578,nan,-0.290155,0,-0.0569803,-0.697113,nan,-0.859412,1.09095,0.406824,-1.42776,-0.04,1.84853
287,25.7137,731.467,0.0395078,0.375,0.25,0.162876,1.28533,0.295559,-0.00788859,2.19524,3.90184e-05,0.0117524,0.290678,9966.94,0.772514,0.460362,-0.1,0.02,255.135,3.52666e+06,0.197885,0.0180043,0.508009,0.0713592,-0.19234,0.731467,0.0903333,nan,nan,nan,nan,-0.0266497,-0.0970199,-0.048658,nan,-0.289017,0,-0.0622746,-0.690424,nan,-0.8556,1.08651,0.4152,-1.42187,-0.0384,1.88917
288,25.6513,744.826,0.0375057,0.583333,0.375,0.160064,1.29397,0.307078,-0.00838739,2.19527,3.90184e-05,0.0100802,0.290673,11990,0.653768,0.371087,-0.1,0.02,256.161,3.53894e+06,0.20335,0.0176151,0.508374,0.0726033,-0.199648,0.744826,0.0957522,nan,nan,nan,nan,-0.0281637,-0.107676,-0.0504252,nan,-0.296305,0,-0.0584442,-0.699354,nan,-0.906522,1.11015,0.42,-1.45948,-0.0384348,1.95435
289,26.9028,744.071,0.0383292,0.291667,0.291667,0.161878,1.29701,0.30757,-0.00886542,2.19481,3.90184e-05,0.0119367,0.290654,12294.7,0.652282,0.347173,-0.1,0.02,257.163,3.55123e+06,0.22245,0.0179144,0.511465,0.0704385,-0.196637,0.744071,0.0967071,nan,nan,nan,nan,-0.0296963,-0.10704,-0.0506344,nan,-0.29565,0,-0.0599482,-0.708999,nan,-0.897643,1.10448,0.411714,-1.458,-0.0405714,2.01071
290,28.0954,676.286,0.0336798,0.208333,0.375,0.16544,1.29293,0.333669,-0.00963473,2.19353,3.90184e-05,0.0138437,0.290609,14075.2,0.565703,0.307323,-0.1,0.02,258.038,3.56352e+06,0.232025,0.0177549,0.469236,0.0685803,-0.178735,0.676286,0.0872857,nan,nan,nan,nan,-0.0262749,-0.0937815,-0.046062,nan,-0.269561,0,-0.0542162,-0.629254,nan,-0.808714,1.00617,0.387143,-1.32629,-0.0362857,1.92946
291,27.7432,730.75,0.0372309,0.333333,0.5,0.163401,1.28273,0.36581,-0.00892729,2.19209,3.90184e-05,0.0121872,0.290603,11972.7,0.659462,0.366873,-0.1,0.02,259.065,3.57581e+06,0.238151,0.0197373,0.50588,0.0721291,-0.195307,0.73075,0.092545,nan,nan,nan,nan,-0.0280702,-0.100137,-0.0495101,nan,-0.290041,-0.0001,-0.0605421,-0.685762,nan,-0.8751,1.09136,0.4058,-1.4432,-0.0383,1.99687
292,26.9232,780.44,0.0369408,0.416667,0.625,0.158446,1.31193,0.358181,-0.00843457,2.19229,3.90184e-05,0.00698717,0.290611,13086.1,0.608968,0.330045,-0.1,0.02,260.006,3.5881e+06,0.215528,0.0189308,0.531797,0.0755021,-0.208765,0.78044,0.10082,nan,nan,nan,nan,-0.0299191,-0.110378,-0.0519517,nan,-0.309521,0,-0.0649177,-0.740901,nan,-0.92208,1.14994,0.43808,-1.52336,-0.04208,2.039
293,28.4191,842,0.0384675,0.541667,0.333333,0.16031,1.29057,0.340801,-0.00774685,2.19182,3.90184e-05,0.00644681,0.290578,11820.5,0.661907,0.377647,-0.1,0.02,261.047,3.60038e+06,0.241147,0.0183723,0.573645,0.0800614,-0.22382,0.842,0.108352,nan,nan,nan,nan,-0.0316533,-0.118712,-0.0560939,nan,-0.33476,0,-0.0676028,-0.804151,nan,-0.996286,1.24341,0.465905,-1.65162,-0.0458095,2.17857
294,27.0574,730.944,0.0373081,0.375,0.375,0.164516,1.28217,0.297651,-0.00752333,2.19054,3.90184e-05,0.00944453,0.290565,12718.6,0.634323,0.331822,-0.1,0.02,262.015,3.61267e+06,0.248648,0.0182429,0.501946,0.0697147,-0.194369,0.730944,0.0935222,nan,nan,nan,nan,-0.0274655,-0.0996127,-0.0478444,nan,-0.289166,0,-0.0645124,-0.693068,nan,-0.87,1.08892,0.405111,-1.43178,-0.0384444,1.95208
295,26.1714,857.308,0.0361469,0.375,0.166667,0.162811,1.27701,0.299713,-0.0087997,2.19075,3.90184e-05,0.00973582,0.290583,11872.2,0.640183,0.394841,-0.1,0.02,263.051,3.62496e+06,0.304341,0.0214277,0.58665,0.0793639,-0.227817,0.857308,0.108,nan,nan,nan,nan,-0.0305002,-0.114634,-0.0537811,nan,-0.341437,-7.69231e-05,-0.0708619,-0.809487,nan,-1.01931,1.27057,0.439077,-1.66985,-0.0444615,2.02404
296,22.1141,642.235,0.035499,0.208333,0.5,0.165792,1.28576,0.343409,-0.00911708,2.1902,3.90184e-05,0.00992114,0.290523,12509.6,0.64732,0.334963,-0.1,0.02,264.036,3.63725e+06,0.215403,0.0164142,0.445409,0.0598682,-0.169958,0.642235,0.0738765,nan,nan,nan,nan,-0.0240394,-0.0853966,-0.0422406,nan,-0.254101,0,-0.0562566,-0.609667,nan,-0.735706,0.958245,0.352,-1.24612,-0.0335294,1.59926
297,23.8191,615.4,0.0394032,0.291667,0.333333,0.164852,1.2959,0.290526,-0.00912454,2.18802,3.90184e-05,0.0126509,0.29051,12421.8,0.625478,0.363751,-0.1,0.02,265.026,3.64954e+06,0.200028,0.0142536,0.426596,0.0603202,-0.163162,0.6154,0.0828067,nan,nan,nan,nan,-0.024022,-0.086019,-0.0419736,nan,-0.242608,-0.000133333,-0.0539121,-0.576245,nan,-0.699,0.921158,0.348533,-1.21973,-0.0313333,1.66
298,25.8546,665.308,0.0365761,0.208333,0.333333,0.162622,1.27631,0.312981,-0.00854868,2.18761,3.90184e-05,0.0115473,0.290478,13001.2,0.637689,0.307458,-0.1,0.02,265.973,3.66182e+06,0.178117,0.0183689,0.455508,0.0642569,-0.17464,0.665308,0.0886154,nan,nan,nan,nan,-0.0256398,-0.0924215,-0.0454085,nan,-0.261332,0,-0.0575434,-0.622787,nan,-0.782769,0.996366,0.368308,-1.30246,-0.0338462,1.85673
299,24.6977,779.778,0.0376751,0.208333,0.166667,0.157773,1.29851,0.274458,-0.00859225,2.18588,3.90184e-05,0.0153115,0.290443,13487.6,0.580625,0.330433,-0.1,0.02,266.886,3.67411e+06,0.272162,0.0224069,0.555688,0.0687779,-0.20522,0.779778,0.0935667,nan,nan,nan,nan,-0.0273524,-0.0998178,-0.0503924,nan,-0.306986,0,-0.0720985,-0.730318,nan,-0.880333,1.18014,0.413333,-1.55289,-0.0366667,1.81111
300,32.4195,873.933,0.0364877,0.5,0.125,0.1633,1.29556,0.296294,-0.00847065,2.18493,3.90184e-05,0.0122892,0.290433,12925.5,0.62285,0.327831,-0.1,0.02,267.838,3.6864e+06,0.295284,0.022907,0.610176,0.0834719,-0.231861,0.873933,0.111607,nan,nan,nan,nan,-0.0316672,-0.120923,-0.0590374,nan,-0.346402,0,-0.0737703,-0.819899,nan,-1.0254,1.30415,0.4944,-1.7224,-0.0469333,2.30333
301,33.0601,808.556,0.0392637,0.208333,0.166667,0.158019,1.28368,0.295379,-0.00815677,2.18472,3.90184e-05,0.00750537,0.290444,14153.5,0.558404,0.309793,-0.1,0.02,270.614,3.69869e+06,0.262034,0.0187952,0.561788,0.080447,-0.213321,0.808556,0.104356,nan,nan,nan,nan,-0.0309574,-0.112947,-0.055846,nan,-0.319656,0,-0.0695011,-0.742275,nan,-0.945,1.19909,0.480889,-1.57867,-0.042,2.24722
302,25.2724,668.667,0.0383379,0.208333,0.291667,0.154585,1.27455,0.27495,-0.008674,2.18507,3.90184e-05,0.0114845,0.290437,13408.8,0.59925,0.317166,-0.1,0.02,271.532,3.71098e+06,0.182032,0.0192903,0.46023,0.0656973,-0.176001,0.668667,0.08545,nan,nan,nan,nan,-0.0244784,-0.0869592,-0.042253,nan,-0.263567,-0.00025,-0.060272,-0.628393,nan,-0.77825,0.996844,0.352667,-1.31233,-0.0361667,1.84167
303,31.7819,835.062,0.0395263,0.416667,0.25,0.157856,1.26431,0.359836,-0.00894774,2.18435,3.90184e-05,0.0112136,0.290416,13645.5,0.580989,0.319525,-0.1,0.02,272.434,3.72326e+06,0.280798,0.0228861,0.578027,0.0815481,-0.22168,0.835062,0.109606,nan,nan,nan,nan,-0.031103,-0.114716,-0.0578346,nan,-0.331369,-0.000125,-0.072655,-0.78052,nan,-0.990937,1.24567,0.4815,-1.65075,-0.045875,2.25156
304,26.8929,668.308,0.0382847,0.208333,0.333333,0.157611,1.28707,0.334218,-0.00824792,2.18376,3.90184e-05,0.0114499,0.290418,14060.5,0.598257,0.27568,-0.1,0.02,273.309,3.73555e+06,0.225007,0.0163959,0.461234,0.0651783,-0.176261,0.668308,0.0840154,nan,nan,nan,nan,-0.0255189,-0.0936393,-0.0462113,nan,-0.262648,0,-0.0626446,-0.622903,nan,-0.786692,1.00945,0.395385,-1.30831,-0.0349231,1.83942
305,22.5813,604,0.0400427,0.208333,0.416667,0.155942,1.30067,0.308146,-0.00930749,2.18442,3.90184e-05,0.00935717,0.290447,13117.4,0.590732,0.346038,-0.1,0.02,274.247,3.74784e+06,0.178392,0.0152101,0.412424,0.0572132,-0.159801,0.604,0.0788467,nan,nan,nan,nan,-0.0239566,-0.0838813,-0.041489,nan,-0.238452,-6.66667e-05,-0.0551742,-0.573481,nan,-0.7152,0.910382,0.341867,-1.1904,-0.0298667,1.6425
306,27.0462,711.375,0.0402492,0.375,0.291667,0.157341,1.296,0.319606,-0.00927801,2.18508,3.90184e-05,0.0118676,0.290439,12870.9,0.596643,0.358071,-0.1,0.02,275.203,3.76013e+06,0.211881,0.0194007,0.486211,0.0693981,-0.186937,0.711375,0.0922312,nan,nan,nan,nan,-0.0276579,-0.0997503,-0.0493787,nan,-0.281254,0,-0.0640477,-0.661528,nan,-0.818062,1.06509,0.4115,-1.38925,-0.036125,1.89922
307,24.9648,697.2,0.0393872,0.458333,0.583333,0.158061,1.28251,0.323398,-0.00898225,2.18426,3.90184e-05,0.0112184,0.290415,12868.5,0.577645,0.377243,-0.1,0.02,276.16,3.77242e+06,0.20282,0.0197185,0.477357,0.065121,-0.184036,0.6972,0.0896,nan,nan,nan,nan,-0.0272167,-0.0998532,-0.0483713,nan,-0.275827,0,-0.0625416,-0.651783,nan,-0.79692,1.03509,0.39296,-1.37184,-0.04024,1.827
308,27.5647,768.133,0.037274,0.333333,0.291667,0.160303,1.2831,0.294306,-0.00839288,2.18322,3.90184e-05,0.00754168,0.290397,14105.8,0.577755,0.293379,-0.1,0.02,277.032,3.7847e+06,0.247959,0.0218476,0.525877,0.0726386,-0.201403,0.768133,0.10264,nan,nan,nan,nan,-0.0297786,-0.1081,-0.05128,nan,-0.302272,-6.66667e-05,-0.0704047,-0.713234,nan,-0.9088,1.13561,0.440533,-1.52747,-0.0425333,2.01833
309,28.2203,747.875,0.0412945,0.375,0.291667,0.159116,1.29188,0.371332,-0.00880504,2.18261,3.90184e-05,0.0102674,0.290388,16223.9,0.51899,0.238413,-0.1,0.02,277.791,3.79699e+06,0.228653,0.018656,0.510775,0.0730604,-0.196932,0.747875,0.100006,nan,nan,nan,nan,-0.0294723,-0.109268,-0.0517255,nan,-0.293736,0,-0.0696603,-0.701543,nan,-0.862687,1.10998,0.403,-1.48125,-0.044875,2.06016
310,22.7647,625.524,0.0402962,0.25,0.625,0.154529,1.31612,0.365362,-0.00870796,2.18202,3.90184e-05,0.00803815,0.290363,16918.8,0.484649,0.241642,-0.1,0.02,278.519,3.80928e+06,0.202619,0.015956,0.427222,0.0595398,-0.164816,0.625524,0.0792429,nan,nan,nan,nan,-0.0241121,-0.0858906,-0.0415911,nan,-0.246846,0,-0.056954,-0.585264,nan,-0.710714,0.930413,0.354476,-1.22629,-0.0309524,1.61667
311,37.8399,927,0.0399366,0.25,0.166667,0.157715,1.28308,0.372889,-0.00863472,2.18073,3.90184e-05,0.00887221,0.290335,15950.5,0.505545,0.264837,-0.1,0.02,279.29,3.82157e+06,0.311026,0.0276629,0.629824,0.0860686,-0.245316,0.927,0.12673,nan,nan,nan,nan,-0.0360988,-0.137357,-0.0629735,nan,-0.366876,0,-0.0820639,-0.877852,nan,-1.1061,1.38292,0.5276,-1.828,-0.0492,2.665
312,29.7801,695.8,0.0369099,0.291667,0.333333,0.157931,1.28119,0.307706,-0.00921973,2.17981,3.90184e-05,0.0111228,0.290309,16961.6,0.483407,0.241054,-0.1,0.02,280.016,3.83386e+06,0.247914,0.0160906,0.475829,0.0633465,-0.181577,0.6958,0.0939733,nan,nan,nan,nan,-0.0274442,-0.0968961,-0.0484982,nan,-0.27398,0,-0.0634897,-0.659186,nan,-0.7786,1.03769,0.408267,-1.39013,-0.0376,2.0075
313,29.7565,807.375,0.0398004,0.416667,0.25,0.161351,1.26973,0.301766,-0.00807091,2.17885,3.90184e-05,0.00989785,0.290298,17117.3,0.476198,0.241674,-0.1,0.02,280.735,3.84614e+06,0.27401,0.0227297,0.54749,0.0741519,-0.213526,0.807375,0.106519,nan,nan,nan,nan,-0.0310952,-0.118829,-0.0530835,nan,-0.319062,0,-0.072623,-0.767895,nan,-0.95175,1.19429,0.458,-1.58975,-0.0385,2.15937
314,31.0962,747.75,0.0358588,0.375,0.458333,0.162312,1.28372,0.325869,-0.00829534,2.17875,3.90184e-05,0.0113493,0.290309,16709.8,0.484589,0.250787,-0.1,0.02,281.472,3.85843e+06,0.258842,0.020345,0.511636,0.0683292,-0.196424,0.74775,0.10146,nan,nan,nan,nan,-0.0293062,-0.106159,-0.0507337,nan,-0.293194,-5e-05,-0.0720316,-0.699805,nan,-0.83685,1.11953,0.4364,-1.4716,-0.0352,2.08188
315,31.4684,777.19,0.0396256,0.5,0.375,0.157734,1.28968,0.313095,-0.00931482,2.17881,3.90184e-05,0.00981694,0.290294,16167.4,0.509934,0.250113,-0.1,0.02,282.233,3.87072e+06,0.223624,0.018614,0.530393,0.0728065,-0.204743,0.77719,0.103757,nan,nan,nan,nan,-0.0301276,-0.112222,-0.0522909,nan,-0.306377,0,-0.0698719,-0.721134,nan,-0.909286,1.1538,0.439619,-1.52533,-0.04,2.225
316,32.4959,855.111,0.0397048,0.541667,0.208333,0.15774,1.30705,0.281825,-0.00784129,2.17778,3.90184e-05,0.0129472,0.290267,16909.4,0.478851,0.247844,-0.1,0.02,282.961,3.88301e+06,0.276373,0.0211997,0.585302,0.0784705,-0.224195,0.855111,0.110194,nan,nan,nan,nan,-0.0311505,-0.114133,-0.0579854,nan,-0.336313,0,-0.0774622,-0.783759,nan,-1.003,1.28497,0.486222,-1.66111,-0.0408889,2.25694
317,29.5166,781,0.035741,0.25,0.291667,0.164354,1.33553,0.346471,-0.00841185,2.17659,3.90184e-05,0.0153822,0.290246,16629.5,0.472886,0.26604,-0.1,0.02,283.702,3.8953e+06,0.263948,0.0166274,0.537548,0.0712063,-0.205247,0.781,0.104015,nan,nan,nan,nan,-0.0302058,-0.111638,-0.0516762,nan,-0.306518,0,-0.0737618,-0.730711,nan,-0.891462,1.1549,0.432923,-1.54646,-0.0415385,2.10288
318,27.8159,770.571,0.0370001,0.458333,0.416667,0.15993,1.31944,0.295037,-0.0093261,2.17606,3.90184e-05,0.00933535,0.29024,17034.1,0.480109,0.241266,-0.1,0.02,284.424,3.90758e+06,0.242355,0.0193925,0.534724,0.0707835,-0.199995,0.770571,0.100429,nan,nan,nan,nan,-0.0291616,-0.105655,-0.0516859,nan,-0.301557,0,-0.074851,-0.700638,nan,-0.883571,1.1497,0.440762,-1.51105,-0.0404762,1.96071
319,32.4994,788.045,0.0391412,0.583333,0.333333,0.158581,1.30373,0.334784,-0.00943245,2.17584,3.90184e-05,0.0154076,0.290233,16699.9,0.485523,0.250291,-0.1,0.02,285.162,3.91987e+06,0.250491,0.021253,0.533097,0.0734483,-0.207944,0.788045,0.100514,nan,nan,nan,nan,-0.030203,-0.110678,-0.0540028,nan,-0.310602,0,-0.0722121,-0.73529,nan,-0.907091,1.16628,0.459455,-1.54255,-0.0436364,2.24659
320,22.9272,560.533,0.0381178,0.166667,0.458333,0.16214,1.2904,0.358042,-0.00868273,2.17483,3.90184e-05,0.0114024,0.290187,16940.3,0.481569,0.243803,-0.1,0.02,285.888,3.93216e+06,0.171361,0.0174245,0.376815,0.0532055,-0.146541,0.560533,0.0757667,nan,nan,nan,nan,-0.0223899,-0.0819528,-0.0372486,nan,-0.220636,-0.0002,-0.051112,-0.510879,nan,-0.6586,0.820248,0.3192,-1.11573,-0.0304,1.6275
321,26.8821,684.857,0.0381595,0.291667,0.291667,0.162241,1.28508,0.317234,-0.009302,2.17261,3.90184e-05,0.013033,0.290139,16973.3,0.479778,0.244184,-0.1,0.02,286.614,3.94445e+06,0.240344,0.017421,0.478714,0.0646157,-0.178183,0.684857,0.0867643,nan,nan,nan,nan,-0.0252576,-0.090577,-0.0468675,nan,-0.26692,-7.14286e-05,-0.067416,-0.628471,nan,-0.795,1.03383,0.385429,-1.33629,-0.0387143,1.82589
322,31.9807,769.688,0.0401079,0.375,0.291667,0.162165,1.29627,0.335178,-0.00876045,2.17081,3.90184e-05,0.009078,0.290094,16273.9,0.487626,0.267448,-0.1,0.02,287.37,3.95674e+06,0.261706,0.0211507,0.528685,0.0740739,-0.202009,0.769687,0.100869,nan,nan,nan,nan,-0.029363,-0.10519,-0.0531385,nan,-0.3026,0,-0.0732994,-0.700661,nan,-0.8955,1.15375,0.4425,-1.50925,-0.038625,2.15625
323,20.8714,634.471,0.036888,0.333333,0.375,0.161969,1.28103,0.332252,-0.00872084,2.16883,3.90184e-05,0.0176622,0.29005,16783,0.482987,0.249183,-0.1,0.02,288.103,3.96902e+06,0.227026,0.0189301,0.430982,0.0546871,-0.166244,0.634471,0.0791059,nan,nan,nan,nan,-0.0242137,-0.0895975,-0.0414713,nan,-0.248675,0,-0.0617559,-0.590017,nan,-0.723176,0.952785,0.342824,-1.23929,-0.0311765,1.51838
324,23.3602,639.667,0.0358651,0.333333,0.416667,0.164704,1.29447,0.351257,-0.00857019,2.16742,3.90184e-05,0.0141991,0.290029,16916.4,0.483811,0.242586,-0.1,0.02,288.831,3.98131e+06,0.208551,0.0174545,0.439351,0.059056,-0.166974,0.639667,0.0783944,nan,nan,nan,nan,-0.0232491,-0.0847126,-0.0405367,nan,-0.252637,-0.000388889,-0.0571866,-0.597454,nan,-0.764,0.945644,0.347778,-1.25267,-0.0343333,1.70625
325,31.2769,832.917,0.0354943,0.625,0.375,0.158256,1.26237,0.329873,-0.00924196,2.16656,3.90184e-05,0.0119177,0.290007,16745.7,0.477816,0.255985,-0.1,0.02,289.566,3.9936e+06,0.287033,0.0241098,0.572677,0.0755994,-0.216856,0.832917,0.106937,nan,nan,nan,nan,-0.0306485,-0.115731,-0.0552576,nan,-0.325621,0,-0.0817598,-0.769195,nan,-0.9345,1.24931,0.472,-1.63617,-0.0430833,2.15208
326,27.7688,767.636,0.03697,0.25,0.208333,0.15911,1.26312,0.271107,-0.00903892,2.16585,3.90184e-05,0.0139025,0.289994,16262.2,0.508589,0.247027,-0.1,0.02,290.323,4.00589e+06,0.282022,0.0193886,0.52682,0.0698654,-0.202064,0.767636,0.0926455,nan,nan,nan,nan,-0.0268227,-0.0969675,-0.0495759,nan,-0.301965,-9.09091e-05,-0.0711426,-0.714576,nan,-0.883091,1.152,0.400727,-1.52255,-0.0401818,1.98636
327,31.7168,832.364,0.0375839,0.291667,0.166667,0.157979,1.29463,0.321656,-0.0084296,2.16536,3.90184e-05,0.013439,0.289991,16854.3,0.486552,0.242522,-0.1,0.02,291.054,4.01818e+06,0.342398,0.0242959,0.570211,0.0736495,-0.216274,0.832364,0.108064,nan,nan,nan,nan,-0.0311969,-0.116135,-0.0550621,nan,-0.325491,0,-0.080015,-0.776495,nan,-0.930818,1.24812,0.455636,-1.64073,-0.0432727,2.14659
328,32.2716,815.706,0.0376279,0.416667,0.291667,0.157334,1.2804,0.279931,-0.00814977,2.16511,3.90184e-05,0.0083553,0.28997,16913.3,0.47809,0.248439,-0.1,0.02,291.781,4.03046e+06,0.241607,0.0215276,0.563668,0.073463,-0.213612,0.815706,0.103471,nan,nan,nan,nan,-0.0304869,-0.112152,-0.0536977,nan,-0.319461,0,-0.0796123,-0.758806,nan,-0.949941,1.21876,0.455765,-1.59082,-0.0387059,2.26691
329,36.7685,922.5,0.0387751,0.5,0.25,0.158745,1.29402,0.302878,-0.00876225,2.16393,3.90184e-05,0.00730465,0.28994,16715.5,0.48428,0.250847,-0.1,0.02,292.518,4.04275e+06,0.292737,0.0218543,0.637777,0.0832887,-0.241664,0.9225,0.117083,nan,nan,nan,nan,-0.0342534,-0.127005,-0.0614193,nan,-0.361344,0,-0.0894022,-0.859492,nan,-1.081,1.37076,0.531556,-1.81756,-0.0465556,2.58056
330,34.9552,806.65,0.0404335,0.541667,0.291667,0.160972,1.28063,0.285451,-0.00938179,2.16299,3.90184e-05,0.0121412,0.289929,11851,0.692287,0.344587,-0.1,0.02,293.556,4.05504e+06,0.28064,0.0224896,0.557413,0.0742511,-0.212643,0.80665,0.103715,nan,nan,nan,nan,-0.0295672,-0.10616,-0.0539061,nan,-0.316107,-0.0004,-0.0784372,-0.744545,nan,-0.9363,1.20659,0.4528,-1.5822,-0.0434,2.34687
331,31.5355,907.083,0.0367118,0.375,0.125,0.158986,1.29891,0.280486,-0.0083759,2.16261,3.90184e-05,0.0128612,0.289914,15835.5,0.519196,0.256783,-0.1,0.02,294.333,4.06733e+06,0.301579,0.0255584,0.616487,0.0824981,-0.23906,0.907083,0.1188,nan,nan,nan,nan,-0.0342659,-0.130832,-0.0600983,nan,-0.35682,0,-0.0849763,-0.86502,nan,-1.06525,1.33617,0.519,-1.81333,-0.0495,2.36875
332,28.3448,792.111,0.0422686,0.5,0.25,0.159321,1.30255,0.331905,-0.00986862,2.16165,3.90184e-05,0.00649288,0.289892,12420.8,0.514729,0.474582,-0.1,0.02,295.324,4.07962e+06,0.245821,0.0213745,0.540782,0.0699237,-0.206765,0.792111,0.0977,nan,nan,nan,nan,-0.0294524,-0.107714,-0.0540157,nan,-0.309694,0,-0.0774383,-0.737995,nan,-0.919,1.19238,0.447556,-1.54778,-0.045,2.04444
333,25.9249,722.7,0.0372265,0.375,0.458333,0.160069,1.28707,0.310097,-0.0085384,2.16086,3.90184e-05,0.014582,0.289876,12561.6,0.643887,0.334332,-0.1,0.02,296.305,4.0919e+06,0.256647,0.0168464,0.494375,0.0627288,-0.187725,0.7227,0.090595,nan,nan,nan,nan,-0.0270295,-0.0985772,-0.0474654,nan,-0.28218,0,-0.072523,-0.676212,nan,-0.83175,1.08406,0.3982,-1.4156,-0.0346,1.84375
334,26.0437,693.826,0.0377333,0.541667,0.416667,0.162354,1.28236,0.319053,-0.00900481,2.16045,3.90184e-05,0.0143324,0.289879,12951.4,0.627482,0.321298,-0.1,0.02,297.256,4.10419e+06,0.244891,0.0187627,0.482035,0.0614047,-0.182084,0.693826,0.0869565,nan,nan,nan,nan,-0.0264113,-0.0980259,-0.0471714,nan,-0.271654,0,-0.0700072,-0.633763,nan,-0.785217,1.04471,0.394435,-1.36052,-0.0374783,1.7875
335,27.2613,774.412,0.0421478,0.375,0.333333,0.161685,1.29403,0.355143,-0.00887583,2.16064,3.90184e-05,0.0158067,0.28988,14029.1,0.59491,0.280981,-0.1,0.02,298.133,4.11648e+06,0.240365,0.0226253,0.52781,0.0724659,-0.202597,0.774412,0.0976647,nan,nan,nan,nan,-0.0281514,-0.104229,-0.0490607,nan,-0.304728,0,-0.0736447,-0.703363,nan,-0.895941,1.15105,0.421647,-1.51553,-0.042,1.97426
336,31.1642,727.562,0.0355685,0.375,0.291667,0.160333,1.31473,0.338723,-0.00741276,2.16024,3.90184e-05,0.0112972,0.289861,15262.7,0.55122,0.253879,-0.1,0.02,298.939,4.12877e+06,0.262793,0.0205599,0.502151,0.065655,-0.189039,0.727562,0.0976375,nan,nan,nan,nan,-0.0276902,-0.10365,-0.0498814,nan,-0.284624,-0.00025,-0.0729302,-0.669536,nan,-0.821437,1.08036,0.4175,-1.424,-0.039375,2.06641
337,16.5303,499.714,0.0363631,0.125,0.458333,0.161152,1.29661,0.333605,-0.00938347,2.15925,3.90184e-05,0.0132841,0.28984,16834.3,0.484172,0.245767,-0.1,0.02,299.671,4.14106e+06,0.118104,0.0148737,0.336059,0.0474936,-0.130476,0.499714,0.0672214,nan,nan,nan,nan,-0.0206886,-0.0762768,-0.0333632,nan,-0.196778,0,-0.0496042,-0.459628,nan,-0.588643,0.733294,0.282857,-1.00171,-0.0284286,1.3125
338,24.0894,758.667,0.0369484,0.291667,0.333333,0.159615,1.31943,0.325664,-0.00951439,2.15813,3.90184e-05,0.00802127,0.289802,12735.1,0.608162,0.356733,-0.1,0.02,300.637,4.15334e+06,0.253422,0.0224762,0.522912,0.0603966,-0.196915,0.758667,0.0885467,nan,nan,nan,nan,-0.0270819,-0.0994188,-0.0487641,nan,-0.2963,-6.66667e-05,-0.075005,-0.689317,nan,-0.8678,1.12718,0.4048,-1.49253,-0.0390667,1.79833
339,29.505,738.6,0.0385777,0.291667,0.125,0.161764,1.29131,0.282672,-0.00771741,2.15653,3.90184e-05,0.0122373,0.289775,13271.9,0.607618,0.318246,-0.1,0.02,301.564,4.16563e+06,0.247562,0.0202745,0.509609,0.0659979,-0.19134,0.7386,0.09376,nan,nan,nan,nan,-0.0279003,-0.106037,-0.0492319,nan,-0.287735,0,-0.0726283,-0.680882,nan,-0.8613,1.09885,0.4188,-1.4492,-0.0382,2.04625
340,21.8418,602.267,0.0369464,0.25,0.375,0.163863,1.2961,0.364636,-0.00957929,2.15559,3.90184e-05,0.0112529,0.289754,13647.7,0.585304,0.31507,-0.1,0.02,302.466,4.17792e+06,0.188111,0.0171208,0.414881,0.0546766,-0.157714,0.602267,0.0725133,nan,nan,nan,nan,-0.0225944,-0.0799328,-0.0404113,nan,-0.236583,0,-0.0576018,-0.553637,nan,-0.7282,0.892796,0.351467,-1.176,-0.0324,1.58333
341,21.7383,565.929,0.0404538,0.166667,0.416667,0.162961,1.31255,0.339793,-0.00826869,2.15517,3.90184e-05,0.00979688,0.28977,13252.2,0.596977,0.330266,-0.1,0.02,303.394,4.19021e+06,0.176525,0.0161271,0.39313,0.0495411,-0.147624,0.565929,0.0658929,nan,nan,nan,nan,-0.0209304,-0.0762309,-0.0363926,nan,-0.221648,0,-0.0568342,-0.516152,nan,-0.661286,0.845795,0.304286,-1.12286,-0.0292857,1.55893
342,21.3069,612.067,0.0445645,0.291667,0.333333,0.166075,1.32007,0.303433,-0.00824453,2.1557,3.90184e-05,0.0104492,0.289763,13774.2,0.525684,0.366419,-0.1,0.02,304.288,4.2025e+06,0.254185,0.0181469,0.422247,0.0532303,-0.160211,0.612067,0.0753467,nan,nan,nan,nan,-0.0230012,-0.0839473,-0.0407969,nan,-0.239165,0,-0.0616855,-0.55964,nan,-0.6904,0.910937,0.331467,-1.20587,-0.0317333,1.48417
343,23.3366,601.75,0.0388034,0.0833333,0.25,0.164917,1.31676,0.329123,-0.00840996,2.15465,3.90184e-05,0.0153585,0.28973,12839.6,0.6148,0.342241,-0.1,0.02,305.246,4.21478e+06,0.236414,0.01804,0.417726,0.0526163,-0.157001,0.60175,0.0767,nan,nan,nan,nan,-0.0230714,-0.0808953,-0.0393015,nan,-0.233726,0,-0.0664191,-0.552157,nan,-0.672375,0.904155,0.3445,-1.205,-0.027,1.57188
344,31.7544,780.526,0.0385827,0.416667,0.375,0.161714,1.30504,0.335496,-0.00938861,2.15375,3.90184e-05,0.0132388,0.289727,13328.7,0.592414,0.329506,-0.1,0.02,306.17,4.22707e+06,0.265457,0.0227436,0.541325,0.0714622,-0.203748,0.780526,0.101716,nan,nan,nan,nan,-0.0299792,-0.111332,-0.0534174,nan,-0.304604,0,-0.080709,-0.704128,nan,-0.887684,1.16504,0.450316,-1.54084,-0.0417895,2.14737
345,27.4185,832.235,0.0438332,0.5,0.208333,0.16125,1.30846,0.292452,-0.00828117,2.15398,3.90184e-05,0.0137398,0.289736,14154.6,0.564205,0.303923,-0.1,0.02,307.039,4.23936e+06,0.290195,0.0192771,0.57193,0.0692881,-0.217958,0.832235,0.103594,nan,nan,nan,nan,-0.0307355,-0.114097,-0.0543958,nan,-0.325403,-5.88235e-05,-0.0840368,-0.775301,nan,-0.967412,1.24669,0.442824,-1.64259,-0.0416471,2.04853
346,29.3962,778,0.0403114,0.166667,0.291667,0.162702,1.31913,0.290415,-0.00887115,2.15399,3.90184e-05,0.00752215,0.289728,12896.8,0.571564,0.38123,-0.1,0.02,307.993,4.25165e+06,0.233686,0.018486,0.532182,0.0700296,-0.203486,0.778,0.0980818,nan,nan,nan,nan,-0.0295024,-0.105878,-0.0530772,nan,-0.303891,0,-0.0778754,-0.7403,nan,-0.928091,1.16258,0.442909,-1.51491,-0.0398182,2.13068
347,25.6468,669.545,0.040165,0.208333,0.25,0.16478,1.29341,0.306847,-0.00928485,2.15335,3.90184e-05,0.0166652,0.289706,12289.2,0.646557,0.353346,-0.1,0.02,308.995,4.26394e+06,0.275106,0.018831,0.455156,0.0570058,-0.173545,0.669545,0.0831182,nan,nan,nan,nan,-0.0249203,-0.0923968,-0.042295,nan,-0.261719,0,-0.0669016,-0.620854,nan,-0.785727,0.990165,0.365091,-1.32509,-0.0325455,1.79432
348,33.4096,853.684,0.0370076,0.583333,0.208333,0.163462,1.31088,0.304491,-0.00898982,2.1519,3.90184e-05,0.0121878,0.289659,13271.2,0.603483,0.322431,-0.1,0.02,309.922,4.27622e+06,0.292458,0.0235283,0.596808,0.0751881,-0.222452,0.853684,0.109632,nan,nan,nan,nan,-0.0311266,-0.121773,-0.0579164,nan,-0.33251,-5.26316e-05,-0.0889456,-0.790218,nan,-0.996474,1.28468,0.482737,-1.66358,-0.0425263,2.29934
349,27.7159,741.571,0.038436,0.458333,0.416667,0.16359,1.27589,0.265828,-0.00904852,2.15041,3.90184e-05,0.0111442,0.289646,13920,0.569271,0.313486,-0.1,0.02,310.806,4.28851e+06,0.265931,0.019558,0.512089,0.0644385,-0.193226,0.741571,0.0944381,nan,nan,nan,nan,-0.0280791,-0.10386,-0.0487503,nan,-0.288557,0,-0.0811229,-0.683933,nan,-0.864286,1.10694,0.407048,-1.46476,-0.0380952,1.96845
350,35.2847,901.583,0.0388841,0.333333,0.166667,0.164515,1.29841,0.35365,-0.00868251,2.14946,3.90184e-05,0.00765863,0.289599,15198.6,0.511694,0.2968,-0.1,0.02,311.616,4.3008e+06,0.296237,0.0240698,0.620489,0.0800151,-0.236446,0.901583,0.111442,nan,nan,nan,nan,-0.0334366,-0.126562,-0.0597758,nan,-0.351665,-0.000166667,-0.0932654,-0.828227,nan,-1.078,1.35149,0.510333,-1.75567,-0.0463333,2.47812
351,28.9807,775.5,0.0376073,0.541667,0.458333,0.163484,1.29727,0.295523,-0.00864131,2.14752,3.90184e-05,0.00893095,0.289569,13869.8,0.566775,0.31918,-0.1,0.02,312.503,4.31309e+06,0.274132,0.0206617,0.535529,0.0698215,-0.203754,0.7755,0.100287,nan,nan,nan,nan,-0.0295757,-0.113167,-0.0526657,nan,-0.303618,0,-0.0791941,-0.717639,nan,-0.915375,1.15999,0.431167,-1.52883,-0.0414167,2.06719
352,35.7927,977.583,0.0395578,0.416667,0.0833333,0.163398,1.27086,0.280017,-0.00934378,2.14666,3.90184e-05,0.0166886,0.289552,12858.9,0.608925,0.346675,-0.1,0.02,313.461,4.32538e+06,0.348291,0.0297669,0.673663,0.083355,-0.254832,0.977583,0.119475,nan,nan,nan,nan,-0.0354974,-0.138276,-0.0655828,nan,-0.380717,0,-0.104954,-0.870494,nan,-1.1105,1.46139,0.548,-1.91533,-0.0496667,2.47396
353,26.7926,724.231,0.0406177,0.25,0.291667,0.164339,1.28762,0.346909,-0.00826495,2.14599,3.90184e-05,0.0103903,0.289544,13392,0.590802,0.326759,-0.1,0.02,314.38,4.33766e+06,0.234195,0.0181457,0.501581,0.0643597,-0.18784,0.724231,0.0905231,nan,nan,nan,nan,-0.0263864,-0.0964331,-0.0474074,nan,-0.28199,0,-0.0775523,-0.669582,nan,-0.842308,1.07552,0.394154,-1.40892,-0.0352308,1.91058
354,31.2118,786.571,0.0427672,0.375,0.208333,0.161714,1.30316,0.324591,-0.00877049,2.14597,3.90184e-05,0.00664669,0.289548,15045.8,0.554875,0.261833,-0.1,0.02,315.198,4.34995e+06,0.266342,0.019624,0.544636,0.0703284,-0.203955,0.786571,0.100857,nan,nan,nan,nan,-0.0291377,-0.109763,-0.0537791,nan,-0.305912,0,-0.0836853,-0.723115,nan,-0.93,1.18494,0.441143,-1.54029,-0.0402857,2.16607
355,30.0242,770.957,0.0375168,0.5,0.458333,0.165657,1.28899,0.368833,-0.00896575,2.14552,3.90184e-05,0.0118086,0.289526,14552.6,0.520376,0.324008,-0.1,0.02,316.044,4.36224e+06,0.240965,0.021777,0.536494,0.0690332,-0.200836,0.770957,0.100213,nan,nan,nan,nan,-0.0301375,-0.110157,-0.0528969,nan,-0.300169,-0.000130435,-0.0826969,-0.716541,nan,-0.913304,1.15749,0.438609,-1.52191,-0.0430435,2.1375
356,30.5884,801.364,0.0398433,0.5,0.416667,0.166012,1.26988,0.36634,-0.00927327,2.14408,3.90184e-05,0.0137598,0.289476,13998.3,0.575626,0.302192,-0.1,0.02,316.923,4.37453e+06,0.245074,0.0243277,0.5586,0.0702859,-0.209216,0.801364,0.103345,nan,nan,nan,nan,-0.030093,-0.113198,-0.0526697,nan,-0.313188,0,-0.085046,-0.72729,nan,-0.936545,1.19417,0.446,-1.56564,-0.0388182,2.15795
357,32.6252,814.611,0.0407723,0.5,0.25,0.160448,1.27482,0.272332,-0.00865469,2.1417,3.90184e-05,0.0090482,0.289415,13985.1,0.574907,0.303742,-0.1,0.02,317.803,4.38682e+06,0.330907,0.0181909,0.566504,0.0695804,-0.212618,0.814611,0.1038,nan,nan,nan,nan,-0.0308817,-0.116289,-0.0553818,nan,-0.317223,0,-0.0898576,-0.74733,nan,-0.9275,1.22514,0.437556,-1.59933,-0.0455556,2.20694
358,37.7948,882,0.0396328,0.458333,0.125,0.158424,1.30724,0.296486,-0.00901866,2.13945,3.90184e-05,0.0101818,0.289385,12830.1,0.608329,0.349419,-0.1,0.02,318.762,4.3991e+06,0.278033,0.0242411,0.614334,0.0787119,-0.229547,0.882,0.11795,nan,nan,nan,nan,-0.034301,-0.131072,-0.0606443,nan,-0.343936,0,-0.0950257,-0.8295,nan,-1.03971,1.32839,0.501429,-1.73286,-0.0414286,2.60268
359,33.7091,830.615,0.0378652,0.375,0.166667,0.16357,1.27962,0.286299,-0.00875887,2.13874,3.90184e-05,0.00724206,0.289368,14935,0.551846,0.270921,-0.1,0.02,319.587,4.41139e+06,0.227578,0.0221898,0.580997,0.0748848,-0.216396,0.830615,0.107754,nan,nan,nan,nan,-0.0308821,-0.115494,-0.0569076,nan,-0.322861,0,-0.0907334,-0.757491,nan,-0.962077,1.25066,0.456923,-1.63077,-0.0421538,2.35962
360,34.7662,917.2,0.0402833,0.458333,0.166667,0.157321,1.3007,0.297944,-0.00903866,2.13779,3.90184e-05,0.0120895,0.289351,13473.6,0.576019,0.335986,-0.1,0.02,320.5,4.42368e+06,0.287461,0.0221977,0.638529,0.0792317,-0.238294,0.9172,0.114413,nan,nan,nan,nan,-0.0337542,-0.126305,-0.0612378,nan,-0.35615,0,-0.0987482,-0.837149,nan,-1.0692,1.38041,0.518133,-1.78853,-0.0457333,2.43583
361,34.6587,814.889,0.0411853,0.416667,0.333333,0.159382,1.27915,0.305516,-0.00770432,2.13765,3.90184e-05,0.010246,0.28936,13058.7,0.607387,0.333594,-0.1,0.02,321.443,4.43597e+06,0.263454,0.0239116,0.576187,0.0729647,-0.210968,0.814889,0.102683,nan,nan,nan,nan,-0.0305722,-0.112368,-0.055826,nan,-0.316129,0,-0.0916751,-0.733891,nan,-0.952333,1.23616,0.458667,-1.57644,-0.0413333,2.30556
362,32.0211,799.2,0.0383923,0.375,0.25,0.163365,1.31691,0.330783,-0.00843687,2.1375,3.90184e-05,0.00902582,0.289343,14186.2,0.563989,0.302202,-0.1,0.02,322.311,4.44826e+06,0.23668,0.0235694,0.561757,0.0724281,-0.208631,0.7992,0.101453,nan,nan,nan,nan,-0.0305659,-0.116725,-0.0538911,nan,-0.310335,0,-0.0860786,-0.729413,nan,-0.8976,1.20484,0.451467,-1.56027,-0.036,2.17917
363,26.8129,633.562,0.0368559,0.208333,0.458333,0.160463,1.31322,0.370391,-0.00919617,2.13705,3.90184e-05,0.00867468,0.289344,14284.7,0.546616,0.313605,-0.1,0.02,323.174,4.46054e+06,0.22627,0.0178702,0.441538,0.0546027,-0.165446,0.633562,0.0816,nan,nan,nan,nan,-0.0249595,-0.0901688,-0.043372,nan,-0.245618,0,-0.0736632,-0.580018,nan,-0.723,0.942792,0.36475,-1.25925,-0.036375,1.81953
364,27.3158,740.526,0.0372422,0.416667,0.375,0.162032,1.30681,0.306376,-0.008385,2.13667,3.90184e-05,0.0195959,0.289311,12302.9,0.640988,0.357803,-0.1,0.02,324.174,4.47283e+06,0.214185,0.0185506,0.516583,0.0669848,-0.193421,0.740526,0.0930368,nan,nan,nan,nan,-0.0270688,-0.102026,-0.0479765,nan,-0.288178,0,-0.0786729,-0.675015,nan,-0.859737,1.10486,0.412211,-1.45326,-0.0363158,1.96053
365,35.0053,800.85,0.0351055,0.541667,0.291667,0.15832,1.27009,0.285465,-0.00820852,2.13531,3.90184e-05,0.01279,0.289295,13025.2,0.627316,0.316088,-0.1,0.02,325.12,4.48512e+06,0.257996,0.0219599,0.561693,0.0704419,-0.210107,0.80085,0.103075,nan,nan,nan,nan,-0.0296144,-0.110942,-0.0541321,nan,-0.310565,-0.00015,-0.089873,-0.730302,nan,-0.9267,1.20531,0.4516,-1.58,-0.0384,2.35812
366,29.7281,798.357,0.0383514,0.375,0.208333,0.1619,1.27881,0.331465,-0.0090897,2.13426,3.90184e-05,0.0119948,0.289256,12854.1,0.608797,0.347165,-0.1,0.02,326.077,4.49741e+06,0.291993,0.020291,0.559412,0.0653838,-0.206386,0.798357,0.100543,nan,nan,nan,nan,-0.0294407,-0.111259,-0.0520658,nan,-0.309159,-7.14286e-05,-0.0899591,-0.735467,nan,-0.915857,1.1923,0.44,-1.574,-0.0385714,2.08036
367,31.9832,819.929,0.032418,0.416667,0.166667,0.16937,1.30246,0.305846,-0.00917299,2.13257,3.90184e-05,0.014103,0.289214,14498.3,0.581077,0.266468,-0.1,0.02,326.926,4.5097e+06,0.301651,0.0217936,0.577665,0.0725272,-0.213478,0.819929,0.100579,nan,nan,nan,nan,-0.0295915,-0.112965,-0.0557525,nan,-0.316447,-7.14286e-05,-0.0942611,-0.76592,nan,-0.957857,1.23818,0.459714,-1.60571,-0.0417143,2.20089
368,20.191,574.9,0.038765,0.125,0.291667,0.161919,1.32715,0.316126,-0.0088806,2.13087,3.90184e-05,0.0103915,0.289181,15378.9,0.535298,0.263718,-0.1,0.02,327.726,4.52198e+06,0.175081,0.014665,0.399088,0.0499092,-0.149733,0.5749,0.07319,nan,nan,nan,nan,-0.0228588,-0.079793,-0.0395341,nan,-0.222624,0,-0.0666148,-0.542473,nan,-0.669,0.855147,0.3308,-1.1436,-0.027,1.5
369,25.7709,706.789,0.0382244,0.333333,0.458333,0.162493,1.30495,0.336991,-0.00732015,2.12951,3.90184e-05,0.013125,0.28914,17148.1,0.478429,0.238152,-0.1,0.02,328.444,4.53427e+06,0.239583,0.0193025,0.489429,0.0626579,-0.183923,0.706789,0.0886737,nan,nan,nan,nan,-0.0258939,-0.0980077,-0.0476827,nan,-0.274441,0,-0.0778423,-0.662696,nan,-0.833211,1.05652,0.402105,-1.39158,-0.0371579,1.85592
370,32.8462,748.8,0.0398572,0.208333,0.208333,0.159163,1.30127,0.326782,-0.00914519,2.12774,3.90184e-05,0.0113387,0.289099,16673.8,0.483246,0.253718,-0.1,0.02,329.182,4.54656e+06,0.252409,0.022574,0.525471,0.0661934,-0.196191,0.7488,0.09197,nan,nan,nan,nan,-0.0268487,-0.101071,-0.0477484,nan,-0.290728,0,-0.085007,-0.691053,nan,-0.8709,1.12589,0.4148,-1.4608,-0.0342,2.19875
371,27.99,778.267,0.0392459,0.375,0.25,0.163201,1.26568,0.300964,-0.00857412,2.12604,3.90184e-05,0.0131846,0.289059,13463.1,0.50516,0.407557,-0.1,0.02,330.096,4.55885e+06,0.266178,0.0178903,0.539407,0.0658201,-0.203026,0.778267,0.0992133,nan,nan,nan,nan,-0.0292388,-0.108955,-0.0520184,nan,-0.302375,0,-0.0867749,-0.720973,nan,-0.8976,1.17549,0.4112,-1.5488,-0.0392,2.035
372,32.0984,824.143,0.037727,0.333333,0.25,0.165629,1.27732,0.253204,-0.00871486,2.12426,3.90184e-05,0.00594213,0.289013,11367.9,0.66422,0.416719,-0.1,0.02,331.179,4.57114e+06,0.257805,0.0244777,0.566725,0.0741404,-0.21634,0.824143,0.107786,nan,nan,nan,nan,-0.0316224,-0.125871,-0.0552279,nan,-0.320159,0,-0.0914716,-0.761336,nan,-0.998357,1.22823,0.466857,-1.61457,-0.041,2.31071
373,33.9355,958.778,0.0368479,0.333333,0.0416667,0.161998,1.27936,0.253188,-0.00939696,2.12263,3.90184e-05,0.0145773,0.288991,13807,0.582128,0.307853,-0.1,0.02,332.071,4.58342e+06,0.271841,0.020867,0.684801,0.0775658,-0.250778,0.958778,0.117511,nan,nan,nan,nan,-0.0337102,-0.127876,-0.0637601,nan,-0.370839,0,-0.11261,-0.892112,nan,-1.09367,1.45365,0.535111,-1.864,-0.0473333,2.43333
374,30.9963,845.889,0.0376889,0.541667,0.208333,0.16035,1.28263,0.276941,-0.00865421,2.12204,3.90184e-05,0.0086861,0.288976,12646.1,0.63164,0.340046,-0.1,0.02,333.044,4.59571e+06,0.279997,0.0208902,0.598315,0.0739223,-0.218571,0.845889,0.102294,nan,nan,nan,nan,-0.0309607,-0.122737,-0.0566194,nan,-0.327156,0,-0.0972389,-0.778644,nan,-0.977833,1.2831,0.464444,-1.64178,-0.0438889,2.17639
375,35.6462,871.895,0.0397733,0.583333,0.208333,0.161258,1.32974,0.284206,-0.00888408,2.12145,3.90184e-05,0.00895988,0.288967,14880.9,0.530346,0.29541,-0.1,0.02,333.871,4.608e+06,0.321047,0.0228157,0.607095,0.0745504,-0.227231,0.871895,0.112837,nan,nan,nan,nan,-0.0327549,-0.128621,-0.0594575,nan,-0.33742,-0.000210526,-0.100092,-0.787707,nan,-1.01021,1.30698,0.496,-1.70632,-0.0448421,2.40395
376,31.6703,765.182,0.0382224,0.5,0.416667,0.159544,1.30715,0.338326,-0.00775061,2.12061,3.90184e-05,0.01293,0.288936,13819.6,0.572688,0.316482,-0.1,0.02,334.762,4.62029e+06,0.256261,0.022629,0.540379,0.0666848,-0.199754,0.765182,0.0981318,nan,nan,nan,nan,-0.0280917,-0.101289,-0.052019,nan,-0.296364,0,-0.0866481,-0.700142,nan,-0.8985,1.14937,0.444,-1.49491,-0.0366364,2.13523
377,35.6194,830.214,0.0353945,0.375,0.208333,0.159886,1.30279,0.33186,-0.00844873,2.11909,3.90184e-05,0.0116399,0.288898,13270.6,0.593731,0.332223,-0.1,0.02,335.689,4.63258e+06,0.274732,0.0191298,0.588659,0.0736905,-0.215752,0.830214,0.10545,nan,nan,nan,nan,-0.0300428,-0.116422,-0.0565715,nan,-0.321295,0,-0.0945156,-0.769674,nan,-0.957857,1.2473,0.470857,-1.62686,-0.0418571,2.40179
378,28.7067,823.952,0.0411707,0.416667,0.458333,0.163299,1.26775,0.35571,-0.00933715,2.11799,3.90184e-05,0.012185,0.288894,14149.7,0.561651,0.306776,-0.1,0.02,336.559,4.64486e+06,0.275376,0.0205242,0.580823,0.0665323,-0.21441,0.823952,0.0988238,nan,nan,nan,nan,-0.0289551,-0.108305,-0.052441,nan,-0.318518,0,-0.0973781,-0.761704,nan,-0.956714,1.23956,0.441143,-1.60762,-0.0385714,2.07321
379,24.8538,640.353,0.0394497,0.25,0.458333,0.161183,1.28106,0.326472,-0.00844382,2.11855,3.90184e-05,0.0103496,0.288924,15252.8,0.525215,0.28041,-0.1,0.02,337.366,4.65715e+06,0.184897,0.0177663,0.448861,0.0547756,-0.165475,0.640353,0.0793471,nan,nan,nan,nan,-0.0245179,-0.0924148,-0.045109,nan,-0.246681,0,-0.0760939,-0.582148,nan,-0.729,0.96213,0.370118,-1.22918,-0.0337647,1.70882
380,29.8029,709.769,0.0394764,0.25,0.291667,0.161796,1.27961,0.334864,-0.00905336,2.11937,3.90184e-05,0.00945298,0.288923,14155.1,0.514789,0.353306,-0.1,0.02,338.235,4.66944e+06,0.210501,0.0208857,0.490487,0.0630657,-0.186762,0.709769,0.0912231,nan,nan,nan,nan,-0.0267435,-0.101749,-0.0473563,nan,-0.275653,0,-0.0811103,-0.670907,nan,-0.821077,1.07092,0.384308,-1.39754,-0.0353846,2.09327
381,32.9331,777.867,0.0385533,0.333333,0.291667,0.157221,1.2778,0.326652,-0.00808692,2.119,3.90184e-05,0.00669121,0.288911,12926.2,0.621332,0.329294,-0.1,0.02,339.187,4.68173e+06,0.229404,0.0189769,0.539107,0.0688368,-0.202464,0.777867,0.100893,nan,nan,nan,nan,-0.029141,-0.114863,-0.0529403,nan,-0.300179,-6.66667e-05,-0.0898872,-0.721741,nan,-0.8788,1.16752,0.454133,-1.54,-0.04,2.26
382,32.7486,896.182,0.0413132,0.291667,0.166667,0.16454,1.26751,0.348204,-0.00860612,2.11825,3.90184e-05,0.0149459,0.288884,13411.7,0.591885,0.324332,-0.1,0.02,340.105,4.69402e+06,0.334262,0.022877,0.629997,0.077423,-0.234228,0.896182,0.119145,nan,nan,nan,nan,-0.0334123,-0.124539,-0.0611956,nan,-0.347136,0,-0.104477,-0.836529,nan,-1.04018,1.32874,0.506545,-1.76182,-0.0467273,2.3125
383,22.8843,631.615,0.0439659,0.208333,0.333333,0.167009,1.27251,0.311025,-0.00941227,2.11714,3.90184e-05,0.00552544,0.288876,13526.3,0.606618,0.301833,-0.1,0.02,341.015,4.7063e+06,0.195883,0.0160849,0.440943,0.0544904,-0.164486,0.631615,0.0777462,nan,nan,nan,nan,-0.0240908,-0.0842439,-0.0400445,nan,-0.243774,0,-0.07177,-0.591985,nan,-0.751615,0.956003,0.338154,-1.24554,-0.0318462,1.68269
384,31.8733,819.733,0.0391027,0.375,0.25,0.161937,1.26412,0.296878,-0.00876043,2.11717,3.90184e-05,0.0151773,0.288882,16388.6,0.505452,0.244337,-0.1,0.02,341.766,4.71859e+06,0.263864,0.0219634,0.576735,0.0696102,-0.212773,0.819733,0.10302,nan,nan,nan,nan,-0.0308361,-0.117602,-0.0548296,nan,-0.316271,0,-0.098332,-0.751304,nan,-0.9086,1.24699,0.452,-1.5936,-0.0436,2.1675
385,22.1244,659.267,0.0395244,0.25,0.375,0.159255,1.25753,0.338667,-0.00977855,2.11664,3.90184e-05,0.0138792,0.288847,15853.1,0.480483,0.294631,-0.1,0.02,342.542,4.73088e+06,0.223332,0.0171176,0.45992,0.0518703,-0.172743,0.659267,0.0825067,nan,nan,nan,nan,-0.0245404,-0.090503,-0.0431213,nan,-0.254923,-6.66667e-05,-0.0794667,-0.613977,nan,-0.7418,0.987383,0.352533,-1.2976,-0.0314667,1.6225
386,29.5218,724.333,0.0402718,0.208333,0.291667,0.160127,1.2488,0.295488,-0.00817204,2.11469,3.90184e-05,0.00842216,0.288789,12003.6,0.63848,0.385215,-0.1,0.02,343.567,4.74317e+06,0.245594,0.0205979,0.511657,0.0600595,-0.188674,0.724333,0.086975,nan,nan,nan,nan,-0.0266226,-0.101132,-0.0487005,nan,-0.278626,-8.33333e-05,-0.0892038,-0.670913,nan,-0.83625,1.09583,0.434,-1.43033,-0.0345,2.00208
387,32.1948,853.429,0.0354902,0.375,0.208333,0.160505,1.29142,0.307729,-0.00798277,2.1124,3.90184e-05,0.0110074,0.288757,12505.5,0.650378,0.332228,-0.1,0.02,344.552,4.75546e+06,0.266552,0.0230284,0.598944,0.0726487,-0.223352,0.853429,0.102521,nan,nan,nan,nan,-0.0300744,-0.115529,-0.0551464,nan,-0.328956,0,-0.0989362,-0.794719,nan,-0.998571,1.29058,0.471429,-1.65486,-0.0415714,2.27232
388,27.0673,681.056,0.0384817,0.375,0.375,0.160773,1.26326,0.361916,-0.0081487,2.11169,3.90184e-05,0.0128752,0.288749,13911.2,0.564738,0.318578,-0.1,0.02,345.436,4.76774e+06,0.266185,0.0163284,0.475177,0.0566209,-0.177541,0.681056,0.0806056,nan,nan,nan,nan,-0.0245406,-0.0927307,-0.0432562,nan,-0.261949,-5.55556e-05,-0.081177,-0.624863,nan,-0.779833,1.02475,0.371333,-1.33889,-0.0334444,1.83958
389,28.4258,735.333,0.0409015,0.208333,0.291667,0.158849,1.27085,0.323432,-0.00787712,2.11079,3.90184e-05,0.00906238,0.288706,14577.6,0.579282,0.263658,-0.1,0.02,346.281,4.78003e+06,0.265237,0.0196561,0.510287,0.0597792,-0.191616,0.735333,0.0850917,nan,nan,nan,nan,-0.0268568,-0.0969188,-0.0487068,nan,-0.282993,0,-0.0882197,-0.678777,nan,-0.8465,1.11462,0.409,-1.44967,-0.0393333,1.97187
390,36.743,883.467,0.0386185,0.458333,0.166667,0.158838,1.28029,0.319367,-0.00838786,2.10925,3.90184e-05,0.0155487,0.288701,16401.3,0.508475,0.240734,-0.1,0.02,347.031,4.79232e+06,0.278916,0.0268713,0.619627,0.0773875,-0.231577,0.883467,0.11254,nan,nan,nan,nan,-0.0322408,-0.122462,-0.0596238,nan,-0.341448,0,-0.103798,-0.811221,nan,-1.0412,1.33418,0.520533,-1.72773,-0.0484,2.50333
391,29.1967,759.043,0.0406855,0.458333,0.5,0.158558,1.25177,0.319496,-0.0081554,2.10895,3.90184e-05,0.0121431,0.288666,16421.9,0.482263,0.266004,-0.1,0.02,347.781,4.80461e+06,0.250174,0.0187593,0.535961,0.0636248,-0.197507,0.759043,0.0938043,nan,nan,nan,nan,-0.0282865,-0.105202,-0.0511951,nan,-0.292064,0,-0.0924286,-0.694794,nan,-0.864,1.1401,0.433217,-1.4887,-0.0407826,2.02011
392,34.3929,908,0.0396047,0.458333,0.208333,0.157633,1.25512,0.310903,-0.00866613,2.1069,3.90184e-05,0.0117212,0.288619,13216.8,0.59512,0.334606,-0.1,0.02,348.712,4.8169e+06,0.258393,0.0264622,0.637452,0.0763892,-0.237595,0.908,0.108544,nan,nan,nan,nan,-0.0323976,-0.125354,-0.0593295,nan,-0.351085,0,-0.107742,-0.84618,nan,-1.04475,1.3634,0.51175,-1.77125,-0.04975,2.45469
393,32.7413,815.467,0.0397623,0.416667,0.208333,0.155803,1.28288,0.275912,-0.00863201,2.10528,3.90184e-05,0.0107132,0.288591,13237.5,0.621014,0.307259,-0.1,0.02,349.642,4.82918e+06,0.236101,0.0215125,0.573748,0.0683626,-0.212342,0.815467,0.105273,nan,nan,nan,nan,-0.0301068,-0.114085,-0.0554115,nan,-0.315067,0,-0.0967833,-0.742042,nan,-0.936,1.21934,0.483733,-1.6024,-0.0430667,2.26083
394,25.3715,660.812,0.0407162,0.25,0.416667,0.156192,1.27141,0.341017,-0.00762962,2.10365,3.90184e-05,0.0104854,0.288535,13701.9,0.57952,0.317287,-0.1,0.02,350.54,4.84147e+06,0.232607,0.0198081,0.464992,0.0546715,-0.171461,0.660812,0.0811875,nan,nan,nan,nan,-0.0235739,-0.0873906,-0.041285,nan,-0.253643,0,-0.0837358,-0.598449,nan,-0.746625,0.999907,0.3435,-1.30175,-0.034125,1.75313
395,31.4101,767.9,0.0387394,0.458333,0.375,0.158517,1.26549,0.293269,-0.00805217,2.10088,3.90184e-05,0.0114601,0.288468,15143.6,0.521013,0.290417,-0.1,0.02,351.353,4.85376e+06,0.257789,0.0219743,0.540699,0.0649859,-0.20058,0.7679,0.096025,nan,nan,nan,nan,-0.0283695,-0.104674,-0.0509356,nan,-0.295137,0,-0.0938914,-0.678382,nan,-0.8763,1.16982,0.435,-1.5082,-0.0391,2.09187
396,32.162,774.412,0.0373853,0.416667,0.291667,0.158559,1.29607,0.33674,-0.00836146,2.09851,3.90184e-05,0.0116526,0.288427,16733,0.492803,0.241556,-0.1,0.02,352.088,4.86605e+06,0.21349,0.0216091,0.543093,0.0678733,-0.202357,0.774412,0.0970824,nan,nan,nan,nan,-0.0282431,-0.105203,-0.0517101,nan,-0.298484,0,-0.0911983,-0.702861,nan,-0.891882,1.1688,0.444706,-1.52071,-0.0398824,2.20956
397,28.5834,742.846,0.0422198,0.541667,0.541667,0.157426,1.26774,0.317922,-0.00898644,2.09708,3.90184e-05,0.011463,0.288399,17066.1,0.480062,0.23996,-0.1,0.02,352.81,4.87834e+06,0.247133,0.0224715,0.519141,0.0625676,-0.195287,0.742846,0.0865462,nan,nan,nan,nan,-0.0266324,-0.0979395,-0.0487996,nan,-0.285779,0,-0.0917096,-0.681854,nan,-0.849,1.12283,0.399077,-1.43431,-0.0376154,1.97548
398,30.062,742.263,0.0413366,0.458333,0.333333,0.158063,1.29289,0.291297,-0.00736965,2.09585,3.90184e-05,0.0112203,0.288373,13722.6,0.541339,0.35412,-0.1,0.02,353.706,4.89062e+06,0.266172,0.0199087,0.518805,0.0645275,-0.193515,0.742263,0.0922842,nan,nan,nan,nan,-0.0272309,-0.103765,-0.0487805,nan,-0.285233,0,-0.0905231,-0.66846,nan,-0.869684,1.11812,0.424,-1.45221,-0.0404211,2.03684
399,27.4946,839.4,0.038213,0.25,0.166667,0.153404,1.26654,0.30047,-0.00895326,2.09457,3.90184e-05,0.00987039,0.288342,12994.6,0.633349,0.312271,-0.1,0.02,354.654,4.90291e+06,0.228429,0.0202859,0.583613,0.0678635,-0.218837,0.8394,0.10114,nan,nan,nan,nan,-0.0298794,-0.115199,-0.05407,nan,-0.322183,0,-0.105364,-0.751702,nan,-0.9702,1.24543,0.4592,-1.6616,-0.0466,2.105
400,34.7498,867.133,0.0405206,0.416667,0.208333,0.155896,1.26612,0.290651,-0.00910478,2.09302,3.90184e-05,0.00558281,0.2883,13266.6,0.585987,0.34025,-0.1,0.02,355.581,4.9152e+06,0.335379,0.0217947,0.607701,0.0725392,-0.226664,0.867133,0.10608,nan,nan,nan,nan,-0.0308682,-0.117068,-0.0566623,nan,-0.332083,-0.000133333,-0.1073,-0.797088,nan,-0.987,1.31033,0.476,-1.6968,-0.0428,2.335
401,33.7084,811.273,0.0388193,0.291667,0.166667,0.159186,1.27073,0.29145,-0.00899885,2.0914,3.90184e-05,0.0116886,0.288272,16934,0.483428,0.242212,-0.1,0.02,358.121,4.92749e+06,0.215823,0.0217699,0.559752,0.0739153,-0.211606,0.811273,0.103782,nan,nan,nan,nan,-0.0302184,-0.118297,-0.0557638,nan,-0.31282,0,-0.0936625,-0.753826,nan,-0.947727,1.21144,0.492364,-1.58073,-0.0443636,2.34432
402,35.6713,914,0.0425477,0.5,0.0833333,0.154093,1.27206,0.276523,-0.00778485,2.09073,3.90184e-05,0.0121046,0.288272,16903.7,0.476193,0.250748,-0.1,0.02,358.849,4.93978e+06,0.368751,0.0266115,0.651313,0.0772388,-0.239508,0.914,0.107457,nan,nan,nan,nan,-0.0305713,-0.11784,-0.0579822,nan,-0.3507,0,-0.112537,-0.842474,nan,-1.05814,1.37016,0.503143,-1.77429,-0.0457143,2.39464
403,33.5471,877.083,0.0378988,0.375,0.125,0.160057,1.29316,0.262402,-0.00945122,2.09053,3.90184e-05,0.014879,0.288257,17078.6,0.470988,0.248507,-0.1,0.02,359.57,4.95206e+06,0.299776,0.0242963,0.616279,0.0749031,-0.2314,0.877083,0.106742,nan,nan,nan,nan,-0.0294828,-0.109273,-0.0549634,nan,-0.338695,0,-0.104705,-0.80325,nan,-1.00125,1.33492,0.478667,-1.71967,-0.0436667,2.30104
404,36.8183,839.882,0.042443,0.416667,0.291667,0.157376,1.29553,0.295941,-0.00792591,2.09009,3.90184e-05,0.00830901,0.288259,17189.4,0.472592,0.242269,-0.1,0.02,360.286,4.96435e+06,0.307297,0.0255949,0.584766,0.0725526,-0.220248,0.839882,0.0999294,nan,nan,nan,nan,-0.0293766,-0.113824,-0.0548227,nan,-0.323747,0,-0.101058,-0.757588,nan,-0.985765,1.2825,0.468235,-1.62235,-0.0398824,2.40882
405,27.9462,822.857,0.0426036,0.416667,0.166667,0.153235,1.30174,0.285162,-0.00866415,2.08995,3.90184e-05,0.00806501,0.288245,17152.1,0.469205,0.247208,-0.1,0.02,361.004,4.97664e+06,0.236836,0.0223965,0.574612,0.0719367,-0.214452,0.822857,0.100564,nan,nan,nan,nan,-0.0303276,-0.115158,-0.0554043,nan,-0.315563,0,-0.0998521,-0.749993,nan,-0.960214,1.24793,0.475714,-1.59543,-0.0441429,2.025
406,28.9503,771.643,0.0373274,0.375,0.208333,0.152931,1.28784,0.307784,-0.00817436,2.08863,3.90184e-05,0.0106549,0.28819,16914,0.475655,0.250845,-0.1,0.02,361.731,4.98893e+06,0.277159,0.0227276,0.536699,0.0696258,-0.202227,0.771643,0.0951071,nan,nan,nan,nan,-0.0289261,-0.109046,-0.0533464,nan,-0.297457,0,-0.0929793,-0.697979,nan,-0.887786,1.16534,0.450286,-1.50714,-0.0418571,1.97768
407,30.7701,740.211,0.0398536,0.458333,0.333333,0.151829,1.26616,0.335808,-0.00873134,2.08585,3.90184e-05,0.0116735,0.288119,16499.8,0.475395,0.269343,-0.1,0.02,362.477,5.00122e+06,0.240047,0.0225054,0.510522,0.0626388,-0.194673,0.740211,0.0890684,nan,nan,nan,nan,-0.0263615,-0.0987514,-0.0484417,nan,-0.28348,-0.000105263,-0.0933927,-0.677717,nan,-0.876947,1.12307,0.414105,-1.44653,-0.0409474,2.12368
408,28.0698,741.462,0.0404398,0.333333,0.208333,0.157317,1.26462,0.318262,-0.00869754,2.08297,3.90184e-05,0.00946471,0.288057,17297.9,0.466714,0.243661,-0.1,0.02,363.189,5.0135e+06,0.26131,0.0204852,0.511716,0.0646669,-0.193313,0.741462,0.0940538,nan,nan,nan,nan,-0.0276441,-0.103081,-0.050492,nan,-0.285116,0,-0.0901204,-0.682331,nan,-0.839769,1.11459,0.419692,-1.44,-0.0395385,1.92692
409,27.8327,753.1,0.0404186,0.208333,0.208333,0.161339,1.33234,0.294952,-0.00835502,2.08071,3.90184e-05,0.0115653,0.288017,17164.7,0.47148,0.244407,-0.1,0.02,363.906,5.02579e+06,0.230023,0.0223669,0.522516,0.0654115,-0.197556,0.7531,0.08894,nan,nan,nan,nan,-0.0265056,-0.102572,-0.0477036,nan,-0.28955,0,-0.0923564,-0.678622,nan,-0.8904,1.13704,0.404,-1.4708,-0.0382,2.0025
410,33.6583,778.692,0.0391828,0.333333,0.208333,0.16027,1.29294,0.307351,-0.00845415,2.07939,3.90184e-05,0.00556957,0.287995,16866,0.478076,0.25049,-0.1,0.02,364.636,5.03808e+06,0.26609,0.0177559,0.537229,0.0689047,-0.203101,0.778692,0.0953385,nan,nan,nan,nan,-0.028622,-0.109125,-0.0519205,nan,-0.299294,-0.000230769,-0.0941781,-0.71691,nan,-0.906692,1.19013,0.437231,-1.52831,-0.0412308,2.27115
411,35.8176,871.2,0.03806,0.458333,0.166667,0.164046,1.29712,0.295511,-0.00796174,2.07834,3.90184e-05,0.00514214,0.287965,17036.5,0.479313,0.24196,-0.1,0.02,365.359,5.05037e+06,0.322596,0.0251199,0.620267,0.0750734,-0.2275,0.8712,0.104313,nan,nan,nan,nan,-0.0306391,-0.115694,-0.0583235,nan,-0.335194,-6.66667e-05,-0.108867,-0.779684,nan,-0.9776,1.31021,0.503467,-1.7112,-0.0449333,2.34833
412,24.72,700.176,0.0408938,0.291667,0.416667,0.166283,1.33008,0.334394,-0.00921438,2.07694,3.90184e-05,0.0103512,0.287937,16995,0.481307,0.241729,-0.1,0.02,366.083,5.06266e+06,0.201193,0.0190695,0.475099,0.0623847,-0.182949,0.700176,0.0872765,nan,nan,nan,nan,-0.026445,-0.100785,-0.0473446,nan,-0.269343,0,-0.0867632,-0.642481,nan,-0.810882,1.06141,0.408235,-1.35647,-0.0355294,1.78015
413,28.154,726.391,0.0406763,0.541667,0.416667,0.160388,1.30561,0.327669,-0.00905202,2.07616,3.90184e-05,0.0135596,0.287934,15761.9,0.516414,0.263187,-0.1,0.02,366.864,5.07494e+06,0.242646,0.0210137,0.501452,0.0648469,-0.191813,0.726391,0.0891,nan,nan,nan,nan,-0.0259217,-0.0972352,-0.0480567,nan,-0.278796,0,-0.0905435,-0.666772,nan,-0.840783,1.10102,0.417217,-1.4047,-0.038,1.92663
414,29.1731,727.3,0.0408976,0.25,0.166667,0.160969,1.29753,0.303207,-0.00804112,2.0759,3.90184e-05,0.00904569,0.287912,16912.6,0.477541,0.249018,-0.1,0.02,367.592,5.08723e+06,0.255399,0.01906,0.514811,0.0641797,-0.191149,0.7273,0.08588,nan,nan,nan,nan,-0.0261655,-0.0927676,-0.0476049,nan,-0.278546,0,-0.0908378,-0.654584,nan,-0.8259,1.10778,0.4168,-1.4376,-0.0424,1.955
415,32.0048,804.812,0.0407357,0.416667,0.25,0.161001,1.29312,0.288864,-0.00895525,2.07501,3.90184e-05,0.00761964,0.287902,15423.3,0.496597,0.300119,-0.1,0.02,368.39,5.09952e+06,0.314336,0.024211,0.561741,0.0702428,-0.212465,0.804812,0.0985687,nan,nan,nan,nan,-0.0294622,-0.111272,-0.0541873,nan,-0.310032,0,-0.0982875,-0.743357,nan,-0.929625,1.21533,0.4585,-1.553,-0.048,2.14219
416,37.273,954.231,0.0395336,0.458333,0.0833333,0.162723,1.30686,0.278969,-0.00824483,2.07501,3.90184e-05,0.0121452,0.287915,16330.6,0.501084,0.251369,-0.1,0.02,369.144,5.11181e+06,0.399669,0.0257925,0.668191,0.0825616,-0.249564,0.954231,0.113831,nan,nan,nan,nan,-0.0328212,-0.125029,-0.061546,nan,-0.366249,0,-0.117631,-0.854116,nan,-1.07631,1.44998,0.526462,-1.86862,-0.0484615,2.44327
417,31.417,751.35,0.0357825,0.541667,0.291667,0.165763,1.3276,0.285933,-0.00823505,2.07485,3.90184e-05,0.0170024,0.287885,17005.1,0.480092,0.242513,-0.1,0.02,369.868,5.1241e+06,0.243728,0.0221998,0.5254,0.0684395,-0.196761,0.75135,0.092245,nan,nan,nan,nan,-0.026586,-0.0983749,-0.0497594,nan,-0.287646,0,-0.0957848,-0.671806,nan,-0.85935,1.13385,0.4372,-1.4568,-0.0407,2.08
418,35.9016,899.917,0.0418674,0.791667,0.208333,0.159287,1.32366,0.294837,-0.00817058,2.07307,3.90184e-05,0.00951641,0.287845,14889.9,0.574232,0.251023,-0.1,0.02,370.694,5.13638e+06,0.310112,0.0262399,0.630066,0.0788151,-0.234592,0.899917,0.114542,nan,nan,nan,nan,-0.0321496,-0.121946,-0.0608417,nan,-0.345161,0,-0.111225,-0.811763,nan,-1.00525,1.3675,0.523333,-1.76433,-0.04475,2.37656
419,27.1864,681.733,0.0412884,0.291667,0.333333,0.163156,1.27732,0.324481,-0.00884143,2.072,3.90184e-05,0.0118878,0.287841,17078.7,0.478241,0.241253,-0.1,0.02,371.415,5.14867e+06,0.212372,0.0182904,0.472265,0.0611703,-0.178441,0.681733,0.08528,nan,nan,nan,nan,-0.0244668,-0.0908006,-0.0441693,nan,-0.260973,0,-0.0852074,-0.625541,nan,-0.7686,1.02031,0.385333,-1.3568,-0.0382667,1.89583
420,31.6974,834.733,0.0417034,0.416667,0.208333,0.162603,1.27035,0.307785,-0.00806995,2.07214,5.85277e-05,0.00410035,0.287846,17146.7,0.470152,0.246486,-0.1,0.02,372.133,5.16096e+06,0.245746,0.0224956,0.57914,0.0720391,-0.218817,0.834733,0.101673,nan,nan,nan,nan,-0.0290737,-0.10799,-0.0538766,nan,-0.320237,0,-0.103687,-0.75781,nan,-0.9586,1.2801,0.457333,-1.62107,-0.0397333,2.2025
421,34.849,805.944,0.038474,0.291667,0.458333,0.160454,1.28687,0.31589,-0.00964677,2.07131,5.85277e-05,0.013824,0.287797,16149.6,0.480305,0.280582,-0.1,0.02,372.895,5.17325e+06,0.282256,0.0210677,0.558283,0.0712044,-0.210177,0.805944,0.0935667,nan,nan,nan,nan,-0.0285695,-0.10348,-0.0535162,nan,-0.308593,0,-0.101259,-0.726533,nan,-0.908333,1.22809,0.464,-1.55378,-0.0446667,2.25694
422,28.8048,709.944,0.0371634,0.458333,0.291667,0.16081,1.26544,0.350722,-0.0100064,2.06855,5.85277e-05,0.0109955,0.287717,17002.9,0.476418,0.246281,-0.1,0.02,373.619,5.18554e+06,0.248588,0.0216756,0.49724,0.0613583,-0.184373,0.709944,0.0869611,nan,nan,nan,nan,-0.0251298,-0.0933301,-0.0468167,nan,-0.271661,-0.000111111,-0.0906453,-0.644937,nan,-0.792,1.07561,0.403556,-1.36889,-0.0377778,1.89097
423,24.6841,642.154,0.0425437,0.208333,0.333333,0.160867,1.28229,0.336765,-0.0107927,2.06495,5.85277e-05,0.0193586,0.287627,17160.6,0.469179,0.246881,-0.1,0.02,374.337,5.19782e+06,0.212637,0.0168196,0.438517,0.0554152,-0.168368,0.642154,0.0801692,nan,nan,nan,nan,-0.0235589,-0.0862546,-0.0410972,nan,-0.247414,0,-0.0806748,-0.579778,nan,-0.735,0.962218,0.355077,-1.264,-0.0286154,1.72596
424,25.1607,758.4,0.0426916,0.375,0.25,0.156087,1.28086,0.315961,-0.0105065,2.06127,5.85277e-05,0.0172603,0.287546,16892.8,0.479041,0.24837,-0.1,0.02,375.065,5.21011e+06,0.229168,0.0197997,0.522771,0.060752,-0.199652,0.7584,0.0835,nan,nan,nan,nan,-0.0251921,-0.094915,-0.0464747,nan,-0.291456,0,-0.0953616,-0.695155,nan,-0.8606,1.14935,0.383733,-1.45467,-0.0368,1.85083
425,30.4846,742.214,0.0400687,0.333333,0.25,0.1593,1.28672,0.314535,-0.0111056,2.05933,5.85277e-05,0.0168672,0.287547,16949,0.470647,0.254351,-0.1,0.02,375.791,5.2224e+06,0.266338,0.0206049,0.514149,0.0653292,-0.193402,0.742214,0.0895357,nan,nan,nan,nan,-0.0268519,-0.100048,-0.0482917,nan,-0.284051,-0.000142857,-0.0924285,-0.666989,nan,-0.838286,1.1338,0.398571,-1.45486,-0.0411429,2.04018
426,24.5916,671.643,0.0430527,0.25,0.333333,0.157022,1.29378,0.311877,-0.0105021,2.05939,5.85277e-05,0.0153455,0.287532,17072.9,0.482667,0.237072,-0.1,0.02,376.513,5.23469e+06,0.27324,0.0187017,0.471548,0.0559366,-0.174641,0.671643,0.0769714,nan,nan,nan,nan,-0.0228928,-0.0846734,-0.0405019,nan,-0.258078,0,-0.0810274,-0.607088,nan,-0.758357,1.01994,0.358286,-1.30343,-0.0324286,1.64643
427,34.6326,832.25,0.0430652,0.375,0.125,0.160674,1.27883,0.311835,-0.00963387,2.05893,5.85277e-05,0.0135235,0.287544,17107.3,0.463554,0.254737,-0.1,0.02,377.232,5.24698e+06,0.289151,0.0219555,0.575668,0.0740462,-0.216785,0.83225,0.1053,nan,nan,nan,nan,-0.029042,-0.1078,-0.0551244,nan,-0.318859,0,-0.104089,-0.751809,nan,-0.93475,1.2471,0.463,-1.619,-0.05,2.31042
428,31.1502,853.8,0.0394277,0.25,0.166667,0.16201,1.28025,0.283102,-0.0095629,2.05961,5.85277e-05,0.00790946,0.287555,11278.4,0.733091,0.356422,-0.1,0.02,378.324,5.25926e+06,0.292009,0.0237476,0.596714,0.0746855,-0.222384,0.8538,0.10295,nan,nan,nan,nan,-0.0311703,-0.116606,-0.0560275,nan,-0.327918,0,-0.10672,-0.781447,nan,-0.9918,1.29977,0.4632,-1.654,-0.0488,2.1875
429,36.6621,856.5,0.0427126,0.291667,0.208333,0.160934,1.28237,0.288033,-0.00988075,2.05914,5.85277e-05,0.0146864,0.287513,12915.1,0.628346,0.323098,-0.1,0.02,379.276,5.27155e+06,0.298156,0.0261135,0.599884,0.0763166,-0.223235,0.8565,0.10465,nan,nan,nan,nan,-0.0312423,-0.117457,-0.0592782,nan,-0.328104,0,-0.108623,-0.779234,nan,-0.963,1.30716,0.491,-1.65033,-0.0495,2.38333
430,27.2966,653.083,0.0424284,0.25,0.25,0.161348,1.29544,0.324237,-0.011464,2.05667,5.85277e-05,0.011968,0.287444,13896.2,0.564078,0.32019,-0.1,0.02,380.162,5.28384e+06,0.238576,0.0210946,0.461123,0.0552915,-0.169828,0.653083,0.07825,nan,nan,nan,nan,-0.023177,-0.0824033,-0.0434024,nan,-0.251046,0,-0.0782276,-0.600891,nan,-0.7165,0.997555,0.365,-1.278,-0.0366667,1.775
431,29.9398,783,0.0418633,0.333333,0.208333,0.162697,1.29111,0.250319,-0.0101444,2.0546,5.85277e-05,0.0126618,0.287426,13090.1,0.602833,0.335892,-0.1,0.02,381.102,5.29613e+06,0.234857,0.0217897,0.543721,0.0698529,-0.203223,0.783,0.0981154,nan,nan,nan,nan,-0.0288251,-0.105941,-0.053598,nan,-0.299833,0,-0.0972579,-0.708199,nan,-0.87,1.18761,0.449231,-1.52615,-0.0443077,2.04615
432,35.2244,872.4,0.0386573,0.625,0.208333,0.163758,1.28658,0.313587,-0.0096378,2.05389,5.85277e-05,0.0146852,0.287407,14147.4,0.542064,0.326508,-0.1,0.02,381.973,5.30842e+06,0.315379,0.0238275,0.612815,0.0794094,-0.227319,0.8724,0.105895,nan,nan,nan,nan,-0.0313081,-0.117719,-0.0601079,nan,-0.333485,-0.00015,-0.108107,-0.768284,nan,-0.96345,1.33508,0.509,-1.6958,-0.0531,2.26625
433,31.3544,756.389,0.0433676,0.375,0.375,0.162578,1.27907,0.327909,-0.00998553,2.0528,5.85277e-05,0.0169723,0.287378,13659.2,0.582964,0.316647,-0.1,0.02,382.874,5.3207e+06,0.220482,0.0239481,0.517682,0.0674498,-0.197454,0.756389,0.0968667,nan,nan,nan,nan,-0.0282177,-0.104225,-0.0510725,nan,-0.290187,0,-0.0958927,-0.69202,nan,-0.854833,1.13906,0.437778,-1.47156,-0.0418889,2.13542
434,27.6794,698.952,0.0421743,0.458333,0.416667,0.158807,1.26256,0.326284,-0.0103934,2.05162,5.85277e-05,0.0161889,0.287347,13473.7,0.562181,0.349816,-0.1,0.02,383.787,5.33299e+06,0.277771,0.0192576,0.490255,0.0633821,-0.182281,0.698952,0.0871667,nan,nan,nan,nan,-0.0259549,-0.0933643,-0.0468662,nan,-0.268077,-9.52381e-05,-0.0863205,-0.631968,nan,-0.779571,1.06495,0.407048,-1.3659,-0.0366667,1.79226
435,32.7025,815.789,0.0401104,0.5,0.291667,0.162046,1.29321,0.298597,-0.0106304,2.05015,5.85277e-05,0.0088567,0.287319,14029.9,0.583467,0.292379,-0.1,0.02,384.664,5.34528e+06,0.305777,0.0241973,0.563617,0.0751996,-0.212053,0.815789,0.101632,nan,nan,nan,nan,-0.0288845,-0.105807,-0.0538307,nan,-0.312833,0,-0.100524,-0.736712,nan,-0.918158,1.24082,0.474947,-1.59768,-0.0437895,2.14342
436,40.9744,966.538,0.0413745,0.458333,0.0833333,0.16894,1.26206,0.320032,-0.0110937,2.04844,5.85277e-05,0.0116767,0.287252,13977.6,0.551928,0.327193,-0.1,0.02,385.545,5.35757e+06,0.314349,0.0215658,0.676514,0.089125,-0.254625,0.966538,0.120138,nan,nan,nan,nan,-0.0342408,-0.130248,-0.0658429,nan,-0.370524,0,-0.119589,-0.87031,nan,-1.08785,1.46983,0.580923,-1.87631,-0.0509231,2.67019
437,33.237,815.944,0.043108,0.458333,0.291667,0.166325,1.28141,0.291894,-0.0101658,2.04575,5.85277e-05,0.013031,0.28722,12450.8,0.618689,0.368237,-0.1,0.02,386.533,5.36986e+06,0.279567,0.0201722,0.565254,0.0733501,-0.212954,0.815944,0.102878,nan,nan,nan,nan,-0.0304048,-0.112931,-0.0550906,nan,-0.313468,0,-0.10074,-0.746695,nan,-0.926833,1.24186,0.473778,-1.59533,-0.0428889,2.22639
438,34.4127,907.304,0.0410272,0.708333,0.25,0.159754,1.29778,0.312547,-0.0104745,2.04528,5.85277e-05,0.0124861,0.287233,13656.3,0.581623,0.318184,-0.1,0.02,387.435,5.38214e+06,0.317262,0.0224987,0.6304,0.0779499,-0.236517,0.907304,0.108543,nan,nan,nan,nan,-0.0312911,-0.114979,-0.0565788,nan,-0.348057,0,-0.111775,-0.824154,nan,-1.04504,1.37826,0.48313,-1.7673,-0.0478261,2.3788
439,34.3801,820.885,0.0424241,0.666667,0.416667,0.160823,1.27718,0.358762,-0.0103263,2.0456,5.85277e-05,0.0156878,0.28722,13740,0.608915,0.285409,-0.1,0.02,388.331,5.39443e+06,0.254315,0.0247601,0.572992,0.074798,-0.212974,0.820885,0.102877,nan,nan,nan,nan,-0.029924,-0.112565,-0.0558535,nan,-0.314025,-0.000115385,-0.102431,-0.750139,nan,-0.908308,1.25937,0.491846,-1.59431,-0.0416154,2.23942
440,29.5261,716.913,0.0398848,0.375,0.583333,0.158251,1.28409,0.327893,-0.0100973,2.04371,5.85277e-05,0.00943787,0.287146,12941.2,0.584999,0.364528,-0.1,0.02,389.281,5.40672e+06,0.224046,0.019039,0.49599,0.0656985,-0.186435,0.716913,0.0905478,nan,nan,nan,nan,-0.0267356,-0.0965113,-0.048161,nan,-0.274891,0,-0.0915845,-0.652401,nan,-0.792783,1.09192,0.404348,-1.39774,-0.0345217,1.96957
441,36.4521,927.556,0.0440265,0.25,0.125,0.159754,1.28813,0.322254,-0.0106423,2.04054,5.85277e-05,0.0103973,0.287093,13084.9,0.613582,0.325516,-0.1,0.02,390.222,5.41901e+06,0.31038,0.0233275,0.640008,0.0834081,-0.243364,0.927556,0.111322,nan,nan,nan,nan,-0.0323903,-0.125903,-0.0607975,nan,-0.355846,0,-0.119789,-0.855175,nan,-1.042,1.4147,0.523556,-1.79689,-0.0475556,2.46806
442,27.9871,654.231,0.042381,0.208333,0.333333,0.159543,1.27671,0.361422,-0.0108042,2.03897,5.85277e-05,0.014621,0.287078,12527.8,0.613541,0.367321,-0.1,0.02,391.204,5.4313e+06,0.185964,0.0199903,0.462359,0.0601715,-0.170383,0.654231,0.0804462,nan,nan,nan,nan,-0.023861,-0.0835852,-0.0439203,nan,-0.248364,0,-0.0850155,-0.593654,nan,-0.710308,0.996748,0.388923,-1.27785,-0.0336923,1.82115
443,30.8073,757.3,0.0426745,0.208333,0.208333,0.158921,1.27111,0.31611,-0.00959348,2.03784,5.85277e-05,0.016562,0.287021,13385.4,0.622152,0.295864,-0.1,0.02,392.123,5.44358e+06,0.242619,0.0213807,0.524413,0.0666226,-0.197132,0.7573,0.08853,nan,nan,nan,nan,-0.0267889,-0.0989567,-0.0496774,nan,-0.291164,0,-0.091107,-0.689239,nan,-0.8436,1.15341,0.4436,-1.4716,-0.037,2.03875
444,35.1136,875.111,0.0449402,0.583333,0.166667,0.158659,1.25808,0.286103,-0.00930158,2.03461,5.85277e-05,0.00968427,0.286937,12102.7,0.642213,0.373096,-0.1,0.02,393.14,5.45587e+06,0.263065,0.0254808,0.616623,0.0802691,-0.228195,0.875111,0.107983,nan,nan,nan,nan,-0.0315348,-0.116747,-0.059096,nan,-0.334898,0,-0.111697,-0.788457,nan,-0.969,1.34408,0.52,-1.686,-0.0492222,2.29792
445,27.0032,629.778,0.0428755,0.333333,0.416667,0.16212,1.27536,0.297561,-0.0104223,2.03182,5.85277e-05,0.0160942,0.286914,12430.7,0.642527,0.345992,-0.1,0.02,394.13,5.46816e+06,0.20991,0.020976,0.438161,0.0572323,-0.163091,0.629778,0.0737667,nan,nan,nan,nan,-0.0228827,-0.0807606,-0.0416824,nan,-0.240005,0,-0.0817454,-0.560343,nan,-0.704333,0.963068,0.345111,-1.22756,-0.0376667,1.77222
446,29.9023,740,0.0444708,0.25,0.25,0.159152,1.28565,0.343903,-0.0096669,2.03133,5.85277e-05,0.0136935,0.286899,12392,0.618705,0.372904,-0.1,0.02,395.124,5.48045e+06,0.263998,0.0176284,0.517772,0.0687384,-0.192208,0.74,0.0939917,nan,nan,nan,nan,-0.0288924,-0.106295,-0.0511393,nan,-0.283682,-0.000166667,-0.0902663,-0.666785,nan,-0.796,1.1223,0.413333,-1.467,-0.0425,1.98229
447,31.2872,741.133,0.0395194,0.333333,0.291667,0.155876,1.27884,0.335199,-0.00890718,2.02972,5.85277e-05,0.0133272,0.286836,13302.6,0.647058,0.276668,-0.1,0.02,396.049,5.49274e+06,0.258729,0.0198638,0.515377,0.0659269,-0.193281,0.741133,0.0895533,nan,nan,nan,nan,-0.0267682,-0.0947583,-0.0489913,nan,-0.283594,0,-0.0915283,-0.661949,nan,-0.8066,1.13871,0.416,-1.44053,-0.0396,2.00667
448,34.1153,814.471,0.0427308,0.416667,0.291667,0.158693,1.25736,0.330068,-0.011609,2.02713,5.85277e-05,0.00942632,0.286797,15017.1,0.509982,0.308287,-0.1,0.02,396.869,5.50502e+06,0.247843,0.0220927,0.561386,0.073854,-0.211172,0.814471,0.0988118,nan,nan,nan,nan,-0.0301837,-0.112274,-0.0545652,nan,-0.309842,0,-0.106376,-0.731746,nan,-0.901235,1.25261,0.468235,-1.57529,-0.0412941,2.24044
449,35.7517,824.846,0.0404658,0.291667,0.25,0.162918,1.2661,0.339007,-0.0111459,2.02645,5.85277e-05,0.00972712,0.286795,13254.6,0.595735,0.331342,-0.1,0.02,397.798,5.51731e+06,0.286026,0.023363,0.565499,0.0757534,-0.211412,0.824846,0.103369,nan,nan,nan,nan,-0.0299,-0.11171,-0.054008,nan,-0.313901,-0.000538462,-0.108122,-0.744991,nan,-0.909231,1.26277,0.469231,-1.60431,-0.0370769,2.30192
450,31.4705,769.542,0.0468748,0.541667,0.458333,0.162215,1.26037,0.335118,-0.00876455,2.0262,5.85277e-05,0.00982468,0.286781,12975.6,0.590182,0.356828,-0.1,0.02,398.746,5.5296e+06,0.299593,0.0219439,0.537701,0.067791,-0.197236,0.769542,0.0904875,nan,nan,nan,nan,-0.0262454,-0.096519,-0.0482381,nan,-0.292717,0,-0.0989844,-0.682216,nan,-0.831625,1.17031,0.428667,-1.51517,-0.04075,2.01719
451,24.4625,743,0.0399961,0.0833333,0.0833333,0.161037,1.29851,0.306546,-0.011285,2.02532,5.85277e-05,0.0132683,0.28675,13456.5,0.594524,0.318642,-0.1,0.02,399.661,5.54189e+06,0.240434,0.0123153,0.502389,0.065985,-0.193234,0.743,0.10385,nan,nan,nan,nan,-0.0291791,-0.11191,-0.0488614,nan,-0.287132,0,-0.0860658,-0.667093,nan,-0.85125,1.09775,0.423,-1.473,-0.046,1.82812
452,33.5627,835.45,0.0394165,0.5,0.333333,0.165919,1.27669,0.300343,-0.0101263,2.02462,5.85277e-05,0.0143984,0.286765,13811.8,0.563777,0.325899,-0.1,0.02,400.552,5.55418e+06,0.292836,0.0226178,0.58755,0.0743308,-0.216486,0.83545,0.09933,nan,nan,nan,nan,-0.0286789,-0.104537,-0.0539673,nan,-0.319395,-0.00065,-0.104219,-0.754188,nan,-0.91635,1.28271,0.469,-1.622,-0.0446,2.17937
453,27.6787,727.267,0.0406401,0.25,0.375,0.155944,1.26812,0.325805,-0.00988335,2.02529,5.85277e-05,0.0099035,0.286767,13782.5,0.585517,0.306051,-0.1,0.02,401.445,5.56646e+06,0.24807,0.019201,0.507022,0.0646587,-0.188195,0.727267,0.0873533,nan,nan,nan,nan,-0.0257665,-0.0894581,-0.0465284,nan,-0.277503,-0.000133333,-0.0940708,-0.651394,nan,-0.8058,1.11018,0.402133,-1.43413,-0.0348,1.86583
454,34.3212,822.083,0.0416522,0.333333,0.166667,0.160865,1.24086,0.375411,-0.00997639,2.02472,5.85277e-05,0.0156612,0.28675,12587.7,0.626403,0.349788,-0.1,0.02,402.422,5.57875e+06,0.246897,0.0215087,0.572856,0.0731137,-0.209556,0.822083,0.0991667,nan,nan,nan,nan,-0.0285964,-0.101737,-0.0540463,nan,-0.313692,-0.000166667,-0.104176,-0.735198,nan,-0.922,1.25352,0.468333,-1.605,-0.0443333,2.27708
455,32.1877,802.773,0.0432819,0.583333,0.333333,0.159531,1.29456,0.294048,-0.00856228,2.02416,5.85277e-05,0.0101113,0.286743,12299.6,0.624665,0.37439,-0.1,0.02,403.423,5.59104e+06,0.260976,0.0220054,0.567108,0.0708155,-0.207032,0.802773,0.0996045,nan,nan,nan,nan,-0.0285885,-0.104028,-0.0539758,nan,-0.306245,0,-0.104605,-0.71952,nan,-0.881591,1.22682,0.455818,-1.57909,-0.0448182,2.13295
456,23.1472,550.6,0.045961,0.0833333,0.125,0.159528,1.2627,0.303628,-0.00932426,2.02319,5.85277e-05,0.0103294,0.286706,14025.1,0.61139,0.264754,-0.1,0.02,404.301,5.60333e+06,0.214205,0.0167855,0.385539,0.0515745,-0.142138,0.5506,0.06944,nan,nan,nan,nan,-0.0204652,-0.0699529,-0.0384332,nan,-0.209348,0,-0.0701473,-0.503517,nan,-0.606,0.83992,0.316,-1.0784,-0.0308,1.4825
457,29.9846,765.083,0.0442121,0.291667,0.208333,0.162308,1.29201,0.311698,-0.0101964,2.0215,5.85277e-05,0.0129124,0.286667,14050.6,0.546515,0.328036,-0.1,0.02,405.177,5.61562e+06,0.182972,0.0221067,0.52906,0.0688026,-0.197519,0.765083,0.101433,nan,nan,nan,nan,-0.029138,-0.105837,-0.0506713,nan,-0.292483,0,-0.0962453,-0.69745,nan,-0.84875,1.16274,0.447,-1.515,-0.0416667,2.09479
458,32.0628,806.588,0.0437129,0.375,0.333333,0.162128,1.29338,0.334673,-0.0107531,2.02052,5.85277e-05,0.0156878,0.286665,13094.7,0.600788,0.337607,-0.1,0.02,406.116,5.6279e+06,0.269231,0.0224574,0.563157,0.0747271,-0.209058,0.806588,0.100959,nan,nan,nan,nan,-0.0292712,-0.103345,-0.0550567,nan,-0.307884,0,-0.104671,-0.725743,nan,-0.862588,1.22181,0.456706,-1.59553,-0.0443529,2.125
459,36.0592,875.667,0.044566,0.5,0.25,0.157445,1.3225,0.32437,-0.0107436,2.02113,5.85277e-05,0.0115103,0.286697,12609.1,0.637825,0.336709,-0.1,0.02,407.092,5.64019e+06,0.293714,0.0269829,0.62106,0.078973,-0.226455,0.875667,0.112789,nan,nan,nan,nan,-0.0320464,-0.115484,-0.0591966,nan,-0.335871,0,-0.106661,-0.776062,nan,-0.949333,1.34947,0.494889,-1.73311,-0.049,2.33264
460,30.7446,703.389,0.0417713,0.291667,0.458333,0.158273,1.28514,0.319597,-0.0104857,2.02218,5.85277e-05,0.012096,0.286707,13658.5,0.605537,0.294126,-0.1,0.02,407.993,5.65248e+06,0.244587,0.0225435,0.488481,0.0666397,-0.183066,0.703389,0.0899667,nan,nan,nan,nan,-0.0264679,-0.0925327,-0.0475717,nan,-0.269542,0,-0.0888707,-0.631546,nan,-0.760333,1.07803,0.392667,-1.37244,-0.0371111,1.96042
461,35.4295,764.417,0.0395311,0.291667,0.208333,0.157639,1.29559,0.34451,-0.0103333,2.02172,5.85277e-05,0.0135647,0.286672,13630.1,0.544576,0.35696,-0.1,0.02,408.896,5.66477e+06,0.273545,0.0219044,0.538782,0.0709424,-0.195448,0.764417,0.0976083,nan,nan,nan,nan,-0.0281476,-0.0991982,-0.0523375,nan,-0.290802,0,-0.101089,-0.682405,nan,-0.80575,1.17437,0.444,-1.49233,-0.0436667,2.17708
462,30.2671,732.789,0.0412826,0.5,0.291667,0.156181,1.25604,0.318716,-0.0109825,2.02011,5.85277e-05,0.0145382,0.286643,13327.1,0.598335,0.323696,-0.1,0.02,409.82,5.67706e+06,0.262422,0.0189264,0.515276,0.06572,-0.189837,0.732789,0.0930737,nan,nan,nan,nan,-0.0264819,-0.0937668,-0.0497867,nan,-0.279858,0,-0.0953698,-0.664616,nan,-0.812526,1.12426,0.422316,-1.43726,-0.0370526,1.96513
463,32.8994,781.235,0.0408522,0.5,0.208333,0.159089,1.28468,0.312317,-0.0112349,2.01874,5.85277e-05,0.0149939,0.286608,13393.1,0.584684,0.332802,-0.1,0.02,410.739,5.68934e+06,0.248223,0.0224363,0.546979,0.0725551,-0.201456,0.781235,0.0982765,nan,nan,nan,nan,-0.0280419,-0.0993312,-0.0525442,nan,-0.298078,0,-0.101956,-0.701286,nan,-0.842118,1.19978,0.448,-1.544,-0.0404706,2.13676
464,32.4444,712.792,0.0425673,0.583333,0.416667,0.156387,1.28839,0.3313,-0.00990089,2.01731,5.85277e-05,0.0141158,0.286584,13724.3,0.592207,0.303138,-0.1,0.02,411.636,5.70163e+06,0.264397,0.020877,0.501346,0.0654365,-0.184281,0.712792,0.0873125,nan,nan,nan,nan,-0.0255559,-0.0920369,-0.0485441,nan,-0.270101,-4.16667e-05,-0.0981994,-0.624515,nan,-0.76075,1.10069,0.4105,-1.37683,-0.0368333,1.97656
465,34.1278,806.067,0.0475227,0.458333,0.166667,0.1528,1.27105,0.277944,-0.00915067,2.01605,5.85277e-05,0.00812488,0.286547,16175.6,0.514898,0.244766,-0.1,0.02,412.397,5.71392e+06,0.311515,0.0233404,0.564803,0.0726271,-0.208971,0.806067,0.09618,nan,nan,nan,nan,-0.0270751,-0.101842,-0.0515737,nan,-0.306334,0,-0.107037,-0.725202,nan,-0.8714,1.23182,0.449867,-1.57493,-0.0421333,2.16667
466,29.8914,687,0.0411544,0.291667,0.208333,0.164144,1.27845,0.303931,-0.0106826,2.01421,5.85277e-05,0.0178999,0.286516,15717,0.489129,0.292702,-0.1,0.02,413.18,5.72621e+06,0.216381,0.0194037,0.484302,0.0635963,-0.176367,0.687,0.08305,nan,nan,nan,nan,-0.0253143,-0.0861317,-0.0475941,nan,-0.261384,-0.000416667,-0.0892571,-0.606473,nan,-0.728,1.05665,0.415667,-1.34333,-0.037,1.86979
467,37.0925,878.188,0.0423945,0.458333,0.208333,0.161981,1.25127,0.344078,-0.0105066,2.01339,5.85277e-05,0.0156595,0.286516,12813.5,0.610063,0.348925,-0.1,0.02,414.14,5.7385e+06,0.282437,0.0233201,0.618819,0.08116,-0.22664,0.878187,0.107819,nan,nan,nan,nan,-0.0309217,-0.11299,-0.0592349,nan,-0.335152,0,-0.114718,-0.788555,nan,-0.951187,1.34178,0.50525,-1.71975,-0.048125,2.40313
468,34.0859,804.286,0.0397505,0.333333,0.25,0.162396,1.25838,0.281555,-0.00996383,2.01313,5.85277e-05,0.0127407,0.286494,12844.2,0.64518,0.31152,-0.1,0.02,415.098,5.75078e+06,0.219663,0.0194984,0.562315,0.0746116,-0.208936,0.804286,0.0970714,nan,nan,nan,nan,-0.0283408,-0.104439,-0.0541605,nan,-0.305758,0,-0.108455,-0.726348,nan,-0.8925,1.23882,0.466286,-1.568,-0.0411429,2.25982
469,33.068,813.167,0.04591,0.291667,0.208333,0.160087,1.30059,0.290514,-0.0111922,2.01284,5.85277e-05,0.0117398,0.286532,13699.3,0.556109,0.340873,-0.1,0.02,415.997,5.76307e+06,0.24747,0.0237602,0.571965,0.0753787,-0.209367,0.813167,0.0974917,nan,nan,nan,nan,-0.0289513,-0.0998547,-0.0543191,nan,-0.309061,0,-0.108211,-0.73392,nan,-0.88475,1.26294,0.469667,-1.59133,-0.0428333,2.15417
470,33.427,750.769,0.0425837,0.25,0.291667,0.162136,1.2744,0.300266,-0.0101897,2.01416,5.85277e-05,0.0173597,0.28654,14312.8,0.599791,0.258743,-0.1,0.02,416.857,5.77536e+06,0.281935,0.0224977,0.528664,0.0700661,-0.193477,0.750769,0.0952538,nan,nan,nan,nan,-0.0273436,-0.0946344,-0.0511715,nan,-0.284138,0,-0.101533,-0.678635,nan,-0.771462,1.15529,0.428,-1.46154,-0.0366154,2.03942
471,34.6734,755.4,0.0400173,0.25,0.166667,0.169534,1.26556,0.312295,-0.00946663,2.01356,5.85277e-05,0.0132886,0.28652,16817.2,0.490632,0.240047,-0.1,0.02,417.589,5.78765e+06,0.231225,0.022846,0.531971,0.0723231,-0.194612,0.7554,0.09601,nan,nan,nan,nan,-0.0277504,-0.0975092,-0.0513324,nan,-0.287304,-0.0002,-0.0998749,-0.648357,nan,-0.7959,1.15643,0.4396,-1.4884,-0.0434,2.1625
472,32.3183,715.625,0.041753,0.333333,0.333333,0.164587,1.27287,0.315843,-0.0104082,2.01218,5.85277e-05,0.0107037,0.286474,13196.9,0.577097,0.354028,-0.1,0.02,418.521,5.79994e+06,0.247654,0.0204921,0.499683,0.0669724,-0.183717,0.715625,0.0867625,nan,nan,nan,nan,-0.02665,-0.0948672,-0.0481085,nan,-0.271189,0,-0.0968242,-0.633641,nan,-0.777187,1.10394,0.4065,-1.38925,-0.04075,2.03047
473,36.5588,879.5,0.0443581,0.25,0.166667,0.162708,1.27598,0.346369,-0.00951749,2.01038,5.85277e-05,0.0116873,0.28646,12160.6,0.675302,0.335173,-0.1,0.02,419.533,5.81222e+06,0.267264,0.0231139,0.624032,0.0796341,-0.227247,0.8795,0.10421,nan,nan,nan,nan,-0.0303795,-0.108433,-0.0581698,nan,-0.333646,0,-0.119146,-0.771238,nan,-0.9474,1.36494,0.4984,-1.71,-0.045,2.3375
474,40.972,874.263,0.0444773,0.541667,0.25,0.161044,1.2775,0.357915,-0.0110878,2.01021,5.85277e-05,0.0143692,0.286463,13221.1,0.58159,0.347834,-0.1,0.02,420.464,5.82451e+06,0.360428,0.0265096,0.624096,0.0797362,-0.224287,0.874263,0.105453,nan,nan,nan,nan,-0.0300339,-0.107594,-0.0575737,nan,-0.330483,0,-0.11826,-0.760376,nan,-0.909,1.34835,0.496421,-1.71032,-0.0450526,2.42632
475,34.8096,798,0.0386306,0.25,0.333333,0.160003,1.28633,0.294778,-0.0098787,2.01013,5.85277e-05,0.0125389,0.286464,13716.3,0.620544,0.275323,-0.1,0.02,421.361,5.8368e+06,0.318213,0.0197475,0.563086,0.0731475,-0.205763,0.798,0.0954143,nan,nan,nan,nan,-0.0286579,-0.105177,-0.0532532,nan,-0.303166,0,-0.108313,-0.728113,nan,-0.888214,1.2256,0.448571,-1.57171,-0.0428571,2.23393
476,39.8486,948.143,0.042577,0.416667,0.166667,0.15808,1.28314,0.318755,-0.0111921,2.00989,5.85277e-05,0.0122543,0.286462,16442.3,0.506875,0.240465,-0.1,0.02,422.11,5.84909e+06,0.244165,0.0259465,0.6663,0.0888314,-0.244074,0.948143,0.112564,nan,nan,nan,nan,-0.0323997,-0.118042,-0.0623639,nan,-0.35791,0,-0.132243,-0.837892,nan,-1.01764,1.46801,0.526571,-1.82486,-0.0508571,2.59018
477,30.2147,702.235,0.0414034,0.333333,0.375,0.159935,1.2972,0.328736,-0.0105747,2.00937,5.85277e-05,0.0161861,0.286427,14730.4,0.498008,0.336187,-0.1,0.02,422.945,5.86138e+06,0.260247,0.0199804,0.490418,0.0637809,-0.179132,0.702235,0.0844647,nan,nan,nan,nan,-0.0252334,-0.0861285,-0.044102,nan,-0.265174,0,-0.0972317,-0.627691,nan,-0.765529,1.08157,0.389882,-1.38071,-0.0322353,1.92132
478,28.4338,709.947,0.0415943,0.291667,0.5,0.160557,1.30473,0.35172,-0.0107415,2.00723,5.85277e-05,0.00690764,0.286371,13252,0.613617,0.313637,-0.1,0.02,423.874,5.87366e+06,0.245911,0.019199,0.502126,0.0657519,-0.183755,0.709947,0.0871895,nan,nan,nan,nan,-0.0247706,-0.0854639,-0.045493,nan,-0.268909,-5.26316e-05,-0.0975814,-0.642187,nan,-0.769421,1.08865,0.376,-1.40042,-0.0346316,1.87961
479,28.1444,659.176,0.0402148,0.375,0.333333,0.157857,1.30208,0.347896,-0.00936955,2.00477,5.85277e-05,0.00953329,0.286311,12997.4,0.585913,0.359506,-0.1,0.02,424.821,5.88595e+06,0.236854,0.0192216,0.465839,0.0617261,-0.168919,0.659176,0.0799059,nan,nan,nan,nan,-0.0236676,-0.083437,-0.0445106,nan,-0.249424,0,-0.0914266,-0.59585,nan,-0.719471,1.01935,0.379529,-1.28659,-0.0327059,1.78162
480,37.2635,844.524,0.0434127,0.666667,0.208333,0.153214,1.29509,0.385984,-0.0106317,2.00178,5.85277e-05,0.0104002,0.286233,13338.1,0.604237,0.317035,-0.1,0.02,425.744,5.89824e+06,0.279956,0.0223738,0.593922,0.0785875,-0.217608,0.844524,0.103386,nan,nan,nan,nan,-0.0295134,-0.107256,-0.0556718,nan,-0.320264,-4.7619e-05,-0.115607,-0.757279,nan,-0.893286,1.30034,0.470857,-1.6379,-0.0427619,2.34643
481,33.9165,795.273,0.0396447,0.791667,0.583333,0.16058,1.30031,0.335953,-0.0101447,1.99872,5.85277e-05,0.0165495,0.28618,14896,0.538712,0.286209,-0.1,0.02,426.57,5.91053e+06,0.262674,0.0223493,0.554111,0.074865,-0.20407,0.795273,0.0993515,nan,nan,nan,nan,-0.0287617,-0.102937,-0.0540315,nan,-0.301255,-6.06061e-05,-0.110938,-0.707239,nan,-0.844182,1.21978,0.462182,-1.55988,-0.0431515,2.16174
482,30.6028,724.333,0.0406272,0.458333,0.416667,0.162459,1.27073,0.326399,-0.010167,1.9967,5.85277e-05,0.00974812,0.286139,17236.8,0.471632,0.24126,-0.1,0.02,427.284,5.92282e+06,0.28101,0.0191977,0.50585,0.0647967,-0.187619,0.724333,0.0885333,nan,nan,nan,nan,-0.0256895,-0.0925941,-0.0469955,nan,-0.274559,0,-0.0997939,-0.649385,nan,-0.765857,1.11548,0.391238,-1.42343,-0.0348571,1.94048
483,28.7749,709.571,0.0447673,0.333333,0.25,0.159741,1.2617,0.329721,-0.00944148,1.99468,5.85277e-05,0.00615605,0.286081,17351,0.467451,0.240751,-0.1,0.02,427.994,5.9351e+06,0.20175,0.0163932,0.493136,0.0668493,-0.181866,0.709571,0.0889571,nan,nan,nan,nan,-0.0253868,-0.0921149,-0.0486604,nan,-0.268161,-0.000214286,-0.101068,-0.644196,nan,-0.767143,1.08336,0.415429,-1.39143,-0.037,1.92054
484,35.9175,828.312,0.0400331,0.458333,0.208333,0.161678,1.29376,0.322848,-0.00966723,1.99235,5.85277e-05,0.0163036,0.28605,13728.7,0.544488,0.35057,-0.1,0.02,428.89,5.94739e+06,0.269413,0.0229399,0.583308,0.077845,-0.213636,0.828312,0.106312,nan,nan,nan,nan,-0.0299911,-0.108967,-0.0573901,nan,-0.314489,0,-0.114724,-0.755707,nan,-0.885937,1.27143,0.48025,-1.628,-0.04525,2.31016
485,31.8612,754.4,0.041196,0.25,0.375,0.163512,1.28731,0.349917,-0.00982939,1.99113,5.85277e-05,0.0112205,0.286015,13077,0.633092,0.306572,-0.1,0.02,429.833,5.95968e+06,0.321865,0.018306,0.524625,0.0726165,-0.195828,0.7544,0.09074,nan,nan,nan,nan,-0.0275928,-0.0991822,-0.0505128,nan,-0.286352,-6.66667e-05,-0.103938,-0.679171,nan,-0.8144,1.15329,0.438933,-1.4776,-0.0370667,1.99
486,29.0821,752.6,0.042762,0.5,0.333333,0.158032,1.24639,0.319949,-0.00992588,1.98969,5.85277e-05,0.0119034,0.285985,12845.4,0.628593,0.328013,-0.1,0.02,430.791,5.97197e+06,0.250573,0.0214742,0.529394,0.0671965,-0.19451,0.7526,0.08941,nan,nan,nan,nan,-0.0268721,-0.0967087,-0.0499939,nan,-0.285296,-0.0004,-0.10329,-0.67592,nan,-0.792,1.1507,0.413,-1.474,-0.035,1.91375
487,35.2002,886.4,0.0417459,0.375,0.25,0.156458,1.28964,0.29196,-0.0100786,1.98873,5.85277e-05,0.0120008,0.28598,13552,0.612471,0.294261,-0.1,0.02,431.699,5.98426e+06,0.333603,0.0266206,0.63341,0.0833394,-0.229384,0.8864,0.104393,nan,nan,nan,nan,-0.0295255,-0.102414,-0.0562895,nan,-0.335309,0,-0.126072,-0.795711,nan,-0.9492,1.36638,0.469867,-1.73493,-0.0426667,2.2575
488,43.833,907.417,0.0444598,0.416667,0.0833333,0.159493,1.30616,0.264386,-0.00969022,1.98775,5.85277e-05,0.0142804,0.285912,16224.8,0.513446,0.243914,-0.1,0.02,432.457,5.99654e+06,0.311467,0.0255088,0.646718,0.0869816,-0.234638,0.907417,0.115533,nan,nan,nan,nan,-0.0321511,-0.117018,-0.0623101,nan,-0.34293,0,-0.128897,-0.807264,nan,-1.00475,1.39415,0.545667,-1.78433,-0.0483333,2.72083
489,41.8981,979.2,0.0441363,0.375,0.0416667,0.157416,1.2791,0.290849,-0.0105573,1.98474,5.85277e-05,0.0117599,0.285866,14323.1,0.504429,0.353487,-0.1,0.02,433.317,6.00883e+06,0.347733,0.0273978,0.699533,0.0889389,-0.254073,0.9792,0.12068,nan,nan,nan,nan,-0.0350756,-0.128503,-0.0671852,nan,-0.371576,0,-0.134863,-0.878859,nan,-1.0641,1.50231,0.5948,-1.9092,-0.051,2.62875
490,38.1519,847.913,0.0411218,0.625,0.333333,0.161745,1.30867,0.310172,-0.0111023,1.98359,5.85277e-05,0.0174852,0.285854,12834.5,0.644475,0.312948,-0.1,0.02,434.275,6.02112e+06,0.320226,0.0243255,0.599627,0.0793931,-0.218964,0.847913,0.103565,nan,nan,nan,nan,-0.0297242,-0.106392,-0.0550901,nan,-0.321475,0,-0.119813,-0.743182,nan,-0.911087,1.31064,0.469391,-1.66104,-0.0432174,2.3625
491,28.4277,671.929,0.0402784,0.208333,0.375,0.159856,1.32674,0.407582,-0.011024,1.98349,5.85277e-05,0.0142731,0.28586,13212,0.598548,0.331515,-0.1,0.02,435.207,6.03341e+06,0.285985,0.0180509,0.474711,0.0605657,-0.174731,0.671929,0.0764571,nan,nan,nan,nan,-0.024113,-0.0844038,-0.0442835,nan,-0.254889,0,-0.0929005,-0.599826,nan,-0.699214,1.03076,0.354,-1.30343,-0.034,1.76071
492,30.1385,730.684,0.0436551,0.333333,0.458333,0.157367,1.27594,0.303971,-0.00939512,1.98325,5.85277e-05,0.0129181,0.285832,13320.5,0.611557,0.31093,-0.1,0.02,436.131,6.0457e+06,0.212347,0.0213351,0.52254,0.0663384,-0.189088,0.730684,0.0861263,nan,nan,nan,nan,-0.0257212,-0.0869129,-0.0476124,nan,-0.275426,-0.000105263,-0.105505,-0.632274,nan,-0.766105,1.11702,0.404,-1.42653,-0.0383158,1.94013
493,25.2995,665.8,0.0420909,0.0833333,0.125,0.162083,1.27482,0.302741,-0.010161,1.98179,5.85277e-05,0.0143942,0.285809,16114.3,0.513956,0.248598,-0.1,0.02,436.895,6.05798e+06,0.198407,0.0210351,0.471844,0.0643214,-0.172576,0.6658,0.0831,nan,nan,nan,nan,-0.0241842,-0.080525,-0.0448944,nan,-0.251861,-0.0018,-0.0958532,-0.593787,nan,-0.702,1.01955,0.3768,-1.3072,-0.0412,1.68
494,34.298,868.667,0.041994,0.416667,0.208333,0.162814,1.27914,0.317188,-0.00905839,1.98116,5.85277e-05,0.0146723,0.285793,16561,0.50525,0.236736,-0.1,0.02,437.638,6.07027e+06,0.293163,0.027896,0.612122,0.0780444,-0.225778,0.868667,0.103547,nan,nan,nan,nan,-0.0293111,-0.106431,-0.0568364,nan,-0.32951,0,-0.123249,-0.791217,nan,-0.9214,1.32693,0.465867,-1.70693,-0.044,2.27333
495,37.877,886.786,0.0440964,0.416667,0.166667,0.162539,1.25507,0.297611,-0.00862909,1.98062,5.85277e-05,0.00590728,0.285794,17253.2,0.475264,0.236953,-0.1,0.02,438.351,6.08256e+06,0.311499,0.0288686,0.630051,0.079814,-0.226396,0.886786,0.10005,nan,nan,nan,nan,-0.0291953,-0.105501,-0.0566561,nan,-0.334674,-0.000142857,-0.127018,-0.782826,nan,-0.971357,1.38094,0.493429,-1.70543,-0.0471429,2.36875
496,31.3146,696.583,0.0442845,0.333333,0.166667,0.163919,1.25281,0.31854,-0.0103141,1.98048,5.85277e-05,0.0108122,0.285788,17387.7,0.470107,0.236598,-0.1,0.02,439.059,6.09485e+06,0.240475,0.0194872,0.490491,0.0642527,-0.180362,0.696583,0.0824,nan,nan,nan,nan,-0.0241404,-0.0882579,-0.0458987,nan,-0.262579,-0.000166667,-0.101718,-0.62616,nan,-0.7385,1.06161,0.396667,-1.35033,-0.0358333,1.96771
497,30.8841,770.944,0.0431978,0.458333,0.291667,0.158333,1.28555,0.274799,-0.0108885,1.97912,5.85277e-05,0.0113631,0.285721,16881.7,0.477547,0.25034,-0.1,0.02,439.788,6.10714e+06,0.299534,0.0230149,0.545792,0.0679461,-0.199308,0.770944,0.0874556,nan,nan,nan,nan,-0.0261615,-0.0925459,-0.0497563,nan,-0.29059,0,-0.109842,-0.678421,nan,-0.814167,1.18953,0.415778,-1.50867,-0.0391111,1.95278
498,34.119,788.667,0.0444517,0.166667,0.208333,0.159759,1.30077,0.308363,-0.0100073,1.97616,5.85277e-05,0.0190093,0.285664,17024.8,0.479754,0.242015,-0.1,0.02,440.511,6.11942e+06,0.264749,0.0234395,0.55096,0.0745012,-0.203919,0.788667,0.104278,nan,nan,nan,nan,-0.0296315,-0.103842,-0.0525186,nan,-0.297322,0,-0.117684,-0.721404,nan,-0.848667,1.19384,0.453778,-1.55644,-0.0404444,2.22361
499,39.0434,941.6,0.0442118,0.333333,0.0833333,0.162009,1.27907,0.275372,-0.00993686,1.97403,5.85277e-05,0.00799115,0.285612,17217.5,0.470985,0.242707,-0.1,0.02,441.226,6.13171e+06,0.328871,0.0288353,0.675357,0.0864844,-0.241392,0.9416,0.10965,nan,nan,nan,nan,-0.0319798,-0.119283,-0.062733,nan,-0.353802,0,-0.138135,-0.832345,nan,-1.0032,1.45249,0.5344,-1.8512,-0.0502,2.47875
500,36.7264,784.5,0.0469459,0.25,0.166667,0.159022,1.30112,0.295567,-0.00837814,1.97179,5.85277e-05,0.0102383,0.285565,17077.7,0.472783,0.246753,-0.1,0.02,441.947,6.144e+06,0.225992,0.024669,0.556581,0.0756623,-0.202118,0.7845,0.09598,nan,nan,nan,nan,-0.028228,-0.104421,-0.0539037,nan,-0.294288,0,-0.117804,-0.69603,nan,-0.8517,1.21303,0.4784,-1.5204,-0.0396,2.29
501,35.4577,784.8,0.037439,0.375,0.25,0.159631,1.32949,0.278173,-0.00949714,1.96955,5.85277e-05,0.00704233,0.285499,17058.2,0.477715,0.242641,-0.2,0.05,444.45,6.15629e+06,0.244552,0.0240036,0.548132,0.0764368,-0.206118,0.7848,0.102513,nan,nan,nan,nan,-0.0288353,-0.105423,-0.0528322,nan,-0.295689,0,-0.116729,-0.711593,nan,-0.8546,1.19913,0.4456,-1.5568,-0.0386667,2.315
502,33.3297,776.6,0.0375755,0.25,0.166667,0.155664,1.30663,0.265803,-0.00966314,1.9666,5.85277e-05,0.0122951,0.285442,16760,0.484268,0.248906,-0.2,0.05,445.184,6.16858e+06,0.214153,0.0245055,0.558341,0.0712833,-0.210199,0.7766,0.0921,nan,nan,nan,nan,-0.0277889,-0.0994073,-0.0534708,nan,-0.291587,-0.0002,-0.116061,-0.685722,nan,-0.8466,1.21029,0.4732,-1.4984,-0.0408,2.11625
503,20.3132,593.909,0.036322,0.166667,0.291667,0.156195,1.28389,0.305918,-0.00978002,1.96373,5.85277e-05,0.0181132,0.285347,17233.8,0.473474,0.239542,-0.2,0.05,445.899,6.18086e+06,0.201884,0.0153798,0.410592,0.050545,-0.170448,0.593909,0.0738636,nan,nan,nan,nan,-0.0217528,-0.0791275,-0.0393448,nan,-0.225079,-0.000181818,-0.0848778,-0.528319,nan,-0.636,0.900934,0.312364,-1.18545,-0.0334545,1.46023
504,41.6058,927.1,0.0388247,0.625,0.208333,0.163169,1.29173,0.277096,-0.0102765,1.95942,5.85277e-05,0.0133441,0.28525,17485.5,0.463325,0.23943,-0.2,0.05,446.603,6.19315e+06,0.341905,0.0260017,0.655782,0.0855309,-0.263492,0.9271,0.112505,nan,nan,nan,nan,-0.0331205,-0.121738,-0.0628378,nan,-0.350088,0,-0.135161,-0.831422,nan,-1.01565,1.42548,0.5486,-1.7992,-0.0474,2.6175
505,31.3061,739.7,0.0365801,0.458333,0.375,0.15931,1.27035,0.305425,-0.00885532,1.95617,5.85277e-05,0.0114488,0.285194,17356.9,0.468899,0.239062,-0.2,0.05,447.312,6.20544e+06,0.226768,0.0223989,0.521845,0.0690828,-0.220399,0.7397,0.09102,nan,nan,nan,nan,-0.0267972,-0.0989384,-0.0511783,nan,-0.277861,0,-0.111666,-0.649304,nan,-0.81075,1.13641,0.4356,-1.4374,-0.0426,2.04938
506,32.2222,772.444,0.0394174,0.458333,0.291667,0.162406,1.2446,0.298565,-0.0103769,1.95452,5.85277e-05,0.00714739,0.285172,15492.9,0.486948,0.306188,-0.2,0.05,448.107,6.21773e+06,0.267533,0.0214957,0.551677,0.0687033,-0.235693,0.772444,0.0912611,nan,nan,nan,nan,-0.0266338,-0.0933283,-0.0504945,nan,-0.290124,0,-0.11562,-0.69228,nan,-0.838,1.18336,0.428667,-1.50289,-0.0435556,2.11458
507,39.689,892.875,0.040437,0.25,0.0833333,0.164331,1.24962,0.279242,-0.0103263,1.95304,5.85277e-05,0.0147358,0.285128,13217.4,0.596164,0.333523,-0.2,0.05,449.038,6.23002e+06,0.344344,0.0246352,0.63028,0.0796508,-0.274068,0.892875,0.103325,nan,nan,nan,nan,-0.0293065,-0.106979,-0.0573414,nan,-0.334485,0,-0.133674,-0.774176,nan,-0.969,1.36975,0.5165,-1.7265,-0.04325,2.47188
508,37.1175,946.333,0.0352193,0.333333,0.0416667,0.161855,1.26347,0.259084,-0.0102681,1.95134,5.85277e-05,0.0122242,0.285103,13167.1,0.602164,0.331068,-0.2,0.05,449.972,6.2423e+06,0.338878,0.0252408,0.664339,0.0878901,-0.290515,0.946333,0.113267,nan,nan,nan,nan,-0.0331407,-0.125839,-0.063529,nan,-0.355058,0,-0.142071,-0.855102,nan,-1.032,1.46113,0.526222,-1.85067,-0.0497778,2.49028
509,36.397,823,0.0379615,0.541667,0.25,0.159099,1.25381,0.2756,-0.010103,1.94982,5.85277e-05,0.0111882,0.285051,12396.3,0.60537,0.385894,-0.2,0.05,450.965,6.25459e+06,0.295613,0.0215123,0.588411,0.0762683,-0.265676,0.823,0.102274,nan,nan,nan,nan,-0.0285493,-0.10204,-0.054506,nan,-0.308989,0,-0.123681,-0.721719,nan,-0.887368,1.26488,0.463368,-1.61263,-0.0418947,2.33158
510,34.5123,857.5,0.0378376,0.291667,0.208333,0.157444,1.25479,0.275075,-0.00937511,1.94678,5.85277e-05,0.00871825,0.284966,13086.7,0.611831,0.327137,-0.2,0.05,451.906,6.26688e+06,0.28004,0.0235559,0.6073,0.0806072,-0.284259,0.8575,0.103292,nan,nan,nan,nan,-0.0313745,-0.113345,-0.0585347,nan,-0.323492,0,-0.129267,-0.748331,nan,-0.91975,1.31646,0.49,-1.682,-0.0521667,2.30937
511,35.7729,880.846,0.038014,0.291667,0.25,0.163043,1.24572,0.320392,-0.00930995,1.9432,5.85277e-05,0.00913293,0.284892,14833.8,0.508203,0.320176,-0.2,0.05,452.736,6.27917e+06,0.258401,0.0203215,0.623393,0.0818545,-0.296844,0.880846,0.109769,nan,nan,nan,nan,-0.0320384,-0.115015,-0.0596913,nan,-0.331789,0,-0.134139,-0.795501,nan,-0.950077,1.36092,0.530462,-1.72092,-0.0432308,2.40192
512,31.2442,730.938,0.0380489,0.333333,0.333333,0.158549,1.25593,0.306166,-0.00912993,1.94081,5.85277e-05,0.0114403,0.284869,13880.1,0.56957,0.315725,-0.2,0.05,453.622,6.29146e+06,0.22406,0.0205686,0.506529,0.0652978,-0.253378,0.730937,0.0877562,nan,nan,nan,nan,-0.0257341,-0.0963182,-0.0471805,nan,-0.273069,0,-0.114678,-0.654445,nan,-0.80325,1.13602,0.401,-1.4265,-0.0365,2.12109
513,30.6011,769.471,0.0367791,0.375,0.333333,0.161424,1.26678,0.302073,-0.0111731,1.94064,3.90184e-05,0.0204163,0.284874,13180.2,0.560915,0.371396,-0.2,0.05,454.556,6.30374e+06,0.253567,0.0228339,0.543084,0.0697,-0.274778,0.769471,0.0927176,nan,nan,nan,nan,-0.0265772,-0.097498,-0.0500137,nan,-0.286629,0,-0.122687,-0.669406,nan,-0.817588,1.18336,0.421882,-1.48965,-0.0424706,2.05074
514,31.6195,854.364,0.034856,0.25,0.208333,0.163519,1.27677,0.309112,-0.00713732,1.94021,3.90184e-05,0.0116132,0.284846,12824.1,0.62144,0.336753,-0.2,0.05,455.516,6.31603e+06,0.2721,0.0245541,0.601767,0.0763279,-0.30313,0.854364,0.0986545,nan,nan,nan,nan,-0.0280241,-0.10309,-0.0546911,nan,-0.319915,0,-0.131743,-0.750089,nan,-0.920182,1.30907,0.472,-1.65818,-0.0429091,2.18409
515,32.6202,827.933,0.0363596,0.25,0.375,0.161117,1.267,0.296317,-0.0101743,1.93862,3.90184e-05,0.0142877,0.284811,14541.2,0.550769,0.294277,-0.2,0.05,456.362,6.32832e+06,0.259528,0.021102,0.581902,0.0735194,-0.298843,0.827933,0.0994133,nan,nan,nan,nan,-0.0296069,-0.104204,-0.0544065,nan,-0.31032,-0.0002,-0.127319,-0.733083,nan,-0.8714,1.27803,0.4648,-1.61973,-0.0436,2.2175
516,35.2274,878.5,0.0377838,0.541667,0.125,0.159556,1.27853,0.291147,-0.00891502,1.93686,3.90184e-05,0.0108838,0.284767,12994.5,0.589174,0.35646,-0.2,0.05,457.31,6.34061e+06,0.31418,0.0230255,0.622578,0.07963,-0.314845,0.8785,0.105356,nan,nan,nan,nan,-0.0300834,-0.110006,-0.0578179,nan,-0.329419,0,-0.132466,-0.794454,nan,-0.950625,1.35672,0.49975,-1.698,-0.04675,2.34609
517,24.2083,639.667,0.0352592,0.375,0.5,0.155529,1.25278,0.324709,-0.0095541,1.93543,3.90184e-05,0.0140445,0.284747,13792.3,0.579894,0.311039,-0.2,0.05,458.202,6.3529e+06,0.217056,0.0176435,0.45272,0.0579424,-0.248599,0.639667,0.0763571,nan,nan,nan,nan,-0.0227476,-0.0787316,-0.0424006,nan,-0.240324,0,-0.0978674,-0.566985,nan,-0.68,0.985233,0.353333,-1.24667,-0.0324762,1.66726
518,29.3097,743.789,0.0386264,0.375,0.416667,0.15793,1.27058,0.327628,-0.00821069,1.93435,3.90184e-05,0.00957377,0.284712,13322.1,0.592571,0.329807,-0.2,0.05,459.126,6.36518e+06,0.230812,0.0227203,0.523721,0.0664244,-0.287783,0.743789,0.0872316,nan,nan,nan,nan,-0.025756,-0.0898813,-0.0473194,nan,-0.277367,0,-0.117601,-0.652289,nan,-0.796895,1.1491,0.406737,-1.44863,-0.036,2.01447
519,33.0708,804.5,0.035157,0.208333,0.208333,0.161592,1.25384,0.325145,-0.00820058,1.93278,3.90184e-05,0.0107863,0.284681,13905.1,0.587345,0.296357,-0.2,0.05,460.011,6.37747e+06,0.334453,0.0250802,0.566075,0.0738198,-0.310837,0.8045,0.09694,nan,nan,nan,nan,-0.0288804,-0.104262,-0.0545716,nan,-0.298276,0,-0.127392,-0.702939,nan,-0.8544,1.24443,0.446,-1.5536,-0.0476,2.145
520,34.7774,889.5,0.0403093,0.541667,0.208333,0.156133,1.25952,0.308695,-0.00797297,1.93168,3.90184e-05,0.00804386,0.284657,13313.1,0.584802,0.338198,-0.2,0.05,460.936,6.38976e+06,0.298823,0.0264573,0.624366,0.0804208,-0.346535,0.8895,0.111433,nan,nan,nan,nan,-0.0311328,-0.113597,-0.0581767,nan,-0.332004,0,-0.140859,-0.785163,nan,-0.9525,1.36531,0.494667,-1.74222,-0.0464444,2.39653
521,31.836,835.75,0.0408827,0.5,0.166667,0.151221,1.24226,0.279028,-0.00736983,1.93029,3.90184e-05,0.0106488,0.28462,13374.6,0.586031,0.332728,-0.2,0.05,461.856,6.40205e+06,0.298917,0.0218385,0.588549,0.0749115,-0.328029,0.83575,0.106775,nan,nan,nan,nan,-0.0295081,-0.108105,-0.0558409,nan,-0.31298,0,-0.132386,-0.748083,nan,-0.88275,1.27834,0.4775,-1.6265,-0.03925,2.17266
522,36.253,921.5,0.0366426,0.583333,0.166667,0.157292,1.2682,0.304667,-0.00851317,1.92879,5.85277e-05,0.00415041,0.284598,14240.8,0.549812,0.313059,-0.2,0.05,462.721,6.41434e+06,0.30514,0.0264001,0.652572,0.0822318,-0.370831,0.9215,0.110983,nan,nan,nan,nan,-0.0315755,-0.11566,-0.0604742,nan,-0.344521,0,-0.14633,-0.795962,nan,-0.984667,1.42329,0.514,-1.78422,-0.0475556,2.45833
523,34.4465,852.704,0.0360255,0.708333,0.416667,0.156749,1.25871,0.312773,-0.00932038,1.92796,5.85277e-05,0.0103268,0.284582,13342.8,0.632779,0.288169,-0.2,0.05,463.643,6.42662e+06,0.27939,0.0222664,0.599657,0.0765362,-0.349912,0.852704,0.102522,nan,nan,nan,nan,-0.0301846,-0.109761,-0.0567895,nan,-0.317437,-0.000185185,-0.135587,-0.752305,nan,-0.894111,1.30638,0.493481,-1.64711,-0.0440741,2.32685
524,33.9889,855.176,0.0390601,0.458333,0.25,0.152276,1.25913,0.332308,-0.00971767,1.926,5.85277e-05,0.0121479,0.284496,14396.4,0.529872,0.323674,-0.2,0.05,464.498,6.43891e+06,0.315428,0.0263148,0.612209,0.075547,-0.357614,0.855176,0.103606,nan,nan,nan,nan,-0.0299493,-0.105989,-0.0579563,nan,-0.31848,0,-0.13597,-0.740591,nan,-0.902824,1.32625,0.496471,-1.68212,-0.0432941,2.26324
525,34.6743,866.421,0.0396252,0.541667,0.25,0.155393,1.24053,0.392985,-0.00889225,1.92166,5.85277e-05,0.0171806,0.284389,13512.4,0.587467,0.321922,-0.2,0.05,465.409,6.4512e+06,0.311278,0.0247496,0.605304,0.0771113,-0.362432,0.866421,0.105289,nan,nan,nan,nan,-0.0305893,-0.111031,-0.0578894,nan,-0.322716,0,-0.136696,-0.765681,nan,-0.913105,1.32594,0.494526,-1.68021,-0.0432632,2.34671
526,35.8156,857,0.0365883,0.583333,0.25,0.157572,1.24493,0.255727,-0.00972425,1.91714,5.85277e-05,0.00991648,0.284279,13891,0.586937,0.297663,-0.2,0.05,466.295,6.46349e+06,0.26623,0.0250783,0.601843,0.0764622,-0.362917,0.857,0.106575,nan,nan,nan,nan,-0.0299399,-0.10985,-0.0561168,nan,-0.319097,0,-0.138379,-0.754053,nan,-0.9381,1.31527,0.4864,-1.666,-0.044,2.47437
527,37.4151,882,0.0374174,0.458333,0.208333,0.159265,1.22972,0.319246,-0.0097954,1.91325,5.85277e-05,0.0154589,0.284223,13395.4,0.597466,0.319867,-0.2,0.05,467.214,6.47578e+06,0.272844,0.0279887,0.61152,0.0802464,-0.372633,0.882,0.109012,nan,nan,nan,nan,-0.0313644,-0.115788,-0.0593781,nan,-0.326315,0,-0.144276,-0.765515,nan,-0.951,1.35772,0.518,-1.69775,-0.044875,2.52031
528,30.2414,810.294,0.0402606,0.458333,0.25,0.158533,1.25975,0.288788,-0.0100181,1.91112,5.85277e-05,0.0153511,0.284167,13900.2,0.52424,0.359778,-0.2,0.05,468.099,6.48806e+06,0.276156,0.0225925,0.574916,0.0704851,-0.352564,0.810294,0.0971941,nan,nan,nan,nan,-0.0276037,-0.0982305,-0.053398,nan,-0.301783,0,-0.132461,-0.683581,nan,-0.860118,1.24723,0.471294,-1.56518,-0.042,2.05882
529,29.5874,860.375,0.0415487,0.25,0.0833333,0.155214,1.27706,0.297497,-0.00919239,1.90797,5.85277e-05,0.010304,0.284081,13410.8,0.585034,0.331245,-0.2,0.05,469.017,6.50035e+06,0.274008,0.0264703,0.596526,0.0778328,-0.380375,0.860375,0.098025,nan,nan,nan,nan,-0.0281176,-0.0998885,-0.05594,nan,-0.317575,-0.000125,-0.146698,-0.767751,nan,-0.94875,1.34298,0.458,-1.664,-0.04875,2.20312
530,32.6682,810.231,0.0426774,0.375,0.166667,0.15126,1.27621,0.272231,-0.00905031,1.90473,5.85277e-05,0.0151479,0.284037,13804.4,0.5626,0.327551,-0.2,0.05,469.909,6.51264e+06,0.315846,0.0212244,0.566203,0.0729652,-0.360114,0.810231,0.0978692,nan,nan,nan,nan,-0.0288774,-0.106827,-0.053236,nan,-0.298641,0,-0.134963,-0.713839,nan,-0.847385,1.25207,0.451692,-1.57385,-0.0436923,2.20673
531,31.8243,779,0.0408833,0.375,0.333333,0.152962,1.26426,0.309631,-0.0100663,1.90307,5.85277e-05,0.0133329,0.284002,14794.6,0.564977,0.265598,-0.2,0.05,470.741,6.52493e+06,0.260691,0.022754,0.544416,0.069512,-0.360687,0.779,0.0948059,nan,nan,nan,nan,-0.0282005,-0.102696,-0.0513227,nan,-0.288397,0,-0.127902,-0.681258,nan,-0.819176,1.20918,0.437412,-1.50824,-0.0388235,2.18015
532,24.67,666.444,0.0405018,0.333333,0.416667,0.159804,1.25631,0.353012,-0.00917473,1.90179,5.85277e-05,0.014832,0.283968,14395.4,0.525883,0.32772,-0.2,0.05,471.596,6.53722e+06,0.204547,0.0201752,0.462598,0.0604634,-0.313639,0.666444,0.0778833,nan,nan,nan,nan,-0.0239297,-0.0839489,-0.0442102,nan,-0.246881,0,-0.109596,-0.576692,nan,-0.7105,1.02948,0.366222,-1.29333,-0.037,1.78542
533,33.545,819.565,0.0411063,0.666667,0.291667,0.159647,1.25076,0.302318,-0.00995946,1.89966,5.85277e-05,0.00919032,0.283898,13561.7,0.577248,0.328831,-0.2,0.05,472.503,6.5495e+06,0.301325,0.0234201,0.574333,0.0725032,-0.380372,0.819565,0.0963826,nan,nan,nan,nan,-0.0282978,-0.101733,-0.0537172,nan,-0.303051,0,-0.135978,-0.713436,nan,-0.883043,1.27185,0.460174,-1.59565,-0.0410435,2.29402
534,36.5241,858.857,0.0379021,0.208333,0.0833333,0.156685,1.29454,0.32136,-0.0095302,1.89648,5.85277e-05,0.0158524,0.28383,12931.7,0.600341,0.349879,-0.2,0.05,473.455,6.56179e+06,0.26798,0.0296599,0.600529,0.0770112,-0.400268,0.858857,0.101829,nan,nan,nan,nan,-0.02972,-0.106698,-0.0576313,nan,-0.317415,0,-0.14245,-0.75706,nan,-0.907286,1.32694,0.489143,-1.64571,-0.0525714,2.49107
535,26.6605,738.737,0.0396394,0.375,0.416667,0.163965,1.23681,0.328026,-0.010719,1.89409,5.85277e-05,0.00849381,0.283782,13944.3,0.543785,0.337437,-0.2,0.05,474.337,6.57408e+06,0.260943,0.0238736,0.518169,0.0642303,-0.35575,0.738737,0.0850526,nan,nan,nan,nan,-0.0245483,-0.0888697,-0.0462057,nan,-0.273268,0,-0.122871,-0.641371,nan,-0.776211,1.14346,0.415579,-1.42653,-0.0370526,1.87566
536,29.4482,706.938,0.0373386,0.333333,0.333333,0.16306,1.27138,0.29741,-0.010104,1.89295,5.85277e-05,0.0119235,0.283766,13448.7,0.559593,0.3541,-0.2,0.05,475.252,6.58637e+06,0.258318,0.0213634,0.496339,0.0619375,-0.339789,0.706937,0.0816938,nan,nan,nan,nan,-0.0240251,-0.084149,-0.0460124,nan,-0.260434,0,-0.11985,-0.611862,nan,-0.739687,1.09688,0.41575,-1.35625,-0.037875,1.95312
537,28.4171,783.583,0.0419662,0.25,0.25,0.159288,1.28947,0.32713,-0.010698,1.89211,5.85277e-05,0.0117158,0.283738,13166.3,0.603323,0.329966,-0.2,0.05,476.187,6.59866e+06,0.273601,0.0259592,0.551087,0.0661692,-0.381183,0.783583,0.0878417,nan,nan,nan,nan,-0.0261323,-0.0946491,-0.0505332,nan,-0.288268,-8.33333e-05,-0.130601,-0.677005,nan,-0.83725,1.21028,0.437667,-1.505,-0.0423333,2.01771
538,28.9907,780.714,0.0401837,0.333333,0.25,0.158826,1.25794,0.334155,-0.0102644,1.89114,5.85277e-05,0.0102069,0.28373,13356.3,0.606043,0.313972,-0.2,0.05,477.108,6.61094e+06,0.301293,0.0249467,0.538922,0.0700755,-0.381967,0.780714,0.0952643,nan,nan,nan,nan,-0.0279229,-0.104718,-0.0519721,nan,-0.287615,0,-0.132203,-0.689632,nan,-0.811929,1.1941,0.442,-1.51743,-0.0397143,2.04732
539,28.3152,764.706,0.0411645,0.416667,0.291667,0.159479,1.25193,0.322797,-0.0102861,1.89043,5.85277e-05,0.0116828,0.283701,13653.7,0.598922,0.301051,-0.2,0.05,478.01,6.62323e+06,0.230423,0.0226856,0.532498,0.0686415,-0.37524,0.764706,0.0934118,nan,nan,nan,nan,-0.0266758,-0.0970417,-0.0509494,nan,-0.281603,-5.88235e-05,-0.128704,-0.648843,nan,-0.78,1.18213,0.433176,-1.50165,-0.0365882,2.01544
540,27.7005,735.071,0.0393192,0.291667,0.291667,0.159912,1.2563,0.306339,-0.00896146,1.88836,5.85277e-05,0.0147602,0.283632,13996.5,0.529243,0.348693,-0.2,0.05,478.889,6.63552e+06,0.308559,0.0180973,0.50374,0.0649583,-0.369911,0.735071,0.0874143,nan,nan,nan,nan,-0.0263307,-0.097526,-0.0477843,nan,-0.270358,0,-0.125525,-0.635218,nan,-0.757071,1.12537,0.407143,-1.42943,-0.0374286,1.93125
541,36.6977,914.625,0.0402986,0.25,0.0833333,0.163225,1.25646,0.272653,-0.00913613,1.88603,5.85277e-05,0.0123417,0.283625,13190,0.594712,0.3369,-0.2,0.05,479.822,6.64781e+06,0.331901,0.0287,0.636397,0.0788815,-0.454852,0.914625,0.106738,nan,nan,nan,nan,-0.0305915,-0.109278,-0.0594399,nan,-0.335923,0,-0.15373,-0.789636,nan,-0.9465,1.42185,0.483,-1.7585,-0.0475,2.51875
542,31.336,803.214,0.0378471,0.375,0.208333,0.159047,1.23842,0.282247,-0.00958716,1.88581,5.85277e-05,0.0133617,0.283592,13586.9,0.598346,0.306052,-0.2,0.05,480.728,6.6601e+06,0.286746,0.0236622,0.571523,0.0689062,-0.410851,0.803214,0.0944643,nan,nan,nan,nan,-0.0266189,-0.0955279,-0.052618,nan,-0.296725,0,-0.132797,-0.696437,nan,-0.8265,1.252,0.464,-1.55057,-0.0358571,2.12679
543,31.6986,831,0.0403692,0.25,0.166667,0.154612,1.2511,0.292596,-0.0095556,1.88334,5.85277e-05,0.00680237,0.283524,13202.3,0.615025,0.315719,-0.2,0.05,481.66,6.67238e+06,0.318119,0.0206475,0.584859,0.0726721,-0.419677,0.831,0.09407,nan,nan,nan,nan,-0.0274203,-0.0959398,-0.0545629,nan,-0.305242,0,-0.141544,-0.713277,nan,-0.8724,1.29268,0.4724,-1.6112,-0.044,2.18375
544,27.4599,732.091,0.0355265,0.208333,0.25,0.159923,1.22366,0.322712,-0.00965252,1.88119,5.85277e-05,0.0145052,0.283503,15739.8,0.514343,0.266353,-0.2,0.05,482.442,6.68467e+06,0.249816,0.0227699,0.516379,0.0633191,-0.371262,0.732091,0.0820091,nan,nan,nan,nan,-0.0232911,-0.0817289,-0.0449663,nan,-0.267214,0,-0.128705,-0.610852,nan,-0.764182,1.13667,0.407273,-1.42182,-0.0358182,1.9125
545,33.7829,783.769,0.0381017,0.333333,0.208333,0.156548,1.25443,0.300416,-0.00906275,1.87991,5.85277e-05,0.0101903,0.283443,13312.9,0.571371,0.351643,-0.2,0.05,483.366,6.69696e+06,0.26094,0.0243865,0.549994,0.0700632,-0.397658,0.783769,0.0968231,nan,nan,nan,nan,-0.0267775,-0.0949934,-0.0513731,nan,-0.287905,0,-0.134506,-0.678381,nan,-0.791077,1.2173,0.439385,-1.53631,-0.0410769,2.28654
546,34.9121,906.824,0.0410795,0.583333,0.125,0.155879,1.25906,0.262826,-0.0107799,1.87724,5.85277e-05,0.0156665,0.283409,13105.3,0.631237,0.3064,-0.2,0.05,484.306,6.70925e+06,0.344111,0.0284409,0.644628,0.0806885,-0.455995,0.906824,0.106471,nan,nan,nan,nan,-0.0303947,-0.107767,-0.0587198,nan,-0.33364,-5.88235e-05,-0.153235,-0.772431,nan,-0.919412,1.4048,0.526118,-1.75694,-0.0490588,2.34118
547,31.7088,885.6,0.0370496,0.583333,0.25,0.154432,1.25616,0.303608,-0.00999683,1.8754,5.85277e-05,0.0191629,0.283344,13142,0.59714,0.337875,-0.2,0.05,485.242,6.72154e+06,0.341486,0.027979,0.613613,0.0739549,-0.445976,0.8856,0.098115,nan,nan,nan,nan,-0.0286877,-0.100701,-0.0546628,nan,-0.324216,0,-0.155585,-0.758925,nan,-0.9096,1.37532,0.4732,-1.7086,-0.0425,2.22562
548,33.6214,794.533,0.0409453,0.416667,0.208333,0.160537,1.2539,0.308298,-0.0103215,1.87181,5.85277e-05,0.012751,0.283258,14081.2,0.597179,0.275476,-0.2,0.05,486.116,6.73382e+06,0.272744,0.0225554,0.560613,0.0705332,-0.396739,0.794533,0.09496,nan,nan,nan,nan,-0.0274484,-0.0992029,-0.0535863,nan,-0.290231,0,-0.136154,-0.68152,nan,-0.8326,1.22498,0.4736,-1.54587,-0.0409333,2.27083
549,26.3215,699.077,0.0370584,0.208333,0.333333,0.161843,1.26852,0.295165,-0.0104391,1.86843,5.85277e-05,0.0106067,0.283195,15631.2,0.524887,0.261232,-0.2,0.05,486.903,6.74611e+06,0.230682,0.0250901,0.477631,0.0611879,-0.34887,0.699077,0.0850077,nan,nan,nan,nan,-0.0260229,-0.0892166,-0.0438502,nan,-0.255825,-0.000153846,-0.119424,-0.606054,nan,-0.734077,1.07843,0.393231,-1.34462,-0.0353846,1.86923
550,32.079,795.917,0.0407258,0.333333,0.166667,0.154833,1.25837,0.333259,-0.00969592,1.86638,5.85277e-05,0.00806477,0.283166,17034.7,0.4754,0.245949,-0.2,0.05,487.626,6.7584e+06,0.33056,0.0222005,0.557874,0.0682437,-0.394442,0.795917,0.095975,nan,nan,nan,nan,-0.0269639,-0.0969224,-0.0516728,nan,-0.291579,0,-0.136947,-0.664365,nan,-0.813,1.2267,0.441667,-1.536,-0.041,2.11771
551,33.3078,879.786,0.0388589,0.416667,0.166667,0.159449,1.25756,0.330594,-0.00933825,1.86518,5.85277e-05,0.0130409,0.283133,13842.4,0.532181,0.355528,-0.2,0.05,488.515,6.77069e+06,0.28897,0.0274932,0.616984,0.0803436,-0.442497,0.879786,0.104864,nan,nan,nan,nan,-0.0291575,-0.107008,-0.0569436,nan,-0.321718,0,-0.151897,-0.752384,nan,-0.921214,1.36952,0.500286,-1.69657,-0.0475714,2.32411
552,22.8349,675.154,0.0403432,0.291667,0.25,0.159052,1.24922,0.324087,-0.00994483,1.86344,5.85277e-05,0.0107208,0.283086,12947.7,0.612387,0.336662,-0.2,0.05,489.465,6.78298e+06,0.205008,0.0241068,0.465436,0.057887,-0.335115,0.675154,0.0747385,nan,nan,nan,nan,-0.0218384,-0.0755152,-0.0405687,nan,-0.245477,0,-0.119675,-0.567007,nan,-0.705462,1.0373,0.369538,-1.30462,-0.0329231,1.68077
553,29.2169,792.636,0.0417189,0.25,0.208333,0.159163,1.22641,0.312777,-0.00930112,1.86083,5.85277e-05,0.010055,0.283027,13423.3,0.593501,0.321919,-0.2,0.05,490.382,6.79526e+06,0.278697,0.025125,0.548545,0.0648617,-0.3934,0.792636,0.0857364,nan,nan,nan,nan,-0.0257051,-0.0923078,-0.0486765,nan,-0.289224,0,-0.138181,-0.672735,nan,-0.792818,1.23402,0.428364,-1.51127,-0.0396364,2.00682
554,28.3209,741.714,0.0387142,0.333333,0.25,0.156761,1.24062,0.278285,-0.00963113,1.85812,5.85277e-05,0.00893616,0.282961,14388.1,0.562294,0.291745,-0.2,0.05,491.238,6.80755e+06,0.243826,0.0196158,0.523413,0.0630219,-0.369751,0.741714,0.0818071,nan,nan,nan,nan,-0.0237732,-0.0815578,-0.0462095,nan,-0.270355,0,-0.13009,-0.619627,nan,-0.761786,1.15808,0.418,-1.43543,-0.0377143,1.94286
555,27.7011,750,0.0380173,0.375,0.208333,0.157934,1.2411,0.304213,-0.0105403,1.85521,5.85277e-05,0.010705,0.282895,16414.8,0.501997,0.246598,-0.2,0.05,491.988,6.81984e+06,0.24944,0.0204253,0.52032,0.0633002,-0.377426,0.75,0.0883214,nan,nan,nan,nan,-0.0251428,-0.0891897,-0.0475662,nan,-0.274772,0,-0.12988,-0.640702,nan,-0.765214,1.16139,0.408857,-1.46686,-0.0361429,1.97589
556,30.325,756.917,0.0370509,0.333333,0.166667,0.156117,1.23799,0.288267,-0.00960422,1.85201,5.85277e-05,0.0090533,0.28281,17343.7,0.465022,0.243477,-0.2,0.05,492.698,6.83213e+06,0.227779,0.0220036,0.527816,0.0669926,-0.376384,0.756917,0.0914,nan,nan,nan,nan,-0.0256065,-0.0921625,-0.048864,nan,-0.274848,0,-0.136987,-0.649493,nan,-0.7965,1.17519,0.422667,-1.47567,-0.0396667,2.14167
557,33.1196,844.667,0.0415616,0.458333,0.166667,0.15665,1.22836,0.335132,-0.00982365,1.84855,5.85277e-05,0.00729134,0.282746,13557.7,0.546863,0.359484,-0.2,0.05,493.606,6.84442e+06,0.30158,0.0253982,0.589688,0.0733545,-0.420433,0.844667,0.09624,nan,nan,nan,nan,-0.0280063,-0.0991769,-0.0540993,nan,-0.308305,-6.66667e-05,-0.14704,-0.712051,nan,-0.856,1.30443,0.4792,-1.62773,-0.0473333,2.24167
558,30.8759,793,0.0377494,0.5,0.291667,0.157971,1.22415,0.302903,-0.00987974,1.84657,5.85277e-05,0.00928854,0.282722,12718.9,0.579179,0.386943,-0.2,0.05,494.573,6.8567e+06,0.274415,0.0260699,0.5511,0.0686048,-0.391739,0.793,0.0912789,nan,nan,nan,nan,-0.0260283,-0.0920981,-0.0489602,nan,-0.286622,0,-0.144232,-0.668394,nan,-0.829895,1.23071,0.441895,-1.53389,-0.0416842,2.13026
559,31.5938,917.909,0.0381077,0.375,0.0833333,0.163696,1.23385,0.262426,-0.00928519,1.84544,5.85277e-05,0.00921591,0.282688,13207.9,0.608048,0.322301,-0.2,0.05,495.505,6.86899e+06,0.310332,0.0287603,0.638656,0.0720705,-0.458355,0.917909,0.0993545,nan,nan,nan,nan,-0.0275802,-0.1008,-0.0522564,nan,-0.333917,0,-0.161049,-0.769968,nan,-0.979364,1.44263,0.469818,-1.75491,-0.0389091,2.27727
560,36.1967,954.364,0.0368253,0.416667,0.0416667,0.159162,1.21656,0.301733,-0.0101916,1.84284,5.85277e-05,0.00961223,0.282601,13887.8,0.598356,0.28645,-0.2,0.05,496.391,6.88128e+06,0.275798,0.0273011,0.660259,0.0804436,-0.476451,0.954364,0.116436,nan,nan,nan,nan,-0.0317051,-0.115,-0.0600551,nan,-0.348198,0,-0.169546,-0.825727,nan,-0.979909,1.4671,0.547636,-1.85309,-0.0461818,2.58636
561,33.3097,862.235,0.0388764,0.458333,0.25,0.152532,1.21242,0.286287,-0.0100637,1.83929,5.85277e-05,0.0155856,0.282549,15552.5,0.515135,0.274963,-0.2,0.05,497.183,6.89357e+06,0.308531,0.0260408,0.592672,0.0717528,-0.428529,0.862235,0.0947765,nan,nan,nan,nan,-0.0270069,-0.0940415,-0.0526407,nan,-0.31274,0,-0.154186,-0.726967,nan,-0.862235,1.34747,0.466353,-1.66659,-0.0411765,2.26176
562,36.9947,907.467,0.0408313,0.5,0.125,0.153314,1.21308,0.270376,-0.00983449,1.83785,5.85277e-05,0.0126326,0.282532,14788.1,0.489868,0.34107,-0.2,0.05,498.015,6.90586e+06,0.312165,0.0279903,0.648802,0.079038,-0.450363,0.907467,0.10602,nan,nan,nan,nan,-0.0308694,-0.108407,-0.0607978,nan,-0.331073,0,-0.156461,-0.753731,nan,-0.9596,1.41272,0.529867,-1.7504,-0.0468,2.47417
563,38.9172,904.737,0.040036,0.541667,0.25,0.162814,1.20129,0.310609,-0.0099646,1.83678,5.85277e-05,0.015499,0.282503,12554.9,0.651576,0.327164,-0.2,0.05,498.996,6.91814e+06,0.333262,0.0265655,0.627639,0.0792823,-0.449248,0.904737,0.1079,nan,nan,nan,nan,-0.0316181,-0.111253,-0.0589602,nan,-0.329984,-0.000105263,-0.159005,-0.764244,nan,-0.925579,1.40431,0.538947,-1.74779,-0.0476842,2.54868
564,37.1066,883.273,0.0382817,0.666667,0.25,0.157974,1.24072,0.296436,-0.0103313,1.83514,5.85277e-05,0.0100313,0.282462,12816.3,0.613817,0.34496,-0.2,0.05,499.956,6.93043e+06,0.301451,0.0278759,0.623863,0.0767796,-0.43968,0.883273,0.101768,nan,nan,nan,nan,-0.0300749,-0.106433,-0.0578047,nan,-0.320999,-9.09091e-05,-0.155541,-0.73111,nan,-0.879955,1.37039,0.531818,-1.69873,-0.0477273,2.40625
565,36.5719,927.235,0.0421259,0.583333,0.125,0.159596,1.24417,0.30135,-0.00914066,1.83358,5.85277e-05,0.0073831,0.282434,13831.6,0.574594,0.313804,-0.2,0.05,500.845,6.94272e+06,0.35041,0.0271489,0.635517,0.0756034,-0.462266,0.927235,0.106129,nan,nan,nan,nan,-0.0295596,-0.107899,-0.0569367,nan,-0.335767,-0.000294118,-0.169434,-0.775092,nan,-0.958059,1.45218,0.502118,-1.78635,-0.0432941,2.47721
566,31.8072,768.444,0.0373047,0.458333,0.291667,0.161624,1.2555,0.332671,-0.0102853,1.83152,5.85277e-05,0.0145656,0.282363,15521.1,0.509235,0.28246,-0.2,0.05,501.639,6.95501e+06,0.281725,0.0252308,0.532732,0.067301,-0.382101,0.768444,0.0927722,nan,nan,nan,nan,-0.0270516,-0.0940685,-0.0507962,nan,-0.280815,0,-0.134177,-0.653268,nan,-0.791167,1.19268,0.453556,-1.49356,-0.0427778,2.12569
567,30.1342,750.375,0.0400028,0.541667,0.458333,0.157199,1.25464,0.353443,-0.0111372,1.82869,5.85277e-05,0.0149593,0.282323,17248.4,0.475111,0.237302,-0.2,0.05,502.352,6.9673e+06,0.29833,0.0269401,0.520302,0.0610968,-0.369097,0.750375,0.0836583,nan,nan,nan,nan,-0.0243982,-0.0835158,-0.0465141,nan,-0.272688,0,-0.132415,-0.629502,nan,-0.762375,1.17156,0.4165,-1.4555,-0.0366667,1.99063
568,33.4807,790.474,0.0386126,0.458333,0.333333,0.156218,1.25682,0.310517,-0.00962356,1.82782,5.85277e-05,0.0125543,0.282309,11350.1,0.508773,0.573862,-0.2,0.05,503.436,6.97958e+06,0.308488,0.0241121,0.549535,0.0652107,-0.386622,0.790474,0.0905316,nan,nan,nan,nan,-0.026893,-0.0930908,-0.0500096,nan,-0.286062,0,-0.142015,-0.665263,nan,-0.808579,1.23409,0.437684,-1.53726,-0.0388421,2.20855
569,30.8484,921.412,0.0395305,0.541667,0.166667,0.161111,1.26219,0.312514,-0.0112407,1.82634,5.85277e-05,0.0141063,0.282243,11497.1,0.746658,0.322137,-0.2,0.05,504.507,6.99187e+06,0.324338,0.0296771,0.634671,0.0733821,-0.455605,0.921412,0.0996118,nan,nan,nan,nan,-0.029213,-0.106319,-0.0548801,nan,-0.333673,0,-0.165511,-0.781837,nan,-0.937059,1.4268,0.486588,-1.79224,-0.0455294,2.24779
570,37.0855,904.692,0.038829,0.375,0.166667,0.161669,1.23852,0.304836,-0.00929136,1.82292,5.85277e-05,0.00962255,0.282151,11596.3,0.657621,0.402028,-0.2,0.05,505.568,7.00416e+06,0.348912,0.0258888,0.625158,0.0774723,-0.449628,0.904692,0.110215,nan,nan,nan,nan,-0.0310619,-0.106949,-0.0576908,nan,-0.329001,-0.000307692,-0.161552,-0.771314,nan,-0.949846,1.41433,0.504,-1.77938,-0.0475385,2.52788
571,33.246,909.833,0.0396886,0.333333,0.166667,0.159668,1.24311,0.26106,-0.00953659,1.81933,5.85277e-05,0.0150452,0.282083,11969.2,0.676577,0.35006,-0.2,0.05,506.596,7.01645e+06,0.316778,0.0281809,0.635189,0.0780349,-0.451057,0.909833,0.105575,nan,nan,nan,nan,-0.030358,-0.108749,-0.0586833,nan,-0.331484,0,-0.160521,-0.774844,nan,-0.89525,1.42082,0.5,-1.754,-0.0463333,2.27917
572,36.4771,904,0.0399767,0.25,0.0833333,0.157252,1.26589,0.279059,-0.00935026,1.81716,5.85277e-05,0.0182228,0.282054,14141.2,0.606945,0.262006,-0.2,0.05,507.466,7.02874e+06,0.304677,0.0273037,0.625754,0.0757175,-0.447307,0.904,0.100963,nan,nan,nan,nan,-0.0293009,-0.108153,-0.0568265,nan,-0.326723,0,-0.165486,-0.777733,nan,-0.9375,1.39872,0.5155,-1.7545,-0.05025,2.525
573,30.6788,788.409,0.0406882,0.625,0.291667,0.15826,1.25915,0.297901,-0.01044,1.81552,5.85277e-05,0.0136449,0.282,13388.7,0.500461,0.417325,-0.2,0.05,508.385,7.04102e+06,0.298543,0.0263009,0.553166,0.0665864,-0.389944,0.788409,0.0886045,nan,nan,nan,nan,-0.0256025,-0.0904075,-0.0499067,nan,-0.28481,-4.54545e-05,-0.142689,-0.65688,nan,-0.819136,1.23034,0.450182,-1.53382,-0.0397273,2.06477
574,35.0426,853.15,0.0390034,0.583333,0.25,0.161969,1.22832,0.262767,-0.00944814,1.81314,5.85277e-05,0.0101518,0.281956,12035.5,0.613141,0.407841,-0.2,0.05,509.408,7.05331e+06,0.265959,0.0248659,0.596947,0.0725559,-0.420849,0.85315,0.100835,nan,nan,nan,nan,-0.0291146,-0.101644,-0.0547972,nan,-0.309177,0,-0.154322,-0.716083,nan,-0.8802,1.32305,0.4974,-1.6496,-0.0431,2.37625
575,26.7456,712.833,0.040601,0.458333,0.291667,0.157725,1.25805,0.302856,-0.00949489,1.81179,5.85277e-05,0.00653491,0.281941,12506.1,0.595406,0.387156,-0.2,0.05,510.393,7.0656e+06,0.252166,0.0222753,0.494287,0.0562121,-0.350037,0.712833,0.0773056,nan,nan,nan,nan,-0.02286,-0.0816292,-0.0428575,nan,-0.258532,-0.000111111,-0.12608,-0.597212,nan,-0.7095,1.10627,0.387333,-1.37156,-0.0353333,1.82431
576,26.6174,802.8,0.037444,0.125,0.0833333,0.148373,1.27931,0.320737,-0.00870128,1.81041,5.85277e-05,0.00945916,0.281878,13532.7,0.584047,0.323977,-0.2,0.05,511.302,7.07789e+06,0.270159,0.0247753,0.563342,0.061084,-0.393308,0.8028,0.08036,nan,nan,nan,nan,-0.0242766,-0.0855134,-0.0431176,nan,-0.289236,0,-0.146847,-0.669187,nan,-0.783,1.26263,0.3992,-1.5384,-0.0356,1.875
577,35.3053,789.474,0.0403591,0.5,0.291667,0.147475,1.25403,0.294177,-0.00953661,1.80789,5.85277e-05,0.0143226,0.28184,16402.4,0.510077,0.23908,-0.2,0.05,512.053,7.09018e+06,0.262457,0.0236622,0.553155,0.0662013,-0.388921,0.789474,0.0952053,nan,nan,nan,nan,-0.0272616,-0.0945721,-0.0524889,nan,-0.286405,-0.000157895,-0.140983,-0.659156,nan,-0.805421,1.23677,0.467789,-1.528,-0.0388421,2.29276
578,42.0227,980.083,0.037956,0.458333,0.0416667,0.153794,1.27098,0.299393,-0.00923611,1.80731,5.85277e-05,0.00767199,0.281855,17148.6,0.465386,0.251176,-0.2,0.05,512.771,7.10246e+06,0.390553,0.0308433,0.685547,0.0814762,-0.482167,0.980083,0.114492,nan,nan,nan,nan,-0.0323493,-0.117091,-0.0630869,nan,-0.356903,0,-0.174241,-0.823534,nan,-0.981,1.51739,0.586333,-1.897,-0.0488333,2.69062
579,26.4736,667.824,0.0404534,0.25,0.458333,0.15637,1.2617,0.35875,-0.0109587,1.80828,5.85277e-05,0.0132869,0.281881,17149.9,0.466632,0.249873,-0.2,0.05,513.488,7.11475e+06,0.239631,0.0209609,0.462495,0.0561673,-0.331794,0.667824,0.0772824,nan,nan,nan,nan,-0.0229834,-0.0792911,-0.0430791,nan,-0.241838,0,-0.118713,-0.564605,nan,-0.691588,1.03821,0.389176,-1.28753,-0.0334118,1.78676
580,32.6081,751.667,0.0383265,0.541667,0.333333,0.153736,1.25251,0.307129,-0.00905679,1.80835,5.85277e-05,0.00996123,0.28185,17467.9,0.462991,0.24047,-0.2,0.05,514.193,7.12704e+06,0.291537,0.0263873,0.512768,0.0630683,-0.369201,0.751667,0.0874667,nan,nan,nan,nan,-0.025501,-0.0874149,-0.0479791,nan,-0.270405,0,-0.137974,-0.631332,nan,-0.763857,1.16965,0.444952,-1.45448,-0.0384762,2.10952
581,31.1465,755.765,0.0384276,0.333333,0.375,0.154135,1.23618,0.345479,-0.0105302,1.80626,5.85277e-05,0.0113243,0.28179,17170.4,0.475546,0.240104,-0.2,0.05,514.91,7.13933e+06,0.239828,0.0232838,0.512468,0.0616923,-0.371068,0.755765,0.0891176,nan,nan,nan,nan,-0.0261902,-0.0900944,-0.0482001,nan,-0.273001,0,-0.13869,-0.629538,nan,-0.768176,1.16792,0.424941,-1.46988,-0.0374118,2.13456
582,29.6967,776.913,0.0378551,0.5,0.458333,0.153439,1.24437,0.344196,-0.0103888,1.80362,5.85277e-05,0.0109357,0.281733,17268.1,0.468249,0.243353,-0.2,0.05,515.623,7.15162e+06,0.275332,0.0227541,0.543787,0.0624806,-0.383133,0.776913,0.0854261,nan,nan,nan,nan,-0.0260149,-0.0896657,-0.0483255,nan,-0.282228,-8.69565e-05,-0.13749,-0.655016,nan,-0.793696,1.21014,0.429739,-1.50835,-0.0412174,2.04348
583,29.8161,758.727,0.0372433,0.125,0.333333,0.155002,1.27992,0.350038,-0.00919117,1.80135,5.85277e-05,0.00908639,0.281688,16329.4,0.480638,0.271871,-0.2,0.05,516.377,7.1639e+06,0.285697,0.029502,0.531087,0.0614633,-0.373729,0.758727,0.0832636,nan,nan,nan,nan,-0.0242899,-0.0851058,-0.045203,nan,-0.272886,0,-0.138622,-0.626944,nan,-0.763636,1.18971,0.398909,-1.45855,-0.0347273,1.97614
584,29.0115,805,0.0355501,0.416667,0.375,0.160296,1.28937,0.323636,-0.00874189,1.79919,5.85277e-05,0.0113936,0.281625,17113.3,0.471337,0.2467,-0.2,0.05,517.096,7.17619e+06,0.363554,0.0279785,0.563836,0.0618039,-0.39825,0.805,0.0853632,nan,nan,nan,nan,-0.0260796,-0.089701,-0.0479839,nan,-0.292256,0,-0.143164,-0.674774,nan,-0.783947,1.25001,0.430526,-1.56526,-0.0404211,1.92434
585,26.4954,803.417,0.0413333,0.291667,0.208333,0.158397,1.26755,0.299564,-0.00940172,1.79633,5.85277e-05,0.0169616,0.281582,17111.4,0.47603,0.242086,-0.2,0.05,517.815,7.18848e+06,0.334541,0.0250569,0.560512,0.0583544,-0.397094,0.803417,0.0796667,nan,nan,nan,nan,-0.0235188,-0.0799872,-0.0445348,nan,-0.292761,-0.000333333,-0.144064,-0.686787,nan,-0.798,1.24318,0.388333,-1.579,-0.0378333,1.91562
586,26.5175,715,0.0424748,0.208333,0.291667,0.160355,1.27396,0.35048,-0.00901961,1.79407,5.85277e-05,0.0069559,0.281513,17352.6,0.466426,0.241712,-0.2,0.05,518.525,7.20077e+06,0.186858,0.02121,0.498814,0.0599643,-0.353536,0.715,0.0844,nan,nan,nan,nan,-0.02529,-0.0867016,-0.0453124,nan,-0.25813,-8.33333e-05,-0.130691,-0.609275,nan,-0.71,1.11682,0.414667,-1.37667,-0.0386667,1.8625
587,24.2912,583.941,0.0390312,0.25,0.458333,0.160457,1.26129,0.317271,-0.0100499,1.79114,5.85277e-05,0.0159963,0.281477,17235.2,0.468281,0.244677,-0.2,0.05,519.239,7.21306e+06,0.243717,0.0154307,0.402854,0.0503234,-0.285531,0.583941,0.0713294,nan,nan,nan,nan,-0.0213235,-0.0717179,-0.0377275,nan,-0.211973,-0.000117647,-0.105048,-0.496274,nan,-0.586235,0.896149,0.324,-1.12918,-0.0295294,1.60147
588,30.2628,845.733,0.0410444,0.375,0.25,0.156915,1.24688,0.34115,-0.00879696,1.78996,5.85277e-05,0.0109692,0.281445,17208.3,0.468225,0.245848,-0.2,0.05,519.954,7.22534e+06,0.302101,0.0291071,0.587549,0.0656685,-0.415919,0.845733,0.0920533,nan,nan,nan,nan,-0.0263467,-0.0903661,-0.0497054,nan,-0.305419,0,-0.153405,-0.706244,nan,-0.8642,1.31863,0.455467,-1.65947,-0.0362667,2.12417
589,40.8806,963.25,0.0414377,0.583333,0.0833333,0.157131,1.25095,0.287274,-0.0103799,1.7879,5.85277e-05,0.0111542,0.281392,17141.8,0.467741,0.249102,-0.2,0.05,520.672,7.23763e+06,0.301774,0.0315633,0.673109,0.0795242,-0.471966,0.96325,0.112944,nan,nan,nan,nan,-0.0309021,-0.108528,-0.0592424,nan,-0.346713,0,-0.180495,-0.793514,nan,-0.9525,1.49282,0.54475,-1.8665,-0.052375,2.70703
590,26.5952,624.1,0.0398035,0.166667,0.25,0.153615,1.25941,0.314972,-0.00875926,1.78599,5.85277e-05,0.0061645,0.281368,17450.6,0.463308,0.240851,-0.2,0.05,521.378,7.24992e+06,0.208146,0.0179446,0.431412,0.0520937,-0.301956,0.6241,0.07051,nan,nan,nan,nan,-0.021075,-0.0710003,-0.0407889,nan,-0.223506,-0.0004,-0.116075,-0.528932,nan,-0.6159,0.976789,0.3616,-1.2084,-0.0348,1.75
591,26.7355,728.625,0.0395813,0.375,0.291667,0.157859,1.24333,0.327377,-0.00935766,1.78533,5.85277e-05,0.00902622,0.281369,17091.4,0.477232,0.241724,-0.2,0.05,522.098,7.26221e+06,0.237371,0.0219767,0.50326,0.0598416,-0.358024,0.728625,0.0862875,nan,nan,nan,nan,-0.0255855,-0.0829124,-0.0472656,nan,-0.263904,0,-0.129389,-0.607354,nan,-0.723,1.12557,0.41575,-1.44075,-0.036375,1.87266
592,30.424,791.667,0.0409621,0.416667,0.333333,0.161203,1.2371,0.333708,-0.009523,1.78474,5.85277e-05,0.0109453,0.28133,17462.1,0.467608,0.236089,-0.2,0.05,522.803,7.2745e+06,0.288707,0.0249672,0.553257,0.0635762,-0.388844,0.791667,0.09055,nan,nan,nan,nan,-0.0264534,-0.0902362,-0.0490894,nan,-0.287045,0,-0.142255,-0.664818,nan,-0.787167,1.23033,0.445778,-1.544,-0.0391111,2.05139
593,30.3939,742.364,0.0411892,0.208333,0.25,0.159036,1.21959,0.316761,-0.0104075,1.78231,5.85277e-05,0.00950544,0.281283,17208.1,0.474192,0.23989,-0.2,0.05,523.519,7.28678e+06,0.260188,0.0192431,0.520053,0.060294,-0.362634,0.742364,0.0789364,nan,nan,nan,nan,-0.0238692,-0.083507,-0.0462856,nan,-0.267515,0,-0.137922,-0.619574,nan,-0.728727,1.16561,0.426182,-1.42327,-0.0450909,1.98523
594,28.3541,782.8,0.0420078,0.208333,0.208333,0.154559,1.22026,0.354817,-0.00964218,1.78097,5.85277e-05,0.009638,0.281292,17273.7,0.471554,0.239816,-0.2,0.05,524.231,7.29907e+06,0.307904,0.0261391,0.545814,0.0656252,-0.383321,0.7828,0.09054,nan,nan,nan,nan,-0.0256502,-0.0882934,-0.0506412,nan,-0.281965,0,-0.146039,-0.642789,nan,-0.78,1.23933,0.4468,-1.4996,-0.0402,1.85125
595,29.7906,712.467,0.0451813,0.25,0.375,0.152195,1.24156,0.30687,-0.00865796,1.78147,5.85277e-05,0.0127742,0.281304,17376.7,0.466412,0.240741,-0.2,0.05,524.94,7.31136e+06,0.261597,0.0220019,0.500316,0.0579715,-0.34409,0.712467,0.0784933,nan,nan,nan,nan,-0.0239721,-0.0819069,-0.0444819,nan,-0.256457,-0.000133333,-0.129131,-0.598518,nan,-0.682,1.12901,0.391467,-1.3832,-0.0324,1.9125
596,29.3561,831.167,0.0379014,0.291667,0.208333,0.153616,1.24429,0.256699,-0.00868671,1.78157,5.85277e-05,0.0077503,0.281316,17586.1,0.462203,0.23653,-0.2,0.05,525.64,7.32365e+06,0.333185,0.0273591,0.590104,0.0613261,-0.409447,0.831167,0.0855417,nan,nan,nan,nan,-0.0240683,-0.0781496,-0.0470246,nan,-0.299642,0,-0.154195,-0.68169,nan,-0.8295,1.30276,0.417333,-1.62967,-0.038,2.01042
597,38.5113,881.429,0.0401745,0.416667,0.166667,0.156669,1.21862,0.329157,-0.010188,1.78151,5.85277e-05,0.00767329,0.281296,17265.9,0.465193,0.246497,-0.2,0.05,526.353,7.33594e+06,0.265193,0.0281529,0.610827,0.076646,-0.426446,0.881429,0.10515,nan,nan,nan,nan,-0.0301476,-0.105826,-0.05895,nan,-0.315223,-7.14286e-05,-0.166681,-0.728772,nan,-0.874286,1.38546,0.528286,-1.70057,-0.0477143,2.49911
598,32.3414,790.25,0.0373178,0.333333,0.333333,0.155513,1.2536,0.314991,-0.00982743,1.78031,5.85277e-05,0.0101416,0.281266,17000.6,0.477649,0.245151,-0.2,0.05,527.077,7.34822e+06,0.25238,0.0221239,0.548678,0.0649031,-0.38706,0.79025,0.0867875,nan,nan,nan,nan,-0.0253749,-0.0894481,-0.0494247,nan,-0.28383,-0.000125,-0.14854,-0.658427,nan,-0.786937,1.24952,0.4315,-1.51375,-0.0385,2.15234
599,42.7954,974.846,0.0390493,0.458333,0.0833333,0.156311,1.2517,0.3269,-0.0105439,1.77854,5.85277e-05,0.01581,0.28122,17474.9,0.461021,0.242159,-0.2,0.05,527.781,7.36051e+06,0.322039,0.0318427,0.682593,0.0846853,-0.475363,0.974846,0.114938,nan,nan,nan,nan,-0.0322696,-0.111317,-0.0637143,nan,-0.349342,0,-0.184033,-0.795201,nan,-0.968077,1.53064,0.566769,-1.88708,-0.0550769,2.75288
600,28.7442,736.062,0.0357437,0.333333,0.333333,0.159943,1.23818,0.376666,-0.00979689,1.77636,5.85277e-05,0.0111966,0.281161,17423.4,0.464996,0.240262,-0.2,0.05,528.488,7.3728e+06,0.256619,0.0196175,0.510768,0.0618656,-0.363571,0.736062,0.0880312,nan,nan,nan,nan,-0.0265784,-0.0863671,-0.0501456,nan,-0.26618,-0.0003125,-0.136612,-0.618088,nan,-0.717375,1.14626,0.451,-1.43175,-0.0415,1.90547
601,25.8776,754.571,0.0414226,0.333333,0.25,0.160104,1.2542,0.302447,-0.0102957,1.77394,5.85277e-05,0.0136773,0.281123,16867.7,0.489013,0.239478,-0.2,0.05,530.936,7.38509e+06,0.324816,0.0221308,0.526454,0.0573592,-0.368518,0.754571,0.0818857,nan,nan,nan,nan,-0.0241435,-0.0818635,-0.0456632,nan,-0.272571,0,-0.138546,-0.63505,nan,-0.744643,1.17609,0.402857,-1.48057,-0.0392857,1.77857
602,31.0145,760.727,0.0439631,0.25,0.208333,0.157387,1.26867,0.297551,-0.00870361,1.77255,5.85277e-05,0.0108476,0.281091,17224.5,0.464319,0.249083,-0.2,0.05,531.65,7.39738e+06,0.272507,0.0227585,0.535645,0.0603835,-0.368718,0.760727,0.0852455,nan,nan,nan,nan,-0.0254507,-0.0840884,-0.0501317,nan,-0.275289,0,-0.137008,-0.63862,nan,-0.749455,1.19577,0.429455,-1.48727,-0.0389091,2.04318
603,35.6802,897.6,0.0392156,0.208333,0.208333,0.154546,1.24493,0.301565,-0.0099322,1.77083,5.85277e-05,0.0112708,0.281058,17629.6,0.458886,0.238123,-0.2,0.05,532.349,7.40966e+06,0.2315,0.0276556,0.609496,0.0734807,-0.440136,0.8976,0.11115,nan,nan,nan,nan,-0.0316446,-0.104458,-0.0596269,nan,-0.324176,-0.0001,-0.165297,-0.756119,nan,-0.8859,1.38184,0.5292,-1.7524,-0.0468,2.48875
604,26.7577,801.136,0.040582,0.625,0.291667,0.157712,1.26197,0.333158,-0.0104408,1.76917,5.85277e-05,0.0127178,0.281008,17825.9,0.456872,0.232462,-0.2,0.05,533.039,7.42195e+06,0.26339,0.0279224,0.558832,0.0622088,-0.38998,0.801136,0.0863682,nan,nan,nan,nan,-0.025671,-0.0869146,-0.0483363,nan,-0.290021,-0.000181818,-0.145006,-0.67681,nan,-0.783273,1.23938,0.431455,-1.57073,-0.0391818,1.9233
605,31.7466,820.6,0.0446662,0.375,0.25,0.156048,1.23551,0.299722,-0.00890742,1.76659,5.85277e-05,0.00705566,0.280957,17571.2,0.460585,0.23874,-0.2,0.05,533.74,7.43424e+06,0.323601,0.0295761,0.555872,0.0656357,-0.398967,0.8206,0.09334,nan,nan,nan,nan,-0.0276037,-0.0969765,-0.05016,nan,-0.295505,0,-0.153924,-0.702465,nan,-0.7856,1.27084,0.422667,-1.57653,-0.0404,2.13333
606,32.332,757.95,0.0384451,0.583333,0.25,0.154182,1.24421,0.291084,-0.00972614,1.76497,5.85277e-05,0.0145523,0.280945,17733.2,0.459904,0.233032,-0.2,0.05,534.434,7.44653e+06,0.299295,0.0219197,0.527836,0.0639378,-0.367319,0.75795,0.08995,nan,nan,nan,nan,-0.0265628,-0.0930938,-0.052057,nan,-0.273352,0,-0.138866,-0.631072,nan,-0.714,1.18153,0.4312,-1.463,-0.0427,2.045
607,31.2773,758.333,0.0396083,0.333333,0.291667,0.154782,1.25773,0.359035,-0.00868332,1.76394,5.85277e-05,0.0132054,0.280887,17200,0.478856,0.235561,-0.2,0.05,535.15,7.45882e+06,0.255819,0.0234744,0.524689,0.0625717,-0.36731,0.758333,0.09124,nan,nan,nan,nan,-0.0258952,-0.0887827,-0.0486713,nan,-0.271063,0,-0.143303,-0.64042,nan,-0.7722,1.18408,0.441867,-1.4888,-0.0409333,2.10917
608,29.462,765,0.0400889,0.583333,0.333333,0.150786,1.2294,0.292066,-0.00954814,1.76069,5.85277e-05,0.00561158,0.280809,16956.7,0.491691,0.23298,-0.2,0.05,535.876,7.4711e+06,0.275874,0.0236721,0.527515,0.0593498,-0.370164,0.765,0.0857955,nan,nan,nan,nan,-0.0242058,-0.0837352,-0.0462411,nan,-0.274576,-9.09091e-05,-0.144402,-0.642095,nan,-0.748909,1.19434,0.415636,-1.47109,-0.0361818,1.96761
609,40.1694,988.25,0.0430327,0.625,0.0416667,0.153595,1.23199,0.273703,-0.0101839,1.75745,5.85277e-05,0.0108961,0.280747,17921.7,0.452767,0.232882,-0.2,0.05,536.562,7.48339e+06,0.370002,0.0335228,0.681955,0.0781122,-0.481946,0.98825,0.113819,nan,nan,nan,nan,-0.0322423,-0.113164,-0.0617715,nan,-0.35578,0,-0.18646,-0.824114,nan,-0.957937,1.54688,0.54675,-1.9125,-0.049125,2.62422
610,25.6204,736.714,0.0426667,0.333333,0.25,0.156876,1.24582,0.284185,-0.009937,1.75491,5.85277e-05,0.0142752,0.2807,14220.6,0.480239,0.383858,-0.2,0.05,537.428,7.49568e+06,0.25124,0.0226295,0.50808,0.0577215,-0.356656,0.736714,0.0811643,nan,nan,nan,nan,-0.0235336,-0.0785925,-0.0437388,nan,-0.26463,-7.14286e-05,-0.138091,-0.617333,nan,-0.745714,1.14733,0.388,-1.43629,-0.0375714,1.83036
611,37.2532,844,0.0418848,0.541667,0.166667,0.15542,1.23876,0.308899,-0.00899319,1.75239,5.85277e-05,0.00995059,0.280637,13130.2,0.560994,0.374867,-0.2,0.05,538.365,7.50797e+06,0.293281,0.0281929,0.585516,0.0697901,-0.409006,0.844,0.102753,nan,nan,nan,nan,-0.0290279,-0.103323,-0.0557955,nan,-0.302263,0,-0.160414,-0.683573,nan,-0.830294,1.31685,0.491765,-1.64047,-0.0428235,2.3875
612,34.2332,865.364,0.0434881,0.291667,0.166667,0.151668,1.23011,0.331007,-0.010243,1.75015,5.85277e-05,0.0104459,0.280626,14410,0.531542,0.321197,-0.2,0.05,539.219,7.52026e+06,0.342329,0.027696,0.611104,0.0676355,-0.41608,0.865364,0.0940273,nan,nan,nan,nan,-0.0273093,-0.0951027,-0.052284,nan,-0.309801,-0.000181818,-0.164995,-0.710216,nan,-0.847364,1.36688,0.456364,-1.67418,-0.0392727,2.21705
613,29.3288,707.357,0.041496,0.25,0.333333,0.152132,1.23099,0.366208,-0.0102407,1.75028,5.85277e-05,0.0108558,0.280635,14568.7,0.540966,0.302485,-0.2,0.05,540.064,7.53254e+06,0.266434,0.0223352,0.499621,0.0595784,-0.339396,0.707357,0.0857643,nan,nan,nan,nan,-0.0252886,-0.085202,-0.0474056,nan,-0.253505,-7.14286e-05,-0.132477,-0.574805,nan,-0.696,1.11304,0.406571,-1.39,-0.0331429,1.88304
614,35.176,847.923,0.0424291,0.291667,0.25,0.155103,1.22766,0.338885,-0.00969735,1.74977,5.85277e-05,0.0102033,0.280598,14022.9,0.546686,0.329593,-0.2,0.05,540.942,7.54483e+06,0.255043,0.0250842,0.591461,0.0670986,-0.410732,0.847923,0.0975846,nan,nan,nan,nan,-0.0281098,-0.0970533,-0.0552915,nan,-0.305264,0,-0.157121,-0.702799,nan,-0.834923,1.31971,0.494462,-1.64523,-0.0386154,2.33558
615,31.4745,723.538,0.0408259,0.583333,0.5,0.156078,1.22407,0.333673,-0.00971713,1.74746,5.85277e-05,0.0115829,0.280528,12920.3,0.547389,0.403674,-0.2,0.05,541.894,7.55712e+06,0.265766,0.0243013,0.504864,0.0598659,-0.348702,0.723538,0.0847808,nan,nan,nan,nan,-0.0251237,-0.0848066,-0.0481798,nan,-0.259404,-0.000192308,-0.138946,-0.597762,nan,-0.716885,1.12971,0.424615,-1.40908,-0.0372308,2.0226
616,30.334,810.533,0.0432962,0.416667,0.208333,0.155313,1.23123,0.319538,-0.0092765,1.74444,5.85277e-05,0.010822,0.280477,13954.1,0.537924,0.34268,-0.2,0.05,542.776,7.56941e+06,0.301677,0.0260926,0.560862,0.0592893,-0.39019,0.810533,0.08672,nan,nan,nan,nan,-0.0250148,-0.0845918,-0.0480948,nan,-0.289839,-0.000333333,-0.159401,-0.65179,nan,-0.7728,1.26705,0.42,-1.5728,-0.0373333,2.01667
617,32.874,911.75,0.0425076,0.333333,0.166667,0.153575,1.21467,0.281866,-0.0096171,1.7427,5.85277e-05,0.0162285,0.280438,14138.1,0.55499,0.314148,-0.2,0.05,543.647,7.5817e+06,0.293962,0.0320844,0.634245,0.0689216,-0.441117,0.91175,0.101617,nan,nan,nan,nan,-0.028213,-0.0972103,-0.0529494,nan,-0.324983,0,-0.176228,-0.746941,nan,-0.91525,1.43247,0.498,-1.76633,-0.0436667,2.26354
618,32.0941,738.875,0.0424314,0.125,0.208333,0.153637,1.23534,0.369491,-0.00931435,1.74107,5.85277e-05,0.0104319,0.280422,14020.6,0.536486,0.339937,-0.2,0.05,544.524,7.59398e+06,0.297964,0.0278714,0.514118,0.0609944,-0.357467,0.738875,0.0830875,nan,nan,nan,nan,-0.0252447,-0.0838095,-0.0478936,nan,-0.263017,0,-0.143948,-0.608865,nan,-0.70425,1.15329,0.426,-1.4355,-0.04,2.0125
619,28.6438,768.545,0.040515,0.5,0.416667,0.155434,1.2357,0.318329,-0.0102682,1.74133,5.85277e-05,0.0102335,0.280451,14163.2,0.539321,0.328278,-0.2,0.05,545.393,7.60627e+06,0.331978,0.0243037,0.539097,0.0549903,-0.37028,0.768545,0.0822545,nan,nan,nan,nan,-0.0233676,-0.0792095,-0.0441815,nan,-0.275378,0,-0.147898,-0.637035,nan,-0.753545,1.20337,0.381636,-1.5,-0.0344545,1.91136
620,38.7701,845.895,0.0450937,0.5,0.291667,0.152658,1.23998,0.34301,-0.00942033,1.7414,5.85277e-05,0.0138174,0.280427,14229.8,0.539448,0.32409,-0.2,0.05,546.258,7.61856e+06,0.346399,0.0273897,0.595819,0.0700804,-0.40759,0.845895,0.0974263,nan,nan,nan,nan,-0.0285655,-0.0974887,-0.0556019,nan,-0.301781,0,-0.164613,-0.67909,nan,-0.819947,1.33565,0.487158,-1.62358,-0.0443158,2.35526
621,39.0612,826.167,0.041612,0.333333,0.166667,0.152253,1.23375,0.300145,-0.00906951,1.74088,5.85277e-05,0.0132517,0.28044,15515.9,0.499398,0.292565,-0.2,0.05,547.051,7.63085e+06,0.260707,0.0318075,0.567537,0.0687945,-0.394561,0.826167,0.0976167,nan,nan,nan,nan,-0.0276404,-0.0956661,-0.0539786,nan,-0.290907,0,-0.169323,-0.666364,nan,-0.81825,1.30221,0.489333,-1.59767,-0.0413333,2.46458
622,37.428,918.071,0.0417576,0.458333,0.125,0.148987,1.2259,0.289334,-0.00902684,1.74128,5.85277e-05,0.00927283,0.280445,17453.2,0.468505,0.235548,-0.2,0.05,547.756,7.64314e+06,0.319855,0.0268349,0.633018,0.0734632,-0.433561,0.918071,0.104907,nan,nan,nan,nan,-0.0301416,-0.107491,-0.0572359,nan,-0.32603,0,-0.182713,-0.737245,nan,-0.908357,1.44449,0.518286,-1.792,-0.0454286,2.45268
623,31.6433,828.913,0.0379912,0.625,0.333333,0.155736,1.22128,0.309373,-0.00895736,1.74117,5.85277e-05,0.0125981,0.280449,14064.9,0.523156,0.35051,-0.2,0.05,548.631,7.65542e+06,0.351075,0.0251819,0.573472,0.061681,-0.397373,0.828913,0.0936913,nan,nan,nan,nan,-0.0265572,-0.0941011,-0.0497212,nan,-0.296547,-0.000173913,-0.160943,-0.682828,nan,-0.807522,1.28661,0.433565,-1.60852,-0.0368696,2.08913
624,34.8604,913.077,0.0393063,0.458333,0.0833333,0.154699,1.20513,0.321036,-0.00872518,1.74048,5.85277e-05,0.015111,0.280394,13515.2,0.571153,0.338046,-0.2,0.05,549.542,7.66771e+06,0.357471,0.0326104,0.639404,0.0664857,-0.438535,0.913077,0.0989769,nan,nan,nan,nan,-0.0274034,-0.0947689,-0.0538196,nan,-0.326615,-0.000153846,-0.1764,-0.742497,nan,-0.882692,1.42988,0.472923,-1.78462,-0.0403077,2.3
625,29.9712,743.417,0.0404589,0.208333,0.291667,0.147964,1.24814,0.312776,-0.00950625,1.73813,5.85277e-05,0.0114523,0.280373,14371.1,0.527949,0.327103,-0.2,0.05,550.399,7.68e+06,0.223675,0.0252096,0.509886,0.0604798,-0.354654,0.743417,0.0889167,nan,nan,nan,nan,-0.026034,-0.0886289,-0.0467446,nan,-0.264028,-8.33333e-05,-0.147588,-0.60942,nan,-0.73025,1.16445,0.409333,-1.449,-0.0343333,2.02396
626,34.8852,840.706,0.0437098,0.458333,0.25,0.147613,1.22472,0.342034,-0.0103014,1.73825,5.85277e-05,0.0138677,0.280405,15246.4,0.537511,0.268452,-0.2,0.05,551.207,7.69229e+06,0.320677,0.0291419,0.587158,0.0654935,-0.403742,0.840706,0.0987882,nan,nan,nan,nan,-0.0280496,-0.0972896,-0.0541139,nan,-0.300112,0,-0.164173,-0.691751,nan,-0.823588,1.311,0.476706,-1.63576,-0.0456471,2.25882
627,33.8544,814.417,0.0425247,0.333333,0.166667,0.153326,1.259,0.309279,-0.0101518,1.74046,5.85277e-05,0.00973107,0.280473,16904.1,0.492662,0.234261,-0.2,0.05,551.935,7.70458e+06,0.335418,0.0304959,0.569105,0.0646384,-0.38713,0.814417,0.100508,nan,nan,nan,nan,-0.028376,-0.0994371,-0.053918,nan,-0.288812,0,-0.16059,-0.665532,nan,-0.78525,1.2711,0.474333,-1.57933,-0.0418333,2.12292
628,30.4765,804.533,0.045094,0.375,0.25,0.147191,1.2318,0.327002,-0.00927398,1.74218,5.85277e-05,0.012545,0.280471,17570,0.46185,0.237524,-0.2,0.05,552.636,7.71686e+06,0.280289,0.0258669,0.546859,0.0613184,-0.383361,0.804533,0.0941333,nan,nan,nan,nan,-0.0263202,-0.0894467,-0.049756,nan,-0.285778,-6.66667e-05,-0.160341,-0.670637,nan,-0.7876,1.25673,0.4312,-1.58027,-0.0418667,2.09833
629,32.7312,775.474,0.0424373,0.5,0.291667,0.151988,1.2466,0.353925,-0.010658,1.74068,5.85277e-05,0.013674,0.280418,17674.6,0.45836,0.236874,-0.2,0.05,553.332,7.72915e+06,0.285648,0.0230086,0.533736,0.0629452,-0.372666,0.775474,0.0904895,nan,nan,nan,nan,-0.0260737,-0.0909926,-0.0481454,nan,-0.276121,0,-0.155169,-0.627059,nan,-0.762474,1.2122,0.422737,-1.50611,-0.0357895,2.13092
630,33.157,732.111,0.0380948,0.375,0.375,0.156422,1.25806,0.352887,-0.00914705,1.73903,5.85277e-05,0.0131849,0.280407,17760,0.458846,0.233046,-0.2,0.05,554.025,7.74144e+06,0.25951,0.0261166,0.499744,0.0587748,-0.347216,0.732111,0.0862778,nan,nan,nan,nan,-0.0251638,-0.0867107,-0.0474258,nan,-0.258891,0,-0.148462,-0.603218,nan,-0.706,1.14668,0.429111,-1.41844,-0.0375556,2.09861
631,28.3041,747.556,0.0401304,0.375,0.375,0.154034,1.2437,0.358314,-0.00925216,1.73856,5.85277e-05,0.00617193,0.280377,14234.9,0.488586,0.374646,-0.2,0.05,554.89,7.75373e+06,0.27336,0.0238633,0.509546,0.057471,-0.354915,0.747556,0.0855667,nan,nan,nan,nan,-0.0255685,-0.0892284,-0.0473625,nan,-0.263653,0,-0.151685,-0.608725,nan,-0.724167,1.17659,0.402889,-1.45733,-0.0362222,1.89722
632,33.2491,769.462,0.0419474,0.291667,0.25,0.153038,1.26968,0.31586,-0.00930866,1.73733,5.85277e-05,0.0141757,0.280371,13118,0.56831,0.368418,-0.2,0.05,555.828,7.76602e+06,0.296946,0.0267579,0.533531,0.0592177,-0.367348,0.769462,0.0838769,nan,nan,nan,nan,-0.0244819,-0.0854653,-0.046516,nan,-0.272224,0,-0.155157,-0.612666,nan,-0.741231,1.19991,0.410154,-1.48369,-0.0363077,2.10769
633,32.0403,747.773,0.040847,0.541667,0.375,0.151029,1.24473,0.293404,-0.00886922,1.73703,5.85277e-05,0.0117547,0.280344,14372.1,0.533328,0.321664,-0.2,0.05,556.684,7.7783e+06,0.304512,0.0249479,0.516907,0.0587206,-0.358215,0.747773,0.0911182,nan,nan,nan,nan,-0.0267849,-0.0927153,-0.049481,nan,-0.267848,-4.54545e-05,-0.14675,-0.618293,nan,-0.740318,1.16094,0.423818,-1.45564,-0.0342727,2.06364
634,34.8036,797.737,0.040226,0.541667,0.25,0.156785,1.23226,0.34592,-0.0106541,1.73516,5.85277e-05,0.00887844,0.280302,15082.6,0.538415,0.276299,-0.2,0.05,557.5,7.79059e+06,0.363279,0.0267098,0.556791,0.0627694,-0.378682,0.797737,0.0907,nan,nan,nan,nan,-0.0263062,-0.0930289,-0.0498397,nan,-0.28372,-5.26316e-05,-0.158019,-0.652468,nan,-0.775263,1.24786,0.448421,-1.548,-0.042,2.15329
635,28.3349,673.647,0.0412086,0.291667,0.416667,0.157824,1.25313,0.284049,-0.0102838,1.73367,5.85277e-05,0.00939935,0.28028,13797.7,0.535151,0.355432,-0.2,0.05,558.392,7.80288e+06,0.234089,0.0221023,0.457048,0.0518149,-0.318963,0.673647,0.0797118,nan,nan,nan,nan,-0.0230337,-0.0785447,-0.0418074,nan,-0.238505,0,-0.138056,-0.555426,nan,-0.669,1.04788,0.351529,-1.30071,-0.0348235,1.89779
636,30.9165,847.889,0.0421679,0.291667,0.0833333,0.157208,1.24488,0.295525,-0.0101148,1.7328,5.85277e-05,0.0112582,0.280253,14179,0.542604,0.324031,-0.2,0.05,559.26,7.81517e+06,0.325927,0.0264964,0.581244,0.0663282,-0.40589,0.847889,0.0930778,nan,nan,nan,nan,-0.0266194,-0.0974624,-0.0508495,nan,-0.301633,0,-0.168574,-0.693252,nan,-0.829333,1.32415,0.451556,-1.64178,-0.0415556,2.08611
637,34.2499,839.417,0.0373915,0.333333,0.166667,0.154599,1.22387,0.301788,-0.00963173,1.73185,5.85277e-05,0.00822732,0.280247,14428.9,0.529211,0.322414,-0.2,0.05,560.113,7.82746e+06,0.298544,0.0289495,0.579321,0.0636878,-0.401714,0.839417,0.0955167,nan,nan,nan,nan,-0.027351,-0.094691,-0.0536128,nan,-0.298643,0,-0.166661,-0.685321,nan,-0.83625,1.31664,0.467333,-1.618,-0.0405,2.24583
638,28.8179,771,0.0418449,0.291667,0.125,0.151854,1.22529,0.312729,-0.0102627,1.73066,5.85277e-05,0.00937317,0.280168,15007.9,0.503903,0.314867,-0.2,0.05,560.934,7.83974e+06,0.287825,0.0228106,0.54011,0.060014,-0.367719,0.771,0.09106,nan,nan,nan,nan,-0.025631,-0.089546,-0.0487889,nan,-0.274388,0,-0.149953,-0.652025,nan,-0.7152,1.22048,0.4244,-1.4796,-0.0352,1.86125
639,31.4379,807.25,0.0384341,0.458333,0.375,0.155754,1.23347,0.382384,-0.00990702,1.72691,5.85277e-05,0.010075,0.280104,17281.6,0.46796,0.243086,-0.2,0.05,561.647,7.85203e+06,0.276299,0.025069,0.555317,0.0637847,-0.385907,0.80725,0.09605,nan,nan,nan,nan,-0.0280553,-0.0957303,-0.0520384,nan,-0.286998,-0.00015,-0.161509,-0.644177,nan,-0.7893,1.25324,0.4574,-1.5676,-0.0398,2.08875
640,29.3373,704,0.0406981,0.375,0.25,0.152664,1.24754,0.297934,-0.00860232,1.72448,5.85277e-05,0.00985828,0.280042,17649,0.459747,0.236498,-0.2,0.05,562.344,7.86432e+06,0.272164,0.0195899,0.485719,0.0565644,-0.333286,0.704,0.0800867,nan,nan,nan,nan,-0.0238097,-0.0812151,-0.0440378,nan,-0.249322,0,-0.141748,-0.591915,nan,-0.6642,1.10301,0.387467,-1.36853,-0.0353333,1.89167
641,37.1264,860.933,0.0432261,0.416667,0.208333,0.153463,1.25515,0.351296,-0.00870052,1.72207,5.85277e-05,0.00903444,0.280019,13545.1,0.550404,0.356788,-0.2,0.05,563.253,7.87661e+06,0.30884,0.0301939,0.596621,0.0651384,-0.412541,0.860933,0.10042,nan,nan,nan,nan,-0.0283189,-0.100101,-0.0552519,nan,-0.305679,0,-0.173002,-0.693033,nan,-0.8556,1.34027,0.468533,-1.67253,-0.0444,2.42583
642,38.5632,899.154,0.0416784,0.375,0.166667,0.152389,1.24919,0.291172,-0.0100383,1.72094,5.85277e-05,0.00944602,0.279969,14061.4,0.550776,0.323104,-0.2,0.05,564.129,7.8889e+06,0.357543,0.0279911,0.62486,0.0696134,-0.432586,0.899154,0.101777,nan,nan,nan,nan,-0.0295469,-0.102633,-0.058829,nan,-0.318181,0,-0.180409,-0.756723,nan,-0.876,1.41459,0.522769,-1.74892,-0.044,2.45769
643,33.2919,817.111,0.0417261,0.25,0.125,0.154742,1.23435,0.279366,-0.00908869,1.7182,5.85277e-05,0.0136379,0.279905,14396.5,0.530318,0.323224,-0.2,0.05,564.983,7.90118e+06,0.374466,0.0267758,0.563878,0.0624085,-0.389563,0.817111,0.0955778,nan,nan,nan,nan,-0.0284915,-0.10054,-0.0520423,nan,-0.290267,0,-0.164966,-0.66146,nan,-0.783,1.28065,0.458222,-1.58178,-0.036,2.07361
644,35.0089,753.25,0.0431402,0.291667,0.208333,0.157834,1.23206,0.307006,-0.0091995,1.7154,5.85277e-05,0.013954,0.279835,15906.3,0.502642,0.269883,-0.2,0.05,565.757,7.91347e+06,0.285872,0.0232192,0.525366,0.0606996,-0.358168,0.75325,0.096,nan,nan,nan,nan,-0.0263268,-0.0896072,-0.0507246,nan,-0.267284,0,-0.152179,-0.609829,nan,-0.745,1.17703,0.444,-1.48567,-0.0416667,2.21146
645,34.9502,837.067,0.0410698,0.458333,0.166667,0.154332,1.20849,0.315289,-0.00973646,1.71306,5.85277e-05,0.011433,0.27982,17277.9,0.477026,0.23417,-0.2,0.05,566.47,7.92576e+06,0.328965,0.0316408,0.58726,0.0632217,-0.400113,0.837067,0.09788,nan,nan,nan,nan,-0.0272845,-0.0939143,-0.0525872,nan,-0.297805,0,-0.167368,-0.677498,nan,-0.8152,1.30691,0.449067,-1.63653,-0.0412,2.255
646,34.4167,826.667,0.0429615,0.541667,0.208333,0.15464,1.23242,0.303953,-0.010486,1.71267,5.85277e-05,0.0121314,0.279799,17612.6,0.460257,0.237427,-0.2,0.05,567.169,7.93805e+06,0.278964,0.0282137,0.56605,0.0672115,-0.394431,0.826667,0.0989278,nan,nan,nan,nan,-0.0282455,-0.100546,-0.0528224,nan,-0.291864,0,-0.171283,-0.686267,nan,-0.832167,1.28484,0.468,-1.60978,-0.0452222,2.31458
647,30.1174,726.25,0.0408425,0.25,0.25,0.154465,1.21064,0.31161,-0.00938024,1.7113,5.85277e-05,0.0180683,0.279758,15348.9,0.464456,0.336123,-0.2,0.05,567.97,7.95034e+06,0.206035,0.021592,0.500556,0.0547082,-0.343887,0.72625,0.086175,nan,nan,nan,nan,-0.0242692,-0.0823886,-0.044137,nan,-0.25832,0,-0.144898,-0.590923,nan,-0.69025,1.11842,0.379333,-1.428,-0.0353333,2.05521
648,33.5869,870.467,0.0418957,0.458333,0.166667,0.154389,1.23243,0.306631,-0.00967147,1.7091,5.85277e-05,0.00987506,0.27972,13433.6,0.568132,0.346588,-0.2,0.05,568.887,7.96262e+06,0.314999,0.0288689,0.602957,0.0614962,-0.413134,0.870467,0.09982,nan,nan,nan,nan,-0.028664,-0.101203,-0.0527575,nan,-0.309251,0,-0.170723,-0.709048,nan,-0.8336,1.34478,0.474667,-1.6984,-0.0369333,2.235
649,37.3222,826.643,0.0409271,0.375,0.208333,0.156575,1.21809,0.299314,-0.0100671,1.70721,5.85277e-05,0.0167146,0.279673,13660.8,0.536938,0.362569,-0.2,0.05,569.788,7.97491e+06,0.26967,0.027781,0.571409,0.0688965,-0.391547,0.826643,0.103286,nan,nan,nan,nan,-0.0288168,-0.102002,-0.0551817,nan,-0.29087,0,-0.170058,-0.665883,nan,-0.792214,1.29625,0.486286,-1.606,-0.0431429,2.36161
650,32.4451,794.87,0.0416305,0.666667,0.291667,0.154594,1.20884,0.314398,-0.00993179,1.70512,5.85277e-05,0.0092597,0.279636,12973.9,0.563194,0.38394,-0.2,0.05,570.737,7.9872e+06,0.309875,0.0283984,0.547039,0.0625143,-0.379309,0.79487,0.0965609,nan,nan,nan,nan,-0.0272149,-0.0975138,-0.0514492,nan,-0.282514,0,-0.159755,-0.654576,nan,-0.781565,1.23314,0.445217,-1.53739,-0.0376522,2.11359
651,35.3059,795.818,0.0438693,0.208333,0.25,0.15032,1.21693,0.30145,-0.00923366,1.70346,5.85277e-05,0.0111579,0.279601,15418.2,0.54233,0.254651,-0.2,0.05,571.535,7.99949e+06,0.28996,0.0320601,0.554715,0.061582,-0.380166,0.795818,0.0876818,nan,nan,nan,nan,-0.0244831,-0.0836354,-0.0483801,nan,-0.281427,0,-0.162885,-0.655309,nan,-0.797455,1.25217,0.432727,-1.53564,-0.0345455,2.2625
652,33.7275,859.833,0.0432541,0.375,0.125,0.154566,1.25197,0.2998,-0.00932805,1.7014,5.85277e-05,0.0125587,0.279543,17520.7,0.460258,0.241084,-0.2,0.05,572.238,8.01178e+06,0.328983,0.0285873,0.599711,0.0624154,-0.405665,0.859833,0.0933,nan,nan,nan,nan,-0.025513,-0.0934993,-0.0490003,nan,-0.305107,0,-0.173626,-0.681259,nan,-0.84275,1.3203,0.429333,-1.66467,-0.0408333,2.24583
653,32.6489,791.214,0.0433842,0.291667,0.291667,0.151586,1.22715,0.352586,-0.00885134,1.69938,8.77915e-05,0.00367331,0.279528,14548.4,0.507079,0.33755,-0.2,0.05,573.083,8.02406e+06,0.286334,0.0257209,0.55129,0.0616245,-0.379777,0.791214,0.0965786,nan,nan,nan,nan,-0.0277877,-0.0958277,-0.0517962,nan,-0.28187,0,-0.157098,-0.654283,nan,-0.795429,1.22301,0.460286,-1.53629,-0.0432857,2.15982
654,38.3973,844.167,0.0438038,0.291667,0.208333,0.15458,1.26285,0.356824,-0.00990222,1.69937,8.77915e-05,0.0107897,0.279529,13816.9,0.559971,0.329377,-0.2,0.05,573.974,8.03635e+06,0.299588,0.0287634,0.587926,0.0685139,-0.402175,0.844167,0.101392,nan,nan,nan,nan,-0.0286384,-0.102182,-0.0560065,nan,-0.297759,0,-0.173759,-0.682352,nan,-0.8115,1.31322,0.491333,-1.65367,-0.0403333,2.43333
655,35.1221,805.95,0.0477187,0.5,0.333333,0.149939,1.18709,0.357173,-0.00984376,1.69827,8.77915e-05,0.00873702,0.27945,14133,0.546096,0.323359,-0.2,0.05,574.845,8.04864e+06,0.286027,0.0261517,0.556358,0.0630467,-0.383537,0.80595,0.096145,nan,nan,nan,nan,-0.0271174,-0.0961773,-0.0516364,nan,-0.285825,0,-0.164982,-0.654613,nan,-0.7836,1.24404,0.44,-1.5722,-0.0413,2.29937
656,36.4096,913.857,0.0437807,0.458333,0.125,0.151704,1.18225,0.332891,-0.0113077,1.69515,8.77915e-05,0.0130891,0.279425,15156.7,0.533526,0.277205,-0.2,0.05,575.657,8.06093e+06,0.30792,0.03089,0.631676,0.0709046,-0.43519,0.913857,0.104857,nan,nan,nan,nan,-0.0301671,-0.108621,-0.0579931,nan,-0.323086,0,-0.185733,-0.736474,nan,-0.898929,1.42336,0.505429,-1.76514,-0.0467143,2.41964
657,35.5526,809.318,0.044105,0.541667,0.375,0.145762,1.19745,0.321454,-0.0110868,1.69535,8.77915e-05,0.00828453,0.279424,16504.3,0.500867,0.243668,-0.2,0.05,576.403,8.07322e+06,0.314435,0.0282968,0.564012,0.0656373,-0.383858,0.809318,0.0986318,nan,nan,nan,nan,-0.0276553,-0.095663,-0.0534368,nan,-0.286942,-0.000136364,-0.163248,-0.665477,nan,-0.753409,1.26324,0.460727,-1.56945,-0.0404545,2.21307
658,39.738,972.714,0.0433522,0.5,0.0833333,0.154713,1.18103,0.316214,-0.0111667,1.69375,8.77915e-05,0.0121347,0.279359,17390.2,0.471326,0.235277,-0.2,0.05,577.111,8.0855e+06,0.35606,0.0345629,0.68165,0.070534,-0.458789,0.972714,0.112457,nan,nan,nan,nan,-0.0309219,-0.110516,-0.0592678,nan,-0.345297,0,-0.193252,-0.793134,nan,-0.934929,1.51481,0.511143,-1.87571,-0.0455714,2.58036
659,26.4692,731.4,0.0450644,0.208333,0.208333,0.159626,1.19001,0.328856,-0.0109528,1.69061,8.77915e-05,0.0106582,0.279277,17573.7,0.464568,0.234657,-0.2,0.05,577.812,8.09779e+06,0.281892,0.022724,0.498322,0.0533647,-0.343078,0.7314,0.08094,nan,nan,nan,nan,-0.0243098,-0.0833319,-0.0460003,nan,-0.258147,0,-0.148028,-0.588837,nan,-0.7221,1.11985,0.3984,-1.4064,-0.0382,1.795
660,37.8368,891.727,0.0426854,0.333333,0.125,0.156238,1.21697,0.297383,-0.0100537,1.68819,8.77915e-05,0.0188359,0.279266,13869.4,0.535194,0.350783,-0.2,0.05,578.699,8.11008e+06,0.367608,0.0309089,0.620577,0.0677831,-0.423741,0.891727,0.106464,nan,nan,nan,nan,-0.0291531,-0.103186,-0.0557694,nan,-0.316199,0,-0.182434,-0.719228,nan,-0.859091,1.38235,0.498545,-1.74291,-0.0458182,2.40341
661,41.3776,962.167,0.0421295,0.375,0.125,0.151744,1.18946,0.269691,-0.010512,1.68823,8.77915e-05,0.012309,0.279268,13900.1,0.555271,0.328751,-0.2,0.05,579.585,8.12237e+06,0.362124,0.0311464,0.683258,0.0706899,-0.457627,0.962167,0.108233,nan,nan,nan,nan,-0.030319,-0.105432,-0.0613063,nan,-0.341239,0,-0.191512,-0.771151,nan,-0.959,1.49293,0.539,-1.84067,-0.0495,2.62708
662,38.5049,923.154,0.0434981,0.458333,0.0833333,0.151697,1.20722,0.342223,-0.010683,1.68726,8.77915e-05,0.0166056,0.279228,14233.3,0.537278,0.326047,-0.2,0.05,580.45,8.13466e+06,0.344514,0.0265486,0.65069,0.0734358,-0.436135,0.923154,0.1091,nan,nan,nan,nan,-0.0315007,-0.109109,-0.0606523,nan,-0.327885,0,-0.184551,-0.739011,nan,-0.876923,1.43572,0.549231,-1.76892,-0.0486154,2.39615
663,26.0111,688.55,0.0430427,0.416667,0.416667,0.154008,1.21705,0.350881,-0.010184,1.68571,8.77915e-05,0.0149554,0.279221,15478.2,0.520731,0.27316,-0.2,0.05,581.245,8.14694e+06,0.293793,0.0224738,0.474587,0.0498064,-0.326434,0.68855,0.07567,nan,nan,nan,nan,-0.0232533,-0.080212,-0.0424036,nan,-0.244692,0,-0.137619,-0.560141,nan,-0.6636,1.06486,0.3798,-1.3386,-0.0339,1.70188
664,38.6386,873.083,0.0441893,0.375,0.125,0.151845,1.20888,0.291149,-0.0110588,1.68549,8.77915e-05,0.0126296,0.279206,16209,0.511346,0.24675,-0.2,0.05,582.005,8.15923e+06,0.32056,0.0293152,0.600687,0.0665262,-0.411612,0.873083,0.105892,nan,nan,nan,nan,-0.0295463,-0.102823,-0.0563309,nan,-0.30927,0,-0.174118,-0.710524,nan,-0.8485,1.35751,0.476,-1.71267,-0.0401667,2.49792
665,37.6596,879.833,0.0452653,0.625,0.125,0.152112,1.21916,0.326545,-0.010951,1.68338,8.77915e-05,0.0154979,0.279135,16178,0.464789,0.294763,-0.2,0.05,582.766,8.17152e+06,0.272074,0.0270415,0.607937,0.069178,-0.419039,0.879833,0.105622,nan,nan,nan,nan,-0.0290537,-0.1039,-0.0550097,nan,-0.310688,0,-0.180037,-0.718311,nan,-0.862333,1.36594,0.485111,-1.71578,-0.0397778,2.50417
666,31.9183,738.643,0.0466709,0.25,0.333333,0.159336,1.22592,0.343524,-0.0103294,1.68043,8.77915e-05,0.0110148,0.27909,13258.2,0.550189,0.376632,-0.2,0.05,583.695,8.18381e+06,0.287499,0.0260737,0.517395,0.0567601,-0.350522,0.738643,0.0849929,nan,nan,nan,nan,-0.02495,-0.0860937,-0.0488086,nan,-0.262936,-7.14286e-05,-0.148839,-0.602478,nan,-0.7455,1.14568,0.427429,-1.434,-0.0397143,2.05536
667,31.463,783.923,0.0425255,0.375,0.166667,0.157753,1.24121,0.26665,-0.0105767,1.67923,8.77915e-05,0.01449,0.279074,14173.8,0.541608,0.325345,-0.2,0.05,584.563,8.1961e+06,0.302988,0.0292846,0.541473,0.0596298,-0.373844,0.783923,0.0850231,nan,nan,nan,nan,-0.0250293,-0.0879282,-0.0474567,nan,-0.278172,0,-0.160655,-0.644644,nan,-0.770308,1.22625,0.400615,-1.50862,-0.0363077,2.07692
668,36.5382,866.154,0.0443619,0.416667,0.125,0.153523,1.20952,0.322774,-0.011206,1.67824,8.77915e-05,0.0144367,0.279044,14359.1,0.539836,0.315929,-0.2,0.05,585.421,8.20838e+06,0.335661,0.028309,0.612977,0.0665265,-0.408127,0.866154,0.0961538,nan,nan,nan,nan,-0.0275459,-0.0981502,-0.0537502,nan,-0.306775,0,-0.174989,-0.701847,nan,-0.835615,1.35951,0.442769,-1.66708,-0.0409231,2.33365
669,33.394,767.167,0.0434101,0.291667,0.208333,0.153764,1.21021,0.305327,-0.0112529,1.67572,8.77915e-05,0.0152489,0.278946,16695,0.49924,0.23679,-0.2,0.05,586.158,8.22067e+06,0.283405,0.0265669,0.523913,0.0581394,-0.364898,0.767167,0.0872417,nan,nan,nan,nan,-0.0257159,-0.0900782,-0.0494624,nan,-0.271608,0,-0.156292,-0.622778,nan,-0.7665,1.19268,0.431,-1.483,-0.0388333,2.16875
670,32.0732,751.895,0.0414813,0.458333,0.333333,0.156698,1.21041,0.315273,-0.0116296,1.67171,8.77915e-05,0.010072,0.278892,17645.4,0.464489,0.231897,-0.2,0.05,586.855,8.23296e+06,0.244774,0.0258623,0.519225,0.0577722,-0.353902,0.751895,0.0884158,nan,nan,nan,nan,-0.0254367,-0.086807,-0.0469393,nan,-0.265777,0,-0.153448,-0.610146,nan,-0.749526,1.1702,0.413895,-1.44695,-0.0353684,2.10592
671,36.1129,882.389,0.0443698,0.583333,0.166667,0.151893,1.22071,0.353324,-0.0112516,1.66997,8.77915e-05,0.0184159,0.278875,16864.6,0.482317,0.246311,-0.2,0.05,587.585,8.24525e+06,0.329237,0.0317837,0.617489,0.0650971,-0.415032,0.882389,0.105289,nan,nan,nan,nan,-0.0286282,-0.100939,-0.0549757,nan,-0.312757,-0.000166667,-0.17804,-0.708412,nan,-0.879667,1.37043,0.476444,-1.71667,-0.0438889,2.36667
672,30.4852,751.947,0.0414974,0.541667,0.25,0.152588,1.20551,0.343908,-0.0107094,1.6685,8.77915e-05,0.0164008,0.27882,15177.2,0.466302,0.343331,-0.2,0.05,588.396,8.25754e+06,0.334047,0.0288718,0.518225,0.0557234,-0.353914,0.751947,0.0811263,nan,nan,nan,nan,-0.023529,-0.0802538,-0.0443035,nan,-0.265691,0,-0.153765,-0.606242,nan,-0.735,1.16902,0.393474,-1.45768,-0.0351579,1.94737
673,38.5127,945.357,0.0438792,0.5,0.0833333,0.155555,1.20106,0.278003,-0.00918739,1.66551,8.77915e-05,0.01521,0.278765,13211.7,0.560285,0.369799,-0.2,0.05,589.328,8.26982e+06,0.325696,0.031334,0.65768,0.0675913,-0.445577,0.945357,0.10975,nan,nan,nan,nan,-0.0313351,-0.114721,-0.0601888,nan,-0.336052,0,-0.187767,-0.777409,nan,-0.941571,1.46156,0.518571,-1.84657,-0.0471429,2.59643
674,41.12,965.714,0.0436077,0.541667,0.0416667,0.157248,1.21391,0.283749,-0.0120061,1.66413,8.77915e-05,0.0147574,0.2788,14353.3,0.531876,0.324231,-0.2,0.05,590.186,8.28211e+06,0.351715,0.0321015,0.681147,0.0726532,-0.457858,0.965714,0.114343,nan,nan,nan,nan,-0.0321312,-0.113618,-0.0634827,nan,-0.343787,0,-0.194257,-0.787599,nan,-0.9645,1.49895,0.568286,-1.87057,-0.0484286,2.64732
675,32.7308,795.895,0.0420561,0.5,0.291667,0.159998,1.24406,0.298618,-0.0108726,1.66462,8.77915e-05,0.0140094,0.278748,14727.5,0.535648,0.298708,-0.2,0.05,591.021,8.2944e+06,0.250943,0.0251102,0.55809,0.0617477,-0.374459,0.795895,0.0919421,nan,nan,nan,nan,-0.0276923,-0.0997672,-0.0511413,nan,-0.282432,0,-0.160004,-0.644416,nan,-0.780947,1.24712,0.467368,-1.52632,-0.0414737,2.12697
676,34.7758,853.105,0.0406528,0.583333,0.208333,0.157089,1.22845,0.331135,-0.00950036,1.66001,8.77915e-05,0.0172876,0.278616,16311.9,0.50451,0.248806,-0.2,0.05,591.776,8.30669e+06,0.323207,0.0284261,0.596307,0.0650612,-0.405467,0.853105,0.0968211,nan,nan,nan,nan,-0.028063,-0.101766,-0.0531328,nan,-0.302399,0,-0.173062,-0.691711,nan,-0.852789,1.32746,0.467579,-1.66084,-0.0433684,2.29342
677,46.0274,939,0.04056,0.333333,0.0833333,0.153478,1.24494,0.336274,-0.00999083,1.65544,8.77915e-05,0.012911,0.278575,17160.9,0.459668,0.256377,-0.2,0.05,592.493,8.31898e+06,0.333493,0.030955,0.640307,0.0741831,-0.444459,0.939,0.12024,nan,nan,nan,nan,-0.0339164,-0.120198,-0.063,nan,-0.333483,0,-0.190261,-0.788285,nan,-0.93,1.46354,0.5388,-1.8296,-0.0472,2.94125
678,28.139,637.5,0.0447263,0.25,0.25,0.157024,1.22572,0.314529,-0.00984461,1.65374,8.77915e-05,0.0164413,0.278533,17230.4,0.471565,0.241592,-0.2,0.05,593.208,8.33126e+06,0.236498,0.0220786,0.434905,0.0503286,-0.302253,0.6375,0.0761667,nan,nan,nan,nan,-0.023107,-0.0833429,-0.0416617,nan,-0.226287,0,-0.130547,-0.528106,nan,-0.64675,0.9924,0.363667,-1.237,-0.0323333,1.84479
679,46.9902,944.667,0.0446626,0.25,0.125,0.153315,1.2431,0.284206,-0.0108259,1.65216,8.77915e-05,0.0131342,0.278517,17273.8,0.466258,0.245107,-0.2,0.05,593.92,8.34355e+06,0.347994,0.0373441,0.656083,0.0737733,-0.444132,0.944667,0.115056,nan,nan,nan,nan,-0.0331434,-0.118368,-0.0642898,nan,-0.335623,0,-0.189386,-0.760884,nan,-0.959667,1.47853,0.556889,-1.82356,-0.0484444,2.91667
680,35.855,949.231,0.0416735,0.458333,0.0833333,0.157404,1.23416,0.306849,-0.0097532,1.65093,8.77915e-05,0.0147195,0.278458,17316.6,0.465865,0.243741,-0.2,0.05,594.631,8.35584e+06,0.431547,0.0321658,0.669548,0.0672215,-0.448593,0.949231,0.103077,nan,nan,nan,nan,-0.0300072,-0.104808,-0.0575867,nan,-0.337143,0,-0.191438,-0.768986,nan,-0.930462,1.48044,0.484615,-1.83846,-0.0464615,2.32885
681,42.1875,912.533,0.0410827,0.5,0.125,0.158219,1.23246,0.314846,-0.00941804,1.64828,8.77915e-05,0.0118885,0.278429,17364.5,0.466978,0.240672,-0.2,0.05,595.34,8.36813e+06,0.356424,0.0290621,0.635574,0.0708836,-0.431229,0.912533,0.10618,nan,nan,nan,nan,-0.031038,-0.115068,-0.059687,nan,-0.321945,0,-0.188394,-0.737046,nan,-0.9198,1.42426,0.526667,-1.76107,-0.0436,2.65667
682,35.3736,837.5,0.0454522,0.416667,0.166667,0.153462,1.24002,0.346799,-0.0103498,1.64731,8.77915e-05,0.0119699,0.278395,17341.9,0.468996,0.239578,-0.2,0.05,596.05,8.38042e+06,0.312186,0.0267356,0.589082,0.062561,-0.398261,0.8375,0.103286,nan,nan,nan,nan,-0.0300974,-0.110697,-0.0561983,nan,-0.299318,0,-0.162574,-0.677677,nan,-0.840214,1.29205,0.494286,-1.62057,-0.04,2.28661
683,34.3804,910,0.0408118,0.583333,0.25,0.151915,1.24389,0.361706,-0.0109628,1.64536,8.77915e-05,0.0135076,0.278352,17320.6,0.466151,0.243292,-0.2,0.05,596.761,8.3927e+06,0.315283,0.0307099,0.632907,0.0659815,-0.433075,0.91,0.100755,nan,nan,nan,nan,-0.0285466,-0.101335,-0.0534085,nan,-0.322748,-0.0001,-0.187141,-0.736472,nan,-0.9102,1.41521,0.464,-1.757,-0.0408,2.355
684,37.8506,910.111,0.0423086,0.291667,0.0833333,0.152358,1.26167,0.300327,-0.0116715,1.64454,8.77915e-05,0.0162143,0.27836,16866,0.463628,0.264938,-0.2,0.05,597.491,8.40499e+06,0.374014,0.0310532,0.638547,0.0641024,-0.429642,0.910111,0.101056,nan,nan,nan,nan,-0.028285,-0.100452,-0.0564527,nan,-0.320242,0,-0.186519,-0.751893,nan,-0.89,1.41697,0.498667,-1.76667,-0.0437778,2.43194
685,40.3916,822.286,0.0435157,0.333333,0.25,0.15171,1.24479,0.300445,-0.0110675,1.64502,8.77915e-05,0.0147986,0.278375,16739.8,0.490548,0.243509,-0.2,0.05,598.226,8.41728e+06,0.319255,0.0250835,0.563995,0.0654017,-0.387385,0.822286,0.101543,nan,nan,nan,nan,-0.0288861,-0.103726,-0.0558617,nan,-0.290756,0,-0.167624,-0.666092,nan,-0.8145,1.26963,0.496286,-1.58829,-0.0461429,2.50536
686,41.6197,899.25,0.0422489,0.583333,0.0833333,0.154279,1.22943,0.358839,-0.00939869,1.64384,8.77915e-05,0.016128,0.278297,17281,0.471183,0.239886,-0.2,0.05,598.938,8.42957e+06,0.325631,0.0309412,0.618815,0.0681714,-0.425331,0.89925,0.104731,nan,nan,nan,nan,-0.0305412,-0.109115,-0.0592892,nan,-0.318531,0,-0.182904,-0.724661,nan,-0.9075,1.398,0.52475,-1.71875,-0.0455,2.63281
687,32.3714,723.105,0.0436407,0.375,0.416667,0.152809,1.22347,0.372812,-0.0100437,1.64012,8.77915e-05,0.0122736,0.278227,17049.6,0.472775,0.247946,-0.2,0.05,599.66,8.44186e+06,0.252535,0.0226716,0.491946,0.05553,-0.342911,0.723105,0.0870368,nan,nan,nan,nan,-0.0255408,-0.0901577,-0.0460704,nan,-0.254792,0,-0.15039,-0.58389,nan,-0.727737,1.12244,0.402737,-1.39621,-0.0388421,2.11711
688,30.7952,699.267,0.0427598,0.25,0.375,0.15482,1.25225,0.395731,-0.0107204,1.63735,8.77915e-05,0.0153897,0.278167,17221.1,0.470021,0.243524,-0.2,0.05,600.375,8.45414e+06,0.229652,0.0236039,0.471756,0.0552524,-0.331919,0.699267,0.08714,nan,nan,nan,nan,-0.0260148,-0.0910314,-0.0463593,nan,-0.248929,0,-0.142462,-0.579634,nan,-0.7248,1.07674,0.407467,-1.3544,-0.0364,2.07083
689,27.3219,695.444,0.0464374,0.416667,0.333333,0.151929,1.21757,0.344458,-0.0103701,1.6343,8.77915e-05,0.0128549,0.278114,17390.7,0.466079,0.240505,-0.2,0.05,601.083,8.46643e+06,0.279387,0.0246594,0.482128,0.0497105,-0.329085,0.695444,0.0793167,nan,nan,nan,nan,-0.0238556,-0.0842104,-0.0434498,nan,-0.248095,0,-0.13769,-0.561926,nan,-0.718667,1.07457,0.376,-1.334,-0.0356667,1.82153
690,37.8931,846.909,0.0429489,0.375,0.0833333,0.154143,1.2466,0.299124,-0.0114565,1.63294,8.77915e-05,0.0103437,0.278107,17382,0.468162,0.238777,-0.2,0.05,601.791,8.47872e+06,0.312872,0.0308304,0.593055,0.060923,-0.399762,0.846909,0.100427,nan,nan,nan,nan,-0.0294244,-0.11126,-0.0569395,nan,-0.300738,0,-0.169977,-0.687746,nan,-0.829364,1.31898,0.487273,-1.64145,-0.0447273,2.41477
691,36.044,786.412,0.0406187,0.458333,0.25,0.157033,1.22967,0.305256,-0.0104514,1.63324,8.77915e-05,0.00909432,0.278107,16805.3,0.479549,0.251649,-0.2,0.05,602.524,8.49101e+06,0.308707,0.0257422,0.550573,0.057929,-0.371962,0.786412,0.0918882,nan,nan,nan,nan,-0.0271034,-0.0972038,-0.0503165,nan,-0.280533,0,-0.154152,-0.641527,nan,-0.822529,1.22169,0.447529,-1.52188,-0.0387059,2.31765
692,40.9577,968.929,0.0470338,0.541667,0.0416667,0.154664,1.23813,0.316633,-0.00972416,1.63291,8.77915e-05,0.0115449,0.278092,17453.1,0.461982,0.242076,-0.2,0.05,603.229,8.5033e+06,0.402751,0.030669,0.674176,0.0736677,-0.458805,0.968929,0.110893,nan,nan,nan,nan,-0.0313435,-0.113559,-0.0611526,nan,-0.34113,0,-0.199924,-0.784353,nan,-0.985929,1.52464,0.548571,-1.88029,-0.0495714,2.61964
693,32.0768,767.059,0.046516,0.416667,0.291667,0.151209,1.2466,0.351543,-0.0100099,1.63159,8.77915e-05,0.0123961,0.278046,17344.5,0.467856,0.240609,-0.2,0.05,603.939,8.51558e+06,0.303896,0.0258011,0.53249,0.0527984,-0.360416,0.767059,0.0861471,nan,nan,nan,nan,-0.0246602,-0.086104,-0.046939,nan,-0.270734,-0.000117647,-0.15352,-0.62413,nan,-0.768529,1.20038,0.410824,-1.46282,-0.0349412,2.05735
694,36.721,789.647,0.0455932,0.458333,0.25,0.155067,1.27206,0.34131,-0.0108882,1.629,8.77915e-05,0.010666,0.278009,17574.6,0.465187,0.234004,-0.2,0.05,604.639,8.52787e+06,0.325823,0.027902,0.553648,0.0568886,-0.373575,0.789647,0.0887059,nan,nan,nan,nan,-0.0262753,-0.0911356,-0.0498406,nan,-0.279495,0,-0.159325,-0.649877,nan,-0.819,1.24013,0.438118,-1.51529,-0.0371765,2.31618
695,34.5753,812.417,0.0424502,0.333333,0.166667,0.156014,1.2785,0.330691,-0.00996732,1.62649,8.77915e-05,0.0159542,0.277917,17748.8,0.455963,0.236365,-0.2,0.05,605.333,8.54016e+06,0.294194,0.0260497,0.55414,0.0580588,-0.382201,0.812417,0.089875,nan,nan,nan,nan,-0.0279622,-0.10121,-0.0504119,nan,-0.285687,0,-0.16609,-0.683636,nan,-0.84575,1.27189,0.449667,-1.55833,-0.0408333,2.31458
696,39.8971,945.944,0.0427203,0.583333,0.166667,0.151423,1.23021,0.297357,-0.0115561,1.62186,8.77915e-05,0.0138423,0.277831,17667.6,0.456742,0.238767,-0.2,0.05,606.03,8.55245e+06,0.369228,0.0323434,0.655536,0.0717459,-0.44888,0.945944,0.109478,nan,nan,nan,nan,-0.0317649,-0.117662,-0.0601111,nan,-0.335641,0,-0.194208,-0.774889,nan,-0.970833,1.47293,0.524222,-1.84022,-0.0477778,2.63542
697,35.8778,883.545,0.0445901,0.375,0.0833333,0.151225,1.23514,0.30833,-0.0110768,1.61834,8.77915e-05,0.0130363,0.277745,17664.6,0.461214,0.234416,-0.2,0.05,606.727,8.56474e+06,0.320881,0.0307399,0.609903,0.0605714,-0.421718,0.883545,0.0957636,nan,nan,nan,nan,-0.0272412,-0.10322,-0.0508861,nan,-0.313364,0,-0.181579,-0.721929,nan,-0.892091,1.36297,0.448,-1.70764,-0.0329091,2.43409
698,37.3599,841.429,0.0476111,0.458333,0.125,0.153321,1.23144,0.301177,-0.0108234,1.61462,8.77915e-05,0.0148731,0.277673,14085.3,0.513932,0.358468,-0.2,0.05,607.6,8.57702e+06,0.32979,0.0285917,0.595905,0.0581031,-0.395933,0.841429,0.0953857,nan,nan,nan,nan,-0.0277103,-0.0987471,-0.0531139,nan,-0.297589,-7.14286e-05,-0.169282,-0.680561,nan,-0.839571,1.31566,0.481429,-1.60914,-0.0422857,2.33571
699,44.6059,943.611,0.0491419,0.666667,0.0833333,0.154034,1.24536,0.323182,-0.0111029,1.61269,8.77915e-05,0.0135969,0.277668,13130.2,0.559463,0.376397,-0.2,0.05,608.538,8.58931e+06,0.346196,0.0299728,0.667163,0.0694229,-0.447668,0.943611,0.112206,nan,nan,nan,nan,-0.0324592,-0.118409,-0.0634065,nan,-0.3351,-5.55556e-05,-0.187407,-0.768948,nan,-0.963333,1.47032,0.548889,-1.80556,-0.0483333,2.81319
700,32.9744,733.632,0.0425051,0.416667,0.375,0.157955,1.24024,0.338182,-0.0114967,1.61205,8.77915e-05,0.0180764,0.277622,13968.4,0.546435,0.333266,-0.2,0.05,609.419,8.6016e+06,0.246117,0.0251318,0.502952,0.0549015,-0.349054,0.733632,0.0880053,nan,nan,nan,nan,-0.025668,-0.0911584,-0.0480608,nan,-0.25935,-0.000210526,-0.149377,-0.605627,nan,-0.764526,1.13536,0.434947,-1.41895,-0.036,2.17566
701,22.1668,559.125,0.0466586,0.0833333,0.25,0.160329,1.25383,0.291388,-0.0104697,1.60871,8.77915e-05,0.014247,0.277535,13873.8,0.551915,0.333782,-0.2,0.05,612.116,8.61389e+06,0.230049,0.0179064,0.377521,0.0448689,-0.262393,0.559125,0.0676,nan,nan,nan,nan,-0.0205092,-0.0724965,-0.0344295,nan,-0.196618,0,-0.119406,-0.465989,nan,-0.580125,0.880237,0.295,-1.0925,-0.02575,1.50625
702,31.6918,804,0.0463819,0.416667,0.125,0.158486,1.24289,0.313042,-0.0114698,1.60483,8.77915e-05,0.0164742,0.277443,13691.3,0.530685,0.366822,-0.2,0.05,613.015,8.62618e+06,0.262134,0.0262493,0.555106,0.0572904,-0.38,0.804,0.0926231,nan,nan,nan,nan,-0.0273321,-0.101411,-0.0498984,nan,-0.285266,0,-0.159295,-0.655401,nan,-0.798692,1.24472,0.447077,-1.568,-0.0389231,2.15962
703,34.3567,760.8,0.0434228,0.291667,0.333333,0.158036,1.21487,0.337368,-0.0110068,1.60279,8.77915e-05,0.0160634,0.277457,14744.1,0.552427,0.280989,-0.2,0.05,613.85,8.63846e+06,0.338415,0.0238976,0.53779,0.0542956,-0.360516,0.7608,0.0868333,nan,nan,nan,nan,-0.0261807,-0.0917964,-0.0490018,nan,-0.269339,0,-0.154162,-0.6266,nan,-0.7796,1.18283,0.436,-1.47547,-0.0378667,2.1675
704,35.2143,727.045,0.0436756,0.541667,0.375,0.156762,1.22878,0.385441,-0.0103464,1.6039,8.77915e-05,0.0148185,0.277475,16561.3,0.495661,0.24631,-0.2,0.05,614.593,8.65075e+06,0.270352,0.0212074,0.502658,0.0558321,-0.344725,0.727045,0.0898,nan,nan,nan,nan,-0.0271781,-0.0978324,-0.0486317,nan,-0.256947,-9.09091e-05,-0.14991,-0.603225,nan,-0.753682,1.13443,0.430909,-1.40291,-0.0380909,2.2517
705,39.7401,864.824,0.0464738,0.458333,0.25,0.155483,1.23832,0.427545,-0.0104049,1.60379,8.77915e-05,0.0124236,0.277457,14340.3,0.510643,0.346242,-0.2,0.05,615.451,8.66304e+06,0.368161,0.0281489,0.593722,0.0647403,-0.407897,0.864824,0.0979176,nan,nan,nan,nan,-0.030008,-0.109013,-0.0572162,nan,-0.303937,0,-0.179974,-0.706304,nan,-0.892235,1.35049,0.487529,-1.65341,-0.0417647,2.51324
706,28.1733,679.947,0.0458215,0.333333,0.458333,0.159866,1.24134,0.465023,-0.0111094,1.60269,8.77915e-05,0.0114265,0.27745,13636.6,0.566109,0.334996,-0.2,0.05,616.354,8.67533e+06,0.262056,0.0229764,0.470084,0.0486814,-0.321305,0.679947,0.0782368,nan,nan,nan,nan,-0.0231526,-0.0841868,-0.0425207,nan,-0.24031,-5.26316e-05,-0.138998,-0.562277,nan,-0.713526,1.05762,0.368,-1.30821,-0.0318947,1.8875
707,35.8522,801.105,0.0435943,0.5,0.291667,0.16148,1.23355,0.342859,-0.0111231,1.602,8.77915e-05,0.01763,0.27744,13212.5,0.571863,0.358166,-0.2,0.05,617.286,8.68762e+06,0.295736,0.0263009,0.558153,0.0586828,-0.377712,0.801105,0.0957263,nan,nan,nan,nan,-0.0277319,-0.0993753,-0.0509632,nan,-0.283236,0,-0.162455,-0.649303,nan,-0.829895,1.24218,0.475579,-1.53663,-0.0415789,2.29803
708,28.0748,713.417,0.0450726,0.291667,0.208333,0.159278,1.24949,0.331102,-0.0112951,1.60053,8.77915e-05,0.0172765,0.27739,14621,0.557858,0.282578,-0.2,0.05,618.128,8.6999e+06,0.289073,0.0229767,0.502821,0.0459661,-0.340281,0.713417,0.077475,nan,nan,nan,nan,-0.0240635,-0.08563,-0.0442682,nan,-0.25482,0,-0.139705,-0.579892,nan,-0.7315,1.10521,0.382333,-1.38167,-0.0318333,1.87813
709,40.5571,876.133,0.046214,0.416667,0.208333,0.154625,1.22453,0.376709,-0.0111561,1.59831,8.77915e-05,0.010631,0.277365,13074.7,0.528674,0.411157,-0.2,0.05,619.069,8.71219e+06,0.325781,0.0279792,0.613835,0.0628136,-0.416112,0.876133,0.10058,nan,nan,nan,nan,-0.029296,-0.109426,-0.0551452,nan,-0.309771,0,-0.181087,-0.718568,nan,-0.901,1.36824,0.4736,-1.7032,-0.0433333,2.64583
710,34.6294,848.4,0.0456346,0.458333,0.166667,0.156139,1.23451,0.307959,-0.0104216,1.59741,8.77915e-05,0.0140594,0.277324,13893.7,0.560571,0.323858,-0.2,0.05,619.954,8.72448e+06,0.289615,0.024574,0.592324,0.0558336,-0.402289,0.8484,0.0965333,nan,nan,nan,nan,-0.0281046,-0.10288,-0.0511787,nan,-0.300998,0,-0.171655,-0.708149,nan,-0.9064,1.32177,0.4392,-1.6352,-0.0382667,2.40833
711,39.2236,922,0.049287,0.333333,0.0833333,0.16175,1.23428,0.297114,-0.00913111,1.59463,8.77915e-05,0.0165049,0.277253,14294.6,0.536987,0.322637,-0.2,0.05,620.815,8.73677e+06,0.331646,0.0288056,0.644224,0.0645636,-0.438922,0.922,0.10611,nan,nan,nan,nan,-0.0328304,-0.126323,-0.0611834,nan,-0.328833,-0.0001,-0.183031,-0.768293,nan,-0.9681,1.43125,0.5284,-1.792,-0.0412,2.645
712,38.458,855.588,0.0459688,0.5,0.208333,0.160798,1.23626,0.318731,-0.0108812,1.59099,8.77915e-05,0.0103914,0.277175,15253.7,0.536535,0.26904,-0.2,0.05,621.622,8.74906e+06,0.329989,0.0261773,0.599143,0.0585943,-0.405816,0.855588,0.102741,nan,nan,nan,nan,-0.0299197,-0.112123,-0.0553531,nan,-0.305007,0,-0.172333,-0.704425,nan,-0.893824,1.32182,0.468,-1.67059,-0.0397647,2.55
713,40.2834,855.765,0.0468983,0.458333,0.25,0.155111,1.23273,0.344649,-0.0107718,1.58851,8.77915e-05,0.00767728,0.27716,14260.1,0.534363,0.327339,-0.2,0.05,622.485,8.76134e+06,0.28884,0.0290556,0.583912,0.0616885,-0.407049,0.855765,0.1042,nan,nan,nan,nan,-0.0299801,-0.114012,-0.0538288,nan,-0.30203,0,-0.176001,-0.709121,nan,-0.890294,1.33462,0.479059,-1.66259,-0.0383529,2.66029
714,38.96,896.455,0.0437327,0.75,0.166667,0.157216,1.23448,0.328122,-0.011088,1.58817,8.77915e-05,0.00951549,0.277139,13466,0.562728,0.349794,-0.2,0.05,623.4,8.77363e+06,0.303095,0.0311831,0.624225,0.0637323,-0.424669,0.896455,0.105586,nan,nan,nan,nan,-0.0304396,-0.114592,-0.0577762,nan,-0.316503,0,-0.18522,-0.736247,nan,-0.947591,1.39853,0.512182,-1.72091,-0.0428182,2.58977
715,29.9303,674.545,0.0444614,0.208333,0.25,0.154226,1.2389,0.347655,-0.0116116,1.587,8.77915e-05,0.0125961,0.277108,13242.1,0.540539,0.387411,-0.2,0.05,624.329,8.78592e+06,0.274951,0.0222554,0.478736,0.0461191,-0.318188,0.674545,0.0852182,nan,nan,nan,nan,-0.0254607,-0.0882225,-0.0449882,nan,-0.24069,0,-0.132342,-0.562051,nan,-0.693,1.0435,0.391273,-1.30582,-0.0354545,1.92614
716,37.8262,799.952,0.0468093,0.583333,0.291667,0.150054,1.22981,0.415402,-0.0114082,1.5851,8.77915e-05,0.014295,0.277079,15312.2,0.533661,0.268834,-0.2,0.05,625.133,8.79821e+06,0.283893,0.0279128,0.555732,0.0605054,-0.378374,0.799952,0.0993048,nan,nan,nan,nan,-0.0283083,-0.10778,-0.0526196,nan,-0.282365,0,-0.164846,-0.65558,nan,-0.839714,1.25612,0.472381,-1.55276,-0.0390476,2.4369
717,35.3009,844.312,0.0462328,0.5,0.166667,0.152229,1.24211,0.358648,-0.00998994,1.58303,8.77915e-05,0.0124581,0.277018,14243.8,0.540495,0.322198,-0.2,0.05,625.997,8.8105e+06,0.292503,0.0272616,0.584183,0.0604034,-0.397733,0.844312,0.102156,nan,nan,nan,nan,-0.0287494,-0.109483,-0.052791,nan,-0.297163,0,-0.175231,-0.693828,nan,-0.887437,1.31464,0.442,-1.64075,-0.04425,2.425
718,37.5804,823.474,0.0441008,0.541667,0.25,0.152938,1.25312,0.377325,-0.0109795,1.58021,8.77915e-05,0.0140874,0.276974,14369.2,0.535178,0.319986,-0.2,0.05,626.854,8.82278e+06,0.301804,0.0279472,0.572123,0.0593896,-0.39144,0.823474,0.0982158,nan,nan,nan,nan,-0.0280549,-0.107717,-0.0510216,nan,-0.291681,0,-0.169449,-0.675825,nan,-0.857684,1.28186,0.442526,-1.60716,-0.0410526,2.49276
719,25.6,620.25,0.0438218,0.125,0.541667,0.156532,1.23474,0.374027,-0.0107416,1.57957,8.77915e-05,0.0118533,0.277008,14368,0.53372,0.321511,-0.2,0.05,627.711,8.83507e+06,0.231183,0.0199465,0.418466,0.0433468,-0.294387,0.62025,0.0723625,nan,nan,nan,nan,-0.0241823,-0.0852568,-0.0400995,nan,-0.220164,0,-0.125486,-0.525397,nan,-0.649312,0.958666,0.3395,-1.2085,-0.0275,1.77656
720,40.0347,872.636,0.0493535,0.25,0.208333,0.151608,1.24279,0.354421,-0.0110539,1.58156,8.77915e-05,0.0151483,0.277061,14786.4,0.527098,0.303938,-0.2,0.05,628.543,8.84736e+06,0.315617,0.0261181,0.599507,0.0646605,-0.416366,0.872636,0.106627,nan,nan,nan,nan,-0.0301965,-0.109603,-0.05312,nan,-0.307332,0,-0.184821,-0.719024,nan,-0.933273,1.35921,0.467636,-1.68291,-0.0418182,2.66818
721,32.1172,679.5,0.047805,0.291667,0.291667,0.154267,1.247,0.359813,-0.00990145,1.58052,8.77915e-05,0.00842063,0.276929,13921.9,0.553034,0.329607,-0.2,0.05,629.427,8.85965e+06,0.221896,0.0204243,0.471751,0.0507047,-0.322498,0.6795,0.0864786,nan,nan,nan,nan,-0.0244363,-0.0911393,-0.0434799,nan,-0.240385,0,-0.13943,-0.568982,nan,-0.736286,1.04271,0.385143,-1.32257,-0.0322857,2.16875
722,35.2114,752.308,0.0447142,0.291667,0.25,0.152873,1.25321,0.346544,-0.0106959,1.57415,8.77915e-05,0.0106035,0.276848,13702.5,0.574875,0.321895,-0.2,0.05,630.325,8.87194e+06,0.227487,0.0247106,0.524355,0.0545161,-0.354423,0.752308,0.0934,nan,nan,nan,nan,-0.0279855,-0.105148,-0.0493227,nan,-0.266332,0,-0.155906,-0.632004,nan,-0.792231,1.15895,0.445231,-1.45077,-0.0333846,2.34712
723,41.4026,907,0.0459304,0.625,0.125,0.153475,1.24755,0.34208,-0.0111379,1.57189,8.77915e-05,0.0149406,0.276803,13972.1,0.561559,0.317905,-0.2,0.05,631.206,8.88422e+06,0.260668,0.0311351,0.626402,0.0673066,-0.428593,0.907,0.119422,nan,nan,nan,nan,-0.0329554,-0.126372,-0.0594941,nan,-0.320818,-5.55556e-05,-0.187668,-0.750959,nan,-0.953167,1.40611,0.521778,-1.73889,-0.0415556,2.77083
724,27.6941,648,0.0475601,0.25,0.291667,0.153572,1.24658,0.357845,-0.0114756,1.56936,8.77915e-05,0.00935964,0.276753,15637.7,0.530818,0.254974,-0.2,0.05,631.993,8.89651e+06,0.259656,0.0179392,0.449925,0.0458661,-0.304799,0.648,0.0787308,nan,nan,nan,nan,-0.0246389,-0.0874965,-0.0424704,nan,-0.230769,-0.000461538,-0.129312,-0.553922,nan,-0.693231,0.999419,0.36,-1.24862,-0.0273846,1.86827
725,34.5472,728.286,0.0479974,0.333333,0.25,0.152277,1.25022,0.367284,-0.0113633,1.56933,8.77915e-05,0.017296,0.276839,16944.8,0.459779,0.265401,-0.2,0.05,632.72,8.9088e+06,0.271833,0.0250147,0.504634,0.0531178,-0.341782,0.728286,0.0872357,nan,nan,nan,nan,-0.026246,-0.095375,-0.046363,nan,-0.257385,-7.14286e-05,-0.14903,-0.600965,nan,-0.766929,1.13781,0.402857,-1.41486,-0.0344286,2.25
726,33.7664,758.684,0.0488085,0.458333,0.333333,0.149088,1.24863,0.383664,-0.0115662,1.5728,8.77915e-05,0.0189556,0.276853,13417.9,0.562504,0.35329,-0.2,0.05,633.637,8.92109e+06,0.304008,0.0259536,0.527303,0.0532407,-0.356839,0.758684,0.0901737,nan,nan,nan,nan,-0.027611,-0.100805,-0.0502005,nan,-0.269887,0,-0.1521,-0.633747,nan,-0.791842,1.17475,0.429474,-1.46842,-0.0363158,2.2125
727,37.898,816,0.0471549,0.25,0.208333,0.149416,1.26423,0.374246,-0.0106199,1.57093,8.77915e-05,0.0143028,0.276775,14046.1,0.545905,0.328928,-0.2,0.05,634.513,8.93338e+06,0.287121,0.025605,0.568886,0.0538794,-0.384137,0.816,0.0916909,nan,nan,nan,nan,-0.0276523,-0.100344,-0.05115,nan,-0.288338,0,-0.165958,-0.669204,nan,-0.869182,1.26614,0.467273,-1.56327,-0.0374545,2.475
728,38.6145,829.824,0.050035,0.416667,0.291667,0.153114,1.24952,0.377703,-0.0109049,1.56758,8.77915e-05,0.00684462,0.276741,14007,0.543092,0.334181,-0.2,0.05,635.392,8.94566e+06,0.303919,0.0252229,0.587655,0.0557901,-0.392824,0.829824,0.0973588,nan,nan,nan,nan,-0.028589,-0.106512,-0.0527107,nan,-0.293477,0,-0.168471,-0.683694,nan,-0.882353,1.29041,0.452471,-1.60094,-0.0376471,2.53529
729,37.4927,897.111,0.047585,0.333333,0.0416667,0.151284,1.23609,0.331366,-0.0100991,1.5671,8.77915e-05,0.00518973,0.276743,15959.1,0.501889,0.268079,-0.2,0.05,636.164,8.95795e+06,0.352913,0.0304658,0.640039,0.0550157,-0.420937,0.897111,0.0959444,nan,nan,nan,nan,-0.0304666,-0.114995,-0.0559402,nan,-0.318745,-0.00122222,-0.180074,-0.747237,nan,-0.950333,1.38626,0.487111,-1.73156,-0.0451111,2.52639
730,32.5342,761.5,0.0481251,0.375,0.208333,0.155083,1.24238,0.366012,-0.0104674,1.56653,8.77915e-05,0.0146054,0.276719,17299.4,0.474145,0.236169,-0.2,0.05,636.875,8.97024e+06,0.307345,0.0236453,0.529901,0.0521633,-0.363205,0.7615,0.0900643,nan,nan,nan,nan,-0.0266196,-0.0995151,-0.0482648,nan,-0.269551,0,-0.1539,-0.631471,nan,-0.791571,1.19062,0.421429,-1.47771,-0.0345714,2.14643
731,38.9705,859.733,0.0476949,0.416667,0.208333,0.158279,1.23286,0.32148,-0.0106294,1.56529,8.77915e-05,0.0138155,0.2767,17109.2,0.478512,0.239697,-0.2,0.05,637.594,8.98253e+06,0.366475,0.0238363,0.600555,0.0578747,-0.40271,0.859733,0.102733,nan,nan,nan,nan,-0.0300759,-0.114021,-0.0552586,nan,-0.303617,0,-0.174589,-0.711271,nan,-0.9028,1.3377,0.494667,-1.64693,-0.0396,2.48583
732,38.4583,893.5,0.050782,0.375,0.125,0.153115,1.2311,0.389799,-0.0106743,1.56388,8.77915e-05,0.010425,0.276664,14901.3,0.483639,0.340986,-0.2,0.05,638.42,8.99482e+06,0.423511,0.0314512,0.630686,0.0584692,-0.417033,0.8935,0.0993667,nan,nan,nan,nan,-0.0288479,-0.108001,-0.057013,nan,-0.315185,0,-0.181707,-0.72016,nan,-0.944,1.40275,0.494667,-1.72033,-0.0431667,2.42396
733,43.2703,850.087,0.0449535,0.625,0.333333,0.157148,1.22391,0.392373,-0.0106889,1.56225,8.77915e-05,0.0121754,0.276636,13375.3,0.561958,0.356748,-0.2,0.05,639.34,9.0071e+06,0.335901,0.0267452,0.600534,0.0576482,-0.399788,0.850087,0.102987,nan,nan,nan,nan,-0.0308815,-0.118065,-0.057151,nan,-0.303025,0,-0.166079,-0.710233,nan,-0.891652,1.32175,0.488174,-1.63617,-0.0409565,2.7337
734,28.7388,603.556,0.0490079,0.291667,0.458333,0.152839,1.24824,0.423464,-0.0116295,1.56132,8.77915e-05,0.01358,0.27665,14040.1,0.550777,0.324433,-0.2,0.05,640.217,9.01939e+06,0.222156,0.018355,0.422602,0.0386466,-0.283476,0.603556,0.0735833,nan,nan,nan,nan,-0.0230914,-0.0827873,-0.0413912,nan,-0.215135,-5.55556e-05,-0.117213,-0.523113,nan,-0.6255,0.935721,0.343333,-1.16156,-0.0275556,1.87986
735,34.3496,806.8,0.0447702,0.416667,0.208333,0.156206,1.23146,0.376734,-0.010969,1.56163,8.77915e-05,0.0126889,0.276655,14732.8,0.54557,0.288487,-0.2,0.05,641.053,9.03168e+06,0.34736,0.0278357,0.566113,0.0528882,-0.380186,0.8068,0.0942733,nan,nan,nan,nan,-0.0280127,-0.104987,-0.0498269,nan,-0.284881,-0.000533333,-0.165595,-0.661824,nan,-0.848,1.24769,0.4344,-1.55253,-0.036,2.2525
736,35.4642,742.727,0.0454273,0.25,0.208333,0.155529,1.22979,0.467824,-0.0109279,1.56109,8.77915e-05,0.019029,0.276643,16547.7,0.502203,0.240378,-0.2,0.05,641.797,9.04397e+06,0.252879,0.024711,0.512323,0.0522188,-0.348218,0.742727,0.0888364,nan,nan,nan,nan,-0.0263482,-0.0948826,-0.0477805,nan,-0.261217,0,-0.154938,-0.615004,nan,-0.807818,1.15917,0.413455,-1.42836,-0.034,2.34545
737,38.2264,805.294,0.0472311,0.416667,0.291667,0.15481,1.20685,0.34174,-0.0101455,1.55978,8.77915e-05,0.0144106,0.276592,15092.5,0.482268,0.33191,-0.2,0.05,642.612,9.05626e+06,0.279979,0.0267881,0.551112,0.0579858,-0.382216,0.805294,0.100371,nan,nan,nan,nan,-0.0291652,-0.113127,-0.0523494,nan,-0.282975,0,-0.171285,-0.671833,nan,-0.861,1.25507,0.439529,-1.56118,-0.0377647,2.55809
738,44.8066,836.526,0.0458096,0.583333,0.208333,0.156571,1.22039,0.372627,-0.0101523,1.5567,8.77915e-05,0.0142478,0.276511,12352.4,0.60548,0.389308,-0.2,0.05,643.608,9.06854e+06,0.323758,0.0266323,0.586209,0.0584278,-0.391424,0.836526,0.105379,nan,nan,nan,nan,-0.0311165,-0.118867,-0.057621,nan,-0.2968,0,-0.168364,-0.704554,nan,-0.863684,1.30356,0.500211,-1.60379,-0.0391579,2.775
739,23.4665,567.357,0.0473244,0.25,0.333333,0.160411,1.21323,0.407429,-0.0111223,1.55245,8.77915e-05,0.0136583,0.27638,14098.6,0.546358,0.325217,-0.2,0.05,644.482,9.08083e+06,0.258249,0.0175868,0.395862,0.0367146,-0.266827,0.567357,0.0667571,nan,nan,nan,nan,-0.0204523,-0.0729747,-0.0350964,nan,-0.201851,0,-0.11064,-0.483767,nan,-0.606214,0.873015,0.296,-1.09686,-0.0265714,1.58304
740,40.4771,840.778,0.0461628,0.5,0.25,0.160641,1.1962,0.301449,-0.0112981,1.5473,8.77915e-05,0.0124291,0.276304,14675.7,0.539739,0.297566,-0.2,0.05,645.32,9.09312e+06,0.338741,0.0238302,0.604369,0.054908,-0.394073,0.840778,0.102117,nan,nan,nan,nan,-0.0298804,-0.109471,-0.0563886,nan,-0.299566,0,-0.163154,-0.696967,nan,-0.888667,1.30645,0.498889,-1.61689,-0.0397778,2.54861
741,42.4689,931.571,0.0490204,0.458333,0.125,0.153862,1.1902,0.342644,-0.00918356,1.54463,8.77915e-05,0.0134071,0.27626,15410.5,0.54202,0.255358,-0.2,0.05,646.119,9.10541e+06,0.42033,0.0322248,0.664365,0.0589112,-0.430283,0.931571,0.109686,nan,nan,nan,nan,-0.0321486,-0.128129,-0.0602125,nan,-0.330512,0,-0.182377,-0.785294,nan,-0.970071,1.44353,0.502571,-1.792,-0.0465714,2.71786
742,37.0705,810.933,0.0457424,0.416667,0.208333,0.155125,1.23314,0.342268,-0.0103323,1.54262,8.77915e-05,0.0101873,0.276224,17063.8,0.470657,0.249465,-0.2,0.05,646.84,9.1177e+06,0.367089,0.0278606,0.559393,0.0533074,-0.380923,0.810933,0.0937067,nan,nan,nan,nan,-0.0278809,-0.104662,-0.0502256,nan,-0.286911,0,-0.165739,-0.669456,nan,-0.8708,1.2668,0.4456,-1.55067,-0.0364,2.3725
743,38.4803,796.333,0.0532993,0.291667,0.208333,0.152488,1.20238,0.365259,-0.00983545,1.54067,8.77915e-05,0.0115009,0.276189,16569.6,0.505854,0.235747,-0.2,0.05,647.583,9.12998e+06,0.265584,0.024851,0.528876,0.0577862,-0.374177,0.796333,0.101358,nan,nan,nan,nan,-0.0289743,-0.115727,-0.0499197,nan,-0.279291,-8.33333e-05,-0.168744,-0.676867,nan,-0.869,1.2323,0.438333,-1.531,-0.0411667,2.61354
744,40.7888,873.778,0.0460823,0.291667,0.0833333,0.156617,1.19376,0.344414,-0.0108207,1.53918,8.77915e-05,0.0174425,0.276169,14003.4,0.532526,0.344975,-0.2,0.05,648.462,9.14227e+06,0.336909,0.0240227,0.610687,0.0593529,-0.411918,0.873778,0.100833,nan,nan,nan,nan,-0.0311954,-0.120738,-0.0577549,nan,-0.310544,0,-0.174702,-0.726218,nan,-0.928333,1.36459,0.493778,-1.656,-0.0404444,2.63333
745,36.0295,738.5,0.0462118,0.416667,0.25,0.157242,1.23967,0.349616,-0.0100316,1.53782,8.77915e-05,0.0154885,0.276138,14061.4,0.548572,0.32531,-0.2,0.05,649.338,9.15456e+06,0.246689,0.0236747,0.510835,0.051236,-0.345318,0.7385,0.0886625,nan,nan,nan,nan,-0.0265597,-0.100646,-0.0480381,nan,-0.260985,-0.000125,-0.149303,-0.617669,nan,-0.774937,1.14696,0.41975,-1.41425,-0.03075,2.34375
746,45.7366,930.643,0.0476707,0.5,0.0833333,0.153616,1.22425,0.342896,-0.0102239,1.53686,8.77915e-05,0.00924792,0.276121,13954.1,0.536731,0.343869,-0.2,0.05,650.22,9.16685e+06,0.347548,0.0272802,0.654709,0.0613178,-0.437226,0.930643,0.116107,nan,nan,nan,nan,-0.0341936,-0.133647,-0.0615695,nan,-0.330664,-7.14286e-05,-0.183629,-0.78601,nan,-0.987,1.43199,0.520857,-1.80086,-0.0442857,2.99554
747,43.6977,897,0.0495988,0.375,0.125,0.157591,1.21506,0.389471,-0.0102895,1.53472,0.000131687,0.00454758,0.276035,14366.8,0.547497,0.307808,-0.2,0.05,651.077,9.17914e+06,0.312185,0.0316647,0.632402,0.0573894,-0.419273,0.897,0.108317,nan,nan,nan,nan,-0.0327762,-0.125453,-0.059762,nan,-0.317255,0,-0.18069,-0.736932,nan,-0.95425,1.38749,0.52,-1.72767,-0.045,2.8375
748,39.309,907.227,0.0459538,0.708333,0.208333,0.156161,1.22013,0.370484,-0.00930296,1.53008,0.000131687,0.013247,0.275957,16909.4,0.485146,0.241552,-0.2,0.05,651.805,9.19142e+06,0.35459,0.0295473,0.623872,0.059762,-0.425306,0.907227,0.10885,nan,nan,nan,nan,-0.0313151,-0.123158,-0.0574437,nan,-0.320698,0,-0.18483,-0.760264,nan,-0.968182,1.40664,0.483091,-1.76764,-0.0437273,2.67443
749,45.1858,909.182,0.051865,0.375,0.0833333,0.157664,1.23873,0.411535,-0.0120612,1.52729,0.000131687,0.0185618,0.275881,17520,0.464721,0.236651,-0.2,0.05,652.507,9.20371e+06,0.336645,0.0302153,0.635304,0.0579832,-0.423346,0.909182,0.110073,nan,nan,nan,nan,-0.0316469,-0.123024,-0.0591895,nan,-0.322874,0,-0.180895,-0.773477,nan,-0.992455,1.40093,0.524,-1.73491,-0.0452727,2.94205
750,36.3084,759.273,0.0468281,0.25,0.208333,0.16366,1.24623,0.400067,-0.0107797,1.52338,0.000131687,0.0119921,0.275823,15633.7,0.467765,0.318228,-0.2,0.05,653.294,9.216e+06,0.282161,0.026522,0.535759,0.0477261,-0.35308,0.759273,0.0851364,nan,nan,nan,nan,-0.0249177,-0.0954654,-0.0453609,nan,-0.268496,0,-0.154155,-0.640604,nan,-0.799364,1.18488,0.397455,-1.452,-0.028,2.35795
751,31.3116,695,0.039222,0.333333,0.458333,0.157707,1.23784,0.38548,-0.0104827,1.52122,0.000131687,0.0133765,0.275774,13542,0.567664,0.339737,-0.4,0.1,654.204,9.22829e+06,0.218421,0.0253685,0.47797,0.0473182,-0.333791,0.695,0.0822895,nan,nan,nan,nan,-0.0245493,-0.0935131,-0.0443783,nan,-0.245871,0,-0.141648,-0.588581,nan,-0.759789,1.07368,0.377474,-1.35768,-0.0309474,2.18882
752,37.4894,778.8,0.0378237,0.5,0.333333,0.156202,1.22573,0.393878,-0.0108124,1.51765,0.000131687,0.0138131,0.275654,14182.3,0.534432,0.332,-0.4,0.1,655.072,9.24058e+06,0.29392,0.023516,0.538379,0.0538196,-0.383134,0.7788,0.097455,nan,nan,nan,nan,-0.0282371,-0.109237,-0.0492281,nan,-0.275616,0,-0.158237,-0.658876,nan,-0.8322,1.2014,0.4346,-1.5056,-0.0358,2.48875
753,35.2876,794.286,0.03636,0.375,0.208333,0.159046,1.20922,0.368405,-0.0108937,1.51233,0.000131687,0.0156407,0.275555,14675,0.545481,0.291861,-0.4,0.1,655.91,9.25286e+06,0.294302,0.02358,0.546573,0.0510317,-0.401709,0.794286,0.0943214,nan,nan,nan,nan,-0.0290254,-0.109382,-0.0513017,nan,-0.282543,0,-0.158647,-0.666255,nan,-0.867,1.2314,0.432571,-1.52886,-0.0348571,2.42589
754,30.556,792.385,0.0387107,0.375,0.166667,0.158527,1.21278,0.408906,-0.0104231,1.50835,0.000131687,0.0110047,0.275471,15941.2,0.519659,0.251173,-0.4,0.1,656.682,9.26515e+06,0.249534,0.0294395,0.548054,0.0498626,-0.407288,0.792385,0.0941846,nan,nan,nan,nan,-0.026801,-0.104687,-0.0476319,nan,-0.279116,0,-0.163591,-0.660643,nan,-0.852231,1.22487,0.408615,-1.54246,-0.0366154,2.25192
755,37.3705,804.238,0.0409645,0.541667,0.333333,0.152708,1.19997,0.402339,-0.0117854,1.50534,0.000131687,0.0190937,0.275438,17076.1,0.486254,0.233347,-0.4,0.1,657.403,9.27744e+06,0.303097,0.0261737,0.560626,0.0508319,-0.422072,0.804238,0.0932667,nan,nan,nan,nan,-0.0286022,-0.109562,-0.0519274,nan,-0.285399,-4.7619e-05,-0.159391,-0.667122,nan,-0.874857,1.24396,0.448381,-1.55333,-0.0353333,2.5256
756,31.0931,641.625,0.0370158,0.291667,0.375,0.154097,1.19104,0.363235,-0.0111361,1.50318,0.000131687,0.00967802,0.275365,13537.2,0.546274,0.361444,-0.4,0.1,658.312,9.28973e+06,0.226121,0.0206358,0.431771,0.0444134,-0.359855,0.641625,0.0811562,nan,nan,nan,nan,-0.0245819,-0.096229,-0.0415726,nan,-0.227882,0,-0.129142,-0.547006,nan,-0.70725,0.988702,0.358,-1.25825,-0.030375,2.18438
757,33.3598,742.062,0.0381856,0.416667,0.25,0.155224,1.21197,0.350441,-0.0123156,1.50028,0.000131687,0.01634,0.27532,14058.3,0.552091,0.321982,-0.4,0.1,659.188,9.30202e+06,0.263246,0.0235169,0.515274,0.0491638,-0.412484,0.742062,0.084025,nan,nan,nan,nan,-0.0253865,-0.0975221,-0.0462704,nan,-0.262856,0,-0.149167,-0.614615,nan,-0.813375,1.15697,0.3935,-1.42175,-0.035875,2.31953
758,38.4797,835.842,0.0374256,0.541667,0.25,0.157677,1.19306,0.37427,-0.0102192,1.49858,0.000131687,0.0180643,0.275282,14434.5,0.537757,0.313536,-0.4,0.1,660.04,9.3143e+06,0.298769,0.0262479,0.581534,0.0580998,-0.468016,0.835842,0.106179,nan,nan,nan,nan,-0.0308899,-0.120531,-0.0544576,nan,-0.295657,0,-0.169313,-0.694347,nan,-0.908526,1.30113,0.465053,-1.61242,-0.0401053,2.64539
759,39.1707,810.056,0.0387599,0.5,0.25,0.15739,1.19644,0.421507,-0.0106831,1.49574,0.000131687,0.0140962,0.275186,15537.4,0.534748,0.256119,-0.4,0.1,660.832,9.32659e+06,0.34828,0.0272014,0.558942,0.0520324,-0.466473,0.810056,0.0952722,nan,nan,nan,nan,-0.0295136,-0.113706,-0.05328,nan,-0.285138,0,-0.16645,-0.667586,nan,-0.857667,1.25801,0.465556,-1.54133,-0.0367778,2.56111
760,36.1401,785.765,0.0388015,0.5,0.208333,0.157198,1.20486,0.356477,-0.0119156,1.49132,0.000131687,0.00938878,0.275107,17147.5,0.463603,0.253003,-0.4,0.1,661.55,9.33888e+06,0.284285,0.0234173,0.541164,0.0509166,-0.462256,0.785765,0.0962176,nan,nan,nan,nan,-0.0276175,-0.110086,-0.0488025,nan,-0.277544,0,-0.160304,-0.658258,nan,-0.869824,1.20558,0.427529,-1.50518,-0.0350588,2.54706
761,42.5053,845.375,0.0389688,0.541667,0.125,0.153756,1.20543,0.323169,-0.0100415,1.48695,8.77915e-05,0.0226092,0.27496,17255.9,0.473862,0.238241,-0.4,0.1,662.264,9.35117e+06,0.340682,0.0288132,0.586725,0.0557905,-0.505162,0.845375,0.1028,nan,nan,nan,nan,-0.0307035,-0.12528,-0.0564716,nan,-0.299872,0,-0.169666,-0.708002,nan,-0.928875,1.31196,0.49125,-1.62775,-0.04025,2.85391
762,35.5988,800.3,0.0418236,0.291667,0.125,0.152662,1.23152,0.362036,-0.0105159,1.48186,8.77915e-05,0.015973,0.274907,15020.9,0.47662,0.34144,-0.4,0.1,663.083,9.36346e+06,0.314438,0.0278683,0.566598,0.0514483,-0.500819,0.8003,0.09959,nan,nan,nan,nan,-0.0302348,-0.116543,-0.053769,nan,-0.285142,0,-0.15711,-0.6858,nan,-0.8565,1.22487,0.4516,-1.5544,-0.0402,2.52375
763,34.8804,804.923,0.0430689,0.333333,0.208333,0.152687,1.19889,0.324579,-0.00970595,1.48053,8.77915e-05,0.00945576,0.274891,13604.8,0.56553,0.33768,-0.4,0.1,663.988,9.37574e+06,0.329095,0.0267647,0.564551,0.04771,-0.514137,0.804923,0.0858308,nan,nan,nan,nan,-0.0260887,-0.1016,-0.0469758,nan,-0.286205,0,-0.15844,-0.683275,nan,-0.881538,1.24064,0.408308,-1.53938,-0.0338462,2.50769
764,45.1653,940.615,0.0384022,0.458333,0.0833333,0.15544,1.20981,0.328366,-0.0113221,1.47859,8.77915e-05,0.0126972,0.274813,14275.4,0.540762,0.320022,-0.4,0.1,664.85,9.38803e+06,0.321659,0.0295211,0.648797,0.0647249,-0.589188,0.940615,0.120731,nan,nan,nan,nan,-0.0347899,-0.135197,-0.0629061,nan,-0.33255,0,-0.193009,-0.786082,nan,-1.03892,1.46351,0.549846,-1.81385,-0.0475385,3.15288
765,36.2973,864.3,0.0365285,0.291667,0.125,0.155405,1.20069,0.371469,-0.0103793,1.47399,8.77915e-05,0.0187975,0.274702,14764.4,0.552747,0.279524,-0.4,0.1,665.683,9.40032e+06,0.313979,0.032036,0.621164,0.0525333,-0.552053,0.8643,0.10517,nan,nan,nan,nan,-0.0325511,-0.126904,-0.0597198,nan,-0.308877,0,-0.165546,-0.748434,nan,-0.96,1.34612,0.5076,-1.6648,-0.0454,2.63625
766,33.9094,890.818,0.0377573,0.375,0.0833333,0.155774,1.23475,0.315529,-0.0108358,1.4679,8.77915e-05,0.0157551,0.274538,16577.4,0.495924,0.245326,-0.4,0.1,666.426,9.41261e+06,0.36065,0.0325068,0.639286,0.0519221,-0.590947,0.890818,0.0947182,nan,nan,nan,nan,-0.0281652,-0.111219,-0.0509642,nan,-0.313452,0,-0.1839,-0.74785,nan,-0.970909,1.39398,0.450909,-1.69491,-0.0338182,2.50682
767,33.9177,799.933,0.0393016,0.375,0.25,0.157737,1.22728,0.443619,-0.0105436,1.46088,8.77915e-05,0.0106619,0.274402,17055,0.48264,0.237853,-0.4,0.1,667.148,9.4249e+06,0.314826,0.0268044,0.562806,0.0510321,-0.547193,0.799933,0.0994733,nan,nan,nan,nan,-0.0290462,-0.115646,-0.0520612,nan,-0.284523,0,-0.158506,-0.686602,nan,-0.9098,1.22969,0.4296,-1.54133,-0.0344,2.54083
768,37.8808,796.875,0.0360038,0.375,0.291667,0.155672,1.22417,0.401304,-0.0106602,1.45598,8.77915e-05,0.017902,0.274313,17270,0.47146,0.240063,-0.4,0.1,667.86,9.43718e+06,0.26253,0.0269661,0.560898,0.0521694,-0.563815,0.796875,0.0964625,nan,nan,nan,nan,-0.0291038,-0.115924,-0.0524315,nan,-0.283939,0,-0.155947,-0.678497,nan,-0.918562,1.23286,0.445,-1.531,-0.038,2.7875
769,30.9034,732.905,0.0387203,0.416667,0.458333,0.155527,1.20955,0.423552,-0.0117158,1.45153,8.77915e-05,0.0116383,0.274186,17158.3,0.47132,0.244835,-0.4,0.1,668.578,9.44947e+06,0.282811,0.0273974,0.520116,0.0476616,-0.525377,0.732905,0.0847857,nan,nan,nan,nan,-0.0261959,-0.0983607,-0.0457805,nan,-0.259343,-9.52381e-05,-0.14649,-0.606516,nan,-0.791,1.13896,0.400762,-1.42038,-0.032,2.26131
770,34.8837,819.429,0.0365162,0.458333,0.125,0.152963,1.20446,0.332476,-0.0113128,1.4456,8.77915e-05,0.0162706,0.274062,17166.2,0.468375,0.247449,-0.4,0.1,669.295,9.46176e+06,0.277165,0.0261351,0.583303,0.0503273,-0.563639,0.819429,0.0952214,nan,nan,nan,nan,-0.0293694,-0.117963,-0.055083,nan,-0.291651,0,-0.157189,-0.692543,nan,-0.924,1.28008,0.474857,-1.56229,-0.0391429,2.57054
771,29.7358,806.1,0.0381904,0.291667,0.125,0.156187,1.22506,0.353891,-0.0112157,1.44075,8.77915e-05,0.0135204,0.273961,17187.6,0.473146,0.241786,-0.4,0.1,670.011,9.47405e+06,0.349981,0.0284591,0.577068,0.0441126,-0.56357,0.8061,0.08031,nan,nan,nan,nan,-0.0240115,-0.0914774,-0.0464134,nan,-0.285133,0,-0.157757,-0.657675,nan,-0.8715,1.25154,0.4068,-1.5468,-0.037,2.22375
772,35.8224,914.5,0.0399807,0.666667,0.0833333,0.15565,1.23143,0.356882,-0.0102181,1.43728,8.77915e-05,0.011851,0.273892,17132.3,0.468433,0.248808,-0.4,0.1,670.73,9.48634e+06,0.369452,0.0316835,0.634535,0.0555573,-0.648616,0.9145,0.104267,nan,nan,nan,nan,-0.0298192,-0.124214,-0.0554315,nan,-0.323321,0,-0.186338,-0.777701,nan,-1.04867,1.42029,0.462667,-1.74556,-0.0357778,2.77361
773,32.5756,923.667,0.0413402,0.291667,0.0833333,0.159921,1.20756,0.364047,-0.0108647,1.43495,8.77915e-05,0.0177645,0.273859,16643.8,0.471951,0.266342,-0.4,0.1,671.469,9.49862e+06,0.328028,0.0325676,0.664795,0.0537998,-0.663573,0.923667,0.100467,nan,nan,nan,nan,-0.0302015,-0.117681,-0.053921,nan,-0.326731,0,-0.185532,-0.757633,nan,-1.004,1.44184,0.458667,-1.764,-0.0384444,2.56667
774,37.5362,877.615,0.0374442,0.375,0.166667,0.157993,1.22317,0.364972,-0.0111762,1.43355,8.77915e-05,0.0152919,0.273822,17377.2,0.466261,0.240871,-0.4,0.1,672.178,9.51091e+06,0.363446,0.0331314,0.614696,0.0577636,-0.652466,0.877615,0.0971846,nan,nan,nan,nan,-0.0296518,-0.119257,-0.0557143,nan,-0.308918,0,-0.179997,-0.731235,nan,-0.968538,1.36175,0.475385,-1.65446,-0.0404615,2.73654
775,40.611,955.95,0.0394319,0.75,0.0833333,0.159481,1.22067,0.358544,-0.011394,1.43123,8.77915e-05,0.0105447,0.273753,17450,0.463364,0.240819,-0.4,0.1,672.883,9.5232e+06,0.333122,0.0341205,0.669894,0.0647265,-0.708112,0.95595,0.115315,nan,nan,nan,nan,-0.0331057,-0.134651,-0.0591445,nan,-0.337509,-0.0001,-0.195768,-0.805577,nan,-1.0884,1.49369,0.5014,-1.8336,-0.0417,3.1
776,35.989,826.286,0.0377991,0.375,0.208333,0.159465,1.23504,0.360162,-0.0104627,1.42861,8.77915e-05,0.0152269,0.273719,17303.9,0.467224,0.242906,-0.4,0.1,673.595,9.53549e+06,0.273984,0.0247199,0.583785,0.0534398,-0.643136,0.826286,0.0988429,nan,nan,nan,nan,-0.028975,-0.114605,-0.0517349,nan,-0.293745,0,-0.16547,-0.694356,nan,-0.936857,1.27999,0.458,-1.59171,-0.0361429,2.75714
777,37.2184,803.182,0.0408649,0.291667,0.166667,0.158444,1.22086,0.41103,-0.0108864,1.42697,8.77915e-05,0.0143245,0.273649,17127.5,0.46843,0.249012,-0.4,0.1,674.314,9.54778e+06,0.301243,0.0241715,0.56665,0.0497196,-0.635398,0.803182,0.0973182,nan,nan,nan,nan,-0.0300911,-0.11738,-0.0545621,nan,-0.285143,0,-0.16024,-0.686724,nan,-0.892909,1.2389,0.461091,-1.53745,-0.036,2.75455
778,36.1283,819.842,0.0384531,0.583333,0.208333,0.156526,1.21325,0.402678,-0.0107062,1.42199,8.77915e-05,0.0145377,0.273495,17160.6,0.472215,0.243846,-0.4,0.1,675.031,9.56006e+06,0.285464,0.0247503,0.577083,0.0513502,-0.638985,0.819842,0.0983474,nan,nan,nan,nan,-0.0292991,-0.114239,-0.0517282,nan,-0.290141,0,-0.165087,-0.693088,nan,-0.896684,1.27815,0.455368,-1.57305,-0.0355789,2.70395
779,31.6943,832.938,0.0420925,0.458333,0.208333,0.158084,1.22792,0.359415,-0.00983296,1.41446,8.77915e-05,0.0127281,0.273328,17463.1,0.463674,0.239981,-0.4,0.1,675.736,9.57235e+06,0.351986,0.0277676,0.595414,0.0478664,-0.662632,0.832937,0.0926937,nan,nan,nan,nan,-0.0281989,-0.114485,-0.0511867,nan,-0.295437,0,-0.164643,-0.698705,nan,-0.935437,1.29165,0.44225,-1.59725,-0.03425,2.48438
780,32.4128,912,0.0346836,0.375,0.0416667,0.16127,1.23161,0.352839,-0.0105569,1.40824,8.77915e-05,0.00931757,0.273207,17342.6,0.47049,0.238054,-0.4,0.1,676.446,9.58464e+06,0.397497,0.0281154,0.663456,0.0545324,-0.716877,0.912,0.1027,nan,nan,nan,nan,-0.0298963,-0.120381,-0.0566843,nan,-0.322691,0,-0.180843,-0.766667,nan,-1.0455,1.43073,0.4844,-1.764,-0.043,2.59375
781,36.4163,908.75,0.0399343,0.458333,0.208333,0.158691,1.20852,0.35248,-0.0110098,1.40291,8.77915e-05,0.00520013,0.273068,17379.5,0.468077,0.238964,-0.4,0.1,677.154,9.59693e+06,0.334964,0.0351429,0.650256,0.0577637,-0.744442,0.90875,0.101919,nan,nan,nan,nan,-0.0310473,-0.123339,-0.0573383,nan,-0.319114,-0.000375,-0.185812,-0.747055,nan,-1.02019,1.41754,0.50225,-1.7385,-0.040875,2.82031
782,27.5236,727.158,0.038167,0.458333,0.333333,0.159979,1.23435,0.50005,-0.00978494,1.39765,8.77915e-05,0.0199443,0.273019,16716.2,0.494671,0.240424,-0.4,0.1,677.89,9.60922e+06,0.226929,0.0227773,0.517927,0.0444587,-0.60719,0.727158,0.0852368,nan,nan,nan,nan,-0.0256808,-0.105172,-0.0455824,nan,-0.257856,0,-0.145651,-0.613463,nan,-0.834632,1.13253,0.387368,-1.39074,-0.0310526,2.28882
783,29.863,778.6,0.043276,0.5,0.333333,0.15651,1.19491,0.434284,-0.0110823,1.39588,8.77915e-05,0.0158524,0.272965,16997.4,0.47754,0.245395,-0.4,0.1,678.614,9.6215e+06,0.279256,0.0285037,0.55046,0.0497375,-0.648775,0.7786,0.09188,nan,nan,nan,nan,-0.0286484,-0.119228,-0.0512792,nan,-0.274316,0,-0.157562,-0.632569,nan,-0.8808,1.18816,0.426,-1.4982,-0.0387,2.43063
784,26.1725,762.947,0.0419513,0.458333,0.333333,0.159138,1.18723,0.430016,-0.0121884,1.39286,8.77915e-05,0.0139503,0.27289,17396.1,0.46643,0.239936,-0.4,0.1,679.322,9.63379e+06,0.267539,0.0286856,0.543631,0.046974,-0.653134,0.762947,0.0876316,nan,nan,nan,nan,-0.0264935,-0.106677,-0.0461297,nan,-0.270704,0,-0.152541,-0.646914,nan,-0.866053,1.17105,0.393263,-1.46905,-0.0336842,2.27829
785,29.0959,768.923,0.0423557,0.291667,0.25,0.156494,1.20699,0.391652,-0.0105652,1.38905,8.77915e-05,0.00833758,0.272805,17398.5,0.466468,0.239801,-0.4,0.1,680.03,9.64608e+06,0.283434,0.0255512,0.540688,0.0435009,-0.662444,0.768923,0.0820154,nan,nan,nan,nan,-0.0253551,-0.102554,-0.0453361,nan,-0.271355,0,-0.156109,-0.657109,nan,-0.861692,1.19056,0.379077,-1.47046,-0.0315385,2.425
786,26.9621,705.167,0.0402951,0.333333,0.416667,0.153543,1.21081,0.393919,-0.010341,1.38614,8.77915e-05,0.0182223,0.272775,17382.9,0.463957,0.242946,-0.4,0.1,680.738,9.65837e+06,0.256246,0.0229839,0.484584,0.0448826,-0.618178,0.705167,0.0830444,nan,nan,nan,nan,-0.0249191,-0.100424,-0.0426422,nan,-0.247992,0,-0.148417,-0.593814,nan,-0.819833,1.08589,0.336889,-1.36444,-0.0296667,2.31875
787,31.3285,846.8,0.0436137,0.25,0.166667,0.156361,1.21379,0.398467,-0.0111025,1.38474,8.77915e-05,0.00925236,0.272742,17274.9,0.470194,0.241127,-0.4,0.1,681.451,9.67066e+06,0.324509,0.0311949,0.601189,0.0462588,-0.735776,0.8468,0.09079,nan,nan,nan,nan,-0.0279866,-0.116148,-0.0488612,nan,-0.297863,0,-0.174045,-0.722982,nan,-0.9723,1.3178,0.4056,-1.628,-0.035,2.66125
788,36.6989,857.471,0.0384288,0.541667,0.166667,0.155222,1.21222,0.423228,-0.00971706,1.38229,8.77915e-05,0.0119808,0.272668,16704.9,0.494769,0.240822,-0.4,0.1,682.187,9.68294e+06,0.339079,0.0255141,0.610315,0.0525485,-0.743433,0.857471,0.102512,nan,nan,nan,nan,-0.0310879,-0.133915,-0.0562932,nan,-0.301367,-0.000470588,-0.17522,-0.718898,nan,-0.959647,1.33007,0.461647,-1.63412,-0.0368235,2.84706
789,28.5587,610.875,0.0413101,0.0833333,0.25,0.153968,1.22786,0.395091,-0.0110827,1.37834,8.77915e-05,0.0114013,0.272552,17621.9,0.458735,0.238579,-0.4,0.1,682.886,9.69523e+06,0.18575,0.0216834,0.406516,0.0433602,-0.558281,0.610875,0.0810375,nan,nan,nan,nan,-0.0241102,-0.102618,-0.0395951,nan,-0.213583,0,-0.135782,-0.53971,nan,-0.72,0.950769,0.322,-1.1915,-0.022,2.35312
790,34.1879,829.737,0.0412079,0.5,0.291667,0.158275,1.21776,0.415847,-0.0112964,1.37323,8.77915e-05,0.0112723,0.272476,17372.7,0.467101,0.240214,-0.4,0.1,683.595,9.70752e+06,0.294205,0.0304888,0.590788,0.0526268,-0.744259,0.829737,0.0958737,nan,nan,nan,nan,-0.0286973,-0.11775,-0.0517012,nan,-0.291534,-0.000789474,-0.173449,-0.697495,nan,-0.942316,1.28969,0.441895,-1.60316,-0.0404211,2.77566
791,31.7579,796.75,0.0402227,0.208333,0.125,0.154465,1.23114,0.377065,-0.00984721,1.36937,8.77915e-05,0.00879969,0.272353,17122,0.476701,0.240971,-0.4,0.1,684.313,9.71981e+06,0.330457,0.0220342,0.566158,0.0435268,-0.71473,0.79675,0.0887125,nan,nan,nan,nan,-0.0279757,-0.113018,-0.0495535,nan,-0.281606,0,-0.160888,-0.694856,nan,-0.9105,1.25032,0.405,-1.533,-0.0305,2.60156
792,42.4694,982,0.0439265,0.416667,0.0416667,0.152085,1.22074,0.368074,-0.0103218,1.36395,8.77915e-05,0.0104224,0.272264,17318.2,0.47221,0.237331,-0.4,0.1,685.024,9.7321e+06,0.347274,0.0328879,0.693856,0.0645878,-0.897749,0.982,0.1245,nan,nan,nan,nan,-0.0361396,-0.148638,-0.0649793,nan,-0.346552,0,-0.198949,-0.818468,nan,-1.12991,1.52988,0.549091,-1.88945,-0.0481818,3.37841
793,31.5281,915.941,0.0385484,0.5,0.208333,0.151581,1.18801,0.392794,-0.0109712,1.36076,8.77915e-05,0.0119894,0.272195,17466.5,0.463355,0.240162,-0.4,0.1,685.729,9.74438e+06,0.447091,0.0311794,0.659672,0.0531012,-0.833912,0.915941,0.101059,nan,nan,nan,nan,-0.0304022,-0.123169,-0.0547294,nan,-0.322414,0,-0.187399,-0.763778,nan,-1.03306,1.43052,0.466824,-1.75812,-0.0396471,2.61765
794,38.8689,892.857,0.038733,0.5,0.0833333,0.159878,1.20374,0.373495,-0.0107436,1.35828,8.77915e-05,0.010836,0.272188,17460.8,0.464277,0.23947,-0.4,0.1,686.434,9.75667e+06,0.286429,0.030849,0.633787,0.0572871,-0.820444,0.892857,0.110114,nan,nan,nan,nan,-0.0327109,-0.143688,-0.0584238,nan,-0.314526,0,-0.184142,-0.753228,nan,-1.03929,1.38946,0.486,-1.71571,-0.0338571,3.15268
795,36.2455,887.294,0.0391328,0.5,0.208333,0.158439,1.23163,0.415262,-0.0109422,1.35776,0.000131687,0.00458589,0.272156,17339.2,0.467766,0.240919,-0.4,0.1,687.144,9.76896e+06,0.309211,0.0310843,0.623013,0.0544219,-0.807094,0.887294,0.106912,nan,nan,nan,nan,-0.0307647,-0.129818,-0.0552658,nan,-0.310881,0,-0.186729,-0.749531,nan,-1.04894,1.37507,0.451294,-1.70447,-0.0363529,3.03382
796,35.4046,805.143,0.0425566,0.625,0.25,0.154673,1.23797,0.40968,-0.0116234,1.3539,0.000131687,0.0161216,0.272018,17541.7,0.462185,0.238317,-0.4,0.1,687.846,9.78125e+06,0.314462,0.0282106,0.57031,0.0529254,-0.733767,0.805143,0.0994905,nan,nan,nan,nan,-0.0288644,-0.119813,-0.0518125,nan,-0.28228,0,-0.171695,-0.669481,nan,-0.930714,1.24662,0.436381,-1.57048,-0.0357143,2.81131
797,28.8595,743.474,0.0414494,0.416667,0.375,0.155789,1.20729,0.422346,-0.0130438,1.34924,0.000131687,0.0120192,0.271968,17444.8,0.464744,0.239649,-0.4,0.1,688.552,9.79354e+06,0.301666,0.0255581,0.520749,0.0415736,-0.67977,0.743474,0.0791632,nan,nan,nan,nan,-0.0246405,-0.101187,-0.0417403,nan,-0.259437,0,-0.158006,-0.619596,nan,-0.854684,1.14822,0.366947,-1.41642,-0.0302105,2.40132
798,29.6885,777.5,0.0388564,0.333333,0.166667,0.157526,1.19836,0.365308,-0.0122651,1.34661,0.000131687,0.0115682,0.271861,17463,0.462787,0.240872,-0.4,0.1,689.256,9.80582e+06,0.28389,0.0249839,0.552852,0.0455573,-0.705442,0.7775,0.0898083,nan,nan,nan,nan,-0.0263009,-0.107988,-0.0484797,nan,-0.272806,0,-0.16127,-0.665339,nan,-0.904,1.20421,0.404333,-1.49067,-0.031,2.51458
799,38.5973,950.769,0.0436195,0.5,0.0416667,0.159345,1.20052,0.349264,-0.00984321,1.34033,0.000131687,0.0188121,0.271688,16867.4,0.484827,0.243678,-0.4,0.1,689.986,9.81811e+06,0.346708,0.0316693,0.663749,0.0560949,-0.863035,0.950769,0.118115,nan,nan,nan,nan,-0.0335739,-0.144792,-0.058916,nan,-0.334268,0,-0.198148,-0.813304,nan,-1.11992,1.4626,0.490769,-1.82769,-0.0421538,3.24519
800,38.2698,849.917,0.0410301,0.375,0.125,0.156764,1.19486,0.370752,-0.0112955,1.33326,0.000131687,0.0155648,0.27158,15202.6,0.491307,0.316977,-0.4,0.1,690.796,9.8304e+06,0.295888,0.0306409,0.602497,0.0510456,-0.778353,0.849917,0.10055,nan,nan,nan,nan,-0.0300155,-0.126867,-0.0549075,nan,-0.300434,-0.000166667,-0.177195,-0.703653,nan,-1.0055,1.31592,0.471667,-1.63267,-0.0355,3.04063
801,35.9536,937.478,0.042423,0.833333,0.125,0.160107,1.17875,0.408966,-0.011492,1.32992,0.000131687,0.01577,0.271506,14851,0.548518,0.278902,-0.4,0.1,693.617,9.84269e+06,0.367112,0.0328132,0.671282,0.0581493,-0.853119,0.937478,0.106004,nan,nan,nan,nan,-0.0309112,-0.129521,-0.0565663,nan,-0.327295,0,-0.197386,-0.768919,nan,-1.07087,1.44862,0.488696,-1.80417,-0.0416522,2.96793
802,24.4217,702.143,0.0400049,0.25,0.333333,0.165238,1.20969,0.49579,-0.0114821,1.32754,0.000131687,0.0136932,0.271498,14091.4,0.516811,0.355207,-0.4,0.1,694.493,9.85498e+06,0.238923,0.0220741,0.486274,0.0362295,-0.632496,0.702143,0.0772714,nan,nan,nan,nan,-0.023922,-0.0933712,-0.0403398,nan,-0.245936,-0.000285714,-0.149703,-0.591359,nan,-0.822643,1.08801,0.335714,-1.348,-0.0264286,2.20893
803,36.0084,860.176,0.0394045,0.458333,0.25,0.163201,1.1847,0.403109,-0.0118407,1.32569,0.000131687,0.0189254,0.2714,14035.8,0.540338,0.335136,-0.4,0.1,695.37,9.86726e+06,0.370582,0.0268388,0.62047,0.0506278,-0.775342,0.860176,0.0986941,nan,nan,nan,nan,-0.0303865,-0.120941,-0.0551146,nan,-0.302591,0,-0.175774,-0.725167,nan,-0.987176,1.35152,0.466588,-1.64047,-0.0350588,2.80294
804,35.3597,828.8,0.041131,0.291667,0.125,0.161163,1.19555,0.434969,-0.0109128,1.31966,0.000131687,0.0152995,0.27124,14414.5,0.529124,0.323348,-0.4,0.1,696.224,9.87955e+06,0.303072,0.0298203,0.569593,0.0533111,-0.746245,0.8288,0.10188,nan,nan,nan,nan,-0.0299932,-0.128459,-0.053692,nan,-0.288615,0,-0.179274,-0.679489,nan,-0.9744,1.27647,0.452,-1.6024,-0.0344,2.87
805,21.2774,649.3,0.0417522,0.208333,0.208333,0.15852,1.20991,0.407358,-0.012037,1.3142,0.000131687,0.0128894,0.271201,14369.9,0.546255,0.308866,-0.4,0.1,697.08,9.89184e+06,0.268575,0.0216324,0.460339,0.0310925,-0.582584,0.6493,0.07365,nan,nan,nan,nan,-0.0228999,-0.089686,-0.0398982,nan,-0.229304,0,-0.130909,-0.54694,nan,-0.7671,0.998151,0.324,-1.2544,-0.0254,1.92625
806,35.9936,791.688,0.0387491,0.416667,0.25,0.159641,1.23265,0.436458,-0.0104502,1.31394,0.000131687,0.0138044,0.271232,13694.1,0.547072,0.35025,-0.4,0.1,697.979,9.90413e+06,0.286243,0.0261193,0.557451,0.0508458,-0.719458,0.791687,0.098125,nan,nan,nan,nan,-0.0297723,-0.126189,-0.050359,nan,-0.277155,0,-0.167406,-0.655173,nan,-0.919125,1.22137,0.43075,-1.5265,-0.03475,2.84297
807,41.3786,925.75,0.0385245,0.416667,0.0833333,0.154153,1.23213,0.411444,-0.0119759,1.31404,0.000131687,0.0159495,0.271195,13814.1,0.536817,0.352711,-0.4,0.1,698.87,9.91642e+06,0.306364,0.0307745,0.658174,0.056497,-0.844437,0.92575,0.118575,nan,nan,nan,nan,-0.0325028,-0.1391,-0.0581337,nan,-0.324005,0,-0.197988,-0.773428,nan,-1.113,1.42847,0.472667,-1.798,-0.0331667,3.38542
808,29.7286,778.091,0.0413321,0.208333,0.25,0.156441,1.21493,0.423207,-0.0116007,1.31228,0.000131687,0.0182889,0.271209,13135.9,0.571886,0.363567,-0.4,0.1,699.807,9.9287e+06,0.314201,0.0267872,0.546623,0.0430686,-0.702723,0.778091,0.0859182,nan,nan,nan,nan,-0.0243834,-0.0991564,-0.0430224,nan,-0.270387,0,-0.166193,-0.661944,nan,-0.913909,1.20346,0.358182,-1.49455,-0.03,2.53636
809,32.0077,793.353,0.0413904,0.458333,0.25,0.155337,1.20732,0.464457,-0.0105448,1.31252,0.000131687,0.0140737,0.271198,14236.3,0.578767,0.284379,-0.4,0.1,700.671,9.94099e+06,0.355924,0.0251774,0.569863,0.0422028,-0.710881,0.793353,0.0849412,nan,nan,nan,nan,-0.0265621,-0.106771,-0.047739,nan,-0.27705,-5.88235e-05,-0.164384,-0.670671,nan,-0.893118,1.2423,0.402118,-1.53153,-0.0330588,2.54632
810,32.4226,742.35,0.037625,0.5,0.333333,0.155528,1.21269,0.459323,-0.0105611,1.3112,0.000131687,0.0188777,0.271187,13660,0.537228,0.362334,-0.4,0.1,701.572,9.95328e+06,0.253594,0.0249763,0.522622,0.043747,-0.669439,0.74235,0.092255,nan,nan,nan,nan,-0.0274758,-0.113401,-0.0492739,nan,-0.26,0,-0.153914,-0.617338,nan,-0.8772,1.1412,0.4204,-1.419,-0.0336,2.60062
811,42.6109,874.556,0.0438925,0.5,0.25,0.154618,1.23692,0.527083,-0.0108585,1.31098,0.000131687,0.0130387,0.271198,12648.9,0.598393,0.373072,-0.4,0.1,702.546,9.96557e+06,0.323525,0.0290256,0.614767,0.0525182,-0.784762,0.874556,0.110906,nan,nan,nan,nan,-0.0327798,-0.140083,-0.0578754,nan,-0.306849,0,-0.180885,-0.736673,nan,-1.03833,1.36515,0.478667,-1.67644,-0.0361111,3.27222
812,30.5108,848.944,0.045157,0.541667,0.208333,0.157331,1.20613,0.439255,-0.0113495,1.31067,0.000131687,0.0191828,0.271169,13647.1,0.568377,0.332037,-0.4,0.1,703.448,9.97786e+06,0.351719,0.0269796,0.601027,0.0450269,-0.76333,0.848944,0.0948889,nan,nan,nan,nan,-0.0291263,-0.126152,-0.0508093,nan,-0.296942,0,-0.176975,-0.7226,nan,-0.997,1.31236,0.402,-1.63867,-0.0328889,2.67708
813,31.2358,776,0.0413117,0.25,0.208333,0.154777,1.21263,0.507689,-0.0099571,1.30814,0.000131687,0.00834125,0.271086,14040.7,0.585132,0.290036,-0.4,0.1,704.325,9.99014e+06,0.362054,0.0287798,0.54661,0.0434325,-0.693606,0.776,0.0854818,nan,nan,nan,nan,-0.0250226,-0.0993964,-0.0444944,nan,-0.269332,0,-0.16727,-0.644293,nan,-0.889636,1.21798,0.393818,-1.50327,-0.0276364,2.47159
814,36.1101,849.92,0.0422331,0.583333,0.458333,0.150279,1.22178,0.434655,-0.0121385,1.30382,0.000131687,0.010524,0.270999,13055.1,0.609408,0.331836,-0.4,0.1,705.268,1.00024e+07,0.32588,0.0307439,0.586833,0.0494949,-0.764933,0.84992,0.104184,nan,nan,nan,nan,-0.0315801,-0.134241,-0.051709,nan,-0.296373,0,-0.183325,-0.717082,nan,-1.02864,1.31847,0.42448,-1.6416,-0.03352,2.9985
815,33.7327,806.375,0.0410019,0.166667,0.166667,0.154503,1.22042,0.487926,-0.00986059,1.29904,0.000131687,0.0130623,0.270895,13206.7,0.630675,0.29976,-0.4,0.1,706.199,1.00147e+07,0.301473,0.0234352,0.564813,0.0453203,-0.72773,0.806375,0.0992125,nan,nan,nan,nan,-0.0300451,-0.128394,-0.050703,nan,-0.283908,0,-0.166142,-0.702385,nan,-0.97875,1.22344,0.426,-1.535,-0.03475,2.83438
816,43.8964,908.059,0.038428,0.541667,0.166667,0.155472,1.20199,0.434454,-0.011445,1.29546,0.000131687,0.0186477,0.270865,12821.6,0.6408,0.317579,-0.4,0.1,707.159,1.0027e+07,0.325871,0.0301216,0.632508,0.0579384,-0.812427,0.908059,0.115365,nan,nan,nan,nan,-0.0333737,-0.143821,-0.0580783,nan,-0.316028,0,-0.194471,-0.764463,nan,-1.06888,1.41691,0.485176,-1.74071,-0.0345882,3.38971
817,34.8605,740,0.0413455,0.416667,0.25,0.154732,1.21608,0.4659,-0.0110405,1.293,0.000131687,0.0196954,0.270763,13263.6,0.59855,0.327898,-0.4,0.1,708.087,1.00393e+07,0.226573,0.0260388,0.51873,0.0442141,-0.659587,0.74,0.092475,nan,nan,nan,nan,-0.027213,-0.116076,-0.0465839,nan,-0.257931,0,-0.156749,-0.617313,nan,-0.885187,1.14179,0.403,-1.429,-0.0315,2.77734
818,28.3056,844.75,0.0405047,0.333333,0.166667,0.149345,1.21446,0.448546,-0.0102586,1.2885,0.000131687,0.0165911,0.2707,14467.3,0.528437,0.320929,-0.4,0.1,708.938,1.00516e+07,0.358283,0.030711,0.599381,0.0420797,-0.748992,0.84475,0.0865167,nan,nan,nan,nan,-0.0260308,-0.111915,-0.0463259,nan,-0.295113,0,-0.176388,-0.69731,nan,-0.97525,1.31222,0.387667,-1.61733,-0.0266667,2.475
819,29.9347,936.667,0.0416631,0.333333,0.166667,0.154748,1.21052,0.51239,-0.0117912,1.28555,0.000131687,0.0185998,0.270635,16979,0.478275,0.245444,-0.4,0.1,709.663,1.00639e+07,0.384682,0.0341208,0.664091,0.0448467,-0.829095,0.936667,0.09535,nan,nan,nan,nan,-0.0272118,-0.11581,-0.0481569,nan,-0.325806,0,-0.196075,-0.773737,nan,-1.0765,1.45687,0.404667,-1.79867,-0.0293333,2.69583
820,24.9264,632.062,0.0388466,0.25,0.416667,0.150279,1.20429,0.426702,-0.0113569,1.28215,8.77915e-05,0.0203415,0.270561,16135.5,0.489465,0.272084,-0.4,0.1,710.426,1.00762e+07,0.215186,0.0204966,0.424481,0.0354857,-0.566024,0.632062,0.0752625,nan,nan,nan,nan,-0.0231842,-0.102937,-0.0357668,nan,-0.221344,0,-0.134991,-0.527408,nan,-0.756187,0.957879,0.28425,-1.21175,-0.023875,2.20469
821,31.0782,761.538,0.0443728,0.333333,0.208333,0.149247,1.19829,0.422388,-0.0103371,1.27926,8.77915e-05,0.0129174,0.270534,17381.2,0.469489,0.23748,-0.4,0.1,711.134,1.00884e+07,0.229391,0.0296487,0.517132,0.0414541,-0.684093,0.761538,0.0918385,nan,nan,nan,nan,-0.026493,-0.117045,-0.0446008,nan,-0.26521,-0.000307692,-0.162995,-0.63621,nan,-0.942692,1.16944,0.366462,-1.46769,-0.0296923,2.72404
822,32.6538,695.375,0.0430808,0.208333,0.125,0.154274,1.24257,0.559957,-0.0105771,1.27843,8.77915e-05,0.0169015,0.270522,16926.5,0.475857,0.250103,-0.4,0.1,711.861,1.01007e+07,0.350712,0.0226921,0.480246,0.0417755,-0.621381,0.695375,0.0855375,nan,nan,nan,nan,-0.0257127,-0.107868,-0.0460878,nan,-0.241699,0,-0.148297,-0.572685,nan,-0.834,1.08477,0.38,-1.339,-0.0295,2.45781
823,29.3691,755.25,0.0428253,0.458333,0.208333,0.15643,1.26904,0.417213,-0.00950013,1.27623,8.77915e-05,0.010673,0.270406,12670,0.629562,0.340288,-0.4,0.1,712.833,1.0113e+07,0.313878,0.0260919,0.522378,0.0375081,-0.674165,0.75525,0.0831438,nan,nan,nan,nan,-0.0258602,-0.106986,-0.0453255,nan,-0.263649,-0.0001875,-0.157014,-0.628601,nan,-0.907687,1.16859,0.3705,-1.42825,-0.02975,2.45859
824,36.4195,934.067,0.0444357,0.5,0.125,0.150614,1.23118,0.498398,-0.00982986,1.27052,8.77915e-05,0.015149,0.270318,13077.9,0.638,0.3016,-0.4,0.1,713.774,1.01253e+07,0.352535,0.0313753,0.657845,0.0468872,-0.829421,0.934067,0.108013,nan,nan,nan,nan,-0.0317865,-0.139311,-0.0569717,nan,-0.326997,0,-0.191483,-0.756535,nan,-1.0656,1.44406,0.470667,-1.7976,-0.0396,3.01083
825,30.3335,848.786,0.0435705,0.458333,0.125,0.14875,1.22748,0.424706,-0.0104299,1.26768,8.77915e-05,0.0104415,0.270262,13439.8,0.594487,0.319815,-0.4,0.1,714.689,1.01376e+07,0.337197,0.0306109,0.586294,0.0446159,-0.757571,0.848786,0.0948357,nan,nan,nan,nan,-0.0274781,-0.120953,-0.048001,nan,-0.295112,0,-0.181901,-0.702972,nan,-1.0095,1.32014,0.402286,-1.614,-0.029,2.63839
826,30.2237,780.667,0.0488502,0.416667,0.208333,0.147052,1.20917,0.474046,-0.0108288,1.26423,8.77915e-05,0.0132111,0.270169,14061.1,0.585712,0.28819,-0.4,0.1,715.565,1.01499e+07,0.306618,0.0259414,0.552676,0.0374005,-0.688131,0.780667,0.0882667,nan,nan,nan,nan,-0.0267156,-0.112947,-0.045684,nan,-0.272268,-0.000133333,-0.160751,-0.661317,nan,-0.8938,1.20576,0.3928,-1.49013,-0.0270667,2.5
827,40.5794,975.056,0.0475495,0.666667,0.0833333,0.149459,1.20156,0.502503,-0.0102235,1.2599,8.77915e-05,0.0169268,0.270093,16285.4,0.51126,0.243281,-0.4,0.1,716.32,1.01622e+07,0.362619,0.0321245,0.691073,0.0479488,-0.867155,0.975056,0.108772,nan,nan,nan,nan,-0.0323898,-0.144583,-0.0570978,nan,-0.34012,0,-0.203977,-0.812316,nan,-1.1725,1.52527,0.465333,-1.86378,-0.036,3.35069
828,36.5513,881.083,0.044157,0.375,0.125,0.153364,1.22841,0.453095,-0.0114357,1.25637,8.77915e-05,0.0101426,0.270018,16880.2,0.484271,0.243681,-0.4,0.1,717.05,1.01745e+07,0.343881,0.0337997,0.630829,0.0454536,-0.779917,0.881083,0.0946833,nan,nan,nan,nan,-0.0287945,-0.124992,-0.0528691,nan,-0.306241,0,-0.186671,-0.721618,nan,-1.002,1.39252,0.441333,-1.67867,-0.0313333,2.87708
829,37.6909,813.5,0.0472698,0.458333,0.208333,0.154111,1.24103,0.476872,-0.0107123,1.25314,8.77915e-05,0.0129058,0.269974,17201.4,0.472903,0.241456,-0.4,0.1,717.765,1.01868e+07,0.343478,0.0268407,0.572999,0.0444819,-0.719735,0.8135,0.100794,nan,nan,nan,nan,-0.0305004,-0.134072,-0.0524339,nan,-0.283904,-0.000125,-0.168184,-0.678137,nan,-0.98475,1.25376,0.41725,-1.5745,-0.03175,2.96953
830,33.3364,863,0.0425588,0.375,0.125,0.156218,1.20534,0.458832,-0.0109765,1.25103,8.77915e-05,0.0112319,0.269926,13156.9,0.557726,0.376236,-0.4,0.1,718.701,1.0199e+07,0.330055,0.0320849,0.595529,0.0441795,-0.765135,0.863,0.0978833,nan,nan,nan,nan,-0.0293431,-0.135827,-0.0501308,nan,-0.300469,0,-0.182142,-0.716965,nan,-1.04125,1.32235,0.404667,-1.656,-0.0331667,2.8875
831,45.3036,1000,0.0465296,0.333333,0,0.156612,1.22361,0.417129,-0.00997756,1.24745,8.77915e-05,0.00816611,0.269806,13274.9,0.597968,0.327689,-0.4,0.1,719.628,1.02113e+07,0.408918,0.0344175,0.709642,0.0512453,-0.878012,1,0.116587,nan,nan,nan,nan,-0.0342947,-0.145681,-0.0630398,nan,-0.347919,0,-0.204887,-0.824414,nan,-1.15687,1.57243,0.5355,-1.892,-0.03675,3.42031
832,33.2015,923.833,0.0488731,0.458333,0.0416667,0.155756,1.21232,0.430887,-0.00966567,1.24159,8.77915e-05,0.00817749,0.269716,13594.7,0.577616,0.326266,-0.4,0.1,720.533,1.02236e+07,0.332621,0.0307314,0.642337,0.0398819,-0.816396,0.923833,0.10095,nan,nan,nan,nan,-0.0299022,-0.139928,-0.0520364,nan,-0.323333,0,-0.19194,-0.771496,nan,-1.1255,1.40908,0.413,-1.76033,-0.0298333,3.00833
833,42.0962,923.7,0.047325,0.291667,0.125,0.157766,1.22408,0.466783,-0.0106517,1.23816,8.77915e-05,0.00986278,0.269629,13109,0.637119,0.300253,-0.4,0.1,721.472,1.02359e+07,0.381048,0.031955,0.65681,0.0495043,-0.815077,0.9237,0.11125,nan,nan,nan,nan,-0.0331662,-0.143892,-0.0575683,nan,-0.322386,0,-0.195212,-0.763178,nan,-1.0785,1.44107,0.4792,-1.7676,-0.0344,3.24125
834,29.2481,799.75,0.0464338,0.541667,0.291667,0.15742,1.2277,0.467597,-0.010916,1.23412,8.77915e-05,0.0164432,0.269534,16076.7,0.516227,0.248108,-0.4,0.1,722.238,1.02482e+07,0.294048,0.0251893,0.554376,0.0406004,-0.715188,0.79975,0.090885,nan,nan,nan,nan,-0.0277467,-0.126065,-0.0457061,nan,-0.280367,0,-0.167817,-0.683011,nan,-0.9552,1.23883,0.3758,-1.555,-0.0266,2.62563
835,36.2939,922.05,0.042922,0.625,0.208333,0.155587,1.20952,0.430553,-0.0105174,1.23088,8.77915e-05,0.00904789,0.269479,15329.4,0.484921,0.316676,-0.4,0.1,723.04,1.02605e+07,0.369902,0.0307393,0.650299,0.0427159,-0.820263,0.92205,0.10258,nan,nan,nan,nan,-0.0311757,-0.136563,-0.0533663,nan,-0.324257,0,-0.187766,-0.777905,nan,-1.10835,1.42596,0.4206,-1.7668,-0.0337,3.09
836,39.1242,820.538,0.0434322,0.333333,0.208333,0.155955,1.2273,0.494176,-0.0100738,1.22886,8.77915e-05,0.0138687,0.269456,12880.7,0.579772,0.374212,-0.4,0.1,723.996,1.02728e+07,0.279578,0.0299677,0.553989,0.0441489,-0.735119,0.820538,0.107692,nan,nan,nan,nan,-0.0326798,-0.151771,-0.0533247,nan,-0.287702,0,-0.172758,-0.690823,nan,-1.00869,1.27194,0.413538,-1.57631,-0.0290769,3.17308
837,36.3455,914,0.0488304,0.416667,0.0833333,0.153825,1.20394,0.468278,-0.00980877,1.22687,8.77915e-05,0.0130107,0.269373,13389.9,0.596209,0.321501,-0.4,0.1,724.916,1.02851e+07,0.389745,0.0317254,0.63492,0.0445356,-0.809091,0.914,0.107492,nan,nan,nan,nan,-0.0319005,-0.144996,-0.0550988,nan,-0.319547,0,-0.193423,-0.75835,nan,-1.09875,1.4028,0.413667,-1.76267,-0.0363333,3.08854
838,35.7214,828.7,0.0476145,0.625,0.208333,0.157348,1.22493,0.480404,-0.0111103,1.2234,8.77915e-05,0.0113237,0.26935,12658.7,0.636184,0.334529,-0.4,0.1,725.889,1.02973e+07,0.337388,0.0259774,0.573146,0.0396274,-0.727799,0.8287,0.093825,nan,nan,nan,nan,-0.0289131,-0.132658,-0.0498859,nan,-0.28917,0,-0.174142,-0.692104,nan,-0.9888,1.28328,0.4052,-1.5872,-0.0304,2.9
839,42.0402,932.688,0.0474604,0.541667,0.125,0.155676,1.205,0.442342,-0.0108916,1.22152,8.77915e-05,0.0116439,0.269266,14696.1,0.572381,0.263759,-0.4,0.1,726.726,1.03096e+07,0.330496,0.0348263,0.6473,0.046651,-0.82538,0.932687,0.116056,nan,nan,nan,nan,-0.0344345,-0.159881,-0.0605096,nan,-0.327358,0,-0.193472,-0.789697,nan,-1.13662,1.42354,0.47975,-1.78575,-0.038375,3.44219
840,34.0877,823,0.0472849,0.333333,0.0833333,0.152419,1.23279,0.410416,-0.00962808,1.21709,8.77915e-05,0.012967,0.269197,16801.8,0.488407,0.242941,-0.4,0.1,727.459,1.03219e+07,0.309733,0.0299017,0.574039,0.0377885,-0.725565,0.823,0.0961,nan,nan,nan,nan,-0.0286388,-0.126042,-0.0513174,nan,-0.289578,-0.0005,-0.167977,-0.684574,nan,-0.9963,1.26697,0.4328,-1.5864,-0.0278,2.81875
841,34.6152,829.067,0.0519927,0.375,0.25,0.150123,1.25141,0.407241,-0.0103723,1.215,8.77915e-05,0.0132819,0.269172,15036.2,0.471903,0.345322,-0.4,0.1,728.277,1.03342e+07,0.340212,0.0318891,0.575721,0.0381624,-0.732875,0.829067,0.0940467,nan,nan,nan,nan,-0.0292521,-0.133463,-0.0509493,nan,-0.289403,0,-0.173529,-0.708572,nan,-1.0014,1.27607,0.3992,-1.59067,-0.0293333,2.88583
842,44.5681,996.778,0.050425,0.333333,0.0416667,0.150302,1.2241,0.428135,-0.0104464,1.21327,8.77915e-05,0.0155516,0.269109,12794.3,0.616609,0.343819,-0.4,0.1,729.239,1.03465e+07,0.375747,0.0322507,0.683404,0.0501752,-0.885204,0.996778,0.126811,nan,nan,nan,nan,-0.0361762,-0.173508,-0.0622397,nan,-0.349152,0,-0.209199,-0.831045,nan,-1.231,1.53871,0.496889,-1.91467,-0.0315556,3.65139
843,37.5715,926.176,0.0462272,0.625,0.0833333,0.152929,1.22044,0.416487,-0.0102924,1.21072,8.77915e-05,0.0161903,0.269086,12639.5,0.631751,0.340441,-0.4,0.1,730.213,1.03588e+07,0.371026,0.0360561,0.63405,0.0447584,-0.82287,0.926176,0.106712,nan,nan,nan,nan,-0.0317766,-0.151632,-0.0557223,nan,-0.323197,0,-0.194538,-0.783601,nan,-1.13259,1.41946,0.438588,-1.78188,-0.0358824,3.21544
844,36.437,804.13,0.0445417,0.541667,0.416667,0.151991,1.22279,0.499614,-0.0100555,1.21026,8.77915e-05,0.0117209,0.269092,13782,0.581955,0.309643,-0.4,0.1,731.106,1.03711e+07,0.300064,0.0273409,0.550815,0.0404507,-0.713956,0.80413,0.101461,nan,nan,nan,nan,-0.031138,-0.143126,-0.0522568,nan,-0.282123,0,-0.166144,-0.68476,nan,-0.980478,1.22842,0.411826,-1.54939,-0.0333043,2.99402
845,34.1818,805.294,0.0460938,0.458333,0.25,0.150662,1.23332,0.520746,-0.0114851,1.21013,8.77915e-05,0.0126557,0.26908,14871.7,0.537448,0.288817,-0.4,0.1,731.933,1.03834e+07,0.305026,0.0280968,0.565373,0.0368878,-0.712222,0.805294,0.100565,nan,nan,nan,nan,-0.0312317,-0.141759,-0.0520276,nan,-0.284014,0,-0.162362,-0.687181,nan,-0.949412,1.2255,0.412706,-1.56,-0.0305882,2.84044
846,35.2733,860.231,0.0499767,0.333333,0.208333,0.148561,1.24008,0.513782,-0.0107819,1.20944,8.77915e-05,0.00969161,0.269059,16052,0.5036,0.26191,-0.4,0.1,732.701,1.03956e+07,0.315466,0.027843,0.595666,0.0415119,-0.763066,0.860231,0.107169,nan,nan,nan,nan,-0.0335692,-0.155836,-0.0558535,nan,-0.30212,0,-0.177213,-0.734963,nan,-1.07423,1.31071,0.452,-1.66277,-0.0315385,3.04423
847,34.0469,673.455,0.0447698,0.0833333,0.375,0.153199,1.21518,0.450021,-0.0102531,1.2082,8.77915e-05,0.0124682,0.26904,14944.1,0.473833,0.348429,-0.4,0.1,733.524,1.04079e+07,0.224448,0.0201352,0.449857,0.0326083,-0.597503,0.673455,0.0858182,nan,nan,nan,nan,-0.0275029,-0.127863,-0.042984,nan,-0.236755,0,-0.139667,-0.574919,nan,-0.861818,1.01836,0.333455,-1.30764,-0.0225455,2.80341
848,39.5073,871.529,0.0452292,0.541667,0.166667,0.151035,1.22437,0.443335,-0.0106475,1.20591,8.77915e-05,0.00923591,0.268936,12964.3,0.614684,0.33315,-0.4,0.1,734.474,1.04202e+07,0.347387,0.0287929,0.596966,0.0393767,-0.764247,0.871529,0.102182,nan,nan,nan,nan,-0.0312287,-0.145714,-0.0535005,nan,-0.305017,0,-0.178909,-0.72571,nan,-1.086,1.34143,0.426118,-1.66282,-0.026,3.20074
849,32.13,842.25,0.043439,0.375,0.125,0.150587,1.26556,0.469859,-0.0114234,1.20108,8.77915e-05,0.00724139,0.268872,13565.2,0.569505,0.336344,-0.4,0.1,735.381,1.04325e+07,0.347466,0.0310074,0.589329,0.0396505,-0.736689,0.84225,0.0937167,nan,nan,nan,nan,-0.0284042,-0.127933,-0.0486086,nan,-0.294502,0,-0.177275,-0.701969,nan,-1.001,1.30796,0.386,-1.624,-0.0321667,2.74167
850,38.0795,774,0.0472337,0.541667,0.25,0.144896,1.24485,0.405292,-0.0104241,1.19824,8.77915e-05,0.0162964,0.268799,13098.8,0.595176,0.342924,-0.4,0.1,736.321,1.04448e+07,0.259982,0.0251401,0.52156,0.0423772,-0.687478,0.774,0.100621,nan,nan,nan,nan,-0.0306237,-0.150426,-0.0502091,nan,-0.270349,0,-0.164755,-0.651714,nan,-0.960789,1.19319,0.381053,-1.49979,-0.0297895,3.10197
851,35.9242,752.267,0.0454808,0.416667,0.208333,0.144304,1.18982,0.531875,-0.0101569,1.19509,8.77915e-05,0.0114756,0.268754,15266.7,0.536876,0.268011,-0.4,0.1,737.127,1.04571e+07,0.275458,0.0254991,0.519466,0.0347103,-0.65405,0.752267,0.0973733,nan,nan,nan,nan,-0.0294105,-0.134894,-0.0497479,nan,-0.264625,0,-0.152816,-0.640376,nan,-0.9284,1.15032,0.3952,-1.44507,-0.0272,2.8725
852,38.434,853.263,0.0445699,0.583333,0.208333,0.146119,1.22456,0.442491,-0.00942491,1.19303,8.77915e-05,0.0118661,0.268717,15877.9,0.494842,0.279062,-0.4,0.1,737.902,1.04694e+07,0.321149,0.02771,0.592429,0.0404214,-0.750218,0.853263,0.105674,nan,nan,nan,nan,-0.0336277,-0.162842,-0.0552126,nan,-0.300672,-0.000105263,-0.175008,-0.724528,nan,-1.05458,1.30774,0.431579,-1.63747,-0.0297895,3.16579
853,48.0117,947.579,0.0458829,0.666667,0.125,0.155265,1.2307,0.513192,-0.0093069,1.19166,8.77915e-05,0.0142177,0.268726,13167.3,0.599468,0.333755,-0.4,0.1,738.837,1.04817e+07,0.370699,0.0303534,0.662396,0.0475467,-0.836632,0.947579,0.117016,nan,nan,nan,nan,-0.0360909,-0.167781,-0.0632297,nan,-0.332035,0,-0.196623,-0.786691,nan,-1.12611,1.46905,0.494526,-1.81095,-0.0370526,3.65461
854,31.9079,696.533,0.0435029,0.25,0.375,0.151911,1.25919,0.564512,-0.0114477,1.19206,8.77915e-05,0.0150377,0.268751,13072.6,0.619865,0.320113,-0.4,0.1,739.779,1.0494e+07,0.303096,0.0231603,0.479002,0.0307007,-0.615401,0.696533,0.0815067,nan,nan,nan,nan,-0.026491,-0.122575,-0.043948,nan,-0.244178,0,-0.143386,-0.601248,nan,-0.8704,1.06552,0.333067,-1.33573,-0.0246667,2.61083
855,44.4172,822.467,0.0458153,0.291667,0.333333,0.147454,1.22296,0.576397,-0.00939486,1.19186,8.77915e-05,0.0105963,0.268703,13504.9,0.559524,0.350371,-0.4,0.1,740.69,1.05062e+07,0.294315,0.0317445,0.557941,0.0400863,-0.721381,0.822467,0.110947,nan,nan,nan,nan,-0.0350493,-0.159532,-0.0585551,nan,-0.29031,-6.66667e-05,-0.166638,-0.721997,nan,-1.0316,1.25789,0.426667,-1.57733,-0.0304,3.47167
856,37.7253,836.957,0.0453958,0.625,0.333333,0.146446,1.23292,0.508406,-0.0112045,1.18827,8.77915e-05,0.010149,0.268611,14001.6,0.607067,0.270547,-0.4,0.1,741.569,1.05185e+07,0.320145,0.0299191,0.568024,0.0394104,-0.733418,0.836957,0.104117,nan,nan,nan,nan,-0.0325564,-0.158606,-0.0544244,nan,-0.293181,0,-0.175084,-0.71431,nan,-1.04191,1.27149,0.417217,-1.61965,-0.0311304,3.15326
857,37.3804,852.375,0.0445121,0.208333,0.125,0.146175,1.23909,0.521184,-0.0104544,1.18408,8.77915e-05,0.0120467,0.268534,16555.3,0.48682,0.255422,-0.4,0.1,742.313,1.05308e+07,0.299223,0.0254596,0.562141,0.0394304,-0.742552,0.852375,0.0937625,nan,nan,nan,nan,-0.0288488,-0.139958,-0.0485969,nan,-0.295626,0,-0.183528,-0.699824,nan,-1.05862,1.29588,0.3785,-1.6355,-0.03375,3.18906
858,45.2753,905.294,0.044456,0.541667,0.166667,0.146438,1.26524,0.489174,-0.0101,1.18079,8.77915e-05,0.0138196,0.268456,14448,0.492186,0.358314,-0.4,0.1,743.164,1.05431e+07,0.418927,0.0319917,0.625059,0.0424128,-0.794953,0.905294,0.117053,nan,nan,nan,nan,-0.0347567,-0.167516,-0.0588886,nan,-0.318159,-5.88235e-05,-0.185602,-0.772759,nan,-1.12782,1.38249,0.458118,-1.73247,-0.0334118,3.50882
859,35.6292,775.615,0.0451165,0.333333,0.208333,0.150953,1.25939,0.453525,-0.0114359,1.17638,8.77915e-05,0.0156503,0.268331,12986,0.579131,0.367122,-0.4,0.1,744.112,1.05554e+07,0.271899,0.0272706,0.529904,0.0368701,-0.687192,0.775615,0.0992692,nan,nan,nan,nan,-0.0317041,-0.149237,-0.0514765,nan,-0.272523,0,-0.16192,-0.664669,nan,-0.973385,1.18035,0.392308,-1.49908,-0.0312308,2.99038
860,30.9368,655,0.0475963,0.25,0.25,0.148026,1.27065,0.540974,-0.0114152,1.17053,8.77915e-05,0.0158887,0.268214,13949.5,0.572598,0.308291,-0.4,0.1,744.994,1.05677e+07,0.308054,0.0212872,0.443131,0.0309869,-0.577952,0.655,0.08245,nan,nan,nan,nan,-0.0262299,-0.117705,-0.0424897,nan,-0.229222,0,-0.138038,-0.559751,nan,-0.81925,1.00048,0.31,-1.258,-0.0255,2.48958
861,25.3656,757.533,0.0469951,0.333333,0.291667,0.143992,1.2477,0.506385,-0.00996077,1.16718,8.77915e-05,0.0115607,0.268194,13273,0.593319,0.33247,-0.4,0.1,745.921,1.058e+07,0.358481,0.0300893,0.523811,0.0292731,-0.653669,0.757533,0.07658,nan,nan,nan,nan,-0.0243688,-0.108332,-0.0410064,nan,-0.264466,0,-0.155732,-0.643901,nan,-0.9126,1.16702,0.316533,-1.45493,-0.0212,2.28917
862,40.3957,853.417,0.0535694,0.416667,0.0833333,0.145485,1.21134,0.465594,-0.00836092,1.16689,8.77915e-05,0.0131117,0.268201,15004.3,0.540482,0.278483,-0.4,0.1,746.742,1.05923e+07,0.367819,0.0284861,0.573851,0.042842,-0.751025,0.853417,0.105275,nan,nan,nan,nan,-0.0325469,-0.155456,-0.054036,nan,-0.297568,0,-0.181689,-0.729835,nan,-1.07725,1.30217,0.425667,-1.636,-0.0351667,3.27083
863,28.9473,728.889,0.0457772,0.416667,0.333333,0.148221,1.21197,0.531291,-0.0105138,1.16671,8.77915e-05,0.0129029,0.268209,17038.2,0.475319,0.245882,-0.4,0.1,747.464,1.06045e+07,0.28145,0.0239243,0.482632,0.0315284,-0.637924,0.728889,0.0841833,nan,nan,nan,nan,-0.0268451,-0.129985,-0.0435423,nan,-0.255078,0,-0.152725,-0.630227,nan,-0.890667,1.11405,0.313111,-1.41289,-0.0248889,2.59236
864,39.5582,791.917,0.0488969,0.333333,0.166667,0.145619,1.21691,0.487532,-0.0102152,1.16659,8.77915e-05,0.00811697,0.268206,15673.4,0.474434,0.309568,-0.4,0.1,748.25,1.06168e+07,0.317226,0.0248027,0.537092,0.0388668,-0.691743,0.791917,0.100475,nan,nan,nan,nan,-0.0307359,-0.147075,-0.0521293,nan,-0.275386,0,-0.167109,-0.684829,nan,-0.9815,1.22883,0.409667,-1.522,-0.0278333,3.10938
865,36.1997,775.667,0.0483873,0.333333,0.166667,0.142716,1.23087,0.459398,-0.0109719,1.16605,8.77915e-05,0.0141099,0.2682,12862.2,0.615949,0.339411,-0.4,0.1,749.207,1.06291e+07,0.36263,0.0283657,0.543649,0.0301685,-0.672414,0.775667,0.0909167,nan,nan,nan,nan,-0.0297087,-0.134553,-0.0518072,nan,-0.273227,0,-0.154778,-0.661115,nan,-0.97075,1.17723,0.413,-1.48033,-0.0298333,2.84688
866,41.3765,922.8,0.0454791,0.541667,0.0833333,0.144721,1.22116,0.481366,-0.0100688,1.16319,8.77915e-05,0.0135931,0.268071,13089.3,0.620355,0.318428,-0.4,0.1,750.147,1.06414e+07,0.349096,0.0342597,0.618967,0.0408335,-0.810602,0.9228,0.1163,nan,nan,nan,nan,-0.034801,-0.174037,-0.0575277,nan,-0.323212,0,-0.194535,-0.783855,nan,-1.1672,1.40437,0.4488,-1.80187,-0.0314667,3.5125
867,47.6323,832.9,0.0474311,0.291667,0.125,0.141373,1.23078,0.454111,-0.0107982,1.15782,8.77915e-05,0.0109697,0.268007,13815.1,0.572235,0.317228,-0.4,0.1,751.037,1.06537e+07,0.405493,0.0248223,0.568145,0.039718,-0.72091,0.8329,0.11318,nan,nan,nan,nan,-0.0350085,-0.164393,-0.0568295,nan,-0.293581,0,-0.170363,-0.74936,nan,-1.0491,1.2623,0.434,-1.6152,-0.0342,3.59
868,35.2649,825.947,0.0470284,0.541667,0.25,0.147015,1.19527,0.480904,-0.0115239,1.15659,8.77915e-05,0.0145428,0.267984,14176,0.58843,0.278385,-0.4,0.1,751.906,1.0666e+07,0.370871,0.0253735,0.567244,0.0349745,-0.711834,0.825947,0.0974632,nan,nan,nan,nan,-0.0299614,-0.140439,-0.0531156,nan,-0.28836,0,-0.170702,-0.718437,nan,-1.02332,1.25754,0.423579,-1.57074,-0.0328421,2.9
869,42.0702,931.154,0.0507803,0.5,0.0416667,0.142733,1.20187,0.429381,-0.0101252,1.15481,8.77915e-05,0.0167702,0.267937,16954.1,0.47848,0.2463,-0.4,0.1,752.632,1.06783e+07,0.387014,0.0314796,0.619425,0.0423601,-0.807929,0.931154,0.117046,nan,nan,nan,nan,-0.0353406,-0.174843,-0.0572372,nan,-0.324794,-0.000153846,-0.196757,-0.809166,nan,-1.167,1.42537,0.437846,-1.804,-0.0330769,3.52212
870,41.6452,896.75,0.0495808,0.541667,0.125,0.147003,1.23499,0.495936,-0.0107908,1.1527,8.77915e-05,0.0148636,0.26791,16258.1,0.505715,0.250094,-0.4,0.1,753.389,1.06906e+07,0.444543,0.0300704,0.61815,0.0369644,-0.774392,0.89675,0.103675,nan,nan,nan,nan,-0.0317841,-0.148288,-0.0553957,nan,-0.314929,0,-0.182951,-0.784997,nan,-1.10194,1.37391,0.448,-1.6955,-0.03275,3.25312
871,34.2543,664.267,0.0499711,0.291667,0.333333,0.147249,1.22178,0.580682,-0.0109555,1.15111,8.77915e-05,0.00961313,0.267861,17054.1,0.478549,0.24198,-0.4,0.1,754.11,1.07028e+07,0.282931,0.0208145,0.452364,0.0287694,-0.575893,0.664267,0.0871867,nan,nan,nan,nan,-0.0282094,-0.13573,-0.0472487,nan,-0.233847,0,-0.13503,-0.585728,nan,-0.8556,0.995668,0.3592,-1.27947,-0.0284,2.72667
872,36.889,734.733,0.0525475,0.25,0.375,0.147694,1.23894,0.669958,-0.00936938,1.14749,8.77915e-05,0.00674462,0.267777,17007,0.480352,0.242175,-0.4,0.1,754.834,1.07151e+07,0.269711,0.0238793,0.489504,0.0312288,-0.633976,0.734733,0.0934467,nan,nan,nan,nan,-0.0300904,-0.144559,-0.0492686,nan,-0.2587,-0.0006,-0.149868,-0.624748,nan,-0.928,1.11029,0.3704,-1.4096,-0.026,2.97667
873,30.4359,769,0.0534298,0.25,0.208333,0.145429,1.23586,0.503636,-0.011123,1.14394,8.77915e-05,0.0140489,0.267726,16610.1,0.493181,0.246612,-0.4,0.1,755.575,1.07274e+07,0.28327,0.0229136,0.514999,0.0325229,-0.677599,0.769,0.0981727,nan,nan,nan,nan,-0.0307313,-0.154947,-0.0493595,nan,-0.271276,-9.09091e-05,-0.158606,-0.674432,nan,-0.981545,1.15914,0.36,-1.49855,-0.0256364,2.80455
874,33.7894,717.167,0.0527728,0.291667,0.208333,0.146631,1.23862,0.543564,-0.0110052,1.14159,8.77915e-05,0.0138517,0.267673,16923.6,0.481005,0.245081,-0.4,0.1,756.303,1.07397e+07,0.265683,0.0245387,0.488076,0.0290973,-0.620826,0.717167,0.0947583,nan,nan,nan,nan,-0.028925,-0.140083,-0.0455746,nan,-0.253101,0,-0.14568,-0.634338,nan,-0.9065,1.08664,0.330667,-1.41133,-0.0243333,2.86354
875,29.3309,778.158,0.0551533,0.5,0.291667,0.147153,1.25386,0.588154,-0.0111848,1.13919,8.77915e-05,0.013112,0.267638,16948.6,0.482853,0.242162,-0.4,0.1,757.029,1.0752e+07,0.334994,0.0300466,0.520274,0.0317828,-0.675962,0.778158,0.0836105,nan,nan,nan,nan,-0.025464,-0.126571,-0.0411759,nan,-0.270416,0,-0.164583,-0.655744,nan,-0.966,1.18997,0.311368,-1.50274,-0.0231579,2.63816
876,47.7228,891.632,0.0475987,0.625,0.166667,0.148718,1.2131,0.515863,-0.0100159,1.13792,8.77915e-05,0.0102397,0.267634,16893.5,0.480685,0.246695,-0.4,0.1,757.758,1.07643e+07,0.378621,0.0287283,0.603876,0.0382471,-0.771398,0.891632,0.115026,nan,nan,nan,nan,-0.0359958,-0.178161,-0.0611501,nan,-0.312715,0,-0.184303,-0.77286,nan,-1.12232,1.35338,0.441474,-1.68926,-0.0353684,3.69868
877,38.9953,802.385,0.0562704,0.416667,0.125,0.144461,1.22326,0.451275,-0.00827049,1.13731,8.77915e-05,0.0170558,0.267619,16749.3,0.477997,0.255647,-0.4,0.1,758.493,1.07766e+07,0.296614,0.0259616,0.540326,0.0369018,-0.695061,0.802385,0.101831,nan,nan,nan,nan,-0.0307306,-0.150396,-0.0518645,nan,-0.27951,0,-0.170251,-0.676314,nan,-0.971077,1.21072,0.4,-1.564,-0.0315385,3.15577
878,41.2724,871.308,0.0521688,0.416667,0.125,0.142089,1.24099,0.502195,-0.0118522,1.13594,8.77915e-05,0.014266,0.267592,16193.4,0.513015,0.245811,-0.4,0.1,759.253,1.07889e+07,0.417742,0.0330134,0.59961,0.0331591,-0.754543,0.871308,0.107554,nan,nan,nan,nan,-0.0333022,-0.16807,-0.0560114,nan,-0.306908,0,-0.177163,-0.766855,nan,-1.11531,1.32324,0.406769,-1.67292,-0.0276923,3.35
879,41.9951,811.909,0.0497574,0.291667,0.166667,0.143249,1.21292,0.513539,-0.0105589,1.13536,8.77915e-05,0.0153589,0.267618,17051,0.477787,0.242873,-0.4,0.1,759.975,1.08012e+07,0.310294,0.0287403,0.537706,0.0336029,-0.712518,0.811909,0.109464,nan,nan,nan,nan,-0.0331469,-0.172723,-0.052078,nan,-0.286934,0,-0.166888,-0.707084,nan,-1.03473,1.20177,0.370545,-1.56836,-0.0243636,3.45455
880,49.703,935.905,0.0559207,0.75,0.125,0.143848,1.20113,0.547014,-0.00932516,1.13579,8.77915e-05,0.0134462,0.267586,16542.3,0.490627,0.252197,-0.4,0.1,760.719,1.08134e+07,0.410691,0.0288527,0.639029,0.0425581,-0.817219,0.935905,0.127229,nan,nan,nan,nan,-0.0395445,-0.194288,-0.0666634,nan,-0.329649,0,-0.191395,-0.819964,nan,-1.189,1.42458,0.492952,-1.80705,-0.0362857,3.8744
881,44.8048,849,0.0518275,0.416667,0.0833333,0.144053,1.2229,0.481557,-0.0114538,1.13354,8.77915e-05,0.01932,0.26756,17253.7,0.468368,0.243829,-0.4,0.1,761.433,1.08257e+07,0.334959,0.0296225,0.571867,0.0329938,-0.741407,0.849,0.11075,nan,nan,nan,nan,-0.0328432,-0.167574,-0.0551529,nan,-0.299512,0,-0.176248,-0.739547,nan,-1.0935,1.28083,0.403333,-1.63,-0.029,3.59167
882,38.923,855.417,0.0530078,0.333333,0.166667,0.146223,1.23034,0.482881,-0.0100506,1.13188,8.77915e-05,0.0128968,0.267499,17012.2,0.480281,0.242024,-0.4,0.1,762.156,1.0838e+07,0.354691,0.0302232,0.575605,0.0377718,-0.752199,0.855417,0.105725,nan,nan,nan,nan,-0.0333915,-0.173378,-0.0539538,nan,-0.299787,-0.00025,-0.179576,-0.747573,nan,-1.1,1.28903,0.391667,-1.65433,-0.0276667,3.32812
883,37.8711,858.778,0.0536926,0.25,0.125,0.149213,1.21605,0.563886,-0.00967677,1.12894,8.77915e-05,0.0111909,0.267446,16460.8,0.474485,0.272014,-0.4,0.1,762.904,1.08503e+07,0.328274,0.0293216,0.560743,0.0394367,-0.753339,0.858778,0.107778,nan,nan,nan,nan,-0.0331943,-0.173471,-0.0553625,nan,-0.299715,0,-0.183977,-0.742823,nan,-1.089,1.28622,0.400889,-1.65733,-0.0324444,3.30278
884,35.2264,855.111,0.0537967,0.583333,0.166667,0.148983,1.26581,0.499433,-0.00889742,1.12643,8.77915e-05,0.0106743,0.267377,16284.3,0.503393,0.251201,-0.4,0.1,763.66,1.08626e+07,0.349824,0.0290411,0.568082,0.0297119,-0.745566,0.855111,0.0956778,nan,nan,nan,nan,-0.0288876,-0.149586,-0.0481787,nan,-0.298323,0,-0.181987,-0.73782,nan,-1.08517,1.29467,0.353333,-1.65022,-0.0231111,3.13472
885,44.3158,810.077,0.0531659,0.375,0.166667,0.146393,1.24867,0.51786,-0.0107158,1.12367,8.77915e-05,0.0112386,0.267343,17136.8,0.476281,0.240773,-0.4,0.1,764.378,1.08749e+07,0.347818,0.0207755,0.553742,0.0313669,-0.701593,0.810077,0.104292,nan,nan,nan,nan,-0.0320565,-0.154646,-0.054816,nan,-0.284957,0,-0.165496,-0.696285,nan,-1.00985,1.21761,0.419692,-1.56462,-0.0281538,3.40288
886,40.9897,907.565,0.0511712,0.75,0.208333,0.143868,1.2276,0.517359,-0.0105402,1.12259,8.77915e-05,0.0122162,0.267337,16933.8,0.483447,0.242201,-0.4,0.1,765.105,1.08872e+07,0.401747,0.0306403,0.601432,0.0331779,-0.794825,0.907565,0.115443,nan,nan,nan,nan,-0.0362126,-0.192904,-0.0591088,nan,-0.319663,0,-0.186782,-0.802188,nan,-1.203,1.35712,0.425913,-1.75217,-0.0310435,3.55435
887,47.3486,926.091,0.0492605,0.375,0.0833333,0.146483,1.23564,0.539492,-0.00913033,1.12203,0.000131687,0.00447509,0.267321,15925.5,0.479095,0.292498,-0.4,0.1,765.878,1.08995e+07,0.344471,0.032337,0.616916,0.0377779,-0.817585,0.926091,0.127745,nan,nan,nan,nan,-0.0379163,-0.196966,-0.0634431,nan,-0.324232,0,-0.197333,-0.790169,nan,-1.23,1.3826,0.445455,-1.81018,-0.0338182,3.95568
888,36.4399,749.182,0.0548804,0.291667,0.166667,0.145653,1.21598,0.453238,-0.0088592,1.12066,0.000131687,0.0125117,0.267272,16843.9,0.473696,0.255824,-0.4,0.1,766.609,1.09117e+07,0.37881,0.0259625,0.525975,0.0269401,-0.649126,0.749182,0.0897909,nan,nan,nan,nan,-0.0282336,-0.127251,-0.0477078,nan,-0.261083,0,-0.155734,-0.622499,nan,-0.942,1.14306,0.348364,-1.42909,-0.0283636,2.825
889,43.0334,920.077,0.0507035,0.458333,0.0833333,0.145381,1.229,0.580689,-0.011217,1.11695,0.000131687,0.0179162,0.267152,17064,0.46713,0.252984,-0.4,0.1,767.33,1.0924e+07,0.359514,0.0325987,0.61153,0.0359307,-0.804867,0.920077,0.117085,nan,nan,nan,nan,-0.0354346,-0.187068,-0.0575976,nan,-0.32258,0,-0.192838,-0.794729,nan,-1.18615,1.39078,0.409231,-1.77385,-0.0286154,3.65865
890,38.3118,811.571,0.0487822,0.375,0.208333,0.144362,1.22934,0.567327,-0.011295,1.11171,0.000131687,0.0172316,0.267074,16961.9,0.481594,0.242854,-0.4,0.1,768.056,1.09363e+07,0.358594,0.0310085,0.543125,0.0271557,-0.707335,0.811571,0.103771,nan,nan,nan,nan,-0.0322397,-0.175301,-0.0525199,nan,-0.285927,0,-0.171154,-0.717339,nan,-1.08257,1.20539,0.346286,-1.56629,-0.0224286,3.30179
891,42.9103,901,0.0547289,0.458333,0.125,0.143712,1.25273,0.607323,-0.0106177,1.10937,0.000131687,0.016546,0.267091,17057.8,0.478376,0.241998,-0.4,0.1,768.778,1.09486e+07,0.401217,0.0269922,0.599956,0.0379277,-0.784838,0.901,0.12065,nan,nan,nan,nan,-0.0364515,-0.189096,-0.057848,nan,-0.3145,-0.000785714,-0.190864,-0.778186,nan,-1.16786,1.35441,0.434571,-1.75714,-0.0304286,3.57679
892,41.0048,810.789,0.0481111,0.458333,0.333333,0.14713,1.21362,0.571618,-0.0110846,1.1089,0.000131687,0.0159661,0.267067,16971.9,0.471981,0.252041,-0.4,0.1,769.503,1.09609e+07,0.349333,0.0267561,0.551209,0.0327298,-0.711692,0.810789,0.104158,nan,nan,nan,nan,-0.0327001,-0.16157,-0.0546842,nan,-0.283242,0,-0.171869,-0.69439,nan,-1.01747,1.22078,0.389263,-1.56042,-0.0309474,3.28421
893,43.5799,903.062,0.0512519,0.5,0.166667,0.149771,1.24034,0.568583,-0.0107334,1.10563,8.77915e-05,0.0228038,0.266966,17304.3,0.467663,0.242448,-0.4,0.1,770.215,1.09732e+07,0.389553,0.029655,0.596291,0.0335029,-0.786051,0.903062,0.117112,nan,nan,nan,nan,-0.0365572,-0.19129,-0.0590993,nan,-0.316195,0,-0.191466,-0.796623,nan,-1.20112,1.35007,0.42575,-1.75625,-0.029,3.69766
894,37.2834,761.842,0.0480693,0.5,0.291667,0.148171,1.23536,0.545431,-0.00903911,1.10101,8.77915e-05,0.0140302,0.266884,16992.8,0.48206,0.241068,-0.4,0.1,770.939,1.09855e+07,0.327887,0.0246408,0.500208,0.033119,-0.670764,0.761842,0.0981947,nan,nan,nan,nan,-0.0311196,-0.166649,-0.050076,nan,-0.266049,0,-0.164821,-0.657008,nan,-0.987158,1.15524,0.364421,-1.45937,-0.026,3.07763
895,45.0497,956.455,0.0502593,0.375,0.0833333,0.148162,1.21733,0.502206,-0.0109469,1.0978,8.77915e-05,0.0168295,0.266833,17231.8,0.469614,0.243486,-0.4,0.1,771.653,1.09978e+07,0.430726,0.0346122,0.63456,0.0387216,-0.831224,0.956455,0.119736,nan,nan,nan,nan,-0.0365927,-0.197526,-0.0617613,nan,-0.331859,0,-0.205803,-0.825755,nan,-1.23,1.41965,0.458909,-1.85345,-0.0350909,3.76818
896,46.8112,900,0.0509673,0.625,0.125,0.147639,1.22545,0.580372,-0.0101006,1.09594,8.77915e-05,0.0129403,0.266795,17212.4,0.471283,0.242621,-0.4,0.1,772.369,1.101e+07,0.360405,0.0288139,0.593215,0.0364599,-0.789637,0.9,0.120283,nan,nan,nan,nan,-0.036584,-0.194878,-0.0597194,nan,-0.313915,0,-0.193222,-0.794428,nan,-1.21033,1.35132,0.423111,-1.74378,-0.031,3.89444
897,39.7805,732.188,0.0527579,0.416667,0.25,0.14772,1.24423,0.543835,-0.0106586,1.0938,8.77915e-05,0.012062,0.26675,17200.3,0.472635,0.241772,-0.4,0.1,773.084,1.10223e+07,0.296124,0.0258877,0.49117,0.0306016,-0.638568,0.732187,0.0957687,nan,nan,nan,nan,-0.0300621,-0.149447,-0.0485065,nan,-0.255885,0,-0.156856,-0.635623,nan,-0.9705,1.0962,0.35025,-1.421,-0.026625,3.20391
898,35.7943,814.222,0.0532013,0.708333,0.416667,0.145448,1.23346,0.655318,-0.00988173,1.09161,8.77915e-05,0.00937975,0.266708,17036.7,0.470484,0.250782,-0.4,0.1,773.807,1.10346e+07,0.358728,0.0312691,0.551924,0.0276455,-0.707757,0.814222,0.0928667,nan,nan,nan,nan,-0.0297436,-0.155801,-0.0494436,nan,-0.284204,0,-0.172047,-0.706673,nan,-1.03644,1.2338,0.344,-1.55852,-0.0261481,3.06204
899,38.1177,735.333,0.0525576,0.333333,0.166667,0.146493,1.23302,0.514762,-0.00988496,1.09012,8.77915e-05,0.0110373,0.266685,16653.8,0.486056,0.251793,-0.4,0.1,774.546,1.10469e+07,0.303288,0.0263361,0.493655,0.0301442,-0.645128,0.735333,0.100733,nan,nan,nan,nan,-0.0314948,-0.166502,-0.0504596,nan,-0.256752,0,-0.160158,-0.642158,nan,-0.98025,1.08784,0.399,-1.41667,-0.0281667,3.10729
900,39.4411,791.235,0.0518973,0.458333,0.25,0.147494,1.22698,0.558707,-0.0111472,1.08884,8.77915e-05,0.0113394,0.266659,16801,0.486312,0.245073,-0.4,0.1,775.279,1.10592e+07,0.317952,0.0256435,0.515695,0.0321248,-0.69867,0.791235,0.104412,nan,nan,nan,nan,-0.0332706,-0.177207,-0.0531966,nan,-0.276328,0,-0.170374,-0.684458,nan,-1.03835,1.16588,0.381882,-1.53529,-0.0287059,3.33309
901,30.9862,659.375,0.0519496,0.166667,0.166667,0.146863,1.24888,0.569504,-0.00927432,1.08674,8.77915e-05,0.01055,0.266583,12661.7,0.611164,0.359324,-0.4,0.1,778.239,1.10715e+07,0.271753,0.0231216,0.426523,0.019428,-0.588244,0.659375,0.087825,nan,nan,nan,nan,-0.0304279,-0.167859,-0.043075,nan,-0.234077,0,-0.139024,-0.611175,nan,-0.90075,0.981351,0.2835,-1.273,-0.0175,2.80156
902,46.3636,895.25,0.0491116,0.416667,0.0833333,0.145711,1.28385,0.562299,-0.010083,1.08278,8.77915e-05,0.0116209,0.266493,12975.6,0.650629,0.296381,-0.4,0.1,779.188,1.10838e+07,0.36863,0.0323075,0.61329,0.0334777,-0.786237,0.89525,0.119958,nan,nan,nan,nan,-0.0365412,-0.188548,-0.0621826,nan,-0.315293,0,-0.187614,-0.76819,nan,-1.16025,1.32408,0.424,-1.72933,-0.0305,3.77188
903,45.5728,856,0.0523815,0.416667,0.125,0.146454,1.25094,0.517821,-0.0110746,1.07832,8.77915e-05,0.0148443,0.266384,12774.8,0.591089,0.370808,-0.4,0.1,780.152,1.10961e+07,0.344983,0.0304938,0.574339,0.0307618,-0.748643,0.856,0.113162,nan,nan,nan,nan,-0.0355468,-0.19098,-0.0575203,nan,-0.299402,0,-0.184644,-0.762591,nan,-1.15062,1.295,0.400615,-1.64923,-0.026,3.73846
904,41.0228,786.789,0.0499643,0.5,0.291667,0.14566,1.26307,0.569564,-0.0111426,1.07372,8.77915e-05,0.0134695,0.266312,13086.4,0.577678,0.361314,-0.4,0.1,781.092,1.11084e+07,0.374823,0.026531,0.522414,0.0274991,-0.695084,0.786789,0.101142,nan,nan,nan,nan,-0.0325879,-0.180158,-0.0516021,nan,-0.275817,-0.000210526,-0.16832,-0.706595,nan,-1.08584,1.16545,0.361053,-1.52232,-0.0243158,3.42829
905,53.1354,999,0.0493852,0.333333,0.0416667,0.145097,1.2385,0.462722,-0.0112724,1.07056,8.77915e-05,0.0114741,0.266226,13080.2,0.581323,0.358109,-0.4,0.1,782.033,1.11206e+07,0.331449,0.0365804,0.650415,0.0353507,-0.892572,0.999,0.136,nan,nan,nan,nan,-0.0417962,-0.243032,-0.0664488,nan,-0.35151,0,-0.212556,-0.896221,nan,-1.37567,1.4665,0.444889,-1.94889,-0.03,4.61528
906,46.6088,863.4,0.0527603,0.291667,0.125,0.14793,1.25906,0.525276,-0.00949208,1.06718,8.77915e-05,0.0107418,0.26617,13167.6,0.623701,0.309498,-0.4,0.1,782.968,1.11329e+07,0.327989,0.029436,0.581592,0.0305151,-0.773382,0.8634,0.12519,nan,nan,nan,nan,-0.0388977,-0.22089,-0.0627633,nan,-0.305232,0,-0.186818,-0.782832,nan,-1.2126,1.26683,0.4172,-1.6872,-0.0286,3.9875
907,46.4604,1000,0.0523598,0.375,0,0.151773,1.2416,0.526706,-0.0117281,1.06491,8.77915e-05,0.0172565,0.266127,12597.4,0.602188,0.373252,-0.4,0.1,783.944,1.11452e+07,0.404522,0.0375401,0.66151,0.0351868,-0.871078,1,0.128433,nan,nan,nan,nan,-0.0398424,-0.21254,-0.065537,nan,-0.347023,0,-0.217606,-0.882168,nan,-1.331,1.48262,0.477333,-1.92133,-0.0326667,4.01667
908,50.1976,835.091,0.052014,0.25,0.208333,0.151326,1.21276,0.478222,-0.0108582,1.06363,8.77915e-05,0.0133188,0.266119,11894.2,0.653863,0.379243,-0.4,0.1,784.98,1.11575e+07,0.344787,0.0286351,0.530835,0.0389857,-0.73692,0.835091,0.120491,nan,nan,nan,nan,-0.0365491,-0.194383,-0.0580619,nan,-0.290439,0,-0.183799,-0.725057,nan,-1.12445,1.23822,0.423273,-1.61673,-0.0329091,3.94886
909,48.3755,957.75,0.0546972,0.416667,0.0833333,0.14965,1.24053,0.583188,-0.0107427,1.06324,8.77915e-05,0.0117913,0.266107,13926.8,0.569245,0.313084,-0.4,0.1,785.864,1.11698e+07,0.405985,0.0337812,0.644347,0.032584,-0.850456,0.95775,0.1224,nan,nan,nan,nan,-0.0387054,-0.216445,-0.0611161,nan,-0.335108,0,-0.207752,-0.849229,nan,-1.31175,1.41882,0.417333,-1.829,-0.0313333,4.11667
910,42.3176,897.111,0.0488817,0.583333,0.166667,0.141196,1.24446,0.502863,-0.010672,1.06245,8.77915e-05,0.0162127,0.266093,14054.5,0.583553,0.290759,-0.4,0.1,786.74,1.11821e+07,0.379713,0.0303228,0.612517,0.0278666,-0.78281,0.897111,0.109272,nan,nan,nan,nan,-0.0353475,-0.189348,-0.0561888,nan,-0.313176,0,-0.192227,-0.796442,nan,-1.2025,1.34042,0.381333,-1.71711,-0.0282222,3.65069
911,52.9271,894.125,0.0532799,0.5,0.166667,0.145967,1.22822,0.62892,-0.00989855,1.06136,8.77915e-05,0.0105421,0.266045,13493.2,0.559713,0.350965,-0.4,0.1,787.652,1.11944e+07,0.342607,0.0306915,0.594772,0.0329318,-0.789075,0.894125,0.126375,nan,nan,nan,nan,-0.039538,-0.216731,-0.0639415,nan,-0.314573,0,-0.191888,-0.793496,nan,-1.21219,1.31181,0.44525,-1.74875,-0.033125,4.27109
912,32.5308,745.4,0.0477213,0.5,0.333333,0.147795,1.26651,0.625593,-0.0113764,1.0596,8.77915e-05,0.0123524,0.26602,12859.4,0.59263,0.362932,-0.4,0.1,788.609,1.12067e+07,0.298925,0.0258613,0.497894,0.02463,-0.662212,0.7454,0.09426,nan,nan,nan,nan,-0.0308001,-0.175862,-0.0468683,nan,-0.261909,-0.00025,-0.161811,-0.674382,nan,-0.99705,1.10631,0.3036,-1.441,-0.0232,3.005
913,57.5481,1000,0.0545624,0.458333,0,0.145627,1.23032,0.593749,-0.00895728,1.05871,8.77915e-05,0.0158854,0.265962,12460.9,0.577388,0.408738,-0.4,0.1,789.596,1.12189e+07,0.396761,0.0293331,0.670139,0.0373227,-0.875264,1,0.137864,nan,nan,nan,nan,-0.0410844,-0.224151,-0.0687701,nan,-0.349647,0,-0.217559,-0.893293,nan,-1.323,1.47403,0.491273,-1.948,-0.0367273,4.61818
914,43.3669,789.688,0.0503509,0.375,0.291667,0.144761,1.25348,0.682836,-0.0111895,1.0554,8.77915e-05,0.0149047,0.265893,12375.5,0.642581,0.350352,-0.4,0.1,790.591,1.12312e+07,0.305821,0.0266385,0.523197,0.029637,-0.699419,0.789687,0.105975,nan,nan,nan,nan,-0.0343367,-0.19257,-0.0537259,nan,-0.276891,0,-0.172604,-0.700119,nan,-1.08619,1.16112,0.382,-1.52925,-0.02625,3.61563
915,54.496,858.875,0.0491514,0.5,0.166667,0.145929,1.26068,0.571753,-0.00876587,1.05189,8.77915e-05,0.00865922,0.265798,14592.4,0.527019,0.315061,-0.4,0.1,791.434,1.12435e+07,0.352083,0.0296118,0.572029,0.0299165,-0.762404,0.858875,0.123825,nan,nan,nan,nan,-0.0394159,-0.218304,-0.0614099,nan,-0.302513,0,-0.185007,-0.767396,nan,-1.18987,1.27132,0.39725,-1.66625,-0.026125,4.30859
916,47.8768,817.214,0.0506834,0.416667,0.166667,0.143576,1.26691,0.613644,-0.0104118,1.04791,8.77915e-05,0.00675229,0.265753,12525,0.646116,0.334959,-0.4,0.1,792.417,1.12558e+07,0.354194,0.0293803,0.554135,0.0284489,-0.71472,0.817214,0.112614,nan,nan,nan,nan,-0.0346889,-0.181366,-0.0568043,nan,-0.286718,0,-0.17587,-0.741468,nan,-1.14193,1.20734,0.408,-1.58029,-0.0232857,3.81964
917,47.3452,945.188,0.0487262,0.625,0.0416667,0.141366,1.25203,0.543351,-0.00957654,1.04597,8.77915e-05,0.0135565,0.265703,12153.2,0.620486,0.390609,-0.4,0.1,793.429,1.12681e+07,0.431495,0.033347,0.640371,0.0310011,-0.818609,0.945187,0.124131,nan,nan,nan,nan,-0.0389059,-0.199319,-0.0607462,nan,-0.329772,-0.000125,-0.203224,-0.815119,nan,-1.2135,1.40695,0.4355,-1.82675,-0.03325,3.85859
918,47.532,919.5,0.0526027,0.5,0.0833333,0.137955,1.28626,0.731831,-0.00957585,1.04332,8.77915e-05,0.0112028,0.265676,12711.9,0.587957,0.3787,-0.4,0.1,794.398,1.12804e+07,0.400047,0.03536,0.615785,0.0378567,-0.805591,0.9195,0.115186,nan,nan,nan,nan,-0.0346915,-0.184658,-0.0574876,nan,-0.31776,0,-0.204399,-0.761273,nan,-1.20107,1.38058,0.414,-1.77371,-0.0278571,3.82679
919,44.217,805.25,0.0499575,0.375,0.291667,0.138059,1.27745,0.653104,-0.0096296,1.04154,8.77915e-05,0.0112543,0.265645,14045,0.582258,0.292641,-0.4,0.1,795.275,1.12927e+07,0.327936,0.0255495,0.535131,0.0306135,-0.705322,0.80525,0.111606,nan,nan,nan,nan,-0.0348317,-0.188238,-0.0536011,nan,-0.281847,0,-0.177346,-0.702168,nan,-1.11281,1.18996,0.384,-1.5775,-0.024125,3.65859
920,46.5145,859.231,0.0562572,0.416667,0.125,0.141292,1.26248,0.599597,-0.00890013,1.03995,8.77915e-05,0.0110594,0.265616,14027.4,0.551151,0.324848,-0.4,0.1,796.152,1.1305e+07,0.365773,0.0309705,0.589127,0.0310354,-0.752336,0.859231,0.116523,nan,nan,nan,nan,-0.0366409,-0.200495,-0.0609133,nan,-0.300005,-0.000307692,-0.18879,-0.750901,nan,-1.15938,1.25915,0.430154,-1.66462,-0.0341538,3.79231
921,45.4543,830.158,0.0512828,0.541667,0.25,0.145366,1.25091,0.582316,-0.00995798,1.03838,8.77915e-05,0.0106369,0.265581,13667.3,0.587173,0.311907,-0.4,0.1,797.053,1.13172e+07,0.358316,0.0286904,0.546146,0.0305738,-0.743252,0.830158,0.117874,nan,nan,nan,nan,-0.0370491,-0.212898,-0.0570787,nan,-0.291209,0,-0.181096,-0.743159,nan,-1.16574,1.22559,0.369053,-1.62168,-0.0252632,3.84474
922,53.2868,1000,0.0542484,0.375,0,0.147203,1.26565,0.518572,-0.0109045,1.03589,8.77915e-05,0.0120149,0.2655,13858,0.565823,0.320884,-0.4,0.1,797.941,1.13295e+07,0.473377,0.0346245,0.679042,0.0353696,-0.875855,1,0.131289,nan,nan,nan,nan,-0.0386532,-0.206426,-0.0656168,nan,-0.347008,0,-0.220737,-0.869946,nan,-1.33867,1.49749,0.484889,-1.924,-0.0306667,4.24583
923,35.63,752.4,0.0548729,0.25,0.166667,0.140818,1.24734,0.552761,-0.00988583,1.03122,8.77915e-05,0.0125088,0.265402,11709.6,0.675652,0.373744,-0.4,0.1,798.992,1.13418e+07,0.334582,0.0239609,0.501353,0.023926,-0.657746,0.7524,0.08964,nan,nan,nan,nan,-0.0294113,-0.159788,-0.0473451,nan,-0.263175,0,-0.163521,-0.667732,nan,-1.0446,1.10626,0.3392,-1.436,-0.023,3.1025
924,49.3877,812.706,0.0516252,0.5,0.208333,0.141186,1.24632,0.670623,-0.0101679,1.02735,8.77915e-05,0.0139398,0.265355,15297.4,0.531569,0.271707,-0.4,0.1,799.796,1.13541e+07,0.358467,0.0268047,0.536873,0.029584,-0.71536,0.812706,0.116076,nan,nan,nan,nan,-0.0367223,-0.20615,-0.0583976,nan,-0.283554,0,-0.179912,-0.718004,nan,-1.10118,1.20009,0.396235,-1.59365,-0.0248235,3.91029
925,34.3706,706.455,0.0506833,0.291667,0.166667,0.145069,1.24502,0.719018,-0.010306,1.02487,8.77915e-05,0.0108474,0.265295,13689.7,0.581486,0.316126,-0.4,0.1,800.696,1.13664e+07,0.32805,0.0203192,0.486028,0.0254289,-0.610399,0.706455,0.0855273,nan,nan,nan,nan,-0.0276553,-0.139293,-0.0456953,nan,-0.244269,0,-0.154258,-0.601682,nan,-0.896182,1.07706,0.328,-1.35127,-0.0221818,2.75455
926,41.4168,762.647,0.0511065,0.416667,0.291667,0.139511,1.24382,0.583897,-0.00927685,1.02175,8.77915e-05,0.0118437,0.265232,12980.2,0.607401,0.339272,-0.4,0.1,801.644,1.13787e+07,0.319449,0.0224637,0.498429,0.027897,-0.680248,0.762647,0.109553,nan,nan,nan,nan,-0.0357082,-0.199656,-0.0537316,nan,-0.268311,0,-0.166632,-0.689734,nan,-1.047,1.11577,0.353412,-1.49294,-0.0224706,3.51765
927,37.5607,779.941,0.0553576,0.458333,0.25,0.140921,1.23712,0.631643,-0.0106258,1.01925,8.77915e-05,0.0133616,0.265208,13733.2,0.577177,0.31759,-0.4,0.1,802.54,1.1391e+07,0.310464,0.0250087,0.506325,0.0266718,-0.689001,0.779941,0.0992588,nan,nan,nan,nan,-0.0319585,-0.18552,-0.0477599,nan,-0.271289,0,-0.173896,-0.692127,nan,-1.07912,1.15145,0.320235,-1.51671,-0.0201176,3.36618
928,46.1466,941.467,0.0519717,0.583333,0.0416667,0.140303,1.23857,0.475758,-0.00953416,1.01819,8.77915e-05,0.0122601,0.265171,13223.2,0.585285,0.343992,-0.4,0.1,803.471,1.14033e+07,0.376149,0.031244,0.630832,0.0316851,-0.827244,0.941467,0.118953,nan,nan,nan,nan,-0.0385892,-0.220822,-0.0608887,nan,-0.329531,0,-0.20419,-0.840601,nan,-1.303,1.3806,0.413067,-1.79813,-0.0286667,4.035
929,42.1874,882.9,0.0548739,0.333333,0.0833333,0.146262,1.2441,0.66006,-0.010027,1.01522,8.77915e-05,0.0167584,0.265111,13370.3,0.586233,0.332822,-0.4,0.1,804.391,1.14156e+07,0.379673,0.0297599,0.598737,0.0309829,-0.775088,0.8829,0.10594,nan,nan,nan,nan,-0.0344233,-0.190577,-0.0545591,nan,-0.305847,0,-0.198668,-0.762235,nan,-1.1661,1.30727,0.3664,-1.72,-0.0248,3.64
930,39.0854,822.846,0.0537601,0.291667,0.25,0.145349,1.23892,0.590132,-0.0110758,1.0136,8.77915e-05,0.012034,0.265133,12898.9,0.621058,0.331579,-0.4,0.1,805.345,1.14278e+07,0.405893,0.0281412,0.540256,0.0242821,-0.716491,0.822846,0.103215,nan,nan,nan,nan,-0.0333994,-0.180357,-0.0500703,nan,-0.287641,0,-0.179776,-0.725932,nan,-1.08831,1.22365,0.324615,-1.61385,-0.0226154,3.37981
931,39.6759,801.875,0.0482723,0.416667,0.25,0.142075,1.25048,0.578275,-0.0101087,1.01463,8.77915e-05,0.0109559,0.265127,13448.1,0.586622,0.327112,-0.4,0.1,806.261,1.14401e+07,0.335064,0.0263861,0.531438,0.0264526,-0.712485,0.801875,0.103325,nan,nan,nan,nan,-0.0327185,-0.184398,-0.0502931,nan,-0.281363,0,-0.174899,-0.692171,nan,-1.07194,1.1788,0.3285,-1.556,-0.02225,3.43047
932,40.9088,827.75,0.0528031,0.375,0.291667,0.143772,1.2683,0.633608,-0.00942542,1.01286,8.77915e-05,0.0055685,0.265064,14211.5,0.573335,0.291318,-0.4,0.1,807.127,1.14524e+07,0.358716,0.0268814,0.547247,0.0248654,-0.733435,0.82775,0.109925,nan,nan,nan,nan,-0.0366205,-0.211416,-0.0544137,nan,-0.2924,0,-0.180559,-0.747977,nan,-1.14994,1.21035,0.34775,-1.6125,-0.022375,3.63359
933,48.3187,933.733,0.0515989,0.5,0.125,0.144872,1.26272,0.484618,-0.0111957,1.00938,8.77915e-05,0.0110528,0.264989,16635.7,0.493229,0.245424,-0.4,0.1,807.867,1.14647e+07,0.373062,0.0300308,0.594612,0.0333168,-0.829681,0.933733,0.133813,nan,nan,nan,nan,-0.0423317,-0.246172,-0.0626643,nan,-0.32852,0,-0.206531,-0.837826,nan,-1.3424,1.35766,0.403467,-1.852,-0.0281333,4.3325
934,36.57,772.6,0.0575806,0.333333,0.291667,0.143475,1.27207,0.673838,-0.00940322,1.00614,8.77915e-05,0.0151728,0.264932,12094.7,0.642573,0.373412,-0.4,0.1,808.884,1.1477e+07,0.322758,0.0272111,0.492385,0.0293433,-0.684118,0.7726,0.0978067,nan,nan,nan,nan,-0.0322104,-0.185586,-0.0480866,nan,-0.268587,0,-0.17427,-0.676606,nan,-1.0566,1.14453,0.309867,-1.51947,-0.0241333,3.30167
935,43.5828,874.944,0.0519608,0.625,0.125,0.142172,1.25425,0.563682,-0.0110471,1.00394,8.77915e-05,0.0153861,0.264897,13047.8,0.621273,0.320498,-0.4,0.1,809.827,1.14893e+07,0.380117,0.0275662,0.573816,0.0318255,-0.763693,0.874944,0.117739,nan,nan,nan,nan,-0.0350649,-0.195877,-0.0550168,nan,-0.304092,0,-0.194863,-0.753824,nan,-1.17783,1.28998,0.377556,-1.71044,-0.028,3.72431
936,41.4816,778.583,0.0530154,0.291667,0.208333,0.139427,1.25024,0.66722,-0.0108602,1.00243,8.77915e-05,0.0110195,0.264861,11669.5,0.646684,0.406318,-0.4,0.1,810.881,1.15016e+07,0.316343,0.0253649,0.515345,0.0300795,-0.689727,0.778583,0.107875,nan,nan,nan,nan,-0.0346263,-0.197719,-0.0506939,nan,-0.271971,0,-0.173924,-0.684895,nan,-1.062,1.14463,0.349,-1.537,-0.026,3.53542
937,42.8795,892.067,0.0560307,0.541667,0.0833333,0.14385,1.24756,0.497806,-0.00978917,1.001,8.77915e-05,0.0165745,0.264853,14269.6,0.586539,0.27459,-0.4,0.1,811.744,1.15139e+07,0.397405,0.0263267,0.591008,0.0292495,-0.782192,0.892067,0.111187,nan,nan,nan,nan,-0.0347318,-0.19389,-0.0548267,nan,-0.308763,0,-0.198137,-0.795034,nan,-1.2132,1.34761,0.380267,-1.72293,-0.0249333,3.6975
938,53.4445,998.333,0.0591528,0.458333,0.0416667,0.139641,1.23489,0.462538,-0.00791587,1.00023,8.77915e-05,0.00993742,0.264813,16741.5,0.489641,0.244343,-0.4,0.1,812.48,1.15261e+07,0.376199,0.0350579,0.661609,0.0401573,-0.89184,0.998333,0.139833,nan,nan,nan,nan,-0.0415187,-0.239165,-0.0655211,nan,-0.349834,0,-0.221472,-0.871366,nan,-1.4045,1.45517,0.429,-1.95133,-0.0328333,4.60625
939,45.0197,940.045,0.0550047,0.791667,0.125,0.140598,1.26599,0.514584,-0.0107032,0.9984,8.77915e-05,0.0188712,0.264783,15359.6,0.491156,0.308865,-0.4,0.1,813.281,1.15384e+07,0.455801,0.0288604,0.632353,0.0290582,-0.814841,0.940045,0.114518,nan,nan,nan,nan,-0.03619,-0.188713,-0.0578533,nan,-0.325734,0,-0.205808,-0.823894,nan,-1.21364,1.4099,0.400364,-1.81273,-0.0288182,3.7483
940,51.5989,935.5,0.053124,0.5,0.0833333,0.144729,1.27314,0.621035,-0.0100735,0.996955,8.77915e-05,0.0137811,0.264745,12049.1,0.633354,0.386477,-0.4,0.1,814.303,1.15507e+07,0.386977,0.0299768,0.617593,0.0317957,-0.817288,0.9355,0.131357,nan,nan,nan,nan,-0.0400184,-0.222392,-0.0630998,nan,-0.326579,0,-0.210456,-0.854248,nan,-1.296,1.38936,0.410857,-1.84143,-0.0257143,4.34375
941,47.2434,862.667,0.0594624,0.416667,0.208333,0.144165,1.23971,0.640607,-0.0101702,0.995953,8.77915e-05,0.013372,0.264767,12606.4,0.620355,0.354391,-0.4,0.1,815.279,1.1563e+07,0.389547,0.0252047,0.573289,0.0287509,-0.755723,0.862667,0.113773,nan,nan,nan,nan,-0.0370089,-0.203756,-0.0580052,nan,-0.301076,0,-0.191343,-0.765107,nan,-1.1632,1.27129,0.3816,-1.65973,-0.024,3.875
942,38.42,807.5,0.0555598,0.541667,0.208333,0.147359,1.2493,0.58558,-0.010073,0.996489,8.77915e-05,0.0139938,0.264754,12917.9,0.592229,0.359012,-0.4,0.1,816.232,1.15753e+07,0.356217,0.0246064,0.522682,0.0255851,-0.717996,0.8075,0.110317,nan,nan,nan,nan,-0.0367861,-0.221969,-0.0542802,nan,-0.284714,0,-0.17679,-0.728204,nan,-1.15983,1.16311,0.338444,-1.584,-0.024,3.56111
943,42.5078,801.167,0.0568296,0.333333,0.166667,0.145479,1.28443,0.512554,-0.0094807,0.994026,8.77915e-05,0.011708,0.26468,15063,0.5444,0.271371,-0.4,0.1,817.049,1.15876e+07,0.373881,0.0243362,0.529166,0.0251162,-0.692494,0.801167,0.107308,nan,nan,nan,nan,-0.0349969,-0.19305,-0.0527648,nan,-0.280091,0,-0.176608,-0.734983,nan,-1.12125,1.20969,0.327333,-1.56167,-0.0195,3.59479
944,43.066,797.882,0.0588987,0.416667,0.291667,0.143786,1.25764,0.689225,-0.0101396,0.990367,8.77915e-05,0.0130517,0.264594,16422.5,0.507404,0.240837,-0.4,0.1,817.798,1.15999e+07,0.375678,0.0291911,0.513579,0.0258183,-0.696657,0.797882,0.109247,nan,nan,nan,nan,-0.035078,-0.200184,-0.0520787,nan,-0.278039,0,-0.178321,-0.716782,nan,-1.11988,1.17743,0.344941,-1.56282,-0.0210588,3.64044
945,37.629,784.765,0.0571287,0.416667,0.291667,0.146692,1.25457,0.726282,-0.0109754,0.987487,8.77915e-05,0.0091765,0.264591,13626.1,0.554976,0.346821,-0.4,0.1,818.701,1.16122e+07,0.330831,0.0295362,0.505692,0.0252924,-0.686132,0.784765,0.0993941,nan,nan,nan,nan,-0.0329171,-0.186016,-0.0511762,nan,-0.272317,0,-0.174149,-0.70843,nan,-1.06624,1.1609,0.352706,-1.52541,-0.0210588,3.31618
946,48.0627,868.611,0.0556085,0.5,0.25,0.14885,1.25374,0.706223,-0.0117942,0.987932,8.77915e-05,0.0113367,0.264582,13240.2,0.621106,0.30698,-0.4,0.1,819.631,1.16244e+07,0.390923,0.0275947,0.568375,0.0313861,-0.761286,0.868611,0.117728,nan,nan,nan,nan,-0.03775,-0.207395,-0.0604492,nan,-0.303274,0,-0.192796,-0.785944,nan,-1.16983,1.28841,0.398667,-1.69711,-0.0296667,3.95694
947,39.2062,731.1,0.0541839,0.208333,0.208333,0.14989,1.28233,0.663571,-0.0108122,0.987321,8.77915e-05,0.0156336,0.264589,13034.7,0.617362,0.325352,-0.4,0.1,820.575,1.16367e+07,0.363279,0.0236856,0.477864,0.0225895,-0.642735,0.7311,0.09436,nan,nan,nan,nan,-0.0298455,-0.160781,-0.0467993,nan,-0.255734,-0.0002,-0.159225,-0.64666,nan,-0.9609,1.08736,0.3088,-1.4308,-0.0188,3.20375
948,38.7472,707.533,0.0585835,0.291667,0.333333,0.148106,1.27124,0.842074,-0.010678,0.987469,8.77915e-05,0.00967395,0.264572,14224.5,0.583971,0.279888,-0.4,0.1,821.441,1.1649e+07,0.301607,0.0219476,0.456793,0.0246502,-0.624405,0.707533,0.0956667,nan,nan,nan,nan,-0.0312631,-0.178405,-0.0476808,nan,-0.246152,0,-0.159789,-0.642745,nan,-0.984,1.04964,0.324533,-1.36907,-0.0206667,3.25917
949,39.6661,701.833,0.0596026,0.291667,0.208333,0.144887,1.25705,0.5814,-0.00990948,0.986059,8.77915e-05,0.0187905,0.264541,14423.7,0.607561,0.244368,-0.4,0.1,822.294,1.16613e+07,0.317015,0.0195144,0.457008,0.0170654,-0.631851,0.701833,0.100383,nan,nan,nan,nan,-0.0341977,-0.202485,-0.0499382,nan,-0.250329,0,-0.152854,-0.654745,nan,-1.05,1.00913,0.275333,-1.37567,-0.014,3.50208
950,38.6915,888,0.0591704,0.375,0.125,0.14665,1.25358,0.61969,-0.0102263,0.985162,8.77915e-05,0.0102745,0.264511,13484.9,0.561702,0.34954,-0.4,0.1,823.207,1.16736e+07,0.363269,0.0284085,0.555255,0.0322685,-0.781486,0.888,0.113792,nan,nan,nan,nan,-0.0362036,-0.202734,-0.0530443,nan,-0.309108,-0.00075,-0.197919,-0.794019,nan,-1.19675,1.31043,0.341333,-1.74733,-0.0288333,3.65
951,48.4559,814.333,0.0557437,0.5,0.25,0.147145,1.25756,0.608162,-0.010112,0.982486,8.77915e-05,0.0185057,0.264436,12429,0.639682,0.348972,-0.4,0.1,824.197,1.16859e+07,0.352538,0.0247575,0.529454,0.0287392,-0.711957,0.814333,0.118717,nan,nan,nan,nan,-0.0375067,-0.203981,-0.0586878,nan,-0.285024,0,-0.177691,-0.721429,nan,-1.121,1.1897,0.406889,-1.574,-0.0274444,3.87639
952,46.9567,844.091,0.0576021,0.583333,0.333333,0.141855,1.24513,0.622532,-0.0101974,0.980209,8.77915e-05,0.0102891,0.264417,12228.6,0.624469,0.380392,-0.4,0.1,825.203,1.16982e+07,0.328076,0.0263294,0.537682,0.0288489,-0.750609,0.844091,0.119423,nan,nan,nan,nan,-0.0378527,-0.22078,-0.0579501,nan,-0.295137,0,-0.188676,-0.767354,nan,-1.17709,1.23731,0.361091,-1.64764,-0.0254545,4.03352
953,39.8069,868.882,0.0621908,0.5,0.208333,0.139167,1.2569,0.57314,-0.0104663,0.979326,8.77915e-05,0.012933,0.264381,11015.8,0.733424,0.382068,-0.4,0.1,826.321,1.17105e+07,0.400907,0.0327598,0.573527,0.0248077,-0.757283,0.868882,0.106812,nan,nan,nan,nan,-0.0348086,-0.191865,-0.0541291,nan,-0.303014,0,-0.189047,-0.786663,nan,-1.15959,1.28749,0.363059,-1.69624,-0.0254118,3.53015
954,50.6196,896.786,0.0603434,0.458333,0.125,0.139959,1.26883,0.49996,-0.0111097,0.97678,8.77915e-05,0.00785101,0.264331,13477,0.579707,0.332069,-0.4,0.1,827.234,1.17228e+07,0.38725,0.0289113,0.571847,0.0295087,-0.798352,0.896786,0.126871,nan,nan,nan,nan,-0.0404098,-0.236539,-0.061006,nan,-0.315243,0,-0.198728,-0.801132,nan,-1.26471,1.31786,0.393714,-1.75543,-0.0234286,4.27321
955,40.7359,811.667,0.0593721,0.291667,0.208333,0.139664,1.23074,0.635848,-0.0107298,0.975114,8.77915e-05,0.016476,0.264331,12624.7,0.530681,0.44265,-0.4,0.1,828.209,1.1735e+07,0.375943,0.0298148,0.526461,0.025212,-0.710784,0.811667,0.106075,nan,nan,nan,nan,-0.0346984,-0.197862,-0.0530119,nan,-0.284034,0,-0.178783,-0.737496,nan,-1.135,1.20771,0.333,-1.57833,-0.0211667,3.55208
956,38.8333,771.5,0.0537838,0.291667,0.208333,0.139843,1.2485,0.574127,-0.0117234,0.975167,8.77915e-05,0.00840556,0.264337,11100.2,0.71396,0.393044,-0.4,0.1,829.318,1.17473e+07,0.340049,0.0277564,0.492428,0.0284043,-0.674571,0.7715,0.101142,nan,nan,nan,nan,-0.0316333,-0.178462,-0.0492805,nan,-0.266793,0,-0.173784,-0.677198,nan,-1.03,1.16161,0.330667,-1.498,-0.0238333,3.29167
957,54.4127,853.125,0.0550442,0.458333,0.208333,0.143407,1.27632,0.669305,-0.0100751,0.974212,8.77915e-05,0.0120541,0.264308,11485.3,0.666121,0.403768,-0.4,0.1,830.389,1.17596e+07,0.333438,0.0252043,0.540585,0.0308706,-0.758717,0.853125,0.131094,nan,nan,nan,nan,-0.04147,-0.236534,-0.0632487,nan,-0.299767,0,-0.18877,-0.778159,nan,-1.22756,1.26495,0.40425,-1.6885,-0.02625,4.44609
958,37.1307,687.769,0.0568463,0.333333,0.208333,0.147225,1.28213,0.684364,-0.0106827,0.973197,8.77915e-05,0.0148735,0.264296,10464.9,0.675515,0.498694,-0.4,0.1,831.565,1.17719e+07,0.288937,0.0224566,0.422165,0.0245323,-0.612957,0.687769,0.0999077,nan,nan,nan,nan,-0.0330745,-0.190266,-0.0466722,nan,-0.241792,0,-0.152177,-0.622021,nan,-0.971077,1.00176,0.290769,-1.37385,-0.0215385,3.28365
959,46.7579,815.421,0.0596835,0.583333,0.208333,0.147303,1.29633,0.521909,-0.0110766,0.972483,8.77915e-05,0.00854588,0.264281,13299.8,0.601698,0.322226,-0.4,0.1,832.49,1.17842e+07,0.327654,0.0228055,0.518932,0.0322953,-0.718476,0.815421,0.116774,nan,nan,nan,nan,-0.0359897,-0.198073,-0.0558527,nan,-0.283801,-0.000210526,-0.181983,-0.720373,nan,-1.14205,1.19177,0.374947,-1.58358,-0.0291579,3.88684
960,51.016,829.875,0.0547315,0.5,0.166667,0.144494,1.27643,0.57925,-0.00956642,0.97085,8.77915e-05,0.0153791,0.264224,12417.6,0.636732,0.352834,-0.4,0.1,833.481,1.17965e+07,0.339086,0.0224372,0.524778,0.0304293,-0.73536,0.829875,0.120294,nan,nan,nan,nan,-0.0381095,-0.219559,-0.0585581,nan,-0.289439,0,-0.186948,-0.752442,nan,-1.18181,1.21985,0.389,-1.61175,-0.02675,4.17578
961,54.3375,939.455,0.0588324,0.375,0.0833333,0.142491,1.2514,0.523576,-0.0113064,0.966889,8.77915e-05,0.0133626,0.264108,12827.6,0.62038,0.337556,-0.4,0.1,834.441,1.18088e+07,0.349874,0.0283011,0.581474,0.0342424,-0.852579,0.939455,0.136973,nan,nan,nan,nan,-0.0449425,-0.275199,-0.0676753,nan,-0.331633,0,-0.207904,-0.847666,nan,-1.42118,1.35956,0.392727,-1.85564,-0.0274545,4.82614
962,46.5491,857.833,0.0577634,0.375,0.125,0.146134,1.25348,0.829186,-0.0103561,0.962546,8.77915e-05,0.0180903,0.264057,12628.9,0.639704,0.333301,-0.4,0.1,835.415,1.18211e+07,0.394814,0.0289526,0.540381,0.029065,-0.760334,0.857833,0.113908,nan,nan,nan,nan,-0.0347374,-0.207784,-0.0544017,nan,-0.296613,0,-0.19602,-0.788754,nan,-1.1905,1.2754,0.345333,-1.69033,-0.0241667,3.98542
963,48.2908,816.857,0.0566764,0.333333,0.25,0.144438,1.26843,0.569094,-0.0110084,0.961005,8.77915e-05,0.0182115,0.26403,12894.5,0.651716,0.301245,-0.4,0.1,836.37,1.18333e+07,0.36129,0.0300475,0.518302,0.0248291,-0.730837,0.816857,0.115064,nan,nan,nan,nan,-0.0373605,-0.219253,-0.0566885,nan,-0.287953,0,-0.180093,-0.755806,nan,-1.20579,1.18289,0.354286,-1.60743,-0.0194286,4.11161
964,46.0986,828.667,0.060379,0.25,0.125,0.144648,1.27896,0.5389,-0.0101609,0.960085,8.77915e-05,0.0105755,0.264048,12843.1,0.551769,0.405006,-0.4,0.1,837.328,1.18456e+07,0.380974,0.0279883,0.499229,0.0345738,-0.740302,0.828667,0.114078,nan,nan,nan,nan,-0.0355388,-0.218941,-0.0528054,nan,-0.287846,0,-0.189089,-0.712222,nan,-1.19967,1.19661,0.376,-1.644,-0.0311111,3.95833
965,41.4636,741.4,0.05842,0.458333,0.375,0.145371,1.27979,0.660872,-0.0103669,0.960463,8.77915e-05,0.0165151,0.264054,13575.2,0.571513,0.333667,-0.4,0.1,838.234,1.18579e+07,0.31977,0.0218962,0.458728,0.025612,-0.661781,0.7414,0.1048,nan,nan,nan,nan,-0.0340646,-0.203341,-0.0488516,nan,-0.258869,-0.0001,-0.166101,-0.67535,nan,-1.0995,1.07288,0.3166,-1.4538,-0.023,3.63625
966,59.0846,918.133,0.0582942,0.5,0.125,0.148781,1.2835,0.671222,-0.00946504,0.958782,8.77915e-05,0.0128008,0.263957,12260.7,0.654564,0.347663,-0.4,0.1,839.238,1.18702e+07,0.360317,0.0286427,0.580139,0.0318789,-0.829947,0.918133,0.141447,nan,nan,nan,nan,-0.0462206,-0.280196,-0.0686676,nan,-0.323912,0,-0.203302,-0.84273,nan,-1.3648,1.34644,0.394667,-1.81307,-0.0296,4.955
967,42.352,842.778,0.0587995,0.416667,0.333333,0.149325,1.2516,0.743452,-0.00974285,0.953909,8.77915e-05,0.0120577,0.263885,13415.7,0.630408,0.285531,-0.4,0.1,840.156,1.18825e+07,0.344167,0.0271827,0.521371,0.0290922,-0.751765,0.842778,0.113583,nan,nan,nan,nan,-0.0370264,-0.224368,-0.0537023,nan,-0.292894,0,-0.191303,-0.762516,nan,-1.2145,1.2405,0.357333,-1.642,-0.0244444,3.83611
968,38.8041,749,0.0549001,0.25,0.25,0.150177,1.27349,0.771031,-0.00881799,0.950848,8.77915e-05,0.0102629,0.263829,13027.8,0.669431,0.27378,-0.4,0.1,841.101,1.18948e+07,0.37065,0.0232808,0.465187,0.0270326,-0.657413,0.749,0.102858,nan,nan,nan,nan,-0.0324202,-0.181369,-0.0472683,nan,-0.260903,-0.000166667,-0.167358,-0.673989,nan,-1.0435,1.11054,0.335667,-1.465,-0.024,3.30937
969,43.6739,867.263,0.0592448,0.666667,0.125,0.148918,1.27825,0.640854,-0.0121482,0.948557,8.77915e-05,0.0112199,0.263791,15540.2,0.531177,0.259547,-0.4,0.1,841.893,1.19071e+07,0.356716,0.0297248,0.546694,0.0263266,-0.768878,0.867263,0.117295,nan,nan,nan,nan,-0.0372046,-0.22277,-0.0561585,nan,-0.303016,0,-0.195042,-0.779681,nan,-1.25479,1.27221,0.354105,-1.69768,-0.0227368,3.95132
970,58.1255,1000,0.0578308,0.291667,0,0.147944,1.26652,0.611348,-0.0116405,0.946388,8.77915e-05,0.0142196,0.263732,15232.8,0.543162,0.263517,-0.4,0.1,842.701,1.19194e+07,0.492935,0.0310495,0.654216,0.0297154,-0.877812,1,0.132814,nan,nan,nan,nan,-0.043533,-0.254564,-0.0691239,nan,-0.349144,0,-0.223833,-0.899358,nan,-1.44771,1.47391,0.448571,-1.91943,-0.026,4.75357
971,56.9674,874.4,0.0611553,0.458333,0.166667,0.145445,1.29239,0.522272,-0.00925776,0.943649,8.77915e-05,0.0111666,0.263712,16394,0.503984,0.245558,-0.4,0.1,843.451,1.19316e+07,0.37993,0.0270585,0.54799,0.0246934,-0.783357,0.8744,0.13706,nan,nan,nan,nan,-0.0454547,-0.278415,-0.0656934,nan,-0.309049,0,-0.195271,-0.833702,nan,-1.3184,1.27711,0.3792,-1.7232,-0.0232,4.77667
972,45.271,752.062,0.058941,0.333333,0.333333,0.147452,1.28726,0.698224,-0.0111355,0.942567,8.77915e-05,0.0135319,0.263688,16539.6,0.494546,0.248399,-0.4,0.1,844.196,1.19439e+07,0.309786,0.0268901,0.472226,0.0279202,-0.669709,0.752062,0.106331,nan,nan,nan,nan,-0.0348618,-0.202475,-0.0517181,nan,-0.263079,-0.000125,-0.168705,-0.688789,nan,-1.09125,1.10808,0.32725,-1.4795,-0.025375,3.80859
973,45.2288,812.444,0.0555119,0.458333,0.291667,0.13969,1.25953,0.647865,-0.0106201,0.940593,8.77915e-05,0.0107804,0.263649,16811,0.487802,0.243148,-0.4,0.1,844.928,1.19562e+07,0.333751,0.0267231,0.511451,0.0252816,-0.721915,0.812444,0.119322,nan,nan,nan,nan,-0.0386552,-0.23336,-0.0580945,nan,-0.284956,-0.000166667,-0.183247,-0.745493,nan,-1.1545,1.17888,0.369778,-1.59756,-0.0253333,3.92708
974,50.1497,915,0.0578839,0.25,0.0416667,0.140824,1.26379,0.552004,-0.0101543,0.938813,8.77915e-05,0.0143189,0.263615,16005.3,0.487449,0.280297,-0.4,0.1,845.697,1.19685e+07,0.397917,0.0304685,0.60302,0.0254216,-0.802172,0.915,0.123229,nan,nan,nan,nan,-0.0421074,-0.245284,-0.0632964,nan,-0.320582,-0.00128571,-0.204744,-0.840207,nan,-1.27414,1.35211,0.381714,-1.79943,-0.0245714,4.29643
975,47.0456,832.235,0.0594418,0.5,0.208333,0.137832,1.29536,0.629377,-0.0111198,0.937687,8.77915e-05,0.0118708,0.263631,15180.4,0.550129,0.259335,-0.4,0.1,846.508,1.19808e+07,0.354097,0.0259669,0.514593,0.0342746,-0.73833,0.832235,0.119288,nan,nan,nan,nan,-0.0371669,-0.217354,-0.0543417,nan,-0.29042,0,-0.188555,-0.75617,nan,-1.23865,1.22311,0.367765,-1.63318,-0.0281176,4.06324
976,50.6124,878.615,0.0622214,0.375,0.166667,0.140363,1.26965,0.750819,-0.00999533,0.937471,8.77915e-05,0.00870789,0.263593,16994.3,0.482419,0.240648,-0.4,0.1,847.232,1.19931e+07,0.405906,0.0274264,0.562518,0.0234103,-0.78178,0.878615,0.126792,nan,nan,nan,nan,-0.0434596,-0.271625,-0.0625723,nan,-0.310148,0,-0.194768,-0.82505,nan,-1.31815,1.27886,0.358154,-1.71662,-0.0232308,4.41635
977,37.9416,663.714,0.0594127,0.458333,0.708333,0.14049,1.26266,0.684835,-0.0106766,0.934858,8.77915e-05,0.0136163,0.26354,16438.9,0.499426,0.24807,-0.4,0.1,847.981,1.20054e+07,0.306379,0.0190031,0.422471,0.020111,-0.587211,0.663714,0.0931571,nan,nan,nan,nan,-0.0315192,-0.184844,-0.0457604,nan,-0.233143,0,-0.149274,-0.616256,nan,-0.967821,0.962376,0.275714,-1.298,-0.0212143,3.2692
978,57.6006,890.429,0.0589192,0.375,0.208333,0.139799,1.27789,0.740467,-0.00961361,0.933685,8.77915e-05,0.0120559,0.263546,16470.2,0.493838,0.252238,-0.4,0.1,848.729,1.20177e+07,0.362327,0.0299019,0.556074,0.0305062,-0.806871,0.890429,0.133371,nan,nan,nan,nan,-0.0428335,-0.268344,-0.0642087,nan,-0.314182,0,-0.201197,-0.817445,nan,-1.37207,1.30215,0.390857,-1.75429,-0.0277143,4.85357
979,61.3011,846.615,0.0591295,0.375,0.166667,0.143526,1.27271,0.781079,-0.00973415,0.934563,8.77915e-05,0.0124028,0.263576,16765.4,0.491781,0.241157,-0.4,0.1,849.463,1.203e+07,0.323411,0.0266741,0.535038,0.0329994,-0.769069,0.846615,0.133738,nan,nan,nan,nan,-0.0418686,-0.251725,-0.0635885,nan,-0.297854,0,-0.190067,-0.767861,nan,-1.29,1.22815,0.404,-1.65446,-0.0236923,4.88462
980,51.6673,754.636,0.0602819,0.25,0.208333,0.141223,1.27139,0.572445,-0.0121007,0.934928,8.77915e-05,0.0140276,0.263547,16463.2,0.495253,0.25114,-0.4,0.1,850.211,1.20422e+07,0.328716,0.0224327,0.469779,0.0274239,-0.681011,0.754636,0.115909,nan,nan,nan,nan,-0.0384545,-0.221429,-0.0560296,nan,-0.268275,0,-0.166151,-0.714063,nan,-1.12827,1.0932,0.341091,-1.47309,-0.0241818,4.20114
981,44.0999,841.72,0.0606604,0.708333,0.333333,0.141324,1.30886,0.79445,-0.00978798,0.932622,8.77915e-05,0.0107457,0.263513,16954.9,0.483907,0.240841,-0.4,0.1,850.937,1.20545e+07,0.351869,0.0256471,0.55131,0.0233563,-0.749315,0.84172,0.108584,nan,nan,nan,nan,-0.0361789,-0.215926,-0.05379,nan,-0.295186,-0.00012,-0.189781,-0.777441,nan,-1.20948,1.23419,0.34128,-1.63616,-0.02208,3.9125
982,43.2468,717.467,0.0570405,0.291667,0.333333,0.139895,1.2776,0.807686,-0.00948878,0.930487,8.77915e-05,0.013767,0.263448,16644.4,0.494439,0.243827,-0.4,0.1,851.676,1.20668e+07,0.283814,0.0228138,0.451984,0.025229,-0.638648,0.717467,0.0989533,nan,nan,nan,nan,-0.0324112,-0.186253,-0.0494384,nan,-0.250899,-0.000333333,-0.162509,-0.664908,nan,-1.0384,1.05481,0.334133,-1.39413,-0.0222667,3.61333
983,46.1787,832,0.0623152,0.5,0.291667,0.14356,1.28247,0.556016,-0.0110931,0.926201,8.77915e-05,0.0123676,0.263333,16904,0.478518,0.248412,-0.4,0.1,852.404,1.20791e+07,0.353249,0.0238695,0.519157,0.0278318,-0.742232,0.832,0.118984,nan,nan,nan,nan,-0.038037,-0.231124,-0.0542051,nan,-0.29179,0,-0.188387,-0.762643,nan,-1.21484,1.22376,0.349474,-1.64126,-0.0242105,4.04934
984,46.2229,750.267,0.0562349,0.375,0.25,0.143835,1.26916,0.676413,-0.0111345,0.920613,8.77915e-05,0.0135235,0.263235,16419.8,0.494049,0.254317,-0.4,0.1,853.154,1.20914e+07,0.336173,0.0205018,0.485837,0.0266297,-0.666205,0.750267,0.107107,nan,nan,nan,nan,-0.0358667,-0.212533,-0.0561732,nan,-0.26329,-0.0002,-0.169711,-0.68414,nan,-1.0938,1.09065,0.3632,-1.45893,-0.0225333,3.79417
985,43.122,753.6,0.061268,0.375,0.25,0.140117,1.29759,0.783277,-0.0108753,0.918253,8.77915e-05,0.016836,0.263239,16284.6,0.476778,0.277798,-0.4,0.1,853.91,1.21037e+07,0.296875,0.0229657,0.473018,0.0268361,-0.672964,0.7536,0.111313,nan,nan,nan,nan,-0.0370149,-0.222931,-0.0545706,nan,-0.26496,-6.66667e-05,-0.167829,-0.696886,nan,-1.115,1.10358,0.344533,-1.47493,-0.0228,3.75333
986,47.2215,758.333,0.0605119,0.416667,0.208333,0.142211,1.28151,0.604044,-0.0115183,0.917388,8.77915e-05,0.0185348,0.263193,16414.8,0.50355,0.245042,-0.4,0.1,854.66,1.2116e+07,0.352566,0.0258723,0.4915,0.0251097,-0.682825,0.758333,0.10778,nan,nan,nan,nan,-0.0345569,-0.205883,-0.0525017,nan,-0.267119,-0.000133333,-0.169677,-0.691749,nan,-1.1224,1.11306,0.326933,-1.4736,-0.0221333,3.8825
987,45.9842,888.5,0.062298,0.458333,0.125,0.144601,1.25585,0.607921,-0.0106471,0.913399,8.77915e-05,0.0173183,0.263099,15626.1,0.541631,0.244748,-0.4,0.1,855.448,1.21283e+07,0.398764,0.0267702,0.553746,0.0291453,-0.794132,0.8885,0.11895,nan,nan,nan,nan,-0.0384909,-0.229128,-0.0553793,nan,-0.310829,0,-0.201461,-0.828972,nan,-1.28143,1.2953,0.349143,-1.74,-0.0241429,4.14286
988,47.3539,847.071,0.0603079,0.458333,0.125,0.142954,1.26313,0.695317,-0.0103639,0.909635,8.77915e-05,0.0128621,0.263076,16350.9,0.503736,0.247784,-0.4,0.1,856.201,1.21405e+07,0.319533,0.0252405,0.515377,0.0281461,-0.781982,0.847071,0.126043,nan,nan,nan,nan,-0.0403929,-0.26336,-0.0566791,nan,-0.300719,0,-0.192356,-0.798542,nan,-1.31357,1.21292,0.330857,-1.69114,-0.0228571,4.42411
989,50.3109,744.154,0.0594124,0.25,0.291667,0.140716,1.28299,0.617478,-0.0120622,0.908487,8.77915e-05,0.0197258,0.263045,16202.8,0.499145,0.259242,-0.4,0.1,856.96,1.21528e+07,0.317587,0.0209366,0.459756,0.0280413,-0.664802,0.744154,0.112323,nan,nan,nan,nan,-0.036022,-0.210338,-0.0520665,nan,-0.259843,0,-0.167934,-0.692887,nan,-1.11854,1.08102,0.323077,-1.456,-0.0206154,4.10769
990,37.0818,690,0.064528,0.25,0.208333,0.136167,1.2664,0.528118,-0.00922685,0.906733,8.77915e-05,0.0112123,0.26302,16432.4,0.504362,0.24343,-0.4,0.1,857.709,1.21651e+07,0.274352,0.0216108,0.432095,0.0226314,-0.622351,0.69,0.100427,nan,nan,nan,nan,-0.0339683,-0.213299,-0.0486847,nan,-0.242558,0,-0.154936,-0.647263,nan,-1.03991,1.0084,0.301818,-1.37236,-0.0196364,3.39773
991,50.6861,832.75,0.0594512,0.375,0.125,0.131682,1.25873,0.640841,-0.0095301,0.904969,8.77915e-05,0.00899721,0.262976,16885.3,0.482958,0.244774,-0.4,0.1,858.438,1.21774e+07,0.3599,0.0290483,0.53038,0.0267605,-0.748834,0.83275,0.120742,nan,nan,nan,nan,-0.0393096,-0.231405,-0.0595917,nan,-0.293476,-0.000166667,-0.188323,-0.77784,nan,-1.209,1.22563,0.385,-1.62067,-0.0208333,4.21354
992,41.0762,805.333,0.0563431,0.416667,0.333333,0.135736,1.2734,0.661953,-0.00983287,0.903139,8.77915e-05,0.0117728,0.262942,16739.3,0.490029,0.244054,-0.4,0.1,859.174,1.21897e+07,0.373229,0.0241637,0.506812,0.0252345,-0.717726,0.805333,0.1081,nan,nan,nan,nan,-0.0361457,-0.214689,-0.0518026,nan,-0.282116,-5.55556e-05,-0.182528,-0.748142,nan,-1.18917,1.17778,0.337111,-1.57022,-0.0245556,3.71319
993,51.9738,895.556,0.061506,0.583333,0.166667,0.140142,1.23085,0.590292,-0.00899151,0.90173,8.77915e-05,0.0106126,0.26292,16257,0.506264,0.249594,-0.4,0.1,859.931,1.2202e+07,0.362613,0.0286188,0.576713,0.0276001,-0.800849,0.895556,0.129572,nan,nan,nan,nan,-0.0419256,-0.247503,-0.0631687,nan,-0.315075,-0.001,-0.202332,-0.832143,nan,-1.32683,1.30857,0.384444,-1.74867,-0.0257778,4.49028
994,48.647,871.438,0.0595633,0.5,0.166667,0.139701,1.24154,0.624576,-0.0109894,0.90103,8.77915e-05,0.0146955,0.26294,16627.9,0.484726,0.254274,-0.4,0.1,860.671,1.22143e+07,0.365864,0.0278603,0.540863,0.0296541,-0.787492,0.871437,0.122094,nan,nan,nan,nan,-0.0401585,-0.251728,-0.0573499,nan,-0.306439,0,-0.198376,-0.800402,nan,-1.341,1.29152,0.35675,-1.7155,-0.022125,4.34688
995,55.8692,891.071,0.06053,0.458333,0.125,0.135271,1.24848,0.614782,-0.0100137,0.901072,8.77915e-05,0.0146469,0.262923,15724.9,0.521259,0.260178,-0.4,0.1,861.454,1.22266e+07,0.428786,0.026961,0.59122,0.0298653,-0.798312,0.891071,0.126271,nan,nan,nan,nan,-0.0427754,-0.248621,-0.0647486,nan,-0.313158,-7.14286e-05,-0.198474,-0.814691,nan,-1.314,1.31717,0.413429,-1.70714,-0.0248571,4.49554
996,44.7261,780.857,0.0650311,0.333333,0.25,0.136653,1.24137,0.694597,-0.0110749,0.899478,8.77915e-05,0.0103755,0.26288,12630.8,0.626033,0.346829,-0.4,0.1,862.428,1.22388e+07,0.348481,0.0245307,0.485403,0.0262826,-0.699377,0.780857,0.111679,nan,nan,nan,nan,-0.0372062,-0.22608,-0.0524246,nan,-0.2734,0,-0.176172,-0.731548,nan,-1.16614,1.14539,0.321143,-1.52143,-0.021,3.89732
997,57.1619,885.625,0.0614206,0.541667,0.125,0.138183,1.24169,0.564846,-0.0104985,0.897502,8.77915e-05,0.0136745,0.262842,13213.2,0.604644,0.325338,-0.4,0.1,863.36,1.22511e+07,0.436788,0.0293977,0.575625,0.0344586,-0.784385,0.885625,0.125137,nan,nan,nan,nan,-0.0389994,-0.221067,-0.0622779,nan,-0.308309,-0.000125,-0.199191,-0.788037,nan,-1.27144,1.31502,0.41575,-1.7265,-0.025,4.46562
998,52.7969,933,0.0605652,0.333333,0.0416667,0.136489,1.22669,0.722733,-0.0114068,0.895923,8.77915e-05,0.0147554,0.262809,13681.6,0.585904,0.312236,-0.4,0.1,864.26,1.22634e+07,0.40139,0.033831,0.610158,0.0289223,-0.833046,0.933,0.124733,nan,nan,nan,nan,-0.0417872,-0.243568,-0.0644199,nan,-0.326624,0,-0.210051,-0.829025,nan,-1.35067,1.36689,0.415111,-1.76756,-0.0268889,4.41944
999,50.5843,844.357,0.062781,0.333333,0.25,0.133871,1.23714,0.675628,-0.0104052,0.893836,8.77915e-05,0.0175624,0.262758,15059.9,0.547384,0.268557,-0.4,0.1,865.077,1.22757e+07,0.316844,0.0238513,0.534112,0.0286758,-0.761511,0.844357,0.120171,nan,nan,nan,nan,-0.0403429,-0.237197,-0.0592607,nan,-0.296714,0,-0.191185,-0.778581,nan,-1.24371,1.24842,0.384286,-1.65314,-0.0205714,4.31071
1000,54.8866,943.4,0.0616394,0.541667,0.0833333,0.135759,1.25622,0.619109,-0.0099238,0.892623,8.77915e-05,0.00981106,0.262775,13050.7,0.575199,0.366361,-0.4,0.1,866.02,1.2288e+07,0.444196,0.0280149,0.594082,0.0322035,-0.850358,0.9434,0.134813,nan,nan,nan,nan,-0.0436346,-0.269446,-0.0651686,nan,-0.331585,0,-0.213323,-0.867979,nan,-1.4208,1.38945,0.405333,-1.84507,-0.0281333,4.70833
1001,49.3712,911.562,0.0510874,0.5,0.166667,0.136762,1.26556,0.561705,-0.00938723,0.893346,8.77915e-05,0.0103089,0.26276,14933.9,0.537224,0.2856,-0.6,0.15,868.755,1.23003e+07,0.41196,0.0307898,0.575689,0.0283415,-0.818543,0.911562,0.122937,nan,nan,nan,nan,-0.0403234,-0.249199,-0.0608988,nan,-0.319754,-0.00075,-0.206878,-0.835346,nan,-1.34419,1.35228,0.36275,-1.77375,-0.025,4.34687
1002,61.3922,832.4,0.0531739,0.25,0.166667,0.137854,1.26599,0.752339,-0.010488,0.891498,8.77915e-05,0.0164125,0.262705,12810.7,0.618268,0.340932,-0.6,0.15,869.715,1.23126e+07,0.393524,0.0276194,0.532092,0.0288285,-0.764747,0.8324,0.13073,nan,nan,nan,nan,-0.0416077,-0.25011,-0.0628344,nan,-0.29348,0,-0.190733,-0.762567,nan,-1.254,1.22745,0.3852,-1.6476,-0.0268,4.80625
1003,49.8054,888.375,0.0482256,0.458333,0.208333,0.134555,1.23862,0.616523,-0.0107318,0.889043,8.77915e-05,0.0164547,0.262657,13551.5,0.591537,0.315223,-0.6,0.15,870.624,1.23249e+07,0.453901,0.0292469,0.552305,0.0326919,-0.821916,0.888375,0.120812,nan,nan,nan,nan,-0.0386122,-0.23856,-0.0574119,nan,-0.309649,0,-0.2024,-0.796158,nan,-1.30762,1.33299,0.3785,-1.7375,-0.027,4.23828
1004,45.1152,840,0.0487816,0.375,0.208333,0.137415,1.24829,0.636899,-0.0093135,0.886623,8.77915e-05,0.0116527,0.262619,12751,0.600972,0.362719,-0.6,0.15,871.589,1.23372e+07,0.423704,0.0313252,0.537535,0.0278766,-0.780793,0.84,0.106986,nan,nan,nan,nan,-0.0374859,-0.208921,-0.056069,nan,-0.294323,0,-0.187782,-0.765789,nan,-1.2045,1.25068,0.355714,-1.63943,-0.026,3.88304
1005,51.7127,801.556,0.0495341,0.25,0.125,0.139518,1.2452,0.702622,-0.0100625,0.883949,8.77915e-05,0.0128774,0.262551,13029.2,0.614368,0.328747,-0.6,0.15,872.533,1.23494e+07,0.308916,0.0252058,0.510258,0.0296281,-0.771491,0.801556,0.117389,nan,nan,nan,nan,-0.038313,-0.227631,-0.0609124,nan,-0.280585,-0.000222222,-0.182717,-0.725307,nan,-1.13767,1.18086,0.382667,-1.55822,-0.0266667,4.23889
1006,64.6829,913.5,0.0487871,0.375,0.125,0.137452,1.24708,0.681922,-0.00944511,0.881234,8.77915e-05,0.0125225,0.262514,13722.7,0.544934,0.350514,-0.6,0.15,873.43,1.23617e+07,0.357144,0.0281684,0.571487,0.0320647,-0.892034,0.9135,0.141025,nan,nan,nan,nan,-0.0456587,-0.27711,-0.0700372,nan,-0.322405,0,-0.209952,-0.855938,nan,-1.41425,1.35606,0.418667,-1.778,-0.0248333,5.30625
1007,40.9536,817.583,0.0501365,0.375,0.125,0.138043,1.24713,0.684012,-0.00878754,0.878927,8.77915e-05,0.0175148,0.262444,13402.3,0.607057,0.309799,-0.6,0.15,874.349,1.2374e+07,0.347833,0.0263331,0.507469,0.0291337,-0.788127,0.817583,0.109358,nan,nan,nan,nan,-0.0348934,-0.207698,-0.0514018,nan,-0.284558,-0.00025,-0.185471,-0.740271,nan,-1.181,1.21197,0.318667,-1.59867,-0.0233333,3.775
1008,55.7813,898.667,0.0464309,0.333333,0.166667,0.131895,1.27016,0.654236,-0.0100515,0.875731,8.77915e-05,0.00884583,0.262397,12515,0.633487,0.348377,-0.6,0.15,875.332,1.23863e+07,0.412028,0.0310561,0.569544,0.0360223,-0.882125,0.898667,0.126992,nan,nan,nan,nan,-0.0397298,-0.229075,-0.0620785,nan,-0.311993,-8.33333e-05,-0.206556,-0.803643,nan,-1.29425,1.35154,0.415,-1.75833,-0.0285,4.56458
1009,53.687,956.188,0.0497123,0.5,0.166667,0.135043,1.25923,0.622675,-0.00979112,0.87342,8.77915e-05,0.0101031,0.262324,13202.7,0.596107,0.334614,-0.6,0.15,876.265,1.23986e+07,0.470326,0.030515,0.589289,0.0328184,-0.952791,0.956187,0.134231,nan,nan,nan,nan,-0.0453706,-0.278957,-0.06736,nan,-0.335398,-0.000375,-0.217881,-0.889024,nan,-1.42725,1.41402,0.40875,-1.8685,-0.031375,4.7625
1010,44.5128,816.211,0.0486787,0.541667,0.25,0.141034,1.24655,0.851122,-0.0109587,0.869418,8.77915e-05,0.0132297,0.262234,13651.6,0.585304,0.314809,-0.6,0.15,877.167,1.24109e+07,0.38126,0.0295803,0.507741,0.030887,-0.820579,0.816211,0.108905,nan,nan,nan,nan,-0.0351242,-0.202882,-0.0518321,nan,-0.283498,0,-0.187172,-0.730051,nan,-1.15405,1.22278,0.349053,-1.59684,-0.0245263,3.86579
1011,49.9982,822.667,0.0500794,0.5,0.25,0.141142,1.23244,0.811373,-0.00863163,0.866716,8.77915e-05,0.00939636,0.262224,13438.6,0.555987,0.358396,-0.6,0.15,878.083,1.24232e+07,0.361931,0.0242235,0.496798,0.0301568,-0.865337,0.822667,0.118889,nan,nan,nan,nan,-0.0394802,-0.253891,-0.0560938,nan,-0.288953,0,-0.188455,-0.747357,nan,-1.24467,1.21587,0.340667,-1.61711,-0.0224444,4.4125
1012,49.484,773.571,0.0481936,0.125,0.166667,0.138412,1.26966,0.739554,-0.0104084,0.865948,8.77915e-05,0.0118428,0.262171,13613.1,0.586119,0.316542,-0.6,0.15,878.987,1.24355e+07,0.283152,0.0240164,0.485784,0.0231834,-0.840285,0.773571,0.118843,nan,nan,nan,nan,-0.0411316,-0.259841,-0.0592657,nan,-0.276563,-0.000285714,-0.178371,-0.732591,nan,-1.24371,1.11134,0.310857,-1.54343,-0.0185714,4.5375
1013,51.5133,905.214,0.0500301,0.458333,0.125,0.137455,1.23897,0.71866,-0.0102915,0.863201,8.77915e-05,0.00899903,0.262154,13464.8,0.579954,0.332651,-0.6,0.15,879.901,1.24477e+07,0.423206,0.0278896,0.569476,0.0284106,-0.936343,0.905214,0.12475,nan,nan,nan,nan,-0.0397516,-0.243536,-0.0587328,nan,-0.315012,-0.000714286,-0.208529,-0.807704,nan,-1.32171,1.34958,0.346,-1.75943,-0.0261429,4.51875
1014,44.9206,806.278,0.0461143,0.458333,0.291667,0.138038,1.24727,0.722186,-0.0103076,0.86288,8.77915e-05,0.0188487,0.262155,13808.2,0.627969,0.261935,-0.6,0.15,880.793,1.246e+07,0.388481,0.0261103,0.51796,0.0253344,-0.854593,0.806278,0.111611,nan,nan,nan,nan,-0.0373822,-0.224712,-0.0554498,nan,-0.282603,0,-0.18587,-0.733104,nan,-1.193,1.19786,0.340222,-1.58378,-0.0201111,4.00278
1015,50.9238,839.429,0.0544118,0.458333,0.125,0.137668,1.25009,0.641076,-0.0105275,0.861448,8.77915e-05,0.0120905,0.262093,13525.7,0.554079,0.354414,-0.6,0.15,881.703,1.24723e+07,0.352318,0.0276225,0.529607,0.0275679,-0.897906,0.839429,0.119079,nan,nan,nan,nan,-0.0389294,-0.230362,-0.0581685,nan,-0.293788,-0.000571429,-0.189109,-0.775609,nan,-1.26086,1.23365,0.366,-1.63343,-0.0221429,4.45179
1016,49.1383,807.692,0.0494606,0.291667,0.25,0.135049,1.23468,0.701143,-0.0109067,0.857357,8.77915e-05,0.0136747,0.261989,13623.8,0.576485,0.325469,-0.6,0.15,882.606,1.24846e+07,0.383282,0.0256152,0.484526,0.0314641,-0.878798,0.807692,0.113477,nan,nan,nan,nan,-0.036402,-0.211488,-0.0546864,nan,-0.281618,0,-0.186462,-0.711155,nan,-1.18362,1.21343,0.352,-1.56246,-0.0238462,4.17596
1017,58.9593,906.1,0.0512772,0.375,0.0416667,0.139275,1.21946,0.616716,-0.0101784,0.852545,8.77915e-05,0.0181324,0.261897,12916.3,0.597615,0.353738,-0.6,0.15,883.559,1.24969e+07,0.418883,0.0285394,0.568935,0.0355552,-0.97551,0.9061,0.13934,nan,nan,nan,nan,-0.043683,-0.260948,-0.0663235,nan,-0.319581,0,-0.206717,-0.822119,nan,-1.3497,1.34665,0.3912,-1.7812,-0.0302,4.96875
1018,52.9131,854.1,0.0497664,0.625,0.208333,0.138153,1.23244,0.636675,-0.0104894,0.849784,8.77915e-05,0.0125563,0.261871,12720.8,0.589199,0.376776,-0.6,0.15,884.526,1.25092e+07,0.41461,0.0231324,0.529494,0.0291051,-0.961797,0.8541,0.12873,nan,nan,nan,nan,-0.0424084,-0.263213,-0.0614758,nan,-0.30225,-0.00035,-0.194935,-0.792175,nan,-1.30275,1.25756,0.3754,-1.6698,-0.0222,4.64687
1019,52.5241,957.957,0.0516827,0.75,0.208333,0.138932,1.27138,0.715689,-0.0102864,0.848792,8.77915e-05,0.00969496,0.261853,12907.7,0.606698,0.345288,-0.6,0.15,885.48,1.25215e+07,0.462394,0.0317689,0.614889,0.0345623,-1.0383,0.957957,0.132683,nan,nan,nan,nan,-0.041552,-0.23863,-0.0644353,nan,-0.332372,-0.00026087,-0.220124,-0.844069,nan,-1.38365,1.42541,0.428174,-1.85391,-0.0296522,4.58533
1020,41.2329,826.385,0.050636,0.375,0.166667,0.139328,1.26929,0.777014,-0.0101094,0.847612,8.77915e-05,0.0190395,0.261841,13199.3,0.565493,0.365464,-0.6,0.15,886.412,1.25338e+07,0.381374,0.0255855,0.50897,0.0286184,-0.934778,0.826385,0.108354,nan,nan,nan,nan,-0.0360588,-0.21565,-0.0528954,nan,-0.287353,0,-0.190306,-0.75008,nan,-1.24454,1.2419,0.326462,-1.58923,-0.0226154,3.9375
1021,34.6122,755.75,0.0498634,0.291667,0.208333,0.140729,1.27759,0.769044,-0.0104985,0.84702,8.77915e-05,0.0180172,0.261846,13172.1,0.59658,0.3363,-0.6,0.15,887.346,1.2546e+07,0.359068,0.023418,0.468952,0.0234978,-0.861254,0.75575,0.0901417,nan,nan,nan,nan,-0.0294106,-0.168641,-0.0436146,nan,-0.261418,0,-0.174808,-0.666507,nan,-1.078,1.14115,0.283667,-1.46233,-0.0221667,3.35313
1022,43.867,898.545,0.0513432,0.291667,0.166667,0.137477,1.24515,0.852052,-0.0103361,0.846866,8.77915e-05,0.0126391,0.261839,12407.3,0.6284,0.361986,-0.6,0.15,888.338,1.25583e+07,0.382569,0.0284476,0.544497,0.0273593,-1.04876,0.898545,0.124609,nan,nan,nan,nan,-0.0408197,-0.255058,-0.0606824,nan,-0.3157,-0.00136364,-0.205785,-0.844251,nan,-1.34755,1.3051,0.383636,-1.764,-0.022,4.40455
1023,45.366,884.353,0.0500388,0.541667,0.166667,0.134953,1.25327,0.665203,-0.010729,0.846589,8.77915e-05,0.0138127,0.261847,12716.8,0.635176,0.331105,-0.6,0.15,889.306,1.25706e+07,0.386119,0.0319517,0.561194,0.0313009,-1.01272,0.884353,0.120994,nan,nan,nan,nan,-0.0391287,-0.229854,-0.0597672,nan,-0.307478,-0.000411765,-0.203045,-0.797119,nan,-1.29071,1.32141,0.383765,-1.72165,-0.0269412,4.23603
1024,50.0887,842.071,0.0491831,0.458333,0.125,0.134947,1.24876,0.611655,-0.0104227,0.848106,8.77915e-05,0.015448,0.2619,13468.6,0.56513,0.347216,-0.6,0.15,890.219,1.25829e+07,0.355856,0.0245925,0.511248,0.0284736,-0.998522,0.842071,0.127814,nan,nan,nan,nan,-0.0414628,-0.265972,-0.0580592,nan,-0.296842,0,-0.193338,-0.78157,nan,-1.32193,1.24393,0.351143,-1.66486,-0.0188571,4.66071
1025,41.0424,869.562,0.0507761,0.458333,0.208333,0.136458,1.25796,0.589993,-0.00927845,0.848981,0.000131687,0.00406203,0.261882,13794.1,0.574163,0.316652,-0.6,0.15,891.112,1.25952e+07,0.424346,0.0307889,0.560284,0.0279323,-1.01941,0.869562,0.11485,nan,nan,nan,nan,-0.0376519,-0.220301,-0.0569457,nan,-0.30439,-0.000625,-0.19829,-0.777567,nan,-1.27781,1.3027,0.34625,-1.68725,-0.02325,3.97891
1026,47.5726,899.077,0.047513,0.416667,0.125,0.134902,1.24771,0.724656,-0.0102303,0.846851,0.000131687,0.0135219,0.261857,13473.6,0.569661,0.342344,-0.6,0.15,892.025,1.26075e+07,0.415575,0.0313833,0.55376,0.0305772,-1.05307,0.899077,0.124238,nan,nan,nan,nan,-0.039291,-0.228343,-0.0578741,nan,-0.313553,0,-0.206862,-0.791411,nan,-1.31238,1.32704,0.374462,-1.73015,-0.0233846,4.37885
1027,46.2014,863.111,0.0453266,0.541667,0.208333,0.137303,1.226,0.817113,-0.0102693,0.8456,0.000131687,0.0185477,0.261824,12072.2,0.64733,0.370542,-0.6,0.15,893.045,1.26198e+07,0.440827,0.0312804,0.557194,0.0275205,-1.00718,0.863111,0.111472,nan,nan,nan,nan,-0.0358645,-0.210225,-0.0563715,nan,-0.29977,0,-0.197227,-0.759801,nan,-1.23833,1.29096,0.374889,-1.63978,-0.0238889,4.08125
1028,40.3367,784.615,0.0479699,0.333333,0.208333,0.136002,1.25587,0.660663,-0.0119283,0.842269,8.77915e-05,0.0211022,0.261698,12778.3,0.616018,0.345614,-0.6,0.15,894.008,1.26321e+07,0.365281,0.0217836,0.504908,0.0233008,-0.958802,0.784615,0.110146,nan,nan,nan,nan,-0.0366987,-0.22013,-0.0524969,nan,-0.275672,0,-0.179648,-0.734665,nan,-1.18592,1.17072,0.298462,-1.51262,-0.0163077,3.91058
1029,40.927,805.739,0.0452162,0.625,0.333333,0.138293,1.24691,0.650394,-0.0108342,0.83659,8.77915e-05,0.0181286,0.261612,13931.9,0.60828,0.273723,-0.6,0.15,894.891,1.26444e+07,0.380282,0.0278937,0.514798,0.0261158,-0.967272,0.805739,0.107078,nan,nan,nan,nan,-0.0346351,-0.198424,-0.0533563,nan,-0.280605,-0.000652174,-0.184475,-0.723322,nan,-1.17743,1.18747,0.346435,-1.55722,-0.0226087,3.85054
1030,46.143,759.5,0.0484993,0.25,0.166667,0.140454,1.27993,0.677646,-0.00961984,0.831821,8.77915e-05,0.0119617,0.261495,14770.1,0.531208,0.300742,-0.6,0.15,895.724,1.26566e+07,0.298417,0.0203889,0.469182,0.0238132,-0.966979,0.7595,0.11242,nan,nan,nan,nan,-0.0370649,-0.225816,-0.0535409,nan,-0.266957,0,-0.174841,-0.693784,nan,-1.1925,1.12036,0.3184,-1.4832,-0.0194,4.29875
1031,32.8993,869.909,0.04934,0.375,0.0833333,0.14208,1.24854,0.534322,-0.0101564,0.825321,8.77915e-05,0.0169257,0.261374,13722.6,0.578365,0.317093,-0.6,0.15,896.621,1.26689e+07,0.436375,0.0338674,0.562834,0.0255206,-1.04082,0.869909,0.101573,nan,nan,nan,nan,-0.0318662,-0.184288,-0.0463382,nan,-0.298714,0,-0.200283,-0.756078,nan,-1.194,1.30877,0.305091,-1.66836,-0.0225455,3.44432
1032,42.8905,830.222,0.0503673,0.291667,0.0833333,0.138473,1.22395,0.725386,-0.00927988,0.82167,8.77915e-05,0.00969841,0.261384,13209.8,0.596609,0.333612,-0.6,0.15,897.553,1.26812e+07,0.362605,0.0253939,0.534869,0.0279162,-1.03175,0.830222,0.119089,nan,nan,nan,nan,-0.0391404,-0.234726,-0.0598327,nan,-0.290522,0,-0.189993,-0.75249,nan,-1.22533,1.21893,0.358222,-1.596,-0.0226667,4.10972
1033,45.864,864.091,0.0483947,0.333333,0.125,0.136658,1.24314,0.690874,-0.0108952,0.82308,8.77915e-05,0.0148726,0.26142,12693.4,0.607845,0.360216,-0.6,0.15,898.522,1.26935e+07,0.445643,0.0265138,0.559801,0.0270109,-1.0634,0.864091,0.1183,nan,nan,nan,nan,-0.0412332,-0.243931,-0.0627436,nan,-0.301988,0,-0.200708,-0.777487,nan,-1.24827,1.2611,0.395636,-1.66218,-0.0290909,4.22614
1034,47.4206,827.211,0.047187,0.5,0.291667,0.136683,1.21961,0.742562,-0.0104966,0.824409,8.77915e-05,0.0103068,0.261445,14410.6,0.580482,0.272225,-0.6,0.15,899.377,1.27058e+07,0.340084,0.0250919,0.498873,0.0286624,-1.06819,0.827211,0.124784,nan,nan,nan,nan,-0.0407054,-0.262573,-0.0568448,nan,-0.291407,-0.000263158,-0.192551,-0.767767,nan,-1.29316,1.21213,0.329684,-1.63411,-0.0230526,4.61513
1035,45.7244,873.294,0.048807,0.5,0.208333,0.134984,1.2473,0.694297,-0.0108514,0.823353,8.77915e-05,0.014257,0.261353,13716.3,0.573617,0.32225,-0.6,0.15,900.274,1.27181e+07,0.414426,0.02843,0.552759,0.0296644,-1.11712,0.873294,0.120671,nan,nan,nan,nan,-0.0407426,-0.247206,-0.0601285,nan,-0.305172,0,-0.200591,-0.794841,nan,-1.26706,1.29554,0.375529,-1.68682,-0.0241176,4.33971
1036,45.6835,894.412,0.0461043,0.625,0.0833333,0.138293,1.25085,0.755909,-0.010577,0.818742,0.000131687,0.0034611,0.261293,13364.4,0.608493,0.310962,-0.6,0.15,901.195,1.27304e+07,0.433603,0.0315963,0.574875,0.0308533,-1.12106,0.894412,0.118041,nan,nan,nan,nan,-0.03679,-0.216899,-0.0558496,nan,-0.309527,0,-0.206696,-0.791101,nan,-1.29547,1.33039,0.369882,-1.71271,-0.0247059,4.27132
1037,41.5071,736.765,0.0509736,0.333333,0.375,0.135948,1.24623,0.734732,-0.0117213,0.815989,8.77915e-05,0.020105,0.261231,13691.9,0.573859,0.323605,-0.6,0.15,902.094,1.27427e+07,0.296696,0.0241405,0.451519,0.0214246,-0.983141,0.736765,0.113506,nan,nan,nan,nan,-0.0394673,-0.247723,-0.0525519,nan,-0.260466,-0.000235294,-0.1713,-0.70776,nan,-1.17653,1.06216,0.287765,-1.47247,-0.018,4.21103
1038,52.2487,853.308,0.0481759,0.416667,0.125,0.129211,1.25158,0.765294,-0.0115538,0.813104,8.77915e-05,0.0150163,0.261159,14424.8,0.57805,0.273818,-0.6,0.15,902.947,1.27549e+07,0.393245,0.0277745,0.533423,0.0335931,-1.09977,0.853308,0.123323,nan,nan,nan,nan,-0.0388075,-0.236146,-0.0603703,nan,-0.297123,0,-0.196449,-0.763718,nan,-1.25885,1.28334,0.380923,-1.65446,-0.0290769,4.61827
1039,46.5629,926.412,0.0517042,0.583333,0.125,0.134794,1.21347,0.736454,-0.0102792,0.80806,8.77915e-05,0.0187224,0.26103,12880.7,0.580364,0.373621,-0.6,0.15,903.902,1.27672e+07,0.471681,0.0315186,0.603019,0.0319444,-1.18324,0.926412,0.119135,nan,nan,nan,nan,-0.0374141,-0.215696,-0.0606423,nan,-0.319187,0,-0.213626,-0.80149,nan,-1.33024,1.38687,0.408,-1.75859,-0.0281176,4.29779
1040,30.186,817.727,0.0499766,0.166667,0.291667,0.133676,1.21665,0.605231,-0.0106258,0.801994,8.77915e-05,0.0118227,0.260914,13763.1,0.586837,0.305982,-0.6,0.15,904.797,1.27795e+07,0.388383,0.0302838,0.523239,0.0230356,-1.0653,0.817727,0.0992727,nan,nan,nan,nan,-0.0337168,-0.193385,-0.0475476,nan,-0.282087,-0.000636364,-0.188851,-0.748628,nan,-1.19127,1.18937,0.316,-1.592,-0.0198182,3.48523
1041,48.3466,863.188,0.0537927,0.541667,0.125,0.132861,1.24207,0.625371,-0.0119631,0.797364,8.77915e-05,0.00915248,0.260847,13435,0.594786,0.319837,-0.6,0.15,905.713,1.27918e+07,0.407748,0.0282314,0.547925,0.0285492,-1.15635,0.863187,0.125962,nan,nan,nan,nan,-0.0411424,-0.258225,-0.0601325,nan,-0.302417,-0.000375,-0.201346,-0.80542,nan,-1.32431,1.27307,0.365,-1.68225,-0.021625,4.63125
1042,38.7202,848.824,0.0543791,0.541667,0.166667,0.133499,1.25216,0.641996,-0.00990724,0.793565,8.77915e-05,0.0172189,0.26075,13697.5,0.602914,0.294185,-0.6,0.15,906.612,1.28041e+07,0.388534,0.0281526,0.520011,0.0266454,-1.13852,0.848824,0.115206,nan,nan,nan,nan,-0.0371559,-0.234523,-0.0523136,nan,-0.295707,-0.000117647,-0.19758,-0.778081,nan,-1.30041,1.24843,0.316,-1.66447,-0.0194118,4.1625
1043,37.8502,942.417,0.0529669,0.416667,0.0833333,0.132944,1.23548,0.836432,-0.00920125,0.788126,8.77915e-05,0.0121225,0.260634,15779.3,0.524147,0.254596,-0.6,0.15,907.392,1.28164e+07,0.396384,0.0311686,0.60096,0.0225646,-1.28427,0.942417,0.133817,nan,nan,nan,nan,-0.0449067,-0.297514,-0.0592778,nan,-0.331067,0,-0.218899,-0.865273,nan,-1.47325,1.34999,0.299333,-1.86733,-0.0215,4.57917
1044,33.6577,625.1,0.0541902,0.166667,0.25,0.131364,1.23165,0.593802,-0.00885719,0.782571,8.77915e-05,0.0122579,0.260551,14489.6,0.492053,0.356001,-0.6,0.15,908.241,1.28287e+07,0.26479,0.0207688,0.401189,0.0196023,-0.817928,0.6251,0.08451,nan,nan,nan,nan,-0.0282274,-0.161841,-0.0432336,nan,-0.216812,-0.0002,-0.146396,-0.560893,nan,-0.9111,0.919455,0.2872,-1.1788,-0.0168,3.1425
1045,43.9434,922.5,0.0535152,0.458333,0.0416667,0.137429,1.24539,0.776354,-0.011574,0.778946,8.77915e-05,0.016521,0.260462,12386.6,0.625506,0.366536,-0.6,0.15,909.235,1.2841e+07,0.448635,0.0383482,0.599642,0.0293365,-1.21604,0.9225,0.122517,nan,nan,nan,nan,-0.0376815,-0.226039,-0.0570819,nan,-0.318189,-0.000333333,-0.21643,-0.799818,nan,-1.33425,1.37018,0.362333,-1.78,-0.024,4.31354
1046,48.0167,867.5,0.0484883,0.541667,0.291667,0.137184,1.21193,0.645748,-0.0116458,0.774104,8.77915e-05,0.0113404,0.260384,13641.1,0.587839,0.312969,-0.6,0.15,910.137,1.28532e+07,0.405912,0.0272204,0.569846,0.0259437,-1.16179,0.8675,0.12319,nan,nan,nan,nan,-0.0411585,-0.242956,-0.0608664,nan,-0.303059,-0.00015,-0.200916,-0.794931,nan,-1.3125,1.26872,0.3528,-1.6774,-0.0227,4.57812
1047,20.937,823.5,0.0554207,0.208333,0.125,0.130889,1.22946,0.674299,-0.0105283,0.771553,8.77915e-05,0.0144939,0.260366,13616.8,0.585893,0.316523,-0.6,0.15,911.041,1.28655e+07,0.458454,0.0274431,0.541614,0.0199256,-1.06839,0.8235,0.0797625,nan,nan,nan,nan,-0.0279423,-0.1681,-0.0409811,nan,-0.281082,0,-0.194243,-0.711049,nan,-1.16287,1.26013,0.2555,-1.557,-0.01875,2.81094
1048,36.3861,760.412,0.053915,0.416667,0.291667,0.129439,1.23386,0.559731,-0.0110207,0.769537,8.77915e-05,0.0145411,0.260286,15329.1,0.522326,0.279288,-0.6,0.15,911.844,1.28778e+07,0.342829,0.0250469,0.47753,0.0241823,-1.00849,0.760412,0.102118,nan,nan,nan,nan,-0.0351609,-0.217425,-0.0503501,nan,-0.264945,-0.000470588,-0.175602,-0.696535,nan,-1.14176,1.11626,0.293647,-1.47576,-0.0187059,3.7625
1049,44.3657,878.7,0.0536727,0.333333,0.0833333,0.130107,1.216,0.778958,-0.00976847,0.765606,8.77915e-05,0.0142495,0.260234,15804.7,0.486361,0.291129,-0.6,0.15,912.623,1.28901e+07,0.456256,0.0263981,0.568138,0.0249112,-1.16689,0.8787,0.11909,nan,nan,nan,nan,-0.0404686,-0.246891,-0.0604632,nan,-0.306496,0,-0.205893,-0.797269,nan,-1.3557,1.26691,0.358,-1.6804,-0.0234,4.40375
1050,54.912,893.231,0.0497394,0.416667,0.125,0.131347,1.25092,0.616849,-0.0105158,0.763726,8.77915e-05,0.0149662,0.260193,13026.3,0.601557,0.341764,-0.6,0.15,913.567,1.29024e+07,0.416362,0.0258944,0.552053,0.0343506,-1.19146,0.893231,0.134785,nan,nan,nan,nan,-0.0420024,-0.260231,-0.062788,nan,-0.310779,0,-0.207902,-0.793003,nan,-1.35669,1.31135,0.403385,-1.73877,-0.0227692,4.96058
1051,36.449,815.733,0.0486164,0.458333,0.166667,0.131916,1.23022,0.692217,-0.00974079,0.761152,8.77915e-05,0.0102607,0.260145,12603.9,0.617583,0.357351,-0.6,0.15,914.544,1.29147e+07,0.384158,0.0262441,0.524558,0.0228445,-1.07775,0.815733,0.101013,nan,nan,nan,nan,-0.0346059,-0.214477,-0.0501818,nan,-0.282792,0,-0.191053,-0.730138,nan,-1.1902,1.1913,0.2984,-1.5592,-0.0197333,3.80833
1052,46.8788,912.895,0.0550648,0.625,0.166667,0.133049,1.25762,0.594483,-0.0106624,0.758287,8.77915e-05,0.0105198,0.260084,13823.9,0.573051,0.315842,-0.6,0.15,915.434,1.2927e+07,0.475687,0.0324358,0.582057,0.0325022,-1.18202,0.912895,0.121616,nan,nan,nan,nan,-0.0380725,-0.222819,-0.0571363,nan,-0.31344,0,-0.214621,-0.814377,nan,-1.32016,1.36974,0.389895,-1.78947,-0.0253684,4.40461
1053,55.859,960,0.0516403,0.333333,0.0416667,0.133109,1.23774,0.670396,-0.0103943,0.755681,8.77915e-05,0.0156545,0.260058,14785.9,0.537289,0.293772,-0.6,0.15,916.266,1.29393e+07,0.401725,0.0262291,0.602861,0.0245555,-1.30733,0.96,0.142067,nan,nan,nan,nan,-0.0495632,-0.330717,-0.0705664,nan,-0.339317,0,-0.228425,-0.907118,nan,-1.56533,1.36494,0.380444,-1.87244,-0.0182222,5.57917
1054,33.531,698.273,0.0509063,0.208333,0.25,0.133789,1.23728,0.614631,-0.0101829,0.754524,8.77915e-05,0.014657,0.260041,16873.4,0.489377,0.23887,-0.6,0.15,916.996,1.29516e+07,0.33369,0.0257216,0.456982,0.0212038,-0.923495,0.698273,0.0930364,nan,nan,nan,nan,-0.0305107,-0.173206,-0.0445174,nan,-0.242077,0,-0.163018,-0.627744,nan,-1.03691,1.02776,0.274545,-1.37236,-0.0158182,3.375
1055,45.5775,921.562,0.0505208,0.583333,0.0833333,0.130207,1.21121,0.771694,-0.00899223,0.75429,8.77915e-05,0.0134204,0.260067,14697.5,0.504156,0.331905,-0.6,0.15,917.833,1.29638e+07,0.470031,0.0331242,0.592941,0.0264063,-1.21758,0.921562,0.122675,nan,nan,nan,nan,-0.0394938,-0.246993,-0.0587145,nan,-0.320391,0,-0.21701,-0.831872,nan,-1.407,1.3516,0.35025,-1.79525,-0.023375,4.56797
1056,56.3958,959.062,0.0503454,0.625,0.0416667,0.129171,1.20823,0.762374,-0.00974259,0.754696,8.77915e-05,0.0129183,0.260055,12044,0.652302,0.367961,-0.6,0.15,918.855,1.29761e+07,0.497482,0.0317864,0.614658,0.0318796,-1.26648,0.959062,0.135231,nan,nan,nan,nan,-0.0423059,-0.259568,-0.0656549,nan,-0.332952,-0.0001875,-0.223456,-0.878126,nan,-1.4595,1.41342,0.398,-1.852,-0.028375,5.14687
1057,35.6991,923.8,0.0509296,0.291667,0.125,0.133398,1.20785,0.639813,-0.0109745,0.753825,5.85277e-05,0.0212733,0.260039,11817.5,0.673462,0.366352,-0.6,0.15,919.896,1.29884e+07,0.422013,0.0335803,0.61764,0.0257334,-1.2029,0.9238,0.11536,nan,nan,nan,nan,-0.0382734,-0.223901,-0.0570728,nan,-0.318527,0,-0.21821,-0.81515,nan,-1.3602,1.34421,0.3596,-1.7588,-0.0252,3.96125
1058,41.1976,849.9,0.0542638,0.333333,0.0833333,0.133426,1.22821,0.718684,-0.00961033,0.752701,5.85277e-05,0.0134892,0.259979,13199.4,0.579881,0.351073,-0.6,0.15,920.829,1.30007e+07,0.45522,0.0276833,0.542292,0.0273986,-1.10286,0.8499,0.11083,nan,nan,nan,nan,-0.0349186,-0.211514,-0.0521603,nan,-0.292702,-0.0003,-0.202315,-0.752913,nan,-1.2816,1.26548,0.3264,-1.6484,-0.0244,4.05875
1059,42.413,763.5,0.0537226,0.125,0.0416667,0.131606,1.22415,0.530666,-0.00902522,0.749681,5.85277e-05,0.0134773,0.259919,13925,0.592653,0.289788,-0.6,0.15,921.713,1.3013e+07,0.46689,0.0228007,0.499247,0.0241422,-0.990171,0.7635,0.103975,nan,nan,nan,nan,-0.0318806,-0.187281,-0.0505341,nan,-0.262835,0,-0.180632,-0.670668,nan,-1.146,1.11497,0.313,-1.479,-0.017,3.82812
1060,47.8516,970.909,0.0524952,0.875,0.0416667,0.133144,1.22216,0.673661,-0.00891418,0.747324,5.85277e-05,0.00746095,0.259875,16018.9,0.510479,0.256616,-0.6,0.15,922.481,1.30253e+07,0.464167,0.0321457,0.623228,0.0302134,-1.28153,0.970909,0.132691,nan,nan,nan,nan,-0.0436913,-0.277955,-0.0640399,nan,-0.336869,0,-0.228558,-0.867807,nan,-1.47136,1.41145,0.369455,-1.87545,-0.0228182,4.82841
1061,44.5477,937.056,0.0498449,0.666667,0.0833333,0.137452,1.25541,0.716141,-0.0102925,0.744775,5.85277e-05,0.0118516,0.259818,16874.1,0.480821,0.247395,-0.6,0.15,923.211,1.30376e+07,0.441996,0.0311373,0.606174,0.0266819,-1.22715,0.937056,0.124133,nan,nan,nan,nan,-0.0402355,-0.245126,-0.0586401,nan,-0.324949,-0.000166667,-0.218835,-0.86806,nan,-1.4055,1.37095,0.341333,-1.81689,-0.025,4.57847
1062,45.1921,882.429,0.0508065,0.458333,0.125,0.135568,1.22556,0.741207,-0.00840667,0.741946,5.85277e-05,0.00806894,0.25977,16897.4,0.484673,0.242539,-0.6,0.15,923.939,1.30499e+07,0.450566,0.0283154,0.570228,0.0271564,-1.15474,0.882429,0.125714,nan,nan,nan,nan,-0.0397685,-0.239709,-0.0592039,nan,-0.306802,0,-0.205199,-0.808287,nan,-1.34936,1.28872,0.357714,-1.72114,-0.0218571,4.43482
1063,41.7112,980,0.0507182,0.375,0.0416667,0.137266,1.23316,0.565265,-0.00835713,0.739016,5.85277e-05,0.0112228,0.259685,16955,0.474169,0.250574,-0.6,0.15,924.665,1.30621e+07,0.484027,0.0370248,0.6443,0.0317584,-1.24557,0.98,0.10893,nan,nan,nan,nan,-0.0351444,-0.200451,-0.0568368,nan,-0.333664,0,-0.232018,-0.836076,nan,-1.3725,1.46878,0.4168,-1.8592,-0.0246,4.11
1064,49.3375,919.2,0.0588504,0.708333,0.125,0.136809,1.2692,0.758071,-0.00845484,0.735208,5.85277e-05,0.00944334,0.259621,16775.9,0.487689,0.244788,-0.6,0.15,925.399,1.30744e+07,0.444188,0.0315065,0.606242,0.0277545,-1.19698,0.9192,0.125885,nan,nan,nan,nan,-0.0410672,-0.246394,-0.0623843,nan,-0.317201,-0.0002,-0.216833,-0.825192,nan,-1.3959,1.34795,0.3814,-1.756,-0.0241,4.665
1065,49.6344,944,0.0546062,0.375,0.0416667,0.137905,1.2608,0.670347,-0.00890133,0.733012,5.85277e-05,0.00863147,0.259595,16821.7,0.484389,0.246098,-0.6,0.15,926.131,1.30867e+07,0.459396,0.0311629,0.582825,0.0310303,-1.2374,0.944,0.13063,nan,nan,nan,nan,-0.0422342,-0.264258,-0.0634767,nan,-0.325396,-0.0014,-0.22355,-0.851798,nan,-1.4478,1.39419,0.3712,-1.7916,-0.0238,4.81
1066,39.969,865.143,0.0480769,0.416667,0.166667,0.139137,1.24155,0.825597,-0.00777193,0.732221,5.85277e-05,0.00933809,0.259583,16881.2,0.482949,0.24496,-0.6,0.15,926.86,1.3099e+07,0.519828,0.0299984,0.572555,0.0308205,-1.09007,0.865143,0.103293,nan,nan,nan,nan,-0.0328747,-0.18327,-0.0524961,nan,-0.292508,0,-0.20574,-0.724261,nan,-1.19979,1.30043,0.389714,-1.63143,-0.0285714,3.62768
1067,47.2921,927.615,0.052957,0.458333,0.0833333,0.136547,1.23972,0.782542,-0.00857498,0.730864,5.85277e-05,0.00695776,0.259538,16794.2,0.484132,0.247548,-0.6,0.15,927.593,1.31113e+07,0.456663,0.0317346,0.585406,0.029743,-1.20755,0.927615,0.127623,nan,nan,nan,nan,-0.0402986,-0.244111,-0.0617222,nan,-0.319675,0,-0.221168,-0.834314,nan,-1.40608,1.36462,0.368,-1.80708,-0.03,4.64519
1068,49.0249,851.8,0.0536149,0.5,0.125,0.137318,1.22635,0.719931,-0.0101889,0.72688,5.85277e-05,0.0126487,0.259437,16730.7,0.480308,0.254149,-0.6,0.15,928.329,1.31236e+07,0.425159,0.0280361,0.543281,0.0260986,-1.12588,0.8518,0.116693,nan,nan,nan,nan,-0.0391933,-0.244307,-0.0580378,nan,-0.295526,0,-0.201056,-0.777329,nan,-1.3072,1.25737,0.340533,-1.64427,-0.0216,4.57667
1069,53.6285,967.429,0.054369,0.5,0.0833333,0.136193,1.24913,0.678547,-0.00892569,0.721601,5.85277e-05,0.0116458,0.259336,16679.9,0.489314,0.24738,-0.6,0.15,929.067,1.31359e+07,0.478399,0.0282293,0.636686,0.0289814,-1.26989,0.967429,0.134321,nan,nan,nan,nan,-0.0440629,-0.278211,-0.0654983,nan,-0.335182,0,-0.229329,-0.881166,nan,-1.50686,1.42936,0.384571,-1.872,-0.0225714,5.09821
1070,42.7816,910.6,0.0550028,0.541667,0.0833333,0.137462,1.25217,0.602119,-0.0092202,0.717486,5.85277e-05,0.0116944,0.259276,15638.6,0.498581,0.287169,-0.6,0.15,929.854,1.31482e+07,0.478701,0.0314681,0.594089,0.0259666,-1.18083,0.9106,0.115313,nan,nan,nan,nan,-0.038528,-0.238492,-0.0563475,nan,-0.313655,0,-0.216118,-0.818994,nan,-1.3698,1.33284,0.354133,-1.7512,-0.0250667,4.305
1071,57.0708,966.167,0.0574888,0.458333,0.0416667,0.134808,1.22618,0.720636,-0.00998897,0.714146,5.85277e-05,0.00721262,0.259173,15572.7,0.52364,0.265433,-0.6,0.15,930.644,1.31604e+07,0.441532,0.0311877,0.602686,0.0288806,-1.30028,0.966167,0.146575,nan,nan,nan,nan,-0.0490662,-0.324377,-0.0688279,nan,-0.337851,-0.0015,-0.229623,-0.893861,nan,-1.581,1.39169,0.385667,-1.897,-0.021,5.56354
1072,42.0984,876.889,0.0552731,0.208333,0.166667,0.142356,1.21649,0.677175,-0.00929075,0.709716,5.85277e-05,0.0140666,0.259103,16008.5,0.515881,0.251712,-0.6,0.15,931.413,1.31727e+07,0.436972,0.0307011,0.564443,0.0255533,-1.12284,0.876889,0.115311,nan,nan,nan,nan,-0.0379856,-0.242753,-0.0546069,nan,-0.302855,0,-0.209025,-0.765477,nan,-1.33767,1.27582,0.334667,-1.7,-0.0211111,4.23889
1073,51.2372,890.214,0.052763,0.5,0.0833333,0.142804,1.2419,0.680811,-0.00823511,0.706875,5.85277e-05,0.0118681,0.259047,17037.6,0.476076,0.245151,-0.6,0.15,932.136,1.3185e+07,0.392629,0.0332646,0.561171,0.0257646,-1.17644,0.890214,0.12535,nan,nan,nan,nan,-0.0418761,-0.271221,-0.0601287,nan,-0.309675,0,-0.212105,-0.799253,nan,-1.39971,1.30452,0.328571,-1.73029,-0.0221429,4.92321
1074,50.7105,1000,0.0512967,0.25,0,0.142535,1.26286,0.624288,-0.0103201,0.704034,8.77915e-05,0.00437678,0.258999,16889.7,0.480343,0.2472,-0.6,0.15,932.865,1.31973e+07,0.504583,0.0277746,0.642622,0.0329456,-1.28386,1,0.13135,nan,nan,nan,nan,-0.0402734,-0.230986,-0.0634498,nan,-0.340217,0,-0.239061,-0.885134,nan,-1.444,1.48273,0.422667,-1.92533,-0.0276667,4.77083
1075,47.5488,863.067,0.0527415,0.458333,0.166667,0.140762,1.24761,0.877932,-0.00877487,0.703157,8.77915e-05,0.0104696,0.259018,16934.6,0.485371,0.240246,-0.6,0.15,933.592,1.32096e+07,0.42521,0.0285461,0.546739,0.0295843,-1.11653,0.863067,0.12026,nan,nan,nan,nan,-0.0391915,-0.24113,-0.0574784,nan,-0.297228,-0.000133333,-0.205388,-0.775014,nan,-1.2842,1.26369,0.353867,-1.668,-0.0250667,4.45583
1076,51.7693,925.632,0.0520377,0.666667,0.125,0.139241,1.22636,0.766031,-0.00910236,0.703599,8.77915e-05,0.00975375,0.258999,17093.2,0.481475,0.237409,-0.6,0.15,934.312,1.32219e+07,0.42711,0.0286279,0.581744,0.0308158,-1.21275,0.925632,0.133516,nan,nan,nan,nan,-0.044,-0.279488,-0.0626561,nan,-0.320517,-5.26316e-05,-0.22157,-0.840961,nan,-1.44458,1.34888,0.380842,-1.79789,-0.0251579,4.98092
1077,52.0774,942.824,0.0554878,0.625,0.0833333,0.139274,1.24444,0.648249,-0.00996843,0.700876,8.77915e-05,0.0142775,0.258892,17172.2,0.477076,0.238498,-0.6,0.15,935.029,1.32342e+07,0.443091,0.0337014,0.620031,0.0284909,-1.20986,0.942824,0.1256,nan,nan,nan,nan,-0.0404101,-0.252703,-0.0609558,nan,-0.322541,0,-0.225478,-0.839055,nan,-1.43171,1.38678,0.369412,-1.83082,-0.0251765,4.89265
1078,52.159,936,0.0580981,0.541667,0.0833333,0.140116,1.23016,0.703287,-0.00915087,0.695723,8.77915e-05,0.0132834,0.258796,16699.9,0.486178,0.249633,-0.6,0.15,935.766,1.32465e+07,0.461919,0.0302109,0.61139,0.0275484,-1.21016,0.936,0.125967,nan,nan,nan,nan,-0.041697,-0.253516,-0.0650874,nan,-0.321293,0,-0.223675,-0.842049,nan,-1.42,1.36716,0.393067,-1.80027,-0.0250667,4.8575
1079,49.727,887,0.054887,0.333333,0.0833333,0.144145,1.24028,0.603083,-0.00967649,0.691101,8.77915e-05,0.0128528,0.258684,13714.1,0.538244,0.357768,-0.6,0.15,936.663,1.32588e+07,0.455915,0.0306528,0.582015,0.0300981,-1.12895,0.887,0.12372,nan,nan,nan,nan,-0.037243,-0.217354,-0.0586255,nan,-0.303465,-0.001,-0.211414,-0.782447,nan,-1.3302,1.3031,0.364,-1.7212,-0.022,4.52375
1080,49.8148,856.25,0.0575599,0.5,0.166667,0.141361,1.23709,0.683841,-0.0093187,0.685839,8.77915e-05,0.00995707,0.258611,11898.7,0.654377,0.378342,-0.6,0.15,937.698,1.3271e+07,0.40832,0.0295854,0.541586,0.0293099,-1.13014,0.85625,0.123119,nan,nan,nan,nan,-0.0399447,-0.253428,-0.0589884,nan,-0.296524,0,-0.205873,-0.764934,nan,-1.33519,1.23318,0.35325,-1.67125,-0.02525,4.69766
1081,40.893,857,0.0498453,0.416667,0.125,0.143331,1.24333,0.708703,-0.00921859,0.683559,8.77915e-05,0.0167976,0.258589,13301.2,0.595683,0.328141,-0.6,0.15,938.623,1.32833e+07,0.377101,0.0292455,0.546948,0.0246075,-1.10813,0.857,0.1048,nan,nan,nan,nan,-0.0341197,-0.2167,-0.0495117,nan,-0.295194,-0.000461538,-0.20455,-0.757376,nan,-1.305,1.26534,0.286462,-1.66062,-0.02,4.20481
1082,39.1546,831.294,0.0519097,0.458333,0.25,0.146941,1.25458,0.654359,-0.0106249,0.682767,8.77915e-05,0.0130826,0.258552,13351.9,0.620972,0.299348,-0.6,0.15,939.545,1.32956e+07,0.379007,0.0254341,0.533092,0.0263529,-1.06402,0.831294,0.109618,nan,nan,nan,nan,-0.0352192,-0.218994,-0.0526252,nan,-0.285069,0,-0.198482,-0.7365,nan,-1.24871,1.20625,0.321882,-1.59812,-0.0212941,3.98382
1083,39.0033,924.6,0.051071,0.5,0.125,0.144154,1.2614,0.654765,-0.0102374,0.680311,8.77915e-05,0.0133512,0.258495,13827.2,0.551224,0.337461,-0.6,0.15,940.435,1.33079e+07,0.445281,0.0315858,0.598959,0.0294511,-1.17279,0.9246,0.115287,nan,nan,nan,nan,-0.0365989,-0.22376,-0.0548232,nan,-0.31647,-0.000733333,-0.220539,-0.798189,nan,-1.3432,1.37664,0.3376,-1.79333,-0.0254667,4.07667
1084,52.0171,929.095,0.0512115,0.75,0.125,0.140128,1.24207,0.693395,-0.0108362,0.678221,8.77915e-05,0.0182486,0.258464,13371,0.592621,0.326383,-0.6,0.15,941.356,1.33202e+07,0.422018,0.0313205,0.596821,0.0291959,-1.19788,0.929095,0.134052,nan,nan,nan,nan,-0.0428825,-0.266465,-0.0628047,nan,-0.32037,0,-0.221877,-0.827079,nan,-1.44243,1.34371,0.385905,-1.80895,-0.0245714,4.94405
1085,43.9876,796.545,0.0504194,0.333333,0.125,0.141263,1.24656,0.706823,-0.0108601,0.676009,8.77915e-05,0.0120429,0.258363,13070.8,0.587098,0.35301,-0.6,0.15,942.298,1.33325e+07,0.353036,0.0250147,0.52213,0.0269264,-1.00985,0.796545,0.105809,nan,nan,nan,nan,-0.0330947,-0.189449,-0.0517246,nan,-0.27272,0,-0.188407,-0.692009,nan,-1.15282,1.18063,0.331273,-1.532,-0.0221818,4.00227
1086,43.4397,870.294,0.0547457,0.5,0.208333,0.145141,1.24733,0.719653,-0.0106249,0.67027,8.77915e-05,0.0133474,0.25824,11550,0.68421,0.379685,-0.6,0.15,943.364,1.33448e+07,0.443908,0.0324248,0.573009,0.0258598,-1.09237,0.870294,0.105306,nan,nan,nan,nan,-0.0331494,-0.19205,-0.0530221,nan,-0.295386,0,-0.206697,-0.748094,nan,-1.25894,1.2938,0.338588,-1.65812,-0.0211765,4.04779
1087,38.3606,742.85,0.0576323,0.5,0.333333,0.141286,1.24336,0.837507,-0.0116547,0.66466,8.77915e-05,0.0132489,0.258098,10147.2,0.589617,0.621361,-0.6,0.15,944.576,1.33571e+07,0.349364,0.0238343,0.461019,0.0242169,-0.963914,0.74285,0.10225,nan,nan,nan,nan,-0.0339214,-0.217022,-0.0484568,nan,-0.256851,0,-0.176368,-0.658259,nan,-1.10385,1.09011,0.2756,-1.4496,-0.0186,3.77563
1088,49.4843,840.727,0.0564425,0.333333,0.125,0.143102,1.26681,0.631117,-0.00971394,0.658801,8.77915e-05,0.0147885,0.258,12442.4,0.619953,0.367635,-0.6,0.15,945.566,1.33693e+07,0.373961,0.0241005,0.539688,0.0272393,-1.08601,0.840727,0.125482,nan,nan,nan,nan,-0.0405006,-0.256929,-0.0608033,nan,-0.291703,0,-0.19995,-0.748793,nan,-1.29491,1.24721,0.322909,-1.64618,-0.0183636,4.61705
1089,51.1077,918,0.0573977,0.291667,0.0833333,0.142994,1.26255,0.746443,-0.011413,0.654788,8.77915e-05,0.0132791,0.257923,12615.1,0.638924,0.33515,-0.6,0.15,946.541,1.33816e+07,0.489098,0.0312927,0.593197,0.029514,-1.15883,0.918,0.123511,nan,nan,nan,nan,-0.0391426,-0.229582,-0.0587912,nan,-0.31429,0,-0.220073,-0.804187,nan,-1.37333,1.37344,0.389778,-1.78622,-0.0246667,4.61667
1090,37.7768,813.368,0.0581005,0.5,0.291667,0.144703,1.23818,0.864051,-0.0105342,0.651142,8.77915e-05,0.0130243,0.257855,13399,0.593493,0.323591,-0.6,0.15,947.46,1.33939e+07,0.359962,0.0251756,0.520917,0.0238087,-1.04802,0.813368,0.106732,nan,nan,nan,nan,-0.0348341,-0.217843,-0.0501866,nan,-0.280875,-5.26316e-05,-0.194117,-0.723259,nan,-1.24611,1.18591,0.276,-1.58716,-0.0155789,3.975
1091,53.2059,862.727,0.0542371,0.375,0.0833333,0.145215,1.23154,0.674815,-0.00911825,0.647381,8.77915e-05,0.0133108,0.25775,13574,0.570892,0.334365,-0.6,0.15,948.366,1.34062e+07,0.387408,0.021501,0.539668,0.0270268,-1.13465,0.862727,0.128509,nan,nan,nan,nan,-0.0425365,-0.281893,-0.0620393,nan,-0.2995,0,-0.205172,-0.79319,nan,-1.395,1.25044,0.336364,-1.69127,-0.0221818,5.03409
1092,40.9483,896.688,0.0526354,0.541667,0.125,0.145227,1.259,0.859674,-0.00863173,0.642269,8.77915e-05,0.015146,0.257678,11565.4,0.608281,0.454196,-0.6,0.15,949.43,1.34185e+07,0.396702,0.0287518,0.570657,0.0264167,-1.15374,0.896687,0.118837,nan,nan,nan,nan,-0.0389765,-0.244592,-0.0540739,nan,-0.307731,-0.000125,-0.213642,-0.797883,nan,-1.32337,1.31478,0.3295,-1.74775,-0.021,4.26797
1093,47.1387,831.231,0.0557509,0.333333,0.208333,0.138848,1.26157,0.685217,-0.011217,0.640924,8.77915e-05,0.011144,0.257686,13478.7,0.583371,0.328292,-0.6,0.15,950.343,1.34308e+07,0.373629,0.0276014,0.532981,0.0258251,-1.08467,0.831231,0.121992,nan,nan,nan,nan,-0.0422503,-0.272796,-0.0591483,nan,-0.290513,-7.69231e-05,-0.197326,-0.750686,nan,-1.31077,1.19869,0.328923,-1.62738,-0.0213846,4.57308
1094,49.3342,953.375,0.0526914,0.541667,0.125,0.139166,1.22344,0.699813,-0.0104697,0.640931,8.77915e-05,0.0132429,0.257669,12989.2,0.614691,0.331324,-0.6,0.15,951.291,1.34431e+07,0.451833,0.0360383,0.6002,0.0335594,-1.20441,0.953375,0.124812,nan,nan,nan,nan,-0.0395838,-0.236947,-0.0584386,nan,-0.325292,0,-0.227653,-0.821886,nan,-1.41262,1.40438,0.363,-1.844,-0.022625,4.69297
1095,56.619,979.818,0.0519161,0.375,0.0833333,0.137527,1.23741,0.572673,-0.0108218,0.639031,8.77915e-05,0.00704013,0.25761,14126.8,0.564817,0.305017,-0.6,0.15,952.162,1.34554e+07,0.472394,0.0340099,0.625099,0.0259577,-1.2778,0.979818,0.138409,nan,nan,nan,nan,-0.0463654,-0.306048,-0.0657996,nan,-0.340747,0,-0.23361,-0.908731,nan,-1.56055,1.41632,0.353091,-1.888,-0.0194545,5.43295
1096,48.7713,816.143,0.0516187,0.416667,0.166667,0.139291,1.20495,0.801363,-0.010473,0.636564,8.77915e-05,0.0123841,0.257565,12849.6,0.584902,0.371395,-0.6,0.15,953.12,1.34676e+07,0.377898,0.027357,0.497654,0.0300954,-1.04285,0.816143,0.122943,nan,nan,nan,nan,-0.0378805,-0.233825,-0.0544645,nan,-0.280324,0,-0.196552,-0.711779,nan,-1.22807,1.19937,0.333714,-1.60657,-0.0242857,4.45
1097,38.9725,721.2,0.0523811,0.333333,0.291667,0.145863,1.23203,0.874478,-0.00949204,0.635152,8.77915e-05,0.0181601,0.257566,12072.4,0.65662,0.36124,-0.6,0.15,954.14,1.34799e+07,0.268044,0.0242711,0.439804,0.0201801,-0.961809,0.7212,0.110133,nan,nan,nan,nan,-0.0372861,-0.255458,-0.0486561,nan,-0.253169,0,-0.17388,-0.696662,nan,-1.1838,1.04385,0.2336,-1.4464,-0.0153333,4.16
1098,57.3921,918.75,0.0513708,0.583333,0.0833333,0.145623,1.24061,0.697326,-0.0103259,0.634174,8.77915e-05,0.0111636,0.257536,12852.2,0.607377,0.348724,-0.6,0.15,955.098,1.34922e+07,0.427062,0.0284851,0.603507,0.0305882,-1.17604,0.91875,0.132181,nan,nan,nan,nan,-0.0422402,-0.256997,-0.065235,nan,-0.316567,0,-0.218425,-0.828815,nan,-1.39875,1.35597,0.382,-1.76875,-0.0215,5.08437
1099,56.3985,891.286,0.0554239,0.208333,0.0833333,0.1461,1.24152,0.784921,-0.010564,0.630725,8.77915e-05,0.0124446,0.257424,13156.9,0.64582,0.288138,-0.6,0.15,956.033,1.35045e+07,0.400267,0.0252996,0.581839,0.0268726,-1.17734,0.891286,0.1328,nan,nan,nan,nan,-0.0443162,-0.292537,-0.0638889,nan,-0.309529,0,-0.211704,-0.796887,nan,-1.39371,1.31012,0.347429,-1.76514,-0.0177143,5.17679
1100,52.0761,909.077,0.0587023,0.416667,0.125,0.143881,1.25347,0.758092,-0.0097213,0.627155,8.77915e-05,0.0151626,0.257426,15710.6,0.534002,0.248143,-0.6,0.15,956.817,1.35168e+07,0.366731,0.0293221,0.573698,0.0320588,-1.18243,0.909077,0.133854,nan,nan,nan,nan,-0.043987,-0.287594,-0.0605217,nan,-0.314539,0,-0.219207,-0.823571,nan,-1.446,1.34392,0.348,-1.80615,-0.0238462,5.075
1101,39.3931,871.444,0.0592277,0.25,0.125,0.144648,1.25141,0.878293,-0.0117811,0.628635,8.77915e-05,0.0134115,0.257448,11701.6,0.646272,0.403838,-0.6,0.15,959.685,1.35291e+07,0.374698,0.033979,0.555201,0.0251295,-1.10242,0.871444,0.105467,nan,nan,nan,nan,-0.0366222,-0.226576,-0.0542847,nan,-0.298176,0,-0.206377,-0.770405,nan,-1.28333,1.2831,0.334222,-1.67378,-0.0213333,4.05972
1102,42.7411,815.793,0.0559976,0.833333,0.375,0.144568,1.23395,0.7222,-0.00948251,0.629031,8.77915e-05,0.0166938,0.257426,12670.2,0.6196,0.350232,-0.6,0.15,960.657,1.35414e+07,0.349391,0.0277049,0.526653,0.0221655,-1.05508,0.815793,0.108259,nan,nan,nan,nan,-0.0357443,-0.232394,-0.0516065,nan,-0.282613,-3.44828e-05,-0.194785,-0.735158,nan,-1.24407,1.20304,0.268138,-1.59117,-0.0170345,4.2556
1103,35.3839,876.053,0.057213,0.583333,0.208333,0.143192,1.24384,0.643453,-0.0120827,0.627009,5.85277e-05,0.0219651,0.257384,13747,0.605131,0.288735,-0.6,0.15,961.554,1.35537e+07,0.440042,0.0324562,0.567352,0.0267285,-1.08522,0.876053,0.100079,nan,nan,nan,nan,-0.03204,-0.190023,-0.0470228,nan,-0.296365,0,-0.210218,-0.756622,nan,-1.23158,1.3206,0.291789,-1.68779,-0.0207368,3.67171
1104,46.6038,866.545,0.060243,0.333333,0.125,0.141688,1.22393,0.672536,-0.00915936,0.62418,5.85277e-05,0.00745756,0.257291,12915.4,0.583567,0.367856,-0.6,0.15,962.506,1.3566e+07,0.395003,0.0330453,0.538349,0.0269457,-1.10848,0.866545,0.121564,nan,nan,nan,nan,-0.0392431,-0.244497,-0.0565806,nan,-0.298236,-0.000363636,-0.206212,-0.782506,nan,-1.29518,1.27609,0.321091,-1.70109,-0.0194545,4.50341
1105,48.0776,887.429,0.0560799,0.416667,0.166667,0.142247,1.22579,0.707769,-0.00975432,0.61962,5.85277e-05,0.0128004,0.257225,13644.4,0.58399,0.316597,-0.6,0.15,963.409,1.35782e+07,0.361157,0.0232027,0.543496,0.0315648,-1.15317,0.887429,0.133243,nan,nan,nan,nan,-0.044335,-0.283512,-0.0606695,nan,-0.307973,0,-0.210969,-0.789993,nan,-1.38107,1.30616,0.328,-1.74543,-0.0234286,4.79018
1106,38.3607,817.667,0.0544841,0.583333,0.166667,0.144281,1.25503,0.681506,-0.00926147,0.617465,5.85277e-05,0.0104244,0.257184,12204,0.63803,0.368856,-0.6,0.15,964.417,1.35905e+07,0.358239,0.027449,0.523958,0.0279499,-1.03206,0.817667,0.106233,nan,nan,nan,nan,-0.0344416,-0.21308,-0.0513945,nan,-0.279455,0,-0.195724,-0.697991,nan,-1.2115,1.21171,0.322,-1.58156,-0.0223333,3.84236
1107,49.2585,904.222,0.0586474,0.333333,0.0416667,0.140215,1.25741,0.757598,-0.00958165,0.615307,5.85277e-05,0.00667155,0.257138,12078.9,0.662702,0.354606,-0.6,0.15,965.436,1.36028e+07,0.364713,0.0338791,0.544383,0.0306607,-1.15739,0.904222,0.126956,nan,nan,nan,nan,-0.0405046,-0.256583,-0.056434,nan,-0.312157,0,-0.216525,-0.8185,nan,-1.36967,1.34248,0.325333,-1.73156,-0.024,4.77361
1108,49.8374,833.833,0.0583423,0.333333,0.166667,0.141742,1.24561,0.622878,-0.0100646,0.61333,5.85277e-05,0.014531,0.257099,13116.4,0.578472,0.358367,-0.6,0.15,966.374,1.36151e+07,0.351196,0.0310111,0.540283,0.0286151,-1.06454,0.833833,0.118817,nan,nan,nan,nan,-0.0385658,-0.23877,-0.0565677,nan,-0.287259,0,-0.198068,-0.759468,nan,-1.2755,1.22494,0.33,-1.605,-0.0201667,4.57708
1109,47.639,929.5,0.0524216,0.416667,0.0833333,0.14321,1.24068,0.666782,-0.00842238,0.61134,5.85277e-05,0.00975864,0.257049,12594.2,0.602606,0.37308,-0.6,0.15,967.351,1.36274e+07,0.47532,0.0285719,0.602627,0.0254661,-1.20081,0.9295,0.12405,nan,nan,nan,nan,-0.0443188,-0.289551,-0.0634542,nan,-0.322767,0,-0.219481,-0.843571,nan,-1.436,1.35992,0.356333,-1.82133,-0.0233333,4.74479
1110,51.8097,960,0.0553234,0.5,0.0416667,0.140014,1.20804,0.655628,-0.00921994,0.608802,5.85277e-05,0.00839469,0.256998,12404.9,0.658245,0.332332,-0.6,0.15,968.343,1.36397e+07,0.378016,0.0332602,0.605039,0.0347061,-1.22331,0.96,0.136754,nan,nan,nan,nan,-0.0438637,-0.276869,-0.0627841,nan,-0.329125,0,-0.229123,-0.837705,nan,-1.43977,1.4103,0.384615,-1.83662,-0.024,4.95096
1111,53.6347,937.3,0.0578916,0.333333,0.0833333,0.145036,1.22279,0.677915,-0.00940889,0.605502,5.85277e-05,0.0161262,0.256895,12300.9,0.618887,0.380061,-0.6,0.15,969.343,1.3652e+07,0.435544,0.0317424,0.599036,0.0256891,-1.20281,0.9373,0.13407,nan,nan,nan,nan,-0.044659,-0.282725,-0.0652125,nan,-0.325558,0,-0.220095,-0.851807,nan,-1.476,1.35333,0.3276,-1.8304,-0.0208,5.1575
1112,56.2597,835.389,0.0537069,0.583333,0.166667,0.146363,1.24053,0.710929,-0.0098253,0.601181,5.85277e-05,0.0110492,0.25685,12965.2,0.627897,0.319874,-0.6,0.15,970.293,1.36643e+07,0.359772,0.0282559,0.534924,0.0282715,-1.08902,0.835389,0.131544,nan,nan,nan,nan,-0.0424635,-0.270593,-0.0621777,nan,-0.291691,0,-0.197896,-0.759002,nan,-1.36,1.21906,0.355111,-1.64022,-0.0232222,5.05694
1113,40.2106,638,0.0532275,0.166667,0.125,0.142814,1.23326,0.883296,-0.0100122,0.60051,5.85277e-05,0.0123674,0.256859,12858.7,0.621023,0.334594,-0.6,0.15,971.25,1.36765e+07,0.276282,0.019122,0.40803,0.0245597,-0.807217,0.638,0.0891,nan,nan,nan,nan,-0.028079,-0.162276,-0.0421569,nan,-0.219332,0,-0.152077,-0.557127,nan,-0.933857,0.940058,0.272,-1.22114,-0.0137143,3.48036
1114,54.8015,920.867,0.0575365,0.5,0.125,0.143651,1.22668,0.638243,-0.00956213,0.60086,5.85277e-05,0.0098235,0.256868,12637.7,0.616696,0.355632,-0.6,0.15,972.224,1.36888e+07,0.420629,0.0308573,0.595164,0.0273547,-1.19831,0.920867,0.133887,nan,nan,nan,nan,-0.0443866,-0.281949,-0.0634538,nan,-0.321042,0,-0.218114,-0.836194,nan,-1.442,1.34796,0.3384,-1.81733,-0.0189333,5.16667
1115,41.6887,816.6,0.0515318,0.25,0.166667,0.146935,1.23634,0.723059,-0.0103181,0.600679,5.85277e-05,0.0155025,0.256856,12029.6,0.629862,0.391615,-0.6,0.15,973.247,1.37011e+07,0.363613,0.025985,0.514036,0.02543,-1.04884,0.8166,0.10888,nan,nan,nan,nan,-0.0360846,-0.23306,-0.051967,nan,-0.281451,-0.0002,-0.196218,-0.707714,nan,-1.2381,1.20578,0.2904,-1.5828,-0.0186,4.12875
1116,48.4999,813.3,0.0586863,0.333333,0.0833333,0.144986,1.23091,0.697895,-0.00981516,0.598264,5.85277e-05,0.00855721,0.256766,13968.9,0.575117,0.304549,-0.6,0.15,974.128,1.37134e+07,0.389791,0.028839,0.507751,0.0241189,-1.06687,0.8133,0.11971,nan,nan,nan,nan,-0.0414166,-0.276824,-0.0573007,nan,-0.285046,0,-0.192036,-0.746062,nan,-1.3251,1.17889,0.294,-1.5952,-0.0168,4.67125
1117,51.2018,828.905,0.0527608,0.666667,0.208333,0.147699,1.24177,0.969131,-0.00954053,0.594078,5.85277e-05,0.0116836,0.25671,13885.7,0.543968,0.340974,-0.6,0.15,975.014,1.37257e+07,0.365133,0.0256474,0.526988,0.0281902,-1.08269,0.828905,0.121829,nan,nan,nan,nan,-0.0409837,-0.260881,-0.0599199,nan,-0.287432,0,-0.197136,-0.746327,nan,-1.27143,1.22553,0.334857,-1.62133,-0.0217143,4.69286
1118,50.1893,928.562,0.0576365,0.583333,0.0833333,0.144841,1.25358,0.691016,-0.00859408,0.591562,5.85277e-05,0.014666,0.256645,12487.6,0.625555,0.358459,-0.6,0.15,976,1.3738e+07,0.410229,0.0345188,0.586909,0.0337774,-1.17691,0.928562,0.126469,nan,nan,nan,nan,-0.0392032,-0.233629,-0.0585122,nan,-0.318713,-0.0004375,-0.221332,-0.782241,nan,-1.34831,1.39913,0.339,-1.80525,-0.02475,4.66016
1119,38.8324,924.846,0.053716,0.416667,0.125,0.14677,1.26578,0.688197,-0.00943881,0.588051,5.85277e-05,0.0120975,0.256594,12772.4,0.610891,0.351184,-0.6,0.15,976.963,1.37503e+07,0.46998,0.0345232,0.596671,0.0311931,-1.1532,0.924846,0.109877,nan,nan,nan,nan,-0.0341052,-0.199883,-0.0528567,nan,-0.314885,-0.000153846,-0.218948,-0.773898,nan,-1.29,1.40019,0.328615,-1.79077,-0.0207692,3.89519
1120,36.6724,935.714,0.0617322,0.5,0.0833333,0.144557,1.2338,0.668467,-0.00837453,0.58611,5.85277e-05,0.00948238,0.256564,12102.6,0.674932,0.340388,-0.6,0.15,977.98,1.37626e+07,0.388423,0.0314505,0.587179,0.0274912,-1.18252,0.935714,0.113636,nan,nan,nan,nan,-0.0369215,-0.227642,-0.0506538,nan,-0.32239,-7.14286e-05,-0.221562,-0.818393,nan,-1.36714,1.3837,0.313143,-1.81571,-0.0192857,4.11518
1121,35.747,782.6,0.0568852,0.25,0.166667,0.143882,1.22411,0.850462,-0.00982439,0.584308,5.85277e-05,0.0144284,0.256521,12523.2,0.580097,0.401119,-0.6,0.15,978.962,1.37748e+07,0.370128,0.0253472,0.49399,0.0256164,-0.988825,0.7826,0.09539,nan,nan,nan,nan,-0.0306571,-0.194175,-0.0441402,nan,-0.267069,0,-0.187143,-0.679328,nan,-1.1415,1.19672,0.2504,-1.5204,-0.0146,3.615
1122,42.7301,832.095,0.0541339,0.541667,0.333333,0.143066,1.2409,0.702173,-0.0104171,0.582667,5.85277e-05,0.0125783,0.256507,13679.8,0.554931,0.343331,-0.6,0.15,979.862,1.37871e+07,0.36861,0.0287236,0.525791,0.02735,-1.06291,0.832095,0.106829,nan,nan,nan,nan,-0.0346116,-0.215944,-0.050057,nan,-0.28732,0,-0.197788,-0.721845,nan,-1.21529,1.24213,0.272952,-1.61238,-0.0168571,4.14702
1123,51.1115,897,0.0561655,0.416667,0.125,0.142591,1.24182,0.983534,-0.00914,0.582469,5.85277e-05,0.00878488,0.256504,13217.3,0.596921,0.332767,-0.6,0.15,980.793,1.37994e+07,0.45132,0.0344478,0.58738,0.0288978,-1.14527,0.897,0.123938,nan,nan,nan,nan,-0.0412191,-0.257936,-0.0600237,nan,-0.310396,0,-0.210441,-0.794009,nan,-1.32485,1.32123,0.352615,-1.73662,-0.0210769,4.66058
1124,54.931,941.727,0.0578332,0.375,0.0833333,0.146403,1.26766,0.653506,-0.00856056,0.58128,5.85277e-05,0.00724476,0.25645,12591.1,0.623357,0.352573,-0.6,0.15,981.771,1.38117e+07,0.402179,0.0303919,0.61211,0.0276821,-1.22851,0.941727,0.137027,nan,nan,nan,nan,-0.0456945,-0.286599,-0.0662106,nan,-0.328875,-9.09091e-05,-0.219418,-0.836999,nan,-1.47273,1.35915,0.350909,-1.84145,-0.0232727,5.23523
1125,34.8603,847.333,0.0530876,0.583333,0.166667,0.150005,1.26743,0.761753,-0.00795515,0.578373,5.85277e-05,0.0051413,0.256389,13813.1,0.603631,0.285962,-0.6,0.15,982.662,1.3824e+07,0.398893,0.0302881,0.531397,0.026407,-1.07966,0.847333,0.0992389,nan,nan,nan,nan,-0.0334462,-0.220758,-0.0479334,nan,-0.290606,0,-0.20211,-0.731817,nan,-1.21283,1.26148,0.263556,-1.64289,-0.0181111,3.76458
1126,51.1126,934.941,0.053587,0.625,0.0833333,0.142027,1.25262,0.750195,-0.00879305,0.576152,5.85277e-05,0.0106169,0.256352,12414.5,0.612529,0.377278,-0.6,0.15,983.653,1.38363e+07,0.452738,0.0308174,0.608397,0.0297794,-1.18414,0.934941,0.127235,nan,nan,nan,nan,-0.0433788,-0.266727,-0.0623567,nan,-0.324213,0,-0.218844,-0.814674,nan,-1.37488,1.37149,0.368941,-1.82824,-0.0225882,4.77132
1127,59.3718,919.857,0.0552323,0.416667,0.166667,0.137492,1.24744,0.670065,-0.0100787,0.573909,5.85277e-05,0.00946886,0.256306,12657.9,0.644466,0.326309,-0.6,0.15,984.625,1.38486e+07,0.377109,0.0262694,0.578499,0.0303522,-1.2019,0.919857,0.142679,nan,nan,nan,nan,-0.0469897,-0.300404,-0.066085,nan,-0.321735,0,-0.217006,-0.848742,nan,-1.45521,1.36604,0.358,-1.8,-0.0221429,5.45
1128,52.6391,908.111,0.0565845,0.625,0.125,0.140545,1.23954,0.968521,-0.00821142,0.571478,5.85277e-05,0.00987014,0.256274,13389,0.586354,0.331414,-0.6,0.15,985.544,1.38609e+07,0.389059,0.0311773,0.576684,0.0312215,-1.17455,0.908111,0.134828,nan,nan,nan,nan,-0.0435929,-0.273229,-0.0625714,nan,-0.314984,0,-0.213666,-0.809537,nan,-1.37883,1.34487,0.361333,-1.78444,-0.0197778,4.92986
1129,56.0246,913.571,0.0598695,0.5,0.0833333,0.145159,1.22876,0.79636,-0.00869913,0.570207,5.85277e-05,0.0120283,0.25625,13624.5,0.619979,0.281923,-0.6,0.15,986.447,1.38732e+07,0.32306,0.0269463,0.555288,0.0287518,-1.20391,0.913571,0.138136,nan,nan,nan,nan,-0.0461999,-0.305565,-0.0643946,nan,-0.3197,0,-0.218125,-0.835382,nan,-1.47171,1.31397,0.346857,-1.79314,-0.0211429,5.43393
1130,35.9921,753.615,0.0613478,0.333333,0.208333,0.143026,1.21575,0.897986,-0.00963635,0.568782,5.85277e-05,0.0151407,0.256211,12783.2,0.618674,0.342585,-0.6,0.15,987.41,1.38854e+07,0.305116,0.0221786,0.460432,0.0246857,-0.987966,0.753615,0.107769,nan,nan,nan,nan,-0.0350618,-0.235441,-0.0474552,nan,-0.263301,0,-0.180453,-0.67016,nan,-1.17346,1.10496,0.256308,-1.488,-0.0156923,3.86154
1131,44.2323,841.316,0.0539646,0.5,0.291667,0.139427,1.22466,0.710271,-0.00986635,0.56736,5.85277e-05,0.0161682,0.256188,12809.3,0.602578,0.356726,-0.6,0.15,988.371,1.38977e+07,0.395877,0.0263127,0.534241,0.0290668,-1.06607,0.841316,0.113711,nan,nan,nan,nan,-0.0369935,-0.226049,-0.0541425,nan,-0.288764,0,-0.199454,-0.729361,nan,-1.25937,1.24326,0.325895,-1.62063,-0.0205263,4.20329
1132,56.7491,956,0.0585428,0.5,0.125,0.137255,1.21579,0.786989,-0.00943145,0.566499,5.85277e-05,0.0118681,0.25617,11989.2,0.631802,0.393119,-0.6,0.15,989.398,1.391e+07,0.419236,0.0340287,0.611238,0.0321168,-1.22849,0.956,0.13688,nan,nan,nan,nan,-0.0444045,-0.279931,-0.063341,nan,-0.331244,0,-0.226343,-0.849488,nan,-1.4832,1.4214,0.3472,-1.85867,-0.0238667,5.26833
1133,48.1378,819.75,0.057285,0.333333,0.333333,0.137495,1.22321,0.860728,-0.00859517,0.564214,5.85277e-05,0.0154776,0.256101,13302.6,0.628293,0.295435,-0.6,0.15,990.323,1.39223e+07,0.334072,0.0258405,0.514632,0.0302745,-1.05629,0.81975,0.115612,nan,nan,nan,nan,-0.0393387,-0.237237,-0.0579283,nan,-0.284217,-6.25e-05,-0.193451,-0.71854,nan,-1.25662,1.21287,0.3395,-1.597,-0.02075,4.47578
1134,53.9851,898.444,0.0571618,0.583333,0.166667,0.136717,1.23524,0.746589,-0.0104383,0.560258,5.85277e-05,0.013114,0.256035,13719.2,0.557678,0.338001,-0.6,0.15,991.22,1.39346e+07,0.380488,0.0308529,0.560928,0.0321491,-1.16308,0.898444,0.130022,nan,nan,nan,nan,-0.0411158,-0.257948,-0.0602431,nan,-0.311419,0,-0.215083,-0.769082,nan,-1.35667,1.32932,0.34,-1.772,-0.0208889,4.96458
1135,57.7223,1000,0.0557015,0.416667,0,0.137287,1.24029,0.79352,-0.00949344,0.557042,5.85277e-05,0.0105921,0.255966,13548.4,0.585112,0.321857,-0.6,0.15,992.128,1.39469e+07,0.476398,0.0356918,0.638846,0.0352304,-1.26683,1,0.14055,nan,nan,nan,nan,-0.0464371,-0.289839,-0.0698842,nan,-0.345883,0,-0.233448,-0.856147,nan,-1.5024,1.49182,0.4152,-1.9284,-0.0246,5.21625
1136,55.548,871.077,0.0597281,0.458333,0.0833333,0.137807,1.25591,0.769509,-0.00956591,0.553533,5.85277e-05,0.0134986,0.255917,12429.4,0.614444,0.374182,-0.6,0.15,993.119,1.39592e+07,0.37419,0.0288097,0.565206,0.0290606,-1.12398,0.871077,0.1277,nan,nan,nan,nan,-0.0423019,-0.262615,-0.0635553,nan,-0.30287,0,-0.203366,-0.789782,nan,-1.39615,1.29156,0.367692,-1.69538,-0.0238462,5.02596
1137,32.0953,630.25,0.0599279,0.125,0.208333,0.142931,1.25693,0.654513,-0.0097274,0.551011,5.85277e-05,0.0113222,0.255836,12555.7,0.616253,0.362424,-0.6,0.15,994.099,1.39715e+07,0.295816,0.0251662,0.400005,0.0232283,-0.805306,0.63025,0.0844375,nan,nan,nan,nan,-0.0265618,-0.154181,-0.0389902,nan,-0.215693,0,-0.148122,-0.528894,nan,-0.93225,0.947113,0.226,-1.2065,-0.0145,3.04375
1138,46.4863,872,0.0573786,0.541667,0.166667,0.140543,1.23301,0.705644,-0.0100015,0.54656,5.85277e-05,0.0117768,0.255741,13815.8,0.536101,0.353313,-0.6,0.15,994.99,1.39837e+07,0.33725,0.0297504,0.552619,0.0259803,-1.13924,0.872,0.124765,nan,nan,nan,nan,-0.0413303,-0.268645,-0.0577244,nan,-0.303803,0,-0.205795,-0.755334,nan,-1.34841,1.28077,0.305412,-1.70071,-0.02,4.63676
1139,54.8892,891.125,0.0561395,0.583333,0.0833333,0.136633,1.23052,0.898975,-0.00770332,0.543251,5.85277e-05,0.00855686,0.255707,13447.1,0.588756,0.325045,-0.6,0.15,995.905,1.3996e+07,0.406642,0.0277631,0.575604,0.0293434,-1.1533,0.891125,0.132962,nan,nan,nan,nan,-0.0449676,-0.289077,-0.0666853,nan,-0.311233,-0.0001875,-0.2092,-0.79025,nan,-1.40081,1.31445,0.37125,-1.733,-0.01925,5.01328
1140,49.2787,809.636,0.0575645,0.333333,0.125,0.135956,1.23284,0.708087,-0.0085567,0.542553,5.85277e-05,0.00593421,0.255701,12941,0.601585,0.347955,-0.6,0.15,996.856,1.40083e+07,0.297096,0.0264202,0.51569,0.0258537,-1.05175,0.809636,0.117727,nan,nan,nan,nan,-0.0392617,-0.241402,-0.0580893,nan,-0.282074,0,-0.191725,-0.698553,nan,-1.22127,1.19264,0.325091,-1.57491,-0.0212727,4.53409
1141,53.3081,936.8,0.0580163,0.375,0.0416667,0.13545,1.22162,0.724727,-0.0083766,0.542324,5.85277e-05,0.00641099,0.255708,12899.6,0.639882,0.312708,-0.6,0.15,997.811,1.40206e+07,0.423681,0.0321141,0.606786,0.0319748,-1.18163,0.9368,0.13089,nan,nan,nan,nan,-0.0430192,-0.252628,-0.0651769,nan,-0.323074,0,-0.221134,-0.809065,nan,-1.3764,1.40218,0.3872,-1.8028,-0.0238,4.8125
1142,39.8247,848.667,0.0602953,0.208333,0.0416667,0.134859,1.21477,0.735075,-0.00831318,0.54272,5.85277e-05,0.0102006,0.255714,14450.6,0.53348,0.316864,-0.6,0.15,998.662,1.40329e+07,0.35007,0.028096,0.548815,0.0207952,-1.09283,0.848667,0.105917,nan,nan,nan,nan,-0.0366038,-0.228119,-0.0518182,nan,-0.297407,-0.000833333,-0.199151,-0.756351,nan,-1.322,1.25323,0.278,-1.65067,-0.017,4.21042
1143,55.4405,923.2,0.060016,0.458333,0.166667,0.134856,1.24781,0.734236,-0.00933107,0.542734,5.85277e-05,0.0126533,0.255716,13781.4,0.578247,0.31339,-0.6,0.15,999.555,1.40452e+07,0.404242,0.0273301,0.58305,0.0313197,-1.19847,0.9232,0.133487,nan,nan,nan,nan,-0.0456591,-0.295826,-0.0662198,nan,-0.322127,0,-0.217269,-0.816429,nan,-1.4452,1.34506,0.389867,-1.7904,-0.0196,5.15167
1144,46.5316,935,0.0519766,0.916667,0.208333,0.133512,1.22603,0.925982,-0.0090515,0.542799,5.85277e-05,0.00532621,0.255708,12439.8,0.620257,0.36754,-0.6,0.15,1000.54,1.40575e+07,0.427868,0.0313505,0.590704,0.0286869,-1.21143,0.935,0.121515,nan,nan,nan,nan,-0.0403431,-0.261907,-0.057766,nan,-0.323866,0,-0.222029,-0.802236,nan,-1.42878,1.38264,0.320593,-1.80622,-0.0197037,4.6625
1145,45.7089,843.938,0.061315,0.458333,0.208333,0.135445,1.25426,0.634936,-0.00886371,0.541252,5.85277e-05,0.00785821,0.255652,12466,0.666407,0.319311,-0.6,0.15,1001.53,1.40698e+07,0.36746,0.0267704,0.538768,0.0244006,-1.08614,0.843937,0.109919,nan,nan,nan,nan,-0.0373333,-0.230742,-0.0562048,nan,-0.292033,0,-0.200116,-0.735754,nan,-1.2885,1.25394,0.32325,-1.62725,-0.01925,4.37031
1146,51.5664,834.273,0.053211,0.333333,0.125,0.136584,1.23189,0.753162,-0.00926999,0.537963,5.85277e-05,0.00999664,0.255591,13218.8,0.58743,0.342154,-0.6,0.15,1002.46,1.4082e+07,0.431316,0.0265877,0.526736,0.0191314,-1.10417,0.834273,0.1193,nan,nan,nan,nan,-0.041417,-0.27901,-0.057044,nan,-0.294504,0,-0.19821,-0.755187,nan,-1.40509,1.21211,0.279273,-1.63382,-0.0121818,4.91023
1147,54.4885,940.182,0.0567585,0.375,0.0833333,0.137986,1.20711,0.95455,-0.0101085,0.534647,5.85277e-05,0.0125466,0.255517,13070.6,0.601958,0.338166,-0.6,0.15,1003.4,1.40943e+07,0.379664,0.0299024,0.587517,0.027658,-1.24467,0.940182,0.134482,nan,nan,nan,nan,-0.0450143,-0.304257,-0.0634624,nan,-0.33042,0,-0.22326,-0.816451,nan,-1.48991,1.37124,0.321091,-1.83782,-0.02,5.30795
1148,41.4501,850.062,0.0559073,0.541667,0.125,0.133639,1.24646,0.697919,-0.00989281,0.530013,5.85277e-05,0.0059743,0.255401,13069.2,0.612438,0.327786,-0.6,0.15,1004.35,1.41066e+07,0.369567,0.032447,0.540015,0.0270773,-1.07511,0.850062,0.105231,nan,nan,nan,nan,-0.0334567,-0.20775,-0.0515188,nan,-0.292509,0,-0.202039,-0.71433,nan,-1.22569,1.27525,0.30025,-1.63675,-0.0195,4.03125
1149,55.5155,893.4,0.0583381,0.333333,0.0833333,0.136189,1.22431,0.739729,-0.00957558,0.52518,5.85277e-05,0.0110838,0.255349,12447,0.689184,0.298041,-0.6,0.15,1005.33,1.41189e+07,0.365352,0.0281827,0.549567,0.0342623,-1.16409,0.8934,0.12999,nan,nan,nan,nan,-0.0406169,-0.264612,-0.0597256,nan,-0.311054,0,-0.214006,-0.749771,nan,-1.3743,1.3123,0.3448,-1.72,-0.0214,5.0375
1150,51.5697,872,0.0573602,0.416667,0.25,0.135814,1.21594,0.700809,-0.00985138,0.522759,5.85277e-05,0.0141638,0.255274,15010.1,0.556418,0.262233,-0.6,0.15,1006.15,1.41312e+07,0.394884,0.0302078,0.553987,0.0281362,-1.13373,0.872,0.122669,nan,nan,nan,nan,-0.0420952,-0.267871,-0.0633419,nan,-0.302368,0,-0.208037,-0.744907,nan,-1.37456,1.2842,0.37425,-1.6855,-0.0235,4.76406
1151,55.1797,892.167,0.0594447,0.166667,0.0833333,0.136734,1.23166,0.733555,-0.00799285,0.51883,5.85277e-05,0.0134764,0.255231,14884,0.521843,0.303741,-0.6,0.15,1006.98,1.41435e+07,0.409801,0.0297796,0.561744,0.0285509,-1.16899,0.892167,0.127967,nan,nan,nan,nan,-0.0437954,-0.274459,-0.064043,nan,-0.313158,0,-0.211569,-0.748152,nan,-1.3965,1.31098,0.356,-1.75,-0.0206667,5.03333
1152,51.2259,846.929,0.0606007,0.416667,0.166667,0.134206,1.20933,0.726998,-0.00978304,0.5176,8.77915e-05,0.00291633,0.255223,16514.2,0.485164,0.258924,-0.6,0.15,1007.73,1.41558e+07,0.390812,0.0293094,0.524493,0.0274633,-1.12004,0.846929,0.128257,nan,nan,nan,nan,-0.0432797,-0.290145,-0.0607956,nan,-0.296689,0,-0.200926,-0.749312,nan,-1.37529,1.22604,0.334,-1.64343,-0.0205714,4.85446
1153,58.1251,972.875,0.0628869,0.291667,0.0416667,0.138539,1.2351,0.77536,-0.0102089,0.516035,8.77915e-05,0.0175332,0.255159,16421.2,0.49416,0.254142,-0.6,0.15,1008.48,1.41681e+07,0.433074,0.0319033,0.625169,0.033494,-1.25736,0.972875,0.141337,nan,nan,nan,nan,-0.0475098,-0.307727,-0.0701895,nan,-0.337759,0,-0.230354,-0.844715,nan,-1.56412,1.41858,0.414,-1.8785,-0.0275,5.40156
1154,54.4087,887.529,0.0617102,0.541667,0.166667,0.139269,1.25579,0.927439,-0.00981318,0.512624,8.77915e-05,0.0126894,0.255107,16122,0.505766,0.256424,-0.6,0.15,1009.24,1.41804e+07,0.384127,0.0299348,0.564206,0.0248704,-1.1631,0.887529,0.129741,nan,nan,nan,nan,-0.0450531,-0.300277,-0.0644309,nan,-0.311426,0,-0.209189,-0.794721,nan,-1.43718,1.29208,0.331059,-1.73812,-0.0162353,5.15662
1155,41.7927,837.375,0.0610672,0.25,0.0833333,0.136492,1.22076,0.820546,-0.00931495,0.51006,8.77915e-05,0.0106253,0.25505,16018.1,0.491682,0.275452,-0.6,0.15,1010.01,1.41926e+07,0.405456,0.0289948,0.524767,0.0203869,-1.08266,0.837375,0.108037,nan,nan,nan,nan,-0.0366498,-0.245303,-0.0517549,nan,-0.290437,0,-0.200118,-0.727942,nan,-1.34737,1.20599,0.2615,-1.6385,-0.0165,4.33437
1156,46.6996,947.308,0.0596135,0.458333,0.0833333,0.138785,1.22554,0.769078,-0.00891748,0.507641,8.77915e-05,0.0153168,0.255025,16444.3,0.501017,0.246231,-0.6,0.15,1010.76,1.42049e+07,0.417722,0.0293016,0.584328,0.0297543,-1.23106,0.947308,0.128623,nan,nan,nan,nan,-0.0428802,-0.288604,-0.0592541,nan,-0.328656,0,-0.226772,-0.812139,nan,-1.47854,1.40089,0.337231,-1.85538,-0.0216923,4.80481
1157,48.7576,852.214,0.0578382,0.375,0.208333,0.138172,1.23247,0.80687,-0.0102289,0.507288,5.85277e-05,0.020677,0.25502,16465.1,0.502016,0.244291,-0.6,0.15,1011.5,1.42172e+07,0.376441,0.0298415,0.544544,0.0234511,-1.12236,0.852214,0.117636,nan,nan,nan,nan,-0.0423327,-0.295121,-0.058082,nan,-0.298467,0,-0.201123,-0.738836,nan,-1.39114,1.251,0.276286,-1.63886,-0.0132857,4.76607
1158,52.5058,902.857,0.0592798,0.458333,0.125,0.133052,1.24279,0.748645,-0.00920076,0.505562,5.85277e-05,0.0117675,0.254957,16852.4,0.486853,0.242303,-0.6,0.15,1012.24,1.42295e+07,0.426434,0.0294483,0.559221,0.0247018,-1.19573,0.902857,0.129686,nan,nan,nan,nan,-0.0457954,-0.308592,-0.0633343,nan,-0.318205,0,-0.214644,-0.800034,nan,-1.48543,1.31464,0.317143,-1.77429,-0.0174286,5.14464
1159,63.0079,981.294,0.0582002,0.666667,0.0416667,0.134334,1.25346,0.807469,-0.0093687,0.502645,5.85277e-05,0.0175679,0.254911,16592.5,0.496579,0.243995,-0.6,0.15,1012.98,1.42418e+07,0.390427,0.0321923,0.603161,0.0347623,-1.30546,0.981294,0.151647,nan,nan,nan,nan,-0.0510786,-0.34736,-0.0710365,nan,-0.343942,0,-0.2364,-0.837668,nan,-1.61453,1.43459,0.374588,-1.93059,-0.0267059,5.9125
1160,52.2463,872.923,0.057765,0.458333,0.0833333,0.135769,1.24464,0.729171,-0.00912302,0.500739,5.85277e-05,0.00623154,0.25488,16752.5,0.487741,0.24576,-0.6,0.15,1013.71,1.42541e+07,0.355468,0.0326062,0.555895,0.02623,-1.12996,0.872923,0.119331,nan,nan,nan,nan,-0.0389461,-0.252875,-0.0568283,nan,-0.303194,0,-0.208982,-0.747349,nan,-1.377,1.29334,0.305538,-1.69569,-0.018,4.87981
1161,49.0256,911.5,0.055232,0.5,0.0833333,0.137135,1.2516,0.768837,-0.00928389,0.499244,5.85277e-05,0.0157624,0.254844,16365.4,0.494468,0.256384,-0.6,0.15,1014.46,1.42664e+07,0.407843,0.0282203,0.571536,0.0281468,-1.1939,0.9115,0.127979,nan,nan,nan,nan,-0.0423719,-0.284405,-0.0608098,nan,-0.317043,0,-0.219645,-0.773914,nan,-1.45864,1.34761,0.311143,-1.77514,-0.0184286,4.86161
1162,62.4634,951.2,0.0562008,0.333333,0.0833333,0.138996,1.24804,0.715182,-0.0100602,0.496714,5.85277e-05,0.0163412,0.25478,16537.2,0.494421,0.248629,-0.6,0.15,1015.21,1.42787e+07,0.423001,0.0285146,0.607519,0.0256491,-1.2829,0.9512,0.1444,nan,nan,nan,nan,-0.0507507,-0.359781,-0.0704431,nan,-0.335504,0,-0.227412,-0.841923,nan,-1.6152,1.3758,0.3348,-1.8724,-0.0214,5.91
1163,64.7135,955.364,0.0571479,0.375,0.0833333,0.134678,1.25337,0.963912,-0.0090672,0.494057,5.85277e-05,0.0127677,0.254727,16297.8,0.505294,0.248674,-0.6,0.15,1015.96,1.42909e+07,0.36234,0.0297055,0.589941,0.0283644,-1.27469,0.955364,0.154555,nan,nan,nan,nan,-0.0539578,-0.364296,-0.0746421,nan,-0.338089,0,-0.228382,-0.832925,nan,-1.59273,1.35884,0.385455,-1.88255,-0.0207273,6.03409
1164,58.7354,947.944,0.0574884,0.625,0.125,0.132722,1.21661,0.714161,-0.00882669,0.492374,5.85277e-05,0.0124169,0.254718,15853.4,0.512633,0.26247,-0.6,0.15,1016.74,1.43032e+07,0.432024,0.0276714,0.596808,0.0243543,-1.25591,0.947944,0.140994,nan,nan,nan,nan,-0.049763,-0.34922,-0.0683566,nan,-0.333974,0,-0.227638,-0.83456,nan,-1.61,1.3819,0.313778,-1.86156,-0.0168889,5.67917
1165,66.9313,971.583,0.0585092,0.458333,0.0416667,0.132553,1.21609,0.782651,-0.00958462,0.491492,5.85277e-05,0.0108282,0.254688,16518.4,0.493355,0.250541,-0.6,0.15,1017.49,1.43155e+07,0.408529,0.0320649,0.60915,0.0269126,-1.30605,0.971583,0.153775,nan,nan,nan,nan,-0.0531621,-0.377103,-0.0750257,nan,-0.343794,0,-0.231776,-0.866537,nan,-1.71525,1.39638,0.364,-1.88767,-0.0188333,6.25937
1166,38.4099,834.214,0.0593133,0.416667,0.166667,0.134334,1.22565,0.94151,-0.0086682,0.490066,5.85277e-05,0.010664,0.254684,16352.8,0.496636,0.254793,-0.6,0.15,1018.24,1.43278e+07,0.436857,0.0284542,0.539838,0.024723,-1.05229,0.834214,0.0995,nan,nan,nan,nan,-0.034146,-0.218114,-0.0500347,nan,-0.285543,-7.14286e-05,-0.200267,-0.691215,nan,-1.25507,1.24109,0.293143,-1.59114,-0.0208571,3.82143
1167,49.2945,898.333,0.0550567,0.416667,0.0833333,0.135923,1.23051,0.735784,-0.00866063,0.490264,5.85277e-05,0.0131471,0.254706,16199.2,0.496111,0.262446,-0.6,0.15,1019,1.43401e+07,0.434809,0.0297537,0.58485,0.0294914,-1.14072,0.898333,0.120183,nan,nan,nan,nan,-0.0415276,-0.261461,-0.0620934,nan,-0.309148,0,-0.212022,-0.775353,nan,-1.374,1.33992,0.372,-1.70033,-0.0231667,4.55521
