iteration,Train/mean_reward,Train/mean_episode_length,Train/mean_step_reward,Episode_Termination/time_out,Episode_Termination/fell_over,Metrics/twist/error_vel_xy,Metrics/twist/error_vel_yaw,Loss/value,Loss/surrogate,Loss/entropy,Loss/learning_rate,Loss/kl,Policy/mean_std,Perf/total_fps,Perf/collection_time,Perf/learning_time,Curriculum/action_rate_weight,Curriculum/standing_envs,time_s,env_steps,Episode_Reward/track_linear_velocity,Episode_Reward/track_angular_velocity,Episode_Reward/upright,Episode_Reward/pose,Episode_Reward/action_rate_l2,Episode_Reward/alive,Episode_Reward/air_time,Episode_Reward/foot_clearance,Episode_Reward/foot_swing_height,Episode_Reward/foot_slip,Episode_Reward/self_collisions,Episode_Reward/dof_pos_limits,Episode_Reward/body_ang_vel,Episode_Reward/angular_momentum
1,-1.10851,21.8327,-0.0382174,0,10.9583,0.394835,1.60216,0.0693167,-0.0117757,25.4656,0.000666667,0.0494683,0.993644,12203.5,0.720902,0.286023,-0.1,0.02,1.00719,12288,0.0141605,0.00581457,0.0159118,0.0108088,-0.0770034,nan,0.00114068,-0.00012707,-0.00126506,-7.15489e-05,-0.00626616,-0.00153751,-0.0169908,-1.74031e-07
2,-1.14925,25.9501,-0.0392598,0,18.375,0.402854,1.63861,0.0758736,-0.0240879,25.3868,0.000444444,0.0246253,0.989411,11071.6,0.844066,0.265805,-0.1,0.02,2.11861,24576,0.0190578,0.00798192,0.0211424,0.0124854,-0.0913157,nan,0.00168707,-0.000149362,-0.00140781,-8.51966e-05,-0.00821088,-0.0018903,-0.0167576,-1.79217e-07
3,-1.07802,26.7694,-0.0363568,0,18.25,0.405009,1.64243,0.0383677,-0.0254557,25.3046,0.000296296,0.0280277,0.984033,11450.8,0.815579,0.257531,-0.1,0.02,3.19313,36864,0.0207048,0.00847706,0.0221771,0.0133989,-0.0932697,nan,0.00193836,-0.000153098,-0.0014335,-8.24114e-05,-0.00728082,-0.00169216,-0.0166856,-1.78273e-07
4,-1.04418,27.6689,-0.0340364,0,18.75,0.401624,1.6396,0.0279083,-0.0235677,25.2091,0.000197531,0.0289551,0.979301,11966.7,0.777072,0.249777,-0.1,0.02,4.22143,49152,0.0212625,0.0091283,0.0235425,0.0135499,-0.0956268,nan,0.00214667,-0.00016051,-0.00145705,-8.92599e-05,-0.00632444,-0.00151641,-0.0166641,-1.8005e-07
5,-0.983031,28.3254,-0.0299746,0,17.5417,0.386464,1.62467,0.022452,-0.0203897,25.1286,0.000131687,0.0204183,0.975193,9578.62,0.928303,0.354554,-0.1,0.02,5.5057,61440,0.0225479,0.00921766,0.0243113,0.0142707,-0.0976738,nan,0.00221615,-0.00016369,-0.00150851,-8.88317e-05,-0.00433967,-0.00125773,-0.016683,-1.766e-07
6,-0.910951,30.1962,-0.0298475,0,17.4167,0.386983,1.61995,0.0190752,-0.0178058,25.0615,8.77915e-05,0.0273785,0.972144,8819.87,0.983349,0.409869,-0.1,0.02,6.90059,73728,0.0251635,0.0106244,0.0267268,0.015127,-0.103217,nan,0.00248325,-0.00017394,-0.00159295,-9.14033e-05,-0.00303349,-0.000965552,-0.0165979,-1.75991e-07
7,-0.848504,31.0411,-0.0251402,0,15.2083,0.364203,1.58798,0.0177642,-0.0138499,25.0137,8.77915e-05,0.0182678,0.970036,8059.48,1.18551,0.339159,-0.1,0.02,8.42698,86016,0.0266156,0.0110319,0.0281553,0.0158267,-0.105176,nan,0.00280274,-0.000177341,-0.00160137,-9.44613e-05,-0.0022411,-0.000743697,-0.0168233,-1.74556e-07
8,-0.820953,32.2708,-0.0237064,0,16,0.364873,1.60548,0.0195159,-0.0129833,24.9747,8.77915e-05,0.0103592,0.968004,9647.23,0.910492,0.363242,-0.1,0.02,9.70219,98304,0.0281602,0.0117171,0.0286811,0.0164346,-0.108449,nan,0.003375,-0.000190036,-0.00166722,-9.70626e-05,-0.0018724,-0.000649314,-0.0164906,-1.74141e-07
9,-0.782435,32.9062,-0.0236197,0,16,0.365486,1.62209,0.0181483,-0.0131999,24.9382,8.77915e-05,0.0111127,0.96609,7808.44,1.19646,0.377218,-0.1,0.02,11.278,110592,0.0290868,0.0117426,0.0306264,0.0175573,-0.109945,nan,0.00283594,-0.000193178,-0.00170336,-9.93493e-05,-0.00160156,-0.000557338,-0.0168712,-1.75912e-07
10,-0.73446,32.4016,-0.0205921,0,15.25,0.343993,1.55661,0.0182436,-0.0127142,24.903,8.77915e-05,0.0164645,0.964229,9672.47,0.958095,0.312315,-0.1,0.02,12.5501,122880,0.0291267,0.011714,0.029106,0.0177721,-0.107488,nan,0.00363115,-0.000186217,-0.00165227,-9.55081e-05,-0.00161202,-0.000572034,-0.0164666,-1.67996e-07
11,-0.712981,33.4831,-0.0212768,0,14.75,0.34469,1.55814,0.0200997,-0.0133742,24.8687,8.77915e-05,0.0127911,0.962411,8611.48,1.05378,0.373154,-0.1,0.02,13.9784,135168,0.0307948,0.0129401,0.0309476,0.0185965,-0.11153,nan,0.0039322,-0.000203228,-0.00169666,-9.58456e-05,-0.00185876,-0.000554506,-0.0169208,-1.74049e-07
12,-0.696134,35.1063,-0.01733,0,14.5,0.333901,1.54072,0.0212843,-0.0133928,24.8358,8.77915e-05,0.014175,0.960739,8904.68,1.02842,0.35153,-0.1,0.02,15.3598,147456,0.033209,0.0134935,0.0325861,0.0190947,-0.116695,nan,0.00426724,-0.000202144,-0.00174006,-9.92329e-05,-0.00138506,-0.00053628,-0.0167996,-1.70143e-07
13,-0.659385,35.2447,-0.0181576,0,13.7917,0.331955,1.53608,0.019305,-0.0139156,24.8049,8.77915e-05,0.0147763,0.959083,8698.77,1.09947,0.313139,-0.1,0.02,16.774,159744,0.0328588,0.0137653,0.0328581,0.020116,-0.11633,nan,0.0040423,-0.000193632,-0.00178619,-0.000101119,-0.0016284,-0.000471082,-0.016099,-1.63801e-07
14,-0.631715,35.7457,-0.0175781,0,14.4167,0.33788,1.53718,0.0199375,-0.0131972,24.7742,8.77915e-05,0.0154276,0.957492,8983.5,0.971179,0.396662,-0.1,0.02,18.1434,172032,0.033935,0.0139148,0.0332313,0.020572,-0.11785,nan,0.00421387,-0.000204455,-0.00178011,-0.000100191,-0.00122254,-0.000541189,-0.0157539,-1.62973e-07
15,-0.607964,36.6646,-0.0154638,0,13.6667,0.329809,1.51299,0.0204988,-0.0126919,24.7447,8.77915e-05,0.0148893,0.955919,8402.91,1.10784,0.354513,-0.1,0.02,19.6074,184320,0.03528,0.0145482,0.0335417,0.0208696,-0.119747,nan,0.00485671,-0.000219083,-0.00182052,-0.000103076,-0.00130488,-0.000535409,-0.015764,-1.64021e-07
16,-0.557398,36.3383,-0.0142629,0,13.9167,0.322116,1.47702,0.0221351,-0.013624,24.7148,8.77915e-05,0.0195704,0.954336,8967.68,1.00432,0.365938,-0.1,0.02,20.979,196608,0.0351236,0.0146451,0.0338855,0.0205971,-0.118754,nan,0.00645808,-0.000226987,-0.00171706,-9.98107e-05,-0.00117964,-0.000533239,-0.0160678,-1.64421e-07
17,-0.563322,38.1411,-0.0136665,0,13.2917,0.323693,1.46894,0.021466,-0.012766,24.6861,8.77915e-05,0.00867184,0.952888,8569.17,1.07243,0.361545,-0.1,0.02,22.4147,208896,0.0369252,0.0157317,0.0360492,0.0219931,-0.123513,nan,0.00559561,-0.000234554,-0.00187156,-0.000105876,-0.00168025,-0.000678459,-0.016377,-1.67823e-07
18,-0.500364,38.197,-0.0142049,0,13.9583,0.32622,1.50637,0.0225098,-0.0120756,24.6592,8.77915e-05,0.0138597,0.951467,8551.26,1.06015,0.376833,-0.1,0.02,23.8533,221184,0.0383041,0.0158723,0.0360875,0.0218196,-0.123679,nan,0.00701194,-0.000244691,-0.00177886,-0.000104837,-0.00163881,-0.000696974,-0.0159707,-1.64411e-07
19,-0.529602,37.4503,-0.014055,0,13.4167,0.320334,1.47926,0.0247159,-0.0122261,24.6325,8.77915e-05,0.012502,0.95008,8932.85,1.02375,0.351849,-0.1,0.02,25.2305,233472,0.0363705,0.0156009,0.0347616,0.0217547,-0.121355,nan,0.00703416,-0.000262725,-0.00176859,-0.000104363,-0.00192857,-0.00084138,-0.0157416,-1.62238e-07
20,-0.5088,38.0093,-0.0134122,0,13.5,0.32682,1.49201,0.0219616,-0.0124451,24.6053,8.77915e-05,0.0111272,0.948561,8028.64,1.08483,0.445689,-0.1,0.02,26.7629,245760,0.0372042,0.0155848,0.0361105,0.0223106,-0.122535,nan,0.00760185,-0.000254113,-0.00180837,-0.000105962,-0.0026142,-0.000937819,-0.0159959,-1.69622e-07
21,-0.511676,37.9428,-0.0131182,0,13.8333,0.320013,1.46404,0.0241449,-0.0134325,24.5764,8.77915e-05,0.0137475,0.947074,9152.89,0.971077,0.37145,-0.1,0.02,28.1069,258048,0.0377952,0.0154357,0.034932,0.0221599,-0.121487,nan,0.0069488,-0.00026689,-0.00178544,-0.000102652,-0.00239759,-0.00104426,-0.0157716,-1.64029e-07
22,-0.503314,37.8371,-0.0119528,0,13.0417,0.32042,1.45903,0.0244655,-0.0134541,24.5487,8.77915e-05,0.0191633,0.945649,9071.75,0.886699,0.467835,-0.1,0.02,29.4629,270336,0.0363048,0.0161928,0.0353935,0.0224705,-0.121787,nan,0.00734185,-0.00025814,-0.00173842,-0.000105309,-0.00244089,-0.000916506,-0.0156223,-1.64825e-07
23,-0.42578,38.2355,-0.0106054,0,13.625,0.311238,1.46479,0.0255526,-0.0123746,24.5225,8.77915e-05,0.0137278,0.94432,8847.35,0.97611,0.41278,-0.1,0.02,30.8538,282624,0.0384048,0.0161224,0.0361721,0.0229059,-0.1222,nan,0.0083578,-0.000271594,-0.00177679,-0.000103743,-0.00240061,-0.000904447,-0.0155948,-1.66895e-07
24,-0.406936,37.2911,-0.00939699,0,13.1667,0.304945,1.46378,0.0273906,-0.0126051,24.4973,8.77915e-05,0.0137622,0.942982,8160.77,1.13795,0.367794,-0.1,0.02,32.361,294912,0.0377573,0.0159003,0.0344966,0.0223467,-0.119052,nan,0.00825949,-0.000288775,-0.00175662,-9.89325e-05,-0.00177848,-0.000782264,-0.0153503,-1.62615e-07
25,-0.380618,39.0983,-0.00963069,0,12.2917,0.297972,1.46173,0.0260949,-0.0126283,24.4713,8.77915e-05,0.00850922,0.941609,9820.91,0.860551,0.390657,-0.1,0.02,33.6141,307200,0.04101,0.0164229,0.0370887,0.0236807,-0.12438,nan,0.00778983,-0.000282584,-0.00179737,-0.000102258,-0.00230169,-0.000816853,-0.0153421,-1.61288e-07
26,-0.374023,39.7222,-0.00962591,0,14.25,0.310587,1.46613,0.0220341,-0.0129636,24.4449,8.77915e-05,0.0131299,0.940231,9028.78,0.998606,0.362376,-0.1,0.02,34.9767,319488,0.0408365,0.0171529,0.0376208,0.0239974,-0.125979,nan,0.00851754,-0.000296678,-0.00181645,-0.000105524,-0.00216667,-0.000905786,-0.0155564,-1.63809e-07
27,-0.383366,38.3036,-0.00972103,0,12.625,0.314689,1.48419,0.024682,-0.0131606,24.4183,8.77915e-05,0.0132085,0.938809,9804.95,0.915846,0.337399,-0.1,0.02,36.2319,331776,0.0386143,0.01596,0.0354567,0.0233187,-0.121062,nan,0.00848515,-0.000296468,-0.00176091,-0.000104205,-0.00172607,-0.000853447,-0.0152,-1.6285e-07
28,-0.363806,39.0742,-0.00921888,0,12.9167,0.305846,1.45169,0.0260123,-0.0131381,24.3908,8.77915e-05,0.0113605,0.937384,10233.9,0.848269,0.352444,-0.1,0.02,37.4342,344064,0.0400539,0.0165113,0.0371931,0.0238917,-0.124257,nan,0.00876774,-0.000301866,-0.00179372,-0.000104447,-0.00195484,-0.000809373,-0.0153865,-1.67321e-07
29,-0.349398,39.8006,-0.00874982,0,13.1667,0.306957,1.4705,0.0251918,-0.0127783,24.3629,8.77915e-05,0.0162139,0.935866,8667.79,1.03619,0.381477,-0.1,0.02,38.8537,356352,0.0403106,0.0169825,0.0377773,0.0242785,-0.126359,nan,0.00948418,-0.000304876,-0.00175915,-0.000104797,-0.00169304,-0.000847992,-0.0152344,-1.63958e-07
30,-0.30578,38.5517,-0.00774043,0,13.2917,0.301245,1.45349,0.0265272,-0.0125052,24.3337,8.77915e-05,0.0159575,0.934387,9416.42,0.952788,0.352167,-0.1,0.02,40.1602,368640,0.0409647,0.0163437,0.0356809,0.0231764,-0.121468,nan,0.00975235,-0.00032293,-0.00165519,-0.000101669,-0.00167712,-0.00077013,-0.0152116,-1.65936e-07
31,-0.315241,39.3312,-0.00721614,0,13.2083,0.307679,1.45514,0.0237393,-0.0139585,24.3065,5.85277e-05,0.0206008,0.933064,9836.33,0.859861,0.389385,-0.1,0.02,41.4109,380928,0.0408632,0.0168189,0.0370039,0.0241088,-0.124449,nan,0.00952997,-0.000338941,-0.00168576,-0.000103806,-0.00168139,-0.000770946,-0.0150569,-1.66303e-07
32,-0.264465,39.6159,-0.00583608,0,12.5833,0.299527,1.43962,0.0254223,-0.00970485,24.2852,5.85277e-05,0.0120762,0.932141,8678.89,1.05982,0.356028,-0.1,0.02,42.8282,393216,0.0410497,0.0170191,0.03714,0.0242109,-0.123523,nan,0.0109868,-0.000364531,-0.00164685,-0.000102393,-0.00169536,-0.000762347,-0.0155353,-1.74687e-07
33,-0.259333,40.4007,-0.00647815,0,12.7917,0.299125,1.45584,0.0256726,-0.010296,24.2667,5.85277e-05,0.012203,0.931171,7395.69,1.25894,0.402567,-0.1,0.02,44.4915,405504,0.0427081,0.017525,0.0386504,0.0249889,-0.126953,nan,0.0099772,-0.000339129,-0.0017717,-0.000105507,-0.00129316,-0.000754233,-0.0155996,-1.69478e-07
34,-0.235014,39.5201,-0.00506708,0,12.4167,0.294976,1.41648,0.0265839,-0.0109168,24.2481,5.85277e-05,0.00845137,0.930229,10033.8,0.843603,0.381054,-0.1,0.02,45.718,417792,0.0411548,0.0170361,0.0370809,0.0248207,-0.123052,nan,0.0107315,-0.000408642,-0.00168792,-0.000100212,-0.00138926,-0.000703588,-0.0152333,-1.67323e-07
35,-0.240704,40.9313,-0.0051183,0,12.125,0.298844,1.45294,0.0275969,-0.0114077,24.2294,5.85277e-05,0.0164863,0.92921,9350.94,0.954702,0.359391,-0.1,0.02,47.0337,430080,0.0429184,0.0175304,0.0387702,0.0248679,-0.12822,nan,0.0114536,-0.000414715,-0.00177298,-0.000106363,-0.00124742,-0.000703818,-0.0151104,-1.68513e-07
36,-0.180297,41.6689,-0.00478975,0,12.4583,0.297392,1.43531,0.0279474,-0.010883,24.2099,5.85277e-05,0.0112786,0.928254,8992.15,0.978941,0.387584,-0.1,0.02,48.402,442368,0.0442329,0.0188474,0.0392058,0.0258894,-0.130528,nan,0.0125819,-0.000435554,-0.00173023,-0.000107016,-0.00125084,-0.000747564,-0.0149731,-1.65752e-07
37,-0.195802,40.782,-0.00408678,0,12.0417,0.293589,1.43618,0.0265653,-0.0103733,24.1918,5.85277e-05,0.00969883,0.927327,8832.82,1.03046,0.360716,-0.1,0.02,49.7946,454656,0.0438276,0.0181841,0.0382935,0.0253289,-0.127653,nan,0.0116886,-0.000468874,-0.00169498,-0.000104567,-0.001391,-0.00070253,-0.0150979,-1.71667e-07
38,-0.142127,41.8521,-0.00360254,0,12.9583,0.297442,1.43204,0.0257075,-0.0103623,24.1736,5.85277e-05,0.0051431,0.926364,8611.79,1.04466,0.382221,-0.1,0.02,51.223,466944,0.0446553,0.0184179,0.0393424,0.0257008,-0.130484,nan,0.0143826,-0.0005091,-0.00166698,-0.000105663,-0.00117685,-0.000619527,-0.015043,-1.732e-07
39,-0.156058,40.8997,-0.0032951,0,12.4583,0.294032,1.4332,0.0262416,-0.011372,24.1546,5.85277e-05,0.0118646,0.925393,8403.05,1.09815,0.364178,-0.1,0.02,52.6868,479232,0.0432967,0.0180675,0.038381,0.0249006,-0.127259,nan,0.0139064,-0.000513106,-0.00162614,-0.000102512,-0.001,-0.000628978,-0.0152254,-1.75629e-07
40,-0.129858,41.8,-0.00232536,0,12.2917,0.293376,1.45668,0.0274071,-0.0100843,24.1364,5.85277e-05,0.0129073,0.924499,9431.04,0.939491,0.363441,-0.1,0.02,53.9918,491520,0.0439636,0.0182572,0.0393024,0.0259756,-0.129406,nan,0.0150915,-0.000534372,-0.00167665,-0.00010697,-0.00157288,-0.000619049,-0.0151676,-1.75668e-07
41,-0.10184,41.7014,-0.0024024,0,12,0.286723,1.40997,0.0283607,-0.00990252,24.119,5.85277e-05,0.0109223,0.92359,7846.99,1.10781,0.458145,-0.1,0.02,55.5592,503808,0.0446738,0.018853,0.0385652,0.025903,-0.128635,nan,0.0141875,-0.000534657,-0.00172548,-0.000105126,-0.0008125,-0.00050531,-0.0149562,-1.73323e-07
42,-0.143867,41.5302,-0.00350618,0,12.4167,0.290111,1.41788,0.0292466,-0.0104877,24.1013,5.85277e-05,0.00772529,0.92269,9610.65,1.01006,0.26852,-0.1,0.02,56.8397,516096,0.0442182,0.0188332,0.0383399,0.0258014,-0.128153,nan,0.0128557,-0.000486605,-0.00169863,-0.000104013,-0.0013255,-0.000659891,-0.0148141,-1.70095e-07
43,-0.0809682,41.7425,-0.000597186,0,11.1667,0.277697,1.40335,0.0283522,-0.0110194,24.0837,5.85277e-05,0.0150552,0.921789,11744.9,0.796787,0.249456,-0.1,0.02,57.8874,528384,0.0461885,0.0184557,0.0398663,0.0262317,-0.1291,nan,0.0131978,-0.00055854,-0.00173953,-0.000102917,-0.000813433,-0.000563948,-0.0151101,-1.74864e-07
44,-0.117232,42.4437,-0.00336768,0,12.9583,0.302013,1.43672,0.0267068,-0.0103835,24.0663,5.85277e-05,0.00869887,0.920916,12268.3,0.732165,0.269444,-0.1,0.02,58.8903,540672,0.0453741,0.0187292,0.0398351,0.0262508,-0.13178,nan,0.0144598,-0.000583161,-0.00174874,-0.000106301,-0.000916399,-0.000635103,-0.0147412,-1.69099e-07
45,-0.0608285,42.3299,-0.000343255,0,12.125,0.285478,1.40285,0.0267968,-0.00952464,24.0492,5.85277e-05,0.00991475,0.92001,12486.3,0.718309,0.265806,-0.1,0.02,59.8759,552960,0.0457952,0.0190943,0.0402193,0.0261403,-0.130515,nan,0.0149381,-0.000611836,-0.00168538,-0.000106868,-0.000883162,-0.000622146,-0.014804,-1.73774e-07
46,-0.0692935,41.8299,-0.00214041,0,12.25,0.290983,1.40294,0.0279252,-0.010881,24.0314,5.85277e-05,0.00971842,0.919127,12197,0.712687,0.294778,-0.1,0.02,60.8849,565248,0.0445657,0.018827,0.0396905,0.0261285,-0.12817,nan,0.0142959,-0.000591452,-0.00164441,-0.0001062,-0.0010102,-0.00062578,-0.0148238,-1.75969e-07
47,-0.0528115,42.6454,-0.000282478,0,11.75,0.291119,1.41372,0.0299755,-0.0101532,24.0148,5.85277e-05,0.0115995,0.918309,12392.8,0.706124,0.28542,-0.1,0.02,61.8778,577536,0.0462127,0.0195165,0.039636,0.0261127,-0.130504,nan,0.0153404,-0.000683582,-0.0016353,-0.000104502,-0.000769504,-0.000651373,-0.0151104,-1.82448e-07
48,-0.0251723,43.0731,-0.00139256,0,12.5417,0.287215,1.41592,0.0305872,-0.0104715,23.9986,5.85277e-05,0.0102459,0.917467,11107.6,0.807156,0.29911,-0.1,0.02,62.9856,589824,0.0475151,0.0197629,0.0408353,0.0267884,-0.131768,nan,0.0154186,-0.000663073,-0.00165711,-0.000108082,-0.00181063,-0.000638321,-0.0149338,-1.81039e-07
49,-0.0391587,42.7824,0.000545634,0,10.9167,0.277175,1.38137,0.0295177,-0.0103968,23.982,5.85277e-05,0.0109139,0.91662,12063.7,0.758968,0.259624,-0.1,0.02,64.0056,602112,0.046811,0.0193615,0.0403607,0.0265267,-0.130159,nan,0.0143817,-0.000614871,-0.00173364,-0.00010583,-0.00119466,-0.000687492,-0.0149041,-1.77828e-07
50,-0.0472424,42.9685,-0.00173745,0,11.9167,0.290916,1.41501,0.0319442,-0.0113395,23.9653,5.85277e-05,0.0186643,0.915771,12045.5,0.752326,0.267805,-0.1,0.02,65.027,614400,0.0468176,0.0195809,0.0407239,0.0268967,-0.130887,nan,0.0135105,-0.000589706,-0.00172567,-0.000107945,-0.00124476,-0.000675583,-0.0146608,-1.76017e-07
51,0.0120262,45.562,0.0010075,0,10.0833,0.271247,1.39219,0.0296855,-0.0102781,23.9487,5.85277e-05,0.0099111,0.914926,12525.4,0.7192,0.261848,-0.1,0.02,66.0095,626688,0.0504412,0.0210889,0.0435929,0.0282014,-0.138533,nan,0.0152231,-0.000690189,-0.00183634,-0.000110222,-0.000991736,-0.000653889,-0.015131,-1.80566e-07
52,-0.0203337,46.5366,0.00014334,0,11.9583,0.28081,1.38908,0.0277499,-0.0112451,23.9316,5.85277e-05,0.0117153,0.914029,11362.8,0.771087,0.310338,-0.1,0.02,67.0923,638976,0.0523234,0.021699,0.0436807,0.0288233,-0.142542,nan,0.0142265,-0.000623748,-0.00188285,-0.000115113,-0.00118815,-0.00073379,-0.0146839,-1.75663e-07
53,0.0480921,46.8039,7.06361e-05,0,10.625,0.277268,1.39049,0.0296607,-0.0114615,23.914,5.85277e-05,0.0113032,0.913146,9189.29,1.06377,0.273434,-0.1,0.02,68.4677,651264,0.0531731,0.0215887,0.044729,0.0288616,-0.142013,nan,0.0151882,-0.000708819,-0.00181921,-0.000112512,-0.00123922,-0.000744679,-0.0144987,-1.73039e-07
54,-0.0195862,45.9459,0.00152272,0,10.7917,0.272624,1.36923,0.0311178,-0.0113241,23.8965,5.85277e-05,0.013836,0.912247,10954.7,0.852874,0.268841,-0.1,0.02,69.5909,663552,0.0498142,0.0211924,0.0427036,0.0281086,-0.139236,nan,0.0151274,-0.00063799,-0.00180787,-0.000112942,-0.000996139,-0.000655662,-0.0144789,-1.74432e-07
55,0.0578724,46.5765,0.00191144,0,10.625,0.266936,1.38256,0.0294257,-0.0108969,23.8784,5.85277e-05,0.0123505,0.911312,10346.9,0.892065,0.295533,-0.1,0.02,70.7801,675840,0.052425,0.0217501,0.0433764,0.0290962,-0.140984,nan,0.0163882,-0.000793831,-0.00180549,-0.000111367,-0.0013098,-0.000710894,-0.0144264,-1.75908e-07
56,0.0894991,47.2769,0.00245407,0,10.8333,0.270877,1.38442,0.0296735,-0.0105884,23.8599,5.85277e-05,0.00910917,0.910374,9674.68,1.02168,0.248435,-0.1,0.02,72.0515,688128,0.0541447,0.0218542,0.0434408,0.0291698,-0.143674,nan,0.0185654,-0.000841755,-0.00177619,-0.000111349,-0.000926923,-0.000702327,-0.0146668,-1.76014e-07
57,0.109643,48.8766,0.00225973,0,9.79167,0.27697,1.39954,0.0297936,-0.010934,23.8415,5.85277e-05,0.0152327,0.909457,11439.2,0.816117,0.258086,-0.1,0.02,73.1274,700416,0.0546485,0.0225133,0.0464772,0.0305188,-0.147118,nan,0.0181021,-0.000873814,-0.00181098,-0.000118548,-0.00087234,-0.000649479,-0.0153347,-1.86404e-07
58,0.118497,49.1306,0.00255807,0,11.1667,0.273932,1.40618,0.0300869,-0.0105774,23.8236,5.85277e-05,0.00948479,0.908566,7903.47,1.05437,0.500389,-0.1,0.02,74.6836,712704,0.0548922,0.0233024,0.045694,0.0306909,-0.147911,nan,0.0181231,-0.000867701,-0.0018309,-0.000118503,-0.000712687,-0.000591991,-0.0147449,-1.80106e-07
59,0.132458,48.1901,0.00434595,0,10.0833,0.266127,1.39174,0.0322595,-0.0102937,23.8068,5.85277e-05,0.0104791,0.907787,6911.85,1.40512,0.372702,-0.1,0.02,76.4632,724992,0.0544654,0.0227206,0.0453782,0.0300013,-0.146351,nan,0.0196983,-0.00095849,-0.00182772,-0.000114396,-0.00114463,-0.000617103,-0.0146278,-1.8072e-07
60,0.15761,50.3602,0.00282746,0,9.83333,0.269963,1.40301,0.0308413,-0.0103584,23.7917,5.85277e-05,0.0119003,0.907012,7818.06,1.03962,0.532128,-0.1,0.02,78.0367,737280,0.0569867,0.0232522,0.0489005,0.031456,-0.151429,nan,0.0181271,-0.000899305,-0.00192476,-0.000117891,-0.000788136,-0.000684596,-0.0149984,-1.83094e-07
61,0.149026,50.239,0.00238172,0,10.4583,0.280276,1.40142,0.0311084,-0.0109342,23.7757,5.85277e-05,0.0140559,0.90617,7353.7,1.26568,0.405311,-0.1,0.02,79.7098,749568,0.0567957,0.0238277,0.0479268,0.0322574,-0.150252,nan,0.0161833,-0.000774302,-0.00200987,-0.000124167,-0.00105179,-0.00069382,-0.014633,-1.78337e-07
62,0.134405,50.6802,0.00222582,0,10.2917,0.281978,1.42293,0.032239,-0.0099786,23.7591,5.85277e-05,0.0104724,0.905356,7871.17,1.18643,0.374714,-0.1,0.02,81.2726,761856,0.0558347,0.0239697,0.0499048,0.0322709,-0.152725,nan,0.0175506,-0.000893078,-0.00197991,-0.000122885,-0.00106478,-0.00068978,-0.0153354,-1.86792e-07
63,0.122966,48.9103,0.00479492,0,9.75,0.26881,1.35218,0.0327935,-0.0117323,23.7431,5.85277e-05,0.0143414,0.904567,8419.52,1.12345,0.336014,-0.1,0.02,82.7339,774144,0.0539447,0.0225604,0.047721,0.0317554,-0.146842,nan,0.0167179,-0.000862352,-0.00198809,-0.000122894,-0.0010812,-0.000722859,-0.0149318,-1.85372e-07
64,0.190545,51.6163,0.00325495,0,10.2083,0.277268,1.38568,0.0287174,-0.0101526,23.7276,5.85277e-05,0.0158462,0.90379,10493,0.889338,0.281728,-0.1,0.02,83.9063,786432,0.0588416,0.0251873,0.0509491,0.033746,-0.156244,nan,0.0169224,-0.00084523,-0.00206531,-0.000124739,-0.0008,-0.00070743,-0.0153323,-1.86281e-07
65,0.174517,51.9275,0.00513504,0,8.04167,0.267709,1.37245,0.0339952,-0.0112061,23.7122,5.85277e-05,0.0113321,0.903028,12180.8,0.722236,0.286562,-0.1,0.02,84.9166,798720,0.0580301,0.025597,0.0504633,0.0335306,-0.156253,nan,0.0179845,-0.000907018,-0.00213584,-0.000131737,-0.000901554,-0.000743799,-0.0158065,-1.90846e-07
66,0.210844,52.6448,0.00294792,0,10.7917,0.283646,1.4114,0.0312154,-0.011855,23.6971,5.85277e-05,0.0123841,0.902274,9776.16,0.884196,0.372739,-0.1,0.02,86.175,811008,0.059765,0.0256583,0.0535881,0.0333454,-0.158377,nan,0.0175483,-0.00100217,-0.00210691,-0.000129554,-0.00117761,-0.000801035,-0.0157685,-1.91617e-07
67,0.276727,55.5023,0.00668613,0,9.04167,0.268679,1.34941,0.0333241,-0.0108402,23.6815,5.85277e-05,0.00734159,0.901443,9338.57,0.948982,0.366851,-0.1,0.02,87.4926,823296,0.0621859,0.0262682,0.0578728,0.0360601,-0.165289,nan,0.018553,-0.000987679,-0.00221312,-0.00013522,-0.00120276,-0.000818676,-0.0164571,-2.00435e-07
68,0.238514,53.9186,0.00493954,0,9.20833,0.269134,1.39728,0.034575,-0.0112227,23.6648,5.85277e-05,0.00912391,0.900633,8739.58,1.01159,0.394431,-0.1,0.02,88.9008,835584,0.0613263,0.0262827,0.054434,0.0341296,-0.160928,nan,0.0182851,-0.00106284,-0.00211167,-0.000129459,-0.00137557,-0.000846394,-0.0160782,-1.96919e-07
69,0.216329,54.774,0.0048643,0,8.66667,0.276563,1.39396,0.035867,-0.0124173,23.6493,5.85277e-05,0.0116096,0.899896,9006.66,0.912711,0.451613,-0.1,0.02,90.2671,847872,0.0614007,0.0259117,0.0556357,0.0359763,-0.163432,nan,0.0175962,-0.00104792,-0.00227863,-0.00013448,-0.00161538,-0.000902361,-0.0162927,-2.00748e-07
70,0.283667,58.2041,0.00582063,0,8.16667,0.267944,1.35934,0.036113,-0.0121063,23.6348,5.85277e-05,0.0104224,0.899169,9190.53,0.94987,0.387158,-0.1,0.02,91.6058,860160,0.0644357,0.0291578,0.0591437,0.0379543,-0.173935,nan,0.0189031,-0.00107424,-0.00242266,-0.000140143,-0.000918367,-0.000814864,-0.0161059,-1.93586e-07
71,0.303139,56.2441,0.00651037,0,8.875,0.270647,1.39008,0.0363729,-0.0113978,23.6206,5.85277e-05,0.0144813,0.898492,9211.83,0.936383,0.397553,-0.1,0.02,92.9412,872448,0.0637802,0.0266479,0.0586529,0.0361354,-0.167256,nan,0.0186761,-0.00110296,-0.0022452,-0.000135945,-0.000821596,-0.000729489,-0.0164441,-2.00337e-07
72,0.409067,59.8964,0.00852085,0,8.04167,0.262062,1.33454,0.0339602,-0.0112477,23.6067,5.85277e-05,0.015707,0.897755,10249.7,0.89219,0.306676,-0.1,0.02,94.1425,884736,0.0682006,0.0304669,0.0627921,0.0392563,-0.178469,nan,0.0201762,-0.00125358,-0.00243566,-0.000142363,-0.000621762,-0.000754559,-0.0167614,-2.03946e-07
73,0.477974,61.4171,0.00723556,0,7.79167,0.253674,1.33036,0.0357935,-0.0116219,23.5916,5.85277e-05,0.00876329,0.897005,12320.4,0.729481,0.267889,-0.1,0.02,95.1416,897024,0.0702977,0.0313065,0.0657513,0.0399929,-0.182336,nan,0.0203102,-0.00128207,-0.00241517,-0.000143,-0.000641711,-0.000667724,-0.0162741,-1.97572e-07
74,0.474389,65.2938,0.00802076,0,8.08333,0.258378,1.35224,0.0371969,-0.0104115,23.5766,5.85277e-05,0.0104223,0.896255,12204,0.721543,0.285341,-0.1,0.02,96.1497,909312,0.0772715,0.0332789,0.0680008,0.0421656,-0.194405,nan,0.0201495,-0.00122742,-0.00261562,-0.000152493,-0.00158247,-0.000907338,-0.0162562,-1.95667e-07
75,0.485828,65.6404,0.00859561,0,7.41667,0.258177,1.35159,0.0378531,-0.0114623,23.5615,5.85277e-05,0.00827135,0.895508,12922.6,0.665755,0.285138,-0.1,0.02,97.1019,921600,0.0775155,0.0323416,0.067288,0.0420582,-0.195151,nan,0.0222978,-0.00124081,-0.0026575,-0.000148037,-0.000758427,-0.000886318,-0.016368,-1.95378e-07
76,0.48749,65.3389,0.0107457,0,7.5,0.254439,1.31668,0.0388303,-0.0115306,23.5459,5.85277e-05,0.0133891,0.894695,13168,0.670026,0.263147,-0.1,0.02,98.0364,933888,0.0746412,0.0323339,0.0704234,0.0427119,-0.194801,nan,0.02195,-0.00132105,-0.00268611,-0.000156026,-0.00117778,-0.000958468,-0.0165848,-1.99898e-07
77,0.562656,69.8194,0.00865122,0,6,0.252767,1.32726,0.0397516,-0.010549,23.5299,5.85277e-05,0.0145073,0.893935,13161.9,0.632405,0.301197,-0.1,0.02,98.9712,946176,0.0818348,0.0361561,0.0749479,0.0444882,-0.206837,nan,0.0213125,-0.00125356,-0.00278827,-0.000152477,-0.00149306,-0.00112626,-0.0169559,-2.02261e-07
78,0.590253,70.1366,0.00831859,0,7.625,0.271505,1.34355,0.0420757,-0.0100716,23.5152,5.85277e-05,0.0125872,0.893239,12123,0.704537,0.309077,-0.1,0.02,99.9861,958464,0.0800954,0.0362466,0.0770278,0.0454223,-0.209118,nan,0.0227213,-0.00127192,-0.0028042,-0.000163248,-0.00121858,-0.000945155,-0.0164793,-1.95276e-07
79,0.680339,78.3937,0.0119752,0,5.29167,0.251728,1.28784,0.048138,-0.012247,23.5015,5.85277e-05,0.00891327,0.89258,12558.7,0.693989,0.284453,-0.1,0.02,100.966,970752,0.09121,0.0406164,0.0876092,0.0510415,-0.233819,nan,0.0220394,-0.00122393,-0.00335552,-0.000180366,-0.00185039,-0.00112269,-0.0169475,-2.02845e-07
80,0.706788,74.3571,0.0100973,0,7,0.26178,1.29862,0.0491836,-0.0112589,23.488,5.85277e-05,0.0186618,0.89188,13297.7,0.652145,0.271923,-0.1,0.02,101.891,983040,0.0865593,0.0390647,0.0847617,0.0486722,-0.220476,nan,0.0206429,-0.00124496,-0.00297503,-0.000159995,-0.00157143,-0.000926454,-0.017007,-2.03985e-07
81,0.808496,77.4917,0.0129399,0,5,0.255986,1.26018,0.0502294,-0.0112287,23.4735,5.85277e-05,0.00868556,0.891154,13729.8,0.624251,0.270734,-0.1,0.02,102.788,995328,0.0907613,0.0410434,0.0890236,0.0518791,-0.22848,nan,0.021475,-0.00122815,-0.00327472,-0.000175131,-0.00149167,-0.0010184,-0.0180896,-2.09331e-07
82,0.721311,78.75,0.013211,0,4.83333,0.257339,1.24033,0.0500731,-0.0112566,23.459,5.85277e-05,0.0110162,0.890447,8646.58,0.826306,0.594834,-0.1,0.02,104.21,1.00762e+06,0.0892345,0.0417424,0.091309,0.0540941,-0.234771,nan,0.0196552,-0.00115479,-0.00351395,-0.000185694,-0.000896552,-0.000797381,-0.0186503,-2.23307e-07
83,1.09527,89.6857,0.0130519,0,4.375,0.257066,1.25921,0.0522437,-0.0114632,23.4451,5.85277e-05,0.0127629,0.889784,7700.95,1.18062,0.415026,-0.1,0.02,105.808,1.0199e+06,0.103512,0.0484075,0.11093,0.0612166,-0.264461,nan,0.0224,-0.00128368,-0.00382557,-0.000203945,-0.00151429,-0.0010819,-0.0193326,-2.28042e-07
84,0.855124,93.783,0.0125104,0,4.41667,0.267896,1.26214,0.0536063,-0.0126553,23.432,5.85277e-05,0.0141221,0.889154,9426.7,0.881334,0.422197,-0.1,0.02,107.113,1.03219e+06,0.103844,0.0497328,0.110009,0.0635417,-0.280542,nan,0.0225849,-0.00116442,-0.00424618,-0.000226787,-0.000537736,-0.00107191,-0.0191676,-2.15535e-07
85,1.40673,111.455,0.0153271,0,3.66667,0.246107,1.22167,0.056326,-0.0113145,23.419,5.85277e-05,0.0185093,0.888501,10801.5,0.809071,0.328553,-0.1,0.02,108.252,1.04448e+06,0.128865,0.060665,0.141874,0.0752114,-0.332095,nan,0.0262841,-0.00135318,-0.00495018,-0.00024808,-0.00173864,-0.00126079,-0.0209172,-2.33329e-07
86,1.03789,103.95,0.0136178,0,3.33333,0.256247,1.24283,0.0610927,-0.0112807,23.4065,5.85277e-05,0.0130751,0.887943,9929.97,0.816137,0.421329,-0.1,0.02,109.491,1.05677e+06,0.112308,0.0564967,0.131128,0.0716573,-0.310165,nan,0.0200625,-0.00116216,-0.00476103,-0.000250642,-0.0024,-0.00123959,-0.0197794,-2.29512e-07
87,1.31969,115.946,0.013993,0,3.83333,0.258832,1.24428,0.0587498,-0.0133585,23.3952,5.85277e-05,0.0113522,0.887343,9471.08,0.925911,0.371513,-0.1,0.02,110.79,1.06906e+06,0.130836,0.0638235,0.145601,0.0773371,-0.345962,nan,0.0247174,-0.00128291,-0.00514127,-0.000244037,-0.00186957,-0.00144314,-0.0203878,-2.28979e-07
88,1.60587,118.566,0.0159101,0,3.16667,0.256528,1.23032,0.0581882,-0.0117748,23.3825,5.85277e-05,0.0118496,0.886713,10465.1,0.833599,0.340586,-0.1,0.02,111.965,1.08134e+06,0.13902,0.0644711,0.1547,0.0816387,-0.352793,nan,0.0243947,-0.00135759,-0.00553164,-0.000259847,-0.00115789,-0.00134203,-0.0214885,-2.3212e-07
89,1.65425,129.089,0.01549,0,2.33333,0.255726,1.22793,0.0608072,-0.0120703,23.3702,5.85277e-05,0.00721338,0.886137,11224.9,0.77571,0.319001,-0.1,0.02,113.062,1.09363e+06,0.150625,0.0704802,0.169492,0.0909065,-0.384822,nan,0.0200357,-0.00102135,-0.00636341,-0.000308196,-0.00214286,-0.00160086,-0.0225681,-2.49102e-07
90,2.12355,151.846,0.01533,0,2.16667,0.25364,1.21577,0.0586718,-0.0127483,23.3584,5.85277e-05,0.0102346,0.885551,9435.13,0.891402,0.410965,-0.1,0.02,114.366,1.10592e+06,0.181417,0.0828642,0.20416,0.102714,-0.452269,nan,0.0245769,-0.0012675,-0.00701445,-0.000336881,-0.00251923,-0.00221274,-0.0239355,-2.54007e-07
91,1.75148,142.842,0.0152355,0,2.375,0.253527,1.22354,0.0558529,-0.0108299,23.3465,8.77915e-05,0.00468093,0.884969,9671.13,0.85871,0.411876,-0.1,0.02,115.638,1.11821e+06,0.157844,0.077063,0.194392,0.0983186,-0.425687,nan,0.0221579,-0.00113464,-0.00692561,-0.000313472,-0.00249123,-0.00199445,-0.0236552,-2.60447e-07
92,2.37077,168.309,0.0162947,0,2.29167,0.252061,1.22616,0.0549712,-0.0135782,23.3323,8.77915e-05,0.0113821,0.884157,10620.9,0.784284,0.372675,-0.1,0.02,116.796,1.1305e+06,0.194597,0.093396,0.235074,0.119333,-0.500986,nan,0.0189273,-0.00113776,-0.00865769,-0.000376622,-0.0032,-0.00243685,-0.0259933,-2.72471e-07
93,2.31198,168.03,0.0180562,0,1.375,0.24889,1.17062,0.0560929,-0.0143942,23.3145,8.77915e-05,0.0194267,0.88316,12213.2,0.675129,0.330994,-0.1,0.02,117.804,1.14278e+06,0.18724,0.0946346,0.235887,0.114791,-0.503793,nan,0.0266364,-0.00116525,-0.00800584,-0.000343506,-0.00187879,-0.00239913,-0.0260047,-2.7361e-07
94,1.89898,158.909,0.0168022,0,1.83333,0.255688,1.17834,0.0587857,-0.0138684,23.293,8.77915e-05,0.0148597,0.882075,8682.86,0.968063,0.447139,-0.1,0.02,119.221,1.15507e+06,0.169114,0.0867589,0.217246,0.110092,-0.472512,nan,0.0231818,-0.00123474,-0.00794563,-0.000349001,-0.00265909,-0.00225697,-0.0244859,-2.51513e-07
95,2.06732,152.576,0.0179696,0,1.375,0.24679,1.17557,0.0641038,-0.0141798,23.2719,8.77915e-05,0.0127291,0.881134,9916.91,0.831976,0.40712,-0.1,0.02,120.462,1.16736e+06,0.165618,0.0848577,0.216445,0.107401,-0.453835,nan,0.0215455,-0.00120592,-0.00728634,-0.000320912,-0.0029697,-0.0022171,-0.0246654,-2.64251e-07
96,2.67965,184.439,0.0184955,0,1.70833,0.249819,1.19299,0.0612361,-0.0136859,23.2537,8.77915e-05,0.0169832,0.880262,10790,0.796906,0.34193,-0.1,0.02,121.602,1.17965e+06,0.209623,0.103902,0.264456,0.130108,-0.551928,nan,0.0229756,-0.00123288,-0.00922837,-0.000410788,-0.00346341,-0.00256582,-0.0282516,-2.97081e-07
97,3.07111,204.219,0.0189504,0,1.33333,0.244841,1.19429,0.0619456,-0.0144212,23.2363,8.77915e-05,0.0188738,0.879456,12054.6,0.651459,0.367907,-0.1,0.02,122.623,1.19194e+06,0.223006,0.119418,0.304686,0.142125,-0.607578,nan,0.02025,-0.00132295,-0.0100927,-0.00041861,-0.00409375,-0.00325579,-0.0291676,-2.98144e-07
98,3.67617,229.219,0.0193574,0,1.33333,0.243998,1.17045,0.0552772,-0.0143402,23.2191,8.77915e-05,0.0122748,0.878537,8677.09,0.937948,0.478195,-0.1,0.02,124.041,1.20422e+06,0.274669,0.13109,0.333446,0.163392,-0.682339,nan,0.0194063,-0.00133756,-0.0119535,-0.000509409,-0.00665625,-0.00341476,-0.0319839,-3.18722e-07
99,2.39186,174,0.0203034,0,0.666667,0.240441,1.15847,0.0646274,-0.0147621,23.2003,8.77915e-05,0.0157907,0.877682,9769.74,0.847804,0.409957,-0.1,0.02,125.3,1.21651e+06,0.190652,0.0966469,0.248413,0.123247,-0.514806,nan,0.0195,-0.00113211,-0.00896951,-0.000398245,-0.003125,-0.00224316,-0.0281912,-3.02695e-07
100,4.35855,255.517,0.0207655,0,1.20833,0.243283,1.16654,0.0581126,-0.0143488,23.1817,8.77915e-05,0.0197532,0.876653,11329.5,0.743067,0.341539,-0.1,0.02,126.386,1.2288e+06,0.298204,0.146348,0.382779,0.177632,-0.759594,nan,0.0305172,-0.00150809,-0.0130612,-0.000530993,-0.00582759,-0.00380847,-0.033221,-3.16463e-07
101,3.53506,238.125,0.0217384,0,1,0.236118,1.15072,0.0592946,-0.0139022,23.1604,8.77915e-05,0.0110208,0.875666,9518.09,0.795957,0.495059,-0.1,0.02,130.985,1.24109e+06,0.245355,0.138775,0.364861,0.170501,-0.712352,nan,0.022125,-0.0014953,-0.012669,-0.000503028,-0.00166667,-0.00276418,-0.0334135,-3.30041e-07
102,4.10153,254.524,0.0219983,0,0.875,0.239138,1.15208,0.0499458,-0.0137578,23.1403,8.77915e-05,0.0196354,0.874679,10531,0.762998,0.40384,-0.1,0.02,132.154,1.25338e+06,0.271571,0.151477,0.396866,0.183875,-0.757496,nan,0.0191429,-0.00135625,-0.0138128,-0.00054087,-0.00609524,-0.00319635,-0.0353573,-3.55772e-07
103,5.15907,295.312,0.0218429,0,0.666667,0.237094,1.17107,0.0517475,-0.0132518,23.1204,8.77915e-05,0.0131215,0.873746,9836.56,0.869843,0.379374,-0.1,0.02,133.405,1.26566e+06,0.342651,0.165515,0.446512,0.208625,-0.869524,nan,0.031125,-0.00166934,-0.0151831,-0.000642487,-0.0074375,-0.00396131,-0.0380567,-3.62195e-07
104,5.60091,314.35,0.0215565,0,0.833333,0.23922,1.15075,0.0556693,-0.0137251,23.1012,8.77915e-05,0.0172718,0.87281,8270.54,1.02254,0.463217,-0.1,0.02,134.892,1.27795e+06,0.365206,0.179361,0.495409,0.227367,-0.936796,nan,0.0183,-0.00156585,-0.0169995,-0.000642006,-0.0063,-0.00412903,-0.039165,-3.77376e-07
105,5.41274,300.625,0.0219755,0,0.666667,0.235776,1.17551,0.0478493,-0.0126839,23.0812,8.77915e-05,0.0157848,0.871781,9844.59,0.849448,0.39875,-0.1,0.02,136.142,1.29024e+06,0.363338,0.17256,0.472967,0.204859,-0.902716,nan,0.02325,-0.00151814,-0.0142279,-0.000565746,-0.00475,-0.00333706,-0.0392215,-3.80526e-07
106,5.39536,287.462,0.0230811,0,0.541667,0.2331,1.13814,0.045385,-0.0135626,23.0597,8.77915e-05,0.0169136,0.870782,9259.83,0.876577,0.450445,-0.1,0.02,137.471,1.30253e+06,0.332382,0.173877,0.453685,0.203549,-0.846508,nan,0.0175385,-0.00145529,-0.0150842,-0.000567831,-0.00492308,-0.00385567,-0.0388685,-3.61824e-07
107,5.73751,325.333,0.0237005,0,0.5,0.230488,1.15811,0.0467622,-0.0136029,23.039,8.77915e-05,0.0137875,0.869744,9534.02,0.885811,0.403047,-0.1,0.02,138.761,1.31482e+06,0.344667,0.199634,0.518733,0.233327,-0.964553,nan,0.0215,-0.00184715,-0.0176947,-0.000639442,-0.00433333,-0.00319345,-0.038723,-3.72114e-07
108,6.81034,378.125,0.0243856,0,0.333333,0.2282,1.14137,0.0474285,-0.0127226,23.018,8.77915e-05,0.00875916,0.868801,10239.8,0.87007,0.329952,-0.1,0.02,139.963,1.3271e+06,0.450411,0.223779,0.586318,0.270905,-1.13787,nan,0.03075,-0.00184814,-0.0206983,-0.000752048,-0.007,-0.00471416,-0.0487616,-4.74563e-07
109,5.24019,302,0.0232538,0,0.458333,0.229304,1.154,0.0400391,-0.0130754,22.999,8.77915e-05,0.0156216,0.867866,12551.3,0.664128,0.314895,-0.1,0.02,140.943,1.33939e+06,0.344078,0.174799,0.473857,0.217693,-0.895017,nan,0.0136364,-0.00153007,-0.0166784,-0.000682151,-0.00509091,-0.00345196,-0.039603,-3.70919e-07
110,7.4874,406.9,0.0253321,0,0.416667,0.227702,1.14137,0.0441032,-0.0137064,22.9784,8.77915e-05,0.0195395,0.866809,13748.6,0.600814,0.292949,-0.1,0.02,141.839,1.35168e+06,0.470543,0.246953,0.640899,0.289246,-1.21138,nan,0.0243,-0.00195626,-0.0224826,-0.000833674,-0.0092,-0.00573795,-0.0459789,-3.87016e-07
111,9.77059,531.778,0.0252227,0,0.375,0.22759,1.13256,0.0452521,-0.0133847,22.9571,8.77915e-05,0.014005,0.865867,13879.7,0.588908,0.296415,-0.1,0.02,142.725,1.36397e+06,0.571423,0.31843,0.86647,0.382731,-1.57253,nan,0.0263333,-0.0024913,-0.0301441,-0.00106043,-0.00577778,-0.00619228,-0.0586598,-5.11573e-07
112,6.14959,337.273,0.0256957,0,0.458333,0.227449,1.13802,0.0486481,-0.0137421,22.938,8.77915e-05,0.0076537,0.86494,13639.9,0.59683,0.304056,-0.1,0.02,143.627,1.37626e+06,0.364147,0.197278,0.554661,0.240862,-1.00334,nan,0.0253636,-0.00163798,-0.0187057,-0.000675985,-0.00654545,-0.00379886,-0.0401229,-3.56406e-07
113,7.71815,380.25,0.0262639,0,0.333333,0.222154,1.12487,0.0414838,-0.0133534,22.9165,8.77915e-05,0.0171666,0.863761,13436.4,0.61347,0.30106,-0.1,0.02,144.543,1.38854e+06,0.439484,0.228764,0.626804,0.275623,-1.11694,nan,0.01275,-0.00177175,-0.0217884,-0.000763312,-0.006,-0.00415701,-0.0460999,-3.89182e-07
114,9.72557,493.429,0.0259807,0,0.291667,0.22484,1.12785,0.0379515,-0.0135196,22.8911,8.77915e-05,0.0188764,0.862572,12683.9,0.665881,0.302905,-0.1,0.02,145.513,1.40083e+06,0.54646,0.298116,0.814822,0.354413,-1.46113,nan,0.0274286,-0.00239345,-0.0276189,-0.000984554,-0.00642857,-0.00562267,-0.0507831,-4.69665e-07
115,6.58233,390.857,0.0269018,0,0.291667,0.220204,1.12257,0.0421858,-0.0137492,22.867,8.77915e-05,0.0117881,0.861462,12863.1,0.6388,0.316494,-0.1,0.02,146.47,1.41312e+06,0.420031,0.210348,0.645929,0.278631,-1.16138,nan,0.0197143,-0.00189668,-0.0218744,-0.00079107,-0.00642857,-0.00363034,-0.0495366,-4.40092e-07
116,13.6054,634,0.0270891,0,0.25,0.22019,1.11651,0.0489653,-0.0145579,22.8454,8.77915e-05,0.0150521,0.860525,12549.6,0.638946,0.340206,-0.1,0.02,147.45,1.42541e+06,0.74734,0.375912,1.0802,0.444358,-1.87751,nan,0.0225,-0.00259389,-0.0344921,-0.00113882,-0.002,-0.00574124,-0.0665673,-6.11095e-07
117,13.8563,672.889,0.0269784,0,0.375,0.221433,1.11325,0.0444058,-0.0124844,22.827,8.77915e-05,0.0119337,0.859689,11349.1,0.670421,0.412305,-0.1,0.02,148.535,1.4377e+06,0.764696,0.409237,1.13737,0.476691,-1.99219,nan,0.0276667,-0.00303973,-0.0373413,-0.00127486,-0.0107778,-0.00705243,-0.0711659,-6.11886e-07
118,12.2591,544.3,0.0279572,0.0416667,0.375,0.217334,1.11259,0.0381531,-0.0138826,22.809,8.77915e-05,0.0138187,0.858795,10151.4,0.878431,0.332045,-0.1,0.02,149.747,1.44998e+06,0.637043,0.329607,0.9165,0.393606,-1.59711,nan,0.0309,-0.00238721,-0.0292215,-0.00105508,-0.006,-0.00490298,-0.0540244,-4.58956e-07
119,17.0655,811,0.0279962,0.0833333,0.0833333,0.215987,1.11267,0.044139,-0.0139137,22.79,5.85277e-05,0.0201013,0.857886,10917.4,0.723025,0.402517,-0.1,0.02,150.874,1.46227e+06,0.950818,0.472102,1.36444,0.580412,-2.41283,nan,0.045,-0.00340315,-0.0463239,-0.00158818,-0.0105,-0.00835834,-0.0764827,-5.71687e-07
120,17.1411,778.545,0.0283606,0.208333,0.25,0.21771,1.11812,0.0423218,-0.0122373,22.7734,5.85277e-05,0.00745854,0.857205,10404.9,0.818677,0.362308,-0.1,0.02,152.056,1.47456e+06,0.896225,0.473922,1.3346,0.564941,-2.29411,nan,0.0218182,-0.00334826,-0.0449886,-0.00147102,-0.00990909,-0.00763299,-0.073,-5.11525e-07
121,15.7194,722.778,0.0290412,0.166667,0.208333,0.21558,1.11319,0.0300875,-0.0117279,22.7581,5.85277e-05,0.0106458,0.856428,10862.8,0.794494,0.336702,-0.1,0.02,153.189,1.48685e+06,0.838374,0.436413,1.23803,0.507368,-2.13735,nan,0.0293333,-0.00306523,-0.0394401,-0.00140061,-0.0106667,-0.00746431,-0.0641635,-4.72525e-07
122,27.6008,1000,0.0292161,0.0833333,0,0.213782,1.09759,0.0354047,-0.0116196,22.7406,5.85277e-05,0.0161291,0.85555,11579.4,0.742277,0.318916,-0.1,0.02,154.251,1.49914e+06,1.25206,0.663523,1.76252,0.736403,-2.91838,nan,0.0435,-0.00376869,-0.055544,-0.00188698,-0.012,-0.00937798,-0.0770083,-4.97258e-07
123,17.776,774,0.0292206,0.25,0.166667,0.21648,1.10769,0.0307053,-0.0115926,22.7219,5.85277e-05,0.00890449,0.854646,13512.1,0.612016,0.297389,-0.1,0.02,155.162,1.51142e+06,0.912187,0.469998,1.33983,0.563764,-2.28181,nan,0.0228,-0.00314428,-0.0439379,-0.00146434,-0.0132,-0.00839917,-0.0678173,-4.73974e-07
124,21.5462,1000,0.0287301,0.0833333,0,0.214439,1.10079,0.0324412,-0.0121534,22.7031,5.85277e-05,0.0127339,0.853792,13743.8,0.599956,0.294123,-0.1,0.02,156.057,1.52371e+06,1.00091,0.620356,1.76192,0.73455,-2.88567,nan,0.0225,-0.00384371,-0.0582148,-0.00189345,-0.022,-0.0139506,-0.0773544,-5.01377e-07
125,21.5178,909.5,0.0295778,0.25,0.0833333,0.214258,1.08592,0.0317328,-0.0124155,22.6856,3.90184e-05,0.0223949,0.852984,9334.69,0.81812,0.498261,-0.1,0.02,157.375,1.536e+06,1.10836,0.564493,1.59152,0.638287,-2.68397,nan,0.018,-0.00362793,-0.0516007,-0.00168149,-0.014,-0.0104931,-0.0793929,-5.36747e-07
126,22.1052,854.778,0.0293541,0.291667,0.0833333,0.214086,1.08143,0.0371968,-0.00895076,22.6717,3.90184e-05,0.00971038,0.852485,11874.3,0.679901,0.354941,-0.1,0.02,158.411,1.54829e+06,1.069,0.526653,1.51426,0.621552,-2.50418,nan,0.0176667,-0.00331692,-0.0501399,-0.00156884,-0.00777778,-0.00766772,-0.0692215,-4.4911e-07
127,24.8048,987.067,0.029515,0.541667,0.0833333,0.21626,1.08126,0.0281949,-0.00858655,22.6605,3.90184e-05,0.0111305,0.851902,13064.8,0.642048,0.298494,-0.1,0.02,159.354,1.56058e+06,1.22951,0.610044,1.75655,0.707577,-2.9101,nan,0.0132,-0.00355031,-0.0553829,-0.00172774,-0.0149333,-0.00984802,-0.0810865,-5.12725e-07
128,25.874,982.125,0.0298476,0.958333,0.0416667,0.213084,1.08988,0.0333222,-0.00860342,22.6481,3.90184e-05,0.00946607,0.851345,12873.8,0.643485,0.311011,-0.1,0.02,160.309,1.57286e+06,1.24843,0.602547,1.74246,0.715897,-2.87489,nan,0.01825,-0.00383763,-0.0569809,-0.00183408,-0.0102083,-0.00891262,-0.0772241,-4.88208e-07
129,24.0558,939.111,0.029338,0.625,0.125,0.216069,1.0985,0.0343549,-0.00928701,22.6365,3.90184e-05,0.0095832,0.850785,12449.4,0.667706,0.319332,-0.1,0.02,161.298,1.58515e+06,1.17655,0.577417,1.66962,0.671231,-2.74852,nan,0.014,-0.00350201,-0.0534099,-0.00165662,-0.0135556,-0.00926736,-0.0761081,-4.9231e-07
130,26.981,953.667,0.0304694,0.541667,0.0833333,0.214455,1.08072,0.0307884,-0.00896209,22.6248,3.90184e-05,0.00595671,0.850253,12222.2,0.63822,0.367161,-0.1,0.02,162.305,1.59744e+06,1.28161,0.595966,1.70348,0.687061,-2.77891,nan,0.0134,-0.00351857,-0.0549482,-0.00169841,-0.0088,-0.00793627,-0.0766575,-4.90091e-07
131,25.098,946.938,0.0303845,0.625,0.0416667,0.214919,1.08005,0.0323034,-0.00902488,22.6133,3.90184e-05,0.00987206,0.849693,8333.71,0.948065,0.526429,-0.1,0.02,163.781,1.60973e+06,1.17003,0.590221,1.70583,0.692604,-2.76197,nan,0.0144375,-0.00362516,-0.0560769,-0.00170516,-0.0095,-0.00858884,-0.0767504,-4.81069e-07
132,26.767,970.118,0.0299628,0.666667,0.0416667,0.216211,1.0855,0.0323647,-0.00983429,22.6013,3.90184e-05,0.0116709,0.849135,7891.2,1.09622,0.46096,-0.1,0.02,165.341,1.62202e+06,1.2626,0.592609,1.74167,0.708563,-2.81826,nan,0.0109412,-0.00361358,-0.0579422,-0.00179704,-0.00958824,-0.00878737,-0.0780398,-4.75039e-07
133,24.8724,956.913,0.0294606,0.875,0.0833333,0.219617,1.09994,0.0337301,-0.00844859,22.5895,3.90184e-05,0.0104606,0.84857,8431.3,1.03181,0.425612,-0.1,0.02,166.8,1.6343e+06,1.18727,0.576822,1.72219,0.687445,-2.79013,nan,0.0127826,-0.00351881,-0.0551473,-0.00171063,-0.00773913,-0.00819932,-0.0764394,-4.89794e-07
134,22.1783,850.833,0.0300787,0.75,0.25,0.220557,1.08476,0.0307922,-0.00989284,22.5772,3.90184e-05,0.0101503,0.847976,9501.19,0.83661,0.456702,-0.1,0.02,168.095,1.64659e+06,1.03352,0.530045,1.52351,0.613396,-2.47109,nan,0.015625,-0.00322919,-0.0479333,-0.00151318,-0.007375,-0.00666662,-0.0693725,-4.83874e-07
135,27.5311,1000,0.0304235,0.625,0,0.217735,1.07966,0.0240972,-0.00907141,22.5642,3.90184e-05,0.00981255,0.847334,9972.12,0.817863,0.414372,-0.1,0.02,169.329,1.65888e+06,1.27934,0.604389,1.81286,0.728345,-2.90334,nan,0.014,-0.00370321,-0.0583039,-0.00179702,-0.00853333,-0.00851585,-0.0781773,-4.74469e-07
136,25.2056,947.963,0.0301991,1.04167,0.0833333,0.217542,1.07193,0.0276562,-0.00861109,22.5509,3.90184e-05,0.00882672,0.846761,8802.84,0.955738,0.440175,-0.1,0.02,170.726,1.67117e+06,1.14667,0.585882,1.72232,0.68196,-2.73905,nan,0.0145556,-0.00350269,-0.0541875,-0.0016508,-0.00996296,-0.00794889,-0.0748097,-4.63307e-07
137,27.6166,1000,0.0296193,0.916667,0,0.219177,1.08113,0.0304773,-0.00839419,22.5392,3.90184e-05,0.00782177,0.84622,10891.1,0.749702,0.378557,-0.1,0.02,171.856,1.68346e+06,1.20385,0.63143,1.83774,0.732516,-2.87994,nan,0.0155455,-0.00367842,-0.0584822,-0.00179456,-0.0117273,-0.00776529,-0.0768592,-4.65589e-07
138,25.5788,941.889,0.0307009,1,0.125,0.219601,1.05659,0.027471,-0.00939624,22.5272,3.90184e-05,0.011116,0.845615,10058.1,0.832565,0.389132,-0.1,0.02,173.08,1.69574e+06,1.16503,0.569735,1.71734,0.677859,-2.71314,nan,0.00911111,-0.00335284,-0.0548678,-0.0016667,-0.00718519,-0.00636805,-0.0735541,-4.51171e-07
139,26.1357,979.9,0.0304855,0.791667,0.0416667,0.217336,1.08513,0.0300331,-0.00860178,22.5141,3.90184e-05,0.00725158,0.845013,9580.63,0.867012,0.415576,-0.1,0.02,174.364,1.70803e+06,1.15903,0.606897,1.79616,0.712494,-2.82181,nan,0.0087,-0.00354046,-0.0575534,-0.00177305,-0.0075,-0.00736569,-0.0769575,-4.64179e-07
140,26.1427,897.786,0.0315887,0.5,0.0833333,0.215707,1.07771,0.030135,-0.00971253,22.5015,3.90184e-05,0.01278,0.844434,8700.27,1.02799,0.384383,-0.1,0.02,175.778,1.72032e+06,1.13739,0.575534,1.64342,0.655531,-2.56552,nan,0.00407143,-0.00338433,-0.0527208,-0.00164363,-0.00735714,-0.0065724,-0.0716083,-4.71327e-07
141,25.8721,935.25,0.0308109,0.583333,0.0833333,0.215174,1.08099,0.0296806,-0.00850812,22.4895,3.90184e-05,0.00581053,0.843881,8630.81,0.986998,0.436738,-0.1,0.02,177.204,1.73261e+06,1.17121,0.588651,1.70717,0.671314,-2.70922,nan,0.008625,-0.003263,-0.0535858,-0.0016299,-0.0050625,-0.00635469,-0.074241,-4.67285e-07
142,29.206,1000,0.0309016,0.583333,0,0.218379,1.06076,0.0295518,-0.0102345,22.4778,3.90184e-05,0.013217,0.843345,8977.76,0.874391,0.494325,-0.1,0.02,178.574,1.7449e+06,1.27696,0.627841,1.84368,0.719199,-2.86084,nan,0.006,-0.00330772,-0.0566451,-0.00170208,-0.00892857,-0.00709537,-0.0748642,-4.41954e-07
143,27.9484,962.737,0.0312058,0.75,0.0416667,0.218347,1.07853,0.0359505,-0.00907024,22.4666,3.90184e-05,0.0133764,0.842848,9185.04,1.01229,0.325537,-0.1,0.02,179.916,1.75718e+06,1.20586,0.611191,1.77223,0.695179,-2.74817,nan,0.00947368,-0.00339502,-0.0555186,-0.00170421,-0.00710526,-0.00674051,-0.0738801,-4.4983e-07
144,25.0566,872.2,0.0314646,0.5,0.125,0.217253,1.06112,0.0368355,-0.00850622,22.4564,3.90184e-05,0.0102567,0.842367,10663.7,0.729509,0.422815,-0.1,0.02,181.07,1.76947e+06,1.07744,0.553118,1.60177,0.634433,-2.48338,nan,0.0098,-0.00316977,-0.0519319,-0.00158448,-0.00693333,-0.00624667,-0.0704832,-4.6041e-07
145,26.845,899.9,0.0315472,0.291667,0.125,0.218029,1.08106,0.030513,-0.00920694,22.4454,3.90184e-05,0.0103529,0.841818,9743.95,0.850589,0.410501,-0.1,0.02,182.332,1.78176e+06,1.15552,0.577518,1.65076,0.638975,-2.54968,nan,0.0096,-0.00315202,-0.0505501,-0.00155789,-0.0064,-0.0061102,-0.072668,-4.97546e-07
146,29.447,1000,0.0316934,0.625,0,0.217198,1.06299,0.0247805,-0.00814552,22.4331,3.90184e-05,0.0112,0.841217,9124.95,0.911812,0.434825,-0.1,0.02,183.681,1.79405e+06,1.27552,0.62695,1.84028,0.71819,-2.84501,nan,0.0102,-0.00358203,-0.0581096,-0.00173903,-0.0062,-0.00663156,-0.0775254,-4.64986e-07
147,27.9361,1000,0.0320637,0.458333,0,0.216578,1.05664,0.03484,-0.00860226,22.4207,5.85277e-05,0.0031344,0.840689,10884.6,0.770248,0.358691,-0.1,0.02,184.811,1.80634e+06,1.20562,0.623253,1.84689,0.709924,-2.84592,nan,0.00681818,-0.00348556,-0.0566015,-0.00169067,-0.00427273,-0.00692295,-0.0767987,-4.71454e-07
148,24.0657,828.636,0.0313563,0.333333,0.125,0.221625,1.05877,0.0302791,-0.010617,22.4073,5.85277e-05,0.0120571,0.839947,10517.9,0.783114,0.385179,-0.1,0.02,185.981,1.81862e+06,1.02372,0.539626,1.51906,0.597461,-2.35451,nan,0.0100909,-0.00287443,-0.0476717,-0.001473,-0.00745455,-0.00551106,-0.0671721,-4.46298e-07
149,25.8086,918.727,0.0318337,0.375,0.0833333,0.220794,1.06793,0.0303989,-0.0113259,22.3918,5.85277e-05,0.0119716,0.839259,10058.1,0.830941,0.390759,-0.1,0.02,187.204,1.83091e+06,1.06887,0.596009,1.70212,0.647067,-2.59193,nan,0.0100909,-0.00301786,-0.0501136,-0.00157075,-0.00763636,-0.00585151,-0.0736117,-4.82024e-07
150,22.9956,779.333,0.0319282,0.166667,0.0833333,0.222315,1.06273,0.0290789,-0.0111704,22.3773,5.85277e-05,0.00756595,0.838593,9624.84,0.908089,0.368607,-0.1,0.02,188.482,1.8432e+06,0.957259,0.491614,1.43145,0.548294,-2.17051,nan,0.013,-0.00263392,-0.0427466,-0.00137928,-0.006,-0.00503799,-0.063532,-4.29191e-07
151,29.1286,990.2,0.0328899,0.375,0.0416667,0.217701,1.05424,0.0259069,-0.0115082,22.3624,5.85277e-05,0.00990478,0.837842,10045.1,0.835637,0.387652,-0.1,0.02,189.707,1.85549e+06,1.23172,0.624159,1.82238,0.713179,-2.79408,nan,0.009,-0.00339559,-0.0555771,-0.00169114,-0.0068,-0.00568985,-0.0767647,-4.68949e-07
152,31.3173,1000,0.0321436,0.458333,0,0.217717,1.07088,0.0258867,-0.0113087,22.3454,5.85277e-05,0.0142235,0.837033,10086.1,0.837722,0.380591,-0.1,0.02,190.926,1.86778e+06,1.29312,0.665512,1.85635,0.713979,-2.81889,nan,0.00490909,-0.00324169,-0.0559222,-0.00164147,-0.00745455,-0.00639869,-0.07446,-4.39938e-07
153,26.5611,881.429,0.0324343,0.25,0.0416667,0.219398,1.06398,0.0279973,-0.0105157,22.3286,5.85277e-05,0.00823863,0.836301,10151.5,0.910588,0.299874,-0.1,0.02,192.138,1.88006e+06,1.11964,0.548691,1.6342,0.624024,-2.47364,nan,0.00771429,-0.00292223,-0.0479648,-0.00145404,-0.00857143,-0.00516693,-0.0665029,-4.1751e-07
154,28.5328,958.923,0.0327542,0.5,0.0416667,0.219719,1.04455,0.0225213,-0.010712,22.3123,5.85277e-05,0.012645,0.835474,10833,0.698907,0.435403,-0.1,0.02,193.274,1.89235e+06,1.15681,0.611737,1.78247,0.693852,-2.68697,nan,0.0115385,-0.00338774,-0.0554842,-0.00166324,-0.00553846,-0.00529815,-0.071418,-4.38383e-07
155,32.3073,1000,0.0330443,0.166667,0,0.219222,1.04827,0.0243206,-0.0113649,22.294,5.85277e-05,0.0119035,0.834639,8822.93,0.981263,0.411472,-0.1,0.02,194.668,1.90464e+06,1.31343,0.659689,1.85964,0.740451,-2.81837,nan,0.0075,-0.00335374,-0.0622091,-0.00177701,0,-0.00492741,-0.0747051,-4.36583e-07
156,30.7395,1000,0.0329898,0.333333,0,0.219351,1.04282,0.0230782,-0.0102595,22.2757,5.85277e-05,0.0106885,0.833764,9824,0.859411,0.391403,-0.1,0.02,195.921,1.91693e+06,1.2206,0.661259,1.86042,0.722537,-2.78586,nan,0.003375,-0.00336934,-0.0585114,-0.00165289,-0.003,-0.00532021,-0.0734998,-4.25177e-07
157,26.0281,854.5,0.0338218,0.208333,0.0416667,0.216144,1.03634,0.0294965,-0.011179,22.2567,5.85277e-05,0.00673281,0.832899,11436.3,0.680208,0.394268,-0.1,0.02,196.997,1.92922e+06,1.07205,0.532158,1.57348,0.617547,-2.36856,nan,0.004,-0.00289057,-0.0495238,-0.00142849,-0.004,-0.00525297,-0.0661793,-3.9053e-07
158,23.3177,836.125,0.0333763,0.208333,0.125,0.217718,1.05506,0.0277965,-0.0125847,22.2384,5.85277e-05,0.0117048,0.832078,12776.9,0.659096,0.302643,-0.1,0.02,197.96,1.9415e+06,0.936395,0.527849,1.54292,0.611232,-2.33224,nan,0.00675,-0.00289062,-0.0493137,-0.00146467,-0.002,-0.0044914,-0.066862,-4.20674e-07
159,32.0783,1000,0.0342444,0.458333,0,0.217418,1.03643,0.0321548,-0.0113613,22.2213,5.85277e-05,0.0137345,0.831337,8557.62,1.0066,0.429314,-0.1,0.02,199.398,1.95379e+06,1.33355,0.628498,1.85889,0.705788,-2.78415,nan,0.00954545,-0.00335976,-0.055738,-0.0016945,-0.006,-0.00585368,-0.0755554,-4.59414e-07
160,24.3696,795.75,0.0334606,0.125,0.0416667,0.217587,1.0438,0.0243705,-0.0112004,22.206,5.85277e-05,0.0106466,0.830651,9548.69,0.878567,0.408311,-0.1,0.02,200.686,1.96608e+06,0.995955,0.487325,1.45682,0.580837,-2.19038,nan,0.0105,-0.00272404,-0.047137,-0.00134375,-0.004,-0.00359721,-0.0637823,-3.90456e-07
161,33.2275,1000,0.0337734,0.166667,0,0.217401,1.04378,0.0267146,-0.0124635,22.1904,5.85277e-05,0.0140944,0.829891,9653.91,0.92025,0.352602,-0.1,0.02,201.961,1.97837e+06,1.29724,0.647142,1.88161,0.728919,-2.75641,nan,0.0075,-0.00314814,-0.0572553,-0.00157289,-0.006,-0.0065153,-0.070137,-4.20052e-07
162,29.9256,1000,0.0337842,0.458333,0,0.219698,1.03924,0.0315408,-0.0115739,22.1738,5.85277e-05,0.0114693,0.829143,10875.3,0.72159,0.408313,-0.1,0.02,203.092,1.99066e+06,1.12676,0.655615,1.87375,0.731725,-2.75329,nan,0.00463636,-0.00322808,-0.0583786,-0.00163538,-0.00290909,-0.00512129,-0.0716421,-4.15457e-07
163,26.9014,832.889,0.0338955,0.25,0.125,0.218936,1.05925,0.0243892,-0.0119198,22.1578,5.85277e-05,0.0147163,0.828405,8800.89,0.983965,0.412257,-0.1,0.02,204.491,2.00294e+06,1.05985,0.560369,1.53881,0.607579,-2.30465,nan,0.00933333,-0.00286659,-0.0471898,-0.0014046,-0.00433333,-0.00527771,-0.0651435,-4.2672e-07
164,31.7429,971,0.0339188,0.208333,0.0416667,0.21853,1.04127,0.0313167,-0.0101965,22.1412,5.85277e-05,0.00782524,0.827609,10104,0.810195,0.405955,-0.1,0.02,205.708,2.01523e+06,1.2719,0.601378,1.81069,0.711286,-2.66987,nan,0.0055,-0.0032043,-0.0562388,-0.001624,-0.00266667,-0.004711,-0.0752926,-4.45023e-07
165,30.776,963.714,0.0344186,0.25,0.0416667,0.218848,1.03574,0.0268954,-0.0111049,22.1231,5.85277e-05,0.00928423,0.826741,10446.3,0.717699,0.458608,-0.1,0.02,206.886,2.02752e+06,1.22864,0.626786,1.79725,0.689903,-2.66813,nan,0.00514286,-0.00305103,-0.0542438,-0.00161165,-0.00342857,-0.00456831,-0.0738974,-4.47689e-07
166,31.0744,1000,0.0342866,0.125,0,0.217801,1.06139,0.0230799,-0.0112497,22.1047,5.85277e-05,0.0121359,0.825959,10617.1,0.736972,0.420401,-0.1,0.02,208.045,2.03981e+06,1.21128,0.653371,1.88095,0.71916,-2.76124,nan,0.001,-0.00306586,-0.0591054,-0.00171082,-0.00933333,-0.00673556,-0.070862,-4.19679e-07
167,31.0409,1000,0.0345115,0.333333,0,0.217091,1.04675,0.0239777,-0.0113276,22.0875,5.85277e-05,0.0157228,0.82512,8042.07,1.02221,0.505753,-0.1,0.02,209.574,2.0521e+06,1.23458,0.6439,1.85689,0.71665,-2.75411,nan,0.00525,-0.0036493,-0.0594016,-0.00171715,-0.006,-0.00542779,-0.0749207,-4.55364e-07
168,28.4381,934.5,0.0348573,0.375,0.0416667,0.218897,1.01793,0.0266509,-0.0103487,22.0691,5.85277e-05,0.0128474,0.824309,8466.68,1.0721,0.379232,-0.1,0.02,211.028,2.06438e+06,1.11286,0.595025,1.74147,0.672951,-2.57065,nan,0.0066,-0.00306768,-0.0535248,-0.00153711,-0.0042,-0.00463357,-0.0693826,-4.24923e-07
169,31.0417,944.158,0.0351545,0.708333,0.0833333,0.218882,1.05982,0.024307,-0.0107976,22.0524,5.85277e-05,0.012177,0.823592,10380.7,0.874474,0.309257,-0.1,0.02,212.213,2.07667e+06,1.18567,0.632545,1.76664,0.690486,-2.59317,nan,0.00742105,-0.00314692,-0.0551626,-0.00159289,-0.00442105,-0.00451628,-0.0686749,-4.24333e-07
170,31.6188,1000,0.0354453,0.833333,0,0.216382,1.03407,0.0268545,-0.011048,22.0356,5.85277e-05,0.0162119,0.822732,11516.3,0.710647,0.356359,-0.1,0.02,213.281,2.08896e+06,1.23263,0.644915,1.87,0.714723,-2.73938,nan,0.00405,-0.00307374,-0.056197,-0.00162805,-0.0062,-0.00610729,-0.072793,-4.24501e-07
171,32.2425,1000,0.0352025,0.666667,0,0.219276,1.03023,0.0237374,-0.0123396,22.0172,5.85277e-05,0.0156062,0.821962,7115.58,1.14417,0.582747,-0.1,0.02,215.01,2.10125e+06,1.24372,0.632308,1.87592,0.727446,-2.72847,nan,0.0054375,-0.00317605,-0.0586479,-0.00168387,-0.0046875,-0.00493203,-0.0711074,-4.19463e-07
172,33.2415,1000,0.0351505,0.416667,0,0.217279,1.04796,0.0286469,-0.0109114,22.0011,5.85277e-05,0.0093894,0.821246,9751.72,0.845635,0.41445,-0.1,0.02,216.272,2.11354e+06,1.27444,0.666656,1.88147,0.710047,-2.73385,nan,0.0018,-0.00293513,-0.0555727,-0.00156452,-0.002,-0.0048697,-0.0715447,-4.12588e-07
173,30.8813,982.294,0.034994,0.625,0.0833333,0.218418,1.04665,0.0257115,-0.0116395,21.9847,5.85277e-05,0.0120232,0.820443,10288.3,0.863725,0.330637,-0.1,0.02,217.468,2.12582e+06,1.18096,0.642595,1.83676,0.710726,-2.68687,nan,0.006,-0.00325497,-0.0570222,-0.00159043,-0.00558824,-0.00536595,-0.0732851,-4.53313e-07
174,33.0488,1000,0.0356077,0.708333,0,0.218004,1.04448,0.0295252,-0.0115668,21.9666,5.85277e-05,0.0102274,0.819626,9711.85,0.819961,0.445297,-0.1,0.02,218.734,2.13811e+06,1.26076,0.651331,1.87875,0.729466,-2.72759,nan,0.00529412,-0.00319726,-0.0584599,-0.00168452,-0.00435294,-0.00559492,-0.0722869,-4.12625e-07
175,32.5249,978.214,0.0355518,1.04167,0.125,0.216732,1.05085,0.0262986,-0.010908,21.9489,5.85277e-05,0.00925063,0.818811,8702.28,1.00454,0.407502,-0.1,0.02,220.148,2.1504e+06,1.23495,0.635899,1.83373,0.710843,-2.64945,nan,0.00417857,-0.00314944,-0.0566545,-0.00161052,-0.00657143,-0.00534048,-0.0705735,-4.26208e-07
176,33.0292,988.944,0.0365265,0.708333,0.0416667,0.214553,1.03456,0.0271056,-0.011188,21.9308,5.85277e-05,0.0138405,0.818,9814.99,0.885032,0.36693,-0.1,0.02,221.402,2.16269e+06,1.23337,0.656996,1.85518,0.717489,-2.67289,nan,0.00416667,-0.00304392,-0.0566747,-0.00160475,-0.004,-0.00529183,-0.0722386,-4.19503e-07
177,30.381,945.25,0.0363953,0.458333,0.0416667,0.213529,1.03366,0.0240481,-0.0113042,21.9129,5.85277e-05,0.0119712,0.817158,12248.6,0.689173,0.314041,-0.1,0.02,222.406,2.17498e+06,1.16978,0.614185,1.77529,0.671393,-2.57829,nan,0.003,-0.00292496,-0.0504185,-0.00152293,-0.007,-0.00476182,-0.0696867,-4.22683e-07
178,32.7958,1000,0.0361708,1.16667,0,0.212535,1.04127,0.0263332,-0.0109944,21.8945,5.85277e-05,0.0117971,0.816378,12654,0.66712,0.303956,-0.1,0.02,223.379,2.18726e+06,1.23295,0.668617,1.87896,0.70128,-2.70625,nan,0.0045,-0.00282465,-0.0534377,-0.00150508,-0.00689286,-0.00546499,-0.070135,-4.03247e-07
179,33.036,972.583,0.0368472,0.958333,0.0416667,0.214352,1.04339,0.0214876,-0.0109752,21.8781,5.85277e-05,0.00772366,0.815646,11329.5,0.721662,0.362942,-0.1,0.02,224.465,2.19955e+06,1.20673,0.655868,1.83015,0.698302,-2.60335,nan,0.005,-0.00290547,-0.0549432,-0.00150658,-0.00691667,-0.00559371,-0.0690368,-4.10838e-07
180,34.953,1000,0.0372724,0.791667,0,0.213099,1.03579,0.0235187,-0.0109375,21.8619,5.85277e-05,0.00871288,0.814906,12294.9,0.699354,0.300088,-0.1,0.02,225.466,2.21184e+06,1.30364,0.67345,1.87963,0.732191,-2.69781,nan,0.00442105,-0.00308672,-0.0582423,-0.00164335,-0.00821053,-0.00508366,-0.0716131,-4.0843e-07
181,33.471,997,0.0371893,0.875,0.0416667,0.2135,1.03628,0.0204736,-0.0111308,21.845,5.85277e-05,0.0130199,0.814129,12343.9,0.651504,0.343965,-0.1,0.02,226.462,2.22413e+06,1.24398,0.648244,1.87281,0.723858,-2.67683,nan,0.00340909,-0.00304815,-0.0562229,-0.00158544,-0.0035,-0.00487152,-0.0726925,-4.31389e-07
182,33.2206,960.818,0.037443,0.416667,0.0416667,0.213309,1.0344,0.0284957,-0.011004,21.828,5.85277e-05,0.0111978,0.813385,13555.1,0.606464,0.300055,-0.1,0.02,227.37,2.23642e+06,1.21655,0.620833,1.80904,0.705739,-2.55795,nan,0.00381818,-0.00308888,-0.0553059,-0.00156323,-0.00418182,-0.00476955,-0.0680849,-4.18821e-07
183,32.2509,953.4,0.0372616,0.791667,0.0416667,0.211963,1.02724,0.0203407,-0.0114574,21.8114,5.85277e-05,0.0113795,0.812618,13221.5,0.634105,0.295287,-0.1,0.02,228.301,2.2487e+06,1.14153,0.639396,1.79737,0.700712,-2.53431,nan,0.00345,-0.0029043,-0.0554371,-0.00155819,-0.0036,-0.00444657,-0.0676537,-4.01641e-07
184,33.8383,1000,0.0369907,0.416667,0,0.213944,1.04606,0.0214345,-0.0106583,21.7939,5.85277e-05,0.0137766,0.81181,13923.2,0.59128,0.291275,-0.1,0.02,229.185,2.26099e+06,1.24197,0.650819,1.88245,0.714516,-2.6554,nan,0.003,-0.00295071,-0.0554782,-0.00154401,-0.0104,-0.0052615,-0.0698099,-4.02442e-07
185,34.7958,1000,0.0381774,0.833333,0,0.212368,1.01924,0.0295766,-0.0104422,21.7764,5.85277e-05,0.00940553,0.81107,13420.8,0.625554,0.290037,-0.1,0.02,230.101,2.27328e+06,1.26683,0.662556,1.88114,0.71993,-2.65619,nan,0.0042,-0.00298958,-0.0561847,-0.00155191,-0.004,-0.0048256,-0.0691181,-4.07725e-07
186,32.9953,930.462,0.0375849,0.458333,0.0833333,0.214531,1.03718,0.0209193,-0.0113647,21.7603,5.85277e-05,0.0152513,0.810322,12793.5,0.65638,0.304104,-0.1,0.02,231.063,2.28557e+06,1.20558,0.617848,1.74757,0.656875,-2.45453,nan,0.00669231,-0.00288381,-0.0515825,-0.00142038,-0.00261538,-0.0047096,-0.0670651,-4.18085e-07
187,30.0291,909.222,0.0381745,0.333333,0.0416667,0.215084,1.02123,0.0259666,-0.0114428,21.7434,5.85277e-05,0.0123134,0.809572,13124.1,0.648946,0.287346,-0.1,0.02,232.001,2.29786e+06,1.0833,0.586519,1.70109,0.659769,-2.39808,nan,0.00266667,-0.00287459,-0.0520602,-0.00150328,-0.00622222,-0.00500728,-0.0661411,-3.99127e-07
188,33.2729,950,0.0385382,0.708333,0.0416667,0.214575,1.02098,0.0249995,-0.0107453,21.7271,5.85277e-05,0.0117428,0.808864,13657.7,0.612058,0.287653,-0.1,0.02,232.902,2.31014e+06,1.19982,0.618799,1.78934,0.685533,-2.5011,nan,0.0045,-0.00288155,-0.0534383,-0.00148508,-0.00433333,-0.00488467,-0.0662211,-4.0573e-07
189,34.6761,930.875,0.0379408,0.291667,0.0416667,0.2145,1.03545,0.0250699,-0.0104993,21.7109,5.85277e-05,0.00846294,0.808092,13845.6,0.598075,0.289429,-0.1,0.02,233.791,2.32243e+06,1.24001,0.630123,1.75311,0.689472,-2.45027,nan,0.004125,-0.00287376,-0.0537972,-0.00153758,-0.003,-0.00487799,-0.0666777,-4.23154e-07
190,32.4125,949.375,0.0384024,0.625,0.0416667,0.217501,1.0178,0.0241869,-0.0105661,21.6935,5.85277e-05,0.0122247,0.807325,12988.3,0.648678,0.297402,-0.1,0.02,234.738,2.33472e+06,1.12168,0.644701,1.79011,0.6951,-2.50044,nan,0.0046875,-0.0029575,-0.0541129,-0.00153541,-0.006,-0.00516579,-0.0654433,-3.94283e-07
191,33.7026,921.75,0.0375014,0.291667,0.0416667,0.218457,1.02112,0.0191564,-0.0106716,21.6763,5.85277e-05,0.0118259,0.806537,11893.2,0.742406,0.290791,-0.1,0.02,235.772,2.34701e+06,1.20149,0.626175,1.73427,0.643097,-2.39935,nan,0.0075,-0.00270529,-0.0485362,-0.00134019,-0.0065,-0.00400249,-0.0649648,-3.94937e-07
192,37.4654,1000,0.0382736,0.416667,0,0.215041,1.01423,0.0235567,-0.0107726,21.6589,5.85277e-05,0.0125292,0.80578,10462.7,0.848598,0.325864,-0.1,0.02,236.948,2.3593e+06,1.31931,0.677167,1.88415,0.736919,-2.60446,nan,0.0021,-0.00289943,-0.0584573,-0.00159243,-0.0045,-0.00484948,-0.0696227,-3.91993e-07
193,36.1998,1000,0.0373422,0.333333,0,0.220009,1.03402,0.0321505,-0.0111905,21.6433,5.85277e-05,0.0130568,0.805176,12247.1,0.696463,0.306874,-0.1,0.02,237.953,2.37158e+06,1.2504,0.691471,1.8923,0.707744,-2.60376,nan,0.00675,-0.00284117,-0.0543897,-0.00145306,-0.00325,-0.00433437,-0.0686539,-4.00906e-07
194,28.6541,837.154,0.0379399,0.416667,0.125,0.217866,1.02774,0.0294011,-0.0123532,21.63,5.85277e-05,0.0108398,0.80455,13358,0.619692,0.300205,-0.1,0.02,238.874,2.38387e+06,1.00399,0.555736,1.56794,0.598695,-2.17807,nan,0.00623077,-0.00250872,-0.0457876,-0.00128605,-0.00646154,-0.00424616,-0.06153,-3.93294e-07
195,34.0332,973.125,0.0386303,0.291667,0.0416667,0.217204,1.02277,0.0256699,-0.0111875,21.6152,5.85277e-05,0.0120032,0.803859,11903.6,0.68634,0.345952,-0.1,0.02,239.908,2.39616e+06,1.18402,0.630533,1.83144,0.714085,-2.51503,nan,0.003,-0.00291693,-0.0557415,-0.00151821,-0.010625,-0.00524398,-0.0703305,-4.07579e-07
196,31.1979,919.333,0.0389018,0.416667,0.0833333,0.217042,1.01223,0.0287816,-0.0118469,21.5999,5.85277e-05,0.0084454,0.803202,12024.1,0.702227,0.319723,-0.1,0.02,240.931,2.40845e+06,1.06502,0.607985,1.72599,0.671758,-2.39181,nan,0.008,-0.00278731,-0.051883,-0.00143731,-0.00333333,-0.00385294,-0.0637569,-4.07668e-07
197,26.677,672.5,0.0387019,0.0416667,0.0416667,0.217528,1.01658,0.02425,-0.0117757,21.5853,5.85277e-05,0.0108543,0.802543,13382,0.624077,0.294173,-0.1,0.02,241.851,2.42074e+06,1.02436,0.409268,1.2245,0.483035,-1.71985,nan,0.024,-0.00274725,-0.0381136,-0.00104487,-0.012,-0.00430713,-0.0532509,-3.94303e-07
198,36.3442,1000,0.0390859,0.375,0,0.215141,1.02096,0.0241072,-0.0116894,21.5694,5.85277e-05,0.0094461,0.801777,13681.5,0.610849,0.287297,-0.1,0.02,242.75,2.43302e+06,1.25138,0.68055,1.87587,0.719258,-2.5746,nan,0.00666667,-0.00276523,-0.0554119,-0.00146171,-0.00866667,-0.00509155,-0.0685238,-3.91608e-07
199,37.5571,1000,0.0392919,0.25,0,0.215298,1.02268,0.0266297,-0.0108915,21.552,5.85277e-05,0.0110657,0.801032,12761.2,0.686983,0.275932,-0.1,0.02,243.715,2.44531e+06,1.31503,0.672678,1.88539,0.718203,-2.584,nan,0.0065,-0.00277073,-0.054299,-0.00149019,-0.00466667,-0.00485857,-0.0678579,-3.95822e-07
200,37.7909,984,0.0398232,0.291667,0.0833333,0.21392,1.01646,0.0261409,-0.0110128,21.536,5.85277e-05,0.0126147,0.800352,13703.8,0.608827,0.287858,-0.1,0.02,244.613,2.4576e+06,1.30677,0.66107,1.85607,0.716541,-2.51726,nan,0.00866667,-0.00278323,-0.0554255,-0.00149928,-0.00733333,-0.00511868,-0.0701514,-4.28034e-07
201,35.1352,1000,0.0396732,0.416667,0,0.214258,1.01281,0.0237422,-0.0111342,21.5205,5.85277e-05,0.0101111,0.79963,14966.7,0.571468,0.249554,-0.1,0.02,248.325,2.46989e+06,1.20226,0.644386,1.88916,0.7324,-2.57224,nan,0.0027,-0.00279288,-0.0566632,-0.00154576,-0.0083,-0.00516614,-0.0674292,-3.90714e-07
202,34.8516,1000,0.0403187,0.166667,0,0.210582,1.03266,0.0271957,-0.0113249,21.5042,5.85277e-05,0.0165581,0.798923,15619.4,0.53793,0.248782,-0.1,0.02,249.113,2.48218e+06,1.2156,0.659593,1.88395,0.727448,-2.61207,nan,0.00525,-0.00281442,-0.056321,-0.00146928,-0.003,-0.00416084,-0.0694215,-3.96127e-07
203,37.4554,1000,0.0401964,0.25,0,0.21222,1.01761,0.0241733,-0.0112792,21.4884,5.85277e-05,0.0120287,0.798218,15144.5,0.559027,0.252354,-0.1,0.02,249.925,2.49446e+06,1.26302,0.677587,1.88797,0.691796,-2.52468,nan,0.004,-0.0026032,-0.0482772,-0.0013091,-0.00333333,-0.00366499,-0.0677399,-4.00372e-07
204,36.3064,1000,0.0405615,0.375,0,0.211818,1.02167,0.0218026,-0.0108404,21.4722,5.85277e-05,0.011532,0.797479,14352.1,0.556582,0.299601,-0.1,0.02,250.783,2.50675e+06,1.21443,0.666285,1.88755,0.729396,-2.54941,nan,0.00633333,-0.00301861,-0.0562922,-0.00158393,-0.00666667,-0.00475971,-0.0669466,-4.02774e-07
205,36.2112,1000,0.0400024,0.166667,0,0.212181,1.01733,0.020967,-0.0123197,21.4552,5.85277e-05,0.0108198,0.79673,9412.95,0.856771,0.448665,-0.1,0.02,252.09,2.51904e+06,1.19764,0.666849,1.88875,0.730653,-2.53646,nan,0.00075,-0.00292296,-0.0578565,-0.00152877,-0.006,-0.00408107,-0.0652299,-3.88452e-07
206,35.0649,962.143,0.0406608,0.25,0.0416667,0.212536,1.00049,0.0194164,-0.0106856,21.438,5.85277e-05,0.0152865,0.795944,11122.2,0.758653,0.346163,-0.1,0.02,253.197,2.53133e+06,1.18689,0.607928,1.81848,0.709735,-2.44218,nan,0.006,-0.00268456,-0.0545737,-0.00144312,-0.00357143,-0.00434369,-0.0669872,-4.07537e-07
207,37.9923,1000,0.0411712,0.25,0,0.210614,1.01073,0.0216804,-0.011052,21.4201,5.85277e-05,0.0121529,0.795186,11170.3,0.747928,0.352134,-0.1,0.02,254.299,2.54362e+06,1.27272,0.676447,1.89057,0.737458,-2.54319,nan,0.0045,-0.00293575,-0.0568716,-0.00149785,-0.00733333,-0.0046098,-0.0656332,-3.94478e-07
208,37.8063,1000,0.0413954,0.25,0,0.209164,1.00093,0.026471,-0.0108016,21.4038,5.85277e-05,0.0138644,0.79451,9363.6,0.921274,0.391042,-0.1,0.02,255.613,2.5559e+06,1.25862,0.676417,1.89863,0.746054,-2.554,nan,0.003,-0.00279209,-0.0575571,-0.00154949,-0.00533333,-0.00438729,-0.0667872,-3.86125e-07
209,37.2588,945.556,0.0405496,0.333333,0.0416667,0.212595,1.00229,0.0225136,-0.0106303,21.3887,5.85277e-05,0.0123497,0.79383,9771.97,0.894274,0.3632,-0.1,0.02,256.872,2.56819e+06,1.2855,0.632394,1.78551,0.653044,-2.37054,nan,0.00166667,-0.00234044,-0.0476987,-0.00128962,-0.00622222,-0.00401677,-0.063073,-3.98814e-07
210,39.0306,1000,0.0411876,0.583333,0,0.21132,1.00998,0.0206932,-0.0107883,21.3727,5.85277e-05,0.0101561,0.793109,10477.5,0.850336,0.322461,-0.1,0.02,258.046,2.58048e+06,1.28859,0.681506,1.89386,0.739186,-2.51831,nan,0.00257143,-0.00280186,-0.0549992,-0.00149074,-0.00714286,-0.00416452,-0.0652774,-3.82156e-07
211,36.7655,1000,0.0413479,0.666667,0,0.209202,1.01352,0.023753,-0.0108585,21.3567,5.85277e-05,0.013711,0.792433,11058.1,0.738486,0.372731,-0.1,0.02,259.159,2.59277e+06,1.19276,0.677399,1.89077,0.733717,-2.52198,nan,0.003,-0.00278565,-0.0555771,-0.00153459,-0.0066875,-0.00479203,-0.066009,-3.8428e-07
212,36.6665,982.158,0.0411756,0.75,0.0416667,0.212531,1.01586,0.0232,-0.0120619,21.341,5.85277e-05,0.0161408,0.791703,9197.25,0.896133,0.439919,-0.1,0.02,260.496,2.60506e+06,1.18351,0.667859,1.85321,0.71778,-2.45705,nan,0.00410526,-0.00266948,-0.0545191,-0.0014468,-0.00736842,-0.00414726,-0.0659418,-3.90581e-07
213,37.5431,984.867,0.0419331,0.583333,0.0416667,0.20989,1.00474,0.0223419,-0.0115691,21.3245,5.85277e-05,0.0132172,0.791011,9812.14,0.862983,0.389343,-0.1,0.02,261.751,2.61734e+06,1.21406,0.686303,1.86238,0.713918,-2.47575,nan,0.0074,-0.00272362,-0.0540629,-0.0014843,-0.00406667,-0.00365165,-0.0651654,-3.89869e-07
214,39.2582,987.067,0.0413466,0.583333,0.0416667,0.21154,1.02288,0.0223743,-0.0102989,21.3087,5.85277e-05,0.0117044,0.790296,10533.7,0.783356,0.383181,-0.1,0.02,262.921,2.62963e+06,1.29703,0.674344,1.86981,0.709383,-2.45946,nan,0.0036,-0.00256475,-0.0524485,-0.00138247,-0.00413333,-0.00450669,-0.0667651,-3.93428e-07
215,37.1138,1000,0.0421355,0.666667,0,0.209914,0.986201,0.0255124,-0.0113278,21.2922,5.85277e-05,0.0127496,0.789578,9308.99,0.869044,0.450971,-0.1,0.02,264.243,2.64192e+06,1.16856,0.686336,1.88886,0.738134,-2.49488,nan,0.0039375,-0.00276954,-0.0555697,-0.00153193,-0.0051875,-0.00417926,-0.0660141,-3.81823e-07
216,39.3257,1000,0.0423029,0.875,0,0.208534,0.992048,0.0182954,-0.0113838,21.2754,5.85277e-05,0.010484,0.788812,9937.25,0.864162,0.372397,-0.1,0.02,265.481,2.65421e+06,1.26541,0.691912,1.89727,0.736308,-2.49339,nan,0.003,-0.00275144,-0.0558185,-0.00146311,-0.00419048,-0.00452361,-0.0654782,-3.81579e-07
217,39.4125,1000,0.0421909,0.916667,0,0.206771,1.01275,0.0251163,-0.0108491,21.2577,5.85277e-05,0.00875349,0.788043,10129.8,0.903295,0.309756,-0.1,0.02,266.696,2.6665e+06,1.26701,0.69311,1.89568,0.72458,-2.47901,nan,0.00327273,-0.00266579,-0.0543929,-0.00143452,-0.006,-0.00439436,-0.0651324,-3.78035e-07
218,38.7075,952.889,0.0424758,0.708333,0.0416667,0.20751,0.997645,0.0204475,-0.0119936,21.2397,5.85277e-05,0.0122197,0.787209,12487.9,0.688053,0.295942,-0.1,0.02,267.681,2.67878e+06,1.25297,0.65713,1.80192,0.686964,-2.33988,nan,0.002,-0.0025385,-0.0513757,-0.00136865,-0.00422222,-0.00378835,-0.0624321,-3.81117e-07
219,39.2939,985.737,0.0425859,0.75,0.0416667,0.205629,1.00923,0.0236958,-0.0105446,21.2212,5.85277e-05,0.0154727,0.78647,9917.69,0.818549,0.420449,-0.1,0.02,268.922,2.69107e+06,1.24926,0.685407,1.86685,0.718915,-2.42829,nan,0.003,-0.00264814,-0.0540556,-0.00141727,-0.00484211,-0.0037248,-0.0637531,-3.88909e-07
220,39.694,982.632,0.0432402,0.75,0.0416667,0.207062,0.990301,0.0267146,-0.0109389,21.206,5.85277e-05,0.0118166,0.785886,9513.22,0.909126,0.38255,-0.1,0.02,270.217,2.70336e+06,1.29062,0.656246,1.86424,0.720852,-2.41955,nan,0.00521053,-0.00270692,-0.0545591,-0.00148458,-0.006,-0.00369582,-0.0644659,-3.82216e-07
221,38.6966,981,0.0432095,1.08333,0.0833333,0.205326,0.995913,0.0177763,-0.0109775,21.1916,5.85277e-05,0.0128345,0.785158,9838.41,0.921817,0.327165,-0.1,0.02,271.468,2.71565e+06,1.22444,0.668621,1.86018,0.724392,-2.4109,nan,0.00203571,-0.00269618,-0.054675,-0.00143936,-0.00721429,-0.00423932,-0.0636861,-3.88019e-07
222,40.6476,1000,0.0433008,0.708333,0,0.20685,0.994832,0.0183456,-0.0111591,21.1735,5.85277e-05,0.0118352,0.784337,11813.7,0.750436,0.289713,-0.1,0.02,272.509,2.72794e+06,1.3066,0.679491,1.89446,0.743263,-2.45823,nan,0.00264706,-0.00268996,-0.0563657,-0.00151245,-0.00629412,-0.00393547,-0.0650456,-3.76443e-07
223,39.1066,1000,0.0428494,0.791667,0,0.2077,0.983953,0.0241391,-0.0109802,21.1549,5.85277e-05,0.0155469,0.783556,9950.17,0.821305,0.413649,-0.1,0.02,273.745,2.74022e+06,1.2398,0.670735,1.89234,0.735699,-2.45207,nan,0.00331579,-0.0027408,-0.0563612,-0.00148776,-0.00463158,-0.00413533,-0.0651331,-3.79545e-07
224,40.9813,992.857,0.0436402,0.25,0.0416667,0.207313,0.987833,0.0358536,-0.0105865,21.1383,5.85277e-05,0.0074448,0.782908,9316.2,0.931655,0.387337,-0.1,0.02,275.066,2.75251e+06,1.31282,0.670323,1.87975,0.732769,-2.41653,nan,0.00128571,-0.00278183,-0.0551801,-0.00150103,-0.00342857,-0.00436606,-0.064103,-4.18985e-07
225,37.5289,953.81,0.043469,0.791667,0.0833333,0.208673,0.992745,0.0221788,-0.0120504,21.1234,5.85277e-05,0.00885678,0.782216,10934.5,0.822579,0.301202,-0.1,0.02,276.193,2.7648e+06,1.16902,0.664289,1.80489,0.697405,-2.33981,nan,0.00485714,-0.00247256,-0.0510394,-0.00133232,-0.00338095,-0.00337074,-0.0626135,-3.8885e-07
226,40.7757,1000,0.0436449,0.5,0,0.206716,0.986647,0.0201227,-0.011838,21.1072,5.85277e-05,0.0173052,0.78154,12903.7,0.663431,0.288854,-0.1,0.02,277.147,2.77709e+06,1.2947,0.675869,1.89976,0.730248,-2.43272,nan,0.0005,-0.00254526,-0.0541077,-0.00143219,-0.00433333,-0.00366582,-0.0634988,-3.69545e-07
227,39.4926,1000,0.0435276,0.75,0,0.20626,0.993914,0.0171443,-0.0121087,21.0909,5.85277e-05,0.0128421,0.780749,12379.7,0.609363,0.383229,-0.1,0.02,278.141,2.78938e+06,1.22851,0.664223,1.89891,0.742379,-2.42913,nan,0.00133333,-0.00261291,-0.0552371,-0.0014799,-0.00444444,-0.00385379,-0.0639727,-3.71695e-07
228,39.7691,1000,0.0436627,0.416667,0,0.207727,0.988429,0.0223887,-0.0107137,21.0722,5.85277e-05,0.00976988,0.779974,9319.46,0.888494,0.430037,-0.1,0.02,279.461,2.80166e+06,1.20974,0.709216,1.902,0.736608,-2.43825,nan,0.0024,-0.00257819,-0.0544738,-0.00136006,-0.0075,-0.00396307,-0.063386,-3.63313e-07
229,41.4257,1000,0.0438583,0.541667,0,0.207363,0.993995,0.0255766,-0.0108015,21.0563,5.85277e-05,0.018053,0.779397,9826.27,0.857691,0.392834,-0.1,0.02,280.713,2.81395e+06,1.2778,0.690632,1.90232,0.74497,-2.41657,nan,0.00138462,-0.00260595,-0.05477,-0.00144746,-0.00530769,-0.00336595,-0.061754,-3.71936e-07
230,38.0414,954.5,0.0437443,0.458333,0.0416667,0.210323,0.996773,0.0209398,-0.0119554,21.0434,5.85277e-05,0.0137362,0.778808,11034.5,0.778327,0.335267,-0.1,0.02,281.828,2.82624e+06,1.15832,0.661209,1.81106,0.699433,-2.30032,nan,0.00075,-0.00240554,-0.0529096,-0.00136382,-0.00683333,-0.00359117,-0.0612744,-3.66849e-07
231,40.2412,973.6,0.0434565,0.375,0.0416667,0.212375,0.991356,0.0233691,-0.0120036,21.0286,5.85277e-05,0.0108881,0.778136,11439.1,0.673957,0.400253,-0.1,0.02,282.904,2.83853e+06,1.23967,0.679949,1.84697,0.703698,-2.3344,nan,0.0024,-0.0024981,-0.051656,-0.00133933,-0.004,-0.00364149,-0.0631003,-3.92037e-07
232,42.6708,1000,0.0440287,0.666667,0,0.21221,0.98369,0.0234577,-0.0107364,21.0126,5.85277e-05,0.00989906,0.77741,9336.56,0.907406,0.408711,-0.1,0.02,284.222,2.85082e+06,1.32436,0.688468,1.89957,0.749375,-2.40154,nan,0.003,-0.00268987,-0.0555359,-0.00146526,-0.003125,-0.00324341,-0.0636382,-3.72276e-07
233,43.5958,1000,0.0439198,0.208333,0,0.214633,0.97264,0.0199661,-0.0115168,20.9952,5.85277e-05,0.0146733,0.77665,9921.62,0.835163,0.403345,-0.1,0.02,285.462,2.8631e+06,1.36682,0.693614,1.8995,0.750144,-2.40542,nan,0.0024,-0.00253389,-0.0530321,-0.001477,-0.0032,-0.00354466,-0.0634766,-3.70652e-07
234,40.0527,940.6,0.043856,0.375,0.0416667,0.212862,0.987367,0.0231857,-0.0102365,20.9776,5.85277e-05,0.0139699,0.775896,10067.8,0.894954,0.325571,-0.1,0.02,286.684,2.87539e+06,1.26074,0.648905,1.77762,0.703062,-2.26428,nan,0.0057,-0.00271415,-0.0523462,-0.00138983,-0.006,-0.00385924,-0.0628045,-3.95648e-07
235,42.1536,1000,0.0444693,0.416667,0,0.212295,0.981174,0.0226252,-0.0107399,20.9603,5.85277e-05,0.0148905,0.775162,12689.3,0.652213,0.316159,-0.1,0.02,287.654,2.88768e+06,1.29137,0.688584,1.90151,0.752169,-2.40184,nan,0.0033,-0.0025054,-0.0538481,-0.00143019,-0.0032,-0.00416251,-0.0622634,-3.56421e-07
236,40.7307,978.182,0.0442242,0.416667,0.0416667,0.21157,0.978704,0.0232759,-0.0114299,20.943,5.85277e-05,0.0133226,0.774395,9747.03,0.856571,0.404121,-0.1,0.02,288.916,2.89997e+06,1.25143,0.675878,1.85257,0.726198,-2.34354,nan,0.00354545,-0.00268139,-0.0536837,-0.00145686,-0.004,-0.00362439,-0.0640901,-3.97355e-07
237,42.4202,1000,0.0442694,0.458333,0,0.210815,0.98566,0.0196055,-0.0111592,20.9249,5.85277e-05,0.0114416,0.773616,9086.23,0.952783,0.399593,-0.1,0.02,290.27,2.91226e+06,1.26673,0.725024,1.90228,0.729461,-2.37917,nan,0.00218182,-0.00238469,-0.0534511,-0.00136946,-0.00254545,-0.00350523,-0.062245,-3.61195e-07
238,40.9765,1000,0.0447676,0.333333,0,0.20997,0.981013,0.0178302,-0.0115879,20.9069,5.85277e-05,0.0144601,0.772846,7699.6,1.11336,0.48257,-0.1,0.02,291.867,2.92454e+06,1.22139,0.703951,1.90169,0.715607,-2.37009,nan,0.00375,-0.00244522,-0.0500429,-0.00129639,-0.00625,-0.00463315,-0.0628051,-3.61298e-07
239,44.0791,1000,0.0448848,0.208333,0,0.212392,0.966518,0.0240043,-0.0120441,20.8898,5.85277e-05,0.0171646,0.772166,11912.5,0.716045,0.315476,-0.1,0.02,292.9,2.93683e+06,1.34794,0.709715,1.89795,0.746401,-2.36853,nan,0.0024,-0.00274434,-0.0542526,-0.00148297,-0.0056,-0.00368277,-0.0641636,-3.75408e-07
240,37.3602,851.875,0.0446059,0.25,0.0833333,0.214483,0.980157,0.0207349,-0.0123116,20.8744,5.85277e-05,0.0087347,0.771526,13029,0.63841,0.304718,-0.1,0.02,293.845,2.94912e+06,1.15739,0.586454,1.60541,0.62107,-2.00144,nan,0.0075,-0.00221804,-0.0448883,-0.00116734,-0.0025,-0.00299874,-0.0545973,-3.67032e-07
241,42.5658,1000,0.0448495,0.375,0,0.213104,0.980182,0.0171707,-0.0112064,20.859,5.85277e-05,0.0118654,0.770825,8742.54,0.859465,0.546076,-0.1,0.02,295.252,2.96141e+06,1.24427,0.714789,1.89998,0.752364,-2.35306,nan,0.00166667,-0.0024337,-0.0545466,-0.00144638,-0.00733333,-0.00468778,-0.0612731,-3.56706e-07
242,42.5944,1000,0.0451334,0.333333,0,0.211696,0.969805,0.0185208,-0.0115244,20.8413,5.85277e-05,0.0193917,0.770007,8416.33,1.03765,0.422365,-0.1,0.02,296.713,2.9737e+06,1.26568,0.716244,1.9058,0.745467,-2.37386,nan,0.001125,-0.00257068,-0.0552034,-0.00142238,-0.007,-0.0036443,-0.0608981,-3.54168e-07
243,42.3458,1000,0.0450521,0.333333,0,0.211126,0.97515,0.0265873,-0.0108326,20.8223,5.85277e-05,0.0158859,0.769241,9699.25,0.877136,0.389766,-0.1,0.02,297.982,2.98598e+06,1.2993,0.686623,1.89747,0.725,-2.36532,nan,0,-0.00238993,-0.0522786,-0.00138821,-0.003,-0.00327601,-0.0634532,-3.62571e-07
244,36.3585,868.667,0.0455229,0.0833333,0.0416667,0.211539,0.967102,0.0221373,-0.0114253,20.8053,5.85277e-05,0.0122149,0.768552,8106.08,1.02937,0.486525,-0.1,0.02,299.499,2.99827e+06,1.05331,0.589415,1.63691,0.652672,-2.00607,nan,0.007,-0.00236043,-0.0461058,-0.00114356,-0.00266667,-0.00321598,-0.0598209,-4.45635e-07
245,44.2785,1000,0.045795,0.333333,0,0.209442,0.960073,0.0231626,-0.010704,20.7888,5.85277e-05,0.00925373,0.76781,8713.11,0.981796,0.428493,-0.1,0.02,300.911,3.01056e+06,1.31436,0.697617,1.90658,0.745043,-2.32179,nan,0.00075,-0.00252882,-0.0533168,-0.00142398,-0.006,-0.00455254,-0.0608151,-3.58622e-07
246,43.2059,1000,0.0458391,0.375,0,0.20617,0.977591,0.0229443,-0.0112856,20.7717,5.85277e-05,0.0152465,0.767128,10381.2,0.819683,0.364,-0.1,0.02,302.096,3.02285e+06,1.30679,0.678368,1.90727,0.743655,-2.34942,nan,0.001,-0.00251884,-0.0536398,-0.00138585,-0.00511111,-0.00394316,-0.060771,-3.53438e-07
247,43.8495,1000,0.0458294,0.0833333,0,0.208267,0.971296,0.0205768,-0.0117936,20.7557,5.85277e-05,0.018586,0.766422,9674.81,0.818569,0.451533,-0.1,0.02,303.368,3.03514e+06,1.37443,0.621264,1.89545,0.742404,-2.32655,nan,0.0135,-0.00260722,-0.0544804,-0.00137098,-0.006,-0.00402772,-0.0595404,-3.68464e-07
248,44.4429,1000,0.045837,0.458333,0,0.208909,0.980704,0.0218508,-0.0112492,20.7394,5.85277e-05,0.00926531,0.765775,8230.86,1.02312,0.469793,-0.1,0.02,304.862,3.04742e+06,1.32014,0.704474,1.90869,0.749798,-2.33225,nan,0.00163636,-0.00260818,-0.0556828,-0.00141834,-0.00618182,-0.00372068,-0.0607208,-3.53822e-07
249,37.7726,835.333,0.046266,0.0833333,0.0416667,0.207664,0.973394,0.0167866,-0.0123225,20.7236,5.85277e-05,0.0130673,0.765038,9009.5,0.992437,0.371457,-0.1,0.02,306.228,3.05971e+06,1.07132,0.614437,1.57774,0.626113,-1.89682,nan,0.006,-0.00228754,-0.0442873,-0.00130121,-0.00533333,-0.0024238,-0.0545184,-3.96245e-07
250,44.8115,1000,0.0465534,0.291667,0,0.20797,0.956936,0.0226359,-0.0109325,20.7061,5.85277e-05,0.00663084,0.764323,12058.7,0.707329,0.311688,-0.1,0.02,307.248,3.072e+06,1.34979,0.701576,1.90886,0.724545,-2.31852,nan,0.00171429,-0.00236368,-0.0522679,-0.0012895,-0.00685714,-0.00359308,-0.0610136,-3.52555e-07
251,42.7813,983.636,0.0467255,0.416667,0.0416667,0.204641,0.976194,0.01766,-0.0117223,20.6885,5.85277e-05,0.0106455,0.763512,13217.6,0.612975,0.316693,-0.1,0.02,308.179,3.08429e+06,1.25549,0.686034,1.86646,0.717037,-2.26023,nan,0.00381818,-0.00247282,-0.0508296,-0.00136081,-0.00872727,-0.00405601,-0.0621007,-3.91107e-07
252,43.5196,1000,0.0466336,0.583333,0,0.204632,0.982647,0.019628,-0.0106216,20.6692,5.85277e-05,0.012429,0.762726,8564.36,1.03497,0.399811,-0.1,0.02,309.615,3.09658e+06,1.23533,0.71461,1.90794,0.739654,-2.29965,nan,0.00171429,-0.00255513,-0.053276,-0.00135389,-0.004,-0.00317523,-0.0592523,-3.49671e-07
253,44.6194,1000,0.0470892,0.875,0,0.205049,0.967158,0.0163272,-0.0111757,20.6514,5.85277e-05,0.0144281,0.761983,9304.38,0.932005,0.388663,-0.1,0.02,310.938,3.10886e+06,1.28316,0.719662,1.9062,0.749304,-2.30223,nan,0.00114286,-0.00257665,-0.0542297,-0.00137837,-0.00466667,-0.0039691,-0.0594459,-3.55035e-07
254,43.8899,1000,0.0468599,0.625,0,0.204325,0.971902,0.0241913,-0.0099051,20.6346,5.85277e-05,0.0102712,0.761339,10482.8,0.85264,0.319567,-0.1,0.02,312.112,3.12115e+06,1.25577,0.718494,1.90698,0.739992,-2.30489,nan,0.0002,-0.0022586,-0.0523523,-0.00135073,-0.00346667,-0.00348382,-0.0591338,-3.42903e-07
255,41.2848,949.375,0.0474596,0.583333,0.0833333,0.204249,0.964164,0.020968,-0.0107271,20.6194,5.85277e-05,0.0115574,0.760661,13212.7,0.638521,0.291496,-0.1,0.02,313.044,3.13344e+06,1.17412,0.677998,1.80216,0.710872,-2.18253,nan,0.004875,-0.00242207,-0.0512981,-0.00131957,-0.00575,-0.00365736,-0.0588103,-3.82224e-07
256,45.6135,1000,0.0475428,0.666667,0,0.203959,0.955121,0.0209048,-0.0107706,20.6023,5.85277e-05,0.0127911,0.7599,13008.1,0.649203,0.295441,-0.1,0.02,313.989,3.14573e+06,1.30262,0.724918,1.90707,0.745538,-2.27981,nan,0.00375,-0.00238046,-0.0527961,-0.00135379,-0.00375,-0.00347833,-0.0596591,-3.47492e-07
257,44.4698,1000,0.0474258,0.625,0,0.207307,0.958289,0.0256485,-0.0111395,20.5852,5.85277e-05,0.0102931,0.759252,13882.5,0.603146,0.281995,-0.1,0.02,314.876,3.15802e+06,1.27195,0.718117,1.91056,0.742282,-2.29602,nan,0.0022,-0.00240615,-0.0526215,-0.00131721,-0.0064,-0.00377025,-0.0590886,-3.47528e-07
258,44.4115,990.75,0.0472182,0.958333,0.0416667,0.205355,0.971664,0.02124,-0.0111732,20.5704,5.85277e-05,0.0117372,0.758626,13836.1,0.607767,0.280346,-0.1,0.02,315.765,3.1703e+06,1.2608,0.720953,1.88873,0.732211,-2.25949,nan,0.001875,-0.00235147,-0.052383,-0.00125941,-0.00625,-0.00346225,-0.0587951,-3.546e-07
259,41.2289,955.684,0.0474845,0.75,0.0416667,0.20579,0.970293,0.0218929,-0.0104209,20.5557,5.85277e-05,0.0101462,0.758037,13460.2,0.630897,0.282018,-0.1,0.02,316.679,3.18259e+06,1.17388,0.65365,1.82052,0.71728,-2.18238,nan,0.00252632,-0.00247508,-0.0534683,-0.00130968,-0.00605263,-0.00314009,-0.0575812,-3.55959e-07
260,41.6026,931.375,0.0475116,0.583333,0.0833333,0.205069,0.963174,0.0207761,-0.0109649,20.5416,5.85277e-05,0.0106558,0.757416,13716,0.605579,0.29031,-0.1,0.02,317.576,3.19488e+06,1.18787,0.65449,1.77155,0.694139,-2.11038,nan,0.002625,-0.00225803,-0.0488164,-0.00122384,-0.0075,-0.00359238,-0.05677,-3.62024e-07
261,45.2168,1000,0.0474689,1,0,0.208249,0.959771,0.0169695,-0.0107132,20.5249,5.85277e-05,0.00945995,0.756615,13741.6,0.609024,0.285195,-0.1,0.02,318.472,3.20717e+06,1.29176,0.700758,1.90636,0.748401,-2.26365,nan,0.001375,-0.00237351,-0.0529035,-0.00134016,-0.005625,-0.00326575,-0.0586547,-3.45224e-07
262,45.1603,974.783,0.0478711,0.916667,0.0416667,0.204338,0.968066,0.0180009,-0.0113546,20.505,5.85277e-05,0.0142811,0.755792,13525.8,0.627705,0.280782,-0.1,0.02,319.382,3.21946e+06,1.29945,0.702942,1.85701,0.723414,-2.20472,nan,0.00182609,-0.00228606,-0.0507762,-0.00125827,-0.00634783,-0.00315054,-0.0580881,-3.51842e-07
263,44.7632,1000,0.0481187,0.916667,0,0.204128,0.962616,0.0192134,-0.0118132,20.4866,5.85277e-05,0.0100851,0.755073,12491.8,0.691865,0.291823,-0.1,0.02,320.367,3.23174e+06,1.24263,0.712626,1.90852,0.75153,-2.25441,nan,0.00245455,-0.00238133,-0.053382,-0.00133059,-0.00490909,-0.00362923,-0.0595676,-3.48523e-07
264,45.6521,1000,0.0480602,0.791667,0,0.205007,0.963835,0.0193926,-0.0112718,20.4692,5.85277e-05,0.0160875,0.75432,13593.5,0.620739,0.283222,-0.1,0.02,321.272,3.24403e+06,1.26938,0.724501,1.90999,0.751466,-2.25073,nan,0.00126316,-0.00237564,-0.0534191,-0.00132916,-0.00463158,-0.00331982,-0.0581775,-3.45391e-07
265,46.771,1000,0.0484955,0.541667,0,0.205086,0.950465,0.0238009,-0.0111925,20.4523,5.85277e-05,0.00976131,0.753701,13299.3,0.626926,0.297029,-0.1,0.02,322.197,3.25632e+06,1.35668,0.709527,1.90477,0.745404,-2.25971,nan,0.00138462,-0.00235031,-0.0523501,-0.00131799,-0.00384615,-0.00273156,-0.0569103,-3.42447e-07
266,45.5033,1000,0.0483253,0.625,0,0.20586,0.955276,0.0268335,-0.010609,20.4381,5.85277e-05,0.0111016,0.753104,13792.9,0.60773,0.28316,-0.1,0.02,323.089,3.26861e+06,1.27508,0.719483,1.90923,0.73851,-2.24962,nan,0.0014,-0.00232866,-0.0513492,-0.00125871,-0.00346667,-0.00273579,-0.0577757,-3.35e-07
267,41.918,899.929,0.0476154,0.5,0.0833333,0.206404,0.967752,0.0305289,-0.00991721,20.4241,5.85277e-05,0.0100518,0.752554,13664.8,0.604044,0.295202,-0.1,0.02,323.99,3.2809e+06,1.19591,0.636282,1.71077,0.682009,-2.01925,nan,0.00514286,-0.00220487,-0.0475825,-0.0011949,-0.00585714,-0.00369105,-0.0544412,-3.53834e-07
268,41.047,894.733,0.0484036,0.541667,0.0833333,0.204288,0.955677,0.0198162,-0.0109801,20.4105,5.85277e-05,0.0153362,0.751921,13928.4,0.602586,0.279637,-0.1,0.02,324.873,3.29318e+06,1.16057,0.646115,1.70147,0.647954,-1.99932,nan,0.0048,-0.00211243,-0.0445979,-0.00115259,-0.0038,-0.00316783,-0.0544068,-3.63721e-07
269,45.2642,1000,0.0488042,0.583333,0,0.203026,0.963897,0.0202423,-0.0119102,20.3948,5.85277e-05,0.0144252,0.751267,13210.4,0.643726,0.286451,-0.1,0.02,325.805,3.30547e+06,1.24774,0.716391,1.90668,0.740952,-2.22911,nan,0.00128571,-0.00213741,-0.0510436,-0.00127492,-0.00492857,-0.00343805,-0.0579046,-3.38186e-07
270,47.2116,1000,0.0484723,0.416667,0,0.205035,0.965192,0.0188877,-0.0126318,20.3785,5.85277e-05,0.0159265,0.750549,13035.3,0.642953,0.299719,-0.1,0.02,326.749,3.31776e+06,1.32702,0.742928,1.91156,0.731745,-2.23541,nan,0.0018,-0.00222581,-0.0503325,-0.0012138,-0.0054,-0.0031347,-0.0567557,-3.33562e-07
271,46.3712,1000,0.0490171,0.541667,0,0.204871,0.962569,0.0209463,-0.0112442,20.3617,5.85277e-05,0.00695843,0.7499,12793.2,0.650436,0.310076,-0.1,0.02,327.71,3.33005e+06,1.29771,0.719392,1.91067,0.73776,-2.2284,nan,0.00138462,-0.00228191,-0.0507021,-0.001246,-0.00446154,-0.00336525,-0.0578963,-3.42573e-07
272,43.1792,938.308,0.0487281,0.5,0.0416667,0.206455,0.936945,0.02497,-0.0107126,20.3471,5.85277e-05,0.0122103,0.749326,12443.9,0.701687,0.285788,-0.1,0.02,328.699,3.34234e+06,1.22984,0.657531,1.78637,0.684956,-2.08858,nan,0.00346154,-0.00218351,-0.0472549,-0.00118074,-0.00584615,-0.00277604,-0.055384,-3.48448e-07
273,42.0928,930.833,0.0491941,0.458333,0.0416667,0.204775,0.946447,0.0192381,-0.0107916,20.333,5.85277e-05,0.0121522,0.748703,12887.9,0.664071,0.289382,-0.1,0.02,329.654,3.35462e+06,1.10841,0.679619,1.77311,0.709215,-2.05219,nan,0.00375,-0.00223935,-0.0509147,-0.00123418,-0.00383333,-0.00358146,-0.0554777,-3.47482e-07
274,44.6938,1000,0.0492035,0.541667,0,0.204383,0.955531,0.019299,-0.0124115,20.3171,5.85277e-05,0.0138712,0.74802,13465.9,0.622048,0.290476,-0.1,0.02,330.567,3.36691e+06,1.22524,0.7002,1.91222,0.733862,-2.21782,nan,0.000230769,-0.00222314,-0.0510406,-0.00130245,-0.00384615,-0.00317034,-0.0576616,-3.36536e-07
275,46.7947,1000,0.04919,0.208333,0,0.204745,0.962197,0.0203807,-0.011307,20.3,5.85277e-05,0.0154651,0.747266,12611,0.670956,0.303434,-0.1,0.02,331.543,3.3792e+06,1.27623,0.722613,1.91618,0.760868,-2.21712,nan,0.0006,-0.00225517,-0.0554202,-0.00133155,-0.0016,-0.00261168,-0.0564233,-3.17206e-07
276,47.2376,1000,0.0489942,0.416667,0,0.207095,0.959445,0.0177684,-0.0112263,20.2814,5.85277e-05,0.0107673,0.746519,13272.1,0.635871,0.289981,-0.1,0.02,332.47,3.39149e+06,1.32456,0.713953,1.90839,0.740665,-2.20701,nan,0.0009,-0.00217254,-0.0521592,-0.00128507,-0.0036,-0.00319734,-0.0571656,-3.38181e-07
277,47.2367,1000,0.0494746,0.458333,0,0.206174,0.958651,0.016408,-0.00987743,20.2643,5.85277e-05,0.0128945,0.745837,13191.1,0.637837,0.293701,-0.1,0.02,333.403,3.40378e+06,1.31754,0.720451,1.91236,0.741751,-2.21511,nan,0.00272727,-0.00230615,-0.0511118,-0.00129982,-0.004,-0.00293621,-0.0562305,-3.36978e-07
278,46.1288,1000,0.0498805,0.416667,0,0.202981,0.958201,0.0175091,-0.0107772,20.2474,5.85277e-05,0.00902153,0.745116,12972.8,0.64759,0.299626,-0.1,0.02,334.352,3.41606e+06,1.23757,0.723719,1.91276,0.754074,-2.20266,nan,0.0009,-0.00221827,-0.0521891,-0.00126064,-0.0052,-0.00274561,-0.0563064,-3.32706e-07
279,46.1923,1000,0.0497706,0.583333,0,0.205729,0.957536,0.021926,-0.0111287,20.231,5.85277e-05,0.0112347,0.744498,13060.9,0.655615,0.285205,-0.1,0.02,335.294,3.42835e+06,1.22323,0.728804,1.9059,0.754979,-2.18568,nan,0.00278571,-0.00236668,-0.0526221,-0.001282,-0.004,-0.00313576,-0.0569914,-3.38427e-07
280,47.0854,1000,0.049668,0.125,0,0.206822,0.951671,0.0182142,-0.0106049,20.2159,5.85277e-05,0.0192227,0.743852,13150.6,0.635223,0.299186,-0.1,0.02,336.229,3.44064e+06,1.33255,0.695239,1.91324,0.71353,-2.19085,nan,0.001,-0.00198014,-0.0459992,-0.00112396,-0.004,-0.00267411,-0.0546724,-3.25327e-07
281,47.104,1000,0.0501557,0.416667,0,0.206479,0.954872,0.0200982,-0.0117779,20.1997,5.85277e-05,0.01349,0.743168,13104.2,0.623616,0.3141,-0.1,0.02,337.168,3.45293e+06,1.28084,0.727878,1.91388,0.747517,-2.19651,nan,0.0021,-0.0022749,-0.0529122,-0.00128185,-0.0058,-0.00314102,-0.0550955,-3.28488e-07
282,47.4448,1000,0.0503852,0.25,0,0.206102,0.957826,0.0270334,-0.00945178,20.184,5.85277e-05,0.00844198,0.742582,12251.8,0.690557,0.312397,-0.1,0.02,338.173,3.46522e+06,1.30232,0.691202,1.90715,0.760375,-2.17331,nan,0.001,-0.0023938,-0.0525462,-0.0013334,0,-0.00273665,-0.0575003,-3.42345e-07
283,49.3923,988.667,0.0497425,0.333333,0.0416667,0.209625,0.963718,0.0228917,-0.0111496,20.1705,5.85277e-05,0.00869915,0.742045,12456.5,0.685684,0.300786,-0.1,0.02,339.161,3.4775e+06,1.34852,0.751027,1.88909,0.720374,-2.12958,nan,0.00266667,-0.0021459,-0.0485454,-0.00120601,-0.00177778,-0.00229082,-0.0565187,-3.60873e-07
284,46.7759,964.545,0.0502627,0.416667,0.0416667,0.208392,0.945218,0.0210073,-0.0111409,20.1572,5.85277e-05,0.00728029,0.741479,8216.74,1.03396,0.461524,-0.1,0.02,340.658,3.48979e+06,1.24461,0.718651,1.84289,0.725955,-2.08094,nan,0.00354545,-0.00214644,-0.050321,-0.00121084,-0.00445455,-0.00277101,-0.055011,-3.49245e-07
285,49.0088,1000,0.0503127,0.166667,0,0.207745,0.941804,0.0239156,-0.0101557,20.1426,5.85277e-05,0.0118367,0.740845,7289.22,1.1509,0.534879,-0.1,0.02,342.346,3.50208e+06,1.32596,0.733358,1.90596,0.754513,-2.1535,nan,0,-0.00224594,-0.0534972,-0.0013069,-0.001,-0.00197998,-0.0558196,-3.39672e-07
286,48.9445,1000,0.0496438,0.166667,0,0.211713,0.958037,0.0218666,-0.0106014,20.1273,5.85277e-05,0.0108562,0.740227,7076.23,1.23941,0.497107,-0.1,0.02,344.084,3.51437e+06,1.32371,0.735886,1.91526,0.763605,-2.17804,nan,0.00075,-0.0021608,-0.0522653,-0.00125573,-0.003,-0.00183361,-0.0534268,-3.21323e-07
287,44.2267,900.111,0.0499131,0.333333,0.0416667,0.209749,0.957574,0.0292738,-0.0112071,20.1126,5.85277e-05,0.0103995,0.739642,7395.53,1.27901,0.382538,-0.1,0.02,345.748,3.52666e+06,1.19019,0.666173,1.71483,0.683832,-1.94086,nan,0.004,-0.00218895,-0.0468589,-0.00119465,-0.00222222,-0.00153692,-0.0528347,-3.43956e-07
288,44.9621,911.375,0.0498731,0.25,0.0833333,0.207825,0.969491,0.024078,-0.0104168,20.0984,5.85277e-05,0.0133689,0.739048,9423.13,0.83701,0.467016,-0.1,0.02,347.053,3.53894e+06,1.20465,0.684513,1.73115,0.689891,-1.96026,nan,0.009,-0.00225174,-0.048111,-0.0011707,-0.004,-0.0022063,-0.0531077,-3.85482e-07
289,49.2167,1000,0.0504635,0.291667,0,0.206791,0.959498,0.0270092,-0.0110607,20.0836,5.85277e-05,0.0152617,0.738431,9246.92,0.945184,0.383691,-0.1,0.02,348.384,3.55123e+06,1.30188,0.731341,1.91568,0.76706,-2.13776,nan,0.00128571,-0.00211736,-0.0538385,-0.0012666,-0.00342857,-0.00281846,-0.0551845,-3.13457e-07
290,46.2333,1000,0.0513371,0.291667,0,0.203446,0.955774,0.0195913,-0.00995616,20.0675,5.85277e-05,0.0129898,0.737715,8942.53,0.958316,0.415791,-0.1,0.02,349.76,3.56352e+06,1.18233,0.729076,1.91405,0.749844,-2.15156,nan,0.000428571,-0.0021324,-0.0520147,-0.00123906,-0.00114286,-0.00234328,-0.0536319,-3.1416e-07
291,47.7343,1000,0.0506688,0.125,0,0.204848,0.956068,0.0219969,-0.0107007,20.0502,5.85277e-05,0.00950091,0.737047,8747.06,0.956763,0.448052,-0.1,0.02,351.166,3.57581e+06,1.23227,0.747947,1.9107,0.759736,-2.14866,nan,0,-0.00239489,-0.0535452,-0.00136446,0,-0.00216028,-0.0558141,-3.43e-07
292,48.6376,994.7,0.051235,0.375,0.0416667,0.20553,0.960619,0.0251788,-0.00988596,20.0349,5.85277e-05,0.0125222,0.736472,9164.36,0.939786,0.401061,-0.1,0.02,352.509,3.5881e+06,1.28377,0.736475,1.89655,0.751996,-2.12384,nan,0.0042,-0.0022575,-0.0508291,-0.00122909,-0.0044,-0.00222747,-0.0563351,-3.5492e-07
293,47.8907,991.833,0.051311,0.458333,0.0416667,0.204012,0.961787,0.0197484,-0.0116437,20.0203,5.85277e-05,0.0158603,0.735818,9769.71,0.891394,0.366371,-0.1,0.02,353.768,3.60038e+06,1.2561,0.715841,1.89351,0.754987,-2.11345,nan,0.00275,-0.00219876,-0.0532332,-0.00123082,-0.00133333,-0.00232774,-0.0548781,-3.4239e-07
294,49.0276,1000,0.0512598,0.625,0,0.202502,0.956488,0.0258854,-0.0115633,20.0039,5.85277e-05,0.0155923,0.735168,10609.6,0.770419,0.387773,-0.1,0.02,354.928,3.61267e+06,1.29521,0.725784,1.91535,0.751306,-2.12186,nan,0.0006,-0.00220792,-0.0516206,-0.00121754,-0.00333333,-0.00207668,-0.0545491,-3.27917e-07
295,49.4078,1000,0.0514068,0.791667,0,0.200899,0.95846,0.0164833,-0.0116113,19.987,5.85277e-05,0.00917831,0.734412,6922.1,1.15098,0.624202,-0.1,0.02,356.705,3.62496e+06,1.32706,0.729383,1.91302,0.735473,-2.12481,nan,0.00205263,-0.00212454,-0.0500902,-0.00117408,-0.000947368,-0.00185492,-0.0555895,-3.26333e-07
296,49.0957,1000,0.0520238,0.541667,0,0.199033,0.9501,0.0157352,-0.0111987,19.9685,5.85277e-05,0.0102976,0.733692,8417.53,1.04572,0.41409,-0.1,0.02,358.167,3.63725e+06,1.30165,0.711949,1.91693,0.768682,-2.12837,nan,0.000230769,-0.00222428,-0.0523896,-0.00127453,-0.00338462,-0.00247655,-0.054538,-3.2225e-07
297,48.9123,1000,0.0519038,0.5,0,0.199859,0.961313,0.016201,-0.0112004,19.9507,5.85277e-05,0.0120117,0.732932,9306.29,0.901548,0.41885,-0.1,0.02,359.489,3.64954e+06,1.28055,0.726997,1.91582,0.764923,-2.12699,nan,0.0005,-0.00215442,-0.0527938,-0.00127494,-0.00366667,-0.00203456,-0.0542633,-3.18144e-07
298,49.5599,1000,0.0527292,0.666667,0,0.196032,0.932353,0.0190908,-0.0102344,19.9324,5.85277e-05,0.00961905,0.732241,8790.64,1.00465,0.393205,-0.1,0.02,360.889,3.66182e+06,1.31341,0.715455,1.91354,0.755119,-2.1065,nan,0.00075,-0.00206489,-0.0505047,-0.00122574,-0.0029375,-0.00289672,-0.054154,-3.14099e-07
299,49.8067,1000,0.0529356,0.75,0,0.197774,0.925385,0.0255354,-0.00996146,19.9166,5.85277e-05,0.00942242,0.731661,8735.19,1.01905,0.38767,-0.1,0.02,362.297,3.67411e+06,1.3002,0.736093,1.91577,0.756153,-2.10549,nan,0.000666667,-0.00211984,-0.0499303,-0.0012579,-0.00422222,-0.00259057,-0.0529372,-3.17921e-07
300,48.8955,969.64,0.0524773,1,0.0416667,0.197953,0.941588,0.0214156,-0.011869,19.9023,5.85277e-05,0.0138921,0.731049,9191.43,0.891382,0.445516,-0.1,0.02,363.635,3.6864e+06,1.28983,0.712845,1.8556,0.743104,-2.04713,nan,0.00144,-0.00215154,-0.0510392,-0.00122776,-0.00192,-0.00187111,-0.0527039,-3.23669e-07
301,51.6415,1000,0.0529119,0.75,0,0.196874,0.937423,0.016849,-0.0111158,19.8859,5.85277e-05,0.0175527,0.730311,11862.6,0.752623,0.283236,-0.1,0.02,367.997,3.69869e+06,1.35836,0.74204,1.91976,0.762096,-2.0895,nan,0.000333333,-0.00202804,-0.049603,-0.00113844,-0.00333333,-0.00250462,-0.0524036,-3.09807e-07
302,50.3829,1000,0.0535485,0.541667,0,0.195456,0.924367,0.018888,-0.0113486,19.8676,5.85277e-05,0.0143074,0.729613,12406.2,0.67552,0.314956,-0.1,0.02,368.989,3.71098e+06,1.30666,0.747278,1.91911,0.744517,-2.09063,nan,0,-0.00196999,-0.0480215,-0.0011599,-0.00369231,-0.00197439,-0.0509708,-3.00255e-07
303,49.5723,1000,0.0532954,1.08333,0,0.197322,0.943484,0.0193314,-0.0109629,19.8507,5.85277e-05,0.0136,0.728918,9048.55,0.827189,0.530819,-0.1,0.02,370.348,3.72326e+06,1.28459,0.725839,1.91701,0.756082,-2.09284,nan,0.000230769,-0.00207024,-0.0509425,-0.0011931,-0.00288462,-0.00241044,-0.0528086,-3.12863e-07
304,48.8739,993.69,0.0532113,1.16667,0.0416667,0.197902,0.929863,0.0142695,-0.0110375,19.8328,5.85277e-05,0.00913048,0.72816,8046.9,1.13255,0.394493,-0.1,0.02,371.876,3.73555e+06,1.26289,0.722413,1.90513,0.750229,-2.08679,nan,0.00175862,-0.00209185,-0.0509807,-0.00120375,-0.00262069,-0.00210699,-0.0529236,-3.14405e-07
305,50.2426,1000,0.0529344,0.666667,0,0.198704,0.945431,0.0271827,-0.00974158,19.8157,5.85277e-05,0.01077,0.727603,8636.12,0.974795,0.448066,-0.1,0.02,373.301,3.74784e+06,1.2989,0.738073,1.9172,0.762082,-2.08954,nan,0.00075,-0.00215111,-0.0519095,-0.001229,-0.00475,-0.00242339,-0.0528749,-3.15951e-07
306,48.2375,951.316,0.0529425,0.75,0.0416667,0.202618,0.937025,0.0167966,-0.0107871,19.8027,5.85277e-05,0.0139158,0.727054,9825.46,0.905236,0.345393,-0.1,0.02,374.553,3.76013e+06,1.22848,0.719954,1.82185,0.730113,-1.98132,nan,0.00126316,-0.0020003,-0.0492342,-0.00116728,-0.00315789,-0.0023801,-0.0505152,-3.12098e-07
307,53.0492,1000,0.0528961,0.416667,0,0.204125,0.934439,0.0181638,-0.0108627,19.7873,5.85277e-05,0.0193911,0.726336,9837.72,0.817643,0.431427,-0.1,0.02,375.804,3.77242e+06,1.41809,0.748737,1.91723,0.756902,-2.0792,nan,0.0006,-0.00201296,-0.0498849,-0.00116911,-0.002,-0.00228793,-0.052549,-3.09016e-07
308,51.7908,1000,0.0531256,0.833333,0,0.204975,0.928678,0.0122127,-0.0107707,19.7686,5.85277e-05,0.0127734,0.725585,7917,1.09705,0.455056,-0.1,0.02,377.357,3.7847e+06,1.35373,0.732948,1.92055,0.773364,-2.07812,nan,0,-0.00208483,-0.052007,-0.00121657,-0.0034,-0.00251988,-0.0517111,-3.04417e-07
309,53.4234,1000,0.0528926,0.25,0,0.204086,0.933666,0.0254599,-0.0115721,19.7507,5.85277e-05,0.00989996,0.724909,9145.32,0.976564,0.367074,-0.1,0.02,378.703,3.79699e+06,1.42042,0.748791,1.91896,0.769197,-2.0715,nan,0,-0.0021881,-0.0502872,-0.00121412,-0.00533333,-0.00273687,-0.0529375,-3.15994e-07
310,52.2389,1000,0.0530915,0.833333,0,0.202413,0.936659,0.0215127,-0.0114746,19.7351,5.85277e-05,0.0133345,0.724326,8380.03,1.00717,0.459171,-0.1,0.02,380.171,3.80928e+06,1.36157,0.736399,1.92152,0.759069,-2.05674,nan,0.00045,-0.00203047,-0.0503637,-0.00115393,-0.0033,-0.00235608,-0.0511225,-3.06647e-07
311,46.6138,920.636,0.0533916,0.416667,0.0416667,0.203361,0.924765,0.0213301,-0.0111069,19.7205,5.85277e-05,0.0117764,0.723732,9260.39,0.946756,0.380185,-0.1,0.02,381.499,3.82157e+06,1.15527,0.68796,1.76329,0.710608,-1.88658,nan,0.00136364,-0.00189167,-0.0466914,-0.00107874,-0.00109091,-0.00191475,-0.0485517,-3.10246e-07
312,52.7397,1000,0.0538221,0.375,0,0.202015,0.912307,0.0183619,-0.01076,19.7062,5.85277e-05,0.0067331,0.723184,9190.04,0.914828,0.422272,-0.1,0.02,382.838,3.83386e+06,1.42628,0.712211,1.91765,0.749284,-2.05751,nan,0.00133333,-0.00200355,-0.0487284,-0.00116814,-0.00555556,-0.00279769,-0.0520035,-3.08917e-07
313,51.0669,1000,0.0536881,0.625,0,0.202031,0.931254,0.019187,-0.0110081,19.6921,5.85277e-05,0.0133968,0.722591,7836.61,1.07768,0.490342,-0.1,0.02,384.407,3.84614e+06,1.27862,0.74722,1.91722,0.774269,-2.05189,nan,0.0004,-0.0020715,-0.0512373,-0.0011712,-0.004,-0.00251175,-0.0515015,-3.07096e-07
314,48.6864,935.909,0.0538177,0.416667,0.0416667,0.204293,0.918519,0.0233986,-0.0107908,19.6767,5.85277e-05,0.0119127,0.721962,7395,1.15044,0.51122,-0.1,0.02,386.071,3.85843e+06,1.25114,0.666026,1.79191,0.720321,-1.89412,nan,0.00272727,-0.00196718,-0.0463383,-0.00111328,-0.00254545,-0.00208087,-0.0496302,-3.07157e-07
315,51.0548,1000,0.0532842,0.708333,0,0.20586,0.921718,0.0177843,-0.0108233,19.6605,5.85277e-05,0.0112758,0.721273,7862.99,1.1339,0.428865,-0.1,0.02,387.635,3.87072e+06,1.27549,0.741322,1.91661,0.766786,-2.03869,nan,0.00158824,-0.00203511,-0.050894,-0.00119486,-0.00305882,-0.00268022,-0.0505047,-3.103e-07
316,49.8525,1000,0.054223,0.333333,0,0.202856,0.904219,0.0169262,-0.00988166,19.6427,5.85277e-05,0.00898512,0.720555,10713.1,0.814622,0.332389,-0.1,0.02,388.784,3.88301e+06,1.27587,0.702231,1.92052,0.74951,-2.04749,nan,0,-0.00193223,-0.0479266,-0.00111879,-0.003375,-0.00234039,-0.0513192,-3.04342e-07
317,48.5238,930.6,0.0539401,0.375,0.0416667,0.203655,0.918892,0.0258895,-0.0105805,19.6251,5.85277e-05,0.00985096,0.719875,10134.8,0.893994,0.318458,-0.1,0.02,389.998,3.8953e+06,1.26015,0.675957,1.78229,0.682674,-1.87808,nan,0.003,-0.00182275,-0.0430496,-0.00102223,-0.003,-0.00239209,-0.0485094,-3.05892e-07
318,47.6328,901.111,0.0541179,0.333333,0.0416667,0.203125,0.919998,0.0215071,-0.0109654,19.6085,5.85277e-05,0.00976762,0.719224,11075.1,0.799,0.310514,-0.1,0.02,391.109,3.90758e+06,1.22339,0.658188,1.72313,0.698028,-1.82335,nan,0.00266667,-0.00194451,-0.0453138,-0.00107506,-0.00177778,-0.00249128,-0.0478118,-3.1794e-07
319,51.5051,1000,0.054424,0.583333,0,0.202206,0.920086,0.0235657,-0.0101694,19.5931,5.85277e-05,0.0140457,0.718662,11335.5,0.678968,0.405059,-0.1,0.02,392.194,3.91987e+06,1.29144,0.753018,1.91915,0.749046,-2.03216,nan,0.000214286,-0.00181555,-0.0480231,-0.00108261,-0.00221429,-0.00253375,-0.0497838,-2.99022e-07
320,47.1575,925.6,0.0544646,0.333333,0.0833333,0.202303,0.911901,0.0288322,-0.0110699,19.5799,5.85277e-05,0.0142282,0.718187,10181.7,0.852273,0.354601,-0.1,0.02,393.403,3.93216e+06,1.12195,0.722096,1.77271,0.707359,-1.86467,nan,0.0042,-0.001915,-0.0461414,-0.00105715,-0.005,-0.00247778,-0.0491735,-3.342e-07
321,50.2855,987.308,0.0542825,0.5,0.0416667,0.20205,0.92493,0.0247021,-0.011265,19.5675,5.85277e-05,0.00571375,0.717634,10235.6,0.8631,0.337414,-0.1,0.02,394.605,3.94445e+06,1.24105,0.729222,1.89095,0.757382,-1.99737,nan,0.00415385,-0.00210652,-0.0500049,-0.00118259,-0.00346154,-0.00222346,-0.0521435,-3.28548e-07
322,39.0694,738,0.0545763,0.0833333,0.0416667,0.200934,0.927279,0.0213733,-0.0100659,19.5529,5.85277e-05,0.0149508,0.717043,10907.1,0.806384,0.320218,-0.1,0.02,395.733,3.95674e+06,0.960666,0.572227,1.40678,0.575025,-1.48533,nan,0.01,-0.00165697,-0.0369852,-0.000859426,-0.00366667,-0.00176977,-0.0409558,-3.13348e-07
323,54.1975,1000,0.0548455,0.375,0,0.20119,0.907965,0.0200598,-0.0117113,19.5376,5.85277e-05,0.0150157,0.716409,10648,0.829404,0.324615,-0.1,0.02,396.888,3.96902e+06,1.40445,0.750055,1.91958,0.765032,-2.02048,nan,0.00166667,-0.00198009,-0.0481149,-0.00116639,-0.00533333,-0.00316775,-0.0506571,-3.04494e-07
324,47.6371,1000,0.0548945,0.208333,0,0.199186,0.919906,0.025305,-0.0102525,19.522,5.85277e-05,0.00899187,0.715827,10247.3,0.843867,0.355282,-0.1,0.02,398.089,3.98131e+06,1.12484,0.674745,1.92071,0.778588,-2.00367,nan,0.0006,-0.00196392,-0.0505995,-0.00109358,-0.0062,-0.00418651,-0.0499177,-2.85397e-07
325,50.6303,1000,0.0545524,0.416667,0,0.203016,0.9219,0.0184378,-0.0120527,19.5071,5.85277e-05,0.0132603,0.715207,10791.1,0.796827,0.341888,-0.1,0.02,399.229,3.9936e+06,1.23482,0.740648,1.91949,0.765652,-2.01881,nan,0.0006,-0.00188685,-0.048893,-0.00110967,-0.0046,-0.00332752,-0.0510764,-2.96006e-07
326,52.3272,1000,0.0545073,0.416667,0,0.203284,0.91727,0.0181645,-0.0107397,19.4915,5.85277e-05,0.0131797,0.7146,10585.4,0.749464,0.411385,-0.1,0.02,400.391,4.00589e+06,1.29948,0.736373,1.92128,0.781955,-2.01282,nan,0.0015,-0.00195739,-0.0509361,-0.00117648,-0.0036,-0.00311957,-0.050614,-3.00685e-07
327,53.3787,1000,0.0551518,0.208333,0,0.203118,0.918365,0.0198786,-0.0106277,19.4761,5.85277e-05,0.0111932,0.713996,6851.63,1.24235,0.551093,-0.1,0.02,402.186,4.01818e+06,1.30516,0.77531,1.92175,0.789366,-2.01175,nan,0.0018,-0.00190647,-0.0513851,-0.00113623,-0.0048,-0.00341987,-0.0500533,-2.80817e-07
328,49.5114,935,0.0549766,0.208333,0.0416667,0.202335,0.927078,0.0178284,-0.0101697,19.4601,5.85277e-05,0.0137751,0.713307,7952.17,1.09626,0.448979,-0.1,0.02,403.734,4.03046e+06,1.20707,0.694119,1.79247,0.739467,-1.85594,nan,0.005,-0.00191891,-0.0460276,-0.00104924,-0.00466667,-0.00298942,-0.049966,-3.29712e-07
329,53.3005,1000,0.0548749,0.333333,0,0.200538,0.929282,0.019174,-0.0109065,19.4425,5.85277e-05,0.0114296,0.712645,9426.86,0.928146,0.375363,-0.1,0.02,405.039,4.04275e+06,1.31924,0.763629,1.92405,0.764865,-2.0022,nan,0.0015,-0.00187798,-0.0477794,-0.00110505,-0.004375,-0.00280702,-0.0481143,-2.90056e-07
330,53.0901,1000,0.0551098,0.208333,0,0.203104,0.91483,0.0222883,-0.0113098,19.4274,5.85277e-05,0.0107541,0.712128,12027.2,0.711,0.310684,-0.1,0.02,406.062,4.05504e+06,1.30725,0.748338,1.91864,0.781864,-1.98892,nan,0.0012,-0.00210335,-0.0522357,-0.00116245,-0.0048,-0.00313071,-0.0504294,-2.99803e-07
331,54.6402,1000,0.0553,0.291667,0,0.199955,0.931684,0.0168263,-0.0107856,19.4137,5.85277e-05,0.0140297,0.71152,12349.8,0.674561,0.320435,-0.1,0.02,407.059,4.06733e+06,1.33696,0.768405,1.92153,0.788173,-1.97343,nan,0.00257143,-0.0018731,-0.0492682,-0.00110896,-0.00714286,-0.00422606,-0.0485728,-2.86643e-07
332,54.0548,1000,0.0552301,0.25,0,0.203159,0.930382,0.0167886,-0.0113928,19.3974,5.85277e-05,0.0129723,0.710877,12418.2,0.678801,0.310713,-0.1,0.02,408.049,4.07962e+06,1.34648,0.782023,1.91627,0.757934,-1.98972,nan,0,-0.00173705,-0.0477634,-0.00104147,-0.00666667,-0.00367828,-0.0493596,-2.80506e-07
333,53.5913,1000,0.0549478,0.25,0,0.203154,0.925155,0.0160064,-0.0119186,19.3813,5.85277e-05,0.00759862,0.71024,11771.7,0.730463,0.313399,-0.1,0.02,409.095,4.0919e+06,1.31785,0.756555,1.92723,0.775074,-1.99114,nan,0,-0.00169557,-0.0465362,-0.00096949,-0.00466667,-0.00339328,-0.0487459,-2.7484e-07
334,52.7318,1000,0.0557182,0.458333,0,0.20244,0.932826,0.0199787,-0.0114607,19.3649,5.85277e-05,0.0152262,0.709611,12416.3,0.684962,0.304704,-0.1,0.02,410.086,4.10419e+06,1.25868,0.769166,1.92422,0.78025,-1.98627,nan,0,-0.0019017,-0.0496508,-0.00108692,-0.00290909,-0.0038968,-0.0499987,-2.91078e-07
335,49.7551,932.688,0.0554214,0.583333,0.0833333,0.204883,0.924614,0.0220828,-0.0103716,19.3499,5.85277e-05,0.0113232,0.709049,11656.5,0.752431,0.301743,-0.1,0.02,411.142,4.11648e+06,1.20587,0.700577,1.7859,0.737003,-1.84062,nan,0.0039375,-0.0018417,-0.0469249,-0.00102939,-0.0045,-0.00337239,-0.0472511,-3.11204e-07
336,50.4912,965.286,0.0554629,0.541667,0.0416667,0.201745,0.936895,0.024774,-0.0109942,19.3357,5.85277e-05,0.0115389,0.708501,12090.2,0.694513,0.321844,-0.1,0.02,412.159,4.12877e+06,1.23245,0.717599,1.85248,0.743725,-1.91394,nan,0.0015,-0.00181965,-0.046489,-0.000992979,-0.00792857,-0.00391351,-0.0481097,-2.9809e-07
337,54.7304,1000,0.0553288,0.666667,0,0.201382,0.935519,0.0181456,-0.0111816,19.3213,5.85277e-05,0.0122094,0.707892,11643.3,0.733858,0.321509,-0.1,0.02,413.216,4.14106e+06,1.37819,0.718755,1.92187,0.791953,-1.96509,nan,0.000375,-0.00184342,-0.0487113,-0.0010857,-0.0053125,-0.00393414,-0.0486507,-2.88516e-07
338,53.7009,1000,0.0561953,0.708333,0,0.202157,0.92035,0.017996,-0.0121869,19.3053,5.85277e-05,0.0133744,0.707274,11864.1,0.715579,0.320151,-0.1,0.02,414.253,4.15334e+06,1.30565,0.747197,1.92173,0.78312,-1.96413,nan,0.000176471,-0.00184258,-0.0495463,-0.00105103,-0.00394118,-0.00363456,-0.0486872,-2.87551e-07
339,54.1525,1000,0.0559388,0.541667,0,0.201135,0.915918,0.0207867,-0.0106654,19.2898,5.85277e-05,0.0144614,0.706657,10321.8,0.749088,0.441407,-0.1,0.02,415.444,4.16563e+06,1.32896,0.746704,1.92197,0.79287,-1.97203,nan,0.000692308,-0.00191667,-0.0502709,-0.00109492,-0.00430769,-0.00391058,-0.0500425,-2.85966e-07
340,54.3914,1000,0.0565832,0.625,0,0.202236,0.910992,0.0176486,-0.0103725,19.2734,5.85277e-05,0.0095414,0.705986,11881.5,0.714981,0.319231,-0.1,0.02,416.48,4.17792e+06,1.29545,0.779025,1.92063,0.780597,-1.94734,nan,0.0008,-0.00178875,-0.0481906,-0.00106847,-0.00546667,-0.00411205,-0.0489699,-2.84028e-07
341,54.0137,1000,0.0561387,0.875,0,0.202911,0.914431,0.0181407,-0.0105016,19.2561,5.85277e-05,0.0142044,0.705303,11772.3,0.710415,0.333392,-0.1,0.02,417.526,4.19021e+06,1.3086,0.740713,1.92298,0.790636,-1.95389,nan,0.000428571,-0.00181064,-0.0481317,-0.00108394,-0.0062381,-0.00366037,-0.0478516,-2.80847e-07
342,54.4102,1000,0.056414,0.916667,0,0.202838,0.916565,0.0160481,-0.0111682,19.2385,5.85277e-05,0.0124502,0.704604,11766.9,0.709796,0.334493,-0.1,0.02,418.571,4.2025e+06,1.31245,0.763434,1.92085,0.780968,-1.95013,nan,0.000954545,-0.00175877,-0.0480344,-0.00100753,-0.00504545,-0.00389078,-0.048272,-2.79639e-07
343,55.1177,1000,0.0565547,0.708333,0,0.200497,0.909055,0.0192798,-0.0101991,19.2212,5.85277e-05,0.0124124,0.703981,12520.8,0.677042,0.304364,-0.1,0.02,419.554,4.21478e+06,1.35037,0.756445,1.92278,0.786244,-1.95141,nan,0.00123529,-0.00176557,-0.0478707,-0.00104858,-0.00658824,-0.00445198,-0.0480513,-2.85043e-07
344,54.1161,1000,0.0568429,0.708333,0,0.20296,0.912111,0.0161229,-0.0102792,19.2054,5.85277e-05,0.0107865,0.703341,12355.5,0.70042,0.29412,-0.1,0.02,420.55,4.22707e+06,1.27434,0.76303,1.91971,0.797082,-1.94133,nan,0,-0.00191211,-0.0500175,-0.00104991,-0.00258824,-0.00351771,-0.0479444,-2.85758e-07
345,55.5126,991.25,0.0570521,0.791667,0.0416667,0.202419,0.906134,0.0276107,-0.0104014,19.1903,5.85277e-05,0.0104002,0.702849,12481.7,0.682694,0.301789,-0.1,0.02,421.535,4.23936e+06,1.35228,0.767468,1.90422,0.785874,-1.9293,nan,0.0018,-0.00181913,-0.0476147,-0.00104885,-0.0044,-0.00378861,-0.0480439,-2.86724e-07
346,53.0262,969.067,0.05686,1.16667,0.0833333,0.203275,0.918286,0.0227389,-0.0112064,19.1779,5.85277e-05,0.0108115,0.702313,12348,0.693906,0.301233,-0.1,0.02,422.532,4.25165e+06,1.28199,0.729199,1.86249,0.761742,-1.88003,nan,0.0015,-0.00170931,-0.0459207,-0.00099772,-0.00523333,-0.00405577,-0.0476618,-2.91742e-07
347,55.4202,1000,0.056848,0.708333,0,0.201749,0.916467,0.0344021,-0.00915905,19.1649,5.85277e-05,0.0114222,0.701901,11986.9,0.706698,0.318421,-0.1,0.02,423.558,4.26394e+06,1.32882,0.756479,1.92357,0.801133,-1.93289,nan,0.00123529,-0.00180201,-0.0495719,-0.00106103,-0.00341176,-0.00371166,-0.0477763,-2.77503e-07
348,50.5598,937.85,0.0565094,0.666667,0.166667,0.204572,0.919417,0.0279595,-0.011281,19.1552,5.85277e-05,0.0136416,0.701522,11804.5,0.696081,0.344878,-0.1,0.02,424.6,4.27622e+06,1.1408,0.751439,1.79742,0.745508,-1.80672,nan,0.0036,-0.00188793,-0.0454613,-0.000976218,-0.0036,-0.00359862,-0.0485289,-3.38666e-07
349,54.8036,985,0.0569105,0.25,0.0416667,0.202994,0.909387,0.03094,-0.010096,19.1451,5.85277e-05,0.00925538,0.701132,11830.4,0.722909,0.315769,-0.1,0.02,425.641,4.28851e+06,1.36714,0.725224,1.88994,0.769268,-1.9002,nan,0.00171429,-0.00199438,-0.0467305,-0.00107897,-0.00771429,-0.00459772,-0.0507932,-3.37872e-07
350,53.2074,949.609,0.0566039,0.875,0.0833333,0.204762,0.916275,0.028243,-0.0106653,19.1344,5.85277e-05,0.0119883,0.700676,11706.2,0.742466,0.307234,-0.1,0.02,426.692,4.3008e+06,1.27537,0.725341,1.82463,0.76408,-1.82712,nan,0.00247826,-0.00179034,-0.0466666,-0.00101312,-0.00413043,-0.00381756,-0.0469985,-2.92995e-07
351,56.0415,1000,0.0567254,0.458333,0,0.205665,0.897102,0.0197656,-0.0105869,19.1213,5.85277e-05,0.00659127,0.700119,11305.3,0.705447,0.381476,-0.1,0.02,427.78,4.31309e+06,1.32459,0.778215,1.92034,0.801226,-1.91377,nan,0.000545455,-0.00185571,-0.0489533,-0.00101301,-0.00581818,-0.00389558,-0.0475302,-2.7442e-07
352,56.8755,1000,0.0571554,0.666667,0,0.202756,0.911367,0.0189571,-0.0107338,19.1062,5.85277e-05,0.00895963,0.699504,11224.4,0.781704,0.313054,-0.1,0.02,428.877,4.32538e+06,1.36101,0.773103,1.92688,0.784941,-1.90042,nan,0.00075,-0.00168466,-0.0468051,-0.000971303,-0.0033125,-0.00328724,-0.0464299,-2.70047e-07
353,49.2838,905.6,0.0571092,0.333333,0.0833333,0.202543,0.907754,0.0321127,-0.010322,19.0911,5.85277e-05,0.0138519,0.698979,10778.2,0.812348,0.327729,-0.1,0.02,430.018,4.33766e+06,1.17249,0.649872,1.73446,0.725597,-1.72912,nan,0.009,-0.00177907,-0.0439813,-0.000970051,-0.0022,-0.00369708,-0.0454898,-3.01846e-07
354,54.9616,956.077,0.0574574,0.5,0.0416667,0.202718,0.902691,0.0191391,-0.0113822,19.0774,5.85277e-05,0.0120671,0.698408,11969.2,0.707986,0.318646,-0.1,0.02,431.046,4.34995e+06,1.37755,0.715897,1.83226,0.759638,-1.83649,nan,0.00161538,-0.00180106,-0.0451489,-0.000970858,-0.00338462,-0.00391696,-0.0471651,-2.90825e-07
355,52.5445,944.333,0.0573777,0.458333,0.0416667,0.204937,0.899143,0.0179904,-0.0112775,19.062,5.85277e-05,0.0078533,0.697797,12089.3,0.701421,0.315017,-0.1,0.02,432.064,4.36224e+06,1.20688,0.741753,1.812,0.750723,-1.78695,nan,0.003,-0.0016523,-0.0449825,-0.000915303,-0.002,-0.00370058,-0.0469243,-2.83152e-07
356,54.4756,1000,0.057425,0.416667,0,0.204293,0.898891,0.0267855,-0.0095772,19.0471,5.85277e-05,0.0119375,0.697278,12291,0.687644,0.312112,-0.1,0.02,433.065,4.37453e+06,1.27284,0.730701,1.92877,0.804341,-1.90557,nan,0.0012,-0.00184769,-0.0493175,-0.00101991,-0.0056,-0.00402589,-0.0466985,-2.72715e-07
357,53.4755,966.333,0.0574667,0.708333,0.0416667,0.204608,0.903702,0.0199965,-0.0103553,19.0345,5.85277e-05,0.00648796,0.696818,11740.7,0.731632,0.314983,-0.1,0.02,434.113,4.38682e+06,1.27169,0.721157,1.85621,0.771803,-1.84429,nan,0.002,-0.00174113,-0.0465268,-0.000984395,-0.00566667,-0.00365437,-0.0462199,-2.82934e-07
358,52.0837,1000,0.0577212,0.166667,0,0.203279,0.896247,0.0182535,-0.0107545,19.022,5.85277e-05,0.0144279,0.696295,12208.4,0.686968,0.319554,-0.1,0.02,435.12,4.3991e+06,1.14485,0.763242,1.92202,0.769054,-1.89633,nan,0,-0.00148267,-0.0419988,-0.000842868,-0.0065,-0.00285495,-0.0449685,-2.54815e-07
359,53.0308,924.833,0.0571629,0.458333,0.0416667,0.204338,0.895727,0.021737,-0.0110625,19.0077,5.85277e-05,0.0185998,0.695725,10871.4,0.726116,0.404187,-0.1,0.02,436.252,4.41139e+06,1.2463,0.725815,1.77838,0.746019,-1.74685,nan,0.002,-0.00170077,-0.0447138,-0.000960561,-0.00533333,-0.00385409,-0.0435595,-2.73876e-07
360,56.4719,1000,0.0578858,0.375,0,0.201399,0.896492,0.0233539,-0.0101305,18.9931,5.85277e-05,0.0116862,0.695187,10290,0.876587,0.317581,-0.1,0.02,437.448,4.42368e+06,1.31394,0.802548,1.92262,0.790849,-1.90154,nan,0.000333333,-0.00172048,-0.0468291,-0.000988097,-0.004,-0.00408227,-0.0475304,-2.74022e-07
361,55.7727,992.083,0.0572003,0.458333,0.0416667,0.203556,0.906814,0.0190522,-0.0110417,18.9789,5.85277e-05,0.00932722,0.694601,10828.1,0.809583,0.325242,-0.1,0.02,438.584,4.43597e+06,1.29822,0.75906,1.90627,0.798111,-1.86815,nan,0.003,-0.00179402,-0.0479421,-0.000995765,-0.00633333,-0.00347756,-0.0473338,-2.98741e-07
362,55.1846,1000,0.0578419,0.5,0,0.205122,0.889128,0.0234709,-0.0105289,18.9645,5.85277e-05,0.00876899,0.694133,11842.7,0.712832,0.324769,-0.1,0.02,439.623,4.44826e+06,1.26472,0.746574,1.9275,0.807361,-1.88227,nan,0.00075,-0.00169512,-0.0487816,-0.00102647,-0.00391667,-0.0040634,-0.0459194,-2.67012e-07
363,55.4917,986.8,0.0577136,0.375,0.0416667,0.206928,0.884528,0.0203716,-0.0112183,18.9524,5.85277e-05,0.0161027,0.693624,7448.35,1.14155,0.508213,-0.1,0.02,441.274,4.46054e+06,1.3039,0.74783,1.8927,0.791153,-1.85623,nan,0.003,-0.00180375,-0.046795,-0.00101016,-0.006,-0.00434501,-0.0478097,-3.03158e-07
364,55.2462,1000,0.0578449,0.25,0,0.205497,0.889199,0.0197209,-0.0109033,18.9381,5.85277e-05,0.0131578,0.693052,7180.28,1.17509,0.536261,-0.1,0.02,442.988,4.47283e+06,1.22788,0.797947,1.92758,0.803674,-1.89193,nan,0,-0.00160673,-0.0467937,-0.000995197,-0.00516667,-0.00359284,-0.0446889,-2.61418e-07
365,56.9835,1000,0.0576098,0.208333,0,0.207708,0.886264,0.0203213,-0.0109316,18.9241,5.85277e-05,0.012932,0.692581,7565,1.18925,0.435074,-0.1,0.02,444.614,4.48512e+06,1.36248,0.742339,1.92749,0.800187,-1.87293,nan,0,-0.00162786,-0.0481574,-0.000983182,-0.0088,-0.00409206,-0.0467288,-2.58614e-07
366,57.2808,1000,0.0576044,0.25,0,0.204911,0.88536,0.0289896,-0.0101288,18.9129,5.85277e-05,0.0146106,0.692192,9029.73,0.979151,0.381687,-0.1,0.02,445.977,4.49741e+06,1.33288,0.795453,1.92672,0.785134,-1.87757,nan,0.002,-0.00152995,-0.0453466,-0.000918833,-0.00266667,-0.00368475,-0.0464164,-2.67306e-07
367,50.6561,880.091,0.0578032,0.375,0.0833333,0.203732,0.900104,0.0271501,-0.0112814,18.9029,5.85277e-05,0.0152356,0.691808,10488.2,0.833506,0.338091,-0.1,0.02,447.15,4.5097e+06,1.18568,0.670808,1.691,0.708982,-1.63342,nan,0.00381818,-0.00160166,-0.0419796,-0.000873359,-0.00327273,-0.00303583,-0.0432968,-2.98909e-07
368,53.7025,1000,0.0580386,0.333333,0,0.205926,0.882072,0.0184129,-0.0108945,18.8917,5.85277e-05,0.0116592,0.691309,11937.3,0.693983,0.335392,-0.1,0.02,448.18,4.52198e+06,1.18968,0.733353,1.92527,0.808634,-1.86986,nan,0.000375,-0.00175462,-0.0477102,-0.00100918,-0.0025,-0.0033557,-0.0459907,-2.70384e-07
369,46.1321,824.5,0.0583824,0.0833333,0.0833333,0.202085,0.890282,0.0218543,-0.0104383,18.8773,5.85277e-05,0.0143965,0.690707,10561.4,0.845602,0.317876,-0.1,0.02,449.346,4.53427e+06,1.0688,0.627486,1.5719,0.657467,-1.53162,nan,0.0075,-0.00152417,-0.0377795,-0.000826322,-0.005,-0.00367155,-0.0461344,-3.82388e-07
370,58.2905,1000,0.0583228,0.291667,0,0.202236,0.896062,0.0261118,-0.0104252,18.8623,5.85277e-05,0.00926456,0.690202,11625.8,0.749425,0.307537,-0.1,0.02,450.404,4.54656e+06,1.38841,0.785327,1.92825,0.772447,-1.86255,nan,0.000857143,-0.00157137,-0.0436246,-0.000903939,-0.00357143,-0.00317067,-0.0453695,-2.68162e-07
371,54.7165,1000,0.0591974,0.375,0,0.197435,0.878295,0.0196605,-0.0104441,18.8491,5.85277e-05,0.00989291,0.689652,11956.8,0.674031,0.353665,-0.1,0.02,451.433,4.55885e+06,1.20588,0.744547,1.93378,0.80624,-1.85424,nan,0.000666667,-0.00170991,-0.0475921,-0.000965632,-0.00266667,-0.00340753,-0.0447194,-2.60184e-07
372,55.5511,1000,0.0586431,0.125,0,0.200647,0.890416,0.0178774,-0.0110592,18.8342,5.85277e-05,0.0114546,0.689101,11313.4,0.778979,0.307165,-0.1,0.02,452.521,4.57114e+06,1.31831,0.748002,1.93003,0.763154,-1.88812,nan,0.003,-0.00154164,-0.0433142,-0.000873381,-0.00133333,-0.00282498,-0.046939,-2.65955e-07
373,56.9836,1000,0.0588938,0.375,0,0.19988,0.873282,0.0187184,-0.00980673,18.8197,8.77915e-05,0.00484331,0.688534,12110,0.667982,0.346714,-0.1,0.02,453.537,4.58342e+06,1.27227,0.79485,1.9269,0.796664,-1.8442,nan,0.00166667,-0.00161741,-0.0461429,-0.00091588,-0.00166667,-0.00299797,-0.0456306,-2.59302e-07
374,56.1813,1000,0.0590693,0.125,0,0.198179,0.882123,0.0214237,-0.0130929,18.8021,8.77915e-05,0.0155713,0.687781,12678.8,0.662844,0.306334,-0.1,0.02,454.507,4.59571e+06,1.30031,0.709825,1.93283,0.807453,-1.8404,nan,0,-0.00150435,-0.0460537,-0.000898783,-0.00533333,-0.00365008,-0.0435117,-2.46401e-07
375,52.7785,964.444,0.0592384,0.333333,0.0416667,0.199637,0.87259,0.0193772,-0.013337,18.7826,8.77915e-05,0.0194694,0.687012,11991.2,0.711713,0.313036,-0.1,0.02,455.533,4.608e+06,1.16002,0.729307,1.85666,0.776365,-1.78843,nan,0.005,-0.00172447,-0.0456006,-0.000930006,-0.00355556,-0.00319111,-0.0450046,-2.9481e-07
376,55.3726,1000,0.0596139,0.5,0,0.19762,0.87113,0.0177349,-0.0119074,18.7612,8.77915e-05,0.0145799,0.686183,12093.7,0.716808,0.299257,-0.1,0.02,456.55,4.62029e+06,1.22975,0.761004,1.9284,0.794107,-1.84591,nan,0.00025,-0.00156033,-0.0461958,-0.000928111,-0.00216667,-0.00305462,-0.0450525,-2.60194e-07
377,57.0113,1000,0.0590459,0.625,0,0.197952,0.881359,0.0176089,-0.0133145,18.7383,8.77915e-05,0.0148449,0.685262,12717.7,0.665852,0.30036,-0.1,0.02,457.518,4.63258e+06,1.26844,0.7788,1.92953,0.806065,-1.83369,nan,0.0004,-0.00162671,-0.0476614,-0.000946746,-0.0016,-0.00243704,-0.0447099,-2.5887e-07
378,58.0242,1000,0.0597341,0.791667,0,0.196624,0.875551,0.0229085,-0.0133891,18.7159,8.77915e-05,0.0150939,0.684544,12629.2,0.671873,0.301107,-0.1,0.02,458.492,4.64486e+06,1.3208,0.794575,1.92976,0.784087,-1.83174,nan,0.000789474,-0.00155981,-0.0446589,-0.000882169,-0.00252632,-0.0033316,-0.0441068,-2.56787e-07
379,58.0241,1000,0.0598186,0.541667,0,0.200372,0.864932,0.0151413,-0.0128862,18.6957,8.77915e-05,0.0136804,0.68363,12373.9,0.686894,0.306161,-0.1,0.02,459.486,4.65715e+06,1.30876,0.807356,1.93091,0.782983,-1.83456,nan,0,-0.00151254,-0.0452175,-0.000880073,-0.000615385,-0.00287396,-0.0431523,-2.49913e-07
380,58.0689,1000,0.0599208,0.625,0,0.200115,0.858974,0.016171,-0.0131379,18.6707,8.77915e-05,0.015615,0.682731,12700.2,0.666229,0.301314,-0.1,0.02,460.455,4.66944e+06,1.30316,0.817726,1.93089,0.77765,-1.82865,nan,0.0004,-0.00147491,-0.0439766,-0.000878071,-0.004,-0.00318678,-0.0442106,-2.55551e-07
381,58.5315,1000,0.05955,0.583333,0,0.202207,0.875396,0.0214983,-0.0113552,18.6489,8.77915e-05,0.0161209,0.681988,12597.5,0.688923,0.286506,-0.1,0.02,461.432,4.68173e+06,1.32652,0.800977,1.93116,0.78863,-1.82406,nan,0.000428571,-0.00155815,-0.0453004,-0.000882729,-0.00314286,-0.00279706,-0.0434023,-2.5409e-07
382,58.865,999.357,0.059968,0.541667,0.0416667,0.202879,0.859448,0.024097,-0.0124723,18.6305,8.77915e-05,0.0129509,0.681326,13128.2,0.64266,0.293343,-0.1,0.02,462.369,4.69402e+06,1.38514,0.760039,1.92586,0.796839,-1.82633,nan,0.000857143,-0.00163136,-0.0465456,-0.000906172,-0.00171429,-0.0019465,-0.0464123,-2.81191e-07
383,57.1824,979.043,0.05957,0.916667,0.0416667,0.204238,0.876314,0.0212267,-0.0128898,18.6126,8.77915e-05,0.0161624,0.680614,10703.7,0.811546,0.336467,-0.1,0.02,463.519,4.7063e+06,1.2925,0.776455,1.88839,0.784694,-1.78726,nan,0.00104348,-0.00160376,-0.045609,-0.000898957,-0.00191304,-0.00275439,-0.0439297,-2.66091e-07
384,56.0807,970.75,0.0601622,0.791667,0.0416667,0.200498,0.864132,0.0287947,-0.012278,18.5936,8.77915e-05,0.015354,0.679911,11368.4,0.748015,0.332878,-0.1,0.02,464.601,4.71859e+06,1.27089,0.759059,1.87377,0.761301,-1.76883,nan,0.00165,-0.00147354,-0.0435349,-0.000847247,-0.0027,-0.00245962,-0.0427937,-2.5647e-07
385,56.358,992.4,0.0604062,0.583333,0.0416667,0.198772,0.870118,0.0185233,-0.0145689,18.5747,8.77915e-05,0.0168077,0.679184,12144.4,0.699603,0.312222,-0.1,0.02,465.614,4.73088e+06,1.27718,0.755872,1.91474,0.764107,-1.80202,nan,0.0026,-0.00152592,-0.0432679,-0.000833595,-0.00213333,-0.00257706,-0.044235,-2.74514e-07
386,59.1036,1000,0.060761,0.916667,0,0.199069,0.862214,0.0262419,-0.013331,18.5558,8.77915e-05,0.0147387,0.678509,12458.4,0.688495,0.297829,-0.1,0.02,466.602,4.74317e+06,1.35914,0.782007,1.93261,0.788725,-1.81274,nan,0.000954545,-0.00149375,-0.0435126,-0.000876076,-0.00281818,-0.00298349,-0.0438322,-2.55736e-07
387,58.9367,1000,0.0607007,1,0,0.199711,0.862781,0.0246066,-0.0116522,18.5382,8.77915e-05,0.012294,0.677863,12888.9,0.666489,0.286887,-0.1,0.02,467.556,4.75546e+06,1.32021,0.792983,1.93176,0.806021,-1.80697,nan,0.000625,-0.00159375,-0.0469975,-0.000906381,-0.0025,-0.00253635,-0.043261,-2.54636e-07
388,58.089,977.76,0.0612902,0.958333,0.0833333,0.199587,0.858058,0.0204798,-0.0142136,18.5202,5.85277e-05,0.0216131,0.677148,11794.4,0.735155,0.306691,-0.1,0.02,468.6,4.76774e+06,1.34846,0.756771,1.8857,0.771061,-1.76418,nan,0.0024,-0.00152618,-0.0439646,-0.000859611,-0.00404,-0.00273277,-0.0426397,-2.72038e-07
389,56.847,980.095,0.0607564,0.833333,0.0416667,0.19985,0.867433,0.0232345,-0.00959713,18.5039,5.85277e-05,0.0108657,0.676669,11286.8,0.751306,0.337404,-0.1,0.02,469.69,4.78003e+06,1.23843,0.794844,1.89125,0.786503,-1.77128,nan,0.000142857,-0.00148739,-0.0451324,-0.000878396,-0.00395238,-0.00291683,-0.0431833,-2.58617e-07
390,58.8908,987,0.060759,0.458333,0.0416667,0.199412,0.869726,0.0280616,-0.0111485,18.4907,5.85277e-05,0.0101114,0.676163,12670.3,0.670464,0.299361,-0.1,0.02,470.661,4.79232e+06,1.35334,0.776728,1.90396,0.788175,-1.78483,nan,0.00275,-0.00156838,-0.0452297,-0.000876137,-0.00216667,-0.00225161,-0.043491,-2.73281e-07
391,57.9074,1000,0.061213,0.625,0,0.19914,0.857466,0.0196984,-0.0100523,18.4768,5.85277e-05,0.0143809,0.675621,12196.5,0.710921,0.296585,-0.1,0.02,471.67,4.80461e+06,1.29476,0.777064,1.92983,0.790687,-1.80226,nan,0.0012,-0.00153242,-0.0445457,-0.000859349,-0.0032,-0.002885,-0.0428949,-2.51427e-07
392,58.6187,1000,0.0607159,0.625,0,0.20069,0.863188,0.0176706,-0.0106366,18.4616,5.85277e-05,0.0107189,0.675009,12974.7,0.652172,0.294904,-0.1,0.02,472.618,4.8169e+06,1.29966,0.808862,1.93202,0.796678,-1.81306,nan,0,-0.0014654,-0.0445673,-0.000854715,-0.00146667,-0.00216442,-0.0427013,-2.48178e-07
393,58.8952,1000,0.0607507,0.5,0,0.203397,0.861144,0.0243564,-0.0107377,18.4463,5.85277e-05,0.00977275,0.674514,12721.2,0.675002,0.290948,-0.1,0.02,473.585,4.82918e+06,1.3354,0.776816,1.93314,0.806045,-1.81139,nan,0.0005,-0.00147579,-0.0455919,-0.000864074,-0.00233333,-0.00220975,-0.0432763,-2.47537e-07
394,57.6496,1000,0.0612661,0.583333,0,0.199864,0.85489,0.0232413,-0.0116922,18.4339,5.85277e-05,0.015275,0.674054,12733.3,0.648084,0.316945,-0.1,0.02,474.551,4.84147e+06,1.23267,0.806958,1.93228,0.802915,-1.79606,nan,0,-0.00149749,-0.0459206,-0.000875458,-0.00257143,-0.00241861,-0.0430056,-2.50614e-07
395,54.7114,918.5,0.0609988,0.375,0.0416667,0.199218,0.868026,0.0193398,-0.011478,18.4207,5.85277e-05,0.0129246,0.67352,11436.5,0.764308,0.310149,-0.1,0.02,475.627,4.85376e+06,1.24708,0.713626,1.77296,0.72408,-1.63584,nan,0.0021,-0.00139957,-0.0404479,-0.000778184,-0.0026,-0.00254987,-0.0406493,-2.6331e-07
396,58.5219,1000,0.0615718,0.458333,0,0.198454,0.855371,0.021826,-0.0103695,18.4054,5.85277e-05,0.0125923,0.672909,12280.9,0.701,0.299575,-0.1,0.02,476.629,4.86605e+06,1.32168,0.792736,1.93444,0.751461,-1.78475,nan,0,-0.00132731,-0.0401287,-0.000787916,-0.00290909,-0.00245618,-0.0418632,-2.4831e-07
397,59.6772,1000,0.0616919,0.541667,0,0.199875,0.844366,0.0174103,-0.0108121,18.389,5.85277e-05,0.0123276,0.672303,12334.8,0.694178,0.302025,-0.1,0.02,477.627,4.87834e+06,1.30722,0.819268,1.93498,0.799798,-1.78386,nan,0,-0.0014495,-0.0451046,-0.000844851,-0.00123077,-0.00245976,-0.042454,-2.42513e-07
398,58.4668,1000,0.0613299,0.458333,0,0.200609,0.867926,0.0172311,-0.0106361,18.3728,5.85277e-05,0.0101829,0.671715,13109.6,0.643985,0.293344,-0.1,0.02,478.566,4.89062e+06,1.27467,0.787352,1.93247,0.799809,-1.77826,nan,0.000545455,-0.00151699,-0.0455312,-0.00086713,-0.001,-0.00220088,-0.0421304,-2.50283e-07
399,59.2786,1000,0.0611413,0.583333,0,0.201836,0.864391,0.0122138,-0.0110542,18.3566,5.85277e-05,0.01757,0.671067,12486,0.663099,0.321043,-0.1,0.02,479.551,4.90291e+06,1.28779,0.813096,1.93382,0.805979,-1.78262,nan,0.000857143,-0.00150209,-0.0450738,-0.000862619,-0.00285714,-0.0022587,-0.0424315,-2.43599e-07
400,59.7642,1000,0.0610913,0.291667,0,0.199969,0.868954,0.0259172,-0.0108189,18.3403,5.85277e-05,0.0138052,0.670567,12847.8,0.66104,0.295391,-0.1,0.02,480.509,4.9152e+06,1.39517,0.741203,1.9345,0.799931,-1.79043,nan,0,-0.00149383,-0.0457913,-0.000887262,-0.000571429,-0.00187404,-0.0415556,-2.43279e-07
401,56.2785,950.545,0.0614198,0.416667,0.0416667,0.202579,0.853017,0.0202363,-0.0111181,18.3276,5.85277e-05,0.00961938,0.670064,14026.5,0.623965,0.252091,-0.1,0.02,484.239,4.92749e+06,1.21486,0.773631,1.83435,0.767134,-1.68971,nan,0.00272727,-0.00145208,-0.0421265,-0.000808887,-0.00145455,-0.00233752,-0.0408903,-2.49642e-07
402,60.73,1000,0.061651,0.416667,0,0.199962,0.86263,0.0213405,-0.0105017,18.3136,5.85277e-05,0.0121294,0.669556,14281.2,0.59339,0.267043,-0.1,0.02,485.101,4.93978e+06,1.35011,0.806207,1.93537,0.80622,-1.76841,nan,0,-0.00139894,-0.0450836,-0.000826444,-0.0016,-0.00249763,-0.041581,-2.34448e-07
403,59.0664,988.75,0.0618785,0.458333,0.0416667,0.200118,0.852129,0.0184,-0.0110744,18.2997,5.85277e-05,0.0115419,0.668993,13872.9,0.630266,0.255488,-0.1,0.02,485.988,4.95206e+06,1.33135,0.759227,1.91099,0.775248,-1.73396,nan,0.00275,-0.001424,-0.0428672,-0.000773029,-0.00241667,-0.00233675,-0.0424579,-2.64905e-07
404,59.4784,1000,0.0620034,0.583333,0,0.198011,0.849981,0.0159838,-0.0104833,18.2833,5.85277e-05,0.0149306,0.668349,14319.3,0.603693,0.254452,-0.1,0.02,486.847,4.96435e+06,1.31229,0.783302,1.93374,0.804069,-1.7646,nan,0.00128571,-0.00145314,-0.0459611,-0.000856722,-0.00371429,-0.00251383,-0.0416727,-2.4399e-07
405,58.8674,1000,0.0619139,0.25,0,0.199749,0.857579,0.0183541,-0.0106328,18.2657,5.85277e-05,0.00979664,0.667694,13588.7,0.610646,0.293636,-0.1,0.02,487.753,4.97664e+06,1.2271,0.840308,1.9348,0.803659,-1.76859,nan,0,-0.00143394,-0.0451576,-0.000868039,-0.002,-0.00285669,-0.0415826,-2.44272e-07
406,60.2009,1000,0.0622993,0.25,0,0.19698,0.851412,0.0290665,-0.00964026,18.2497,5.85277e-05,0.0100562,0.667216,13562.4,0.625433,0.280603,-0.1,0.02,488.66,4.98893e+06,1.3051,0.826271,1.93524,0.806578,-1.7707,nan,0,-0.0014273,-0.0448526,-0.000825597,-0.00133333,-0.00199804,-0.0419951,-2.34899e-07
407,62.3741,1000,0.062054,0.166667,0,0.198682,0.862701,0.0249096,-0.0104537,18.2377,5.85277e-05,0.0079823,0.666754,12786.6,0.660812,0.300195,-0.1,0.02,489.622,5.00122e+06,1.45614,0.82244,1.9351,0.765468,-1.77209,nan,0,-0.0013567,-0.0415843,-0.000793663,-0.001,-0.00207905,-0.0415445,-2.42361e-07
408,54.1242,898.571,0.0622479,0.25,0.0416667,0.197769,0.862775,0.0258626,-0.0113847,18.2245,5.85277e-05,0.014066,0.666245,11532.9,0.717614,0.347861,-0.1,0.02,490.689,5.0135e+06,1.18463,0.745174,1.72922,0.709155,-1.57489,nan,0.00128571,-0.00148498,-0.0388898,-0.000754274,-0.00514286,-0.00217706,-0.0399195,-2.7122e-07
409,57.3062,957,0.0625784,0.458333,0.0416667,0.196087,0.866601,0.0229057,-0.00998073,18.2103,5.85277e-05,0.0119081,0.665715,12247.7,0.696556,0.306738,-0.1,0.02,491.693,5.02579e+06,1.21427,0.787344,1.85152,0.772138,-1.67353,nan,0.002,-0.00138944,-0.0425706,-0.000789147,-0.00183333,-0.00206428,-0.0397783,-2.4341e-07
410,57.424,954,0.0623747,0.25,0.0416667,0.197776,0.849913,0.0216729,-0.0117537,18.1957,5.85277e-05,0.0159549,0.66517,12601.7,0.672567,0.302539,-0.1,0.02,492.67,5.03808e+06,1.26149,0.750573,1.83665,0.767637,-1.65772,nan,0.00257143,-0.00156475,-0.0426979,-0.000803698,-0.00157143,-0.00169972,-0.0416673,-2.85247e-07
411,60.7352,1000,0.0628002,0.166667,0,0.195849,0.849504,0.0179065,-0.0117763,18.1809,5.85277e-05,0.0110763,0.664609,12720.8,0.657461,0.308515,-0.1,0.02,493.637,5.05037e+06,1.28219,0.858973,1.93131,0.802737,-1.74414,nan,0,-0.0013794,-0.0440904,-0.000844385,-0.004,-0.00209501,-0.041896,-2.46336e-07
412,60.3369,1000,0.0626644,0.291667,0,0.198448,0.847672,0.0211827,-0.010947,18.1657,5.85277e-05,0.00964875,0.664072,12646.8,0.669322,0.302311,-0.1,0.02,494.61,5.06266e+06,1.3539,0.758513,1.93621,0.811391,-1.74833,nan,0.000428571,-0.00139179,-0.0448344,-0.000817315,-0.00457143,-0.00236617,-0.0412876,-2.30961e-07
413,60.921,1000,0.0624936,0.333333,0,0.197926,0.843873,0.0210914,-0.0110772,18.1519,5.85277e-05,0.0113948,0.663608,11714.1,0.65536,0.39363,-0.1,0.02,495.66,5.07494e+06,1.28904,0.84313,1.93435,0.79654,-1.72558,nan,0,-0.00139142,-0.0438292,-0.000810585,-0.0015,-0.00247888,-0.0414198,-2.2983e-07
414,54.7451,901.5,0.0624735,0.291667,0.0416667,0.198322,0.856114,0.0248125,-0.0111422,18.1393,5.85277e-05,0.0100721,0.663118,11616.2,0.724942,0.332892,-0.1,0.02,496.719,5.08723e+06,1.20889,0.701867,1.73866,0.730917,-1.55981,nan,0.00225,-0.00143874,-0.0404435,-0.000760109,-0.0015,-0.00140784,-0.0399616,-2.58495e-07
