iteration,Train/mean_reward,Train/mean_episode_length,Train/mean_step_reward,Episode_Termination/time_out,Episode_Termination/fell_over,Metrics/twist/error_vel_xy,Metrics/twist/error_vel_yaw,Loss/value,Loss/surrogate,Loss/entropy,Loss/learning_rate,Loss/kl,Policy/mean_std,Perf/total_fps,Perf/collection_time,Perf/learning_time,Curriculum/action_rate_weight,Curriculum/standing_envs,time_s,env_steps,Episode_Reward/track_linear_velocity,Episode_Reward/track_angular_velocity,Episode_Reward/upright,Episode_Reward/pose,Episode_Reward/action_rate_l2,Episode_Reward/alive,Episode_Reward/air_time,Episode_Reward/single_stance,Episode_Reward/foot_lift,Episode_Reward/foot_alternation,Episode_Reward/foot_symmetry,Episode_Reward/foot_clearance,Episode_Reward/foot_swing_height,Episode_Reward/foot_slip,Episode_Reward/trot,Episode_Reward/joint_torque,Episode_Reward/self_collisions,Episode_Reward/dof_pos_limits,Episode_Reward/body_ang_vel,Episode_Reward/angular_momentum,Episode_Reward/no_progress,Episode_Reward/joint_vel,Episode_Reward/undesired_contacts,Episode_Reward/base_height,Episode_Reward/three_stance,Episode_Reward/under_stance,Episode_Reward/all_stance,Episode_Reward/footfall_sequence,Episode_Reward/termination
3001,-12.5906,17.5,-0.115211,0,0.166667,0.107309,0.997188,1.27179,-0.00781636,2.58028,0.000133333,0.0321639,0.30002,14677.9,0.56437,0.272807,-0.4,0.25,0.837328,3.68763e+07,0.0144501,0.000266144,0.00613447,0.000533643,-0.0188292,0.0175,-0.00585,nan,nan,nan,nan,-0.00302479,-0.00437827,-0.000445079,nan,-0.00618696,0,-0.00587144,-0.0306153,nan,-0.0170874,-0.0251989,-0.02775,0.0145728,0.004,-0.048,0,0.00625,-0.5
3002,-15.4596,37,-0.106729,0,0.708333,0.100234,1.00743,1.13679,-0.00163827,2.58009,8.88889e-05,0.0392422,0.300003,16368.8,0.507054,0.243644,-0.4,0.25,1.58972,3.68886e+07,0.0193099,0.00220176,0.0124051,0.000590676,-0.0367087,0.037,-0.0136588,nan,nan,nan,nan,-0.00352798,-0.00717409,-0.00150789,nan,-0.0123311,-0.000235294,-0.0142887,-0.0398805,nan,-0.0717048,-0.0388103,-0.0725294,0.0253279,0.0171765,-0.0797647,-0.00129412,0.00220588,-0.5
3003,-17.8725,65.5,-0.0900316,0,0.0833333,0.0993971,1.00584,0.972799,-0.00228636,2.57911,8.88889e-05,0.0106321,0.299943,16178,0.515489,0.244061,-0.4,0.25,2.35061,3.69009e+07,0.06098,0.00319271,0.0218292,0.000929046,-0.0690339,0.0655,-0.033,nan,nan,nan,nan,-0.00445748,-0.0118902,-0.00409724,nan,-0.0207218,0,-0.0254408,-0.0662197,nan,-0.111504,-0.0613013,-0.102,0.054613,0.028,-0.114,-0.005,0,-0.5
3004,-21.5306,89.6667,-0.0888191,0,0.125,0.0994567,1.00533,0.660571,-0.00708614,2.57518,5.92593e-05,0.0217174,0.299848,16833.5,0.487056,0.242917,-0.4,0.25,3.08602,3.69132e+07,0.0403786,0.00355581,0.0391684,0.000701231,-0.0835482,0.0896667,-0.0363333,nan,nan,nan,nan,-0.00908982,-0.0271792,-0.00424463,nan,-0.0286264,-0.000333333,-0.0353891,-0.0863297,nan,-0.189153,-0.085811,-0.139,0.0855375,0.0426667,-0.170667,-0.00333333,0.0208333,-0.5
3005,-21.3227,105.75,-0.0943417,0,0.5,0.0980267,1.00252,0.819815,-0.00452626,2.57276,5.92593e-05,0.00943013,0.299803,16852.5,0.486415,0.242736,-0.4,0.25,3.81656,3.69254e+07,0.0826657,0.00532473,0.054267,0.000675977,-0.104817,0.10575,-0.0520417,nan,nan,nan,nan,-0.00725545,-0.0227179,-0.00562386,nan,-0.0331701,-8.33333e-05,-0.0484124,-0.100047,nan,-0.226397,-0.088888,-0.1275,0.0868874,0.077,-0.159333,-0.0045,0.00208333,-0.5
3006,-23.3896,120.2,-0.0877454,0,0.208333,0.0991727,1.00438,0.752892,-0.00756142,2.56977,5.92593e-05,0.0166063,0.299698,16777.9,0.491218,0.241173,-0.4,0.25,4.55025,3.69377e+07,0.0680945,0.00703157,0.0559934,0.000746399,-0.113488,0.1202,-0.06176,nan,nan,nan,nan,-0.00777393,-0.0294172,-0.00569618,nan,-0.037451,-0.0008,-0.0529908,-0.120012,nan,-0.267161,-0.0983814,-0.1494,0.108485,0.0912,-0.1864,-0.008,0.0175,-0.5
3007,-23.494,143.857,-0.0899501,0,0.291667,0.0976991,0.990563,0.811846,-0.00588294,2.56603,5.92593e-05,0.0119097,0.299632,13331.4,0.531257,0.390476,-0.4,0.25,5.47326,3.695e+07,0.109623,0.00687897,0.0743969,0.000747855,-0.136561,0.143857,-0.0745286,nan,nan,nan,nan,-0.00933272,-0.0302954,-0.00741062,nan,-0.044186,-0.000714286,-0.064594,-0.125984,nan,-0.255744,-0.114423,-0.165429,0.144854,0.104571,-0.225714,-0.00828571,0.00357143,-0.5
3008,-25.974,178,-0.0898395,0,0.416667,0.1004,1.01455,0.840587,-0.00695948,2.56326,5.92593e-05,0.0162757,0.29954,12075.4,0.663837,0.353769,-0.4,0.25,6.49219,3.69623e+07,0.127549,0.0084875,0.108057,0.000793675,-0.17066,0.178,-0.08397,nan,nan,nan,nan,-0.00933609,-0.0340811,-0.00820957,nan,-0.0540142,-0.0001,-0.0825236,-0.150801,nan,-0.317371,-0.139623,-0.1965,0.162951,0.1136,-0.26,-0.0072,0.01625,-0.5
3009,-30.6721,196.125,-0.0867755,0,0.333333,0.100743,1.02022,0.52849,-0.00646828,2.55963,5.92593e-05,0.012354,0.299456,13297.8,0.585101,0.338963,-0.4,0.25,7.41799,3.69746e+07,0.13832,0.00906264,0.114875,0.000790005,-0.193508,0.196125,-0.097975,nan,nan,nan,nan,-0.0106067,-0.0396325,-0.00965073,nan,-0.0596943,-0.0005,-0.0900852,-0.159246,nan,-0.483467,-0.160735,-0.20925,0.186322,0.1435,-0.319,-0.008,0.01875,-0.5
3010,-32.3246,229.5,-0.0870645,0,0.333333,0.0993506,0.995249,0.580618,-0.00650116,2.55571,5.92593e-05,0.0157341,0.299342,13190,0.580097,0.35152,-0.4,0.25,8.35099,3.69869e+07,0.155772,0.014935,0.127697,0.00093675,-0.215975,0.2295,-0.122775,nan,nan,nan,nan,-0.011351,-0.0445554,-0.0117438,nan,-0.0695012,0,-0.106651,-0.191822,nan,-0.488494,-0.179283,-0.24375,0.219082,0.1795,-0.3325,-0.01275,-0.0125,-0.5
3011,-34.7569,255.364,-0.0872299,0,0.458333,0.0999633,1.00649,0.547591,-0.00780336,2.55117,5.92593e-05,0.0143837,0.299241,16096.7,0.524309,0.239077,-0.4,0.25,9.11576,3.69992e+07,0.168496,0.0145506,0.128902,0.00100156,-0.242679,0.255364,-0.1358,nan,nan,nan,nan,-0.0121009,-0.0461202,-0.0138548,nan,-0.0772024,-0.000181818,-0.11738,-0.219761,nan,-0.52006,-0.198996,-0.288,0.277796,0.179273,-0.385455,-0.0147273,0.00909091,-0.5
3012,-32.188,274.733,-0.0859795,0,0.625,0.0980308,1.00366,0.524782,-0.00629286,2.54699,5.92593e-05,0.0159605,0.299136,16749.7,0.492201,0.241423,-0.4,0.25,9.85071,3.70115e+07,0.23439,0.0159787,0.157956,0.000826724,-0.261728,0.274733,-0.13686,nan,nan,nan,nan,-0.0120751,-0.0536471,-0.0136978,nan,-0.082726,-0.000133333,-0.126645,-0.233963,nan,-0.423985,-0.218281,-0.284,0.287824,0.1944,-0.4216,-0.0153333,0.00916667,-0.5
3013,-35.6941,268.875,-0.078073,0,0.333333,0.097335,1.00749,0.455375,-0.00669087,2.54373,5.92593e-05,0.0119688,0.299092,16267.3,0.481485,0.273897,-0.4,0.25,10.6074,3.70237e+07,0.191598,0.0153838,0.137899,0.0010867,-0.25229,0.268875,-0.1494,nan,nan,nan,nan,-0.0125768,-0.0523422,-0.014364,nan,-0.0798072,0,-0.125217,-0.221788,nan,-0.612014,-0.19841,-0.29325,0.294162,0.22,-0.403,-0.01175,0.0125,-0.5
3014,-41.1156,322.286,-0.0803161,0,0.291667,0.100183,1.01048,0.41244,-0.00607837,2.54152,5.92593e-05,0.00914112,0.298988,12023.9,0.665779,0.356186,-0.4,0.25,11.6312,3.7036e+07,0.223856,0.0142772,0.180605,0.00118706,-0.306955,0.322286,-0.173657,nan,nan,nan,nan,-0.0139927,-0.0605109,-0.0173363,nan,-0.0958213,0,-0.149921,-0.258068,nan,-0.683139,-0.245763,-0.370714,0.355458,0.250857,-0.493714,-0.0168571,-0.0178571,-0.5
3015,-34.9836,313.857,-0.0760806,0,0.291667,0.100568,1.00327,0.398098,-0.00771193,2.53689,5.92593e-05,0.0122006,0.298898,13470,0.587741,0.32451,-0.4,0.25,12.5448,3.70483e+07,0.272562,0.0164608,0.174542,0.00120736,-0.296319,0.313857,-0.157743,nan,nan,nan,nan,-0.0130129,-0.0555894,-0.0154126,nan,-0.093973,0,-0.144716,-0.25729,nan,-0.586272,-0.238153,-0.305571,0.373672,0.219429,-0.472,-0.0134286,0.0285714,-0.5
3016,-43.3967,360.8,-0.0790805,0,0.416667,0.0975757,1.00908,0.498432,-0.00898689,2.53406,5.92593e-05,0.0103262,0.29886,12793.2,0.598749,0.361759,-0.4,0.25,13.5068,3.70606e+07,0.241863,0.0214509,0.183857,0.00144022,-0.342405,0.3608,-0.19648,nan,nan,nan,nan,-0.016559,-0.0718563,-0.0202675,nan,-0.107502,0,-0.167351,-0.291826,nan,-0.783238,-0.27187,-0.3876,0.426009,0.3,-0.5484,-0.0174,0.0175,-0.5
3017,-39.156,339,-0.0756037,0,0.291667,0.0981738,0.985788,0.397251,-0.00954638,2.53261,5.92593e-05,0.00967964,0.298789,14199.2,0.577907,0.287494,-0.4,0.25,14.3737,3.70729e+07,0.282699,0.021286,0.200748,0.00115372,-0.314847,0.339,-0.188114,nan,nan,nan,nan,-0.0131699,-0.0584821,-0.0184746,nan,-0.0992661,0,-0.159304,-0.268437,nan,-0.719238,-0.247182,-0.344143,0.384899,0.268,-0.506286,-0.0168571,-0.00178571,-0.5
3018,-45.9415,385,-0.0760324,0,0.333333,0.0977049,0.997672,0.33604,-0.0106693,2.52734,5.92593e-05,0.016484,0.298597,12865.9,0.584922,0.370164,-0.4,0.25,15.3301,3.70852e+07,0.273785,0.0194842,0.215024,0.00123043,-0.361813,0.385,-0.208787,nan,nan,nan,nan,-0.0173375,-0.0754957,-0.0212527,nan,-0.114113,0,-0.179777,-0.317458,nan,-0.801652,-0.288755,-0.410625,0.430281,0.303,-0.604,-0.02225,-0.0015625,-0.5
3019,-36.012,324.333,-0.0731423,0,0.25,0.0971369,1.00959,0.366501,-0.00939432,2.51963,5.92593e-05,0.0147438,0.298442,13104.1,0.58426,0.35346,-0.4,0.25,16.2693,3.70975e+07,0.265875,0.0194717,0.195735,0.00094213,-0.301006,0.324333,-0.140317,nan,nan,nan,nan,-0.0120407,-0.0522878,-0.0143232,nan,-0.0964852,0,-0.150521,-0.25704,nan,-0.58129,-0.242101,-0.333,0.374957,0.212667,-0.511333,-0.0153333,0.0125,-0.5
3020,-47.5854,470.667,-0.0673558,0,0.125,0.0945474,1.00082,0.325797,-0.011848,2.5131,5.92593e-05,0.0184623,0.298258,12430.7,0.626349,0.362168,-0.4,0.25,17.2596,3.71098e+07,0.399994,0.0263108,0.289139,0.00100732,-0.446128,0.470667,-0.253433,nan,nan,nan,nan,-0.0175579,-0.0832084,-0.0228276,nan,-0.138345,0,-0.224654,-0.392547,nan,-0.852122,-0.349099,-0.471,0.509203,0.365333,-0.702667,-0.0206667,0.0333333,-0.5
3021,-44.5711,417,-0.0711473,0,0.291667,0.0968284,0.97929,0.294418,-0.0107658,2.5062,5.92593e-05,0.00998285,0.298112,14549.4,0.558482,0.286089,-0.4,0.25,18.1058,3.7122e+07,0.34053,0.0242138,0.220845,0.00121319,-0.392821,0.417,-0.201471,nan,nan,nan,nan,-0.0166564,-0.0722158,-0.0189241,nan,-0.123426,0,-0.194541,-0.339117,nan,-0.914527,-0.31022,-0.414857,0.507488,0.275429,-0.638857,-0.0225714,0.0142857,-0.5
3022,-29.0874,157.5,-0.0671499,0,0.0833333,0.0971643,0.994579,0.318171,-0.0119536,2.50165,5.92593e-05,0.0133527,0.29805,12779,0.600938,0.360639,-0.4,0.25,19.0687,3.71343e+07,0.0549139,0.00812647,0.0826121,0.000833102,-0.148129,0.1575,-0.0904,nan,nan,nan,nan,-0.00855892,-0.03617,-0.00886303,nan,-0.0469052,0,-0.0718499,-0.130987,nan,-0.435748,-0.122544,-0.183,0.165552,0.118,-0.232,-0.008,-0.01875,-0.5
3023,-42.4906,354.5,-0.0633362,0,0.0833333,0.0986907,0.996815,0.395668,-0.0116457,2.49982,5.92593e-05,0.0142911,0.298007,13460.3,0.577727,0.335179,-0.4,0.25,19.9835,3.71466e+07,0.208584,0.0203244,0.206129,0.000974018,-0.336217,0.3545,-0.17675,nan,nan,nan,nan,-0.018417,-0.0770026,-0.0200994,nan,-0.105874,0,-0.16621,-0.286134,nan,-0.719686,-0.278818,-0.345,0.383666,0.27,-0.53,-0.021,0.0125,-0.5
3024,-47.9217,521.5,-0.073234,0,0.333333,0.100011,1.00607,0.453111,-0.0109186,2.49673,5.92593e-05,0.0157506,0.297888,13755.9,0.564628,0.328661,-0.4,0.25,20.8782,3.71589e+07,0.415555,0.0309276,0.302698,0.00127051,-0.483692,0.5215,-0.221325,nan,nan,nan,nan,-0.0180104,-0.0876593,-0.0215945,nan,-0.153157,0,-0.245957,-0.417539,nan,-0.798916,-0.381166,-0.50625,0.63967,0.298,-0.7985,-0.0235,0.0515625,-0.5
3025,-57.3784,571.889,-0.0737412,0,0.375,0.0975528,1.00464,0.353297,-0.0112571,2.4916,5.92593e-05,0.0154264,0.297783,14126,0.553715,0.316173,-0.4,0.25,21.7497,3.71712e+07,0.448336,0.0329792,0.332819,0.00151348,-0.537995,0.571889,-0.296644,nan,nan,nan,nan,-0.0240272,-0.105982,-0.0294969,nan,-0.170729,-0.000111111,-0.266669,-0.459303,nan,-1.05175,-0.434495,-0.589,0.671632,0.408,-0.868,-0.0324444,0.0305556,-0.5
3026,-44.6228,466.7,-0.0738236,0,0.416667,0.097088,1.00678,0.376548,-0.0127349,2.48779,5.92593e-05,0.013838,0.29769,13720.8,0.563473,0.332104,-0.4,0.25,22.6467,3.71835e+07,0.395266,0.0271014,0.271279,0.00127731,-0.435914,0.4667,-0.21738,nan,nan,nan,nan,-0.0170022,-0.0746309,-0.0225448,nan,-0.13795,-0.0001,-0.217015,-0.378397,nan,-0.811135,-0.35074,-0.4581,0.56443,0.322,-0.7228,-0.0216,0.005,-0.5
3027,-56.88,613.167,-0.0694997,0,0.25,0.0962407,0.993971,0.294568,-0.0121628,2.48353,5.92593e-05,0.0151704,0.297573,12731.9,0.623284,0.341848,-0.4,0.25,23.6131,3.71958e+07,0.485259,0.0345698,0.341973,0.00148743,-0.580031,0.613167,-0.2987,nan,nan,nan,nan,-0.0255393,-0.105779,-0.0304804,nan,-0.18124,0,-0.284751,-0.49322,nan,-0.895792,-0.456724,-0.6575,0.724799,0.429333,-0.956,-0.0296667,0.0208333,-0.5
3028,-53.5152,565.167,-0.0698041,0,0.25,0.0960314,0.98243,0.453602,-0.0102868,2.4793,5.92593e-05,0.0115048,0.297498,14332.9,0.554529,0.302801,-0.4,0.25,24.4721,3.72081e+07,0.443284,0.0330921,0.334554,0.00124584,-0.533514,0.565167,-0.256783,nan,nan,nan,nan,-0.0228039,-0.085307,-0.0256599,nan,-0.169224,-0.00116667,-0.262479,-0.455208,nan,-0.832408,-0.434584,-0.581,0.646368,0.357333,-0.877333,-0.0276667,0.00833333,-0.5
3029,-31.724,366.6,-0.0660593,0,0.208333,0.0971656,0.990983,0.381875,-0.012056,2.47638,5.92593e-05,0.015327,0.297414,13539.6,0.575768,0.331793,-0.4,0.25,25.3813,3.72204e+07,0.335307,0.0241513,0.203241,0.0011834,-0.344757,0.3666,-0.15978,nan,nan,nan,nan,-0.0126767,-0.059215,-0.0166091,nan,-0.109337,0,-0.168569,-0.281566,nan,-0.464604,-0.266716,-0.3294,0.504646,0.2384,-0.548,-0.016,0.0175,-0.5
3030,-68.3642,704.429,-0.0670156,0,0.291667,0.09361,0.978005,0.360277,-0.0106708,2.47152,5.92593e-05,0.0101377,0.297259,12578.7,0.608577,0.368315,-0.4,0.25,26.3597,3.72326e+07,0.561248,0.0402775,0.394432,0.0018164,-0.675653,0.704429,-0.369171,nan,nan,nan,nan,-0.0312083,-0.145502,-0.0388974,nan,-0.21071,-0.000142857,-0.328356,-0.571021,nan,-1.2544,-0.537142,-0.706286,0.819578,0.504,-1.096,-0.0348571,0.0553571,-0.5
3031,-50.3697,551.5,-0.0677212,0,0.166667,0.0983028,0.989483,0.311995,-0.0109182,2.46585,5.92593e-05,0.0147098,0.297157,12973.8,0.596196,0.350944,-0.4,0.25,27.3087,3.72449e+07,0.435232,0.0373722,0.307465,0.00159804,-0.513812,0.5515,-0.25795,nan,nan,nan,nan,-0.0202172,-0.0925099,-0.0254776,nan,-0.161929,0,-0.259427,-0.450426,nan,-0.820235,-0.395641,-0.528,0.67997,0.371,-0.825,-0.027,-0.025,-0.5
3032,-62.9903,630.667,-0.0703558,0,0.375,0.098697,1.00059,0.373386,-0.010392,2.46213,5.92593e-05,0.0104272,0.297066,14316.8,0.544638,0.313655,-0.4,0.25,28.1684,3.72572e+07,0.473902,0.0410087,0.338175,0.00187234,-0.593295,0.630667,-0.305767,nan,nan,nan,nan,-0.0238739,-0.109615,-0.0307501,nan,-0.188197,0,-0.29443,-0.507568,nan,-1.20074,-0.472285,-0.617667,0.785823,0.428,-0.972,-0.03,-0.00277778,-0.5
3033,-41.9469,423.2,-0.067889,0,0.208333,0.0995284,1.01161,0.390517,-0.0109683,2.45919,5.92593e-05,0.0120121,0.297026,13126.4,0.589245,0.346883,-0.4,0.25,29.106,3.72695e+07,0.338231,0.0219585,0.231417,0.00154647,-0.403565,0.4232,-0.2393,nan,nan,nan,nan,-0.0181375,-0.0795503,-0.0238689,nan,-0.126526,0,-0.194055,-0.337025,nan,-0.650523,-0.317589,-0.4248,0.563939,0.332,-0.6744,-0.0228,0.0025,-0.5
3034,-50.9454,601.75,-0.0696161,0,0.333333,0.0986394,0.999674,0.282294,-0.0110398,2.4573,5.92593e-05,0.0108674,0.296956,13450.1,0.572788,0.340812,-0.4,0.25,30.0212,3.72818e+07,0.530371,0.0328604,0.358789,0.00158894,-0.570274,0.60175,-0.315987,nan,nan,nan,nan,-0.0262816,-0.12073,-0.0331694,nan,-0.178806,-0.000125,-0.279473,-0.463065,nan,-1.01202,-0.445863,-0.57075,0.730225,0.4625,-0.89,-0.03375,0.0484375,-0.5
3035,-56.7795,666.6,-0.0702616,0,0.416667,0.0974465,0.985764,0.297062,-0.0120949,2.45306,5.92593e-05,0.0168015,0.296829,12591.4,0.602239,0.373664,-0.4,0.25,30.9985,3.72941e+07,0.571872,0.0394325,0.382527,0.00162301,-0.618981,0.6666,-0.29806,nan,nan,nan,nan,-0.0217813,-0.101721,-0.0292846,nan,-0.196428,-0.0004,-0.311181,-0.533831,nan,-0.972586,-0.491859,-0.6435,0.854134,0.4188,-1.02,-0.0306,-0.00375,-0.5
3036,-58.8418,651.5,-0.0615302,0,0.166667,0.0961768,0.997149,0.240072,-0.0103222,2.4475,5.92593e-05,0.010739,0.296681,12862.6,0.57552,0.37981,-0.4,0.25,31.9555,3.73064e+07,0.455687,0.0407087,0.354626,0.00144005,-0.608636,0.6515,-0.252775,nan,nan,nan,nan,-0.0216629,-0.0990113,-0.02679,nan,-0.191995,-0.00075,-0.302886,-0.494734,nan,-1.06153,-0.480988,-0.65925,0.856079,0.374,-0.992,-0.0175,0.034375,-0.5
3037,-61.5604,674.5,-0.0593415,0,0.0833333,0.0953003,1.00142,0.285643,-0.010169,2.44064,5.92593e-05,0.011288,0.296491,13377.7,0.582645,0.335899,-0.4,0.25,32.8756,3.73187e+07,0.478543,0.0412143,0.383668,0.00176734,-0.647676,0.6745,-0.32575,nan,nan,nan,nan,-0.0253917,-0.114809,-0.0326989,nan,-0.201338,0,-0.310394,-0.557389,nan,-1.02525,-0.516915,-0.6915,0.870403,0.442,-1.018,-0.028,0.025,-0.5
3038,-69.0925,806.5,-0.0654684,0,0.166667,0.0961715,0.97545,0.33343,-0.0125956,2.43365,5.92593e-05,0.0117011,0.296366,12966.9,0.591098,0.356543,-0.4,0.25,33.8247,3.73309e+07,0.675062,0.0478097,0.487712,0.00164648,-0.761693,0.8065,-0.328975,nan,nan,nan,nan,-0.0267065,-0.127981,-0.0320606,nan,-0.237034,0,-0.377629,-0.673819,nan,-1.26813,-0.59232,-0.78,1.03724,0.451,-1.279,-0.0325,0.05625,-0.5
3039,-58.969,708.667,-0.0674422,0,0.25,0.0955809,0.982418,0.251357,-0.0111614,2.42987,5.92593e-05,0.0141441,0.296296,13950.6,0.597995,0.282828,-0.4,0.25,34.707,3.73432e+07,0.595391,0.0471007,0.412192,0.00185415,-0.65991,0.708667,-0.3412,nan,nan,nan,nan,-0.0227746,-0.100338,-0.034171,nan,-0.208768,-0.000666667,-0.331077,-0.539942,nan,-1.15539,-0.50854,-0.6465,0.943035,0.48,-1.06333,-0.0303333,0.00625,-0.5
3040,-66.2738,791.429,-0.0676322,0,0.291667,0.0958211,0.990114,0.322996,-0.0109325,2.4261,5.92593e-05,0.0120596,0.296162,13543.2,0.580701,0.326616,-0.4,0.25,35.6158,3.73555e+07,0.664294,0.0463823,0.426601,0.00200122,-0.737828,0.791429,-0.362529,nan,nan,nan,nan,-0.0267151,-0.122064,-0.0353101,nan,-0.231087,-0.000142857,-0.369573,-0.620595,nan,-1.17843,-0.565515,-0.795429,1.06189,0.487429,-1.22857,-0.036,0.0160714,-0.5
3041,-80.5517,967,-0.0632895,0,0.0833333,0.0987571,0.986108,0.341917,-0.011489,2.41966,5.92593e-05,0.0126161,0.295992,13822.9,0.559598,0.329362,-0.4,0.25,36.506,3.73678e+07,0.758226,0.0588856,0.539903,0.00222859,-0.901029,0.967,-0.41685,nan,nan,nan,nan,-0.0303415,-0.148945,-0.0411183,nan,-0.285942,0,-0.447767,-0.764462,nan,-1.76627,-0.710841,-0.888,1.24399,0.63,-1.41,-0.035,0.11875,-0.5
3042,-70.8734,996.71,-0.0736506,11.9583,0.25,0.0935852,0.974079,0.292113,-0.0115326,2.41314,5.92593e-05,0.0157707,0.295858,12453.7,0.605295,0.381399,-0.4,0.25,37.4942,3.73801e+07,0.813525,0.0607149,0.572361,0.00232706,-0.937327,0.99671,-0.453866,nan,nan,nan,nan,-0.0321654,-0.163499,-0.0463576,nan,-0.293794,-0.000105802,-0.463816,-0.773876,nan,-1.56571,-0.729579,-0.937823,1.31101,0.638171,-1.52158,-0.0458294,0.0317406,-0.5
3043,-38.7274,515.7,-0.0669355,0.166667,0.25,0.0962227,0.988598,0.315103,-0.0116902,2.40814,5.92593e-05,0.0128744,0.295748,11404.2,0.693359,0.384138,-0.4,0.25,38.5736,3.73924e+07,0.454217,0.0296135,0.294458,0.00108491,-0.477377,0.5157,-0.19524,nan,nan,nan,nan,-0.0160332,-0.0699623,-0.0200783,nan,-0.151762,-0.0001,-0.243195,-0.412512,nan,-0.733992,-0.374072,-0.4755,0.690931,0.2876,-0.7972,-0.0176,0.00125,-0.5
3044,-49.9405,639.625,-0.0715603,0.291667,0.375,0.098626,0.986883,0.284907,-0.0102989,2.40394,5.92593e-05,0.00753852,0.295652,11317.4,0.631776,0.453985,-0.4,0.25,39.661,3.74047e+07,0.546277,0.0370021,0.368642,0.00148109,-0.604473,0.639625,-0.287206,nan,nan,nan,nan,-0.0219936,-0.0994855,-0.0293205,nan,-0.18973,-0.00025,-0.296058,-0.505753,nan,-0.944105,-0.470664,-0.59325,0.842113,0.372,-0.98575,-0.02925,0.034375,-0.5
3045,-34.2448,346.7,-0.0687792,0.0416667,0.375,0.0959019,0.994004,0.264016,-0.0116897,2.39949,5.92593e-05,0.00864893,0.295523,12888.8,0.623152,0.330237,-0.4,0.25,40.6158,3.7417e+07,0.258717,0.0228805,0.191013,0.0011125,-0.325796,0.3467,-0.14758,nan,nan,nan,nan,-0.0123379,-0.0524417,-0.0159873,nan,-0.102712,0,-0.160518,-0.288051,nan,-0.546534,-0.255544,-0.3117,0.463339,0.2232,-0.54,-0.015,0.005,-0.5
3046,-32.1234,368.111,-0.0686224,0.0833333,0.291667,0.0960633,0.999174,0.232318,-0.0119361,2.39376,5.92593e-05,0.0100307,0.295386,13260.4,0.572595,0.354076,-0.4,0.25,41.5463,3.74292e+07,0.289822,0.0206952,0.22308,0.000962304,-0.35113,0.368111,-0.137678,nan,nan,nan,nan,-0.0137693,-0.0637347,-0.0148773,nan,-0.109732,-0.000666667,-0.170085,-0.297854,nan,-0.425812,-0.27895,-0.326333,0.47156,0.181778,-0.572444,-0.0157778,0.00555556,-0.5
3047,-40.0336,570.625,-0.0683737,0.333333,0.333333,0.0960207,0.995411,0.231924,-0.0112709,2.38787,5.92593e-05,0.0157724,0.295229,13716.1,0.565724,0.330157,-0.4,0.25,42.444,3.74415e+07,0.492729,0.0358996,0.323983,0.00149572,-0.537257,0.570625,-0.214131,nan,nan,nan,nan,-0.0162187,-0.0703732,-0.0219327,nan,-0.167841,0,-0.263717,-0.438952,nan,-0.705642,-0.413388,-0.529125,0.79523,0.302,-0.892,-0.02025,0.0171875,-0.5
3048,-49.2342,700.429,-0.0624887,0.375,0.208333,0.0934395,0.995836,0.252549,-0.0115761,2.3803,5.92593e-05,0.0102653,0.295012,12728.4,0.597215,0.368188,-0.4,0.25,43.4108,3.74538e+07,0.588815,0.0444223,0.398053,0.00166501,-0.662274,0.700429,-0.27735,nan,nan,nan,nan,-0.0212217,-0.10022,-0.0286898,nan,-0.20701,-0.000357143,-0.324039,-0.529458,nan,-0.956969,-0.515301,-0.632786,0.963584,0.368286,-1.096,-0.0252857,0.0285714,-0.5
3049,-35.4162,459.667,-0.0648559,0.0833333,0.291667,0.0960921,0.98518,0.27456,-0.0104762,2.37211,5.92593e-05,0.0141389,0.294859,12229.8,0.619086,0.38567,-0.4,0.25,44.4171,3.74661e+07,0.378048,0.0238787,0.25401,0.000991788,-0.435783,0.459667,-0.162978,nan,nan,nan,nan,-0.0145614,-0.0611712,-0.0170991,nan,-0.135673,-0.000111111,-0.21356,-0.362993,nan,-0.482095,-0.334103,-0.440333,0.637054,0.222222,-0.717333,-0.0188889,0.0388889,-0.5
3050,-53.015,631,-0.0654359,0.166667,0.333333,0.0959298,0.994948,0.344528,-0.0105225,2.36587,5.92593e-05,0.0179115,0.29469,14277.1,0.562979,0.297702,-0.4,0.25,45.2796,3.74784e+07,0.497076,0.0375861,0.35998,0.00190922,-0.600722,0.631,-0.314417,nan,nan,nan,nan,-0.0255197,-0.119347,-0.0327233,nan,-0.187974,0,-0.288929,-0.496376,nan,-1.02095,-0.481509,-0.575,0.855668,0.437333,-0.989667,-0.0298333,0.025,-0.5
3051,-39.585,553,-0.0644637,0.0833333,0.291667,0.0964815,0.97873,0.36532,-0.011208,2.35999,5.92593e-05,0.0133536,0.294599,12296.6,0.610536,0.388765,-0.4,0.25,46.2803,3.74907e+07,0.472893,0.0344148,0.307799,0.00133822,-0.515943,0.553,-0.194756,nan,nan,nan,nan,-0.0158065,-0.06854,-0.0205795,nan,-0.162042,0,-0.256028,-0.415294,nan,-0.647814,-0.401184,-0.466,0.768626,0.28,-0.844,-0.0171111,0.0166667,-0.5
3052,-48.466,647.571,-0.0666897,0.291667,0.291667,0.0966215,0.980072,0.362334,-0.00941911,2.35716,5.92593e-05,0.0110114,0.294532,13281.7,0.587507,0.337673,-0.4,0.25,47.2074,3.7503e+07,0.526229,0.0397677,0.35055,0.00189599,-0.615679,0.647571,-0.2742,nan,nan,nan,nan,-0.022109,-0.105774,-0.0294145,nan,-0.192093,0,-0.298831,-0.510622,nan,-1.0007,-0.481766,-0.594857,0.909824,0.393143,-0.987714,-0.025,0.025,-0.5
3053,-55.8828,918.444,-0.0590536,0.333333,0.0416667,0.0949499,0.955839,0.316895,-0.00993695,2.3542,5.92593e-05,0.0157749,0.294457,12423.3,0.601145,0.387968,-0.4,0.25,48.1977,3.75153e+07,0.800083,0.0615771,0.53878,0.00178029,-0.854942,0.918444,-0.3333,nan,nan,nan,nan,-0.0213184,-0.10105,-0.0331389,nan,-0.267792,0,-0.426905,-0.685084,nan,-1.20432,-0.655055,-0.788,1.31676,0.431111,-1.41378,-0.0391111,0.0166667,-0.5
3054,-45.7314,701.455,-0.0627706,0.291667,0.166667,0.0960853,0.978473,0.307583,-0.0111879,2.35154,5.92593e-05,0.0087783,0.294421,10682.2,0.686273,0.464056,-0.4,0.25,49.3497,3.75276e+07,0.589837,0.0424935,0.399997,0.00166803,-0.658621,0.701455,-0.280745,nan,nan,nan,nan,-0.0219386,-0.0995104,-0.0297509,nan,-0.207334,-0.000363636,-0.322277,-0.542459,nan,-0.844838,-0.516313,-0.629455,1.0044,0.405455,-1.09127,-0.0256364,0.0204545,-0.5
3055,-47.9601,688.188,-0.066446,0.25,0.416667,0.0951974,0.980478,0.361414,-0.0100979,2.35046,5.92593e-05,0.0146881,0.294395,13224.2,0.593551,0.335652,-0.4,0.25,50.2802,3.75398e+07,0.587869,0.042591,0.397549,0.00160884,-0.642513,0.688187,-0.27005,nan,nan,nan,nan,-0.0225483,-0.0998487,-0.0288422,nan,-0.20243,-6.25e-05,-0.317924,-0.531723,nan,-0.857758,-0.499171,-0.6135,0.986779,0.391,-1.0745,-0.024125,0.00390625,-0.5
3056,-52.171,793.667,-0.061517,0.166667,0.0833333,0.0953553,0.97927,0.327447,-0.00999392,2.34842,5.92593e-05,0.0098301,0.294328,12408.9,0.591723,0.398531,-0.4,0.25,51.2721,3.75521e+07,0.638836,0.0551465,0.474618,0.00159379,-0.741792,0.793667,-0.3146,nan,nan,nan,nan,-0.0209439,-0.101949,-0.0314603,nan,-0.233814,0,-0.364894,-0.599418,nan,-1.05874,-0.577082,-0.71,1.11312,0.439333,-1.214,-0.027,0.0375,-0.5
3057,-42.8342,781.6,-0.0614079,0.125,0.0833333,0.0980985,0.994827,0.375921,-0.0110919,2.3448,5.92593e-05,0.0123167,0.294226,12628.8,0.684294,0.288719,-0.4,0.25,52.2477,3.75644e+07,0.660249,0.0468468,0.471859,0.0012881,-0.734828,0.7816,-0.2209,nan,nan,nan,nan,-0.0163244,-0.0690828,-0.0225109,nan,-0.230647,0,-0.362317,-0.586799,nan,-0.601639,-0.566158,-0.681,1.11715,0.3048,-1.2064,-0.0244,-0.0025,-0.5
3058,-44.583,625.545,-0.0677082,0.166667,0.291667,0.0967626,1.00181,0.345688,-0.00954689,2.34096,5.92593e-05,0.0136802,0.294158,13553.3,0.570331,0.33631,-0.4,0.25,53.1561,3.75767e+07,0.566059,0.0403708,0.366534,0.00141552,-0.590247,0.625545,-0.232045,nan,nan,nan,nan,-0.0186489,-0.0804307,-0.0231547,nan,-0.183686,-0.000454545,-0.289271,-0.470901,nan,-0.836921,-0.455297,-0.559091,0.902572,0.326909,-0.985818,-0.0223636,0.00795455,-0.5
3059,-60.9923,827.286,-0.0627052,0.166667,0.125,0.0951162,1.00181,0.318603,-0.010174,2.33818,5.92593e-05,0.0121937,0.294086,12787.3,0.603072,0.35788,-0.4,0.25,54.1184,3.7589e+07,0.67188,0.0503414,0.454167,0.00235052,-0.784088,0.827286,-0.417157,nan,nan,nan,nan,-0.0317505,-0.156361,-0.0437781,nan,-0.245334,-0.000428571,-0.379145,-0.637962,nan,-1.3032,-0.61066,-0.732429,1.19229,0.572,-1.28686,-0.0425714,0.0660714,-0.5
3060,-43.6433,538.429,-0.0594406,0.125,0.166667,0.0934628,0.978404,0.295973,-0.00852798,2.33489,5.92593e-05,0.012109,0.294001,13257.6,0.584259,0.342608,-0.4,0.25,55.0466,3.76013e+07,0.434192,0.0318234,0.302455,0.00177784,-0.514026,0.538429,-0.273557,nan,nan,nan,nan,-0.0196942,-0.0865067,-0.0288894,nan,-0.15978,-0.000285714,-0.24463,-0.40761,nan,-0.813269,-0.399652,-0.511286,0.763131,0.353143,-0.846857,-0.0314286,0.0160714,-0.5
3061,-52.3581,736.545,-0.058783,0.25,0.208333,0.0916834,0.97699,0.248231,-0.0104248,2.33058,5.92593e-05,0.0132823,0.293876,14602.4,0.563594,0.27791,-0.4,0.25,55.8897,3.76136e+07,0.568856,0.0475075,0.400211,0.00184939,-0.694396,0.736545,-0.304255,nan,nan,nan,nan,-0.0236808,-0.110906,-0.0323072,nan,-0.218362,0,-0.33766,-0.566775,nan,-1.008,-0.541707,-0.642273,1.05849,0.422909,-1.14182,-0.0287273,0.0238636,-0.5
3062,-38.6544,501.857,-0.0607616,0.0833333,0.208333,0.0944804,0.976193,0.291254,-0.0100736,2.32463,5.92593e-05,0.00635493,0.293709,12686.3,0.621463,0.347139,-0.4,0.25,56.8604,3.76259e+07,0.424682,0.0256593,0.276641,0.00151955,-0.477985,0.501857,-0.226214,nan,nan,nan,nan,-0.018224,-0.082633,-0.0237322,nan,-0.148963,-0.000285714,-0.229559,-0.389578,nan,-0.783065,-0.36958,-0.461571,0.716018,0.329714,-0.777143,-0.0214286,0.0464286,-0.5
3063,-59.7823,894,-0.0604023,0.25,0.125,0.0945782,0.986452,0.247728,-0.0114937,2.31665,5.92593e-05,0.0107702,0.293504,13515.1,0.571643,0.33756,-0.4,0.25,57.7713,3.76381e+07,0.804556,0.0538729,0.505014,0.00216707,-0.832439,0.894,-0.385122,nan,nan,nan,nan,-0.0272792,-0.132485,-0.039688,nan,-0.26357,-0.000111111,-0.411838,-0.680776,nan,-1.29717,-0.645146,-0.760667,1.28945,0.545778,-1.4,-0.0382222,-0.00277778,-0.5
3064,-60.5264,837.667,-0.0576867,0.0833333,0.0416667,0.0938826,0.96943,0.319531,-0.0102855,2.3095,5.92593e-05,0.0115795,0.293382,12962.9,0.623799,0.324136,-0.4,0.25,58.7206,3.76504e+07,0.615881,0.057048,0.447214,0.00196639,-0.797761,0.837667,-0.435133,nan,nan,nan,nan,-0.0265514,-0.120675,-0.0426562,nan,-0.246038,0,-0.387948,-0.617159,nan,-1.33227,-0.599757,-0.739,1.25052,0.616,-1.308,-0.0413333,0.00833333,-0.5
3065,-47.2392,738.556,-0.0606716,0.208333,0.166667,0.0943291,0.974756,0.380122,-0.0102197,2.30545,5.92593e-05,0.0141197,0.293297,12338.3,0.594081,0.401839,-0.4,0.25,59.7179,3.76627e+07,0.64007,0.0437196,0.435727,0.00142495,-0.700642,0.738556,-0.251656,nan,nan,nan,nan,-0.0229322,-0.111369,-0.0282874,nan,-0.219259,-0.000666667,-0.342273,-0.562855,nan,-0.917686,-0.540194,-0.622333,1.06636,0.356444,-1.14311,-0.0226667,0.0638889,-0.5
3066,-47.6551,859.286,-0.0588815,0.208333,0.0833333,0.0948469,0.973559,0.306297,-0.00999225,2.30208,5.92593e-05,0.0114153,0.293238,11499.7,0.655109,0.413438,-0.4,0.25,60.7879,3.7675e+07,0.778514,0.051179,0.506156,0.00187477,-0.808475,0.859286,-0.3125,nan,nan,nan,nan,-0.0209214,-0.102764,-0.0327095,nan,-0.251069,-0.00128571,-0.398865,-0.648325,nan,-0.963988,-0.603339,-0.709286,1.29098,0.451429,-1.32229,-0.0302857,0.0267857,-0.5
3067,-57.7494,866.417,-0.0602014,0.333333,0.166667,0.0926202,0.97885,0.312741,-0.0104126,2.30041,5.92593e-05,0.0075008,0.293219,13370.7,0.581677,0.33735,-0.4,0.25,61.7084,3.76873e+07,0.729419,0.0515077,0.49042,0.00213445,-0.812207,0.866417,-0.377267,nan,nan,nan,nan,-0.0273739,-0.137511,-0.0382601,nan,-0.253976,0,-0.402894,-0.649954,nan,-1.24356,-0.617157,-0.735,1.25979,0.521,-1.33867,-0.041,0.0333333,-0.5
3068,-56.4514,826.727,-0.0607579,0.25,0.208333,0.0916332,0.979227,0.329857,-0.0111504,2.29845,5.92593e-05,0.0137239,0.293138,14374.3,0.562261,0.292597,-0.4,0.25,62.5649,3.76996e+07,0.711689,0.0549611,0.47432,0.0019987,-0.77972,0.826727,-0.362255,nan,nan,nan,nan,-0.0288651,-0.13204,-0.0379001,nan,-0.244802,-9.09091e-05,-0.381208,-0.602566,nan,-1.23061,-0.601519,-0.693273,1.17413,0.524,-1.272,-0.0349091,0.0386364,-0.5
3069,-50.2233,642,-0.0594934,0.0416667,0.208333,0.0921676,0.985543,0.318339,-0.00913876,2.29427,5.92593e-05,0.0132409,0.293029,13193.6,0.575302,0.356057,-0.4,0.25,63.4976,3.77119e+07,0.517256,0.0425367,0.3565,0.00150927,-0.602043,0.642,-0.261017,nan,nan,nan,nan,-0.0212066,-0.0906059,-0.0271447,nan,-0.187376,0,-0.300082,-0.491848,nan,-0.965429,-0.456704,-0.529,0.918324,0.358,-0.984667,-0.026,0.0125,-0.5
3070,-46.3321,737.333,-0.0631901,0.208333,0.416667,0.0910031,0.979209,0.335934,-0.0101758,2.2904,5.92593e-05,0.0158306,0.292966,12466.4,0.592982,0.392708,-0.4,0.25,64.4848,3.77242e+07,0.65881,0.0488532,0.449153,0.00157957,-0.693573,0.737333,-0.276133,nan,nan,nan,nan,-0.0206272,-0.0908334,-0.0288917,nan,-0.217523,-6.66667e-05,-0.34029,-0.540234,nan,-0.867011,-0.53086,-0.5986,1.06758,0.384533,-1.1232,-0.0282667,0.025,-0.5
3071,-63.1748,962.833,-0.058134,0.208333,0.0416667,0.0915988,0.980125,0.285321,-0.00911559,2.28823,5.92593e-05,0.0151017,0.292927,12589.5,0.637686,0.338362,-0.4,0.25,65.4624,3.77364e+07,0.837609,0.0494533,0.559007,0.0021342,-0.917183,0.962833,-0.413583,nan,nan,nan,nan,-0.0310825,-0.155649,-0.0434856,nan,-0.287139,-0.00316667,-0.439473,-0.749715,nan,-1.31554,-0.716377,-0.8355,1.35987,0.554,-1.444,-0.038,-0.0104167,-0.5
3072,-51.7154,875.6,-0.0581606,0.125,0.0833333,0.0943913,0.974339,0.281747,-0.0107417,2.28592,5.92593e-05,0.0140823,0.29284,13666.7,0.556094,0.343023,-0.4,0.25,66.3629,3.77487e+07,0.847751,0.0559706,0.535521,0.00247486,-0.814172,0.8756,-0.42116,nan,nan,nan,nan,-0.0272512,-0.123126,-0.0424575,nan,-0.25592,0,-0.40232,-0.637797,nan,-1.1667,-0.62333,-0.7572,1.30684,0.5728,-1.2992,-0.0396,0.0275,-0.5
3073,-48.0849,856.25,-0.0597328,0.208333,0.125,0.0921216,0.953521,0.343048,-0.00999254,2.28185,5.92593e-05,0.012642,0.292749,13328.4,0.583134,0.33881,-0.4,0.25,67.2863,3.7761e+07,0.821675,0.0546822,0.506238,0.00160391,-0.79877,0.85625,-0.30815,nan,nan,nan,nan,-0.0199852,-0.097123,-0.0317272,nan,-0.250627,0,-0.397832,-0.641398,nan,-0.924407,-0.610026,-0.708,1.24785,0.4215,-1.31,-0.03475,0.00625,-0.5
3074,-52.5763,777,-0.0636121,0.166667,0.25,0.0929693,0.975288,0.360719,-0.00964768,2.2785,5.92593e-05,0.0113765,0.292695,13504.7,0.574852,0.335051,-0.4,0.25,68.1975,3.77733e+07,0.693672,0.0537825,0.459468,0.00169922,-0.73434,0.777,-0.32402,nan,nan,nan,nan,-0.0242205,-0.115063,-0.0321228,nan,-0.228617,-0.0001,-0.359859,-0.589318,nan,-1.05569,-0.55843,-0.6438,1.10609,0.428,-1.2004,-0.0338,0.05125,-0.5
3075,-65.696,930,-0.0607012,0.0833333,0.0416667,0.0949186,0.982841,0.422065,-0.00963418,2.27608,5.92593e-05,0.00982644,0.292624,14541.8,0.563341,0.281672,-0.4,0.25,69.044,3.77856e+07,0.887181,0.0522647,0.530283,0.00273004,-0.870912,0.93,-0.5258,nan,nan,nan,nan,-0.0364579,-0.18539,-0.0532511,nan,-0.275239,0,-0.430543,-0.686931,nan,-1.63743,-0.672779,-0.774,1.34214,0.778667,-1.42667,-0.0493333,-0.0166667,-0.5
3076,-48.4081,812.286,-0.0643884,0.291667,0.291667,0.093542,0.982237,0.450892,-0.00948,2.27277,5.92593e-05,0.0130893,0.292539,16354.6,0.507642,0.243705,-0.4,0.25,69.7967,3.77979e+07,0.718647,0.0498966,0.48938,0.00157367,-0.763528,0.812286,-0.280293,nan,nan,nan,nan,-0.0214494,-0.100857,-0.0295228,nan,-0.237555,0,-0.377825,-0.603971,nan,-1.16751,-0.576911,-0.649929,1.18534,0.385714,-1.25171,-0.0291429,0.0267857,-0.5
3077,-52.2684,968.4,-0.0564781,0.166667,0.0416667,0.092825,0.965265,0.255687,-0.00941193,2.26885,5.92593e-05,0.00920792,0.29244,16084.6,0.510333,0.253629,-0.4,0.25,70.562,3.78102e+07,0.818883,0.0726414,0.582283,0.00171727,-0.917307,0.9684,-0.32536,nan,nan,nan,nan,-0.0214833,-0.101548,-0.0330895,nan,-0.283769,0,-0.454945,-0.704205,nan,-1.08643,-0.676715,-0.7566,1.4206,0.4712,-1.4432,-0.032,-0.0125,-0.5
3078,-55.0995,813.625,-0.0609515,0.166667,0.166667,0.093852,0.968817,0.325665,-0.0101399,2.26408,5.92593e-05,0.0111757,0.292307,16205.5,0.514261,0.244001,-0.4,0.25,71.3216,3.78225e+07,0.676264,0.0467354,0.485205,0.00159626,-0.779267,0.813625,-0.3353,nan,nan,nan,nan,-0.0255794,-0.122211,-0.0354033,nan,-0.241962,0,-0.37668,-0.629309,nan,-1.06312,-0.594665,-0.68475,1.13053,0.4665,-1.2335,-0.0365,0.0328125,-0.5
3079,-37.7594,503.333,-0.0607234,0.0416667,0.208333,0.0925422,0.952713,0.374936,-0.00970661,2.2589,5.92593e-05,0.00993239,0.292216,16427.3,0.500541,0.247484,-0.4,0.25,72.0709,3.78348e+07,0.445896,0.0313694,0.3064,0.00122688,-0.481574,0.503333,-0.20345,nan,nan,nan,nan,-0.016414,-0.0767266,-0.0214333,nan,-0.149345,0,-0.232906,-0.385614,nan,-0.566413,-0.370616,-0.429,0.710382,0.26,-0.78,-0.0226667,0.00625,-0.5
3080,-55.6188,823.182,-0.0615092,0.166667,0.291667,0.0921544,0.960972,0.292524,-0.00880931,2.2556,5.92593e-05,0.00813766,0.292135,16310.8,0.511217,0.242149,-0.4,0.25,72.8256,3.7847e+07,0.697727,0.0491891,0.492091,0.00181815,-0.77524,0.823182,-0.306964,nan,nan,nan,nan,-0.025017,-0.113745,-0.0321452,nan,-0.242492,0,-0.381843,-0.600684,nan,-1.11315,-0.588109,-0.668727,1.19376,0.405091,-1.27745,-0.0307273,0.0306818,-0.5
3081,-38.1982,577.143,-0.0608523,0.0416667,0.25,0.0921126,0.963567,0.256395,-0.0104015,2.25115,5.92593e-05,0.00933765,0.291996,16540.8,0.497523,0.245367,-0.4,0.25,73.5699,3.78593e+07,0.518337,0.0406359,0.356927,0.0011728,-0.538717,0.577143,-0.193914,nan,nan,nan,nan,-0.0165336,-0.0620894,-0.0196654,nan,-0.168921,-0.000571429,-0.267728,-0.417162,nan,-0.641086,-0.411876,-0.453429,0.854637,0.252,-0.881714,-0.0177143,0.00892857,-0.5
3082,-66.3719,967,-0.0620516,0.208333,0.166667,0.0959627,0.989817,0.338003,-0.0111219,2.2454,5.92593e-05,0.01601,0.291883,16387.8,0.496492,0.253333,-0.4,0.25,74.321,3.78716e+07,0.854563,0.0583482,0.586204,0.00194667,-0.916539,0.967,-0.407811,nan,nan,nan,nan,-0.0314881,-0.156056,-0.0425779,nan,-0.286785,0,-0.446657,-0.752839,nan,-1.46258,-0.704006,-0.812,1.38702,0.586667,-1.49378,-0.0388889,0.0138889,-0.5
3083,-54.3211,720.2,-0.066296,0.0416667,0.375,0.0964522,0.974126,0.342697,-0.0103505,2.2415,5.92593e-05,0.0111874,0.291794,16349,0.498342,0.253263,-0.4,0.25,75.0739,3.78839e+07,0.625206,0.0486352,0.423857,0.00171254,-0.679433,0.7202,-0.3248,nan,nan,nan,nan,-0.0224017,-0.0975932,-0.0330323,nan,-0.213425,-0.0004,-0.331446,-0.54116,nan,-1.06845,-0.523396,-0.6213,1.02972,0.4616,-1.1056,-0.0308,0.01625,-0.5
3084,-56.7708,970.515,-0.069201,7.95833,0.375,0.0935407,0.948692,0.290042,-0.0108952,2.23814,5.92593e-05,0.0177966,0.29174,15994.4,0.519099,0.24917,-0.4,0.25,75.8434,3.78962e+07,0.862827,0.0628405,0.587652,0.00210801,-0.908417,0.970515,-0.409667,nan,nan,nan,nan,-0.0277711,-0.136667,-0.041658,nan,-0.284673,-0.000265,-0.450187,-0.719499,nan,-1.31495,-0.690389,-0.803505,1.42313,0.56134,-1.49408,-0.03961,0.0283125,-0.5
3085,-48.898,871.389,-0.0575729,0.583333,0.166667,0.0921515,0.981387,0.257364,-0.00966182,2.23556,5.92593e-05,0.0132093,0.291653,16464.5,0.501383,0.244948,-0.4,0.25,76.5914,3.79085e+07,0.800557,0.0580402,0.545,0.00204698,-0.817844,0.871389,-0.336394,nan,nan,nan,nan,-0.0229119,-0.10923,-0.0337774,nan,-0.25484,-0.000111111,-0.403988,-0.638762,nan,-1.03156,-0.618965,-0.701333,1.27626,0.439111,-1.34044,-0.0375556,0.0215278,-0.5
3086,-48.7769,703,-0.0614692,0.291667,0.291667,0.0942095,0.976496,0.364249,-0.0102648,2.23177,5.92593e-05,0.0124592,0.291596,16465.9,0.501673,0.244597,-0.4,0.25,77.339,3.79208e+07,0.63458,0.0488072,0.421455,0.0018525,-0.662898,0.703,-0.342579,nan,nan,nan,nan,-0.0231955,-0.10243,-0.0337899,nan,-0.206538,0,-0.325096,-0.515858,nan,-1.08263,-0.502565,-0.5955,1.01872,0.465429,-1.06857,-0.038,0.0169643,-0.5
3087,-42.5478,645.267,-0.0603115,0.333333,0.291667,0.0949571,0.974637,0.237706,-0.00979487,2.22901,5.92593e-05,0.00991746,0.291495,16458.9,0.49752,0.249067,-0.4,0.25,78.0868,3.79331e+07,0.5865,0.0423774,0.399789,0.00144873,-0.60561,0.645267,-0.284893,nan,nan,nan,nan,-0.0207002,-0.090834,-0.0289073,nan,-0.190659,0,-0.299105,-0.466004,nan,-0.919529,-0.462709,-0.5222,0.947576,0.3936,-0.9832,-0.0262667,-0.01,-0.5
3088,-42.5629,727.538,-0.059236,0.333333,0.208333,0.0951403,0.9688,0.226357,-0.00944265,2.22361,5.92593e-05,0.0158709,0.291359,16352.8,0.501164,0.250268,-0.4,0.25,78.8395,3.79453e+07,0.682777,0.0503726,0.445668,0.00150055,-0.677063,0.727538,-0.289231,nan,nan,nan,nan,-0.0197573,-0.0872113,-0.0285458,nan,-0.212431,0,-0.340329,-0.53398,nan,-0.922898,-0.510527,-0.579,1.07905,0.388308,-1.10185,-0.0293846,0.0211538,-0.5
3089,-43.1647,671.222,-0.0570975,0.208333,0.166667,0.0924578,0.975149,0.294552,-0.0105767,2.21829,5.92593e-05,0.0139036,0.291261,16734.8,0.490828,0.24345,-0.4,0.25,79.5753,3.79576e+07,0.580899,0.0457072,0.399949,0.00140446,-0.629701,0.671222,-0.250856,nan,nan,nan,nan,-0.0187813,-0.084879,-0.0255111,nan,-0.196775,0,-0.311265,-0.501033,nan,-0.905078,-0.479612,-0.536667,0.977628,0.334222,-1.01333,-0.0268889,0.0333333,-0.5
3090,-45.0552,779.769,-0.0609032,0.375,0.166667,0.0955154,0.968048,0.309159,-0.0109429,2.21428,5.92593e-05,0.0126983,0.291155,16247.2,0.500674,0.255639,-0.4,0.25,80.333,3.79699e+07,0.725379,0.046808,0.479029,0.00173046,-0.730441,0.779769,-0.284615,nan,nan,nan,nan,-0.0214284,-0.102501,-0.0298721,nan,-0.228558,-0.000461538,-0.363099,-0.574004,nan,-0.953923,-0.553979,-0.616385,1.13729,0.397538,-1.19415,-0.0255385,0.0125,-0.5
3091,-49.6216,813.462,-0.0586769,0.375,0.166667,0.0935248,0.964456,0.294147,-0.0100214,2.21055,5.92593e-05,0.0151721,0.291103,15345.7,0.50825,0.292493,-0.4,0.25,81.1351,3.79822e+07,0.719257,0.0547269,0.4904,0.00161796,-0.761293,0.813462,-0.352846,nan,nan,nan,nan,-0.0253564,-0.115911,-0.0364374,nan,-0.239153,-7.69231e-05,-0.374342,-0.613502,nan,-1.07228,-0.586072,-0.674077,1.18519,0.484615,-1.23385,-0.0316923,0.0403846,-0.5
3092,-48.8981,777.077,-0.0570392,0.375,0.166667,0.0930057,0.964341,0.334036,-0.00907634,2.20907,5.92593e-05,0.0136779,0.29108,16363.7,0.503897,0.247034,-0.4,0.25,81.8874,3.79945e+07,0.661359,0.045548,0.474098,0.00169357,-0.72853,0.777077,-0.348654,nan,nan,nan,nan,-0.0225682,-0.105014,-0.033706,nan,-0.228387,-7.69231e-05,-0.35782,-0.581279,nan,-1.06571,-0.555284,-0.624,1.14261,0.471692,-1.20369,-0.0383077,0.0278846,-0.5
3093,-46.6611,644.357,-0.0615826,0.291667,0.291667,0.0962367,0.98093,0.346628,-0.0105306,2.20706,5.92593e-05,0.0138421,0.291007,16338.9,0.500268,0.251802,-0.4,0.25,82.6408,3.80068e+07,0.52468,0.0392746,0.373935,0.00169325,-0.598815,0.644357,-0.309829,nan,nan,nan,nan,-0.0212053,-0.0971941,-0.0309649,nan,-0.18958,-0.000428571,-0.300335,-0.487728,nan,-1.02432,-0.458436,-0.524571,0.935092,0.428857,-0.974,-0.0322857,0.01875,-0.5
3094,-42.8317,593.812,-0.0652546,0.291667,0.375,0.0978024,0.980784,0.310244,-0.0106023,2.20421,5.92593e-05,0.0115229,0.290967,16567.9,0.49789,0.243784,-0.4,0.25,83.3839,3.80191e+07,0.521614,0.0450172,0.36118,0.0015513,-0.555655,0.593812,-0.284344,nan,nan,nan,nan,-0.0190893,-0.0837835,-0.02834,nan,-0.174563,-6.25e-05,-0.273601,-0.439779,nan,-0.972763,-0.425589,-0.501938,0.853134,0.38425,-0.89875,-0.028125,0.0046875,-0.5
3095,-46.2603,775.562,-0.0600398,0.416667,0.25,0.0948066,0.971981,0.333456,-0.0106551,2.20302,5.92593e-05,0.0081954,0.290947,16566.4,0.495736,0.246007,-0.4,0.25,84.1269,3.80314e+07,0.714658,0.0507394,0.491869,0.00166916,-0.723263,0.775562,-0.323712,nan,nan,nan,nan,-0.0224121,-0.105558,-0.0331468,nan,-0.227461,-6.25e-05,-0.360137,-0.556757,nan,-1.06776,-0.55265,-0.62025,1.13377,0.43825,-1.19525,-0.033,0.0226563,-0.5
3096,-51.9083,864.562,-0.0606095,0.541667,0.125,0.0961221,0.965118,0.404676,-0.00914366,2.20223,5.92593e-05,0.00724499,0.290933,16698.8,0.492262,0.243598,-0.4,0.25,84.8641,3.80436e+07,0.752564,0.0539181,0.518408,0.00191232,-0.809282,0.864562,-0.3613,nan,nan,nan,nan,-0.02554,-0.118794,-0.0375741,nan,-0.254943,-0.0006875,-0.397942,-0.63924,nan,-1.07658,-0.626174,-0.729938,1.25059,0.49075,-1.3195,-0.036875,0,-0.5
3097,-47.4014,839.368,-0.0630257,0.541667,0.25,0.0948649,0.968732,0.33772,-0.0107257,2.20027,5.92593e-05,0.0115581,0.290845,16740.3,0.489782,0.244256,-0.4,0.25,85.5996,3.80559e+07,0.749906,0.0571219,0.528275,0.00161425,-0.780006,0.839368,-0.288989,nan,nan,nan,nan,-0.0201475,-0.0890764,-0.0285801,nan,-0.245002,0,-0.39045,-0.617442,nan,-0.983716,-0.588444,-0.666474,1.22892,0.394737,-1.29811,-0.0314737,0.0157895,-0.5
3098,-38.7335,485,-0.0637258,0.0833333,0.291667,0.0942078,0.961124,0.358303,-0.00990978,2.19685,5.92593e-05,0.00813731,0.290799,16684.2,0.491438,0.245066,-0.4,0.25,86.3374,3.80682e+07,0.435956,0.0320109,0.293841,0.00140853,-0.447673,0.485,-0.230189,nan,nan,nan,nan,-0.0177349,-0.0760614,-0.0226404,nan,-0.141165,0,-0.225935,-0.369524,nan,-0.773719,-0.340462,-0.379667,0.714156,0.300889,-0.768,-0.0224444,0.00416667,-0.5
3099,-46.3085,699.4,-0.0611515,0.0833333,0.125,0.0953039,0.964837,0.342172,-0.0103667,2.19544,5.92593e-05,0.0135017,0.290773,16411.6,0.502865,0.245873,-0.4,0.25,87.0874,3.80805e+07,0.587539,0.0497959,0.422474,0.00157561,-0.655911,0.6994,-0.28912,nan,nan,nan,nan,-0.019435,-0.088048,-0.0288982,nan,-0.207061,0,-0.322315,-0.518259,nan,-0.901634,-0.506905,-0.579,1.03968,0.384,-1.076,-0.0248,0.0175,-0.5
3100,-44.3403,675.267,-0.0641298,0.25,0.375,0.0948538,0.97655,0.369629,-0.0103348,2.19379,5.92593e-05,0.0108217,0.290724,16888,0.485155,0.242461,-0.4,0.25,87.8163,3.80928e+07,0.618033,0.0451728,0.410921,0.00159315,-0.633847,0.675267,-0.279167,nan,nan,nan,nan,-0.0214132,-0.0939818,-0.0283598,nan,-0.197517,-0.0002,-0.313728,-0.504222,nan,-0.893573,-0.481495,-0.541,0.998602,0.3856,-1.04613,-0.0250667,0.0075,-0.5
3101,-42.6221,566.75,-0.0646668,0.166667,0.333333,0.0974583,0.972054,0.365551,-0.0109313,2.19092,5.92593e-05,0.00851848,0.290642,16648.3,0.498784,0.239311,-0.4,0.25,90.2696,3.81051e+07,0.501181,0.0328844,0.333834,0.0015105,-0.525894,0.56675,-0.277408,nan,nan,nan,nan,-0.0214177,-0.0928205,-0.029058,nan,-0.168587,-0.000333333,-0.258257,-0.428379,nan,-0.831918,-0.418994,-0.4815,0.818218,0.375333,-0.869,-0.026,0.00208333,-0.5
3102,-44.7213,761.75,-0.0575668,0.208333,0.125,0.0942826,0.973007,0.281429,-0.0111885,2.18696,5.92593e-05,0.0144578,0.290536,16394.8,0.497668,0.25184,-0.4,0.25,91.0208,3.81174e+07,0.653086,0.0510017,0.48296,0.00121699,-0.708738,0.76175,-0.256362,nan,nan,nan,nan,-0.0177658,-0.0790761,-0.0261188,nan,-0.22184,-0.001125,-0.355366,-0.559582,nan,-0.924126,-0.53448,-0.58875,1.11737,0.348,-1.177,-0.02925,0.015625,-0.5
3103,-56.3485,925,-0.0563025,0.291667,0.0833333,0.0937807,0.964798,0.310655,-0.0101605,2.1824,8.88889e-05,0.00497665,0.290437,16946.5,0.487284,0.237823,-0.4,0.25,91.7471,3.81297e+07,0.800464,0.0604574,0.56736,0.00204012,-0.861406,0.925,-0.423533,nan,nan,nan,nan,-0.0282596,-0.137602,-0.0440626,nan,-0.271047,0,-0.42992,-0.687143,nan,-1.37508,-0.65794,-0.729333,1.35425,0.597778,-1.37556,-0.04,0.0472222,-0.5
3104,-43.7303,632.857,-0.0604608,0.25,0.333333,0.0940722,0.952004,0.202695,-0.0116871,2.17694,8.88889e-05,0.0184397,0.290275,16679.2,0.497331,0.239397,-0.4,0.25,92.4852,3.8142e+07,0.535248,0.0382393,0.372667,0.00145652,-0.595076,0.632857,-0.265579,nan,nan,nan,nan,-0.0183923,-0.0826434,-0.0273139,nan,-0.186595,-0.000285714,-0.291423,-0.473939,nan,-0.862224,-0.456359,-0.509143,0.914384,0.356571,-0.971429,-0.027,0.0151786,-0.5
3105,-60.1939,1000,-0.0539258,0.125,0,0.0944082,0.9495,0.400222,-0.0116314,2.17102,8.88889e-05,0.0160893,0.290183,13271.4,0.572319,0.353581,-0.4,0.25,93.4124,3.81542e+07,0.8594,0.0798521,0.600229,0.00204489,-0.923538,1,-0.493367,nan,nan,nan,nan,-0.0302863,-0.145063,-0.0464119,nan,-0.291146,-0.000333333,-0.468762,-0.711779,nan,-1.42484,-0.698604,-0.843,1.45625,0.658667,-1.51333,-0.0506667,-0.025,nan
3106,-50.7782,688.667,-0.0572759,0.0416667,0.0833333,0.0953604,0.961051,0.275596,-0.0114364,2.16731,8.88889e-05,0.0133183,0.29008,13556.3,0.575771,0.330673,-0.4,0.25,94.3205,3.81665e+07,0.507527,0.0471111,0.386717,0.00140056,-0.631565,0.688667,-0.283367,nan,nan,nan,nan,-0.0192953,-0.0824326,-0.0290717,nan,-0.200658,0,-0.322262,-0.524194,nan,-0.943211,-0.480126,-0.609,0.970349,0.366667,-1.04933,-0.0286667,0.0291667,-0.5
3107,-58.4901,1000,-0.053698,0.375,0,0.0957864,0.953947,0.356527,-0.0128676,2.16232,8.88889e-05,0.0188835,0.289975,14150.3,0.564386,0.304005,-0.4,0.25,95.1902,3.81788e+07,0.891298,0.0612386,0.608315,0.00214435,-0.926144,1,-0.427744,nan,nan,nan,nan,-0.0276993,-0.132289,-0.0433389,nan,-0.292717,0,-0.462758,-0.736089,nan,-1.41368,-0.707691,-0.772,1.46404,0.569778,-1.54978,-0.0391111,0.00972222,nan
3108,-38.6145,666.7,-0.0619217,0.125,0.291667,0.0966071,0.954747,0.322822,-0.0120156,2.1591,8.88889e-05,0.0140136,0.289953,12674.9,0.569315,0.400161,-0.4,0.25,96.161,3.81911e+07,0.62755,0.0475605,0.403406,0.00129425,-0.611811,0.6667,-0.23395,nan,nan,nan,nan,-0.0161769,-0.0654582,-0.0227695,nan,-0.193473,-0.0002,-0.311348,-0.4818,nan,-0.711104,-0.461415,-0.504,0.97927,0.328,-1.0048,-0.0212,0.005,-0.5
3109,-50.2486,901.867,-0.0570125,0.5,0.125,0.0958957,0.966748,0.282431,-0.0127024,2.15707,8.88889e-05,0.0147182,0.289857,12571.9,0.626073,0.351342,-0.4,0.25,97.1401,3.82034e+07,0.798839,0.0627311,0.57478,0.0018716,-0.83163,0.901867,-0.367433,nan,nan,nan,nan,-0.0229942,-0.10767,-0.0370099,nan,-0.263817,-0.000266667,-0.417999,-0.646435,nan,-1.159,-0.632512,-0.7064,1.31628,0.508533,-1.3576,-0.0390667,0.0125,-0.5
3110,-45.9143,716.167,-0.0586535,0.25,0.25,0.096262,0.951248,0.334024,-0.0110703,2.15221,8.88889e-05,0.0173647,0.289752,13679.4,0.562401,0.335887,-0.4,0.25,98.0396,3.82157e+07,0.665971,0.0471512,0.457882,0.00187492,-0.666712,0.716167,-0.326525,nan,nan,nan,nan,-0.0236128,-0.106427,-0.0314963,nan,-0.209882,0,-0.331929,-0.524169,nan,-1.00535,-0.50878,-0.5585,1.04021,0.438,-1.09833,-0.0316667,0.0104167,-0.5
3111,-60.7703,813.4,-0.0533324,0.25,0.166667,0.0941635,0.94614,0.292359,-0.0116334,2.14756,8.88889e-05,0.0186554,0.289634,13642.6,0.598294,0.302417,-0.4,0.25,98.942,3.8228e+07,0.627901,0.0501324,0.470681,0.00204054,-0.76683,0.8134,-0.39819,nan,nan,nan,nan,-0.0260215,-0.115741,-0.0398882,nan,-0.239327,0,-0.377436,-0.619689,nan,-1.42297,-0.582093,-0.6864,1.17471,0.5388,-1.2244,-0.0422,0.025,-0.5
3112,-53.9835,861,-0.0544488,0.25,0.0833333,0.0944168,0.962088,0.406908,-0.0115242,2.14285,8.88889e-05,0.0102877,0.289551,13488.8,0.581136,0.329842,-0.4,0.25,99.8546,3.82403e+07,0.759496,0.0511168,0.530108,0.00187053,-0.799631,0.861,-0.3932,nan,nan,nan,nan,-0.0252279,-0.121583,-0.0395054,nan,-0.252306,-0.000125,-0.398094,-0.651654,nan,-1.21669,-0.610456,-0.7275,1.26776,0.532,-1.308,-0.03825,0.0046875,-0.5
3113,-40.441,546.25,-0.0629134,0.166667,0.5,0.0948965,0.960181,0.33727,-0.0112152,2.13928,8.88889e-05,0.0157593,0.289452,13741.9,0.565462,0.328738,-0.4,0.25,100.75,3.82525e+07,0.458289,0.0347598,0.328137,0.0014759,-0.505864,0.54625,-0.255794,nan,nan,nan,nan,-0.0180878,-0.0745631,-0.0247445,nan,-0.16032,-0.0003125,-0.254659,-0.403742,nan,-0.803111,-0.385959,-0.435,0.776407,0.3505,-0.83275,-0.024875,-0.0132812,-0.5
3114,-52.0984,859.6,-0.0571119,0.208333,0.208333,0.0952656,0.954316,0.375956,-0.00999871,2.13462,8.88889e-05,0.0166465,0.289347,13535.2,0.564837,0.343017,-0.4,0.25,101.66,3.82648e+07,0.756454,0.0576084,0.525978,0.00170647,-0.794538,0.8596,-0.35214,nan,nan,nan,nan,-0.0268922,-0.124289,-0.0360796,nan,-0.252723,-0.0002,-0.398124,-0.624576,nan,-1.08689,-0.610091,-0.6819,1.26867,0.4812,-1.3104,-0.0298,0.0225,-0.5
3115,-48.1587,857.125,-0.0513252,0.25,0.0833333,0.0911509,0.960267,0.278968,-0.00968865,2.13131,5.92593e-05,0.0213243,0.289312,15727.4,0.529572,0.251742,-0.4,0.25,102.442,3.82771e+07,0.776121,0.0567471,0.532383,0.0017558,-0.781164,0.857125,-0.392025,nan,nan,nan,nan,-0.0224515,-0.10208,-0.0382428,nan,-0.249782,0,-0.400253,-0.630321,nan,-1.10075,-0.594019,-0.6735,1.27339,0.5235,-1.2885,-0.04025,0.009375,-0.5
3116,-36.6021,655.125,-0.0570741,0.166667,0.166667,0.0945116,0.964132,0.346508,-0.00994447,2.1298,5.92593e-05,0.0064928,0.289247,16183.9,0.514117,0.245158,-0.4,0.25,103.203,3.82894e+07,0.599701,0.0493716,0.387747,0.00101161,-0.603898,0.655125,-0.22605,nan,nan,nan,nan,-0.0156179,-0.066024,-0.0228686,nan,-0.190446,-0.000125,-0.307469,-0.483619,nan,-0.648344,-0.45494,-0.492375,0.953967,0.296,-0.99,-0.02125,8.67362e-19,-0.5
3117,-57.5846,960.6,-0.0526311,0.166667,0.0416667,0.0907443,0.957983,0.279833,-0.00919283,2.12556,5.92593e-05,0.0109044,0.289125,12967.7,0.559758,0.387827,-0.4,0.25,104.152,3.83017e+07,0.778697,0.0565809,0.564262,0.00212054,-0.892257,0.9606,-0.40018,nan,nan,nan,nan,-0.0278902,-0.138316,-0.0423844,nan,-0.283306,0,-0.445849,-0.734005,nan,-1.28481,-0.683734,-0.8112,1.39454,0.6008,-1.396,-0.0344,0.0375,-0.5
3118,-44.3122,734.571,-0.0515665,0.166667,0.125,0.0926145,0.951412,0.29201,-0.0100284,2.12059,5.92593e-05,0.0143025,0.289017,12124.8,0.623869,0.389591,-0.4,0.25,105.167,3.8314e+07,0.649143,0.0501059,0.446613,0.00138384,-0.689329,0.734571,-0.282457,nan,nan,nan,nan,-0.0185601,-0.0847537,-0.0273861,nan,-0.214095,0,-0.344203,-0.552806,nan,-0.852548,-0.510621,-0.592286,1.08754,0.369143,-1.13771,-0.0277143,-0.00535714,-0.5
3119,-51.2049,875.125,-0.0543738,0.25,0.0833333,0.0947317,0.963576,0.199159,-0.0103634,2.11625,5.92593e-05,0.0112807,0.288928,12947.8,0.599434,0.349607,-0.4,0.25,106.117,3.83263e+07,0.747738,0.0597781,0.542735,0.00215978,-0.81006,0.875125,-0.430862,nan,nan,nan,nan,-0.0260297,-0.113722,-0.0412034,nan,-0.257064,0,-0.403438,-0.613153,nan,-1.16386,-0.620931,-0.7065,1.2986,0.5865,-1.322,-0.04375,0.0046875,-0.5
3120,-47.6564,836.5,-0.0517542,0.25,0.0833333,0.0933949,0.964651,0.314744,-0.00921135,2.11218,5.92593e-05,0.0129038,0.288818,13859.4,0.572164,0.314451,-0.4,0.25,107.005,3.83386e+07,0.763477,0.0469414,0.527243,0.0020001,-0.765457,0.8365,-0.3983,nan,nan,nan,nan,-0.0263273,-0.12032,-0.0394234,nan,-0.24398,0,-0.387396,-0.609764,nan,-1.08422,-0.584553,-0.65625,1.24032,0.533,-1.2865,-0.0345,0.0296875,-0.5
3121,-47.7162,1000,-0.0529978,0.166667,0,0.0918002,0.954561,0.354993,-0.0100654,2.10819,5.92593e-05,0.0148691,0.288779,15785,0.532702,0.245759,-0.4,0.25,107.785,3.83508e+07,0.937726,0.0662586,0.642081,0.00153894,-0.928891,1,-0.327025,nan,nan,nan,nan,-0.0199661,-0.0915494,-0.0314729,nan,-0.292075,0,-0.463488,-0.732812,nan,-1.05682,-0.699215,-0.78,1.47177,0.449,-1.549,-0.035,0.053125,nan
3122,-54.7707,891.222,-0.0583229,0.458333,0.291667,0.0940738,0.951439,0.324819,-0.0102385,2.10662,5.92593e-05,0.0106003,0.288713,13389.9,0.562433,0.355277,-0.4,0.25,108.704,3.83631e+07,0.732847,0.0575269,0.544191,0.00191216,-0.825803,0.891222,-0.37785,nan,nan,nan,nan,-0.0267301,-0.122967,-0.038771,nan,-0.261319,-0.000222222,-0.413158,-0.65387,nan,-1.17221,-0.628949,-0.7005,1.27975,0.523333,-1.36289,-0.0403333,0.0506944,-0.5
3123,-46.0842,689.667,-0.0544967,0.0833333,0.166667,0.093323,0.967411,0.391201,-0.00900829,2.10351,5.92593e-05,0.0103745,0.288667,13193.7,0.588781,0.34257,-0.4,0.25,109.637,3.83754e+07,0.575305,0.0456798,0.428402,0.00150553,-0.635233,0.689667,-0.292283,nan,nan,nan,nan,-0.0215623,-0.0950659,-0.0282341,nan,-0.203649,0,-0.318273,-0.503213,nan,-0.935363,-0.492774,-0.5285,1.00346,0.412,-1.03333,-0.029,-0.0104167,-0.5
3124,-44.8147,872.143,-0.0533448,0.208333,0.0833333,0.0939272,0.962341,0.340856,-0.00993518,2.10139,5.92593e-05,0.0116305,0.288599,13729.9,0.565732,0.329246,-0.4,0.25,110.533,3.83877e+07,0.825888,0.057501,0.551795,0.0016518,-0.795227,0.872143,-0.307714,nan,nan,nan,nan,-0.0206488,-0.0910873,-0.0317118,nan,-0.252126,-0.000142857,-0.408892,-0.637625,nan,-0.903223,-0.604515,-0.675429,1.30063,0.412,-1.34,-0.0368571,-0.0142857,-0.5
3125,-53.6731,996.835,-0.0557557,5.66667,0.125,0.0952255,0.949387,0.34079,-0.0105904,2.09773,5.92593e-05,0.0160246,0.28852,14424.2,0.564194,0.287709,-0.4,0.25,111.387,3.84e+07,0.890251,0.0670075,0.625868,0.00193436,-0.915796,0.996835,-0.40327,nan,nan,nan,nan,-0.0249101,-0.117124,-0.0398952,nan,-0.289661,-0.000266187,-0.464023,-0.717974,nan,-1.30229,-0.692287,-0.78518,1.47462,0.542791,-1.5116,-0.0427338,0.0160971,-0.5
3126,-47.7242,829.867,-0.0626104,0.458333,0.166667,0.0965776,0.969556,0.270336,-0.0103832,2.09493,5.92593e-05,0.0100152,0.288472,16163.6,0.503123,0.257102,-0.4,0.25,112.148,3.84123e+07,0.723411,0.0548958,0.521158,0.00181789,-0.763518,0.829867,-0.338413,nan,nan,nan,nan,-0.0212351,-0.0954897,-0.0332237,nan,-0.241664,-0.000133333,-0.387904,-0.603284,nan,-1.06514,-0.576458,-0.6488,1.22007,0.462933,-1.2768,-0.0341333,0.0191667,-0.5
3127,-46.4048,882.733,-0.0560677,0.541667,0.0833333,0.0939218,0.953433,0.23814,-0.0112805,2.09135,5.92593e-05,0.0108833,0.288331,16519.4,0.499599,0.244252,-0.4,0.25,112.893,3.84246e+07,0.785128,0.0608455,0.552832,0.00163969,-0.811827,0.882733,-0.3513,nan,nan,nan,nan,-0.0221676,-0.104911,-0.0352028,nan,-0.256614,-0.0004,-0.413687,-0.618309,nan,-1.11197,-0.605567,-0.6678,1.30104,0.490933,-1.3168,-0.038,0.0258333,-0.5
3128,-49.8402,757.154,-0.0537617,0.375,0.166667,0.0930169,0.95177,0.238738,-0.0101357,2.08533,5.92593e-05,0.00837475,0.288216,12780.3,0.611855,0.349622,-0.4,0.25,113.856,3.84369e+07,0.602531,0.0503294,0.441786,0.00177998,-0.693758,0.757154,-0.3391,nan,nan,nan,nan,-0.0214041,-0.0971406,-0.0352753,nan,-0.220955,-0.000307692,-0.350509,-0.552866,nan,-1.15816,-0.532568,-0.677308,1.0964,0.472308,-1.15569,-0.0366154,0.0221154,-0.5
3129,-48.458,790.529,-0.0552115,0.5,0.208333,0.0928297,0.948056,0.270645,-0.00992529,2.08058,5.92593e-05,0.0105765,0.288096,13703.7,0.57297,0.323724,-0.4,0.25,114.754,3.84492e+07,0.699083,0.0528943,0.471612,0.00155251,-0.726508,0.790529,-0.346312,nan,nan,nan,nan,-0.0230866,-0.107921,-0.0342222,nan,-0.230434,-0.000529412,-0.369548,-0.576642,nan,-1.10906,-0.549418,-0.647294,1.14134,0.456235,-1.21176,-0.0377647,0.0161765,-0.5
3130,-46.6343,816.455,-0.0525986,0.291667,0.166667,0.0919797,0.945959,0.260712,-0.00953414,2.07561,5.92593e-05,0.00730057,0.288001,14521.2,0.566577,0.279632,-0.4,0.25,115.602,3.84614e+07,0.684688,0.0515389,0.498161,0.00143699,-0.755723,0.816455,-0.333018,nan,nan,nan,nan,-0.0206043,-0.0948269,-0.0323969,nan,-0.23768,-0.000363636,-0.38324,-0.596194,nan,-0.990599,-0.56039,-0.634909,1.19763,0.462182,-1.20182,-0.0327273,0.0125,-0.5
3131,-57.1683,995.7,-0.0525186,0.375,0.0416667,0.0934423,0.951916,0.229258,-0.00969917,2.07066,5.92593e-05,0.013564,0.287845,15582.2,0.532874,0.255719,-0.4,0.25,116.392,3.84737e+07,0.852489,0.0632583,0.624207,0.0019437,-0.915767,0.9957,-0.39914,nan,nan,nan,nan,-0.0252035,-0.117853,-0.0402643,nan,-0.288652,0,-0.463261,-0.737733,nan,-1.28564,-0.691421,-0.8118,1.44183,0.5256,-1.5044,-0.0448,0.0125,-0.5
3132,-51.0645,876.455,-0.057083,0.333333,0.125,0.096721,0.942955,0.271597,-0.00966066,2.06345,5.92593e-05,0.0116179,0.287688,16676.1,0.496304,0.24056,-0.4,0.25,117.13,3.8486e+07,0.781937,0.0544237,0.539281,0.00204719,-0.798186,0.876455,-0.398264,nan,nan,nan,nan,-0.0244957,-0.111195,-0.0386276,nan,-0.255014,0,-0.409829,-0.628571,nan,-1.19692,-0.602845,-0.699,1.29467,0.524727,-1.31564,-0.0436364,0.0318182,-0.5
3133,-50.9597,885.714,-0.0561166,0.416667,0.166667,0.0945042,0.966992,0.353968,-0.00913406,2.0579,5.92593e-05,0.0103674,0.287603,16520.1,0.504678,0.239143,-0.4,0.25,117.875,3.84983e+07,0.793557,0.0609831,0.541569,0.00163636,-0.813215,0.885714,-0.373286,nan,nan,nan,nan,-0.0241597,-0.112738,-0.0365351,nan,-0.259205,-7.14286e-05,-0.413124,-0.645872,nan,-1.09037,-0.622552,-0.703929,1.29026,0.523714,-1.35686,-0.0381429,-0.0125,-0.5
3134,-42.7126,772.667,-0.0554434,0.291667,0.208333,0.0931596,0.962205,0.288043,-0.00959705,2.05505,5.92593e-05,0.0052948,0.287542,16800.6,0.485816,0.245588,-0.4,0.25,118.608,3.85106e+07,0.686897,0.0539662,0.470055,0.00131728,-0.69743,0.772667,-0.290708,nan,nan,nan,nan,-0.0174261,-0.0814207,-0.0271385,nan,-0.221224,0,-0.364679,-0.542258,nan,-0.988328,-0.519401,-0.58925,1.13358,0.399667,-1.175,-0.0291667,0.015625,-0.5
3135,-44.3193,747.889,-0.0605072,0.416667,0.333333,0.0943873,0.959581,0.291482,-0.00981884,2.05179,5.92593e-05,0.00878569,0.287458,14691.9,0.495453,0.340924,-0.4,0.25,119.446,3.85229e+07,0.660926,0.046955,0.45803,0.00140157,-0.685532,0.747889,-0.305472,nan,nan,nan,nan,-0.0196552,-0.0889572,-0.030353,nan,-0.217025,-0.000222222,-0.350596,-0.552666,nan,-0.913692,-0.515211,-0.586167,1.08877,0.414,-1.13267,-0.0315556,0.0180556,-0.5
3136,-52.2617,889.429,-0.0552464,0.458333,0.125,0.0934561,0.969492,0.30819,-0.0103132,2.04832,5.92593e-05,0.0102156,0.287388,12499.7,0.637648,0.345413,-0.4,0.25,120.431,3.85352e+07,0.771042,0.0591847,0.549996,0.00195395,-0.816774,0.889429,-0.384614,nan,nan,nan,nan,-0.0239472,-0.112354,-0.0375518,nan,-0.259449,-0.000142857,-0.414914,-0.641558,nan,-1.19604,-0.618728,-0.699429,1.28656,0.513714,-1.34029,-0.0382857,0.00625,-0.5
3137,-49.2168,838,-0.055364,0.458333,0.125,0.0938247,0.962212,0.328464,-0.0108943,2.04523,5.92593e-05,0.0102251,0.287308,13580.9,0.576953,0.327845,-0.4,0.25,121.337,3.85475e+07,0.699378,0.0573648,0.513688,0.00141642,-0.768505,0.838,-0.332436,nan,nan,nan,nan,-0.0217435,-0.100462,-0.0330623,nan,-0.243138,-0.000214286,-0.390776,-0.606909,nan,-1.19272,-0.578765,-0.651429,1.24156,0.430857,-1.278,-0.0372857,0.0142857,-0.5
3138,-45.0579,790.412,-0.0572393,0.5,0.208333,0.0963533,0.961674,0.34819,-0.00979362,2.04153,5.92593e-05,0.0119689,0.287242,14567.2,0.571472,0.272068,-0.4,0.25,122.182,3.85597e+07,0.735644,0.0578038,0.487465,0.00159759,-0.725105,0.790412,-0.328347,nan,nan,nan,nan,-0.0208932,-0.100505,-0.0324317,nan,-0.229195,-0.000176471,-0.36817,-0.571993,nan,-1.0749,-0.545356,-0.605118,1.16694,0.436941,-1.21906,-0.0415294,0.0169118,-0.5
3139,-45.1772,888.538,-0.0560599,0.458333,0.0833333,0.0949494,0.955104,0.313185,-0.00905171,2.03896,5.92593e-05,0.00732708,0.28718,15368.6,0.552189,0.247365,-0.4,0.25,122.983,3.8572e+07,0.838199,0.0560595,0.550079,0.00170295,-0.809292,0.888538,-0.383015,nan,nan,nan,nan,-0.0224291,-0.106505,-0.0357962,nan,-0.256612,-0.000153846,-0.417441,-0.61429,nan,-1.06902,-0.600138,-0.678,1.33679,0.501846,-1.31877,-0.0436923,-8.00642e-19,-0.5
3140,-39.3525,772.875,-0.0589905,0.416667,0.25,0.0944808,0.953343,0.351379,-0.00991327,2.03579,5.92593e-05,0.0159827,0.287089,15602.9,0.489358,0.298189,-0.4,0.25,123.771,3.85843e+07,0.740912,0.0560476,0.500068,0.00131238,-0.703896,0.772875,-0.276594,nan,nan,nan,nan,-0.0181381,-0.0823317,-0.0272161,nan,-0.222945,-0.00025,-0.364291,-0.559333,nan,-0.824152,-0.524877,-0.587625,1.14403,0.37175,-1.15825,-0.027375,0.0101562,-0.5
3141,-35.8823,733.7,-0.0580324,0.291667,0.125,0.0971592,0.959457,0.307882,-0.0106314,2.03235,5.92593e-05,0.00799908,0.287035,12707.3,0.622846,0.344161,-0.4,0.25,124.74,3.85966e+07,0.701198,0.0525575,0.465237,0.0014901,-0.665736,0.7337,-0.30895,nan,nan,nan,nan,-0.0175825,-0.0765982,-0.0300941,nan,-0.213242,-0.0004,-0.339894,-0.519998,nan,-0.742329,-0.500045,-0.5973,1.10137,0.4216,-1.082,-0.0346,0.0075,-0.5
3142,-44.2442,801.133,-0.0615132,0.375,0.25,0.0950751,0.969315,0.277273,-0.0112177,2.02972,5.92593e-05,0.0139646,0.286951,13344.9,0.595541,0.325262,-0.4,0.25,125.662,3.86089e+07,0.718612,0.0545829,0.518767,0.00127468,-0.734915,0.801133,-0.291027,nan,nan,nan,nan,-0.0199452,-0.0899898,-0.0286552,nan,-0.232869,-0.0002,-0.372671,-0.57459,nan,-0.922293,-0.554518,-0.6084,1.17423,0.400533,-1.2248,-0.0281333,0.00166667,-0.5
3143,-48.2795,861.944,-0.0587413,0.5,0.25,0.0937624,0.944428,0.288103,-0.0102429,2.02572,5.92593e-05,0.0134488,0.286863,14384.2,0.564845,0.289425,-0.4,0.25,126.518,3.86212e+07,0.723389,0.0614344,0.541223,0.00155288,-0.783316,0.861944,-0.344422,nan,nan,nan,nan,-0.0225269,-0.105612,-0.0336922,nan,-0.24979,-0.000166667,-0.402785,-0.62319,nan,-1.04131,-0.592241,-0.6735,1.26967,0.48,-1.298,-0.0333333,0.0173611,-0.5
3144,-49.9358,821,-0.0546198,0.166667,0.0833333,0.0947327,0.96623,0.387753,-0.0103328,2.02228,5.92593e-05,0.00915926,0.286787,15997.1,0.531298,0.236842,-0.4,0.25,127.287,3.86335e+07,0.628973,0.0560728,0.482398,0.00173784,-0.763842,0.821,-0.359817,nan,nan,nan,nan,-0.0264583,-0.120296,-0.0363727,nan,-0.23939,0,-0.383291,-0.611973,nan,-0.980975,-0.57329,-0.6215,1.20315,0.476,-1.25467,-0.038,0.0104167,-0.5
3145,-57.3957,916,-0.0538168,0.333333,0.0416667,0.0949117,0.949438,0.399977,-0.00977788,2.02009,5.92593e-05,0.0099514,0.286764,16283.3,0.502141,0.252499,-0.4,0.25,128.043,3.86458e+07,0.78563,0.0630041,0.556214,0.00218327,-0.837118,0.916,-0.469678,nan,nan,nan,nan,-0.0292722,-0.139631,-0.0460753,nan,-0.268414,0,-0.422772,-0.679178,nan,-1.43274,-0.643182,-0.747333,1.32002,0.654222,-1.37733,-0.0437778,0.025,-0.5
3146,-42.4156,740.5,-0.0580146,0.208333,0.125,0.0966027,0.959955,0.303725,-0.0106763,2.01882,5.92593e-05,0.0100289,0.286719,14271.8,0.514925,0.346073,-0.4,0.25,128.906,3.8658e+07,0.625583,0.0533094,0.442136,0.00110486,-0.676417,0.7405,-0.2784,nan,nan,nan,nan,-0.0181686,-0.0864709,-0.0267952,nan,-0.215604,-0.002375,-0.345224,-0.525762,nan,-0.844597,-0.50171,-0.5775,1.0643,0.36,-1.122,-0.032,0.0328125,-0.5
3147,-45.642,839,-0.0540084,0.0833333,0.0416667,0.0986022,0.954374,0.328269,-0.0100607,2.01616,5.92593e-05,0.00668274,0.286648,13289.6,0.593219,0.331417,-0.4,0.25,129.832,3.86703e+07,0.796749,0.0670607,0.504711,0.00192692,-0.756603,0.839,-0.3961,nan,nan,nan,nan,-0.0229082,-0.104972,-0.0374866,nan,-0.241186,-0.000333333,-0.385832,-0.59691,nan,-0.980815,-0.571618,-0.676,1.25138,0.537333,-1.28267,-0.0393333,-0.0208333,-0.5
3148,-48.1509,746.286,-0.0562079,0.125,0.166667,0.0939132,0.9707,0.252561,-0.00994545,2.01213,5.92593e-05,0.00879812,0.286534,13136.4,0.58634,0.349075,-0.4,0.25,130.769,3.86826e+07,0.598954,0.0521789,0.441469,0.00122972,-0.677346,0.746286,-0.299486,nan,nan,nan,nan,-0.0221521,-0.0903303,-0.0306667,nan,-0.216021,-0.000285714,-0.350384,-0.533843,nan,-0.967942,-0.511948,-0.609857,1.08125,0.403429,-1.11771,-0.0311429,0.0125,-0.5
3149,-50.6414,851.364,-0.0586429,0.25,0.208333,0.0944998,0.9716,0.352854,-0.00993318,2.00784,5.92593e-05,0.00834926,0.286485,14524.8,0.587102,0.258899,-0.4,0.25,131.617,3.86949e+07,0.742249,0.0615185,0.528861,0.00195057,-0.770039,0.851364,-0.388091,nan,nan,nan,nan,-0.0223004,-0.10148,-0.0362837,nan,-0.244841,0,-0.40002,-0.611384,nan,-1.14176,-0.570305,-0.634909,1.26326,0.517455,-1.30182,-0.0425455,-0.00568182,-0.5
3150,-41.7743,757.583,-0.0608238,0.25,0.25,0.0964498,0.967846,0.287674,-0.0109843,2.0047,5.92593e-05,0.0139613,0.286358,14929,0.561274,0.26182,-0.4,0.25,132.441,3.87072e+07,0.663008,0.0520042,0.476933,0.00142366,-0.683358,0.757583,-0.263783,nan,nan,nan,nan,-0.0182879,-0.0763857,-0.0256209,nan,-0.21859,0,-0.353287,-0.541955,nan,-0.784548,-0.516291,-0.60025,1.11577,0.339667,-1.15767,-0.028,0.0229167,-0.5
3151,-45.4244,799.688,-0.0566065,0.458333,0.208333,0.0964645,0.981324,0.345691,-0.00979232,1.99849,5.92593e-05,0.010422,0.286231,12950.9,0.554695,0.394119,-0.4,0.25,133.392,3.87195e+07,0.697804,0.0565029,0.493763,0.00166454,-0.718295,0.799687,-0.334069,nan,nan,nan,nan,-0.0211003,-0.0936857,-0.0322479,nan,-0.230521,-0.000125,-0.372464,-0.571961,nan,-1.1166,-0.543908,-0.617063,1.18792,0.46,-1.21075,-0.0365,0.0171875,-0.5
3152,-47.4493,902.727,-0.0514578,0.375,0.0833333,0.0938666,0.961401,0.403033,-0.00887383,1.99449,5.92593e-05,0.00930717,0.286178,13134.6,0.598044,0.337502,-0.4,0.25,134.329,3.87318e+07,0.817184,0.0587069,0.561818,0.00173531,-0.820115,0.902727,-0.395364,nan,nan,nan,nan,-0.023499,-0.109459,-0.037092,nan,-0.260297,-9.09091e-05,-0.423353,-0.649748,nan,-1.14068,-0.60567,-0.696,1.34891,0.537455,-1.33673,-0.0392727,0.0272727,-0.5
3153,-57.7139,971.083,-0.052675,0.458333,0.0416667,0.0948919,0.953482,0.326523,-0.0105473,1.99227,5.92593e-05,0.00824911,0.28611,13588,0.57118,0.333146,-0.4,0.25,135.235,3.87441e+07,0.851793,0.0681921,0.594515,0.00229455,-0.869452,0.971083,-0.524808,nan,nan,nan,nan,-0.0311882,-0.14517,-0.0502759,nan,-0.280798,-0.00141667,-0.451972,-0.699627,nan,-1.49852,-0.666604,-0.78425,1.44077,0.710667,-1.471,-0.0561667,0.0479167,-0.5
3154,-44.6763,791.75,-0.0574325,0.291667,0.208333,0.0929596,0.981898,0.268563,-0.00975387,1.98881,5.92593e-05,0.0105236,0.286018,13916.5,0.603344,0.279635,-0.4,0.25,136.119,3.87564e+07,0.695149,0.0501571,0.501471,0.00160864,-0.716397,0.79175,-0.351708,nan,nan,nan,nan,-0.0219411,-0.0944708,-0.0352002,nan,-0.230102,-0.000416667,-0.365902,-0.56872,nan,-0.939239,-0.551876,-0.61425,1.16844,0.479333,-1.20433,-0.0355,0.0166667,-0.5
3155,-52.312,935.824,-0.0511732,0.625,0.0833333,0.0912903,0.972555,0.27103,-0.00912927,1.98473,5.92593e-05,0.0104253,0.28595,14854.8,0.568492,0.258713,-0.4,0.25,136.948,3.87686e+07,0.818307,0.0633719,0.563797,0.00168466,-0.839867,0.935824,-0.392576,nan,nan,nan,nan,-0.0243083,-0.113493,-0.0383369,nan,-0.269778,-0.000176471,-0.438199,-0.668468,nan,-1.24676,-0.635972,-0.733941,1.39673,0.537176,-1.44353,-0.0422353,0.0139706,-0.5
3156,-47.9392,699.429,-0.0517299,0.125,0.166667,0.0907775,0.953959,0.340513,-0.00907622,1.98208,5.92593e-05,0.00759109,0.285882,16865.3,0.489672,0.238925,-0.4,0.25,137.678,3.87809e+07,0.547264,0.0467381,0.436031,0.00173229,-0.627714,0.699429,-0.343957,nan,nan,nan,nan,-0.0222434,-0.0973222,-0.0340028,nan,-0.202854,0,-0.327411,-0.490287,nan,-1.08394,-0.484455,-0.546429,1.01268,0.483429,-1.06057,-0.0405714,0.0232143,-0.5
3157,-45.2548,805.833,-0.0524645,0.291667,0.208333,0.0932214,0.948925,0.27915,-0.00986378,1.97897,5.92593e-05,0.0143534,0.285824,14463.6,0.499162,0.350417,-0.4,0.25,138.529,3.87932e+07,0.722709,0.0532007,0.506851,0.00163477,-0.723196,0.805833,-0.342242,nan,nan,nan,nan,-0.0193565,-0.0841254,-0.0324738,nan,-0.232572,-0.00075,-0.377181,-0.577548,nan,-1.11764,-0.543548,-0.62275,1.20482,0.455667,-1.208,-0.0366667,0.0197917,-0.5
3158,-52.0575,809.875,-0.0536872,0.208333,0.125,0.0935943,0.949116,0.28444,-0.0103246,1.97635,5.92593e-05,0.0131474,0.285763,12707.3,0.588244,0.378759,-0.4,0.25,139.498,3.88055e+07,0.694524,0.0542824,0.468338,0.00174982,-0.722108,0.809875,-0.391712,nan,nan,nan,nan,-0.025991,-0.117341,-0.0377103,nan,-0.234093,-0.00025,-0.377418,-0.586067,nan,-1.28191,-0.555018,-0.613125,1.19866,0.514,-1.2175,-0.045,0.0484375,-0.5
3159,-44.0895,860.5,-0.0546386,0.166667,0.0833333,0.0964516,0.951584,0.29889,-0.00890674,1.97303,5.92593e-05,0.0111421,0.285672,13736.7,0.563666,0.330874,-0.4,0.25,140.394,3.88178e+07,0.777802,0.0630431,0.563263,0.00194996,-0.773106,0.8605,-0.381567,nan,nan,nan,nan,-0.0236925,-0.104183,-0.0371848,nan,-0.248603,-0.001,-0.402089,-0.592397,nan,-1.08258,-0.584566,-0.604,1.2851,0.530667,-1.26267,-0.0433333,0.0208333,-0.5
3160,-46.2847,807.778,-0.0535911,0.25,0.125,0.0946968,0.956668,0.367891,-0.0100855,1.96932,5.92593e-05,0.0112479,0.285612,14895.7,0.548918,0.276018,-0.4,0.25,141.221,3.88301e+07,0.735137,0.050611,0.489848,0.00150792,-0.738992,0.807778,-0.343767,nan,nan,nan,nan,-0.0207178,-0.0992875,-0.0329905,nan,-0.234369,-0.000111111,-0.37427,-0.591119,nan,-1.1458,-0.550739,-0.672667,1.1964,0.473778,-1.21733,-0.0355556,0.0277778,-0.5
3161,-43.3223,825.692,-0.0575359,0.333333,0.208333,0.096532,0.957888,0.28045,-0.00927017,1.96605,5.92593e-05,0.00799286,0.285495,16342.6,0.509464,0.242437,-0.4,0.25,141.974,3.88424e+07,0.771089,0.0574315,0.53899,0.00176428,-0.738822,0.825692,-0.328831,nan,nan,nan,nan,-0.0200382,-0.0846346,-0.0314236,nan,-0.237494,-0.000230769,-0.385938,-0.581303,nan,-1.07005,-0.556965,-0.634846,1.24302,0.431692,-1.23292,-0.0376923,0.0153846,-0.5
3162,-52.8878,809,-0.0541099,0.166667,0.0833333,0.0967204,0.950371,0.282724,-0.0105785,1.96042,5.92593e-05,0.00765868,0.285381,16946.6,0.48818,0.23692,-0.4,0.25,142.701,3.88547e+07,0.623187,0.0530674,0.467519,0.0017034,-0.72781,0.809,-0.37785,nan,nan,nan,nan,-0.0229147,-0.102575,-0.0356891,nan,-0.233017,-0.00116667,-0.375054,-0.570463,nan,-1.19795,-0.546124,-0.624,1.20825,0.478,-1.24067,-0.0423333,-0.0208333,-0.5
3163,-53.4658,893.5,-0.0561715,0.333333,0.166667,0.0947828,0.953012,0.320698,-0.00916647,1.95642,5.92593e-05,0.00745785,0.285294,13614.3,0.548897,0.353685,-0.4,0.25,143.605,3.88669e+07,0.78206,0.0585184,0.556546,0.00190768,-0.809976,0.8935,-0.43115,nan,nan,nan,nan,-0.0269605,-0.122052,-0.0421481,nan,-0.258931,-8.33333e-05,-0.414016,-0.634052,nan,-1.27719,-0.610012,-0.697,1.31983,0.587333,-1.33233,-0.0441667,-0.00625,-0.5
3164,-48.5911,937.8,-0.055287,0.5,0.125,0.0958224,0.956722,0.321089,-0.0103562,1.95327,5.92593e-05,0.0155983,0.285249,13021.5,0.592715,0.350954,-0.4,0.25,144.55,3.88792e+07,0.846678,0.0671674,0.582534,0.0016275,-0.833566,0.9378,-0.386053,nan,nan,nan,nan,-0.0246263,-0.115514,-0.0366485,nan,-0.269317,-0.0016,-0.439894,-0.69268,nan,-1.14437,-0.630587,-0.6886,1.40542,0.530933,-1.40827,-0.04,0.01,-0.5
3165,-43.9703,791.9,-0.0521477,0.291667,0.125,0.0938219,0.960849,0.307508,-0.00903829,1.95142,5.92593e-05,0.011943,0.285194,12989.5,0.587593,0.358404,-0.4,0.25,145.497,3.88915e+07,0.720808,0.055193,0.479865,0.00122831,-0.710137,0.7919,-0.30413,nan,nan,nan,nan,-0.0210979,-0.102901,-0.0307392,nan,-0.22786,0,-0.369177,-0.572101,nan,-1.02142,-0.54027,-0.5997,1.17773,0.4208,-1.1912,-0.0328,0.0275,-0.5
3166,-40.7297,716,-0.0599098,0.291667,0.25,0.0957131,0.98061,0.268156,-0.0100243,1.94868,5.92593e-05,0.00762428,0.285123,14970.9,0.55149,0.2693,-0.4,0.25,146.32,3.89038e+07,0.639442,0.0445681,0.451201,0.00159427,-0.636915,0.716,-0.293823,nan,nan,nan,nan,-0.0182924,-0.0800052,-0.0286834,nan,-0.206244,0,-0.334283,-0.504702,nan,-0.900811,-0.485243,-0.557769,1.05899,0.394462,-1.09354,-0.0323077,-0.00865385,-0.5
3167,-51.8084,991.01,-0.056445,4.08333,0.0833333,0.0954767,0.953246,0.281912,-0.00941362,1.94571,5.92593e-05,0.0108911,0.285067,15788,0.540579,0.237733,-0.4,0.25,147.099,3.89161e+07,0.882463,0.0679031,0.624976,0.00205269,-0.887169,0.99101,-0.437665,nan,nan,nan,nan,-0.0251323,-0.118201,-0.0415184,nan,-0.28533,-0.00018,-0.46311,-0.707439,nan,-1.31443,-0.668249,-0.75162,1.48828,0.59048,-1.50112,-0.0468,0.020375,-0.5
3168,-47.5941,897.524,-0.0542033,0.75,0.125,0.0943062,0.945021,0.231242,-0.0102784,1.94369,5.92593e-05,0.0121298,0.285035,16750.5,0.496128,0.237464,-0.4,0.25,147.834,3.89284e+07,0.847383,0.0580622,0.559931,0.00186172,-0.805255,0.897524,-0.418843,nan,nan,nan,nan,-0.0248662,-0.118477,-0.0399695,nan,-0.258931,-4.7619e-05,-0.420126,-0.639628,nan,-1.16892,-0.606431,-0.682429,1.34047,0.552952,-1.34857,-0.0464762,0.0125,-0.5
3169,-47.7108,829,-0.0543407,0.291667,0.208333,0.0927664,0.954335,0.303964,-0.00983293,1.94143,5.92593e-05,0.0103754,0.284961,13790.4,0.523365,0.367691,-0.4,0.25,148.727,3.89407e+07,0.743501,0.0573444,0.527465,0.00162996,-0.740136,0.829,-0.3618,nan,nan,nan,nan,-0.0225041,-0.101852,-0.034713,nan,-0.238677,0,-0.387735,-0.600943,nan,-1.12938,-0.56033,-0.616,1.24751,0.488333,-1.26767,-0.0415,0.03125,-0.5
3170,-44.7161,786.667,-0.0558887,0.375,0.25,0.0932889,0.96362,0.258424,-0.0102076,1.93795,8.88889e-05,0.0045563,0.284895,13178.6,0.603173,0.329246,-0.4,0.25,149.66,3.8953e+07,0.708109,0.0536193,0.490065,0.00154171,-0.70135,0.786667,-0.36014,nan,nan,nan,nan,-0.0225196,-0.0999306,-0.0333155,nan,-0.226891,-0.0004,-0.369175,-0.557033,nan,-1.04867,-0.525747,-0.5972,1.17163,0.485067,-1.1784,-0.0384,0.0266667,-0.5
3171,-49.3458,805.529,-0.0566742,0.458333,0.25,0.0950141,0.951244,0.304921,-0.0109774,1.93397,5.92593e-05,0.0207715,0.284799,12920.1,0.619255,0.331822,-0.4,0.25,150.613,3.89652e+07,0.671964,0.0593113,0.499798,0.00177713,-0.724115,0.805529,-0.358806,nan,nan,nan,nan,-0.0211702,-0.0937036,-0.0342496,nan,-0.232984,0,-0.373661,-0.572081,nan,-1.22408,-0.548775,-0.603,1.21275,0.486353,-1.228,-0.0394118,0.0257353,-0.5
3172,-46.9806,892.727,-0.0545864,0.375,0.0833333,0.0953124,0.958834,0.312691,-0.0105093,1.9307,5.92593e-05,0.00840093,0.284744,14556.7,0.57207,0.272075,-0.4,0.25,151.458,3.89775e+07,0.806838,0.0597702,0.569313,0.0017252,-0.798798,0.892727,-0.388364,nan,nan,nan,nan,-0.0241549,-0.112366,-0.0372279,nan,-0.256611,0,-0.416297,-0.643211,nan,-1.09227,-0.598933,-0.666,1.32124,0.521818,-1.34364,-0.0389091,-0.0147727,-0.5
3173,-42.5378,740.067,-0.0569025,0.291667,0.333333,0.0931975,0.95419,0.319774,-0.0107161,1.92776,5.92593e-05,0.0136749,0.284676,15879.1,0.531921,0.241926,-0.4,0.25,152.234,3.89898e+07,0.696602,0.0500192,0.447042,0.00150027,-0.652924,0.740067,-0.325633,nan,nan,nan,nan,-0.0216154,-0.0981758,-0.0320468,nan,-0.212952,0,-0.344086,-0.541226,nan,-0.916307,-0.502509,-0.5516,1.09936,0.435467,-1.11307,-0.0314667,0.0133333,-0.5
3174,-48.2617,858.5,-0.0518984,0.25,0.0833333,0.0937044,0.947697,0.302444,-0.0109139,1.92452,5.92593e-05,0.0123069,0.284582,16564.6,0.494911,0.246911,-0.4,0.25,152.977,3.90021e+07,0.836761,0.0526248,0.531926,0.00221742,-0.763841,0.8585,-0.4619,nan,nan,nan,nan,-0.0272696,-0.123968,-0.0450899,nan,-0.246306,0,-0.400209,-0.616789,nan,-1.47191,-0.580013,-0.614625,1.31944,0.6175,-1.299,-0.0495,0.009375,-0.5
3175,-49.4613,825.2,-0.0538161,0.458333,0.166667,0.0924888,0.952042,0.325662,-0.00999795,1.91982,5.92593e-05,0.0115247,0.284493,16679.5,0.493207,0.243504,-0.4,0.25,153.715,3.90144e+07,0.7221,0.0573277,0.499316,0.00158683,-0.730449,0.8252,-0.3829,nan,nan,nan,nan,-0.0224227,-0.108049,-0.0360154,nan,-0.237747,-0.000266667,-0.385501,-0.589296,nan,-1.23201,-0.554978,-0.6274,1.2234,0.513333,-1.244,-0.0368,0.00583333,-0.5
3176,-52.9035,893.412,-0.0536475,0.5,0.208333,0.0951093,0.958902,0.357086,-0.0110108,1.91643,5.92593e-05,0.0121451,0.284426,16737.6,0.489816,0.24434,-0.4,0.25,154.45,3.90267e+07,0.766119,0.0628852,0.544351,0.00195787,-0.793093,0.893412,-0.406529,nan,nan,nan,nan,-0.0253721,-0.117665,-0.03935,nan,-0.257111,-0.000235294,-0.41971,-0.654996,nan,-1.31562,-0.609544,-0.676059,1.3325,0.564,-1.33694,-0.0390588,0.0279412,-0.5
3177,-42.415,876.294,-0.0521159,0.5,0.208333,0.0941061,0.94847,0.312867,-0.0105206,1.91362,5.92593e-05,0.0116603,0.28438,15805.6,0.498755,0.27869,-0.4,0.25,155.229,3.9039e+07,0.822982,0.0612193,0.530464,0.00154369,-0.775007,0.876294,-0.332406,nan,nan,nan,nan,-0.0214151,-0.104295,-0.0327854,nan,-0.251344,-0.000352941,-0.41069,-0.623749,nan,-0.90132,-0.587777,-0.664412,1.32551,0.466588,-1.32753,-0.0332941,0.00808824,-0.5
3178,-43.602,841,-0.0512828,0.333333,0.0833333,0.0951766,0.942017,0.293557,-0.0106196,1.91146,5.92593e-05,0.0114759,0.284338,16563,0.498244,0.243649,-0.4,0.25,155.972,3.90513e+07,0.734042,0.0597901,0.535192,0.00181331,-0.747964,0.841,-0.37043,nan,nan,nan,nan,-0.0209189,-0.0917737,-0.0343118,nan,-0.240477,-0.0001,-0.394699,-0.580876,nan,-1.05923,-0.554284,-0.6132,1.27618,0.4872,-1.2648,-0.041,-0.00125,-0.5
3179,-49.7228,923,-0.0537123,0.5,0.0833333,0.0950073,0.96282,0.365357,-0.0108432,1.90836,5.92593e-05,0.00992152,0.284231,16679,0.494912,0.241821,-0.4,0.25,156.71,3.90636e+07,0.81641,0.0696818,0.551318,0.00178594,-0.817126,0.923,-0.41585,nan,nan,nan,nan,-0.0239615,-0.110312,-0.038859,nan,-0.264728,0,-0.432105,-0.637955,nan,-1.28826,-0.613495,-0.679714,1.40752,0.564857,-1.39686,-0.0461429,0.0160714,-0.5
3180,-47.1981,880.083,-0.0544853,0.333333,0.166667,0.0937465,0.956295,0.241086,-0.0108489,1.90246,5.92593e-05,0.0138747,0.284099,16416.9,0.497349,0.251148,-0.4,0.25,157.46,3.90758e+07,0.782365,0.0600023,0.535095,0.0015726,-0.772616,0.880083,-0.359092,nan,nan,nan,nan,-0.0212663,-0.0952098,-0.0341161,nan,-0.250357,-8.33333e-05,-0.413874,-0.616547,nan,-1.12579,-0.579789,-0.654,1.33939,0.481,-1.32367,-0.0388333,0.0125,-0.5
3181,-42.2099,912.75,-0.0493363,0.25,0.0833333,0.0946071,0.931501,0.271685,-0.00905526,1.89695,5.92593e-05,0.00985055,0.283964,16641.8,0.49369,0.244693,-0.4,0.25,158.2,3.90881e+07,0.86302,0.0604698,0.554609,0.00166021,-0.810763,0.91275,-0.351262,nan,nan,nan,nan,-0.0204085,-0.0943521,-0.0333807,nan,-0.260352,0,-0.431897,-0.641311,nan,-0.935025,-0.599483,-0.65325,1.37817,0.4685,-1.363,-0.038,0.0078125,-0.5
3182,-61.5786,1000,-0.0516352,0.25,0,0.0931173,0.939462,0.33959,-0.0100254,1.89081,5.92593e-05,0.0119392,0.28383,16453,0.497829,0.249026,-0.4,0.25,158.948,3.91004e+07,0.801474,0.0736172,0.59911,0.0022113,-0.901988,1,-0.523933,nan,nan,nan,nan,-0.0299373,-0.135442,-0.0509203,nan,-0.291182,0,-0.462193,-0.723337,nan,-1.618,-0.692129,-0.7945,1.47447,0.726667,-1.52,-0.0483333,0.0354167,nan
3183,-47.0332,807.05,-0.0533642,0.541667,0.291667,0.0939113,0.960897,0.306729,-0.00865958,1.88595,5.92593e-05,0.00806312,0.283741,16680.8,0.494651,0.242005,-0.4,0.25,159.686,3.91127e+07,0.685172,0.05684,0.499672,0.00200404,-0.719488,0.80705,-0.386815,nan,nan,nan,nan,-0.0243396,-0.11104,-0.0370803,nan,-0.232068,-0.0005,-0.377318,-0.558723,nan,-1.14022,-0.541433,-0.59745,1.22597,0.5222,-1.226,-0.0381,0.015,-0.5
3184,-49.098,954,-0.050345,0.458333,0.0833333,0.0941243,0.945076,0.311711,-0.0100671,1.88219,5.92593e-05,0.0125114,0.283671,15793.8,0.513506,0.26452,-0.4,0.25,160.465,3.9125e+07,0.860598,0.0650229,0.568617,0.00165947,-0.85438,0.954,-0.367077,nan,nan,nan,nan,-0.0223171,-0.106747,-0.0357396,nan,-0.274475,-0.000153846,-0.443081,-0.675591,nan,-1.17131,-0.643362,-0.704538,1.43082,0.512308,-1.43138,-0.0389231,-0.00192308,-0.5
3185,-56.1835,934.333,-0.0504419,0.541667,0.0833333,0.0956525,0.954361,0.33538,-0.0100517,1.87833,5.92593e-05,0.0143551,0.283567,16149.8,0.507967,0.252911,-0.4,0.25,161.228,3.91373e+07,0.790277,0.0577683,0.549677,0.00203134,-0.827944,0.934333,-0.445947,nan,nan,nan,nan,-0.0242949,-0.117052,-0.0421234,nan,-0.268181,-0.000333333,-0.43546,-0.653572,nan,-1.48784,-0.62453,-0.715,1.41881,0.6056,-1.4048,-0.0489333,-0.005,-0.5
3186,-44.9656,843.333,-0.048662,0.166667,0.0833333,0.0911971,0.945372,0.260777,-0.00954384,1.87289,5.92593e-05,0.0106122,0.283438,16662.1,0.493901,0.243582,-0.4,0.25,161.967,3.91496e+07,0.726996,0.0669352,0.511285,0.00159688,-0.744016,0.843333,-0.351667,nan,nan,nan,nan,-0.0207837,-0.093501,-0.0321117,nan,-0.240602,-0.000333333,-0.396033,-0.565226,nan,-1.04302,-0.552086,-0.6675,1.29112,0.471333,-1.26667,-0.0456667,0.025,-0.5
3187,-47.4045,709,-0.0512447,0.208333,0.125,0.0936579,0.955738,0.350927,-0.0106905,1.86745,5.92593e-05,0.00708267,0.283337,16631.6,0.488934,0.2499,-0.4,0.25,162.707,3.91619e+07,0.58678,0.0483439,0.436626,0.00211359,-0.637394,0.709,-0.3641,nan,nan,nan,nan,-0.0219858,-0.0992034,-0.0349808,nan,-0.204681,-0.000125,-0.32917,-0.498342,nan,-1.1974,-0.48276,-0.53325,1.06943,0.474,-1.0735,-0.0415,0.009375,-0.5
3188,-44.4022,795.2,-0.0531542,0.125,0.0833333,0.0946107,0.965216,0.227761,-0.00965822,1.86309,5.92593e-05,0.00772394,0.283224,16627.5,0.491732,0.247285,-0.4,0.25,163.447,3.91741e+07,0.703395,0.0567096,0.432095,0.00151026,-0.709637,0.7952,-0.36948,nan,nan,nan,nan,-0.0245061,-0.115735,-0.0359104,nan,-0.229193,-0.0006,-0.371028,-0.566898,nan,-0.927037,-0.533055,-0.6492,1.18946,0.4968,-1.1784,-0.0396,0.055,-0.5
3189,-44.3357,831.125,-0.0529308,0.208333,0.125,0.0945395,0.939446,0.268041,-0.0102493,1.85748,5.92593e-05,0.0107338,0.283098,16690.4,0.492243,0.243988,-0.4,0.25,164.185,3.91864e+07,0.783247,0.0610896,0.477352,0.00155415,-0.74197,0.831125,-0.356287,nan,nan,nan,nan,-0.0215074,-0.0966321,-0.0338268,nan,-0.238412,0,-0.391273,-0.593789,nan,-0.930651,-0.554468,-0.663375,1.26822,0.4515,-1.248,-0.03475,0.0015625,-0.5
3190,-46.6383,844.1,-0.0508889,0.333333,0.0833333,0.0929497,0.962016,0.3374,-0.0105038,1.85304,5.92593e-05,0.0109934,0.283017,16592.6,0.494833,0.245736,-0.4,0.25,164.927,3.91987e+07,0.723072,0.0542881,0.534821,0.00189555,-0.74577,0.8441,-0.36651,nan,nan,nan,nan,-0.0246136,-0.121627,-0.0358782,nan,-0.243113,-0.0001,-0.396212,-0.597093,nan,-1.16473,-0.565759,-0.6267,1.27811,0.5064,-1.2508,-0.0382,0.0025,-0.5
3191,-51.874,803.2,-0.0538597,0.25,0.166667,0.093237,0.961281,0.378406,-0.00964575,1.85028,5.92593e-05,0.0098888,0.282974,16722.5,0.493801,0.241016,-0.4,0.25,165.663,3.9211e+07,0.688889,0.0557205,0.491131,0.00226008,-0.709789,0.8032,-0.43315,nan,nan,nan,nan,-0.0233413,-0.107465,-0.039198,nan,-0.229519,0,-0.374539,-0.581363,nan,-1.25065,-0.53664,-0.6507,1.2146,0.562,-1.202,-0.0494,-0.02375,-0.5
3192,-44.0543,849.308,-0.0525497,0.416667,0.125,0.0927272,0.942667,0.308528,-0.0102182,1.8484,5.92593e-05,0.014691,0.282931,16641.7,0.491442,0.246946,-0.4,0.25,166.403,3.92233e+07,0.741548,0.0607845,0.506182,0.00189173,-0.746606,0.849308,-0.3711,nan,nan,nan,nan,-0.0217141,-0.0955211,-0.0351322,nan,-0.242662,0,-0.399701,-0.584799,nan,-1.05723,-0.561685,-0.617077,1.30633,0.496308,-1.26985,-0.0427692,-0.00384615,-0.5
3193,-45.8396,886.765,-0.0521044,0.541667,0.166667,0.093169,0.933539,0.260151,-0.009301,1.8456,5.92593e-05,0.00928813,0.282841,16232.6,0.510268,0.246725,-0.4,0.25,167.161,3.92356e+07,0.8077,0.0624731,0.552326,0.00183875,-0.780704,0.886765,-0.378865,nan,nan,nan,nan,-0.0219315,-0.101075,-0.0352856,nan,-0.253186,0,-0.416471,-0.61199,nan,-1.16953,-0.580496,-0.634765,1.35019,0.529882,-1.32518,-0.0405882,-0.0154412,-0.5
3194,-43.9912,833.077,-0.0546369,0.375,0.166667,0.0954284,0.94012,0.37234,-0.00969852,1.84168,5.92593e-05,0.00724459,0.282782,16702.7,0.494425,0.241265,-0.4,0.25,167.898,3.92479e+07,0.771417,0.0587312,0.511354,0.00160466,-0.731409,0.833077,-0.364723,nan,nan,nan,nan,-0.022429,-0.103612,-0.0343901,nan,-0.238367,0,-0.391614,-0.592429,nan,-1.09543,-0.552059,-0.601615,1.26314,0.497846,-1.23969,-0.0372308,0.0221154,-0.5
3195,-55.2999,848.933,-0.0550136,0.375,0.25,0.0944918,0.943924,0.337667,-0.0111631,1.84017,5.92593e-05,0.0153267,0.28277,16738.4,0.492447,0.241672,-0.4,0.25,168.634,3.92602e+07,0.710151,0.0616887,0.496858,0.00209069,-0.745194,0.848933,-0.4509,nan,nan,nan,nan,-0.0272113,-0.126584,-0.0430522,nan,-0.243241,-6.66667e-05,-0.4013,-0.6069,nan,-1.44406,-0.56551,-0.6386,1.26737,0.634667,-1.25893,-0.0485333,0.0133333,-0.5
3196,-47.0373,859.118,-0.0534722,0.458333,0.25,0.0941196,0.946445,0.277318,-0.00867899,1.83907,5.92593e-05,0.00703501,0.282726,16838.7,0.489461,0.240288,-0.4,0.25,169.365,3.92724e+07,0.756954,0.062374,0.546358,0.00199461,-0.758999,0.859118,-0.383829,nan,nan,nan,nan,-0.0227807,-0.102843,-0.0358335,nan,-0.246523,0,-0.403031,-0.59663,nan,-1.11157,-0.572754,-0.681176,1.30036,0.526118,-1.27647,-0.0421176,0.00588235,-0.5
3197,-44.116,750.455,-0.0518908,0.25,0.208333,0.0916577,0.954046,0.380121,-0.00978956,1.83698,5.92593e-05,0.01395,0.282699,16586.9,0.49764,0.243185,-0.4,0.25,170.107,3.92847e+07,0.646018,0.0575249,0.467273,0.00138097,-0.656141,0.750455,-0.313345,nan,nan,nan,nan,-0.018589,-0.0775381,-0.029536,nan,-0.213293,-9.09091e-05,-0.353969,-0.502802,nan,-1.10688,-0.489961,-0.545727,1.1231,0.437091,-1.10545,-0.0332727,-0.0147727,-0.5
3198,-46.3688,826.5,-0.0504513,0.416667,0.166667,0.0944563,0.9571,0.331619,-0.0108357,1.83471,5.92593e-05,0.00914795,0.282602,15842,0.53422,0.241438,-0.4,0.25,170.884,3.9297e+07,0.748252,0.0554536,0.492706,0.0016427,-0.727662,0.8265,-0.368021,nan,nan,nan,nan,-0.022387,-0.102589,-0.0350326,nan,-0.236603,-7.14286e-05,-0.38791,-0.585212,nan,-1.13999,-0.54918,-0.635786,1.25763,0.492,-1.24629,-0.0407143,0.0276786,-0.5
3199,-48.9692,816.077,-0.052015,0.333333,0.208333,0.0946377,0.955624,0.282758,-0.0104508,1.82953,5.92593e-05,0.0153366,0.282486,16559.3,0.491584,0.250477,-0.4,0.25,171.627,3.93093e+07,0.689691,0.0572248,0.505001,0.00187485,-0.715291,0.816077,-0.387085,nan,nan,nan,nan,-0.0238799,-0.10566,-0.0373948,nan,-0.234911,0,-0.381628,-0.566837,nan,-1.20332,-0.549959,-0.611538,1.22779,0.514462,-1.23538,-0.0423077,0.0269231,-0.5
3200,-57.3269,838.4,-0.0499923,0.0833333,0.125,0.0936098,0.953577,0.280622,-0.00951182,1.82426,5.92593e-05,0.00777913,0.282354,16825.8,0.488763,0.241542,-0.4,0.25,172.359,3.93216e+07,0.654487,0.0528676,0.498283,0.00193743,-0.74114,0.8384,-0.41812,nan,nan,nan,nan,-0.0262541,-0.110503,-0.0395407,nan,-0.241998,0,-0.393312,-0.582674,nan,-1.31543,-0.569296,-0.6594,1.23515,0.5496,-1.2376,-0.0468,-0.015,-0.5
3201,-52.8896,947.444,-0.0468743,0.25,0.125,0.0912473,0.949663,0.293677,-0.00980853,1.81911,5.92593e-05,0.0129923,0.282275,15527,0.523344,0.268051,-0.4,0.25,174.9,3.93339e+07,0.830498,0.0557215,0.546266,0.00156011,-0.828395,0.947444,-0.379822,nan,nan,nan,nan,-0.0266598,-0.123195,-0.038391,nan,-0.272042,-0.000777778,-0.44468,-0.658686,nan,-1.19076,-0.638185,-0.731333,1.43307,0.543556,-1.47111,-0.0402222,0.00833333,-0.5
3202,-42.7301,840,-0.0497616,0.375,0.0833333,0.0941735,0.956384,0.336538,-0.00946381,1.81633,5.92593e-05,0.00785212,0.282233,14782.9,0.595813,0.235418,-0.4,0.25,175.735,3.93462e+07,0.718077,0.0565556,0.515948,0.00160201,-0.73555,0.84,-0.356818,nan,nan,nan,nan,-0.0202887,-0.0900913,-0.0327741,nan,-0.23993,0,-0.393508,-0.583322,nan,-0.910421,-0.557521,-0.633818,1.26776,0.460364,-1.28291,-0.0405455,-0.0284091,-0.5
3203,-58.5345,910.6,-0.0509238,0.291667,0.125,0.0924018,0.953609,0.323241,-0.00927853,1.81373,5.92593e-05,0.00898495,0.282147,17155.9,0.477402,0.238855,-0.4,0.25,176.452,3.93585e+07,0.74669,0.0576649,0.496212,0.00173599,-0.802712,0.9106,-0.42924,nan,nan,nan,nan,-0.0272173,-0.128669,-0.040469,nan,-0.261239,-0.0004,-0.430195,-0.657201,nan,-1.47361,-0.611332,-0.7068,1.35726,0.5812,-1.3512,-0.0428,0.035,-0.5
3204,-53.1552,845.308,-0.0522994,0.291667,0.25,0.091191,0.940706,0.340293,-0.0101174,1.81006,5.92593e-05,0.011125,0.282098,13662.5,0.534205,0.365193,-0.4,0.25,177.353,3.93708e+07,0.700327,0.0589723,0.5253,0.00195481,-0.746392,0.845308,-0.396608,nan,nan,nan,nan,-0.0241975,-0.109231,-0.0373063,nan,-0.241813,-0.000230769,-0.397549,-0.581832,nan,-1.26289,-0.567408,-0.660692,1.26649,0.508308,-1.28769,-0.04,0.0201923,-0.5
3205,-41.651,834.941,-0.0537751,0.458333,0.25,0.09172,0.951342,0.31065,-0.00933701,1.80808,5.92593e-05,0.015886,0.282047,12899.7,0.603793,0.348784,-0.4,0.25,178.308,3.9383e+07,0.799991,0.0651193,0.521925,0.00170901,-0.732301,0.834941,-0.344812,nan,nan,nan,nan,-0.0195524,-0.0852782,-0.0314489,nan,-0.238019,-0.000117647,-0.391022,-0.576639,nan,-0.976395,-0.548917,-0.637412,1.26912,0.464,-1.24682,-0.0392941,0.00514706,-0.5
3206,-50.122,911.5,-0.0532198,0.5,0.166667,0.0915456,0.956125,0.249883,-0.010461,1.80485,5.92593e-05,0.0112531,0.281968,12907.4,0.587736,0.364274,-0.4,0.25,179.261,3.93953e+07,0.791382,0.0595256,0.545213,0.00209239,-0.796769,0.9115,-0.426056,nan,nan,nan,nan,-0.0239563,-0.106975,-0.0401538,nan,-0.259849,-0.00025,-0.430201,-0.623792,nan,-1.25076,-0.593399,-0.693,1.3946,0.5855,-1.359,-0.044875,-0.021875,-0.5
3207,-45.7951,847.182,-0.048798,0.333333,0.125,0.0910113,0.950691,0.296661,-0.0104212,1.80158,5.92593e-05,0.0133884,0.281917,11395,0.624533,0.453831,-0.4,0.25,180.341,3.94076e+07,0.729246,0.0633007,0.55194,0.00180126,-0.738646,0.847182,-0.3561,nan,nan,nan,nan,-0.0198768,-0.0885579,-0.0323385,nan,-0.242045,0,-0.398446,-0.580643,nan,-1.20118,-0.559075,-0.613091,1.30786,0.476727,-1.27382,-0.0367273,0.00909091,-0.5
3208,-41.9122,907.778,-0.0504463,0.333333,0.0416667,0.0929299,0.958006,0.270458,-0.0104508,1.79961,5.92593e-05,0.0104572,0.281888,12356.3,0.653917,0.340559,-0.4,0.25,181.337,3.94199e+07,0.873303,0.0563772,0.546292,0.00138065,-0.791747,0.907778,-0.328067,nan,nan,nan,nan,-0.0195446,-0.0896822,-0.0308336,nan,-0.258156,-0.000333333,-0.426024,-0.645804,nan,-1.13785,-0.596083,-0.679,1.39201,0.440889,-1.36267,-0.034,0.0152778,-0.5
3209,-46.1325,957.17,-0.0582268,3.41667,0.25,0.0946002,0.935407,0.231472,-0.00974509,1.79749,5.92593e-05,0.0123191,0.28183,12571.3,0.602708,0.374758,-0.4,0.25,182.316,3.94322e+07,0.881867,0.0665439,0.580364,0.0017421,-0.836245,0.95717,-0.414732,nan,nan,nan,nan,-0.0232647,-0.106869,-0.0390159,nan,-0.271976,-0.000125,-0.451337,-0.651494,nan,-1.19043,-0.628148,-0.698591,1.4734,0.561182,-1.4355,-0.0445227,-0.00255682,-0.5
3210,-42.8269,776.154,-0.0534993,0.375,0.166667,0.0941152,0.94665,0.267579,-0.0103287,1.79421,5.92593e-05,0.0156417,0.281763,13828.1,0.560915,0.327709,-0.4,0.25,183.206,3.94445e+07,0.68514,0.0521991,0.456818,0.00148366,-0.68424,0.776154,-0.382192,nan,nan,nan,nan,-0.0215625,-0.0991152,-0.0351249,nan,-0.222568,-7.69231e-05,-0.364279,-0.542957,nan,-1.04675,-0.511521,-0.556846,1.18525,0.524,-1.14892,-0.0389231,-0.0134615,-0.5
3211,-44.8001,848,-0.0524179,0.458333,0.125,0.0929871,0.933938,0.309954,-0.00975736,1.79064,5.92593e-05,0.0122131,0.281659,15140.1,0.550473,0.261149,-0.4,0.25,184.019,3.94568e+07,0.767499,0.0584022,0.527622,0.0017924,-0.744278,0.848,-0.378893,nan,nan,nan,nan,-0.0204348,-0.0895742,-0.0347008,nan,-0.240545,-7.14286e-05,-0.40197,-0.578816,nan,-1.15464,-0.54811,-0.619714,1.29725,0.496,-1.24714,-0.0392857,-0.03125,-0.5
3212,-43.2811,811.9,-0.0572386,0.583333,0.25,0.0940557,0.940626,0.356694,-0.0101378,1.7858,5.92593e-05,0.0188531,0.281573,13252.7,0.58282,0.344384,-0.4,0.25,184.948,3.94691e+07,0.723531,0.0602676,0.482513,0.001726,-0.70646,0.8119,-0.37329,nan,nan,nan,nan,-0.0211309,-0.0939976,-0.0347685,nan,-0.230514,-0.00035,-0.383692,-0.55489,nan,-1.05515,-0.530612,-0.5997,1.23446,0.5068,-1.2002,-0.0405,-0.01,-0.5
3213,-47.9402,969.333,-0.0483877,0.333333,0.0416667,0.0920508,0.957763,0.263199,-0.00938144,1.7823,5.92593e-05,0.00802833,0.281494,12755.4,0.618638,0.344715,-0.4,0.25,185.913,3.94813e+07,0.922691,0.0648995,0.60105,0.00218713,-0.841742,0.969333,-0.461044,nan,nan,nan,nan,-0.0264511,-0.117455,-0.0430995,nan,-0.276531,0,-0.45697,-0.66471,nan,-1.31465,-0.633864,-0.705,1.46685,0.635111,-1.42667,-0.0506667,0.0152778,-0.5
3214,-47.1243,771.667,-0.052465,0.291667,0.208333,0.0937727,0.93239,0.253202,-0.00906527,1.77767,5.92593e-05,0.0113068,0.281362,12981.7,0.603645,0.342917,-0.4,0.25,186.861,3.94936e+07,0.626713,0.0528941,0.452865,0.0017483,-0.680182,0.771667,-0.366975,nan,nan,nan,nan,-0.0231558,-0.102234,-0.035064,nan,-0.22115,0,-0.365503,-0.532926,nan,-1.08832,-0.510847,-0.60825,1.16267,0.510667,-1.14733,-0.041,-0.00416667,-0.5
3215,-47.0611,796.357,-0.054106,0.333333,0.25,0.0928264,0.947986,0.370341,-0.0103922,1.77221,5.92593e-05,0.0100478,0.281263,14736.9,0.538578,0.295245,-0.4,0.25,187.696,3.95059e+07,0.692674,0.0568302,0.475175,0.00159807,-0.698708,0.796357,-0.36915,nan,nan,nan,nan,-0.0207355,-0.0920184,-0.0339896,nan,-0.226334,0,-0.377751,-0.548643,nan,-1.22694,-0.521544,-0.616929,1.20884,0.497714,-1.19429,-0.0392857,0.0107143,-0.5
3216,-42.4722,805.211,-0.0515962,0.5,0.291667,0.0903275,0.957178,0.233054,-0.00972747,1.76846,5.92593e-05,0.00916033,0.281182,13303.6,0.571505,0.352153,-0.4,0.25,188.622,3.95182e+07,0.705685,0.0555294,0.496793,0.00147864,-0.695834,0.805211,-0.327711,nan,nan,nan,nan,-0.0193433,-0.0851994,-0.0312336,nan,-0.229036,-0.000105263,-0.379821,-0.541413,nan,-0.985886,-0.523772,-0.600316,1.24053,0.436632,-1.21284,-0.0355789,-0.0131579,-0.5
3217,-47.8814,961.9,-0.0491841,0.333333,0.0833333,0.0948898,0.954988,0.369219,-0.00897403,1.76425,5.92593e-05,0.00953459,0.281093,13605,0.574835,0.328361,-0.4,0.25,189.526,3.95305e+07,0.824791,0.0593065,0.604855,0.00193773,-0.833187,0.9619,-0.39604,nan,nan,nan,nan,-0.0223126,-0.104321,-0.0374827,nan,-0.272704,-0.0001,-0.453613,-0.671228,nan,-1.09237,-0.625228,-0.7161,1.48938,0.5096,-1.4588,-0.0486,-0.01375,-0.5
3218,-44.8757,953.333,-0.0492463,0.583333,0.0416667,0.0955928,0.963761,0.283984,-0.0110762,1.76031,5.92593e-05,0.0106696,0.281017,13919.1,0.560794,0.322024,-0.4,0.25,190.411,3.95428e+07,0.849862,0.0723854,0.612119,0.00175039,-0.827665,0.953333,-0.382253,nan,nan,nan,nan,-0.0202378,-0.0916377,-0.0355013,nan,-0.269967,-6.66667e-05,-0.448649,-0.635531,nan,-1.16197,-0.616673,-0.6976,1.48512,0.489867,-1.4368,-0.0453333,-0.005,-0.5
3219,-35.9834,788.273,-0.0494166,0.333333,0.125,0.0946091,0.955794,0.268088,-0.0103142,1.75694,5.92593e-05,0.0185437,0.28095,13926.4,0.530116,0.352237,-0.4,0.25,191.294,3.95551e+07,0.74479,0.0555141,0.484806,0.00114326,-0.686406,0.788273,-0.287164,nan,nan,nan,nan,-0.0163888,-0.0720639,-0.0259472,nan,-0.222674,0,-0.376628,-0.535272,nan,-0.890061,-0.50841,-0.568909,1.2109,0.395273,-1.18255,-0.0303636,-0.0215909,-0.5
3220,-37.3847,745.2,-0.0544985,0.416667,0.416667,0.0937261,0.956467,0.344978,-0.00942776,1.7538,5.92593e-05,0.013617,0.280892,13459.9,0.566003,0.346931,-0.4,0.25,192.209,3.95674e+07,0.677917,0.0522895,0.468862,0.00131189,-0.64569,0.7452,-0.308365,nan,nan,nan,nan,-0.0183003,-0.0824443,-0.0282919,nan,-0.211433,-0.00015,-0.352919,-0.508896,nan,-0.799722,-0.487877,-0.54885,1.14365,0.4232,-1.1148,-0.0333,0.009375,-0.5
3221,-40.597,868,-0.0491179,0.458333,0.125,0.092418,0.957671,0.389708,-0.010255,1.75132,5.92593e-05,0.0158161,0.280847,13942.6,0.55972,0.321609,-0.4,0.25,193.091,3.95796e+07,0.801911,0.0657422,0.53248,0.00161708,-0.755396,0.868,-0.377857,nan,nan,nan,nan,-0.0215112,-0.0947189,-0.0343092,nan,-0.246001,0,-0.41205,-0.585719,nan,-0.955315,-0.561371,-0.648643,1.33508,0.508571,-1.30257,-0.0388571,-0.00178571,-0.5
3222,-43.0426,877.667,-0.0496598,0.291667,0.208333,0.0938703,0.947749,0.31111,-0.00883882,1.74788,5.92593e-05,0.00547026,0.280729,12755.8,0.593058,0.370268,-0.4,0.25,194.056,3.95919e+07,0.805158,0.0657159,0.543523,0.00143299,-0.759997,0.877667,-0.328683,nan,nan,nan,nan,-0.019405,-0.0881117,-0.0306045,nan,-0.24893,0,-0.415649,-0.594844,nan,-1.0401,-0.567913,-0.63975,1.36311,0.449,-1.315,-0.0358333,0.0354167,-0.5
3223,-45.4781,759.1,-0.0500277,0.208333,0.208333,0.091955,0.945454,0.315245,-0.0102839,1.74226,5.92593e-05,0.00981779,0.280622,13749.2,0.543913,0.349813,-0.4,0.25,194.952,3.96042e+07,0.651816,0.0529285,0.454546,0.00165988,-0.65952,0.7591,-0.3747,nan,nan,nan,nan,-0.0206897,-0.0862676,-0.0347691,nan,-0.216063,0,-0.357437,-0.527762,nan,-1.02479,-0.500139,-0.6168,1.14803,0.4924,-1.1332,-0.041,0.00875,-0.5
3224,-40.8698,694,-0.0470567,0.166667,0.166667,0.0924762,0.953429,0.276132,-0.0106092,1.73788,5.92593e-05,0.0118525,0.280536,13806.7,0.554328,0.335673,-0.4,0.25,195.843,3.96165e+07,0.58742,0.0452857,0.395655,0.00152447,-0.602431,0.694,-0.340437,nan,nan,nan,nan,-0.01871,-0.0833346,-0.031513,nan,-0.197158,-0.000125,-0.325175,-0.472242,nan,-0.875667,-0.457738,-0.555375,1.07684,0.453,-1.05,-0.042,0.0046875,-0.5
3225,-46.2345,908.333,-0.0502632,0.583333,0.291667,0.0925553,0.960963,0.302336,-0.0109491,1.73395,5.92593e-05,0.0120516,0.280462,13405.6,0.566171,0.350462,-0.4,0.25,196.761,3.96288e+07,0.800393,0.0605596,0.571115,0.00183327,-0.789896,0.908333,-0.392486,nan,nan,nan,nan,-0.0229597,-0.101859,-0.0373756,nan,-0.258931,-9.52381e-05,-0.428411,-0.616057,nan,-1.11137,-0.593726,-0.662286,1.39923,0.525905,-1.34971,-0.0395238,-0.0077381,-0.5
3226,-45.0829,889.8,-0.0482563,0.458333,0.166667,0.0900482,0.940558,0.257845,-0.0110728,1.73047,5.92593e-05,0.0106208,0.28037,14029.6,0.591799,0.284061,-0.4,0.25,197.639,3.96411e+07,0.845208,0.0631831,0.539569,0.00179624,-0.775968,0.8898,-0.39404,nan,nan,nan,nan,-0.022003,-0.0991735,-0.0365254,nan,-0.252235,-0.0002,-0.421053,-0.617769,nan,-1.10311,-0.578085,-0.68,1.38322,0.519733,-1.32027,-0.0470667,-0.0158333,-0.5
3227,-54.0345,966.875,-0.046836,0.291667,0.0416667,0.0919526,0.939623,0.291772,-0.00934104,1.72615,5.92593e-05,0.0085727,0.280287,16283.8,0.515762,0.238853,-0.4,0.25,198.395,3.96534e+07,0.807304,0.062,0.587974,0.00179417,-0.846241,0.966875,-0.412037,nan,nan,nan,nan,-0.0249958,-0.120996,-0.0397198,nan,-0.275428,0,-0.455574,-0.670417,nan,-1.42294,-0.638794,-0.7455,1.45234,0.587,-1.4425,-0.04375,0.034375,-0.5
3228,-45.7426,816.333,-0.0453744,0.0833333,0.0416667,0.0916396,0.959733,0.256949,-0.0105013,1.72277,5.92593e-05,0.0164653,0.280223,17155.1,0.479018,0.237272,-0.4,0.25,199.112,3.96657e+07,0.710756,0.055454,0.474117,0.00149904,-0.701692,0.816333,-0.366733,nan,nan,nan,nan,-0.0202787,-0.0889083,-0.0336532,nan,-0.229753,0,-0.390841,-0.572575,nan,-1.07352,-0.527388,-0.647,1.27755,0.458667,-1.23467,-0.0486667,0.0208333,-0.5
3229,-40.1073,819.75,-0.0466284,0.25,0.0833333,0.0914914,0.938673,0.33565,-0.0101134,1.71948,5.92593e-05,0.0118624,0.280148,13803.9,0.530199,0.359984,-0.4,0.25,200.004,3.9678e+07,0.789724,0.058256,0.509547,0.00150333,-0.714991,0.81975,-0.334025,nan,nan,nan,nan,-0.0188888,-0.0782722,-0.0308982,nan,-0.232025,0,-0.388118,-0.556605,nan,-1.24616,-0.529864,-0.571875,1.27968,0.465,-1.2005,-0.0355,-0.021875,-0.5
3230,-27.1916,473.714,-0.0486573,0.0833333,0.208333,0.0899429,0.944328,0.248599,-0.0105597,1.71538,5.92593e-05,0.0104784,0.280033,13478.8,0.57947,0.332181,-0.4,0.25,200.917,3.96902e+07,0.416378,0.0333237,0.301873,0.00123828,-0.407181,0.473714,-0.1895,nan,nan,nan,nan,-0.0116509,-0.0454634,-0.0179135,nan,-0.134447,-0.000142857,-0.224382,-0.313222,nan,-0.520813,-0.311951,-0.312857,0.721343,0.245143,-0.684571,-0.0231429,0.00178571,-0.5
3231,-42.2095,889.75,-0.0450596,0.25,0.0833333,0.0898184,0.934625,0.307155,-0.009752,1.71079,5.92593e-05,0.00975341,0.279966,12696.9,0.564362,0.403431,-0.4,0.25,201.886,3.97025e+07,0.805079,0.0640064,0.533456,0.00170008,-0.779345,0.88975,-0.456787,nan,nan,nan,nan,-0.0252875,-0.110938,-0.0421751,nan,-0.253493,0,-0.418957,-0.596118,nan,-0.980306,-0.582737,-0.6495,1.37086,0.5945,-1.313,-0.05025,0.0140625,-0.5
3232,-55.2568,952.364,-0.0484937,0.291667,0.166667,0.09198,0.939546,0.335235,-0.00983425,1.70817,5.92593e-05,0.00728345,0.279903,13598.4,0.604589,0.299049,-0.4,0.25,202.792,3.97148e+07,0.827536,0.0690626,0.571606,0.00214292,-0.83357,0.952364,-0.471164,nan,nan,nan,nan,-0.0268021,-0.120231,-0.0452778,nan,-0.270791,0,-0.45202,-0.636586,nan,-1.44588,-0.622757,-0.709636,1.4518,0.654909,-1.41673,-0.0521818,-0.00681818,-0.5
3233,-46.6972,888.455,-0.0474465,0.375,0.0833333,0.0921329,0.949889,0.296128,-0.0114524,1.70475,3.95062e-05,0.0218112,0.279828,12368.9,0.594302,0.39916,-0.4,0.25,203.787,3.97271e+07,0.817466,0.0634147,0.544412,0.00180918,-0.768342,0.888455,-0.443218,nan,nan,nan,nan,-0.0236784,-0.106238,-0.0406098,nan,-0.250865,-0.00118182,-0.421732,-0.587606,nan,-1.22958,-0.576193,-0.672273,1.37574,0.583273,-1.33673,-0.0534545,-0.00681818,-0.5
3234,-37.92,891.214,-0.0480688,0.5,0.0833333,0.0914726,0.957298,0.360124,-0.00843522,1.70214,3.95062e-05,0.00945118,0.279783,11990.4,0.652046,0.372772,-0.4,0.25,204.813,3.97394e+07,0.866566,0.0598881,0.574228,0.00132167,-0.776564,0.891214,-0.325293,nan,nan,nan,nan,-0.0181696,-0.0787667,-0.0293436,nan,-0.252523,-0.000357143,-0.420069,-0.610923,nan,-0.885798,-0.58013,-0.668143,1.3959,0.422571,-1.34514,-0.037,-0.00803571,-0.5
3235,-49.0464,892.348,-0.0517577,0.708333,0.25,0.0929253,0.933985,0.337218,-0.00926581,1.69965,3.95062e-05,0.00910988,0.279718,12231,0.666863,0.337795,-0.4,0.25,205.819,3.97517e+07,0.805451,0.0629125,0.51636,0.00168996,-0.770637,0.892348,-0.438504,nan,nan,nan,nan,-0.0243562,-0.110813,-0.0402451,nan,-0.252139,-8.69565e-05,-0.424915,-0.604357,nan,-1.36223,-0.575407,-0.654261,1.37754,0.601913,-1.3207,-0.046,-0.0146739,-0.5
3236,-35.9799,792.286,-0.0473314,0.416667,0.166667,0.0918063,0.929372,0.343547,-0.00932103,1.69681,3.95062e-05,0.00557275,0.279652,14398.6,0.572956,0.280463,-0.4,0.25,206.674,3.9764e+07,0.747345,0.0531924,0.479603,0.00126058,-0.688895,0.792286,-0.309507,nan,nan,nan,nan,-0.0175506,-0.0746511,-0.0290434,nan,-0.224074,0,-0.376196,-0.537423,nan,-0.840812,-0.510848,-0.584357,1.21414,0.44,-1.16686,-0.0371429,0.0133929,-0.5
3237,-37.7913,785.941,-0.0497544,0.375,0.333333,0.0910295,0.936715,0.39132,-0.00864622,1.69417,3.95062e-05,0.00729899,0.279612,14960,0.552278,0.269113,-0.4,0.25,207.497,3.97763e+07,0.752763,0.0573677,0.476941,0.00132387,-0.678554,0.785941,-0.338359,nan,nan,nan,nan,-0.0195153,-0.0870859,-0.0311684,nan,-0.222457,0,-0.374109,-0.52877,nan,-0.861459,-0.50631,-0.553588,1.21721,0.461176,-1.164,-0.0364706,-0.00514706,-0.5
3238,-37.0761,828.8,-0.0475887,0.458333,0.166667,0.0918498,0.942461,0.277669,-0.00822811,1.69272,3.95062e-05,0.012166,0.279592,15152.5,0.517259,0.293699,-0.4,0.25,208.31,3.97885e+07,0.817422,0.0575807,0.494944,0.00114042,-0.713192,0.8288,-0.31538,nan,nan,nan,nan,-0.0179145,-0.0822299,-0.0292857,nan,-0.233391,-6.66667e-05,-0.39682,-0.556447,nan,-0.924072,-0.527138,-0.5996,1.29128,0.429867,-1.2,-0.0334667,-0.0125,-0.5
3239,-39.9878,806.8,-0.0477172,0.291667,0.125,0.0944137,0.943082,0.367028,-0.0081639,1.69145,3.95062e-05,0.00672166,0.279561,12366.9,0.611336,0.382288,-0.4,0.25,209.305,3.98008e+07,0.769873,0.0564122,0.465893,0.0011713,-0.701658,0.8068,-0.33795,nan,nan,nan,nan,-0.0184865,-0.0802219,-0.0305939,nan,-0.228265,0,-0.38527,-0.556426,nan,-0.97534,-0.51926,-0.6123,1.25198,0.4736,-1.1928,-0.0378,0.00125,-0.5
3240,-46.2356,925.533,-0.0456603,0.5,0.125,0.09192,0.938045,0.343493,-0.00899822,1.68904,3.95062e-05,0.0119445,0.279485,13013,0.593167,0.351118,-0.4,0.25,210.251,3.98131e+07,0.819541,0.0658949,0.549989,0.00160401,-0.795367,0.925533,-0.43398,nan,nan,nan,nan,-0.0250331,-0.113198,-0.0396186,nan,-0.262233,-6.66667e-05,-0.438402,-0.633892,nan,-1.12934,-0.602965,-0.6816,1.41429,0.596533,-1.36,-0.0461333,-0.0233333,-0.5
3241,-39.1829,840.4,-0.0465645,0.291667,0.125,0.091405,0.936559,0.306546,-0.00872055,1.68545,3.95062e-05,0.0125391,0.279417,13249.8,0.588045,0.339368,-0.4,0.25,211.18,3.98254e+07,0.788509,0.0665859,0.548649,0.00148902,-0.716492,0.8404,-0.34513,nan,nan,nan,nan,-0.0166587,-0.0742935,-0.0294537,nan,-0.235983,-0.0003,-0.400636,-0.55023,nan,-1.04584,-0.5381,-0.5802,1.30099,0.4496,-1.2332,-0.0426,0.00375,-0.5
3242,-46.7123,896,-0.0465197,0.25,0.0833333,0.0927294,0.932623,0.264903,-0.00862301,1.68259,3.95062e-05,0.0140688,0.279363,13863.7,0.554697,0.331645,-0.4,0.25,212.068,3.98377e+07,0.86629,0.0667845,0.567627,0.0017478,-0.771958,0.896,-0.395512,nan,nan,nan,nan,-0.0212369,-0.0962956,-0.0359228,nan,-0.253846,0,-0.423716,-0.602453,nan,-1.23031,-0.58405,-0.664125,1.36873,0.5115,-1.353,-0.0475,-0.009375,-0.5
3243,-43.6798,951.889,-0.0497601,0.25,0.125,0.0943528,0.936678,0.28325,-0.00878512,1.67984,3.95062e-05,0.0113489,0.279302,11854.1,0.662178,0.374422,-0.4,0.25,213.106,3.985e+07,0.942764,0.0670998,0.614403,0.00168837,-0.828982,0.951889,-0.420944,nan,nan,nan,nan,-0.0212954,-0.089244,-0.0392271,nan,-0.267202,-0.000222222,-0.451983,-0.642454,nan,-1.072,-0.608816,-0.728333,1.48686,0.551111,-1.38533,-0.0493333,-0.0277778,-0.5
3244,-45.6062,928.091,-0.0447947,0.416667,0.0416667,0.0905198,0.924393,0.309548,-0.00779913,1.67728,3.95062e-05,0.0131935,0.279261,12973.7,0.591337,0.35581,-0.4,0.25,214.055,3.98623e+07,0.858394,0.0635517,0.564641,0.00161372,-0.808702,0.928091,-0.443436,nan,nan,nan,nan,-0.024372,-0.111267,-0.0407704,nan,-0.263809,-9.09091e-05,-0.43798,-0.62604,nan,-1.13348,-0.613839,-0.743455,1.41882,0.600364,-1.376,-0.0470909,0,-0.5
3245,-49.4454,811.778,-0.0469369,0.291667,0.0833333,0.0920326,0.942826,0.302679,-0.00884371,1.67494,3.95062e-05,0.00579154,0.279182,14476.1,0.583561,0.265285,-0.4,0.25,214.905,3.98746e+07,0.723674,0.0550193,0.465784,0.00170301,-0.701712,0.811778,-0.410744,nan,nan,nan,nan,-0.0222744,-0.103314,-0.0371498,nan,-0.228971,0,-0.386166,-0.550988,nan,-1.33124,-0.523135,-0.609667,1.25129,0.535556,-1.23778,-0.0475556,-0.0152778,-0.5
3246,-44.9205,880.417,-0.0489232,0.375,0.125,0.0927657,0.938481,0.32062,-0.00897074,1.671,3.95062e-05,0.010422,0.279104,13942.5,0.555006,0.326331,-0.4,0.25,215.788,3.98868e+07,0.8225,0.0574089,0.495263,0.00151137,-0.764849,0.880417,-0.421492,nan,nan,nan,nan,-0.0229165,-0.100232,-0.0392163,nan,-0.249147,-8.33333e-05,-0.41973,-0.594865,nan,-1.10569,-0.572505,-0.63,1.36969,0.55,-1.30167,-0.0483333,-0.0270833,-0.5
3247,-41.8225,888.556,-0.0466223,0.583333,0.166667,0.0938218,0.952076,0.330821,-0.00865095,1.66749,3.95062e-05,0.00903782,0.279033,13582.4,0.568649,0.336052,-0.4,0.25,216.694,3.98991e+07,0.856599,0.0641908,0.524301,0.00143353,-0.762588,0.888556,-0.408872,nan,nan,nan,nan,-0.0220893,-0.0983213,-0.0373751,nan,-0.250022,-5.55556e-05,-0.422888,-0.606955,nan,-1.07737,-0.569957,-0.654667,1.38357,0.553556,-1.3,-0.0452222,0.00416667,-0.5
3248,-41.3157,809.3,-0.0465759,0.291667,0.125,0.0928683,0.942144,0.351091,-0.00793084,1.66446,5.92593e-05,0.00476524,0.278974,13383.5,0.584859,0.333286,-0.4,0.25,217.614,3.99114e+07,0.751491,0.0591012,0.494612,0.00175868,-0.702742,0.8093,-0.39905,nan,nan,nan,nan,-0.0219298,-0.0953475,-0.0364024,nan,-0.227897,-0.0002,-0.385139,-0.548707,nan,-1.02953,-0.523942,-0.5946,1.25879,0.5396,-1.2048,-0.0464,-0.01375,-0.5
3249,-40.68,716.538,-0.0498568,0.25,0.291667,0.0934553,0.937025,0.237177,-0.0107594,1.66079,5.92593e-05,0.0131139,0.278882,13839.7,0.576936,0.310944,-0.4,0.25,218.503,3.99237e+07,0.62741,0.047628,0.446251,0.0017788,-0.620296,0.716538,-0.373654,nan,nan,nan,nan,-0.0200365,-0.0834653,-0.0343567,nan,-0.20297,0,-0.338778,-0.487009,nan,-0.933269,-0.470017,-0.535615,1.09986,0.509538,-1.05323,-0.0456923,-0.0153846,-0.5
3250,-42.0177,983.606,-0.0465132,2.66667,0.0833333,0.092671,0.951641,0.319302,-0.00900977,1.65696,5.92593e-05,0.00991801,0.278819,13051.9,0.590056,0.351413,-0.4,0.25,219.446,3.9936e+07,0.932805,0.0721823,0.602909,0.00165639,-0.846446,0.983606,-0.423427,nan,nan,nan,nan,-0.0222471,-0.100202,-0.0385961,nan,-0.27661,-0.000166667,-0.467975,-0.659235,nan,-1.10666,-0.628737,-0.717045,1.53983,0.576182,-1.45812,-0.0462121,-0.0032197,-0.5
3251,-43.652,932.889,-0.0492708,0.625,0.125,0.0929574,0.935143,0.298985,-0.00992608,1.6546,5.92593e-05,0.0136034,0.278793,13150.8,0.599601,0.334794,-0.4,0.25,220.382,3.99483e+07,0.852878,0.0600914,0.55538,0.00158359,-0.807716,0.932889,-0.416556,nan,nan,nan,nan,-0.0218214,-0.0980985,-0.0380447,nan,-0.26307,0,-0.446324,-0.630866,nan,-1.06743,-0.602398,-0.693333,1.44523,0.559111,-1.38844,-0.0434444,0.0111111,-0.5
3252,-44.0899,931.267,-0.0473469,0.5,0.125,0.0921543,0.932141,0.322104,-0.00989086,1.65314,5.92593e-05,0.010851,0.278771,12813.6,0.577242,0.381741,-0.4,0.25,221.343,3.99606e+07,0.852451,0.0682048,0.54402,0.00152248,-0.804767,0.931267,-0.430287,nan,nan,nan,nan,-0.0231793,-0.103114,-0.0383796,nan,-0.261655,0,-0.446262,-0.632981,nan,-1.02106,-0.596906,-0.716,1.42126,0.5696,-1.37173,-0.0506667,0.00416667,-0.5
3253,-33.6432,815.417,-0.0464021,0.375,0.125,0.0920226,0.922738,0.354007,-0.0101712,1.65176,5.92593e-05,0.0150036,0.278749,13378.8,0.587862,0.330604,-0.4,0.25,222.263,3.99729e+07,0.793302,0.0593735,0.48769,0.00119905,-0.693528,0.815417,-0.296633,nan,nan,nan,nan,-0.0173688,-0.075199,-0.0274108,nan,-0.228844,-0.000166667,-0.391561,-0.551029,nan,-0.769563,-0.521094,-0.5665,1.27838,0.406667,-1.20667,-0.0338333,-0.0197917,-0.5
3254,-43.2149,825.143,-0.0522491,0.541667,0.333333,0.0926741,0.930837,0.236608,-0.0107933,1.64918,5.92593e-05,0.0169676,0.27865,12916.7,0.554413,0.396911,-0.4,0.25,223.216,3.99852e+07,0.700224,0.0561063,0.506245,0.00162688,-0.718599,0.825143,-0.386648,nan,nan,nan,nan,-0.0215774,-0.0950375,-0.0356138,nan,-0.234161,-4.7619e-05,-0.390181,-0.564744,nan,-0.993265,-0.538697,-0.632857,1.26101,0.529905,-1.20686,-0.0429524,0.0107143,-0.5
3255,-42.0255,913.5,-0.0459125,0.291667,0.0416667,0.0892389,0.934437,0.239579,-0.00951655,1.6444,5.92593e-05,0.0120355,0.278564,12330,0.616089,0.380505,-0.4,0.25,224.214,3.99974e+07,0.846775,0.0646805,0.554621,0.00187191,-0.785485,0.9135,-0.462937,nan,nan,nan,nan,-0.023725,-0.106797,-0.0406525,nan,-0.258192,-0.000625,-0.432744,-0.608121,nan,-1.0645,-0.597094,-0.67125,1.43184,0.626,-1.359,-0.04975,-0.0171875,-0.5
3256,-48.3478,893.692,-0.0470942,0.416667,0.125,0.0927537,0.936609,0.276931,-0.00941719,1.64049,5.92593e-05,0.01026,0.278468,12406.3,0.608204,0.38226,-0.4,0.25,225.206,4.00097e+07,0.75077,0.0601388,0.53141,0.00171552,-0.765712,0.893692,-0.425323,nan,nan,nan,nan,-0.0236326,-0.103434,-0.0390931,nan,-0.253542,-7.69231e-05,-0.421087,-0.61352,nan,-1.22249,-0.587118,-0.667615,1.37525,0.580308,-1.33754,-0.0456923,0.0105769,-0.5
3257,-47.6706,897,-0.0490301,0.375,0.208333,0.0926529,0.922031,0.315466,-0.0106682,1.63631,5.92593e-05,0.0156884,0.278385,12592.8,0.612834,0.362963,-0.4,0.25,226.184,4.0022e+07,0.814884,0.0599717,0.53437,0.00175178,-0.77444,0.897,-0.457843,nan,nan,nan,nan,-0.024239,-0.106403,-0.0411856,nan,-0.25294,0,-0.428591,-0.624078,nan,-1.15769,-0.57615,-0.6615,1.37787,0.602286,-1.326,-0.054,-0.00803571,-0.5
3258,-40.7575,843.048,-0.0524213,0.625,0.25,0.0926062,0.926384,0.333539,-0.0098608,1.6327,5.92593e-05,0.0122382,0.278298,13605.4,0.611875,0.291298,-0.4,0.25,227.088,4.00343e+07,0.792413,0.0589782,0.523612,0.00160744,-0.72307,0.843048,-0.376295,nan,nan,nan,nan,-0.0196826,-0.0843603,-0.0338734,nan,-0.237389,-0.000238095,-0.401598,-0.56392,nan,-1.03375,-0.540934,-0.624571,1.30624,0.504381,-1.23371,-0.0447619,-0.00714286,-0.5
3259,-37.4245,781.4,-0.0497406,0.375,0.25,0.0927451,0.930408,0.282627,-0.00981916,1.62849,5.92593e-05,0.0155408,0.2782,13757.6,0.556819,0.33636,-0.4,0.25,227.983,4.00466e+07,0.695357,0.0569076,0.477821,0.00151565,-0.663674,0.7814,-0.351153,nan,nan,nan,nan,-0.0197538,-0.0839001,-0.032057,nan,-0.219929,-6.66667e-05,-0.372854,-0.541273,nan,-0.809038,-0.502096,-0.571,1.20947,0.4744,-1.1672,-0.0382667,0.00416667,-0.5
3260,-53.8834,978.5,-0.0438266,0.625,0.0416667,0.0926109,0.935122,0.264822,-0.010269,1.62449,5.92593e-05,0.0133962,0.278116,12557.2,0.573606,0.40496,-0.4,0.25,228.963,4.00589e+07,0.839718,0.0688163,0.55466,0.00182578,-0.836847,0.9785,-0.460587,nan,nan,nan,nan,-0.0247894,-0.115091,-0.0419517,nan,-0.274932,-0.000125,-0.465572,-0.662479,nan,-1.455,-0.630882,-0.759375,1.51969,0.61725,-1.4635,-0.05225,0,-0.5
3261,-43.2115,864.75,-0.044174,0.375,0.125,0.0917392,0.899998,0.268773,-0.00947453,1.62089,5.92593e-05,0.00982425,0.278046,13524.9,0.584193,0.324355,-0.4,0.25,229.873,4.00712e+07,0.760919,0.0633878,0.516832,0.00162763,-0.743973,0.86475,-0.378375,nan,nan,nan,nan,-0.0214949,-0.0948777,-0.0351789,nan,-0.243707,-0.00025,-0.410895,-0.592933,nan,-1.05999,-0.557147,-0.6445,1.32735,0.533667,-1.278,-0.0396667,-0.003125,-0.5
3262,-44.6558,993.125,-0.0428545,0.625,0.0416667,0.0899872,0.90538,0.321189,-0.00956139,1.61787,5.92593e-05,0.00948376,0.277978,14974.7,0.55624,0.264344,-0.4,0.25,230.696,4.00835e+07,0.94986,0.0723121,0.56446,0.00158634,-0.851962,0.993125,-0.421487,nan,nan,nan,nan,-0.0246462,-0.114256,-0.0388495,nan,-0.279297,-6.25e-05,-0.478666,-0.657398,nan,-1.19918,-0.634348,-0.698063,1.53346,0.596,-1.45475,-0.05,-0.009375,-0.5
3263,-39.9109,781,-0.0454189,0.333333,0.208333,0.090293,0.905931,0.266701,-0.00905726,1.61497,5.92593e-05,0.0102368,0.277929,13903.9,0.551205,0.332576,-0.4,0.25,231.581,4.00957e+07,0.694546,0.059465,0.458432,0.00112194,-0.669674,0.781,-0.298438,nan,nan,nan,nan,-0.0180774,-0.0794247,-0.0280911,nan,-0.218884,0,-0.373087,-0.514442,nan,-0.929626,-0.50136,-0.586154,1.20018,0.400923,-1.14923,-0.0295385,-0.00288462,-0.5
3264,-41.0307,793.5,-0.0439382,0.333333,0.166667,0.0893453,0.906334,0.274953,-0.00921025,1.61199,8.88889e-05,0.00467977,0.277833,13888.1,0.554777,0.330008,-0.4,0.25,232.467,4.0108e+07,0.702297,0.0536192,0.47945,0.00149942,-0.68283,0.7935,-0.362133,nan,nan,nan,nan,-0.0201793,-0.0851845,-0.0336405,nan,-0.22375,0,-0.377172,-0.539996,nan,-0.960628,-0.511002,-0.5915,1.21295,0.483667,-1.16367,-0.0435,-0.0166667,-0.5
3265,-40.7562,905.4,-0.0418599,0.375,0.0416667,0.0900814,0.912142,0.274639,-0.0109183,1.60602,8.88889e-05,0.0156609,0.277674,13156.3,0.580288,0.353713,-0.4,0.25,233.403,4.01203e+07,0.8437,0.0642589,0.552064,0.00164745,-0.771072,0.9054,-0.41348,nan,nan,nan,nan,-0.022752,-0.100259,-0.0392357,nan,-0.255111,0,-0.431358,-0.617177,nan,-1.15173,-0.580817,-0.678,1.38904,0.5684,-1.3204,-0.0536,0.0075,-0.5
3266,-32.3816,939,-0.0419453,0.375,0.0833333,0.0912766,0.902802,0.295745,-0.0111234,1.59949,8.88889e-05,0.0143577,0.277553,14279.9,0.535647,0.32486,-0.4,0.25,234.265,4.01326e+07,0.969634,0.0684406,0.59697,0.00140042,-0.804892,0.939,-0.3658,nan,nan,nan,nan,-0.0181876,-0.0813887,-0.0329802,nan,-0.261603,-0.000272727,-0.449742,-0.612159,nan,-0.793136,-0.587923,-0.659182,1.48569,0.506909,-1.38509,-0.0427273,-0.00113636,-0.5
3267,-37.1873,1000,-0.0410558,0.458333,0,0.0937761,0.903008,0.232697,-0.0100855,1.59347,8.88889e-05,0.0112097,0.277386,16556.8,0.501465,0.240709,-0.4,0.25,235.008,4.01449e+07,1.00655,0.0708611,0.595516,0.00149686,-0.856586,1,-0.402873,nan,nan,nan,nan,-0.0204845,-0.0918769,-0.0362289,nan,-0.279828,-9.09091e-05,-0.482906,-0.653671,nan,-0.997318,-0.629389,-0.706364,1.58774,0.536364,-1.45164,-0.0418182,-0.00681818,nan
3268,-41.3967,875.769,-0.0446842,0.416667,0.125,0.0918612,0.926092,0.278673,-0.011132,1.58586,5.92593e-05,0.0226346,0.277268,16611.6,0.496753,0.242969,-0.4,0.25,235.749,4.01572e+07,0.825015,0.0639548,0.532463,0.00134941,-0.745185,0.875769,-0.354485,nan,nan,nan,nan,-0.0200315,-0.0897339,-0.0323628,nan,-0.245795,-0.000538462,-0.417826,-0.590041,nan,-1.0553,-0.555162,-0.661154,1.34765,0.493231,-1.29538,-0.0395385,0.00865385,-0.5
3269,-44.3249,788.125,-0.0448236,0.166667,0.166667,0.0924839,0.921171,0.237385,-0.00948952,1.58241,5.92593e-05,0.0159304,0.27724,16829,0.484528,0.245638,-0.4,0.25,236.481,4.01695e+07,0.649234,0.0551887,0.458336,0.00167657,-0.671233,0.788125,-0.349187,nan,nan,nan,nan,-0.0205063,-0.0855099,-0.0324609,nan,-0.222471,0,-0.371914,-0.529463,nan,-0.999717,-0.505362,-0.57375,1.18996,0.465,-1.163,-0.03825,-0.0109375,-0.5
3270,-38.4607,873.2,-0.043302,0.125,0.0833333,0.093609,0.92224,0.364255,-0.00949336,1.58088,5.92593e-05,0.0125378,0.277206,16382.3,0.506279,0.243799,-0.4,0.25,237.232,4.01818e+07,0.782674,0.067112,0.522169,0.0014865,-0.737301,0.8732,-0.41024,nan,nan,nan,nan,-0.0226463,-0.10278,-0.037587,nan,-0.246968,0,-0.414631,-0.583685,nan,-0.793716,-0.56168,-0.6252,1.33556,0.564,-1.2632,-0.0396,-0.03,-0.5
3271,-39.7455,760,-0.0475988,0.291667,0.25,0.0953321,0.92095,0.36748,-0.0113654,1.57827,5.92593e-05,0.0156272,0.277117,16558.9,0.501003,0.241076,-0.4,0.25,237.976,4.0194e+07,0.662191,0.0522183,0.463272,0.00162938,-0.654389,0.76,-0.375346,nan,nan,nan,nan,-0.0205985,-0.0845588,-0.0349477,nan,-0.215033,0,-0.360656,-0.505455,nan,-0.940208,-0.494258,-0.544846,1.18598,0.517846,-1.10462,-0.0387692,-0.0259615,-0.5
3272,-32.8411,847.25,-0.0443469,0.25,0.0833333,0.0920313,0.924074,0.326835,-0.0093259,1.57389,5.92593e-05,0.0122119,0.277032,16825.3,0.487721,0.242608,-0.4,0.25,238.707,4.02063e+07,0.824269,0.0670705,0.498113,0.000788354,-0.72001,0.84725,-0.286225,nan,nan,nan,nan,-0.0154937,-0.0712492,-0.0265296,nan,-0.235895,0,-0.408275,-0.548847,nan,-0.791554,-0.530615,-0.5985,1.33402,0.3865,-1.217,-0.03425,0.009375,-0.5
3273,-43.4032,915.444,-0.0465488,0.291667,0.0833333,0.0928366,0.9343,0.219362,-0.00975484,1.56951,5.92593e-05,0.00647732,0.276914,16054.8,0.523909,0.241471,-0.4,0.25,239.474,4.02186e+07,0.787554,0.067064,0.502187,0.00159115,-0.777558,0.915444,-0.444878,nan,nan,nan,nan,-0.0227771,-0.100346,-0.039892,nan,-0.25589,-0.000333333,-0.444505,-0.602436,nan,-1.06722,-0.571277,-0.661,1.42833,0.603111,-1.33467,-0.0471111,0.00555556,-0.5
3274,-47.9367,985,-0.0412875,0.208333,0.0416667,0.0920683,0.924758,0.30197,-0.0106885,1.5641,5.92593e-05,0.0131672,0.276796,16460.4,0.489958,0.256559,-0.4,0.25,240.222,4.02309e+07,0.855484,0.0763271,0.558574,0.00153885,-0.848424,0.985,-0.428167,nan,nan,nan,nan,-0.027201,-0.125582,-0.0417801,nan,-0.279869,0,-0.467461,-0.66809,nan,-1.22303,-0.638948,-0.7005,1.51904,0.610667,-1.452,-0.042,0.0229167,-0.5
3275,-47.1333,850.6,-0.0430281,0.291667,0.125,0.0921054,0.910145,0.306174,-0.0103452,1.55939,5.92593e-05,0.00981972,0.276725,16531.9,0.503228,0.240062,-0.4,0.25,240.967,4.02432e+07,0.73346,0.0618026,0.493792,0.00192566,-0.729737,0.8506,-0.46394,nan,nan,nan,nan,-0.0237713,-0.104868,-0.0411572,nan,-0.23957,0,-0.406482,-0.583343,nan,-1.20295,-0.545612,-0.6243,1.30634,0.6268,-1.2532,-0.0562,-0.00625,-0.5
3276,-45.9222,871.333,-0.0450542,0.458333,0.166667,0.0921663,0.923879,0.248046,-0.01092,1.55688,5.92593e-05,0.0133419,0.276676,16872.9,0.488365,0.239905,-0.4,0.25,241.696,4.02555e+07,0.755294,0.0668576,0.500902,0.00178134,-0.749586,0.871333,-0.440587,nan,nan,nan,nan,-0.0222902,-0.0999697,-0.0402759,nan,-0.244689,-0.0006,-0.416859,-0.585349,nan,-1.18289,-0.558283,-0.6444,1.34894,0.5856,-1.2656,-0.0496,0.0075,-0.5
3277,-39.7288,928.35,-0.0440614,0.708333,0.125,0.0940634,0.923801,0.287865,-0.00937046,1.5547,5.92593e-05,0.00526703,0.276648,16848.7,0.488197,0.241118,-0.4,0.25,242.427,4.02678e+07,0.875315,0.0665578,0.542186,0.00145067,-0.792962,0.92835,-0.361555,nan,nan,nan,nan,-0.0206846,-0.0945393,-0.0332501,nan,-0.259497,-0.0005,-0.447833,-0.604293,nan,-1.01919,-0.584824,-0.66825,1.4645,0.4862,-1.3502,-0.0403,0.001875,-0.5
3278,-43.1486,824,-0.0462324,0.291667,0.208333,0.0938439,0.924389,0.357764,-0.00852999,1.55346,5.92593e-05,0.00724391,0.276619,16468,0.490522,0.255654,-0.4,0.25,243.174,4.02801e+07,0.721792,0.0609063,0.481292,0.00182225,-0.694255,0.824,-0.432125,nan,nan,nan,nan,-0.0229657,-0.102576,-0.0383261,nan,-0.231152,-8.33333e-05,-0.393138,-0.542663,nan,-1.09869,-0.52031,-0.58725,1.27458,0.598667,-1.18633,-0.0466667,-0.015625,-0.5
3279,-48.1451,940,-0.0442843,0.5,0.0833333,0.092805,0.916042,0.247855,-0.0111182,1.55085,5.92593e-05,0.0101275,0.276528,16704.8,0.494369,0.241229,-0.4,0.25,243.911,4.02924e+07,0.844744,0.067702,0.565366,0.00201448,-0.802426,0.94,-0.452057,nan,nan,nan,nan,-0.024646,-0.108906,-0.041467,nan,-0.265358,0,-0.447599,-0.625922,nan,-1.31209,-0.607049,-0.696643,1.45262,0.608571,-1.38886,-0.0482857,0.00446429,-0.5
3280,-44.6733,936.2,-0.044196,0.5,0.125,0.0912915,0.924446,0.288734,-0.00968621,1.54632,5.92593e-05,0.0162183,0.276445,16171.1,0.49666,0.263215,-0.4,0.25,244.672,4.03046e+07,0.888134,0.0709606,0.561267,0.00193452,-0.79737,0.9362,-0.468593,nan,nan,nan,nan,-0.024595,-0.113172,-0.0425587,nan,-0.263139,-0.000333333,-0.446267,-0.620491,nan,-1.1994,-0.598029,-0.6684,1.45496,0.628,-1.35813,-0.0521333,-0.0225,-0.5
3281,-41.6872,951.846,-0.042615,0.458333,0.0833333,0.090928,0.916683,0.223009,-0.0101193,1.54276,5.92593e-05,0.012813,0.276376,16526.1,0.500906,0.242644,-0.4,0.25,245.417,4.03169e+07,0.864085,0.0697698,0.545209,0.0015058,-0.81005,0.951846,-0.418046,nan,nan,nan,nan,-0.0237386,-0.108055,-0.0378152,nan,-0.267371,-0.000153846,-0.454648,-0.630009,nan,-0.995004,-0.603653,-0.704077,1.47139,0.570769,-1.396,-0.0487692,0.0153846,-0.5
3282,-39.8294,797.833,-0.0436826,0.375,0.125,0.0912516,0.928824,0.267237,-0.00995146,1.53901,5.92593e-05,0.00898715,0.276289,15935.3,0.505687,0.265432,-0.4,0.25,246.19,4.03292e+07,0.71318,0.0566328,0.463246,0.00148094,-0.676025,0.797833,-0.377067,nan,nan,nan,nan,-0.0203062,-0.0866721,-0.0336774,nan,-0.223344,0,-0.382483,-0.52652,nan,-1.03216,-0.502836,-0.5805,1.23987,0.51,-1.168,-0.0443333,0.00520833,-0.5
3283,-37.1809,1000,-0.0420289,0.208333,0,0.0923491,0.939865,0.340523,-0.00983917,1.53489,5.92593e-05,0.0107145,0.276222,16473.2,0.503069,0.242868,-0.4,0.25,246.937,4.03415e+07,0.936391,0.0758084,0.612278,0.00154736,-0.864515,1,-0.4019,nan,nan,nan,nan,-0.0200197,-0.0847402,-0.037535,nan,-0.283156,0,-0.471289,-0.639304,nan,-0.904941,-0.647313,-0.7278,1.54314,0.5808,-1.4616,-0.0424,-0.0225,nan
3284,-35.3177,723.643,-0.0506348,0.166667,0.416667,0.0917085,0.922945,0.325792,-0.0110994,1.53195,5.92593e-05,0.0145381,0.276169,16881.1,0.485049,0.242867,-0.4,0.25,247.666,4.03538e+07,0.699832,0.0590545,0.412714,0.0010358,-0.609956,0.723643,-0.279893,nan,nan,nan,nan,-0.016411,-0.0658069,-0.0243603,nan,-0.20261,-7.14286e-05,-0.347526,-0.47944,nan,-0.798964,-0.45126,-0.509571,1.13738,0.396,-1.03486,-0.0292857,0.0116071,-0.5
3285,-39.2266,904.5,-0.0436279,0.333333,0.0833333,0.0934997,0.932982,0.413069,-0.00993169,1.52945,5.92593e-05,0.0118191,0.276119,16926.4,0.484943,0.241024,-0.4,0.25,248.393,4.03661e+07,0.855735,0.0704603,0.562959,0.00174517,-0.766948,0.9045,-0.41608,nan,nan,nan,nan,-0.0210825,-0.0929064,-0.035702,nan,-0.252361,-0.0003,-0.43057,-0.600276,nan,-1.01753,-0.566491,-0.6537,1.41197,0.5508,-1.3348,-0.047,0.01625,-0.5
3286,-38.8592,782.833,-0.0487584,0.458333,0.291667,0.0922165,0.932928,0.331064,-0.0104623,1.52667,5.92593e-05,0.00967531,0.276048,16795.8,0.485676,0.245937,-0.4,0.25,249.126,4.03784e+07,0.709618,0.0562912,0.45916,0.00154811,-0.665474,0.782833,-0.358361,nan,nan,nan,nan,-0.0201924,-0.0910724,-0.0323598,nan,-0.220319,-5.55556e-05,-0.375051,-0.515839,nan,-1.06265,-0.490982,-0.546,1.22546,0.493556,-1.12644,-0.0423333,0.0111111,-0.5
3287,-36.7434,665,-0.0424641,0.125,0.208333,0.0900165,0.929627,0.34225,-0.00859068,1.52353,5.92593e-05,0.014875,0.27599,17010.8,0.47814,0.244225,-0.4,0.25,249.85,4.03907e+07,0.551428,0.0499587,0.354121,0.000932731,-0.565241,0.665,-0.280875,nan,nan,nan,nan,-0.0189062,-0.0832893,-0.0261958,nan,-0.186219,0,-0.323635,-0.441217,nan,-0.929419,-0.421773,-0.441375,1.02048,0.403,-0.9655,-0.03025,0.028125,-0.5
3288,-34.1059,748.278,-0.0478854,0.416667,0.333333,0.0922358,0.911207,0.298423,-0.0110909,1.52102,5.92593e-05,0.00726263,0.275943,16117.9,0.517827,0.244557,-0.4,0.25,250.614,4.04029e+07,0.707248,0.0570373,0.461023,0.00131327,-0.639866,0.748278,-0.306328,nan,nan,nan,nan,-0.0173602,-0.0715476,-0.0280677,nan,-0.20938,-0.000833333,-0.358211,-0.488081,nan,-0.776737,-0.474365,-0.531333,1.16378,0.416,-1.09822,-0.0353333,-0.00208333,-0.5
3289,-42.9743,881.13,-0.0494205,0.625,0.333333,0.0936462,0.919053,0.338229,-0.0104598,1.51841,5.92593e-05,0.0138816,0.275881,16058.9,0.490255,0.27493,-0.4,0.25,251.38,4.04152e+07,0.790022,0.0693247,0.520052,0.00163549,-0.745864,0.88113,-0.406339,nan,nan,nan,nan,-0.0224619,-0.0979161,-0.0368781,nan,-0.246936,-4.34783e-05,-0.422457,-0.569151,nan,-1.12626,-0.554747,-0.635348,1.37385,0.558609,-1.27322,-0.0453913,0.013587,-0.5
3290,-42.4795,933.625,-0.0452195,0.291667,0.0416667,0.0935022,0.925779,0.300273,-0.00975538,1.51607,5.92593e-05,0.0165143,0.275862,16512.2,0.488791,0.255384,-0.4,0.25,252.126,4.04275e+07,0.840874,0.0664516,0.520934,0.00147581,-0.785794,0.933625,-0.394687,nan,nan,nan,nan,-0.0215219,-0.0956184,-0.0364313,nan,-0.260372,0,-0.45031,-0.600649,nan,-1.09804,-0.582598,-0.69375,1.46538,0.554,-1.3685,-0.045,-0.0109375,-0.5
3291,-39.3468,839.2,-0.0477335,0.458333,0.166667,0.0947117,0.921973,0.262971,-0.0103038,1.51504,5.92593e-05,0.00840103,0.275853,16836.6,0.489443,0.240395,-0.4,0.25,252.857,4.04398e+07,0.787256,0.0625345,0.477995,0.00150256,-0.700606,0.8392,-0.374607,nan,nan,nan,nan,-0.0221394,-0.100731,-0.0336196,nan,-0.234199,0,-0.402661,-0.565264,nan,-1.08773,-0.526919,-0.6104,1.31493,0.5104,-1.21413,-0.0406667,0.0133333,-0.5
3292,-38.3112,968.569,-0.0477949,2.29167,0.125,0.0937735,0.926577,0.258725,-0.00920151,1.51286,5.92593e-05,0.00953195,0.275753,16130.9,0.515218,0.24655,-0.4,0.25,253.62,4.04521e+07,0.921042,0.076105,0.588602,0.00154136,-0.816108,0.968569,-0.389417,nan,nan,nan,nan,-0.0200245,-0.0907744,-0.0348787,nan,-0.270314,-8.62069e-05,-0.464082,-0.6323,nan,-1.04885,-0.60479,-0.681103,1.52862,0.522828,-1.41021,-0.0467586,-0.00538793,-0.5
3293,-41.9062,961.375,-0.0434021,0.625,0.0416667,0.0939234,0.914263,0.288718,-0.00966954,1.50719,5.92593e-05,0.00767322,0.275653,16089.6,0.524028,0.239696,-0.4,0.25,254.385,4.04644e+07,0.868639,0.069865,0.575105,0.00186782,-0.814717,0.961375,-0.443944,nan,nan,nan,nan,-0.0222546,-0.0965868,-0.0399336,nan,-0.269861,-0.0001875,-0.46171,-0.628922,nan,-1.13672,-0.608475,-0.696563,1.50609,0.60175,-1.38075,-0.05125,0.003125,-0.5
3294,-38.5589,947.25,-0.0426875,0.458333,0.0416667,0.0934741,0.908535,0.263822,-0.0104532,1.50306,5.92593e-05,0.0137275,0.275565,16895.6,0.482844,0.244446,-0.4,0.25,255.113,4.04767e+07,0.931529,0.0736706,0.551229,0.00171314,-0.794524,0.94725,-0.426083,nan,nan,nan,nan,-0.0224214,-0.0996821,-0.0388936,nan,-0.263658,0,-0.456789,-0.609216,nan,-1.07588,-0.590383,-0.62675,1.50827,0.576,-1.40833,-0.0508333,-0.0125,-0.5
3295,-38.1179,872.737,-0.0455009,0.625,0.166667,0.0963143,0.918207,0.262496,-0.0102151,1.49884,5.92593e-05,0.012929,0.275479,16982.5,0.484549,0.239021,-0.4,0.25,255.838,4.0489e+07,0.794119,0.067678,0.548515,0.00182959,-0.736172,0.872737,-0.3881,nan,nan,nan,nan,-0.0203459,-0.0922646,-0.0346874,nan,-0.244346,0,-0.415611,-0.57262,nan,-1.00093,-0.550054,-0.622263,1.37402,0.531789,-1.27537,-0.0457895,0.00723684,-0.5
3296,-40.4059,842.353,-0.0447234,0.5,0.208333,0.0937244,0.92994,0.324619,-0.0102588,1.4951,5.92593e-05,0.0138972,0.275404,16570.2,0.482682,0.258892,-0.4,0.25,256.581,4.05012e+07,0.741004,0.0588318,0.524838,0.00192758,-0.713121,0.842353,-0.410124,nan,nan,nan,nan,-0.020482,-0.0887782,-0.0368884,nan,-0.235962,-0.000352941,-0.401181,-0.555394,nan,-1.09107,-0.534494,-0.606706,1.30777,0.557412,-1.21859,-0.0481176,-0.0102941,-0.5
3297,-37.596,740.733,-0.04582,0.291667,0.333333,0.0911762,0.920028,0.24415,-0.00954199,1.49182,5.92593e-05,0.0143909,0.275334,16943.4,0.484406,0.240831,-0.4,0.25,257.308,4.05135e+07,0.732806,0.0530475,0.444557,0.00147114,-0.629861,0.740733,-0.34514,nan,nan,nan,nan,-0.0192758,-0.084368,-0.0307696,nan,-0.207753,0,-0.354469,-0.497066,nan,-0.969108,-0.468305,-0.5366,1.14676,0.468533,-1.0792,-0.0404,-0.00333333,-0.5
3298,-42.268,953.933,-0.042233,0.541667,0.0833333,0.0928128,0.923437,0.305488,-0.00899763,1.48821,5.92593e-05,0.00522276,0.275263,16467.4,0.500287,0.245913,-0.4,0.25,258.055,4.05258e+07,0.859279,0.0750738,0.634528,0.00202613,-0.804615,0.953933,-0.42242,nan,nan,nan,nan,-0.0218411,-0.0957809,-0.0375851,nan,-0.266984,-0.0002,-0.452682,-0.625118,nan,-1.19944,-0.595674,-0.6896,1.48683,0.576267,-1.37253,-0.0452,-0.005,-0.5
3299,-37.8245,943.154,-0.0403817,0.5,0.0416667,0.0935489,0.90977,0.312806,-0.0106967,1.48419,5.92593e-05,0.0115247,0.275153,13174.5,0.574306,0.358402,-0.4,0.25,258.99,4.05381e+07,0.876495,0.0685388,0.559315,0.00157949,-0.788877,0.943154,-0.393454,nan,nan,nan,nan,-0.0224524,-0.104724,-0.0363817,nan,-0.263686,0,-0.452615,-0.607292,nan,-1.03699,-0.589414,-0.644077,1.47315,0.554769,-1.36985,-0.044,0.0240385,-0.5
3300,-37.4622,807.647,-0.0442298,0.541667,0.166667,0.0903934,0.910065,0.272693,-0.0104054,1.47956,5.92593e-05,0.00624965,0.275082,13418.7,0.588096,0.327641,-0.4,0.25,259.907,4.05504e+07,0.746711,0.0661238,0.4631,0.00153804,-0.679627,0.807647,-0.359741,nan,nan,nan,nan,-0.0198664,-0.087722,-0.0325357,nan,-0.226122,-5.88235e-05,-0.386035,-0.544135,nan,-0.972912,-0.51066,-0.574412,1.25965,0.480471,-1.16376,-0.0422353,0.0191176,-0.5
3301,-38.3791,863.471,-0.0442691,0.583333,0.125,0.0945645,0.917936,0.249826,-0.010209,1.47677,5.92593e-05,0.012456,0.275023,13185.9,0.609997,0.321909,-0.4,0.25,262.608,4.05627e+07,0.775323,0.0739327,0.50977,0.00178608,-0.727801,0.863471,-0.406624,nan,nan,nan,nan,-0.0207122,-0.0920477,-0.0370996,nan,-0.241301,-0.000176471,-0.417705,-0.558737,nan,-1.09698,-0.541939,-0.603353,1.36932,0.547529,-1.252,-0.0450588,0.00514706,-0.5
3302,-41.3861,987,-0.0408163,0.416667,0.0416667,0.0920238,0.898794,0.319183,-0.0101175,1.47353,5.92593e-05,0.0154027,0.274957,13905,0.559648,0.324063,-0.4,0.25,263.493,4.0575e+07,0.874864,0.0820331,0.606209,0.0012921,-0.82834,0.987,-0.3557,nan,nan,nan,nan,-0.0213338,-0.100437,-0.0322719,nan,-0.275342,-9.09091e-05,-0.474522,-0.64238,nan,-1.07049,-0.613924,-0.688909,1.54653,0.472,-1.45236,-0.0456364,0.00795455,-0.5
3303,-32.7002,922.4,-0.0438951,0.5,0.125,0.089944,0.923706,0.343795,-0.00935862,1.46996,5.92593e-05,0.0145871,0.27487,13185.7,0.614341,0.317576,-0.4,0.25,264.427,4.05873e+07,0.889317,0.0667365,0.620319,0.00156817,-0.772118,0.9224,-0.324133,nan,nan,nan,nan,-0.016741,-0.0723933,-0.0284605,nan,-0.25727,-0.000133333,-0.438089,-0.604088,nan,-0.906185,-0.574688,-0.6358,1.46767,0.452,-1.34933,-0.036,0,-0.5
3304,-33.9946,803.167,-0.0462575,0.333333,0.166667,0.0906621,0.900844,0.30595,-0.00922266,1.46684,5.92593e-05,0.0165768,0.274853,14434.2,0.53749,0.31382,-0.4,0.25,265.279,4.05996e+07,0.786197,0.0649471,0.490243,0.00158145,-0.67973,0.803167,-0.351908,nan,nan,nan,nan,-0.0196368,-0.0815701,-0.03237,nan,-0.223357,0,-0.385656,-0.517125,nan,-0.838664,-0.500917,-0.5725,1.27648,0.48,-1.18067,-0.037,-0.0145833,-0.5
3305,-46.9179,919.929,-0.0448612,0.416667,0.166667,0.0897697,0.922719,0.255064,-0.00921313,1.46615,5.92593e-05,0.00927831,0.274825,13476.9,0.571845,0.339937,-0.4,0.25,266.192,4.06118e+07,0.785685,0.0646399,0.513085,0.00177554,-0.776293,0.919929,-0.46145,nan,nan,nan,nan,-0.0241731,-0.10326,-0.0414215,nan,-0.257742,-0.000142857,-0.440618,-0.601086,nan,-1.203,-0.579959,-0.665143,1.42127,0.639714,-1.33743,-0.0574286,-9.91271e-19,-0.5
3306,-39.3027,782.917,-0.0445592,0.333333,0.166667,0.089759,0.917512,0.376114,-0.00951978,1.46326,5.92593e-05,0.0142832,0.274735,13535.3,0.555383,0.352463,-0.4,0.25,267.102,4.06241e+07,0.697845,0.0531007,0.471659,0.00181062,-0.662027,0.782917,-0.380625,nan,nan,nan,nan,-0.0204963,-0.0883666,-0.0349219,nan,-0.219891,0,-0.373913,-0.52372,nan,-0.983506,-0.498653,-0.6035,1.22874,0.521,-1.144,-0.0406667,0.01875,-0.5
3307,-36.3005,710.333,-0.0430471,0.125,0.125,0.0920616,0.909076,0.33113,-0.0109523,1.45953,5.92593e-05,0.0157643,0.274671,14166.4,0.578937,0.288466,-0.4,0.25,267.971,4.06364e+07,0.609754,0.0544331,0.383851,0.00135247,-0.595046,0.710333,-0.348517,nan,nan,nan,nan,-0.0217319,-0.0959023,-0.0313881,nan,-0.198129,0,-0.343535,-0.456922,nan,-0.790077,-0.445085,-0.512,1.09425,0.476667,-1.06267,-0.0363333,0.0416667,-0.5
3308,-35.5073,844.158,-0.0445116,0.541667,0.25,0.0914008,0.91529,0.286532,-0.0100297,1.45685,5.92593e-05,0.0113006,0.274602,13943.7,0.546901,0.334354,-0.4,0.25,268.854,4.06487e+07,0.819711,0.0655275,0.51744,0.00148866,-0.707145,0.844158,-0.348426,nan,nan,nan,nan,-0.0185861,-0.0810537,-0.031398,nan,-0.235271,0,-0.405052,-0.551118,nan,-0.920035,-0.526103,-0.578684,1.33189,0.471579,-1.22632,-0.0381053,-0.00197368,-0.5
3309,-41.9628,842.375,-0.0426925,0.25,0.0833333,0.0896898,0.926338,0.320302,-0.0091836,1.45386,5.92593e-05,0.011523,0.274552,13421.1,0.57042,0.345152,-0.4,0.25,269.771,4.0661e+07,0.762772,0.0680171,0.511383,0.00173651,-0.710166,0.842375,-0.417212,nan,nan,nan,nan,-0.0236399,-0.106893,-0.0372509,nan,-0.237233,0,-0.402259,-0.549716,nan,-1.1933,-0.532739,-0.572625,1.31017,0.582,-1.199,-0.04925,-0.0203125,-0.5
3310,-38.5786,762.167,-0.0455667,0.291667,0.208333,0.0895019,0.924212,0.304829,-0.0100148,1.45176,5.92593e-05,0.00952898,0.27452,13507.7,0.588279,0.321426,-0.4,0.25,270.682,4.06733e+07,0.685572,0.055337,0.430576,0.00165567,-0.6421,0.762167,-0.365342,nan,nan,nan,nan,-0.0232418,-0.103311,-0.0338651,nan,-0.213032,0,-0.364639,-0.511014,nan,-0.934699,-0.481829,-0.5495,1.166,0.521,-1.10167,-0.0395,0.0208333,-0.5
3311,-41.2408,819.2,-0.0478313,0.208333,0.208333,0.0930863,0.914954,0.290488,-0.00901694,1.4497,5.92593e-05,0.00627132,0.274455,14825.4,0.573377,0.255469,-0.4,0.25,271.512,4.06856e+07,0.788131,0.0574854,0.498096,0.00151491,-0.69388,0.8192,-0.34898,nan,nan,nan,nan,-0.0221257,-0.0991624,-0.032328,nan,-0.230004,-0.0003,-0.391618,-0.545704,nan,-1.0201,-0.52002,-0.5853,1.27891,0.4696,-1.2152,-0.039,0.01875,-0.5
3312,-34.2518,765.9,-0.046868,0.208333,0.208333,0.0920244,0.925329,0.262955,-0.0105314,1.44656,5.92593e-05,0.0189933,0.274407,13509.7,0.550783,0.358785,-0.4,0.25,272.423,4.06979e+07,0.759764,0.0577188,0.459879,0.00133584,-0.639591,0.7659,-0.34313,nan,nan,nan,nan,-0.0192279,-0.0857302,-0.0295773,nan,-0.214002,-0.0016,-0.363735,-0.508474,nan,-0.847847,-0.484342,-0.5304,1.19634,0.4492,-1.1244,-0.0392,-0.00625,-0.5
3313,-35.859,855.333,-0.0428041,0.25,0.125,0.0930782,0.919823,0.290915,-0.00954132,1.44367,5.92593e-05,0.00935875,0.274325,13695.4,0.559311,0.337924,-0.4,0.25,273.321,4.07101e+07,0.805829,0.0684037,0.51322,0.00143506,-0.721033,0.855333,-0.353767,nan,nan,nan,nan,-0.0203104,-0.090478,-0.0320555,nan,-0.237847,0,-0.411977,-0.558973,nan,-0.790875,-0.532969,-0.634667,1.34067,0.455111,-1.26133,-0.0422222,0.0222222,-0.5
3314,-37.2829,836.833,-0.0432221,0.375,0.125,0.0920039,0.930799,0.38902,-0.0101901,1.43993,5.92593e-05,0.0109416,0.274272,12395.3,0.568702,0.422638,-0.4,0.25,274.314,4.07224e+07,0.755535,0.0660067,0.524762,0.00173003,-0.703834,0.836833,-0.361425,nan,nan,nan,nan,-0.0231175,-0.102958,-0.0345957,nan,-0.234012,0,-0.40041,-0.550082,nan,-0.896425,-0.532223,-0.5955,1.28899,0.509333,-1.243,-0.0385,-0.00625,-0.5
3315,-42.3134,795.077,-0.0443667,0.25,0.291667,0.0914274,0.914705,0.425856,-0.00962227,1.43806,5.92593e-05,0.011411,0.274239,12864,0.664457,0.290769,-0.4,0.25,275.272,4.07347e+07,0.747826,0.0620945,0.453132,0.00138451,-0.664976,0.795077,-0.353631,nan,nan,nan,nan,-0.0209793,-0.0884234,-0.0317323,nan,-0.222429,0,-0.38067,-0.530611,nan,-1.04012,-0.501676,-0.561231,1.23961,0.481538,-1.18215,-0.0407692,-0.00769231,-0.5
3316,-32.5635,731.143,-0.0433924,0.166667,0.125,0.0925366,0.90061,0.300114,-0.00980148,1.43618,5.92593e-05,0.00871153,0.274177,13368.1,0.569381,0.349823,-0.4,0.25,276.192,4.0747e+07,0.704948,0.0588498,0.459827,0.00113829,-0.611337,0.731143,-0.268643,nan,nan,nan,nan,-0.0165335,-0.0756366,-0.0250332,nan,-0.204033,0,-0.348097,-0.48522,nan,-0.746748,-0.464748,-0.528429,1.15388,0.357143,-1.10686,-0.0262857,0.0267857,-0.5
3317,-34.673,941.273,-0.0425195,0.375,0.0833333,0.0908866,0.916193,0.251687,-0.00986789,1.43324,5.92593e-05,0.0128417,0.274137,13154,0.575054,0.359114,-0.4,0.25,277.128,4.07593e+07,0.929013,0.073338,0.596117,0.0012546,-0.778219,0.941273,-0.335927,nan,nan,nan,nan,-0.0187902,-0.0892098,-0.03051,nan,-0.26147,0,-0.451109,-0.602892,nan,-0.878274,-0.578435,-0.658636,1.48028,0.440364,-1.39636,-0.0427273,0.0181818,-0.5
3318,-34.0167,846.071,-0.0435355,0.416667,0.166667,0.0911574,0.925381,0.28785,-0.00996485,1.43178,5.92593e-05,0.00672729,0.274123,12489.8,0.59609,0.387754,-0.4,0.25,278.113,4.07716e+07,0.79346,0.0646601,0.531789,0.00148778,-0.704314,0.846071,-0.354271,nan,nan,nan,nan,-0.0179229,-0.0792611,-0.0320424,nan,-0.236163,-7.14286e-05,-0.400307,-0.548905,nan,-0.841193,-0.53143,-0.596357,1.33219,0.482,-1.218,-0.0395714,-0.00982143,-0.5
3319,-37.5477,798.316,-0.048355,0.458333,0.333333,0.092249,0.922008,0.323652,-0.0105072,1.43005,5.92593e-05,0.0167878,0.274065,14011.8,0.557691,0.319286,-0.4,0.25,278.991,4.07839e+07,0.729438,0.0633855,0.478406,0.0015803,-0.672157,0.798316,-0.366147,nan,nan,nan,nan,-0.0207376,-0.0890206,-0.0317802,nan,-0.223094,-0.000684211,-0.382841,-0.519812,nan,-0.971287,-0.49626,-0.568895,1.24211,0.501895,-1.16168,-0.0425263,0.0138158,-0.5
3320,-39.3866,891.786,-0.0455925,0.458333,0.125,0.0935174,0.910153,0.291658,-0.0100982,1.42665,5.92593e-05,0.0109533,0.274003,12349.1,0.61265,0.382402,-0.4,0.25,279.988,4.07962e+07,0.802082,0.0674832,0.557007,0.00176884,-0.744071,0.891786,-0.396221,nan,nan,nan,nan,-0.0229321,-0.101019,-0.0366162,nan,-0.248661,0,-0.427959,-0.574111,nan,-1.01419,-0.560232,-0.639214,1.3722,0.544857,-1.294,-0.0472857,0.00714286,-0.5
3321,-40.0308,842.125,-0.0458337,0.416667,0.25,0.0926501,0.918046,0.271858,-0.0105518,1.42353,5.92593e-05,0.0166492,0.273936,12856,0.601219,0.354599,-0.4,0.25,280.946,4.08084e+07,0.771743,0.0641587,0.532389,0.00158687,-0.707088,0.842125,-0.355269,nan,nan,nan,nan,-0.0228376,-0.104753,-0.0338729,nan,-0.236558,-0.00025,-0.401442,-0.560667,nan,-1.01269,-0.537839,-0.5955,1.30179,0.485,-1.21575,-0.03925,0.0109375,-0.5
3322,-34.5702,810.824,-0.0460355,0.5,0.208333,0.0906019,0.912828,0.351924,-0.010771,1.42104,5.92593e-05,0.0119509,0.273908,12678.7,0.598794,0.370387,-0.4,0.25,281.917,4.08207e+07,0.758478,0.0619895,0.513993,0.00134284,-0.674152,0.810824,-0.3004,nan,nan,nan,nan,-0.0180375,-0.0858036,-0.0271628,nan,-0.225761,0,-0.388696,-0.524946,nan,-0.866748,-0.507067,-0.562059,1.25858,0.407529,-1.18894,-0.0347059,0.0102941,-0.5
3323,-43.4907,863,-0.0448431,0.458333,0.166667,0.0895987,0.92245,0.314469,-0.00945663,1.4193,5.92593e-05,0.0109319,0.273863,13171.6,0.570307,0.362611,-0.4,0.25,282.851,4.0833e+07,0.788925,0.0652729,0.495885,0.00174774,-0.726316,0.863,-0.432007,nan,nan,nan,nan,-0.0242484,-0.10525,-0.038845,nan,-0.242287,0,-0.411685,-0.555445,nan,-1.17478,-0.546945,-0.6392,1.33142,0.591467,-1.24373,-0.0506667,0.0125,-0.5
3324,-37.1249,828.222,-0.0436043,0.25,0.125,0.0898588,0.904616,0.272877,-0.00964437,1.41609,5.92593e-05,0.0107153,0.273786,13566.3,0.590011,0.315766,-0.4,0.25,283.759,4.08453e+07,0.728421,0.0665235,0.462132,0.00157954,-0.689295,0.828222,-0.388922,nan,nan,nan,nan,-0.022327,-0.0958304,-0.0351827,nan,-0.229403,0,-0.399245,-0.521236,nan,-0.87442,-0.516291,-0.582,1.30692,0.520444,-1.22267,-0.0408889,0.0138889,-0.5
3325,-33.2663,812.75,-0.0421282,0.25,0.0833333,0.0920506,0.905285,0.294575,-0.0106129,1.41189,5.92593e-05,0.0144393,0.273686,13975.7,0.553991,0.325251,-0.4,0.25,284.639,4.08576e+07,0.759871,0.0595554,0.489896,0.00135674,-0.676724,0.81275,-0.315237,nan,nan,nan,nan,-0.0196289,-0.0896323,-0.0291314,nan,-0.226386,0,-0.387733,-0.534472,nan,-0.856433,-0.509953,-0.564375,1.28215,0.4465,-1.1905,-0.0355,0.0453125,-0.5
3326,-37.7699,884.467,-0.0461216,0.416667,0.208333,0.0903805,0.927155,0.250112,-0.00995407,1.40664,5.92593e-05,0.00560282,0.273558,15000,0.567203,0.251995,-0.4,0.25,285.46,4.08699e+07,0.833851,0.0708211,0.530301,0.00164541,-0.735046,0.884467,-0.399687,nan,nan,nan,nan,-0.0226424,-0.102211,-0.0368834,nan,-0.247497,-0.000266667,-0.422373,-0.576743,nan,-0.936258,-0.554448,-0.6216,1.37324,0.548267,-1.2752,-0.0444,0.0108333,-0.5
3327,-37.905,862.846,-0.0470796,0.333333,0.208333,0.0919133,0.919369,0.275258,-0.0108482,1.40157,5.92593e-05,0.0161181,0.273502,12093.2,0.650656,0.365451,-0.4,0.25,286.478,4.08822e+07,0.782372,0.0650098,0.544894,0.00150738,-0.72474,0.862846,-0.357846,nan,nan,nan,nan,-0.0191653,-0.0847866,-0.032092,nan,-0.240859,0,-0.409793,-0.546521,nan,-0.932469,-0.536407,-0.605538,1.34792,0.482769,-1.26708,-0.0396923,0.00673077,-0.5
3328,-38.8606,870.947,-0.0466995,0.625,0.166667,0.092053,0.909462,0.234824,-0.00937887,1.39969,5.92593e-05,0.010181,0.273486,13568.8,0.583633,0.321975,-0.4,0.25,287.385,4.08945e+07,0.784413,0.0670342,0.517449,0.00147215,-0.731264,0.870947,-0.351279,nan,nan,nan,nan,-0.0215365,-0.0986314,-0.032036,nan,-0.242428,0,-0.419803,-0.569523,nan,-1.02218,-0.544031,-0.633316,1.3587,0.486316,-1.28358,-0.0368421,0.00855263,-0.5
3329,-32.7583,794.545,-0.0463809,0.25,0.208333,0.0931867,0.919417,0.285194,-0.0105262,1.39767,5.92593e-05,0.00930581,0.273408,13010.3,0.584203,0.360282,-0.4,0.25,288.33,4.09068e+07,0.732697,0.0585433,0.492073,0.00160687,-0.665489,0.794545,-0.364582,nan,nan,nan,nan,-0.018978,-0.0831252,-0.0335411,nan,-0.222518,-0.000454545,-0.379607,-0.51353,nan,-0.77223,-0.493776,-0.551455,1.24772,0.483273,-1.11818,-0.04,0.0363636,-0.5
3330,-43.9635,902.524,-0.0464005,0.708333,0.166667,0.0927602,0.91417,0.308729,-0.00902022,1.39352,8.88889e-05,0.00354806,0.273343,14010.6,0.588279,0.288774,-0.4,0.25,289.209,4.0919e+07,0.783934,0.0658661,0.549106,0.00186364,-0.757155,0.902524,-0.426438,nan,nan,nan,nan,-0.0235926,-0.10755,-0.0383562,nan,-0.251866,0,-0.430802,-0.592362,nan,-1.18208,-0.564001,-0.645286,1.39004,0.573143,-1.31867,-0.0497143,0.0184524,-0.5
3331,-41.9606,952.308,-0.0427372,0.416667,0.125,0.0918088,0.920856,0.292934,-0.0112441,1.39046,8.88889e-05,0.00965569,0.273291,12387.4,0.606592,0.385382,-0.4,0.25,290.203,4.09313e+07,0.87951,0.0748738,0.567769,0.00147395,-0.794481,0.952308,-0.385985,nan,nan,nan,nan,-0.0245158,-0.11832,-0.0362566,nan,-0.265253,0,-0.457235,-0.631852,nan,-1.06396,-0.599386,-0.691615,1.47471,0.545538,-1.41046,-0.0427692,0.0432692,-0.5
3332,-43.5269,791.154,-0.0456832,0.25,0.291667,0.090376,0.92497,0.245044,-0.010085,1.38773,8.88889e-05,0.0157453,0.27324,12819.4,0.604325,0.354222,-0.4,0.25,291.163,4.09436e+07,0.685362,0.0585499,0.478087,0.00166365,-0.662579,0.791154,-0.390415,nan,nan,nan,nan,-0.0249557,-0.112154,-0.0360233,nan,-0.221088,0,-0.378454,-0.536883,nan,-1.10388,-0.501726,-0.564462,1.21635,0.526769,-1.15354,-0.0452308,0.0663462,-0.5
3333,-41.7184,925,-0.0427909,0.416667,0.125,0.090808,0.920444,0.276537,-0.0108241,1.38368,8.88889e-05,0.0147827,0.273125,12638.8,0.632347,0.339897,-0.4,0.25,292.137,4.09559e+07,0.849729,0.0689771,0.582996,0.0018498,-0.774231,0.925,-0.4193,nan,nan,nan,nan,-0.024592,-0.115522,-0.0385251,nan,-0.257013,-0.000307692,-0.443249,-0.60669,nan,-1.09339,-0.577786,-0.663923,1.42729,0.571385,-1.35138,-0.0472308,0.0153846,-0.5
3334,-41.1833,981.286,-0.0448361,2,0.0416667,0.0903442,0.905361,0.235123,-0.0118271,1.37871,8.88889e-05,0.0114076,0.27306,12445.4,0.608871,0.378482,-0.4,0.25,293.126,4.09682e+07,0.922315,0.0751096,0.617859,0.00187701,-0.818023,0.981286,-0.440431,nan,nan,nan,nan,-0.0237195,-0.113272,-0.0393118,nan,-0.272366,-0.000122449,-0.469544,-0.633682,nan,-1.18981,-0.610532,-0.693735,1.5449,0.583755,-1.42661,-0.0497551,0.00484694,-0.5
3335,-38.7777,891.333,-0.0405956,0.375,0.125,0.0900092,0.908564,0.220136,-0.0111959,1.3748,8.88889e-05,0.0105559,0.272936,12535.6,0.632652,0.347594,-0.4,0.25,294.108,4.09805e+07,0.848296,0.0697092,0.512943,0.00170863,-0.737256,0.891333,-0.441733,nan,nan,nan,nan,-0.0244481,-0.107164,-0.0403293,nan,-0.24763,-0.00025,-0.431281,-0.584106,nan,-1.01907,-0.551838,-0.645,1.38736,0.601,-1.26233,-0.0473333,0.0135417,-0.5
3336,-36.6022,973,-0.0417295,0.458333,0.0416667,0.0908889,0.926929,0.261336,-0.0126443,1.36821,8.88889e-05,0.0160661,0.272828,12447.3,0.586498,0.4007,-0.4,0.25,295.097,4.09928e+07,0.939091,0.0764577,0.571469,0.00128736,-0.80337,0.973,-0.376008,nan,nan,nan,nan,-0.0191261,-0.0920747,-0.0328354,nan,-0.267886,0,-0.46914,-0.625323,nan,-0.989019,-0.58931,-0.65225,1.54309,0.495,-1.42133,-0.046,-0.00416667,-0.5
3337,-37.5948,909,-0.0426403,0.625,0.125,0.0906604,0.936573,0.309366,-0.0099398,1.36346,8.88889e-05,0.0145436,0.272736,13272,0.624984,0.300873,-0.4,0.25,296.025,4.10051e+07,0.865137,0.066833,0.562501,0.00168747,-0.755002,0.909,-0.427272,nan,nan,nan,nan,-0.0227306,-0.103973,-0.0376081,nan,-0.252735,0,-0.434284,-0.592063,nan,-1.02765,-0.564546,-0.631333,1.4271,0.577556,-1.31267,-0.0464444,0.00208333,-0.5
3338,-38.8885,821.333,-0.0420878,0.416667,0.208333,0.0894707,0.914498,0.248058,-0.0120802,1.35794,8.88889e-05,0.0143613,0.272581,13638.1,0.562481,0.338525,-0.4,0.25,296.927,4.10173e+07,0.772016,0.0602501,0.52018,0.00163592,-0.686788,0.821333,-0.374587,nan,nan,nan,nan,-0.0181277,-0.0800266,-0.0321635,nan,-0.228878,0,-0.391181,-0.530556,nan,-1.1337,-0.5051,-0.5884,1.27496,0.497067,-1.18,-0.0462667,-0.005,-0.5
3339,-45.6213,1000,-0.0370971,0.375,0,0.0874715,0.919152,0.264365,-0.0106487,1.35069,8.88889e-05,0.0168355,0.272448,13389.4,0.578259,0.339485,-0.4,0.25,297.846,4.10296e+07,0.925691,0.0746998,0.58195,0.00163174,-0.833829,1,-0.472,nan,nan,nan,nan,-0.0237536,-0.112842,-0.0414706,nan,-0.278287,0,-0.480121,-0.651025,nan,-1.27967,-0.613412,-0.745,1.52864,0.652889,-1.42222,-0.0526667,-0.0402778,nan
3340,-41.7048,1000,-0.0383705,0.333333,0,0.0869534,0.904562,0.286895,-0.011312,1.34574,8.88889e-05,0.0131694,0.272394,12975.9,0.573609,0.373374,-0.4,0.25,298.795,4.10419e+07,0.921954,0.0774017,0.623222,0.00175593,-0.82782,1,-0.43895,nan,nan,nan,nan,-0.0222076,-0.10404,-0.0391855,nan,-0.276453,-0.000125,-0.478188,-0.63647,nan,-1.20055,-0.612705,-0.6945,1.53162,0.6095,-1.457,-0.05,-0.0125,nan
3341,-29.8749,871.818,-0.0412209,0.333333,0.125,0.0887762,0.913186,0.361768,-0.0110608,1.34343,8.88889e-05,0.00971263,0.272352,12388.6,0.612404,0.379479,-0.4,0.25,299.789,4.10542e+07,0.870653,0.0652542,0.555679,0.00134681,-0.72277,0.871818,-0.325418,nan,nan,nan,nan,-0.0170028,-0.0722455,-0.0284496,nan,-0.241232,-9.09091e-05,-0.418075,-0.554502,nan,-0.723254,-0.53178,-0.600818,1.383,0.427636,-1.26545,-0.0396364,0.00795455,-0.5
3342,-38.9411,912.071,-0.0414341,0.5,0.0833333,0.0897681,0.911068,0.250814,-0.0108896,1.33947,8.88889e-05,0.00831487,0.272208,13921.9,0.626381,0.256254,-0.4,0.25,300.673,4.10665e+07,0.842043,0.0706085,0.549697,0.0016755,-0.760834,0.912071,-0.410079,nan,nan,nan,nan,-0.0226276,-0.107716,-0.036934,nan,-0.252526,-0.000214286,-0.43647,-0.587002,nan,-1.08273,-0.559863,-0.645429,1.41742,0.554286,-1.31457,-0.0457143,0.0392857,-0.5
3343,-38.8497,913.067,-0.0426064,0.458333,0.166667,0.0893573,0.902209,0.28605,-0.0115309,1.33198,8.88889e-05,0.0150545,0.272066,16407.1,0.513272,0.235671,-0.4,0.25,301.423,4.10788e+07,0.872908,0.0712247,0.548762,0.00174978,-0.754943,0.913067,-0.402,nan,nan,nan,nan,-0.0243993,-0.11466,-0.0363404,nan,-0.252739,-6.66667e-05,-0.442135,-0.591704,nan,-0.995375,-0.564349,-0.648,1.43978,0.5384,-1.33733,-0.046,0.015,-0.5
3344,-34.031,763.75,-0.0435999,0.291667,0.208333,0.0896719,0.898787,0.330752,-0.0108311,1.32702,8.88889e-05,0.0103083,0.271997,16829.5,0.49345,0.236698,-0.4,0.25,302.155,4.10911e+07,0.705888,0.0558211,0.490494,0.00172953,-0.632782,0.76375,-0.350225,nan,nan,nan,nan,-0.0204869,-0.0868017,-0.0315245,nan,-0.212469,0,-0.365227,-0.486866,nan,-0.816487,-0.472931,-0.56225,1.18236,0.493,-1.11667,-0.0388333,0.00729167,-0.5
3345,-45.5584,975.417,-0.0362916,0.458333,0.0416667,0.0887047,0.91204,0.216944,-0.0109846,1.32339,8.88889e-05,0.017116,0.271928,16003.2,0.522635,0.245213,-0.4,0.25,302.924,4.11034e+07,0.915354,0.0701197,0.574672,0.00201456,-0.80676,0.975417,-0.51085,nan,nan,nan,nan,-0.0257917,-0.113695,-0.0448881,nan,-0.269625,0,-0.467036,-0.627915,nan,-1.37011,-0.599304,-0.6935,1.53265,0.695667,-1.41033,-0.0581667,-0.00416667,-0.5
3346,-42.0815,851.462,-0.0400499,0.416667,0.125,0.0891439,0.901723,0.312936,-0.0103314,1.31969,8.88889e-05,0.0199302,0.271862,16160.4,0.505278,0.2551,-0.4,0.25,303.686,4.11156e+07,0.763357,0.0617917,0.448874,0.00145804,-0.708595,0.851462,-0.423262,nan,nan,nan,nan,-0.0222605,-0.0976264,-0.0369768,nan,-0.235081,0,-0.415179,-0.551906,nan,-1.09605,-0.515669,-0.643615,1.32855,0.587692,-1.23046,-0.0446154,-0.0105769,-0.5
3347,-35.4392,773,-0.0411653,0.333333,0.125,0.0903524,0.906707,0.270184,-0.0115449,1.31535,8.88889e-05,0.017447,0.271752,16716.6,0.500029,0.235049,-0.4,0.25,304.422,4.11279e+07,0.762955,0.0546428,0.489524,0.00167505,-0.643411,0.773,-0.371827,nan,nan,nan,nan,-0.0207783,-0.0955306,-0.0338904,nan,-0.214252,0,-0.369817,-0.508176,nan,-1.06961,-0.480289,-0.552,1.20736,0.501818,-1.12509,-0.038,-0.00113636,-0.5
3348,-39.3484,846.75,-0.0396715,0.375,0.125,0.0884179,0.905511,0.258056,-0.0118427,1.30983,8.88889e-05,0.0171014,0.271657,16593.3,0.488321,0.25222,-0.4,0.25,305.164,4.11402e+07,0.811498,0.0710109,0.503811,0.0015382,-0.694216,0.84675,-0.40995,nan,nan,nan,nan,-0.021007,-0.0947007,-0.0356646,nan,-0.232151,0,-0.408814,-0.536743,nan,-1.1232,-0.510465,-0.6345,1.33964,0.535,-1.20667,-0.0498333,0.00625,-0.5
3349,-35.2596,882.125,-0.0385299,0.25,0.0833333,0.0896417,0.895707,0.302856,-0.0102015,1.30525,8.88889e-05,0.0168207,0.271568,13103.9,0.525397,0.412341,-0.4,0.25,306.103,4.11525e+07,0.777232,0.0698673,0.559335,0.00133693,-0.723567,0.882125,-0.31575,nan,nan,nan,nan,-0.0192804,-0.0883784,-0.0292634,nan,-0.244798,0,-0.422028,-0.558388,nan,-0.86305,-0.547116,-0.637875,1.37981,0.4255,-1.2675,-0.0365,0.0203125,-0.5
3350,-40.035,1000,-0.0382551,0.5,0,0.0884915,0.901164,0.256606,-0.0107188,1.30144,8.88889e-05,0.0147712,0.27152,11739.4,0.622865,0.423867,-0.4,0.25,307.152,4.11648e+07,0.939724,0.0797052,0.597747,0.00179649,-0.824159,1,-0.471033,nan,nan,nan,nan,-0.0235984,-0.111109,-0.0413488,nan,-0.27522,0,-0.481548,-0.632456,nan,-1.12947,-0.60907,-0.73425,1.571,0.615333,-1.447,-0.0528333,0.0260417,nan
3351,-38.229,872.077,-0.0420661,0.375,0.166667,0.0896814,0.922882,0.354554,-0.011513,1.29812,8.88889e-05,0.0132166,0.271427,13051.3,0.585324,0.35619,-0.4,0.25,308.095,4.11771e+07,0.806794,0.0689137,0.533325,0.00157153,-0.71896,0.872077,-0.373038,nan,nan,nan,nan,-0.0208152,-0.093761,-0.0328483,nan,-0.242791,0,-0.417304,-0.564132,nan,-0.978497,-0.535453,-0.607615,1.35074,0.506154,-1.26062,-0.0484615,-0.00288462,-0.5
3352,-43.3655,870.5,-0.045541,0.458333,0.208333,0.0921209,0.922847,0.25442,-0.011073,1.29344,8.88889e-05,0.0158043,0.27134,12924,0.618964,0.331823,-0.4,0.25,309.047,4.11894e+07,0.780207,0.0642264,0.525137,0.00149625,-0.714839,0.8705,-0.395444,nan,nan,nan,nan,-0.023997,-0.109076,-0.0356238,nan,-0.241714,0,-0.417415,-0.557486,nan,-1.19304,-0.539228,-0.610875,1.33977,0.52575,-1.24175,-0.044875,0.00625,-0.5
3353,-32.9025,827.545,-0.0419165,0.333333,0.125,0.0889218,0.900689,0.231776,-0.0117202,1.28869,8.88889e-05,0.0184928,0.271226,13378.2,0.578607,0.3399,-0.4,0.25,309.968,4.12017e+07,0.813301,0.0609752,0.500212,0.00157984,-0.67881,0.827545,-0.361664,nan,nan,nan,nan,-0.0181899,-0.0801885,-0.0331076,nan,-0.228573,-0.000272727,-0.397083,-0.544643,nan,-0.837168,-0.506782,-0.610364,1.29647,0.510909,-1.18255,-0.0449091,0.00454545,-0.5
3354,-36.2747,916.077,-0.0414544,0.416667,0.125,0.0891963,0.910761,0.25715,-0.0107357,1.28282,8.88889e-05,0.0133194,0.271108,13222.4,0.581767,0.347562,-0.4,0.25,310.898,4.1214e+07,0.888413,0.071706,0.524726,0.00167283,-0.752805,0.916077,-0.462431,nan,nan,nan,nan,-0.0236939,-0.108633,-0.0393732,nan,-0.252199,-7.69231e-05,-0.443313,-0.583314,nan,-0.9544,-0.553757,-0.613615,1.42925,0.631692,-1.33569,-0.0472308,0.00865385,-0.5
3355,-35.7394,775.556,-0.0411752,0.208333,0.166667,0.0881443,0.894638,0.344274,-0.0109352,1.27793,8.88889e-05,0.0188078,0.271014,12478.5,0.644015,0.340721,-0.4,0.25,311.884,4.12262e+07,0.735982,0.0651152,0.495202,0.00156834,-0.633659,0.775556,-0.343233,nan,nan,nan,nan,-0.0190023,-0.0849439,-0.0301784,nan,-0.214835,0,-0.370462,-0.505875,nan,-0.908676,-0.474488,-0.561667,1.18852,0.459111,-1.13244,-0.0424444,0.0361111,-0.5
3356,-35.8506,872.417,-0.0410364,0.416667,0.0833333,0.0909759,0.901049,0.245674,-0.0106546,1.27405,8.88889e-05,0.0185941,0.270951,14103.4,0.593292,0.27799,-0.4,0.25,312.757,4.12385e+07,0.854239,0.0622833,0.526002,0.00155298,-0.714819,0.872417,-0.403892,nan,nan,nan,nan,-0.0201154,-0.0892218,-0.03483,nan,-0.240772,-8.33333e-05,-0.419415,-0.567596,nan,-0.956858,-0.531726,-0.62225,1.36776,0.539667,-1.273,-0.0491667,-0.009375,-0.5
3357,-36.5867,855.909,-0.0450084,0.333333,0.125,0.0929695,0.92206,0.321897,-0.0091627,1.26998,8.88889e-05,0.0148281,0.270862,15416.5,0.516551,0.280519,-0.4,0.25,313.555,4.12508e+07,0.827286,0.0713703,0.532195,0.00173859,-0.706019,0.855909,-0.398536,nan,nan,nan,nan,-0.0222693,-0.104092,-0.0359593,nan,-0.236659,0,-0.411925,-0.543414,nan,-1.03819,-0.521287,-0.589636,1.33324,0.542182,-1.21418,-0.0438182,0.00909091,-0.5
3358,-40.8011,1000,-0.0410474,0.375,0,0.091266,0.904464,0.184291,-0.0109122,1.26422,8.88889e-05,0.0155373,0.27072,12484.5,0.621427,0.362831,-0.4,0.25,314.541,4.12631e+07,0.921174,0.0780839,0.56209,0.00190389,-0.821408,1,-0.506544,nan,nan,nan,nan,-0.0260759,-0.122131,-0.0451188,nan,-0.275145,-0.000111111,-0.486809,-0.639329,nan,-1.18299,-0.61328,-0.691333,1.56619,0.681778,-1.41244,-0.0535556,0.025,nan
3359,-25.9575,817.556,-0.0446951,0.291667,0.0833333,0.0909905,0.902584,0.297496,-0.0109649,1.25757,8.88889e-05,0.0197067,0.270603,12732,0.592969,0.37216,-0.4,0.25,315.508,4.12754e+07,0.800403,0.0632821,0.52201,0.00131736,-0.67019,0.817556,-0.299544,nan,nan,nan,nan,-0.0163109,-0.0690154,-0.027025,nan,-0.224871,-0.000222222,-0.394329,-0.51109,nan,-0.709102,-0.493892,-0.558667,1.28086,0.416889,-1.16844,-0.0348889,0.00972222,-0.5
3360,-38.0126,924.062,-0.042978,0.541667,0.125,0.0898718,0.911062,0.350347,-0.0117242,1.25299,5.92593e-05,0.0215647,0.270559,12074.4,0.594019,0.42367,-0.4,0.25,316.527,4.12877e+07,0.877169,0.0720506,0.587039,0.00195746,-0.754599,0.924062,-0.443537,nan,nan,nan,nan,-0.0224736,-0.100171,-0.0382261,nan,-0.254603,-0.000375,-0.441985,-0.591069,nan,-1.08378,-0.563881,-0.634875,1.42991,0.60025,-1.3315,-0.053875,0.015625,-0.5
3361,-42.5877,953.438,-0.0416521,0.583333,0.0833333,0.0908021,0.902825,0.323294,-0.00903613,1.25112,5.92593e-05,0.00732492,0.270509,14657.7,0.571103,0.267225,-0.4,0.25,317.367,4.13e+07,0.870762,0.075671,0.563917,0.00176491,-0.773244,0.953437,-0.45785,nan,nan,nan,nan,-0.0234339,-0.109303,-0.0391218,nan,-0.262147,-0.0001875,-0.461829,-0.610615,nan,-1.21571,-0.575408,-0.682125,1.47544,0.61075,-1.3625,-0.05375,0.00859375,-0.5
3362,-45.4224,894.333,-0.0410856,0.333333,0.166667,0.0889902,0.899361,0.230286,-0.0103234,1.24625,5.92593e-05,0.0132157,0.27035,14374.1,0.495172,0.359698,-0.4,0.25,318.224,4.13123e+07,0.768097,0.0727283,0.522075,0.00153801,-0.73363,0.894333,-0.416242,nan,nan,nan,nan,-0.0221309,-0.0986127,-0.0370865,nan,-0.247118,0,-0.432269,-0.586368,nan,-1.19404,-0.544311,-0.66575,1.37963,0.568333,-1.273,-0.0491667,-0.0114583,-0.5
3363,-38.9942,923.188,-0.0392469,0.541667,0.125,0.0902803,0.897923,0.261604,-0.00971416,1.23879,5.92593e-05,0.0110295,0.270231,12728.1,0.616006,0.34942,-0.4,0.25,319.191,4.13245e+07,0.851176,0.0682958,0.554671,0.00178708,-0.751763,0.923187,-0.462756,nan,nan,nan,nan,-0.0236738,-0.112385,-0.0414934,nan,-0.253825,0,-0.444446,-0.591851,nan,-1.08194,-0.562584,-0.645938,1.43048,0.6395,-1.3105,-0.053625,0.0117188,-0.5
3364,-40.9762,871.55,-0.0421427,0.666667,0.166667,0.0898618,0.901859,0.218297,-0.00971864,1.23356,5.92593e-05,0.00965302,0.270111,12803.5,0.587561,0.372174,-0.4,0.25,320.152,4.13368e+07,0.800874,0.0664892,0.529412,0.00185365,-0.708075,0.87155,-0.42915,nan,nan,nan,nan,-0.0233815,-0.110586,-0.0380808,nan,-0.240561,-0.0004,-0.417943,-0.561191,nan,-1.18386,-0.53363,-0.6369,1.33504,0.5992,-1.2454,-0.0497,0.025625,-0.5
3365,-39.1365,979.462,-0.0410794,0.5,0.0416667,0.0914103,0.899955,0.288459,-0.00987168,1.22774,5.92593e-05,0.0101421,0.270012,13481,0.625196,0.286311,-0.4,0.25,321.065,4.13491e+07,0.918658,0.0771411,0.58496,0.00176951,-0.798127,0.979462,-0.438223,nan,nan,nan,nan,-0.0232928,-0.113367,-0.0388908,nan,-0.268595,-0.000461538,-0.474547,-0.618922,nan,-1.17249,-0.589593,-0.659308,1.54539,0.604615,-1.39508,-0.0490769,0.00961538,-0.5
3366,-37.2096,813.818,-0.039306,0.25,0.208333,0.0868059,0.898355,0.245547,-0.0105616,1.22259,5.92593e-05,0.0103285,0.269904,16185.4,0.519492,0.239711,-0.4,0.25,321.826,4.13614e+07,0.728832,0.061271,0.469886,0.00153324,-0.66184,0.813818,-0.386582,nan,nan,nan,nan,-0.0222682,-0.0963485,-0.0332606,nan,-0.223629,0,-0.395967,-0.518821,nan,-0.909028,-0.494212,-0.576273,1.26228,0.530909,-1.15527,-0.0452727,0.0170455,-0.5
3367,-31.802,937.143,-0.0375711,0.5,0.0833333,0.08804,0.90521,0.241262,-0.00825954,1.21803,5.92593e-05,0.00570975,0.269855,16087.3,0.511416,0.252416,-0.4,0.25,322.591,4.13737e+07,0.943126,0.0758635,0.583937,0.00179167,-0.756937,0.937143,-0.399936,nan,nan,nan,nan,-0.0182526,-0.0793401,-0.0338477,nan,-0.255637,-7.14286e-05,-0.45275,-0.587322,nan,-0.941232,-0.558874,-0.654643,1.48169,0.538571,-1.35171,-0.0458571,-0.0116071,-0.5
3368,-33.5746,1000,-0.0352386,0.291667,0,0.0869973,0.896211,0.312755,-0.0101652,1.21513,5.92593e-05,0.0095995,0.269779,16858.4,0.4848,0.244095,-0.4,0.25,323.321,4.1386e+07,1.05269,0.0711891,0.622393,0.00145278,-0.802179,1,-0.411914,nan,nan,nan,nan,-0.020089,-0.0922519,-0.0349333,nan,-0.272729,0,-0.481213,-0.645755,nan,-1.07359,-0.592525,-0.693,1.59959,0.574857,-1.43771,-0.0465714,0.00357143,nan
3369,-44.9277,949.375,-0.0378244,0.541667,0.125,0.0886794,0.89714,0.221107,-0.00966367,1.21107,5.92593e-05,0.0140076,0.269714,16080.4,0.502525,0.261636,-0.4,0.25,324.086,4.13983e+07,0.841357,0.0735621,0.552532,0.00196323,-0.768489,0.949375,-0.508944,nan,nan,nan,nan,-0.0257723,-0.117262,-0.0438915,nan,-0.259574,-0.0001875,-0.46095,-0.603977,nan,-1.25012,-0.572032,-0.696375,1.46221,0.68225,-1.362,-0.060375,0.0140625,-0.5
3370,-40.9837,886.571,-0.0407791,0.375,0.208333,0.0891699,0.890885,0.345172,-0.00916099,1.20823,5.92593e-05,0.0108546,0.269674,16591.2,0.501531,0.239104,-0.4,0.25,324.829,4.14106e+07,0.826544,0.0691488,0.527035,0.00166841,-0.71275,0.886571,-0.411471,nan,nan,nan,nan,-0.0220655,-0.0987812,-0.0366516,nan,-0.243289,-0.000214286,-0.427418,-0.568073,nan,-1.12039,-0.531139,-0.638143,1.36473,0.573429,-1.26943,-0.0452857,0.00535714,-0.5
3371,-29.2713,820,-0.0379485,0.458333,0.166667,0.0882063,0.892151,0.320032,-0.00995123,1.20565,5.92593e-05,0.0151375,0.269625,15729.8,0.526101,0.25509,-0.4,0.25,325.611,4.14228e+07,0.844433,0.0740547,0.469215,0.00123467,-0.657475,0.82,-0.32872,nan,nan,nan,nan,-0.0166308,-0.0746725,-0.0285899,nan,-0.221079,-6.66667e-05,-0.402698,-0.50735,nan,-0.828276,-0.480887,-0.5588,1.32444,0.435733,-1.1656,-0.0393333,0.0108333,-0.5
3372,-32.3308,910.9,-0.0377606,0.708333,0.125,0.087478,0.884758,0.264161,-0.0097051,1.20234,5.92593e-05,0.0168404,0.269552,16142.3,0.512004,0.249225,-0.4,0.25,326.374,4.14351e+07,0.919974,0.0711041,0.554532,0.00160804,-0.735214,0.9109,-0.412415,nan,nan,nan,nan,-0.0218628,-0.0998701,-0.0361486,nan,-0.249284,-0.0001,-0.441472,-0.577566,nan,-0.915314,-0.542403,-0.6366,1.41664,0.5718,-1.2902,-0.0484,0.01875,-0.5
3373,-41.0699,961.75,-0.0361104,0.416667,0.0833333,0.0873594,0.885503,0.276012,-0.00945197,1.19857,5.92593e-05,0.0123924,0.269479,16558.8,0.490154,0.251928,-0.4,0.25,327.117,4.14474e+07,0.928701,0.0798115,0.584862,0.00170945,-0.768888,0.96175,-0.47105,nan,nan,nan,nan,-0.02322,-0.102692,-0.0402626,nan,-0.261356,0,-0.466078,-0.602642,nan,-1.23231,-0.570424,-0.663,1.51084,0.638667,-1.38267,-0.0523333,-0.0395833,-0.5
3374,-39.378,958,-0.0393666,0.416667,0.0833333,0.0885907,0.892419,0.196252,-0.0107247,1.19506,5.92593e-05,0.0124593,0.269422,16471.8,0.504814,0.241186,-0.4,0.25,327.865,4.14597e+07,0.952699,0.0745685,0.584839,0.00192669,-0.770203,0.958,-0.490008,nan,nan,nan,nan,-0.0244955,-0.113985,-0.0424292,nan,-0.261247,0,-0.462409,-0.59344,nan,-1.2266,-0.569718,-0.6575,1.4981,0.676,-1.35033,-0.0568333,-0.0125,-0.5
3375,-41.1494,979.025,-0.0401596,1.54167,0.125,0.0893893,0.873794,0.268932,-0.00998942,1.19179,5.92593e-05,0.0170162,0.269352,16251.3,0.513673,0.242452,-0.4,0.25,328.622,4.1472e+07,0.932706,0.0795812,0.59784,0.00190574,-0.786817,0.979025,-0.469427,nan,nan,nan,nan,-0.0237883,-0.110128,-0.0406699,nan,-0.267324,-7.5e-05,-0.474547,-0.627411,nan,-1.24948,-0.586273,-0.684075,1.52484,0.6423,-1.3982,-0.05245,-0.0075,-0.5
3376,-35.3721,928,-0.0360584,0.458333,0.0416667,0.0876388,0.878375,0.243839,-0.00972098,1.18766,5.92593e-05,0.0109416,0.269245,16644.6,0.498976,0.239283,-0.4,0.25,329.362,4.14843e+07,0.905543,0.073758,0.613562,0.00184327,-0.749906,0.928,-0.433108,nan,nan,nan,nan,-0.0218087,-0.0996707,-0.0366818,nan,-0.253398,-0.000166667,-0.445469,-0.584862,nan,-1.04796,-0.556833,-0.64225,1.45597,0.584333,-1.352,-0.0491667,-0.0166667,-0.5
3377,-39.2203,926.545,-0.0368402,0.375,0.0833333,0.0873864,0.8813,0.228352,-0.0104689,1.18203,5.92593e-05,0.00869759,0.269132,16636.5,0.489817,0.2488,-0.4,0.25,330.101,4.14966e+07,0.946987,0.0686701,0.547501,0.00165639,-0.741943,0.926545,-0.475727,nan,nan,nan,nan,-0.0248235,-0.112877,-0.0417962,nan,-0.254096,0,-0.445193,-0.587029,nan,-1.21553,-0.552982,-0.656182,1.43044,0.661091,-1.28291,-0.0596364,-0.00227273,-0.5
3378,-38.8857,948.667,-0.038806,0.541667,0.0833333,0.0905247,0.877459,0.244318,-0.00936088,1.17746,5.92593e-05,0.0104963,0.26907,14832.7,0.530855,0.297584,-0.4,0.25,330.931,4.15089e+07,0.92838,0.0747124,0.567769,0.00182481,-0.764314,0.948667,-0.4807,nan,nan,nan,nan,-0.024588,-0.114985,-0.0408979,nan,-0.258311,0,-0.460618,-0.596408,nan,-1.14449,-0.569801,-0.6562,1.48318,0.66,-1.37173,-0.0549333,-0.00416667,-0.5
3379,-36.6909,977.067,-0.0360011,0.583333,0.0416667,0.0901283,0.87732,0.228598,-0.00932219,1.17458,5.92593e-05,0.0103149,0.269002,14486.3,0.604342,0.24391,-0.4,0.25,331.782,4.15212e+07,0.934736,0.078324,0.616995,0.00170376,-0.783712,0.977067,-0.420153,nan,nan,nan,nan,-0.0207259,-0.095646,-0.0362733,nan,-0.266509,0,-0.468794,-0.615711,nan,-1.11024,-0.580707,-0.6738,1.52011,0.577333,-1.37947,-0.0490667,-0.00666667,-0.5
3380,-39.4859,976.714,-0.034829,0.541667,0.0416667,0.0885078,0.878924,0.21845,-0.00934269,1.17059,5.92593e-05,0.0157457,0.268923,16116.7,0.519185,0.243256,-0.4,0.25,332.545,4.15334e+07,0.895586,0.0740385,0.57635,0.00161325,-0.78444,0.976714,-0.429043,nan,nan,nan,nan,-0.022163,-0.0998064,-0.0374023,nan,-0.265763,0,-0.474716,-0.625354,nan,-1.13745,-0.580167,-0.658071,1.50039,0.593714,-1.376,-0.0478571,-0.01875,-0.5
3381,-36.395,938.4,-0.035558,0.375,0.0416667,0.0898657,0.88072,0.22316,-0.00929766,1.16746,5.92593e-05,0.0085415,0.268877,16132.8,0.499187,0.262492,-0.4,0.25,333.308,4.15457e+07,0.851872,0.0791237,0.540446,0.00184587,-0.756838,0.9384,-0.4573,nan,nan,nan,nan,-0.0220858,-0.0935712,-0.039576,nan,-0.255599,0,-0.457402,-0.576618,nan,-1.03187,-0.559006,-0.6663,1.49118,0.6188,-1.3328,-0.0512,0.00875,-0.5
3382,-29.3296,1000,-0.036212,0.25,0,0.089486,0.884549,0.301092,-0.0103129,1.16488,5.92593e-05,0.016189,0.268822,16517.1,0.497475,0.246481,-0.4,0.25,334.054,4.1558e+07,1.04654,0.0746674,0.656762,0.00175015,-0.797663,1,-0.418883,nan,nan,nan,nan,-0.0203215,-0.0986798,-0.0353595,nan,-0.271912,-0.000333333,-0.481682,-0.633352,nan,-0.935959,-0.588715,-0.658,1.55999,0.593333,-1.40733,-0.0513333,-1.15648e-18,nan
3383,-37.2,915,-0.0369231,0.416667,0.166667,0.0898661,0.901151,0.293495,-0.00924989,1.16228,5.92593e-05,0.0130236,0.26878,16398.9,0.504909,0.244411,-0.4,0.25,334.805,4.15703e+07,0.824236,0.0745638,0.519492,0.0013761,-0.725007,0.915,-0.387986,nan,nan,nan,nan,-0.0207497,-0.0981781,-0.0333753,nan,-0.247743,-0.0005,-0.449271,-0.577743,nan,-0.978021,-0.539679,-0.603,1.43262,0.537429,-1.31314,-0.043,-0.00446429,-0.5
3384,-31.8316,873.467,-0.038039,0.5,0.125,0.0885971,0.88005,0.28117,-0.0102721,1.15951,5.92593e-05,0.0125513,0.268715,15972.4,0.524244,0.245081,-0.4,0.25,335.575,4.15826e+07,0.858848,0.0764295,0.545906,0.00151382,-0.702696,0.873467,-0.372047,nan,nan,nan,nan,-0.0191333,-0.0838213,-0.0316348,nan,-0.239129,-6.66667e-05,-0.422647,-0.546124,nan,-0.907563,-0.522735,-0.601,1.35948,0.532267,-1.2552,-0.0432,0.0075,-0.5
3385,-34.5044,1000,-0.0348668,0.458333,0,0.0882611,0.879308,0.241473,-0.0103996,1.15573,5.92593e-05,0.0125844,0.26864,15931.8,0.511983,0.259305,-0.4,0.25,336.348,4.15949e+07,0.968233,0.0853502,0.539007,0.00123872,-0.795271,1,-0.436273,nan,nan,nan,nan,-0.0209756,-0.0977144,-0.0366932,nan,-0.268371,-0.001,-0.496419,-0.614013,nan,-0.993454,-0.583071,-0.668727,1.59911,0.572364,-1.43236,-0.0507273,0.00454545,nan
3386,-32.0161,712.154,-0.0413968,0.333333,0.208333,0.0897636,0.886707,0.280328,-0.0103754,1.15195,5.92593e-05,0.0138809,0.268572,15865.3,0.525838,0.248681,-0.4,0.25,337.124,4.16072e+07,0.658738,0.0599439,0.414955,0.00143724,-0.565613,0.712154,-0.342862,nan,nan,nan,nan,-0.0174771,-0.0742561,-0.0302137,nan,-0.19345,0,-0.349602,-0.440624,nan,-0.856232,-0.423727,-0.494077,1.10602,0.466154,-1.00031,-0.0375385,-0.00192308,-0.5
3387,-32.3502,861.842,-0.0363008,0.625,0.166667,0.0894861,0.887878,0.263478,-0.00974001,1.14857,5.92593e-05,0.0104155,0.268496,16136.4,0.513149,0.248361,-0.4,0.25,337.887,4.16195e+07,0.853186,0.0714103,0.53215,0.00152816,-0.683754,0.861842,-0.379458,nan,nan,nan,nan,-0.0200058,-0.0920576,-0.0327285,nan,-0.233317,0,-0.417468,-0.556536,nan,-0.925045,-0.510989,-0.577737,1.35307,0.514737,-1.23032,-0.0427368,0.00197368,-0.5
3388,-35.081,836.25,-0.0340724,0.375,0.125,0.0863078,0.877662,0.271643,-0.0100544,1.14501,5.92593e-05,0.00657005,0.268438,15951.5,0.513037,0.257296,-0.4,0.25,338.658,4.16317e+07,0.79814,0.0659303,0.493852,0.0016978,-0.665244,0.83625,-0.420808,nan,nan,nan,nan,-0.0210883,-0.0925993,-0.0356589,nan,-0.226841,0,-0.409436,-0.52678,nan,-0.995887,-0.493774,-0.59775,1.31653,0.580667,-1.21167,-0.0516667,0.0270833,-0.5
3389,-37.8886,915.2,-0.0371726,0.166667,0.0416667,0.0901772,0.90068,0.222691,-0.0105243,1.14253,5.92593e-05,0.0110852,0.268411,15865,0.514317,0.260218,-0.4,0.25,339.434,4.1644e+07,0.836652,0.0899911,0.44138,0.00101722,-0.717725,0.9152,-0.45248,nan,nan,nan,nan,-0.021426,-0.0908133,-0.0369963,nan,-0.242532,0,-0.467202,-0.541807,nan,-1.00975,-0.522189,-0.5916,1.46055,0.5944,-1.3384,-0.0532,-0.0475,-0.5
3390,-35.9601,854,-0.0378207,0.375,0.125,0.0893686,0.895173,0.274267,-0.010906,1.14033,5.92593e-05,0.0062977,0.268363,16158.2,0.509579,0.250903,-0.4,0.25,340.196,4.16563e+07,0.786694,0.0749863,0.463749,0.00146415,-0.677297,0.854,-0.406092,nan,nan,nan,nan,-0.0205722,-0.0931917,-0.035035,nan,-0.229705,0,-0.422844,-0.511747,nan,-1.04435,-0.500423,-0.568,1.33657,0.577333,-1.22267,-0.0431667,0.00729167,-0.5
3391,-31.702,927.273,-0.034454,0.416667,0.0416667,0.088375,0.907553,0.237989,-0.00983707,1.13773,5.92593e-05,0.0129037,0.268344,16458.5,0.505311,0.241295,-0.4,0.25,340.944,4.16686e+07,0.863153,0.0813946,0.579241,0.00148173,-0.739918,0.927273,-0.374782,nan,nan,nan,nan,-0.0186879,-0.0863443,-0.032806,nan,-0.250312,-0.000181818,-0.451372,-0.573849,nan,-0.953318,-0.544737,-0.607636,1.45475,0.552,-1.30727,-0.0418182,-0.0159091,-0.5
3392,-29.8936,932.222,-0.03718,0.333333,0.0416667,0.088987,0.903674,0.327016,-0.00981579,1.13634,5.92593e-05,0.015161,0.268302,16538.6,0.491365,0.251625,-0.4,0.25,341.688,4.16809e+07,0.968914,0.0763584,0.548575,0.00135195,-0.736353,0.932222,-0.377433,nan,nan,nan,nan,-0.019348,-0.0858155,-0.0322736,nan,-0.250922,0,-0.458625,-0.567556,nan,-0.887215,-0.541421,-0.624,1.46992,0.536444,-1.33911,-0.0375556,-0.0152778,-0.5
3393,-36.4781,913.714,-0.0384723,0.458333,0.125,0.0898625,0.901052,0.324653,-0.0101647,1.133,5.92593e-05,0.0131868,0.268227,15649,0.542832,0.242392,-0.4,0.25,342.475,4.16932e+07,0.859354,0.0738562,0.531855,0.00151288,-0.731818,0.913714,-0.432293,nan,nan,nan,nan,-0.0213208,-0.0949573,-0.0366109,nan,-0.246406,0,-0.452156,-0.569378,nan,-1.0476,-0.537617,-0.625071,1.43414,0.599429,-1.29657,-0.0468571,0.00803571,-0.5
3394,-33.7558,941.765,-0.0374134,0.583333,0.125,0.089871,0.888642,0.234434,-0.0101786,1.1288,5.92593e-05,0.0121159,0.268128,16153.4,0.492346,0.268359,-0.4,0.25,343.237,4.17055e+07,0.9338,0.0807017,0.529555,0.00145864,-0.742021,0.941765,-0.433218,nan,nan,nan,nan,-0.0217113,-0.0970519,-0.0365662,nan,-0.252147,-0.000235294,-0.46786,-0.583585,nan,-0.978026,-0.547823,-0.627176,1.49694,0.589647,-1.33976,-0.0462353,1.22451e-18,-0.5
3395,-32.2543,793.625,-0.0358363,0.25,0.0833333,0.0893479,0.897136,0.337196,-0.00871449,1.12399,5.92593e-05,0.00915328,0.268057,16677.7,0.492688,0.244104,-0.4,0.25,343.976,4.17178e+07,0.719429,0.0639101,0.505866,0.00142615,-0.631771,0.793625,-0.357525,nan,nan,nan,nan,-0.0191726,-0.0901668,-0.0302026,nan,-0.215691,0,-0.382979,-0.509784,nan,-0.987279,-0.475396,-0.566625,1.24121,0.5045,-1.1325,-0.042,-4.33681e-19,-0.5
3396,-41.5323,851.588,-0.0405862,0.5,0.208333,0.0912107,0.911882,0.292381,-0.0117766,1.12019,5.92593e-05,0.0108851,0.267949,17093.2,0.485116,0.233768,-0.4,0.25,344.696,4.173e+07,0.784142,0.0685794,0.491585,0.00163325,-0.676104,0.851588,-0.441341,nan,nan,nan,nan,-0.0231419,-0.102762,-0.037775,nan,-0.230943,-0.000176471,-0.419003,-0.527309,nan,-1.25256,-0.505875,-0.585882,1.32414,0.610118,-1.20376,-0.0458824,-0.00882353,-0.5
3397,-28.5319,788.556,-0.0350985,0.25,0.125,0.0864947,0.882673,0.320319,-0.00932759,1.11515,5.92593e-05,0.0127905,0.267863,16799.7,0.486197,0.245243,-0.4,0.25,345.429,4.17423e+07,0.761275,0.0655417,0.485793,0.00115392,-0.623147,0.788556,-0.2982,nan,nan,nan,nan,-0.0169607,-0.0741895,-0.0266199,nan,-0.213216,0,-0.383826,-0.496435,nan,-0.745112,-0.46415,-0.527333,1.23589,0.406222,-1.09378,-0.0344444,-0.00694444,-0.5
3398,-31.6325,971.3,-0.0350171,0.375,0.0416667,0.0889589,0.89862,0.27207,-0.00996365,1.11157,5.92593e-05,0.0130996,0.267813,17171.8,0.480757,0.234837,-0.4,0.25,346.146,4.17546e+07,0.937508,0.0825615,0.576182,0.00146212,-0.762632,0.9713,-0.40952,nan,nan,nan,nan,-0.021446,-0.0969467,-0.0349671,nan,-0.261537,-0.0006,-0.477787,-0.596739,nan,-0.941808,-0.567212,-0.6402,1.53216,0.584,-1.3632,-0.0472,0.005,-0.5
3399,-31.0629,896.786,-0.0374331,0.458333,0.125,0.0896524,0.902904,0.287334,-0.00979209,1.10966,5.92593e-05,0.0131097,0.267807,13509.7,0.531008,0.378562,-0.4,0.25,347.057,4.17669e+07,0.929393,0.0752204,0.552409,0.00169643,-0.704191,0.896786,-0.427279,nan,nan,nan,nan,-0.0212766,-0.09408,-0.0362007,nan,-0.243076,-0.0005,-0.435342,-0.56063,nan,-0.933084,-0.527777,-0.594643,1.41532,0.578286,-1.27057,-0.0491429,0.00267857,-0.5
3400,-37.3476,944.125,-0.0341371,0.25,0.0833333,0.0866869,0.873308,0.242007,-0.0105955,1.10806,5.92593e-05,0.00524503,0.267761,12122.9,0.645181,0.368437,-0.4,0.25,348.072,4.17792e+07,0.896156,0.0706926,0.550413,0.00182912,-0.746174,0.944125,-0.483387,nan,nan,nan,nan,-0.0233037,-0.101285,-0.0403498,nan,-0.255573,0,-0.460328,-0.582842,nan,-0.991908,-0.55291,-0.6885,1.44465,0.6585,-1.3195,-0.058,-0.0046875,-0.5
3401,-36.4957,933.778,-0.0331776,0.333333,0.0416667,0.0878575,0.882532,0.210443,-0.0103563,1.10524,5.92593e-05,0.0108578,0.267728,13161.4,0.576762,0.356874,-0.4,0.25,351.084,4.17915e+07,0.83797,0.0806,0.594931,0.00152065,-0.737841,0.933778,-0.378111,nan,nan,nan,nan,-0.0184152,-0.0823474,-0.0328936,nan,-0.253421,-0.000444444,-0.451544,-0.58066,nan,-1.09604,-0.557101,-0.617,1.45901,0.500444,-1.33111,-0.0433333,0.00277778,-0.5
3402,-33.1935,961.3,-0.0345509,0.75,0.0833333,0.0880635,0.890433,0.296996,-0.00979607,1.10372,5.92593e-05,0.0142077,0.267719,13700.2,0.585066,0.311858,-0.4,0.25,351.983,4.18038e+07,0.943014,0.0794784,0.559464,0.00156776,-0.754706,0.9613,-0.41555,nan,nan,nan,nan,-0.0213232,-0.099569,-0.0350638,nan,-0.258575,0,-0.474561,-0.597851,nan,-0.998167,-0.558503,-0.64125,1.50517,0.5758,-1.3496,-0.047,0.01625,-0.5
3403,-31.8202,992.545,-0.0364826,0.416667,0.0416667,0.088943,0.888881,0.221601,-0.010214,1.10249,5.92593e-05,0.00988447,0.267684,12550.6,0.619944,0.359131,-0.4,0.25,352.964,4.18161e+07,1.05597,0.0886065,0.590067,0.00143812,-0.778714,0.992545,-0.4054,nan,nan,nan,nan,-0.0202291,-0.0906636,-0.0339563,nan,-0.265645,-0.000272727,-0.488896,-0.599557,nan,-1.00676,-0.575719,-0.674727,1.55786,0.566545,-1.39564,-0.0476364,-0.0147727,-0.5
3404,-30.9465,883.941,-0.0348929,0.541667,0.166667,0.0866266,0.884417,0.25521,-0.00928842,1.09979,5.92593e-05,0.0125699,0.267627,13692.2,0.569536,0.327906,-0.4,0.25,353.863,4.18284e+07,0.890043,0.0724819,0.528309,0.00129182,-0.69687,0.883941,-0.343676,nan,nan,nan,nan,-0.0181306,-0.080164,-0.0291675,nan,-0.237861,-0.000117647,-0.434468,-0.533258,nan,-0.865305,-0.515592,-0.614294,1.39507,0.475294,-1.24918,-0.0367059,-0.0213235,-0.5
3405,-35.983,955.5,-0.0377311,0.708333,0.125,0.0893066,0.898851,0.253632,-0.0100204,1.09702,5.92593e-05,0.0163789,0.267592,14066.6,0.575191,0.298367,-0.4,0.25,354.738,4.18406e+07,0.914936,0.0764061,0.578,0.00166899,-0.755476,0.9555,-0.44606,nan,nan,nan,nan,-0.0213836,-0.0955845,-0.0376466,nan,-0.257413,-0.00035,-0.469426,-0.587683,nan,-1.05213,-0.560207,-0.64305,1.49218,0.5944,-1.3548,-0.0529,-0.003125,-0.5
3406,-31.7024,962.933,-0.0343496,0.541667,0.0833333,0.0866095,0.881005,0.312152,-0.00999288,1.0946,5.92593e-05,0.0106813,0.267547,12535.8,0.631146,0.349088,-0.4,0.25,355.72,4.18529e+07,0.978426,0.082056,0.583656,0.00152063,-0.755996,0.962933,-0.449127,nan,nan,nan,nan,-0.0211284,-0.0950051,-0.036605,nan,-0.259119,0,-0.473884,-0.582917,nan,-0.969062,-0.561818,-0.6498,1.49395,0.6168,-1.3312,-0.0521333,-2.31296e-19,-0.5
3407,-31.3742,802.571,-0.0371934,0.416667,0.166667,0.0857855,0.884139,0.275402,-0.00971958,1.09245,5.92593e-05,0.0084382,0.267531,13086.8,0.624187,0.314777,-0.4,0.25,356.66,4.18652e+07,0.759599,0.0654737,0.481994,0.00137559,-0.632892,0.802571,-0.343586,nan,nan,nan,nan,-0.0182335,-0.0801676,-0.0295405,nan,-0.217059,-0.000285714,-0.392727,-0.498659,nan,-0.877615,-0.467408,-0.561,1.24941,0.493143,-1.12714,-0.0411429,0.00803571,-0.5
3408,-28.3928,832,-0.0358685,0.25,0.125,0.0849828,0.903966,0.329755,-0.00958845,1.0908,5.92593e-05,0.00804911,0.267483,14136.5,0.546682,0.322556,-0.4,0.25,357.531,4.18775e+07,0.867768,0.0650037,0.510099,0.00121142,-0.653847,0.832,-0.3482,nan,nan,nan,nan,-0.0167468,-0.0695782,-0.0294732,nan,-0.222483,0,-0.407979,-0.509142,nan,-0.773576,-0.480431,-0.576333,1.2939,0.500444,-1.18533,-0.0377778,-0.0125,-0.5
3409,-34.5861,934.769,-0.0354033,0.5,0.0416667,0.0868717,0.892196,0.276627,-0.00991252,1.088,5.92593e-05,0.0161302,0.267436,13243.9,0.598452,0.32937,-0.4,0.25,358.46,4.18898e+07,0.903603,0.0808609,0.585113,0.00143397,-0.736538,0.934769,-0.4011,nan,nan,nan,nan,-0.0198395,-0.0945055,-0.0337789,nan,-0.252646,0,-0.455107,-0.593021,nan,-0.994073,-0.552188,-0.663462,1.43202,0.546462,-1.31969,-0.0495385,-0.00961538,-0.5
3410,-36.0059,872.385,-0.0360376,0.375,0.166667,0.089816,0.871684,0.259608,-0.00914936,1.08527,5.92593e-05,0.0109906,0.267372,12962.5,0.611544,0.336425,-0.4,0.25,359.41,4.19021e+07,0.871384,0.0712886,0.499906,0.00184117,-0.683313,0.872385,-0.469731,nan,nan,nan,nan,-0.0228183,-0.100259,-0.039228,nan,-0.233919,-0.000307692,-0.430437,-0.539363,nan,-1.10631,-0.505802,-0.574846,1.38496,0.650462,-1.23908,-0.0523077,-0.000961538,-0.5
3411,-33.7099,927.167,-0.0380511,0.666667,0.0833333,0.0877771,0.8749,0.309258,-0.0108206,1.08209,5.92593e-05,0.0143459,0.267311,12581.7,0.643318,0.333341,-0.4,0.25,360.388,4.19144e+07,0.895067,0.0763727,0.539643,0.00153794,-0.725489,0.927167,-0.4456,nan,nan,nan,nan,-0.0224778,-0.105492,-0.0372742,nan,-0.248099,-5.55556e-05,-0.45846,-0.565215,nan,-0.9716,-0.537629,-0.647167,1.43461,0.624667,-1.29933,-0.0512222,-0.0138889,-0.5
3412,-32.2544,897.125,-0.0383421,0.25,0.0833333,0.0908961,0.879916,0.263382,-0.00886806,1.07926,5.92593e-05,0.00752881,0.267267,15057.9,0.523188,0.292862,-0.4,0.25,361.205,4.19267e+07,0.897337,0.0811752,0.508886,0.00123007,-0.691777,0.897125,-0.380025,nan,nan,nan,nan,-0.0198909,-0.0932611,-0.0311625,nan,-0.238493,0,-0.451483,-0.545995,nan,-1.13413,-0.511568,-0.557625,1.42567,0.5195,-1.301,-0.0415,0.0375,-0.5
3413,-37.3534,976.588,-0.0338414,0.666667,0.0416667,0.0863522,0.896576,0.295983,-0.00864592,1.07604,5.92593e-05,0.00698282,0.267178,13123.2,0.609405,0.326949,-0.4,0.25,362.143,4.19389e+07,0.971532,0.0899312,0.545082,0.00150024,-0.766864,0.976588,-0.466912,nan,nan,nan,nan,-0.0232449,-0.108001,-0.0389657,nan,-0.26094,-0.000294118,-0.489941,-0.600797,nan,-1.17472,-0.566539,-0.663176,1.52747,0.644941,-1.38329,-0.0523529,0.000735294,-0.5
3414,-40.3319,1000,-0.031519,0.541667,0,0.0870393,0.902665,0.255719,-0.0105467,1.07047,5.92593e-05,0.0102264,0.267065,13402,0.588047,0.328829,-0.4,0.25,363.061,4.19512e+07,0.894348,0.0862621,0.580555,0.00162022,-0.783998,1,-0.478177,nan,nan,nan,nan,-0.0237624,-0.111448,-0.0406008,nan,-0.269506,0,-0.491875,-0.615094,nan,-1.32662,-0.582701,-0.678,1.55718,0.673846,-1.37815,-0.0573846,0.0269231,nan
3415,-32.4662,824.167,-0.0356411,0.541667,0.208333,0.0872175,0.901317,0.348877,-0.0097173,1.06589,5.92593e-05,0.00999719,0.267005,12906.7,0.616867,0.335196,-0.4,0.25,364.014,4.19635e+07,0.846304,0.0662291,0.450817,0.00138237,-0.6413,0.824167,-0.419328,nan,nan,nan,nan,-0.0202358,-0.0901809,-0.0331623,nan,-0.218839,0,-0.412309,-0.497855,nan,-0.988227,-0.468214,-0.546333,1.30289,0.559333,-1.15267,-0.0496667,0.00277778,-0.5
3416,-34.8902,947.231,-0.0304105,0.458333,0.0833333,0.0851548,0.871766,0.227092,-0.0091721,1.06277,5.92593e-05,0.00911839,0.266938,14024.9,0.571044,0.305113,-0.4,0.25,364.892,4.19758e+07,0.894316,0.0839005,0.554566,0.00148246,-0.740775,0.947231,-0.436423,nan,nan,nan,nan,-0.0206466,-0.0915364,-0.0363131,nan,-0.25339,0,-0.470788,-0.572205,nan,-1.05551,-0.54795,-0.632308,1.49204,0.590769,-1.33662,-0.048,0.0105769,-0.5
3417,-33.4091,979.441,-0.0330539,1.375,0.0416667,0.0863199,0.886514,0.219411,-0.0103948,1.05823,5.92593e-05,0.0106145,0.266825,13396.9,0.608371,0.308854,-0.4,0.25,365.81,4.19881e+07,0.974292,0.0849788,0.585984,0.00158253,-0.764427,0.979441,-0.462612,nan,nan,nan,nan,-0.0226926,-0.106583,-0.0377836,nan,-0.263112,-2.94118e-05,-0.483588,-0.599192,nan,-1.06262,-0.569845,-0.650912,1.53245,0.622941,-1.36918,-0.0532941,0.00845588,-0.5
3418,-35.2904,1000,-0.0320241,0.416667,0,0.0871823,0.88564,0.233997,-0.0093129,1.05303,5.92593e-05,0.012346,0.266748,13186.2,0.600412,0.331468,-0.4,0.25,366.744,4.20004e+07,0.964905,0.0916626,0.640426,0.00163824,-0.77814,1,-0.46831,nan,nan,nan,nan,-0.0216449,-0.0976978,-0.0384973,nan,-0.268536,0,-0.490303,-0.608212,nan,-1.15896,-0.582802,-0.7134,1.56915,0.646,-1.4056,-0.0512,0.005,nan
3419,-30.2898,954.273,-0.0336979,0.375,0.0833333,0.0869176,0.88906,0.235458,-0.00879479,1.04996,5.92593e-05,0.00923617,0.2667,13540.8,0.611125,0.296357,-0.4,0.25,367.652,4.20127e+07,0.882426,0.076057,0.552698,0.00128565,-0.745145,0.954273,-0.386164,nan,nan,nan,nan,-0.0191362,-0.0879245,-0.0315386,nan,-0.25384,0,-0.477175,-0.578279,nan,-0.845885,-0.544446,-0.591273,1.54462,0.523273,-1.34182,-0.0430909,-0.0125,-0.5
3420,-33.7466,935.562,-0.0326055,0.583333,0.0833333,0.0873702,0.882881,0.266385,-0.00880491,1.04724,5.92593e-05,0.0128825,0.266632,13761.3,0.544145,0.348796,-0.4,0.25,368.547,4.2025e+07,0.952384,0.0808909,0.58806,0.00151934,-0.731624,0.935562,-0.410631,nan,nan,nan,nan,-0.0213512,-0.100607,-0.0343343,nan,-0.251486,0,-0.460294,-0.58082,nan,-1.11543,-0.545437,-0.610125,1.45693,0.56375,-1.29375,-0.04725,-0.00078125,-0.5
3421,-32.7892,1000,-0.0331305,0.5,0,0.0886162,0.890279,0.297862,-0.009335,1.04334,5.92593e-05,0.0100967,0.266563,12753,0.637059,0.32648,-0.4,0.25,369.512,4.20372e+07,1.03401,0.0835725,0.642556,0.0019189,-0.784426,1,-0.478675,nan,nan,nan,nan,-0.024831,-0.117008,-0.0410339,nan,-0.269928,0,-0.487531,-0.629667,nan,-1.0832,-0.5839,-0.666,1.55905,0.672333,-1.41533,-0.0545,0.003125,nan
3422,-25.8146,873.857,-0.0313958,0.25,0.0416667,0.0850015,0.893958,0.241557,-0.00933303,1.03941,5.92593e-05,0.00834794,0.266469,12798.3,0.603709,0.356416,-0.4,0.25,370.473,4.20495e+07,0.956449,0.0791467,0.520347,0.00120367,-0.680245,0.873857,-0.369786,nan,nan,nan,nan,-0.0186777,-0.0822066,-0.0305627,nan,-0.232116,0,-0.431839,-0.537309,nan,-0.817219,-0.505043,-0.584143,1.3817,0.521143,-1.20914,-0.0405714,-0.0142857,-0.5
3423,-33.0964,934.4,-0.030164,0.375,0.0416667,0.0855455,0.897705,0.2557,-0.00904547,1.03488,5.92593e-05,0.0131655,0.266396,13136.9,0.616497,0.318883,-0.4,0.25,371.41,4.20618e+07,0.924728,0.0826639,0.556455,0.00133691,-0.731302,0.9344,-0.41,nan,nan,nan,nan,-0.0207321,-0.0980461,-0.033938,nan,-0.249148,0,-0.464555,-0.565478,nan,-1.01347,-0.538318,-0.6027,1.44723,0.5296,-1.3228,-0.047,0.01625,-0.5
3424,-31.0241,1000,-0.0297453,0.375,0,0.0856635,0.89447,0.239379,-0.0097688,1.03061,5.92593e-05,0.0126132,0.266289,14759.8,0.584902,0.24763,-0.4,0.25,372.276,4.20741e+07,1.05475,0.0901988,0.612835,0.00165886,-0.781599,1,-0.476533,nan,nan,nan,nan,-0.0226509,-0.101229,-0.0394267,nan,-0.267638,0,-0.493302,-0.616955,nan,-0.993881,-0.578792,-0.68,1.55669,0.651556,-1.42444,-0.0591111,0.0166667,nan
3425,-33.5848,900.286,-0.0323397,0.458333,0.125,0.0860856,0.881624,0.257886,-0.00980827,1.02501,5.92593e-05,0.0110134,0.266179,16504.4,0.502521,0.242009,-0.4,0.25,373.022,4.20864e+07,0.891153,0.072234,0.572532,0.00159098,-0.709136,0.900286,-0.429214,nan,nan,nan,nan,-0.0221725,-0.104368,-0.0365539,nan,-0.24276,0,-0.436697,-0.569629,nan,-1.04826,-0.52783,-0.612,1.41787,0.601143,-1.26,-0.0481429,0.0178571,-0.5
3426,-35.5881,1000,-0.0313057,0.416667,0,0.0861172,0.879837,0.218096,-0.00941926,1.02005,5.92593e-05,0.00856188,0.266092,14460.5,0.513704,0.336057,-0.4,0.25,373.873,4.20987e+07,1.02234,0.0789543,0.605342,0.0016745,-0.782312,1,-0.49594,nan,nan,nan,nan,-0.0246287,-0.115906,-0.0419355,nan,-0.269381,0,-0.487483,-0.619883,nan,-1.11354,-0.581149,-0.7146,1.5563,0.7136,-1.408,-0.0566,-0.04625,nan
3427,-29.6042,926,-0.0330902,0.416667,0.0416667,0.0880734,0.886291,0.204032,-0.0105616,1.01604,5.92593e-05,0.00985742,0.266023,13083.9,0.626327,0.31284,-0.4,0.25,374.813,4.2111e+07,0.886082,0.0832598,0.570305,0.00139878,-0.719205,0.926,-0.394055,nan,nan,nan,nan,-0.0179575,-0.0774496,-0.0325578,nan,-0.247144,0,-0.4594,-0.558542,nan,-0.859527,-0.528525,-0.617727,1.44456,0.539273,-1.29636,-0.0476364,-0.0295455,-0.5
3428,-37.075,910.118,-0.0341269,0.625,0.0833333,0.0882779,0.893927,0.250804,-0.00927628,1.01221,5.92593e-05,0.007949,0.265949,12478.2,0.629558,0.355199,-0.4,0.25,375.799,4.21233e+07,0.863289,0.0784947,0.517078,0.00147337,-0.705653,0.910118,-0.447176,nan,nan,nan,nan,-0.0225569,-0.106687,-0.036573,nan,-0.243557,0,-0.452365,-0.564482,nan,-1.18868,-0.524998,-0.603706,1.43173,0.615294,-1.28824,-0.0490588,0.0213235,-0.5
3429,-32.9138,869.062,-0.0334464,0.541667,0.125,0.086636,0.881824,0.262076,-0.0102936,1.00853,5.92593e-05,0.0141325,0.265896,12540.8,0.640562,0.33928,-0.4,0.25,376.78,4.21356e+07,0.856192,0.0753291,0.523981,0.00132589,-0.676662,0.869062,-0.394712,nan,nan,nan,nan,-0.0198378,-0.0873287,-0.0320647,nan,-0.232517,-0.002375,-0.431155,-0.532472,nan,-1.13812,-0.501568,-0.555375,1.37301,0.5425,-1.2115,-0.044875,-0.00390625,-0.5
3430,-30.0989,797.25,-0.0386793,0.416667,0.25,0.088179,0.901503,0.283532,-0.00988378,1.00485,5.92593e-05,0.0130325,0.265799,14674.4,0.564816,0.272563,-0.4,0.25,377.619,4.21478e+07,0.802474,0.0673747,0.518499,0.00136793,-0.626659,0.79725,-0.351594,nan,nan,nan,nan,-0.0188763,-0.0828943,-0.0296792,nan,-0.215108,0,-0.385988,-0.501409,nan,-0.89328,-0.466381,-0.556875,1.24328,0.486,-1.1365,-0.039125,0.0148437,-0.5
3431,-32.514,829.167,-0.0362037,0.333333,0.166667,0.0874971,0.883539,0.271952,-0.0106891,0.999672,5.92593e-05,0.00765217,0.265702,15809,0.504139,0.273141,-0.4,0.25,378.398,4.21601e+07,0.788523,0.0650232,0.509358,0.00159103,-0.652272,0.829167,-0.40675,nan,nan,nan,nan,-0.0214246,-0.0964127,-0.0344415,nan,-0.223411,0,-0.405528,-0.530655,nan,-0.893756,-0.487576,-0.572,1.29216,0.571333,-1.15833,-0.043,0.009375,-0.5
3432,-29.5497,955.625,-0.0327542,0.291667,0.0416667,0.0895307,0.872824,0.233779,-0.00946592,0.994946,5.92593e-05,0.00712441,0.26562,11876.6,0.59732,0.437324,-0.4,0.25,379.434,4.21724e+07,0.98968,0.084483,0.617148,0.00174997,-0.745254,0.955625,-0.41885,nan,nan,nan,nan,-0.0221504,-0.101831,-0.0358609,nan,-0.255468,-0.000125,-0.467889,-0.596107,nan,-0.958418,-0.555773,-0.636375,1.51318,0.587,-1.3485,-0.04625,0.025,-0.5
3433,-31.6796,969.733,-0.0330157,0.583333,0.0416667,0.0870797,0.873925,0.239155,-0.00952593,0.990295,5.92593e-05,0.0064295,0.265504,12992.8,0.623382,0.322375,-0.4,0.25,380.382,4.21847e+07,0.96235,0.0823429,0.598902,0.00150726,-0.761614,0.969733,-0.433187,nan,nan,nan,nan,-0.0225908,-0.106511,-0.035562,nan,-0.258991,-0.000266667,-0.481252,-0.606099,nan,-0.97264,-0.562579,-0.6528,1.51271,0.602667,-1.3576,-0.0466667,0.0175,-0.5
3434,-31.9817,784.143,-0.0346767,0.208333,0.0833333,0.0887115,0.876286,0.328555,-0.00892943,0.985812,5.92593e-05,0.008476,0.265473,12558,0.628853,0.34965,-0.4,0.25,381.362,4.2197e+07,0.706468,0.0753123,0.45995,0.00140313,-0.610013,0.784143,-0.371557,nan,nan,nan,nan,-0.0180327,-0.0782361,-0.0294408,nan,-0.208289,0,-0.392289,-0.474865,nan,-0.926042,-0.453668,-0.502714,1.24814,0.472571,-1.09771,-0.0431429,0.00178571,-0.5
3435,-27.0563,786.476,-0.0391251,0.583333,0.291667,0.088086,0.880425,0.291125,-0.0102222,0.985326,5.92593e-05,0.00946073,0.265493,14380.5,0.561614,0.292878,-0.4,0.25,382.218,4.22093e+07,0.805541,0.0730392,0.478938,0.00142603,-0.607269,0.786476,-0.362567,nan,nan,nan,nan,-0.0172318,-0.0732357,-0.0293389,nan,-0.208828,-4.7619e-05,-0.392115,-0.478315,nan,-0.788554,-0.448709,-0.518,1.23302,0.510667,-1.09905,-0.0400952,-0.0119048,-0.5
3436,-33.6117,956.75,-0.0302048,0.583333,0.0833333,0.0868956,0.888395,0.257326,-0.00920166,0.984606,5.92593e-05,0.0093697,0.265461,16057.6,0.497781,0.267466,-0.4,0.25,382.985,4.22216e+07,0.949521,0.0836973,0.579297,0.00156976,-0.741886,0.95675,-0.461031,nan,nan,nan,nan,-0.0223301,-0.106453,-0.0375728,nan,-0.25661,0,-0.472007,-0.594871,nan,-1.07819,-0.552617,-0.624188,1.4839,0.64,-1.3205,-0.0555,0.0109375,-0.5
3437,-25.6683,861.714,-0.0303133,0.25,0.0416667,0.0866392,0.880467,0.249069,-0.00904633,0.981595,5.92593e-05,0.0119544,0.265391,13041.7,0.605241,0.33697,-0.4,0.25,383.928,4.22339e+07,0.909022,0.0709735,0.56206,0.00132181,-0.669369,0.861714,-0.326714,nan,nan,nan,nan,-0.0168724,-0.0786215,-0.0280863,nan,-0.231387,0,-0.418622,-0.555694,nan,-0.781783,-0.503019,-0.584571,1.3633,0.450286,-1.208,-0.0368571,0.00892857,-0.5
3438,-29.581,971.812,-0.0337962,0.583333,0.0833333,0.0898208,0.875786,0.306092,-0.0102864,0.977593,5.92593e-05,0.00953501,0.265322,12833.3,0.644811,0.312699,-0.4,0.25,384.887,4.22461e+07,0.993718,0.0902857,0.566792,0.00115737,-0.743542,0.971812,-0.398825,nan,nan,nan,nan,-0.0185126,-0.0874698,-0.0316792,nan,-0.258162,-6.25e-05,-0.483255,-0.580301,nan,-0.962316,-0.545332,-0.623625,1.55264,0.54525,-1.344,-0.048625,-0.0125,-0.5
3439,-31.1106,914.067,-0.0334507,0.5,0.125,0.0870552,0.887021,0.231153,-0.010791,0.974124,5.92593e-05,0.0107715,0.26528,12703.8,0.609466,0.357801,-0.4,0.25,385.856,4.22584e+07,0.899216,0.0819694,0.56188,0.0015527,-0.703595,0.914067,-0.410953,nan,nan,nan,nan,-0.019674,-0.0848469,-0.033423,nan,-0.242564,0,-0.453662,-0.555787,nan,-1.00626,-0.516143,-0.5878,1.45592,0.565067,-1.27013,-0.0478667,-0.0025,-0.5
3440,-31.0604,944.286,-0.0320565,0.458333,0.125,0.0874505,0.870964,0.285827,-0.0102604,0.971433,8.88889e-05,0.00409346,0.265207,13496.1,0.59803,0.312453,-0.4,0.25,386.768,4.22707e+07,0.948719,0.0789186,0.55746,0.00141192,-0.729092,0.944286,-0.421721,nan,nan,nan,nan,-0.0199318,-0.0878103,-0.0342413,nan,-0.251076,-0.000285714,-0.470159,-0.575018,nan,-0.944195,-0.535171,-0.632571,1.48771,0.582286,-1.30314,-0.0467143,0.00446429,-0.5
3441,-28.976,891.5,-0.0323257,0.25,0.0833333,0.0875412,0.873597,0.28664,-0.0110707,0.96767,8.88889e-05,0.00799565,0.265136,15314.2,0.544258,0.258134,-0.4,0.25,387.572,4.2283e+07,0.879139,0.0757668,0.597546,0.00159188,-0.688092,0.8915,-0.399225,nan,nan,nan,nan,-0.0192732,-0.0832016,-0.0332767,nan,-0.23964,-0.001,-0.433959,-0.541939,nan,-0.914818,-0.518777,-0.57675,1.40698,0.57,-1.2495,-0.04375,-0.003125,-0.5
3442,-28.4704,923.143,-0.0322034,0.208333,0.0833333,0.0887802,0.883525,0.27395,-0.0107841,0.965094,8.88889e-05,0.0139053,0.265095,13919.6,0.573813,0.30897,-0.4,0.25,388.456,4.22953e+07,0.935855,0.0770851,0.545599,0.00124099,-0.719535,0.923143,-0.381771,nan,nan,nan,nan,-0.019996,-0.0879557,-0.0322809,nan,-0.245662,0,-0.461774,-0.571516,nan,-0.887482,-0.530654,-0.601286,1.43568,0.496571,-1.25086,-0.0425714,0.0107143,-0.5
3443,-30.5131,1000,-0.0320145,0.458333,0,0.0883492,0.876002,0.28065,-0.0107911,0.962892,8.88889e-05,0.0173839,0.265065,12394.8,0.652521,0.338863,-0.4,0.25,389.449,4.23076e+07,0.968124,0.0928715,0.612401,0.00173166,-0.772506,1,-0.484664,nan,nan,nan,nan,-0.0233826,-0.106003,-0.0402103,nan,-0.26583,-0.000181818,-0.495686,-0.600385,nan,-0.984252,-0.569823,-0.645818,1.58123,0.679636,-1.40291,-0.0518182,-0.0181818,nan
3444,-31.7176,857.826,-0.0355751,0.666667,0.291667,0.0877116,0.873008,0.31271,-0.011596,0.960281,8.88889e-05,0.0158611,0.265005,13281.8,0.618066,0.307111,-0.4,0.25,390.376,4.23199e+07,0.817114,0.071242,0.537255,0.00142732,-0.666999,0.857826,-0.384178,nan,nan,nan,nan,-0.0198313,-0.0907547,-0.0319671,nan,-0.230125,0,-0.418133,-0.5414,nan,-0.905157,-0.498578,-0.553304,1.33912,0.524174,-1.19704,-0.0433043,-0.00108696,-0.5
3445,-30.6254,841.417,-0.0315173,0.375,0.125,0.0862669,0.888649,0.248856,-0.00895167,0.956216,8.88889e-05,0.0100827,0.264933,13007.1,0.608194,0.336524,-0.4,0.25,391.322,4.23322e+07,0.827834,0.0721222,0.510834,0.00164382,-0.653506,0.841417,-0.40345,nan,nan,nan,nan,-0.0212853,-0.0942305,-0.032966,nan,-0.224139,0,-0.418897,-0.530387,nan,-0.974785,-0.483185,-0.5285,1.33958,0.548,-1.17367,-0.041,0.0322917,-0.5
3446,-31.6854,939,-0.0365889,0.666667,0.25,0.0879378,0.8951,0.29659,-0.0112718,0.951854,8.88889e-05,0.0132422,0.264863,14291,0.586647,0.273192,-0.4,0.25,392.184,4.23444e+07,0.951329,0.0806044,0.598568,0.00141697,-0.72803,0.939,-0.367495,nan,nan,nan,nan,-0.0188313,-0.0869189,-0.0306455,nan,-0.250783,-4.54545e-05,-0.460939,-0.578841,nan,-0.978917,-0.541361,-0.620864,1.48351,0.510909,-1.31582,-0.0422727,0.00852273,-0.5
3447,-32.0842,917.118,-0.0334874,0.541667,0.166667,0.0858768,0.863318,0.289343,-0.0106418,0.946302,8.88889e-05,0.0125425,0.264733,16766.8,0.492496,0.240381,-0.4,0.25,392.918,4.23567e+07,0.910362,0.0738905,0.585914,0.00178419,-0.712735,0.917118,-0.433118,nan,nan,nan,nan,-0.0215722,-0.0931949,-0.0365794,nan,-0.246317,-0.000117647,-0.446579,-0.566919,nan,-0.972112,-0.536042,-0.622941,1.45042,0.601412,-1.29247,-0.0482353,0.00147059,-0.5
3448,-39.6502,1000,-0.0296687,0.458333,0,0.0867547,0.868659,0.217422,-0.0109644,0.939403,8.88889e-05,0.0144122,0.264582,16190.3,0.491876,0.267095,-0.4,0.25,393.678,4.2369e+07,0.951207,0.0887369,0.606588,0.0019093,-0.772201,1,-0.527382,nan,nan,nan,nan,-0.0276423,-0.126792,-0.0433447,nan,-0.266071,0,-0.497516,-0.607978,nan,-1.41768,-0.573212,-0.645273,1.57123,0.754545,-1.41709,-0.0572727,0.0227273,nan
3449,-31.3277,914.286,-0.035923,0.5,0.0833333,0.0886085,0.88325,0.30649,-0.0111522,0.93246,8.88889e-05,0.0150057,0.264502,12751,0.606985,0.356705,-0.4,0.25,394.643,4.23813e+07,0.909641,0.0842363,0.627599,0.00184653,-0.705334,0.914286,-0.409714,nan,nan,nan,nan,-0.0196935,-0.0865152,-0.0339956,nan,-0.245805,-7.14286e-05,-0.441207,-0.572254,nan,-1.06477,-0.529462,-0.618429,1.43847,0.579429,-1.26771,-0.0465714,-0.00892857,-0.5
3450,-26.918,797,-0.0368464,0.291667,0.0833333,0.0900046,0.89321,0.219731,-0.0112976,0.927798,5.92593e-05,0.0225294,0.264414,12323,0.639413,0.357746,-0.4,0.25,395.642,4.23936e+07,0.80586,0.0651227,0.51087,0.00179344,-0.615486,0.797,-0.419222,nan,nan,nan,nan,-0.0200859,-0.0871784,-0.0343012,nan,-0.213408,0,-0.390622,-0.49115,nan,-0.847432,-0.45719,-0.507,1.2682,0.568,-1.10267,-0.0464444,-0.0194444,-0.5
3451,-27.4464,1000,-0.0321416,0.333333,0,0.0884737,0.880841,0.233139,-0.0092379,0.922528,5.92593e-05,0.00831583,0.264322,13834.8,0.583908,0.304289,-0.4,0.25,396.531,4.24059e+07,1.09196,0.0868094,0.646663,0.00175913,-0.77552,1,-0.412362,nan,nan,nan,nan,-0.0209,-0.0952897,-0.0340297,nan,-0.266675,0,-0.491713,-0.606369,nan,-1.01411,-0.573244,-0.646125,1.59408,0.5875,-1.4105,-0.04675,0.0125,nan
3452,-36.6937,944.75,-0.0346762,0.375,0.125,0.0879227,0.877148,0.249695,-0.0100792,0.918107,5.92593e-05,0.0117774,0.264277,13818.2,0.580503,0.308762,-0.4,0.25,397.422,4.24182e+07,0.929645,0.0861737,0.580267,0.00175522,-0.720828,0.94475,-0.46315,nan,nan,nan,nan,-0.022753,-0.097396,-0.0373745,nan,-0.251413,0,-0.46793,-0.587555,nan,-1.20761,-0.542259,-0.613,1.48208,0.661667,-1.33833,-0.0526667,0.00625,-0.5
3453,-28.684,868.267,-0.0331504,0.5,0.125,0.0896694,0.866082,0.241035,-0.0101833,0.915609,5.92593e-05,0.00893504,0.264219,16158.5,0.508154,0.252315,-0.4,0.25,398.184,4.24305e+07,0.868721,0.0743791,0.566236,0.00156918,-0.672049,0.868267,-0.383413,nan,nan,nan,nan,-0.0202849,-0.0902192,-0.0318733,nan,-0.231884,0,-0.424743,-0.529623,nan,-0.943637,-0.502599,-0.5514,1.38105,0.515733,-1.25787,-0.0434667,0.01,-0.5
3454,-29.4037,787.75,-0.0336889,0.208333,0.125,0.0872701,0.87678,0.310407,-0.0100877,0.911754,5.92593e-05,0.0106869,0.264146,13774.5,0.54032,0.351761,-0.4,0.25,399.077,4.24428e+07,0.825226,0.0679014,0.482071,0.00145862,-0.609035,0.78775,-0.376337,nan,nan,nan,nan,-0.0187519,-0.0839009,-0.031318,nan,-0.208768,0,-0.392304,-0.474593,nan,-0.943191,-0.445222,-0.488625,1.26564,0.4875,-1.09,-0.03975,0.0015625,-0.5
3455,-27.3524,934.091,-0.0363079,0.75,0.166667,0.0892888,0.86541,0.286005,-0.00979298,0.907444,5.92593e-05,0.00867781,0.264066,12850.6,0.644741,0.311481,-0.4,0.25,400.035,4.2455e+07,0.937718,0.0809877,0.605371,0.00173878,-0.720275,0.934091,-0.404414,nan,nan,nan,nan,-0.0184301,-0.0828415,-0.0332273,nan,-0.248395,0,-0.456643,-0.554477,nan,-0.914785,-0.528984,-0.582818,1.49701,0.555636,-1.29109,-0.0466364,-0.00625,-0.5
3456,-31.5114,949.333,-0.0316931,0.416667,0.0833333,0.0857435,0.878988,0.228534,-0.0101684,0.903432,5.92593e-05,0.0136235,0.263997,13674,0.578639,0.320002,-0.4,0.25,400.935,4.24673e+07,0.931063,0.0844794,0.592884,0.00188555,-0.734228,0.949333,-0.476408,nan,nan,nan,nan,-0.0221285,-0.0991091,-0.0386216,nan,-0.252839,-0.00025,-0.466903,-0.572433,nan,-1.00835,-0.538343,-0.59925,1.50802,0.648,-1.32,-0.0571667,-0.021875,-0.5
3457,-28.724,909.222,-0.0330838,0.583333,0.166667,0.0859395,0.865323,0.306345,-0.00859081,0.901258,5.92593e-05,0.0115739,0.264012,13738.9,0.626962,0.267435,-0.4,0.25,401.831,4.24796e+07,0.918907,0.0859189,0.594021,0.0018553,-0.700696,0.909222,-0.435433,nan,nan,nan,nan,-0.0197903,-0.0862527,-0.0355892,nan,-0.243314,-5.55556e-05,-0.443907,-0.557004,nan,-0.947205,-0.521746,-0.574167,1.46015,0.597778,-1.27067,-0.0515556,-0.00555556,-0.5
3458,-27.3214,1000,-0.0318467,0.5,0,0.0872172,0.86782,0.248563,-0.00971243,0.90128,5.92593e-05,0.00838673,0.263995,15960.3,0.523989,0.245919,-0.4,0.25,402.602,4.24919e+07,0.986062,0.0829624,0.617901,0.00172516,-0.772202,1,-0.450808,nan,nan,nan,nan,-0.0213585,-0.09505,-0.0365868,nan,-0.265105,-0.0005,-0.4947,-0.605293,nan,-0.892577,-0.566868,-0.6265,1.60849,0.628333,-1.38733,-0.0516667,-0.025,nan
3459,-34.8512,1000,-0.0327291,1.125,0,0.089063,0.878886,0.257921,-0.00862709,0.898516,5.92593e-05,0.0123117,0.263938,14838.4,0.494148,0.333976,-0.4,0.25,403.432,4.25042e+07,0.965806,0.0845565,0.634876,0.00197151,-0.771277,1,-0.457485,nan,nan,nan,nan,-0.0221868,-0.102285,-0.037996,nan,-0.266973,0,-0.489229,-0.608978,nan,-1.21265,-0.574728,-0.633,1.59244,0.623852,-1.41096,-0.0541481,-0.00416667,nan
3460,-25.9791,900.667,-0.0352498,0.25,0.125,0.0889999,0.88036,0.279022,-0.0100694,0.894969,5.92593e-05,0.0135125,0.263857,11900,0.673796,0.358806,-0.4,0.25,404.466,4.25165e+07,0.90599,0.0884821,0.485832,0.0013431,-0.686073,0.900667,-0.411289,nan,nan,nan,nan,-0.0180812,-0.0765328,-0.0311434,nan,-0.23463,-0.000222222,-0.461123,-0.515504,nan,-0.723858,-0.495927,-0.542333,1.44167,0.561778,-1.23822,-0.0442222,-0.0388889,-0.5
3461,-27.4703,888.267,-0.0340921,0.5,0.125,0.0877881,0.873135,0.206016,-0.0104917,0.890938,5.92593e-05,0.00701857,0.263779,12229.5,0.653519,0.351263,-0.4,0.25,405.473,4.25288e+07,0.882354,0.0756232,0.612682,0.00180486,-0.692255,0.888267,-0.402933,nan,nan,nan,nan,-0.0180519,-0.0774646,-0.0338689,nan,-0.238384,-0.000133333,-0.427859,-0.542225,nan,-0.890768,-0.511631,-0.5654,1.41306,0.5504,-1.2328,-0.0489333,-0.015,-0.5
3462,-36.9688,889.385,-0.0337278,0.416667,0.125,0.0909153,0.872879,0.238412,-0.0110104,0.887111,5.92593e-05,0.0166925,0.263711,13261.5,0.624174,0.302421,-0.4,0.25,406.401,4.25411e+07,0.822371,0.0749937,0.557817,0.00189373,-0.68933,0.889385,-0.456331,nan,nan,nan,nan,-0.020317,-0.0871055,-0.0373867,nan,-0.237379,0,-0.433012,-0.539487,nan,-1.18075,-0.513851,-0.610615,1.4104,0.609538,-1.23477,-0.0504615,-0.00865385,-0.5
3463,-28.3872,764.833,-0.0365193,0.333333,0.166667,0.0906211,0.888851,0.239954,-0.00966428,0.883459,5.92593e-05,0.0117184,0.26364,14870.6,0.544853,0.281474,-0.4,0.25,407.229,4.25533e+07,0.790256,0.0637639,0.453996,0.00166614,-0.59171,0.764833,-0.390675,nan,nan,nan,nan,-0.0196767,-0.0851101,-0.0307264,nan,-0.202701,-8.33333e-05,-0.382034,-0.467743,nan,-0.858327,-0.435117,-0.49425,1.20966,0.547333,-1.08667,-0.0425,0.003125,-0.5
3464,-32.363,850.556,-0.0327633,0.291667,0.0833333,0.0893863,0.880281,0.267593,-0.0105755,0.879709,5.92593e-05,0.0127849,0.263569,16078.1,0.523486,0.240782,-0.4,0.25,407.994,4.25656e+07,0.819665,0.0680831,0.501756,0.00189128,-0.657069,0.850556,-0.4687,nan,nan,nan,nan,-0.0217754,-0.0958011,-0.0383815,nan,-0.225068,0,-0.42125,-0.533377,nan,-1.03911,-0.48299,-0.534333,1.35909,0.644,-1.16489,-0.0471111,-0.0222222,-0.5
3465,-37.0324,983.455,-0.0321317,0.333333,0.125,0.0881203,0.87734,0.228903,-0.00931166,0.876042,5.92593e-05,0.0101409,0.263511,15913.3,0.51006,0.262122,-0.4,0.25,408.768,4.25779e+07,0.965256,0.0897394,0.563863,0.00185664,-0.757329,0.983455,-0.498245,nan,nan,nan,nan,-0.0247387,-0.111995,-0.0410328,nan,-0.261207,-9.09091e-05,-0.489336,-0.57822,nan,-1.27964,-0.560506,-0.607364,1.55731,0.654182,-1.38436,-0.0554545,0.00227273,-0.5
3466,-28.0803,996.4,-0.0330679,0.375,0.0416667,0.0873074,0.881499,0.284655,-0.00995846,0.873277,5.92593e-05,0.0103003,0.263472,16126.4,0.512804,0.249176,-0.4,0.25,409.531,4.25902e+07,1.06152,0.0821035,0.660541,0.00189918,-0.763284,0.9964,-0.44194,nan,nan,nan,nan,-0.0219641,-0.101386,-0.0364593,nan,-0.264613,0,-0.480923,-0.594478,nan,-1.01556,-0.562997,-0.6057,1.59192,0.6108,-1.4132,-0.0542,-0.0025,-0.5
3467,-30.7525,889.417,-0.0303037,0.416667,0.0833333,0.0855765,0.874349,0.302185,-0.00986262,0.870658,5.92593e-05,0.0136076,0.263404,16214.5,0.503895,0.253943,-0.4,0.25,410.291,4.26025e+07,0.838764,0.0754452,0.554963,0.00177435,-0.69069,0.889417,-0.4294,nan,nan,nan,nan,-0.0220801,-0.101415,-0.0358085,nan,-0.236275,0,-0.434501,-0.542158,nan,-0.96806,-0.50883,-0.5695,1.43061,0.590333,-1.26067,-0.0476667,0.0114583,-0.5
3468,-31.7688,920.923,-0.0298802,0.458333,0.0833333,0.0849872,0.891466,0.228848,-0.00942356,0.866623,5.92593e-05,0.00921118,0.263318,16625.6,0.495129,0.243972,-0.4,0.25,411.031,4.26148e+07,0.885091,0.0877644,0.590263,0.00181885,-0.706909,0.920923,-0.435492,nan,nan,nan,nan,-0.0197573,-0.0854259,-0.0344207,nan,-0.244617,-0.000230769,-0.45434,-0.556785,nan,-1.1035,-0.52185,-0.570462,1.48638,0.584308,-1.27262,-0.0472308,-0.0144231,-0.5
3469,-30.6578,869.538,-0.0324671,0.416667,0.125,0.0862505,0.88416,0.241558,-0.00926408,0.862658,5.92593e-05,0.0135854,0.263278,15700.7,0.53614,0.2465,-0.4,0.25,411.815,4.26271e+07,0.844387,0.0732026,0.561126,0.00180795,-0.675204,0.869538,-0.406623,nan,nan,nan,nan,-0.0206262,-0.0933535,-0.0333553,nan,-0.231787,-0.000153846,-0.421059,-0.525056,nan,-1.00575,-0.49626,-0.552923,1.39701,0.576615,-1.23477,-0.0452308,0.000961538,-0.5
3470,-33.9413,1000,-0.0286219,0.625,0,0.0860971,0.88039,0.194593,-0.0100015,0.860007,5.92593e-05,0.0163899,0.263197,16522.5,0.497061,0.246651,-0.4,0.25,412.56,4.26394e+07,0.973703,0.0834291,0.628838,0.0022085,-0.769238,1,-0.530533,nan,nan,nan,nan,-0.022651,-0.102567,-0.0425392,nan,-0.264744,-0.000266667,-0.490218,-0.603308,nan,-1.2453,-0.562045,-0.6442,1.6002,0.735467,-1.3848,-0.0626667,0.00416667,nan
3471,-31.0924,944.118,-0.0342525,0.625,0.0833333,0.0885732,0.874419,0.297283,-0.00989748,0.855502,5.92593e-05,0.0120303,0.26313,16473.2,0.502112,0.243829,-0.4,0.25,413.307,4.26516e+07,0.977168,0.0830855,0.570437,0.00190953,-0.727986,0.944118,-0.471776,nan,nan,nan,nan,-0.0211455,-0.093457,-0.0386435,nan,-0.250537,-5.88235e-05,-0.467545,-0.566826,nan,-1.07418,-0.53335,-0.612,1.52176,0.633882,-1.30635,-0.054,-0.0102941,-0.5
3472,-32.9501,868,-0.0325965,0.375,0.125,0.0878835,0.889161,0.243534,-0.010619,0.852388,5.92593e-05,0.0115543,0.26307,16031.6,0.504376,0.262111,-0.4,0.25,414.075,4.26639e+07,0.842238,0.0761272,0.544024,0.00197009,-0.66562,0.868,-0.437075,nan,nan,nan,nan,-0.0219584,-0.0936904,-0.036615,nan,-0.231875,-0.00116667,-0.421605,-0.529319,nan,-1.05221,-0.495909,-0.575,1.36688,0.607667,-1.23367,-0.0493333,0.015625,-0.5
3473,-28.4098,772.273,-0.0329043,0.291667,0.166667,0.0876648,0.891299,0.255498,-0.0107897,0.848655,5.92593e-05,0.0111315,0.262979,15483,0.527705,0.265941,-0.4,0.25,414.87,4.26762e+07,0.752838,0.0688585,0.470798,0.00167503,-0.583179,0.772273,-0.378,nan,nan,nan,nan,-0.0187895,-0.0830023,-0.0316682,nan,-0.206119,0,-0.375654,-0.463581,nan,-0.856231,-0.440065,-0.497455,1.24386,0.517455,-1.09091,-0.0383636,-0.00340909,-0.5
3474,-31.4669,1000,-0.030201,0.333333,0,0.088885,0.877087,0.273811,-0.010196,0.844788,5.92593e-05,0.0122286,0.262928,15624.5,0.523925,0.262533,-0.4,0.25,415.658,4.26885e+07,0.998403,0.0811702,0.625604,0.00209696,-0.770242,1,-0.476925,nan,nan,nan,nan,-0.0218983,-0.0938974,-0.0397425,nan,-0.265852,0,-0.490343,-0.604438,nan,-1.05697,-0.56921,-0.64725,1.61428,0.6365,-1.4155,-0.05725,-0.021875,nan
3475,-29.0355,782.214,-0.0338429,0.375,0.208333,0.0861521,0.875303,0.283139,-0.00975448,0.842718,5.92593e-05,0.013338,0.2629,15966.9,0.526032,0.243562,-0.4,0.25,416.429,4.27008e+07,0.810355,0.0684187,0.473636,0.00183003,-0.596667,0.782214,-0.397021,nan,nan,nan,nan,-0.020082,-0.084951,-0.031846,nan,-0.206705,-0.000857143,-0.387875,-0.462025,nan,-0.954252,-0.436247,-0.459,1.2513,0.534571,-1.10686,-0.0475714,-0.00357143,-0.5
3476,-24.5595,954.929,-0.0297016,0.541667,0.0416667,0.0855838,0.870781,0.268033,-0.00888872,0.840575,5.92593e-05,0.0151533,0.262863,16159.5,0.503211,0.25721,-0.4,0.25,417.19,4.27131e+07,1.00155,0.0847655,0.655239,0.00178189,-0.72973,0.954929,-0.405043,nan,nan,nan,nan,-0.0184637,-0.0837472,-0.0335722,nan,-0.253388,-0.000214286,-0.458016,-0.58665,nan,-0.987569,-0.541445,-0.6,1.53687,0.557143,-1.32629,-0.0425714,0.0116071,-0.5
3477,-22.7967,966.611,-0.0310311,0.708333,0.0416667,0.085205,0.87306,0.290786,-0.00972606,0.837486,5.92593e-05,0.00980748,0.262801,15859,0.513663,0.261163,-0.4,0.25,417.967,4.27254e+07,0.990496,0.0879601,0.606311,0.00174095,-0.734162,0.966611,-0.396283,nan,nan,nan,nan,-0.0178952,-0.0767002,-0.0320606,nan,-0.253976,0,-0.48042,-0.551032,nan,-0.846801,-0.533402,-0.555833,1.55747,0.544667,-1.34022,-0.0464444,-0.00208333,-0.5
3478,-31.0677,974.5,-0.0319811,0.375,0.0416667,0.0849835,0.865463,0.3098,-0.0107197,0.833989,5.92593e-05,0.0118929,0.262733,15548.9,0.522905,0.267376,-0.4,0.25,418.758,4.27377e+07,0.943821,0.0895358,0.602995,0.00179061,-0.741252,0.9745,-0.45022,nan,nan,nan,nan,-0.0199251,-0.0864109,-0.0362124,nan,-0.257286,0,-0.482247,-0.57125,nan,-1.0527,-0.546491,-0.5994,1.54272,0.6148,-1.3504,-0.051,-0.02875,-0.5
3479,-29.02,768.667,-0.0344089,0.416667,0.208333,0.0888661,0.87257,0.241486,-0.0105846,0.83029,5.92593e-05,0.0065277,0.262675,14793.2,0.555325,0.275328,-0.4,0.25,419.59,4.275e+07,0.784226,0.0694765,0.469657,0.00157865,-0.589048,0.768667,-0.354273,nan,nan,nan,nan,-0.0187832,-0.0852519,-0.029213,nan,-0.203163,-0.000333333,-0.378592,-0.462672,nan,-0.953793,-0.433718,-0.4646,1.23144,0.492267,-1.08827,-0.0382667,-0.00166667,-0.5
3480,-25.2865,876.294,-0.0308447,0.583333,0.125,0.0848957,0.885191,0.204136,-0.00959019,0.826896,5.92593e-05,0.00903401,0.262619,15161.1,0.552386,0.258109,-0.4,0.25,420.402,4.27622e+07,0.926425,0.0774976,0.566352,0.00186241,-0.67778,0.876294,-0.402465,nan,nan,nan,nan,-0.020022,-0.0841468,-0.0324086,nan,-0.232112,-5.88235e-05,-0.429648,-0.535032,nan,-0.846308,-0.498731,-0.541412,1.42516,0.557647,-1.25271,-0.042,-0.0125,-0.5
3481,-28.909,870.133,-0.0316143,0.458333,0.166667,0.0852701,0.86527,0.299125,-0.00988915,0.823756,5.92593e-05,0.00733781,0.262574,16383.7,0.504359,0.245653,-0.4,0.25,421.154,4.27745e+07,0.878054,0.0738391,0.551533,0.00195285,-0.670597,0.870133,-0.424327,nan,nan,nan,nan,-0.0198662,-0.0819301,-0.034755,nan,-0.229907,-0.0002,-0.428044,-0.528575,nan,-0.952912,-0.49176,-0.5562,1.40355,0.5848,-1.19253,-0.0485333,-0.0158333,-0.5
3482,-27.6227,955.571,-0.0312851,0.541667,0.0416667,0.089116,0.865561,0.278326,-0.00831389,0.821658,5.92593e-05,0.00879264,0.262556,16467.8,0.503424,0.242757,-0.4,0.25,421.901,4.27868e+07,0.939008,0.0890727,0.576495,0.00167602,-0.726954,0.955571,-0.424293,nan,nan,nan,nan,-0.0182505,-0.0804248,-0.0335766,nan,-0.249699,0,-0.479619,-0.544483,nan,-0.994717,-0.528603,-0.588643,1.55341,0.592571,-1.328,-0.0461429,-0.00982143,-0.5
3483,-37.9021,925.375,-0.0313504,0.291667,0.0416667,0.0871564,0.871981,0.233098,-0.00958403,0.820029,5.92593e-05,0.00908727,0.262528,16702.4,0.48922,0.246482,-0.4,0.25,422.638,4.27991e+07,0.857531,0.0747508,0.594278,0.00244232,-0.712735,0.925375,-0.499675,nan,nan,nan,nan,-0.0223124,-0.0949711,-0.0401958,nan,-0.246734,-0.000125,-0.447116,-0.560046,nan,-1.25569,-0.53584,-0.607875,1.48521,0.6565,-1.345,-0.05725,-0.003125,-0.5
3484,-30.0014,828.917,-0.0295468,0.375,0.125,0.0832735,0.880112,0.321524,-0.00978973,0.818105,5.92593e-05,0.0151649,0.2625,15960.6,0.519051,0.250844,-0.4,0.25,423.41,4.28114e+07,0.844548,0.0778165,0.504282,0.00177924,-0.635017,0.828917,-0.43145,nan,nan,nan,nan,-0.020908,-0.0922043,-0.0358161,nan,-0.218438,0,-0.411592,-0.504529,nan,-1.00752,-0.471069,-0.524,1.32851,0.575333,-1.16833,-0.0476667,0.0322917,-0.5
3485,-27.398,897.778,-0.0310295,0.625,0.125,0.0860263,0.875891,0.22978,-0.00991967,0.816192,5.92593e-05,0.00830439,0.262475,15518.3,0.526694,0.265147,-0.4,0.25,424.203,4.28237e+07,0.920813,0.0781386,0.601852,0.00210511,-0.686498,0.897778,-0.432833,nan,nan,nan,nan,-0.0205908,-0.0900221,-0.0354641,nan,-0.239288,0,-0.436985,-0.540185,nan,-0.932592,-0.513085,-0.5625,1.43184,0.606444,-1.26267,-0.0492222,-0.0236111,-0.5
3486,-36.2583,973.737,-0.0301709,0.75,0.0416667,0.0861036,0.869871,0.230955,-0.00893208,0.813848,5.92593e-05,0.00851173,0.262431,15544.9,0.521063,0.269423,-0.4,0.25,424.995,4.2836e+07,0.900279,0.083343,0.585066,0.00207422,-0.743934,0.973737,-0.501579,nan,nan,nan,nan,-0.0226925,-0.0971551,-0.0408112,nan,-0.25755,-0.000210526,-0.484975,-0.576583,nan,-1.25034,-0.55004,-0.625579,1.55306,0.693684,-1.35832,-0.0503158,-0.0177632,-0.5
3487,-28.276,924.615,-0.0302656,0.458333,0.0833333,0.0853336,0.863713,0.222252,-0.0098059,0.810308,5.92593e-05,0.0148858,0.262355,15761.2,0.497296,0.282342,-0.4,0.25,425.776,4.28483e+07,0.949156,0.0764019,0.570617,0.00182296,-0.707559,0.924615,-0.444662,nan,nan,nan,nan,-0.0197939,-0.0837955,-0.0352658,nan,-0.242767,0,-0.461374,-0.549829,nan,-0.93465,-0.513457,-0.558,1.48166,0.608615,-1.30923,-0.0509231,-0.0384615,-0.5
3488,-29.6071,948.188,-0.0311611,0.625,0.0416667,0.0872824,0.867672,0.243488,-0.00920451,0.805653,5.92593e-05,0.0106166,0.262261,15704.1,0.516031,0.26644,-0.4,0.25,426.559,4.28605e+07,0.921394,0.0798842,0.625311,0.00218602,-0.723547,0.948187,-0.464231,nan,nan,nan,nan,-0.0210869,-0.0939264,-0.0383961,nan,-0.25074,0,-0.461131,-0.572625,nan,-1.01468,-0.536214,-0.613125,1.52483,0.642,-1.3265,-0.05325,-0.0234375,-0.5
3489,-28.2104,798,-0.0347614,0.541667,0.25,0.0852118,0.859611,0.337428,-0.00947288,0.801894,5.92593e-05,0.0122429,0.262244,16138.6,0.512023,0.24938,-0.4,0.25,427.322,4.28728e+07,0.74527,0.065867,0.520784,0.00150429,-0.60823,0.798,-0.330932,nan,nan,nan,nan,-0.0173908,-0.0746715,-0.0276195,nan,-0.211212,0,-0.387959,-0.48709,nan,-0.8123,-0.458729,-0.513789,1.27966,0.449684,-1.13242,-0.0378947,-0.0131579,-0.5
3490,-30.185,766.062,-0.0345774,0.416667,0.25,0.085813,0.867413,0.275293,-0.0099661,0.800242,5.92593e-05,0.0118324,0.262191,15726.3,0.528782,0.252586,-0.4,0.25,428.105,4.28851e+07,0.751089,0.0686955,0.484491,0.00178627,-0.588234,0.766062,-0.388894,nan,nan,nan,nan,-0.0198996,-0.0856691,-0.0320485,nan,-0.203924,-0.0001875,-0.376793,-0.467018,nan,-0.937174,-0.439698,-0.488813,1.21238,0.5415,-1.07925,-0.0425,0.00234375,-0.5
3491,-27.6554,890.545,-0.0309205,0.375,0.0833333,0.0873923,0.890571,0.267027,-0.00968188,0.797129,5.92593e-05,0.0110493,0.262142,15953.1,0.510464,0.259793,-0.4,0.25,428.876,4.28974e+07,0.897498,0.080794,0.584897,0.00197159,-0.68328,0.890545,-0.4425,nan,nan,nan,nan,-0.0199088,-0.0828055,-0.0347305,nan,-0.235653,0,-0.438545,-0.524888,nan,-0.958107,-0.498893,-0.547364,1.44243,0.600364,-1.26691,-0.0465455,-0.0102273,-0.5
3492,-26.0977,1000,-0.0281663,0.5,0,0.0868464,0.878741,0.324759,-0.0108869,0.793389,5.92593e-05,0.00921615,0.262036,15922.2,0.516617,0.255137,-0.4,0.25,429.649,4.29097e+07,1.03579,0.104239,0.595659,0.00155631,-0.750113,1,-0.419408,nan,nan,nan,nan,-0.0191832,-0.0867862,-0.0327599,nan,-0.259631,0,-0.505779,-0.560283,nan,-1.07323,-0.541963,-0.598,1.64326,0.583333,-1.377,-0.0466667,0.00208333,nan
3493,-19.587,494.5,-0.0320602,0.0833333,0.166667,0.0855138,0.874928,0.248573,-0.0110445,0.788363,5.92593e-05,0.012088,0.261988,15503.6,0.538268,0.254324,-0.4,0.25,430.443,4.2922e+07,0.557362,0.044843,0.327229,0.00123228,-0.380587,0.4945,-0.2442,nan,nan,nan,nan,-0.0115273,-0.0433988,-0.0184369,nan,-0.130483,-0.0005,-0.242027,-0.294221,nan,-0.453112,-0.282157,-0.312,0.800966,0.316,-0.720667,-0.0256667,-0.0291667,-0.5
3494,-28.1664,901.5,-0.0320801,0.5,0.0833333,0.0867775,0.893191,0.311929,-0.00965714,0.785681,5.92593e-05,0.00668207,0.261933,16620.3,0.492776,0.246563,-0.4,0.25,431.184,4.29343e+07,0.864329,0.0809695,0.575125,0.00165738,-0.680898,0.9015,-0.36875,nan,nan,nan,nan,-0.0175162,-0.0760232,-0.0296025,nan,-0.236492,0,-0.445852,-0.533954,nan,-0.986578,-0.499427,-0.5355,1.46848,0.513143,-1.27486,-0.0441429,-0.0125,-0.5
3495,-18.7076,822.923,-0.0337654,0.333333,0.208333,0.0874495,0.878233,0.327759,-0.00912984,0.782174,5.92593e-05,0.0113188,0.261886,16656.6,0.495036,0.24269,-0.4,0.25,431.923,4.29466e+07,0.92207,0.0805858,0.592403,0.00137456,-0.62339,0.822923,-0.276392,nan,nan,nan,nan,-0.0129324,-0.055263,-0.0217326,nan,-0.217144,0,-0.397414,-0.483803,nan,-0.666819,-0.454516,-0.501,1.33948,0.377231,-1.128,-0.0301538,-0.0105769,-0.5
3496,-27.4476,843.421,-0.0343479,0.583333,0.208333,0.0859255,0.881704,0.242199,-0.0101703,0.779257,5.92593e-05,0.0156344,0.261827,16881.6,0.489168,0.238724,-0.4,0.25,432.652,4.29588e+07,0.853566,0.0738145,0.539867,0.00150766,-0.644898,0.843421,-0.381158,nan,nan,nan,nan,-0.018186,-0.0773891,-0.0309791,nan,-0.222088,0,-0.412792,-0.502482,nan,-0.902167,-0.473179,-0.522316,1.34934,0.537895,-1.18379,-0.0411579,-0.0276316,-0.5
3497,-32.5661,1000,-0.0271285,0.708333,0,0.0858017,0.871505,0.256914,-0.00909266,0.776195,5.92593e-05,0.0134379,0.261766,16708.3,0.490427,0.245015,-0.4,0.25,433.389,4.29711e+07,1.00365,0.086403,0.641366,0.00208461,-0.757418,1,-0.499312,nan,nan,nan,nan,-0.0208325,-0.0894485,-0.0394364,nan,-0.262338,-0.000235294,-0.493866,-0.587311,nan,-1.24072,-0.554128,-0.634235,1.61004,0.684235,-1.38753,-0.0605882,-0.0286765,nan
3498,-30.5661,902,-0.034739,0.583333,0.208333,0.089649,0.881178,0.284252,-0.0102954,0.771609,5.92593e-05,0.0161824,0.261617,16641.2,0.491129,0.247277,-0.4,0.25,434.129,4.29834e+07,0.924478,0.080938,0.570953,0.00199237,-0.68734,0.902,-0.458379,nan,nan,nan,nan,-0.0210582,-0.0903288,-0.0363557,nan,-0.236321,0,-0.446237,-0.532379,nan,-1.14447,-0.504241,-0.551368,1.45937,0.630737,-1.27242,-0.0517895,0.00526316,-0.5
3499,-28.5171,953.625,-0.0311009,0.541667,0.125,0.0885955,0.878525,0.311134,-0.00937777,0.764182,5.92593e-05,0.00926954,0.261483,16249.4,0.497072,0.259143,-0.4,0.25,434.886,4.29957e+07,0.937876,0.0942076,0.586673,0.00162029,-0.719138,0.953625,-0.443062,nan,nan,nan,nan,-0.0196908,-0.086915,-0.0353534,nan,-0.25024,0,-0.474604,-0.547435,nan,-0.987244,-0.528574,-0.5685,1.54371,0.608,-1.33075,-0.049125,-0.0171875,-0.5
3500,-30.7879,999.708,-0.0316552,0.958333,0.0416667,0.0883445,0.888326,0.253129,-0.00881524,0.758681,5.92593e-05,0.0122976,0.261386,11592.5,0.693993,0.366005,-0.4,0.25,435.948,4.3008e+07,1.01557,0.0879246,0.665521,0.00199797,-0.759769,0.999708,-0.468475,nan,nan,nan,nan,-0.0213362,-0.0969344,-0.0379669,nan,-0.263976,0,-0.487523,-0.608955,nan,-1.09505,-0.562785,-0.64975,1.60503,0.645833,-1.399,-0.0563333,-0.0322917,-0.5
3501,-24.4118,785.125,-0.0335221,0.208333,0.125,0.0877458,0.879359,0.310565,-0.00884787,0.754813,5.92593e-05,0.0159742,0.261323,14043.8,0.568287,0.306692,-0.4,0.25,438.7,4.30203e+07,0.833538,0.0616914,0.565712,0.00185604,-0.591695,0.785125,-0.3955,nan,nan,nan,nan,-0.0177452,-0.0749794,-0.0316875,nan,-0.207326,0,-0.375824,-0.469242,nan,-0.807495,-0.440914,-0.49575,1.2399,0.518,-1.105,-0.05075,0.025,-0.5
3502,-19.6626,897.889,-0.0268401,0.333333,0.0416667,0.0868308,0.871586,0.263293,-0.00997058,0.751659,5.92593e-05,0.0115141,0.261254,14709,0.541587,0.293819,-0.4,0.25,439.537,4.30326e+07,0.960508,0.0932406,0.543664,0.00132308,-0.678709,0.897889,-0.352311,nan,nan,nan,nan,-0.0168047,-0.0695965,-0.0278484,nan,-0.233124,0,-0.453697,-0.511399,nan,-0.728604,-0.491539,-0.545333,1.46232,0.485333,-1.236,-0.038,0.0111111,-0.5
3503,-26.9977,880.833,-0.0308092,0.416667,0.0833333,0.0859854,0.869366,0.278396,-0.00941529,0.747988,5.92593e-05,0.00964814,0.261177,11737.9,0.615644,0.431219,-0.4,0.25,440.585,4.30449e+07,0.864291,0.0693884,0.588623,0.00196197,-0.671868,0.880833,-0.434025,nan,nan,nan,nan,-0.0208815,-0.0920746,-0.0363739,nan,-0.233305,-0.000166667,-0.427638,-0.529302,nan,-0.929834,-0.501302,-0.54525,1.4302,0.611,-1.224,-0.046,-0.0208333,-0.5
3504,-28.8508,849.312,-0.0332333,0.541667,0.125,0.0881072,0.865704,0.237595,-0.0100639,0.743021,5.92593e-05,0.00895705,0.261064,13056.2,0.630866,0.310293,-0.4,0.25,441.528,4.30572e+07,0.821996,0.0709287,0.532149,0.00173624,-0.643727,0.849312,-0.415456,nan,nan,nan,nan,-0.0200478,-0.0908811,-0.0333244,nan,-0.224413,-6.25e-05,-0.419529,-0.511717,nan,-0.954103,-0.478043,-0.51975,1.34936,0.56925,-1.18725,-0.046,0.00078125,-0.5
3505,-29.038,931.889,-0.0307509,0.291667,0.0833333,0.0878264,0.874288,0.322749,-0.00976406,0.738191,5.92593e-05,0.0121984,0.260998,13009.4,0.638978,0.305568,-0.4,0.25,442.474,4.30694e+07,0.906877,0.0895119,0.57027,0.00145399,-0.703454,0.931889,-0.396733,nan,nan,nan,nan,-0.0188932,-0.0835424,-0.030106,nan,-0.242881,-0.000333333,-0.469382,-0.54121,nan,-0.973805,-0.512158,-0.582667,1.51515,0.542222,-1.30356,-0.0422222,0.00277778,-0.5
3506,-32.2478,906,-0.0338002,0.25,0.125,0.0865112,0.875983,0.278006,-0.00985188,0.735558,8.88889e-05,0.00463242,0.260973,13987.6,0.582414,0.296079,-0.4,0.25,443.353,4.30817e+07,0.920562,0.0858028,0.55143,0.00181103,-0.687292,0.906,-0.453156,nan,nan,nan,nan,-0.0207406,-0.0847455,-0.0359155,nan,-0.236197,0,-0.452978,-0.526425,nan,-1.05278,-0.500349,-0.594333,1.45741,0.608,-1.25822,-0.0555556,-0.0180556,-0.5
3507,-33.717,1000,-0.0304746,0.333333,0,0.0867724,0.874498,0.213576,-0.00918339,0.733441,8.88889e-05,0.00997729,0.260913,12297.8,0.619881,0.379322,-0.4,0.25,444.354,4.3094e+07,0.9426,0.103112,0.524951,0.00159702,-0.74935,1,-0.50445,nan,nan,nan,nan,-0.022841,-0.101372,-0.0399451,nan,-0.258534,0,-0.516855,-0.549692,nan,-1.1792,-0.543431,-0.61725,1.62056,0.6885,-1.408,-0.05125,-0.025,nan
3508,-24.5586,860.909,-0.0300247,0.375,0.0833333,0.0872337,0.877351,0.234792,-0.0115837,0.729724,8.88889e-05,0.0125303,0.260882,11808.7,0.669247,0.371338,-0.4,0.25,445.396,4.31063e+07,0.899072,0.0719586,0.612,0.00187088,-0.652607,0.860909,-0.406509,nan,nan,nan,nan,-0.0168321,-0.0705587,-0.0328355,nan,-0.227766,-0.000181818,-0.41374,-0.517243,nan,-0.899625,-0.483584,-0.539727,1.39352,0.546182,-1.184,-0.0534545,-0.0238636,-0.5
3509,-28.1207,1000,-0.0304147,0.416667,0,0.0886627,0.861524,0.245814,-0.010806,0.726729,8.88889e-05,0.0135956,0.260814,12826.7,0.632657,0.325345,-0.4,0.25,446.356,4.31186e+07,0.946357,0.084931,0.666926,0.00161481,-0.751558,1,-0.38593,nan,nan,nan,nan,-0.0186121,-0.0838486,-0.0324118,nan,-0.263354,-0.0001,-0.484437,-0.60455,nan,-1.08544,-0.55942,-0.6279,1.59705,0.54,-1.394,-0.0474,-0.0125,nan
3510,-24.1859,881.6,-0.0328252,0.458333,0.166667,0.0877105,0.866412,0.324777,-0.0113545,0.722065,8.88889e-05,0.0122864,0.260715,13927.9,0.613726,0.268532,-0.4,0.25,447.24,4.31309e+07,0.883019,0.0806643,0.597718,0.0015697,-0.660443,0.8816,-0.355167,nan,nan,nan,nan,-0.0161139,-0.0679826,-0.0281953,nan,-0.23088,0,-0.43374,-0.521708,nan,-0.807345,-0.490521,-0.5352,1.42956,0.472267,-1.22107,-0.0406667,-0.0133333,-0.5
3511,-26.3402,929.857,-0.0286697,0.5,0.0833333,0.0857209,0.8654,0.240483,-0.0102953,0.717106,8.88889e-05,0.015692,0.260619,14007.6,0.554776,0.322464,-0.4,0.25,448.118,4.31432e+07,0.986759,0.085315,0.600746,0.00160374,-0.698926,0.929857,-0.421057,nan,nan,nan,nan,-0.0194048,-0.0872001,-0.0338089,nan,-0.244263,0,-0.459372,-0.549237,nan,-0.955601,-0.515155,-0.571714,1.48038,0.576,-1.272,-0.0481429,-0.0303571,-0.5
3512,-28.2125,904.158,-0.0316119,0.666667,0.125,0.0881846,0.856845,0.261981,-0.0110733,0.712638,8.88889e-05,0.0170513,0.260551,12555.7,0.634055,0.344622,-0.4,0.25,449.099,4.31555e+07,0.900259,0.079985,0.579701,0.0018242,-0.683842,0.904158,-0.438284,nan,nan,nan,nan,-0.0204822,-0.0860534,-0.0352823,nan,-0.237009,-0.000473684,-0.446188,-0.534981,nan,-0.949074,-0.506088,-0.587368,1.44847,0.595579,-1.252,-0.0566316,-0.00789474,-0.5
3513,-30.1443,874.882,-0.0328213,0.541667,0.166667,0.0851851,0.856992,0.266293,-0.00920804,0.708962,8.88889e-05,0.0134777,0.260507,12203.6,0.641436,0.365479,-0.4,0.25,450.107,4.31677e+07,0.886212,0.074286,0.555954,0.00156165,-0.659132,0.874882,-0.399447,nan,nan,nan,nan,-0.0173229,-0.0767823,-0.0311268,nan,-0.228768,0,-0.431275,-0.527866,nan,-1.06781,-0.483709,-0.537353,1.40831,0.558824,-1.21482,-0.0462353,-0.0279412,-0.5
3514,-32.0176,886.818,-0.0280997,0.375,0.0833333,0.08676,0.852082,0.22493,-0.0101591,0.705562,8.88889e-05,0.00578151,0.260445,13255.6,0.636902,0.2901,-0.4,0.25,451.036,4.318e+07,0.875007,0.0769637,0.547229,0.00159217,-0.665458,0.886818,-0.427255,nan,nan,nan,nan,-0.0206031,-0.0875601,-0.0348967,nan,-0.232847,0,-0.44048,-0.534286,nan,-1.07801,-0.495996,-0.566727,1.419,0.577818,-1.26218,-0.0503636,0.00227273,-0.5
3515,-23.9395,937.5,-0.0298956,0.375,0.0416667,0.0886451,0.857894,0.272192,-0.009974,0.699799,8.88889e-05,0.0131805,0.260314,14214.6,0.537426,0.327039,-0.4,0.25,451.902,4.31923e+07,0.965089,0.0953094,0.564466,0.00149094,-0.709737,0.9375,-0.43915,nan,nan,nan,nan,-0.0194066,-0.0838632,-0.0341783,nan,-0.243471,0,-0.471801,-0.537617,nan,-0.828181,-0.514243,-0.5841,1.52417,0.6088,-1.3104,-0.0514,-0.01625,-0.5
3516,-30.9923,960.273,-0.0292555,0.375,0.0833333,0.088327,0.851521,0.213974,-0.0112547,0.693021,8.88889e-05,0.0114197,0.260216,13327.6,0.605518,0.31648,-0.4,0.25,452.825,4.32046e+07,0.930576,0.0814321,0.605716,0.00204268,-0.725154,0.960273,-0.468936,nan,nan,nan,nan,-0.0216537,-0.0997938,-0.0391992,nan,-0.252841,-0.000181818,-0.470848,-0.570614,nan,-1.02852,-0.540763,-0.623727,1.52226,0.640364,-1.31418,-0.0529091,0.00795455,-0.5
3517,-32.4008,1000,-0.0255727,0.375,0,0.0862452,0.847012,0.219595,-0.0106105,0.688219,8.88889e-05,0.0187969,0.260123,12888.6,0.602516,0.350888,-0.4,0.25,453.78,4.32169e+07,1.01043,0.0886787,0.680826,0.00178687,-0.751003,1,-0.486889,nan,nan,nan,nan,-0.0209578,-0.0942705,-0.0381465,nan,-0.262456,0,-0.485465,-0.614462,nan,-1.28331,-0.553427,-0.623667,1.59407,0.655111,-1.37067,-0.0551111,-0.0111111,nan
3518,-31.5324,887.824,-0.0303679,0.583333,0.125,0.0868704,0.837358,0.282653,-0.0120727,0.682587,8.88889e-05,0.00853978,0.260011,12981.2,0.639479,0.30712,-0.4,0.25,454.728,4.32292e+07,0.862183,0.0761611,0.584405,0.00200086,-0.670696,0.887824,-0.444112,nan,nan,nan,nan,-0.0217589,-0.0957969,-0.0366988,nan,-0.234486,0,-0.43196,-0.535612,nan,-1.0326,-0.505135,-0.573529,1.40684,0.588,-1.25435,-0.0561176,-0.00294118,-0.5
3519,-32.7866,968,-0.0303234,0.541667,0.0416667,0.0867727,0.850319,0.301237,-0.0103181,0.677533,8.88889e-05,0.00752154,0.25995,14034.9,0.568895,0.30664,-0.4,0.25,455.605,4.32415e+07,0.944021,0.0875373,0.642575,0.00177942,-0.731612,0.968,-0.446764,nan,nan,nan,nan,-0.0204513,-0.0917976,-0.0356479,nan,-0.255455,0,-0.469486,-0.583788,nan,-1.20415,-0.542528,-0.6105,1.55262,0.611143,-1.34629,-0.0522857,-0.0205357,-0.5
3520,-24.0562,972.4,-0.0278451,0.375,0.0416667,0.0853695,0.854226,0.246398,-0.0110476,0.674246,8.88889e-05,0.012487,0.259869,13542.3,0.580392,0.326986,-0.4,0.25,456.513,4.32538e+07,0.998747,0.0843923,0.666096,0.00146473,-0.73082,0.9724,-0.39575,nan,nan,nan,nan,-0.0181443,-0.0828048,-0.0318817,nan,-0.255591,0,-0.471276,-0.579724,nan,-0.940181,-0.540121,-0.5679,1.57223,0.5484,-1.3104,-0.0432,-0.02875,-0.5
3521,-29.4667,971,-0.0311257,0.666667,0.0833333,0.0860179,0.853296,0.243367,-0.00965678,0.668802,8.88889e-05,0.0171322,0.259757,14001.5,0.562485,0.315138,-0.4,0.25,457.392,4.3266e+07,0.940893,0.0898698,0.605765,0.0018149,-0.731939,0.971,-0.448544,nan,nan,nan,nan,-0.0200053,-0.0877672,-0.0358702,nan,-0.253877,-5.55556e-05,-0.484637,-0.554176,nan,-1.02587,-0.541823,-0.608833,1.57022,0.606667,-1.34844,-0.0496667,-0.0125,-0.5
3522,-34.7619,929.417,-0.0247817,0.458333,0.0416667,0.0830083,0.848002,0.215723,-0.0104628,0.662427,5.92593e-05,0.0203907,0.259613,14756,0.57232,0.260426,-0.4,0.25,458.227,4.32783e+07,0.878186,0.0867294,0.552438,0.00190189,-0.698691,0.929417,-0.512808,nan,nan,nan,nan,-0.0230033,-0.109123,-0.0406286,nan,-0.244166,0,-0.464782,-0.544549,nan,-1.22265,-0.521648,-0.60775,1.49274,0.700667,-1.28533,-0.0581667,-0.00520833,-0.5
3523,-27.1673,935.625,-0.0275873,0.291667,0.0416667,0.0845433,0.866438,0.24504,-0.00913008,0.656737,5.92593e-05,0.0104413,0.25956,12864.7,0.602777,0.352397,-0.4,0.25,459.183,4.32906e+07,0.989826,0.0852964,0.576388,0.00164335,-0.705866,0.935625,-0.45365,nan,nan,nan,nan,-0.0203655,-0.092475,-0.0356825,nan,-0.244719,0,-0.466976,-0.573974,nan,-1.00314,-0.51491,-0.577125,1.49549,0.6385,-1.301,-0.05375,0.025,-0.5
3524,-24.7204,924.083,-0.0269577,0.458333,0.0416667,0.0856724,0.842258,0.253651,-0.00992381,0.653811,5.92593e-05,0.00951182,0.259482,13345.9,0.581414,0.339316,-0.4,0.25,460.105,4.33029e+07,0.964742,0.0757511,0.604131,0.00178231,-0.68647,0.924083,-0.407217,nan,nan,nan,nan,-0.0191482,-0.0839977,-0.0329589,nan,-0.241759,-0.00025,-0.455279,-0.549432,nan,-0.875466,-0.514548,-0.5935,1.47714,0.558667,-1.28867,-0.0488333,-0.003125,-0.5
3525,-28.6274,824.6,-0.027236,0.166667,0.0416667,0.0842529,0.839958,0.264024,-0.0106513,0.650045,5.92593e-05,0.00745853,0.259438,13430.1,0.580322,0.334636,-0.4,0.25,461.021,4.33152e+07,0.80268,0.0856239,0.474684,0.00149298,-0.61018,0.8246,-0.40208,nan,nan,nan,nan,-0.017351,-0.0768099,-0.0302862,nan,-0.211239,0,-0.421606,-0.474844,nan,-1.00326,-0.449338,-0.4626,1.36165,0.5096,-1.156,-0.0536,-0.0225,-0.5
3526,-30.1869,999.231,-0.0291687,0.5,0.0416667,0.0860666,0.842489,0.245043,-0.0104068,0.648348,5.92593e-05,0.00773624,0.25943,15867.5,0.532438,0.241976,-0.4,0.25,461.797,4.33275e+07,0.975087,0.0939843,0.607347,0.00185453,-0.749114,0.999231,-0.479808,nan,nan,nan,nan,-0.021196,-0.092376,-0.0385747,nan,-0.259554,0,-0.498985,-0.587498,nan,-1.01786,-0.555212,-0.638538,1.61433,0.656923,-1.40369,-0.058,-0.0192308,-0.5
3527,-23.6231,950.682,-0.0296605,0.791667,0.125,0.0863872,0.851895,0.262561,-0.0103754,0.646694,5.92593e-05,0.0144406,0.259361,16845.5,0.486145,0.243306,-0.4,0.25,462.528,4.33398e+07,0.983141,0.0926736,0.606966,0.00163233,-0.709075,0.950682,-0.411882,nan,nan,nan,nan,-0.0177562,-0.0766914,-0.0324623,nan,-0.246706,0,-0.471084,-0.545685,nan,-0.86582,-0.519345,-0.596455,1.56601,0.565636,-1.31836,-0.0496364,-0.01875,-0.5
3528,-29.6368,927.188,-0.0298781,0.5,0.166667,0.0841032,0.862274,0.282019,-0.00954952,0.643473,5.92593e-05,0.0121531,0.259331,16070.7,0.489217,0.275406,-0.4,0.25,463.294,4.33521e+07,0.896379,0.0878065,0.574782,0.00146018,-0.69259,0.927187,-0.370069,nan,nan,nan,nan,-0.0177586,-0.0767665,-0.0297195,nan,-0.241035,0,-0.463905,-0.537853,nan,-0.943502,-0.515145,-0.564188,1.48689,0.48875,-1.31,-0.03725,-0.0203125,-0.5
3529,-28.4657,811.905,-0.0339124,0.625,0.25,0.0851307,0.874625,0.323289,-0.00976168,0.641091,5.92593e-05,0.00897687,0.259244,11940.8,0.64686,0.382218,-0.4,0.25,464.325,4.33644e+07,0.814611,0.0798921,0.483078,0.00148321,-0.605275,0.811905,-0.393162,nan,nan,nan,nan,-0.0184165,-0.0809521,-0.0308728,nan,-0.211349,0,-0.407393,-0.472294,nan,-0.927084,-0.451956,-0.508143,1.30572,0.524571,-1.12724,-0.0431429,-0.0244048,-0.5
3530,-34.2578,984.583,-0.0253038,0.458333,0.0416667,0.0852607,0.859238,0.22096,-0.0100538,0.635638,5.92593e-05,0.0120732,0.259143,12752.3,0.573767,0.389822,-0.4,0.25,465.29,4.33766e+07,0.999574,0.0942536,0.62589,0.00196053,-0.737317,0.984583,-0.517125,nan,nan,nan,nan,-0.0227364,-0.105356,-0.0400477,nan,-0.257902,-0.000166667,-0.486278,-0.587695,nan,-1.31026,-0.542455,-0.63025,1.58061,0.72,-1.34167,-0.0655,-0.0333333,-0.5
3531,-23.7587,960.929,-0.025972,0.541667,0.0416667,0.0836488,0.848891,0.2111,-0.0102127,0.6301,5.92593e-05,0.0161012,0.259033,12839.1,0.620864,0.336214,-0.4,0.25,466.249,4.33889e+07,1.00096,0.0903398,0.621375,0.00146304,-0.719557,0.960929,-0.368721,nan,nan,nan,nan,-0.0176608,-0.080762,-0.0297752,nan,-0.250505,0,-0.474638,-0.564011,nan,-0.889137,-0.527856,-0.578786,1.55666,0.484,-1.32886,-0.0421429,0.00446429,-0.5
3532,-28.8916,959.8,-0.0253545,0.541667,0.0833333,0.0836191,0.851988,0.215495,-0.00918591,0.623695,5.92593e-05,0.0121404,0.258913,15048.5,0.579363,0.237197,-0.4,0.25,467.067,4.34012e+07,0.962024,0.0908968,0.614773,0.00173207,-0.712454,0.9598,-0.440207,nan,nan,nan,nan,-0.0200964,-0.0864735,-0.0345322,nan,-0.250976,0,-0.474932,-0.554428,nan,-0.998887,-0.529975,-0.625,1.54069,0.6064,-1.3424,-0.0505333,-0.0333333,-0.5
3533,-26.2243,840.083,-0.0289089,0.375,0.125,0.0877268,0.846979,0.322291,-0.0107502,0.617268,5.92593e-05,0.00507974,0.258804,16541.6,0.490853,0.252002,-0.4,0.25,467.811,4.34135e+07,0.844595,0.0767391,0.542891,0.00161672,-0.620656,0.840083,-0.414008,nan,nan,nan,nan,-0.0183857,-0.0807391,-0.0324795,nan,-0.219695,-0.000166667,-0.411665,-0.490103,nan,-0.907012,-0.464804,-0.52725,1.33382,0.587667,-1.163,-0.0511667,-0.0125,-0.5
3534,-30.7165,898.273,-0.0247764,0.375,0.0833333,0.0850802,0.834271,0.216331,-0.009435,0.611637,5.92593e-05,0.0125085,0.25871,10553.3,0.597558,0.566822,-0.4,0.25,468.976,4.34258e+07,0.842756,0.0834905,0.531816,0.00203336,-0.669044,0.898273,-0.494,nan,nan,nan,nan,-0.0230056,-0.099249,-0.0398532,nan,-0.234284,0,-0.450708,-0.510597,nan,-1.02414,-0.502024,-0.586636,1.42376,0.690545,-1.24982,-0.0558182,0.0215909,-0.5
3535,-29.4079,821.875,-0.0250437,0.208333,0.125,0.0825622,0.839188,0.206607,-0.00873733,0.607207,5.92593e-05,0.00903819,0.258647,13243.9,0.601186,0.32664,-0.4,0.25,469.906,4.34381e+07,0.830131,0.0732701,0.509004,0.00163747,-0.616165,0.821875,-0.4166,nan,nan,nan,nan,-0.0204169,-0.0908688,-0.0329036,nan,-0.214877,0,-0.410317,-0.48503,nan,-0.967802,-0.457327,-0.523875,1.30556,0.5955,-1.125,-0.04775,-0.0109375,-0.5
3536,-26.088,1000,-0.0230555,0.666667,0,0.0838008,0.853761,0.211719,-0.00927101,0.60316,5.92593e-05,0.0125753,0.25855,12918,0.617224,0.334009,-0.4,0.25,470.858,4.34504e+07,1.0589,0.103175,0.638088,0.00207997,-0.745771,1,-0.504069,nan,nan,nan,nan,-0.0202758,-0.0882794,-0.0393331,nan,-0.259411,0,-0.499708,-0.560235,nan,-1.05723,-0.543095,-0.637875,1.61639,0.68375,-1.36575,-0.063875,-0.021875,nan
3537,-26.195,924.5,-0.0279964,0.416667,0.0833333,0.0872547,0.85221,0.286976,-0.00953005,0.599006,5.92593e-05,0.0111949,0.25849,14359.5,0.543958,0.311781,-0.4,0.25,471.716,4.34627e+07,0.991744,0.0859673,0.601479,0.00179466,-0.683781,0.9245,-0.419892,nan,nan,nan,nan,-0.0184117,-0.0817397,-0.0331382,nan,-0.241165,0,-0.453026,-0.532645,nan,-1.05547,-0.505646,-0.576,1.48606,0.585667,-1.23567,-0.0493333,-0.0177083,-0.5
3538,-34.6303,1000,-0.0259815,0.75,0,0.0850665,0.851961,0.233177,-0.0090954,0.596297,5.92593e-05,0.00965612,0.258443,15508.9,0.551786,0.240535,-0.4,0.25,472.51,4.34749e+07,0.939662,0.0893335,0.575637,0.00188467,-0.747905,1,-0.551256,nan,nan,nan,nan,-0.0236279,-0.106431,-0.0443063,nan,-0.259176,-5.55556e-05,-0.503378,-0.575613,nan,-1.22598,-0.548607,-0.640833,1.59656,0.763333,-1.37067,-0.0646667,-0.0354167,nan
3539,-27.07,963.111,-0.0257036,0.333333,0.0416667,0.0839662,0.849867,0.255619,-0.00937588,0.59371,5.92593e-05,0.0138914,0.258395,16839.7,0.490251,0.239454,-0.4,0.25,473.241,4.34872e+07,1.03563,0.0922188,0.663357,0.00170042,-0.709522,0.963111,-0.420811,nan,nan,nan,nan,-0.0191936,-0.0890305,-0.0333165,nan,-0.251351,0,-0.465857,-0.563701,nan,-1.09976,-0.52605,-0.634667,1.55047,0.583111,-1.31333,-0.0484444,-0.0125,-0.5
3540,-24.9732,975,-0.0267975,0.916667,0.0416667,0.0853509,0.86153,0.305479,-0.00924854,0.591313,5.92593e-05,0.0118606,0.258363,13101.9,0.581264,0.356615,-0.4,0.25,474.18,4.34995e+07,1.05066,0.0929979,0.651526,0.00178416,-0.715763,0.975,-0.44,nan,nan,nan,nan,-0.0187455,-0.0849502,-0.0343145,nan,-0.254292,-0.000130435,-0.479668,-0.558928,nan,-1.05957,-0.534429,-0.606522,1.56374,0.606261,-1.31357,-0.0522609,-0.0157609,-0.5
3541,-29.7858,1000,-0.026503,0.25,0,0.0861288,0.855865,0.287888,-0.00920212,0.589083,5.92593e-05,0.0108234,0.258318,12463.1,0.62717,0.358784,-0.4,0.25,475.167,4.35118e+07,0.891067,0.106065,0.562538,0.0016935,-0.732109,1,-0.498333,nan,nan,nan,nan,-0.0225919,-0.103826,-0.0395839,nan,-0.257754,0,-0.514987,-0.542202,nan,-1.16509,-0.541376,-0.5615,1.61795,0.69,-1.32533,-0.056,0.00208333,nan
3542,-26.1662,983.429,-0.0298204,0.833333,0.0416667,0.0874898,0.854358,0.197818,-0.0105783,0.585631,5.92593e-05,0.0123639,0.258233,13077.4,0.59857,0.341067,-0.4,0.25,476.109,4.35241e+07,1.0092,0.09221,0.59922,0.00156111,-0.725421,0.983429,-0.427367,nan,nan,nan,nan,-0.0190373,-0.0858542,-0.0331823,nan,-0.254718,-9.52381e-05,-0.495134,-0.560421,nan,-0.999175,-0.529768,-0.605857,1.59324,0.592952,-1.35276,-0.0508571,-0.0166667,-0.5
3543,-30.397,851.2,-0.0271582,0.333333,0.0833333,0.0875617,0.843999,0.278731,-0.0104408,0.581644,5.92593e-05,0.0144022,0.258215,13353.2,0.60691,0.31332,-0.4,0.25,477.03,4.35364e+07,0.815421,0.0755719,0.513403,0.00173429,-0.632509,0.8512,-0.4714,nan,nan,nan,nan,-0.0211481,-0.0914046,-0.0374312,nan,-0.221724,0,-0.424574,-0.480732,nan,-1.06976,-0.468171,-0.5454,1.34822,0.6616,-1.1588,-0.0552,-0.00875,-0.5
3544,-34.941,973.111,-0.0271721,0.291667,0.0833333,0.0869981,0.857253,0.262296,-0.0100353,0.580439,5.92593e-05,0.0149723,0.258189,14467.9,0.581951,0.267378,-0.4,0.25,477.881,4.35487e+07,0.935304,0.0843302,0.615373,0.00185506,-0.733059,0.973111,-0.505289,nan,nan,nan,nan,-0.023505,-0.108838,-0.0402732,nan,-0.256504,-0.000222222,-0.478036,-0.603706,nan,-1.18701,-0.546041,-0.642,1.52318,0.697333,-1.29778,-0.0566667,0.0125,-0.5
3545,-30.6987,915.533,-0.030385,0.5,0.125,0.0885136,0.859633,0.257615,-0.00981782,0.576982,5.92593e-05,0.00561341,0.258104,10172.2,0.706988,0.50101,-0.4,0.25,479.091,4.3561e+07,0.892929,0.0886881,0.568652,0.00164619,-0.679461,0.915533,-0.44538,nan,nan,nan,nan,-0.0204414,-0.0933818,-0.034381,nan,-0.239568,-0.000133333,-0.454348,-0.53648,nan,-1.09645,-0.502427,-0.5568,1.4567,0.602933,-1.2416,-0.052,-0.00916667,-0.5
3546,-23.312,946.692,-0.028505,0.458333,0.0833333,0.0863198,0.863221,0.279939,-0.00942896,0.572264,5.92593e-05,0.0110729,0.258033,11859.8,0.690278,0.345827,-0.4,0.25,480.129,4.35732e+07,1.02536,0.0907705,0.576461,0.00161037,-0.689234,0.946692,-0.448185,nan,nan,nan,nan,-0.0182204,-0.0806011,-0.0340791,nan,-0.242832,0,-0.479814,-0.538353,nan,-0.978456,-0.497894,-0.540923,1.55321,0.626154,-1.24923,-0.0524615,-0.0586538,-0.5
3547,-17.245,736.857,-0.0268883,0.208333,0.0833333,0.0867906,0.85106,0.226936,-0.00986984,0.568368,5.92593e-05,0.00874157,0.257955,13407.3,0.566313,0.3502,-0.4,0.25,481.047,4.35855e+07,0.829011,0.0643627,0.492822,0.00130088,-0.547502,0.736857,-0.288257,nan,nan,nan,nan,-0.0136091,-0.0578698,-0.0229293,nan,-0.191545,0,-0.364682,-0.430195,nan,-0.702404,-0.402776,-0.448714,1.19739,0.406857,-1.02686,-0.0331429,-0.0178571,-0.5
3548,-20.7766,798.8,-0.0285217,0.458333,0.166667,0.0845293,0.852107,0.347188,-0.0104409,0.56405,5.92593e-05,0.0104528,0.257876,12386.8,0.559544,0.432477,-0.4,0.25,482.04,4.35978e+07,0.823209,0.0817839,0.490565,0.00132937,-0.581615,0.7988,-0.349207,nan,nan,nan,nan,-0.0154682,-0.0687895,-0.0258936,nan,-0.20571,0,-0.401706,-0.459907,nan,-0.82982,-0.425312,-0.471,1.30669,0.497333,-1.084,-0.0362667,-0.00583333,-0.5
3549,-24.3166,844.222,-0.0272636,0.291667,0.0833333,0.0854917,0.854103,0.291251,-0.00932826,0.560579,5.92593e-05,0.00678865,0.257845,16434.8,0.503159,0.244522,-0.4,0.25,482.789,4.36101e+07,0.829897,0.0768497,0.559344,0.00174284,-0.624118,0.844222,-0.408967,nan,nan,nan,nan,-0.0187686,-0.0852228,-0.031731,nan,-0.22043,0,-0.417736,-0.491343,nan,-0.851493,-0.467923,-0.514,1.33546,0.563556,-1.14667,-0.0471111,0.00972222,-0.5
3550,-30.6514,954.812,-0.0296019,0.541667,0.125,0.0887552,0.866295,0.260563,-0.0105231,0.558329,5.92593e-05,0.0128252,0.257769,15569.6,0.507198,0.28203,-0.4,0.25,483.58,4.36224e+07,0.96902,0.0887981,0.553392,0.00170454,-0.703756,0.954812,-0.491025,nan,nan,nan,nan,-0.0225708,-0.103043,-0.0382319,nan,-0.248552,0,-0.483481,-0.550865,nan,-1.06845,-0.51852,-0.610875,1.51404,0.6945,-1.295,-0.0565,-0.0242188,-0.5
3551,-29.024,933.364,-0.0264011,0.333333,0.125,0.0870122,0.841327,0.289566,-0.00920486,0.553984,5.92593e-05,0.0105786,0.257704,12727,0.597145,0.368365,-0.4,0.25,484.546,4.36347e+07,0.934356,0.096966,0.609409,0.00183811,-0.68373,0.933364,-0.470282,nan,nan,nan,nan,-0.0194376,-0.0808076,-0.0365536,nan,-0.242815,0,-0.459914,-0.547968,nan,-1.05041,-0.504824,-0.583909,1.48851,0.647636,-1.25818,-0.0585455,-0.0295455,-0.5
3552,-21.9439,860.375,-0.0254808,0.541667,0.125,0.0868234,0.85203,0.250508,-0.00971126,0.550375,5.92593e-05,0.00918551,0.257646,13194.7,0.585129,0.346154,-0.4,0.25,485.479,4.3647e+07,0.878177,0.0872927,0.506434,0.00122709,-0.638461,0.860375,-0.363706,nan,nan,nan,nan,-0.017571,-0.079682,-0.0278825,nan,-0.222694,-0.000125,-0.436696,-0.49158,nan,-0.802147,-0.462249,-0.509063,1.38066,0.51975,-1.15425,-0.040625,0.009375,-0.5
3553,-22.1429,997.133,-0.0243118,0.583333,0.0416667,0.0860023,0.854105,0.269343,-0.00955722,0.546915,5.92593e-05,0.014577,0.257599,13565.2,0.579726,0.326121,-0.4,0.25,486.387,4.36593e+07,1.06084,0.0976468,0.62905,0.00148931,-0.733345,0.997133,-0.430347,nan,nan,nan,nan,-0.0182595,-0.0841572,-0.0330255,nan,-0.256826,0,-0.500928,-0.565357,nan,-0.918197,-0.532964,-0.5882,1.63857,0.575467,-1.3296,-0.0528,-0.03,-0.5
3554,-22.3883,859.5,-0.0263027,0.5,0.166667,0.0831315,0.858037,0.255783,-0.00847082,0.543603,5.92593e-05,0.0116623,0.257525,14811.8,0.549393,0.280216,-0.4,0.25,487.218,4.36716e+07,0.890655,0.0842875,0.528917,0.00146702,-0.626011,0.8595,-0.393412,nan,nan,nan,nan,-0.0176759,-0.0748604,-0.0306573,nan,-0.221552,-6.25e-05,-0.433575,-0.485197,nan,-0.88469,-0.459166,-0.507938,1.41142,0.5345,-1.1645,-0.047875,-0.0132813,-0.5
3555,-27.4473,930.429,-0.0285313,0.75,0.125,0.0862416,0.860893,0.251303,-0.0108582,0.539586,5.92593e-05,0.00636835,0.257475,15120.8,0.547622,0.265035,-0.4,0.25,488.032,4.36838e+07,0.960994,0.0937711,0.576163,0.00147912,-0.682162,0.930429,-0.43801,nan,nan,nan,nan,-0.0186412,-0.0818107,-0.03392,nan,-0.23954,0,-0.469804,-0.527017,nan,-1.08238,-0.499031,-0.570143,1.49461,0.614095,-1.26495,-0.0525714,-0.0125,-0.5
3556,-25.208,910.455,-0.0269839,0.375,0.0833333,0.0856734,0.857624,0.262441,-0.010732,0.536528,5.92593e-05,0.0118332,0.257408,15572.7,0.545995,0.24308,-0.4,0.25,488.823,4.36961e+07,0.937393,0.0831871,0.583515,0.00178989,-0.670006,0.910455,-0.439764,nan,nan,nan,nan,-0.019962,-0.0908147,-0.0338651,nan,-0.236986,0,-0.452618,-0.524448,nan,-0.943962,-0.496018,-0.552,1.46543,0.599273,-1.22036,-0.0538182,-0.0159091,-0.5
3557,-23.4986,977.333,-0.0270623,0.208333,0.0416667,0.0864776,0.870847,0.273424,-0.00917872,0.53264,5.92593e-05,0.01575,0.257348,12648.5,0.576496,0.395002,-0.4,0.25,489.795,4.37084e+07,1.05856,0.106332,0.607101,0.00174245,-0.71663,0.977333,-0.4458,nan,nan,nan,nan,-0.019305,-0.0839906,-0.0336959,nan,-0.253124,0,-0.491774,-0.544439,nan,-0.950042,-0.52306,-0.591,1.58952,0.610667,-1.30867,-0.0563333,-0.025,-0.5
3558,-27.2539,922.286,-0.0250039,0.5,0.0833333,0.0849334,0.849385,0.230054,-0.00967237,0.529918,5.92593e-05,0.0171746,0.257297,10949.2,0.781956,0.34032,-0.4,0.25,490.919,4.37207e+07,0.918996,0.0985951,0.569971,0.00162076,-0.684256,0.922286,-0.452921,nan,nan,nan,nan,-0.0198046,-0.0905475,-0.0354071,nan,-0.239066,-7.14286e-05,-0.459311,-0.514417,nan,-1.04327,-0.499618,-0.560571,1.46924,0.63,-1.21914,-0.0514286,-0.0321429,-0.5
3559,-23.8825,817.3,-0.0267413,0.291667,0.125,0.0841856,0.862149,0.339513,-0.0102158,0.526679,5.92593e-05,0.0133874,0.25725,11892.2,0.639416,0.39387,-0.4,0.25,491.954,4.3733e+07,0.80189,0.0785117,0.511609,0.00156636,-0.595447,0.8173,-0.36866,nan,nan,nan,nan,-0.0180607,-0.0764327,-0.0287445,nan,-0.211788,0,-0.409987,-0.470158,nan,-0.806622,-0.439608,-0.4743,1.31006,0.5136,-1.118,-0.0446,-0.01625,-0.5
3560,-24.9781,931.222,-0.0204713,0.666667,0.0833333,0.0816632,0.858207,0.259758,-0.0101996,0.523308,5.92593e-05,0.0114034,0.257196,12480.3,0.592723,0.391865,-0.4,0.25,492.941,4.37453e+07,0.988114,0.0915807,0.548308,0.00143703,-0.68098,0.931222,-0.425817,nan,nan,nan,nan,-0.0182012,-0.0841937,-0.0325674,nan,-0.23928,0,-0.470859,-0.526272,nan,-1.03218,-0.493829,-0.566,1.49815,0.613556,-1.23578,-0.0493333,-0.0104167,-0.5
3561,-25.6052,838.5,-0.027066,0.583333,0.25,0.0835977,0.854711,0.360456,-0.0107087,0.518895,5.92593e-05,0.00710007,0.257103,16153.4,0.515625,0.245082,-0.4,0.25,493.703,4.37576e+07,0.847115,0.0734577,0.534278,0.00156509,-0.615772,0.8385,-0.387485,nan,nan,nan,nan,-0.0186625,-0.0833242,-0.0311239,nan,-0.217858,-5e-05,-0.413301,-0.495496,nan,-0.89487,-0.455712,-0.5208,1.33293,0.541,-1.1206,-0.0453,0.00125,-0.5
3562,-21.6585,779.727,-0.0276329,0.25,0.208333,0.0850068,0.843479,0.324523,-0.0111258,0.514698,5.92593e-05,0.0134652,0.257032,16671,0.495096,0.241992,-0.4,0.25,494.441,4.37699e+07,0.849872,0.0700417,0.479908,0.00131204,-0.568958,0.779727,-0.3266,nan,nan,nan,nan,-0.0147978,-0.0637164,-0.0260887,nan,-0.201566,0,-0.39001,-0.448142,nan,-0.712014,-0.419674,-0.496364,1.26305,0.447273,-1.02764,-0.0376364,-0.0136364,-0.5
3563,-24.8801,959.647,-0.0243304,0.666667,0.0416667,0.0847988,0.841292,0.309778,-0.00905907,0.510778,5.92593e-05,0.0165325,0.256942,16013,0.52253,0.244848,-0.4,0.25,495.21,4.37821e+07,0.996984,0.0892715,0.588695,0.001502,-0.700192,0.959647,-0.445247,nan,nan,nan,nan,-0.0200224,-0.0940007,-0.0345486,nan,-0.247487,-0.000117647,-0.482008,-0.547661,nan,-0.998583,-0.515216,-0.583059,1.56677,0.608941,-1.296,-0.0556471,-0.00661765,-0.5
3564,-25.3633,963.75,-0.0240655,0.458333,0.0416667,0.0841681,0.852106,0.315743,-0.00986173,0.506177,5.92593e-05,0.00846468,0.256864,16725.7,0.489575,0.245102,-0.4,0.25,495.946,4.37944e+07,0.976449,0.0937477,0.597689,0.00158462,-0.699852,0.96375,-0.460425,nan,nan,nan,nan,-0.0195853,-0.091245,-0.0357921,nan,-0.248026,0,-0.484031,-0.526612,nan,-1.00764,-0.511311,-0.597,1.52376,0.627333,-1.27133,-0.059,0.00104167,-0.5
3565,-36.1787,983.462,-0.0233245,0.458333,0.0833333,0.0821582,0.841462,0.20918,-0.0105878,0.501815,5.92593e-05,0.0122524,0.256793,16432,0.49893,0.248878,-0.4,0.25,496.695,4.38067e+07,0.902458,0.0930184,0.533986,0.00172231,-0.718397,0.983462,-0.515046,nan,nan,nan,nan,-0.0226521,-0.104086,-0.0404762,nan,-0.253213,0,-0.502197,-0.553793,nan,-1.27903,-0.528433,-0.628846,1.57455,0.705846,-1.32831,-0.0612308,0.00865385,-0.5
3566,-23.867,1000,-0.0263196,0.25,0,0.0838772,0.847821,0.37732,-0.00961957,0.498122,5.92593e-05,0.0135037,0.256756,15117.3,0.498896,0.313945,-0.4,0.25,497.509,4.3819e+07,1.02288,0.0992479,0.624039,0.0013398,-0.7306,1,-0.40875,nan,nan,nan,nan,-0.0176564,-0.0784865,-0.0308886,nan,-0.257578,0,-0.498757,-0.559809,nan,-1.00644,-0.530093,-0.594,1.62471,0.577333,-1.37133,-0.046,-0.0125,nan
3567,-22.8643,810.556,-0.0258878,0.25,0.125,0.0834892,0.851739,0.301724,-0.00933711,0.495698,5.92593e-05,0.00665885,0.256703,16820.9,0.489874,0.240647,-0.4,0.25,498.241,4.38313e+07,0.841096,0.0751745,0.481953,0.00111251,-0.593753,0.810556,-0.379422,nan,nan,nan,nan,-0.016917,-0.0756512,-0.0285498,nan,-0.209304,0,-0.410072,-0.457684,nan,-0.84049,-0.435268,-0.49,1.29073,0.556889,-1.05467,-0.0408889,-0.00138889,-0.5
3568,-21.584,970.632,-0.0265433,0.708333,0.0833333,0.0844711,0.848904,0.277002,-0.010967,0.491934,5.92593e-05,0.0137648,0.256635,16522.5,0.491523,0.252188,-0.4,0.25,498.986,4.38436e+07,1.02923,0.0944154,0.644223,0.00144224,-0.704598,0.970632,-0.399647,nan,nan,nan,nan,-0.0161268,-0.0705525,-0.0300731,nan,-0.250194,0,-0.480842,-0.541512,nan,-0.918196,-0.515534,-0.592579,1.57058,0.553895,-1.284,-0.0483158,-0.0388158,-0.5
3569,-25.383,884.267,-0.0261055,0.541667,0.0833333,0.0854848,0.858069,0.2506,-0.00947341,0.48802,5.92593e-05,0.0118814,0.256573,16896.6,0.484464,0.242781,-0.4,0.25,499.715,4.38559e+07,0.882269,0.0805709,0.567762,0.00179495,-0.650094,0.884267,-0.434833,nan,nan,nan,nan,-0.0200424,-0.0870023,-0.0341123,nan,-0.229843,0,-0.4359,-0.513636,nan,-0.929486,-0.482928,-0.5628,1.3958,0.6152,-1.18933,-0.0434667,-0.0166667,-0.5
3570,-24.2669,921.727,-0.0225313,0.416667,0.0416667,0.0824241,0.85902,0.227275,-0.00955249,0.484345,5.92593e-05,0.0143234,0.256495,16757.3,0.496647,0.236647,-0.4,0.25,500.449,4.38682e+07,0.939006,0.0841894,0.572889,0.0016172,-0.674368,0.921727,-0.440264,nan,nan,nan,nan,-0.0188066,-0.087602,-0.034617,nan,-0.238949,0,-0.460686,-0.520528,nan,-1.06345,-0.494085,-0.551455,1.47654,0.618909,-1.21418,-0.0554545,-0.025,-0.5
3571,-21.3034,984.81,-0.0244741,0.833333,0.0416667,0.0820619,0.86024,0.20937,-0.00930065,0.479768,5.92593e-05,0.0107398,0.256401,16188.4,0.497233,0.261831,-0.4,0.25,501.21,4.38804e+07,1.06185,0.0982277,0.666006,0.00162987,-0.717934,0.98481,-0.421543,nan,nan,nan,nan,-0.0165184,-0.0750932,-0.0321237,nan,-0.254815,0,-0.483054,-0.566213,nan,-0.912966,-0.52672,-0.617143,1.58534,0.561524,-1.30971,-0.0538095,-0.0130952,-0.5
3572,-16.696,915.083,-0.0225943,0.416667,0.0833333,0.0809649,0.848942,0.2653,-0.0100951,0.475306,5.92593e-05,0.0103458,0.256341,16494.1,0.504305,0.24069,-0.4,0.25,501.956,4.38927e+07,0.947948,0.103348,0.557061,0.00133506,-0.655692,0.915083,-0.333717,nan,nan,nan,nan,-0.0136857,-0.059158,-0.0245236,nan,-0.232293,0,-0.470034,-0.498781,nan,-0.690836,-0.470898,-0.496,1.49721,0.469333,-1.23167,-0.0363333,-0.0291667,-0.5
3573,-25.383,983.786,-0.0204382,0.541667,0.0416667,0.0828188,0.859985,0.269603,-0.0100665,0.472287,5.92593e-05,0.011665,0.2563,16711,0.489315,0.246011,-0.4,0.25,502.693,4.3905e+07,0.998464,0.0988706,0.575363,0.00167241,-0.713936,0.983786,-0.50175,nan,nan,nan,nan,-0.0213945,-0.0962242,-0.0388336,nan,-0.252194,0,-0.503671,-0.539394,nan,-0.963822,-0.520747,-0.6195,1.58052,0.694286,-1.33229,-0.0572857,-0.00535714,-0.5
3574,-17.7576,877.889,-0.0256233,0.291667,0.0833333,0.0845332,0.86414,0.335419,-0.00864914,0.47,5.92593e-05,0.0109463,0.25628,16262.6,0.487251,0.268346,-0.4,0.25,503.45,4.39173e+07,0.924025,0.0914657,0.557782,0.00138442,-0.632165,0.877889,-0.355978,nan,nan,nan,nan,-0.01539,-0.0655513,-0.0281137,nan,-0.226342,0,-0.436827,-0.501138,nan,-0.641055,-0.466517,-0.522,1.41593,0.500889,-1.18311,-0.0455556,-0.0263889,-0.5
3575,-27.9177,926.667,-0.0266102,0.416667,0.0833333,0.08496,0.854492,0.217974,-0.0102173,0.46745,5.92593e-05,0.00804449,0.256221,16240.2,0.503607,0.253032,-0.4,0.25,504.208,4.39296e+07,0.946483,0.0989037,0.531973,0.00156841,-0.678303,0.926667,-0.4482,nan,nan,nan,nan,-0.0205512,-0.0920856,-0.0348112,nan,-0.237639,0,-0.476838,-0.517837,nan,-1.04914,-0.49423,-0.5775,1.47044,0.632,-1.23467,-0.0515,-0.00729167,-0.5
3576,-27.143,892.25,-0.0242566,0.416667,0.0833333,0.0821692,0.8642,0.283531,-0.00870269,0.463865,5.92593e-05,0.00992203,0.25617,16797.8,0.49046,0.241064,-0.4,0.25,504.941,4.39419e+07,0.915284,0.0858464,0.578967,0.00188361,-0.652871,0.89225,-0.455017,nan,nan,nan,nan,-0.0196795,-0.0861481,-0.0353019,nan,-0.231971,0,-0.439349,-0.518353,nan,-1.02997,-0.4838,-0.5855,1.40999,0.641333,-1.176,-0.0541667,-0.03125,-0.5
3577,-26.1184,988.4,-0.0249128,0.375,0.0416667,0.0822654,0.850323,0.205608,-0.00961317,0.459902,5.92593e-05,0.00755251,0.25607,16408.4,0.501404,0.247479,-0.4,0.25,505.691,4.39542e+07,1.04319,0.100097,0.593514,0.00157537,-0.718302,0.9884,-0.45799,nan,nan,nan,nan,-0.0198873,-0.0925593,-0.0365179,nan,-0.254062,0,-0.495765,-0.569336,nan,-0.99683,-0.527371,-0.6645,1.59702,0.6176,-1.3128,-0.0614,0.01,-0.5
3578,-30.571,949.6,-0.0239799,0.583333,0.0416667,0.0834579,0.85094,0.301147,-0.00879655,0.454928,5.92593e-05,0.00969963,0.255995,16635.6,0.496193,0.242462,-0.4,0.25,506.431,4.39665e+07,0.954333,0.0787363,0.557584,0.00171411,-0.695469,0.9496,-0.506693,nan,nan,nan,nan,-0.0234838,-0.110599,-0.0396294,nan,-0.24606,0,-0.474433,-0.555582,nan,-1.16982,-0.511837,-0.593,1.51726,0.713067,-1.2744,-0.0573333,-0.00916667,-0.5
3579,-27.8743,946.667,-0.0218318,0.458333,0.0416667,0.0819802,0.848855,0.27543,-0.00974478,0.450377,5.92593e-05,0.0139139,0.255896,16227.2,0.509663,0.247586,-0.4,0.25,507.19,4.39788e+07,0.944137,0.0964721,0.51788,0.00143097,-0.683109,0.946667,-0.474975,nan,nan,nan,nan,-0.0198672,-0.0890315,-0.0357195,nan,-0.241077,0,-0.486185,-0.526689,nan,-1.1319,-0.495901,-0.54875,1.5354,0.654333,-1.25133,-0.0555,-0.00833333,-0.5
3580,-23.4789,1000,-0.0223332,0.666667,0,0.0820448,0.848242,0.245073,-0.0100647,0.444543,5.92593e-05,0.00868722,0.25579,16697.6,0.494211,0.241702,-0.4,0.25,507.927,4.3991e+07,1.06529,0.0939403,0.652306,0.0017763,-0.72957,1,-0.459094,nan,nan,nan,nan,-0.0195164,-0.0894376,-0.0362586,nan,-0.25897,0,-0.496986,-0.575328,nan,-1.01605,-0.539728,-0.62175,1.60696,0.65,-1.316,-0.050375,-0.0351562,nan
3581,-28.5069,976,-0.0221556,0.375,0.0416667,0.0808512,0.837029,0.248907,-0.00792772,0.43953,5.92593e-05,0.0137073,0.255728,16619.2,0.494465,0.244919,-0.4,0.25,508.668,4.40033e+07,1.00294,0.0896986,0.609659,0.00188473,-0.708236,0.976,-0.47697,nan,nan,nan,nan,-0.0206965,-0.0929393,-0.0367723,nan,-0.250062,0,-0.488182,-0.546394,nan,-1.18069,-0.517115,-0.5985,1.57898,0.656,-1.3156,-0.0546,-0.00375,-0.5
3582,-24.9903,983.611,-0.0259352,0.708333,0.0416667,0.0838827,0.845521,0.314272,-0.00910506,0.436182,5.92593e-05,0.0108618,0.255672,15777.4,0.527253,0.251583,-0.4,0.25,509.448,4.40156e+07,1.02416,0.0933362,0.605247,0.00191295,-0.710041,0.983611,-0.499822,nan,nan,nan,nan,-0.0200741,-0.0880649,-0.0382102,nan,-0.252287,0,-0.494162,-0.553517,nan,-1.03091,-0.51644,-0.608833,1.59074,0.690667,-1.31489,-0.0605556,-0.0236111,-0.5
