iteration,Train/mean_reward,Train/mean_episode_length,Train/mean_step_reward,Episode_Termination/time_out,Episode_Termination/fell_over,Metrics/twist/error_vel_xy,Metrics/twist/error_vel_yaw,Loss/value,Loss/surrogate,Loss/entropy,Loss/learning_rate,Loss/kl,Policy/mean_std,Perf/total_fps,Perf/collection_time,Perf/learning_time,Curriculum/action_rate_weight,Curriculum/standing_envs,time_s,env_steps,Episode_Reward/track_linear_velocity,Episode_Reward/track_angular_velocity,Episode_Reward/upright,Episode_Reward/pose,Episode_Reward/action_rate_l2
1,nan,nan,0.0803584,0,0,0.147218,0.352498,0.589146,-5.33881e-08,-15.9056,1e-05,0,0.1,14788.9,0.542497,0.288394,-1,0.2,0.831363,12288,nan,nan,nan,nan,nan
2,-3.12072,44.1481,0.0546307,0,1.125,0.151332,0.707161,0.952914,-3.83996e-08,-15.9056,1e-05,0,0.1,12782.2,0.681504,0.279836,-1,0.2,1.79423,24576,0.028308,0.0216325,0.0808956,0.0172122,-0.304084
3,-3.80716,60.5625,0.0650078,0,2,0.139357,0.563717,0.882619,1.02213e-08,-15.9056,1e-05,0,0.1,12863.1,0.701287,0.254003,-1,0.2,2.75077,36864,0.0390124,0.0334413,0.112401,0.0223979,-0.397611
4,-2.76477,85.4091,0.0698102,0,0.916667,0.129018,0.502286,0.891183,6.24568e-09,-15.9056,1e-05,0,0.1,13123,0.685518,0.25085,-1,0.2,3.68838,49152,0.0705487,0.0655653,0.159382,0.0367867,-0.470521
5,-1.63775,90.5294,0.0674434,0,1.41667,0.130326,0.552238,0.941735,4.09535e-08,-15.9056,1e-05,0,0.1,12825.6,0.709819,0.248268,-1,0.2,4.6477,61440,0.074646,0.0696635,0.169983,0.0407726,-0.436953
6,-0.122496,109.9,0.0721381,0,1.25,0.124857,0.519461,0.793193,-8.40228e-09,-15.9056,1e-05,0,0.1,12342.4,0.732336,0.263254,-1,0.2,5.64455,73728,0.108932,0.0963956,0.207624,0.0521935,-0.47127
7,2.08497,125,0.0713535,0,1.25,0.126855,0.529011,0.833142,-5.03769e-08,-15.9056,1e-05,0,0.1,12385.4,0.70886,0.283278,-1,0.2,6.63786,86016,0.127461,0.115591,0.238328,0.0607262,-0.437858
8,1.24436,143.821,0.0677842,0,1.16667,0.124309,0.539228,0.939156,-1.41736e-09,-15.9056,1e-05,0,0.1,12166.6,0.740664,0.269316,-1,0.2,7.64935,98304,0.147184,0.13219,0.273356,0.0681739,-0.558686
9,2.79784,163.632,0.0724378,0,1.58333,0.123965,0.508548,0.793263,1.95345e-08,-15.9056,1e-05,0,0.1,11548.5,0.792235,0.271796,-1,0.2,8.71462,110592,0.167954,0.158904,0.312952,0.0782705,-0.578188
10,3.89567,158.581,0.0746837,0,1.29167,0.117883,0.500356,0.828304,-5.3179e-08,-15.9056,1e-05,0,0.1,12138.4,0.766193,0.246128,-1,0.2,9.72847,122880,0.166399,0.156806,0.302399,0.0793995,-0.51022
11,3.56178,167.407,0.0773217,0,1.125,0.113004,0.475907,0.805208,-0.0143927,-15.9049,1e-05,0.0401515,0.10001,12589.8,0.720575,0.255453,-1,0.2,10.7058,135168,0.180087,0.162158,0.318323,0.082692,-0.565172
12,5.70562,177.87,0.0773158,0,0.958333,0.116662,0.441847,0.824018,-0.0119131,-15.903,1e-05,0.0234694,0.10002,12625.4,0.714503,0.258773,-1,0.2,11.6803,147456,0.20388,0.189048,0.339871,0.0940982,-0.541616
13,7.33487,196.107,0.0791707,0,1.16667,0.109599,0.440329,0.814274,-0.0105119,-15.9014,1e-05,0.0233976,0.100029,12480.8,0.717468,0.267088,-1,0.2,12.6662,159744,0.214356,0.212786,0.376347,0.105735,-0.54248
14,3.93856,185.214,0.078835,0,1.16667,0.11117,0.451991,0.850557,-0.0109044,-15.8996,1e-05,0.0304728,0.100038,12987.5,0.69314,0.252997,-1,0.2,13.6135,172032,0.199126,0.181992,0.353886,0.091505,-0.629581
15,4.37215,190.192,0.0819807,0,1.08333,0.10671,0.421994,0.890653,-0.0125067,-15.898,1e-05,0.0264458,0.100046,12146.2,0.756643,0.255029,-1,0.2,14.6265,184320,0.213559,0.187126,0.363625,0.0920036,-0.637706
16,7.14482,190.842,0.0852226,0,0.791667,0.103718,0.388375,0.806395,-0.0107394,-15.8967,1e-05,0.0291427,0.100053,12528.5,0.712651,0.268152,-1,0.2,15.6086,196608,0.222034,0.201704,0.364664,0.103884,-0.535046
17,5.0039,174.235,0.0843873,0,0.708333,0.101054,0.389635,0.831331,-0.0140197,-15.8955,1e-05,0.0321778,0.10006,13338.5,0.662433,0.258809,-1,0.2,16.5311,208896,0.184518,0.190181,0.332565,0.0867745,-0.543843
18,9.17213,229.778,0.0817911,0,1.125,0.101407,0.403752,0.892206,-0.0113591,-15.8944,1e-05,0.030187,0.100065,11391.8,0.724254,0.354418,-1,0.2,17.6109,221184,0.277469,0.26097,0.440923,0.123159,-0.643913
19,7.56652,265,0.0877777,0,0.458333,0.0952653,0.338013,0.83077,-0.00976501,-15.8931,1e-05,0.02716,0.100075,13430.9,0.664291,0.250617,-1,0.2,18.5275,233472,0.282338,0.265358,0.510431,0.137235,-0.817036
20,7.12428,200.5,0.0851199,0,0.833333,0.100246,0.380539,0.891158,-0.011825,-15.8912,1e-05,0.0294768,0.100085,13000.7,0.689878,0.255299,-1,0.2,19.4739,245760,0.229391,0.213088,0.384865,0.105917,-0.577047
21,8.30566,231.737,0.0885764,0,0.791667,0.0915257,0.33839,0.858026,-0.0102097,-15.8896,1e-05,0.0247383,0.100093,13323.5,0.649778,0.272505,-1,0.2,20.3974,258048,0.263856,0.246047,0.444646,0.117849,-0.657114
22,8.28176,235.7,0.0906441,0,0.416667,0.088704,0.318905,0.85539,-0.00971979,-15.8882,1e-05,0.0316386,0.100101,13586.4,0.647513,0.256921,-1,0.2,21.3031,270336,0.265683,0.250398,0.452372,0.123897,-0.678262
23,5.52058,256,0.094306,0,0.625,0.0876052,0.289068,0.731634,-0.0110972,-15.8869,1e-05,0.0212696,0.100108,12745,0.670069,0.294072,-1,0.2,22.2684,282624,0.28094,0.272814,0.486951,0.122096,-0.886772
24,5.41568,161.727,0.0941989,0,0.458333,0.0872019,0.30446,0.733914,-0.00973914,-15.8858,1e-05,0.0264842,0.100114,12489.9,0.714277,0.269556,-1,0.2,23.2534,294912,0.175328,0.159919,0.310005,0.0834485,-0.457916
25,19.2272,356.714,0.0908543,0,0.583333,0.0908311,0.328706,0.78531,-0.0112728,-15.8845,1e-05,0.0276574,0.10012,13296,0.653855,0.270335,-1,0.2,24.1788,307200,0.428913,0.428943,0.689754,0.201934,-0.788182
26,7.98633,220.538,0.0941447,0,0.541667,0.0837579,0.299921,0.79065,-0.0102518,-15.8834,1e-05,0.0197915,0.100128,13028.2,0.676201,0.266983,-1,0.2,25.1232,319488,0.255144,0.233457,0.422515,0.111338,-0.623138
27,14.9242,309.167,0.0961132,0,0.5,0.0858186,0.298063,0.683504,-0.0106497,-15.8818,1e-05,0.0186145,0.100136,13029.5,0.687038,0.256056,-1,0.2,26.0676,331776,0.385367,0.3502,0.597524,0.177859,-0.764742
28,19.8532,355.8,0.0936291,0,0.416667,0.0834189,0.308924,0.712895,-0.00931155,-15.8805,1e-05,0.0288381,0.100144,14028,0.623906,0.252058,-1,0.2,26.9447,344064,0.420235,0.435447,0.686469,0.20586,-0.755349
29,15.5863,334.062,0.0932924,0,0.666667,0.0884229,0.292547,0.747115,-0.0108999,-15.8792,1e-05,0.0321404,0.10015,13183,0.67021,0.2619,-1,0.2,27.8779,356352,0.389501,0.400556,0.643835,0.185299,-0.839876
30,19.9965,395.444,0.0942196,0,0.375,0.0854042,0.301786,0.738987,-0.0115008,-15.8782,1e-05,0.0258413,0.100157,13793.7,0.640911,0.249933,-1,0.2,28.7699,368640,0.441164,0.445264,0.760714,0.201668,-0.848985
31,17.8132,344.389,0.0944456,0,0.75,0.082938,0.290506,0.740696,-0.0124125,-15.8767,1e-05,0.0204967,0.100165,12741.4,0.688776,0.27564,-1,0.2,29.7355,380928,0.414507,0.414179,0.664679,0.190604,-0.793307
32,7.36254,202.636,0.0988263,0,0.458333,0.0773318,0.277932,0.678567,-0.0103478,-15.8751,1e-05,0.0157301,0.100175,13574.7,0.655593,0.249622,-1,0.2,30.6419,393216,0.23692,0.216647,0.390042,0.111653,-0.587136
33,33.2057,530.2,0.0986794,0,0.416667,0.0768734,0.272873,0.686814,-0.00944685,-15.8734,1e-05,0.0214034,0.100183,13718.8,0.637219,0.258488,-1,0.2,31.5389,405504,0.651882,0.658636,1.02732,0.30321,-0.980758
34,17.0567,354.286,0.0982436,0,0.291667,0.0761312,0.278812,0.731147,-0.0108722,-15.8719,1e-05,0.020345,0.100192,14200.7,0.610435,0.254872,-1,0.2,32.4054,417792,0.407139,0.38477,0.681443,0.183914,-0.804431
35,14.7216,275.312,0.0982401,0,0.666667,0.0785162,0.284489,0.6536,-0.010504,-15.8704,1e-05,0.0215753,0.100199,12428.3,0.701211,0.287504,-1,0.2,33.3954,430080,0.335684,0.325066,0.531762,0.152682,-0.609112
36,36.7149,530.4,0.0994538,0,0.416667,0.0745754,0.243463,0.684114,-0.00906425,-15.8694,1e-05,0.0179296,0.100205,12353,0.729812,0.264925,-1,0.2,34.3917,442368,0.699588,0.69282,1.03154,0.319494,-0.9077
37,14.2044,275.833,0.100499,0,0.25,0.0731403,0.252455,0.619073,-0.00910949,-15.8684,1e-05,0.0182046,0.100209,13162.8,0.622996,0.310545,-1,0.2,35.3265,454656,0.329036,0.346989,0.530196,0.155207,-0.651212
38,31.4617,538.222,0.0987828,0,0.375,0.0733371,0.264553,0.646691,-0.0106867,-15.8674,1e-05,0.0190285,0.100217,13266.9,0.660454,0.26576,-1,0.2,36.2544,466944,0.61328,0.637985,1.04391,0.29336,-1.01545
39,17.3252,297.222,0.100211,0,0.375,0.0756632,0.252832,0.633547,-0.0108558,-15.8658,1e-05,0.015863,0.100226,12541.3,0.682797,0.297007,-1,0.2,37.2353,479232,0.346255,0.357537,0.571616,0.167001,-0.57615
40,20.8103,383.444,0.0996298,0,0.375,0.0727537,0.257699,0.635897,-0.0100394,-15.8645,1e-05,0.0214431,0.100234,8994.58,1.00713,0.359029,-1,0.2,38.6037,491520,0.480092,0.452015,0.741079,0.209133,-0.841804
41,12.3414,279.727,0.100056,0,0.458333,0.0726628,0.265825,0.595244,-0.00895207,-15.863,1e-05,0.0220402,0.10024,9641.6,0.909712,0.364765,-1,0.2,39.8795,503808,0.320951,0.304499,0.53792,0.149511,-0.695812
42,108.9,973.362,0.0989531,7.875,0.291667,0.0784348,0.239379,0.638543,-0.0100079,-15.862,1e-05,0.016592,0.100246,8935.54,1.04269,0.332498,-1,0.2,41.2562,516096,1.74689,1.71372,1.9059,0.795939,-0.717438
43,25.2078,401,0.0912549,0,0.208333,0.102715,0.302881,0.775629,-0.0100897,-15.861,1e-05,0.0167148,0.100251,13519.3,0.654077,0.254845,-1,0.2,42.1663,528384,0.542149,0.51451,0.774962,0.251097,-0.82233
44,61.9627,628.323,0.0864833,0.666667,0.625,0.0988194,0.374186,0.972695,-0.0132779,-15.8601,1e-05,0.0157715,0.100256,8764.9,1.03597,0.365988,-1,0.2,43.5694,540672,1.05823,1.01174,1.22577,0.471751,-0.669363
45,32.8625,390.577,0.0817979,0.333333,0.75,0.103729,0.385914,1.20405,-0.00885852,-15.8591,1e-05,0.0308241,0.100262,9144.25,0.928271,0.415525,-1,0.2,44.9146,552960,0.615075,0.602049,0.759257,0.276327,-0.609585
46,43.9339,465.48,0.0843429,0.375,0.666667,0.103179,0.38841,0.995513,-0.0114539,-15.8579,1e-05,0.0243202,0.10027,10176.4,0.921094,0.286409,-1,0.2,46.1236,565248,0.782774,0.754355,0.907241,0.355498,-0.60317
47,41.522,464.622,0.0851535,0.625,1.25,0.101356,0.391983,0.993483,-0.00945831,-15.8564,1e-05,0.0233869,0.100278,9136.84,0.969948,0.374938,-1,0.2,47.4697,577536,0.72908,0.714339,0.904186,0.333266,-0.604773
48,71.646,703.259,0.0889556,0.666667,0.458333,0.095601,0.352961,0.928045,-0.0108372,-15.855,1e-05,0.0200414,0.100285,9030.94,1.01189,0.348765,-1,0.2,48.8316,589824,1.184,1.16284,1.37396,0.544697,-0.683198
49,18.4011,321,0.0855565,0.125,0.916667,0.101082,0.400579,0.967943,-0.00913281,-15.8538,1e-05,0.0207709,0.100292,10275.8,0.895233,0.300591,-1,0.2,50.0289,602112,0.421322,0.399429,0.621364,0.181721,-0.703781
50,25.3528,388.294,0.0898846,0.208333,0.5,0.0962646,0.345906,0.76521,-0.0119706,-15.8527,1e-05,0.0203971,0.100296,10495.6,0.823933,0.346846,-1,0.2,51.2011,614400,0.519857,0.51008,0.752512,0.218703,-0.733512
51,43.5347,466.75,0.0874248,0.375,0.791667,0.0979385,0.379161,1.0196,-0.00910013,-15.852,1e-05,0.0250327,0.100301,9387.48,0.926511,0.382467,-1,0.2,52.5116,626688,0.770371,0.722558,0.909128,0.355119,-0.580442
52,41.4653,465.357,0.087354,0.416667,0.75,0.100546,0.362202,0.919882,-0.01006,-15.8508,1e-05,0.0257896,0.10031,8989.17,1.01618,0.350799,-1,0.2,53.88,638976,0.729217,0.720212,0.903583,0.343368,-0.623116
53,40.332,472.95,0.0885048,0.208333,0.625,0.0974947,0.341434,0.938022,-0.012374,-15.8493,1e-05,0.021846,0.100317,9762.66,0.842638,0.416036,-1,0.2,55.14,651264,0.729916,0.721066,0.918905,0.34852,-0.701807
54,48.2003,539.1,0.0885837,0.375,0.458333,0.0966261,0.372145,0.9925,-0.0103117,-15.848,1e-05,0.0182257,0.100326,9327.42,0.970434,0.346972,-1,0.2,56.4589,663552,0.84309,0.849375,1.05132,0.371683,-0.705455
55,27.2872,369.864,0.0860911,0.166667,0.75,0.10029,0.392977,1.30394,-0.0099638,-15.8465,1e-05,0.0213271,0.100333,9645.6,0.929703,0.344246,-1,0.2,57.7341,675840,0.545151,0.524666,0.719428,0.234018,-0.658903
56,60.889,583.76,0.0892208,0.5,0.541667,0.0959896,0.338781,1.03675,-0.0088769,-15.8453,1e-05,0.0155704,0.100339,7680.97,1.09629,0.503509,-1,0.2,59.3356,688128,1.02352,1.00396,1.13843,0.476332,-0.597793
57,38.848,427.75,0.0870163,0.25,0.583333,0.10047,0.372069,1.15202,-0.0101458,-15.8441,1e-05,0.0128905,0.100346,8543.51,0.984125,0.45416,-1,0.2,60.7757,700416,0.701846,0.668079,0.831885,0.317624,-0.577035
58,45.9205,515.793,0.0888399,0.416667,0.791667,0.100728,0.345129,0.990055,-0.00981652,-15.8427,1e-05,0.0115153,0.100354,7481.09,1.12759,0.514954,-1,0.2,62.42,712704,0.81335,0.791782,1.00395,0.372816,-0.685874
59,49.6447,550.5,0.0868003,0.291667,0.458333,0.0999316,0.364388,1.35015,-0.0117235,-15.8414,1e-05,0.0219337,0.100361,6730.87,1.08203,0.743593,-1,0.2,64.2471,724992,0.898588,0.851624,1.07352,0.397745,-0.739246
60,42.5828,464.68,0.0883406,0.291667,0.75,0.0994572,0.348152,1.11382,-0.0107241,-15.8403,1e-05,0.0168695,0.100367,6972.46,1.17805,0.584316,-1,0.2,66.0127,737280,0.751975,0.731863,0.903841,0.352913,-0.611453
61,33.3149,416.737,0.0901573,0.208333,0.583333,0.0981068,0.337796,1.12265,-0.0108623,-15.8393,1e-05,0.0115701,0.100372,6737.49,1.34388,0.479948,-1,0.2,67.8383,749568,0.64561,0.608175,0.808256,0.29353,-0.689825
62,36.5843,425.316,0.0911878,0.208333,0.583333,0.0963593,0.324516,0.888099,-0.011009,-15.8382,1e-05,0.0172794,0.100379,9781.75,0.878717,0.3775,-1,0.2,69.096,761856,0.654511,0.646513,0.824924,0.305269,-0.602001
63,28.2683,395.8,0.0889148,0.166667,0.666667,0.0948358,0.343773,1.12295,-0.0111233,-15.837,1e-05,0.0255088,0.100385,8907.32,1.00718,0.372355,-1,0.2,70.4772,774144,0.53977,0.554454,0.766328,0.253915,-0.701053
64,53.8557,615.182,0.0912026,0.416667,0.5,0.0931434,0.311961,0.81766,-0.0108918,-15.836,1e-05,0.0101384,0.100391,8596.09,1.04223,0.387261,-1,0.2,71.908,786432,0.948376,0.927676,1.19638,0.431093,-0.810739
65,28.2796,368.429,0.0883125,0.125,0.458333,0.0953317,0.34784,1.4101,-0.0118302,-15.8348,1e-05,0.0237385,0.100399,9599.12,0.923166,0.356952,-1,0.2,73.1896,798720,0.536057,0.525354,0.714383,0.242982,-0.604796
66,22.2125,381,0.0927865,0.125,0.75,0.0912052,0.308356,0.852387,-0.0119229,-15.8332,1e-05,0.0119211,0.100408,8946.12,0.966953,0.406603,-1,0.2,74.5645,811008,0.469798,0.471,0.736131,0.220251,-0.786557
67,60.3412,608.733,0.0963966,0.25,0.375,0.0846722,0.286712,0.878164,-0.0112442,-15.8316,1e-05,0.015472,0.100417,8231.67,1.03298,0.459792,-1,0.2,76.0587,823296,1.01863,1.01256,1.1848,0.478865,-0.677799
68,38.009,470.375,0.0968478,0.0833333,0.25,0.0855568,0.264477,0.752495,-0.0114269,-15.8303,1e-05,0.0151101,0.100422,9269.07,0.958033,0.367667,-1,0.2,77.3856,835584,0.718938,0.674854,0.915355,0.31857,-0.727268
69,53.4112,553.923,0.0942356,0.208333,0.333333,0.0874333,0.304551,0.87059,-0.0109942,-15.8293,1e-05,0.0181917,0.100429,7801.39,1.11816,0.456943,-1,0.2,78.9624,847872,0.917835,0.883931,1.07535,0.432582,-0.639133
70,48.2622,631.308,0.0921024,0.166667,0.375,0.0887251,0.317581,1.09672,-0.0136261,-15.828,1e-05,0.0181875,0.100436,8373.02,1.05198,0.415586,-1,0.2,80.4317,860160,0.888489,0.886298,1.22708,0.399849,-0.988604
71,36.9996,462.417,0.0918802,0.166667,0.833333,0.0907182,0.327211,1.12951,-0.0101913,-15.8267,1e-05,0.0139217,0.100444,9387.68,0.942413,0.366536,-1,0.2,81.7422,872448,0.681166,0.667678,0.893778,0.328244,-0.720883
72,35.1504,456.667,0.0929821,0.166667,0.333333,0.0857627,0.29174,0.919522,-0.00888924,-15.8251,1e-05,0.0130971,0.100453,8594.81,1.02465,0.405052,-1,0.2,83.1734,884736,0.673564,0.64245,0.887676,0.300621,-0.74679
73,64.1006,671.4,0.0911219,0.416667,0.416667,0.0896762,0.316019,1.10386,-0.0102463,-15.8235,1e-05,0.0211012,0.100462,8333.88,1.04976,0.424706,-1,0.2,84.6493,897024,1.09614,1.05561,1.30508,0.49604,-0.747842
74,30.7393,439.222,0.0928554,0.125,0.625,0.0892515,0.309168,0.910386,-0.0115594,-15.8219,1e-05,0.0183103,0.100471,10176.7,0.862997,0.344463,-1,0.2,85.8582,909312,0.601232,0.597274,0.852594,0.28625,-0.800383
75,31.4583,441.692,0.0934881,0.0833333,0.458333,0.0841675,0.29432,1.01777,-0.013105,-15.82,1e-05,0.00850403,0.100483,9353.13,0.959907,0.353877,-1,0.2,87.1734,921600,0.611126,0.612679,0.856851,0.285983,-0.793723
76,41.1219,500.833,0.0955919,0.166667,0.333333,0.0836228,0.275123,0.893601,-0.0114143,-15.818,1e-05,0.0110089,0.100494,9222.05,0.950452,0.382007,-1,0.2,88.5074,933888,0.741976,0.740828,0.968364,0.349095,-0.744166
77,44.1846,513.235,0.0958451,0.208333,0.5,0.0837055,0.294292,0.935011,-0.0116195,-15.8163,1e-05,0.018585,0.100501,9648.17,0.93985,0.333759,-1,0.2,89.7826,946176,0.791004,0.763659,0.993753,0.371855,-0.711043
78,55.3082,633.2,0.0955342,0.208333,0.416667,0.0850336,0.301004,1.02021,-0.0107399,-15.8152,1e-05,0.0164193,0.100507,9577.66,0.928491,0.354494,-1,0.2,91.0668,958464,0.956148,0.932156,1.23099,0.44597,-0.799856
79,29.9373,406.889,0.0953449,0.0416667,0.333333,0.0831995,0.289764,0.915604,-0.0116216,-15.814,1e-05,0.014914,0.100515,9880.04,0.8783,0.36542,-1,0.2,92.3118,970752,0.594787,0.574697,0.786227,0.27788,-0.736726
80,44.342,545.1,0.0950942,0.0833333,0.333333,0.0833878,0.279253,0.896319,-0.0118428,-15.8127,1e-05,0.0167381,0.100522,10062.1,0.906388,0.314824,-1,0.2,93.5342,983040,0.829151,0.799406,1.05622,0.364369,-0.832048
81,44.3736,591.071,0.0964845,0.166667,0.416667,0.0813424,0.284443,0.905134,-0.00883305,-15.8113,1e-05,0.0109029,0.100531,7551.9,1.09965,0.527487,-1,0.2,95.1627,995328,0.839648,0.817991,1.14848,0.379598,-0.967035
82,49.366,593.786,0.0969875,0.166667,0.416667,0.0818135,0.263765,0.80104,-0.0109683,-15.8095,1e-05,0.0210889,0.100542,8850.96,1.02464,0.363682,-1,0.2,96.5538,1.00762e+06,0.862196,0.866932,1.1481,0.408492,-0.817415
83,61.5492,689.286,0.0964601,0.208333,0.375,0.0808936,0.268302,0.822978,-0.0108232,-15.8077,1e-05,0.0188928,0.10055,10174.4,0.906639,0.301104,-1,0.2,97.763,1.0199e+06,1.09266,1.06924,1.33877,0.487607,-0.910822
84,104.329,949.571,0.0949592,3.125,0.375,0.0928947,0.299081,0.991417,-0.0112925,-15.8064,1e-05,0.0145444,0.100556,10818.4,0.864734,0.271107,-1,0.2,98.9,1.03219e+06,1.67144,1.65321,1.85028,0.763833,-0.722341
85,8.47178,215.625,0.0946852,0,0.333333,0.0888162,0.287414,0.957705,-0.00973647,-15.8053,1e-05,0.0152451,0.100562,13280.7,0.657048,0.268201,-1,0.2,99.8265,1.04448e+06,0.248875,0.211645,0.414247,0.116144,-0.567323
86,66.8351,704.44,0.0920485,0.625,0.416667,0.0938015,0.339157,1.23337,-0.0113687,-15.8041,1e-05,0.018877,0.10057,12352.6,0.737022,0.25775,-1,0.2,100.822,1.05677e+06,1.13121,1.09228,1.36752,0.513298,-0.762555
87,64.5815,691.871,0.091972,0.708333,0.583333,0.0906882,0.325508,1.31392,-0.00975172,-15.8025,1e-05,0.0219075,0.10058,12114.6,0.751232,0.263085,-1,0.2,101.838,1.06906e+06,1.12046,1.06668,1.34652,0.498678,-0.803263
88,58.7659,613.556,0.0913207,0.541667,0.583333,0.0915783,0.309846,0.988656,-0.0103142,-15.8008,1e-05,0.0158559,0.100589,12265.8,0.744286,0.257527,-1,0.2,102.841,1.08134e+06,1.01596,0.986111,1.19061,0.468313,-0.7227
89,66.6797,685.045,0.095128,0.541667,0.375,0.0904185,0.287155,0.957504,-0.00982968,-15.7992,1e-05,0.0157296,0.100597,12662.7,0.708741,0.261671,-1,0.2,103.813,1.09363e+06,1.11611,1.10587,1.33249,0.512065,-0.732547
90,72.6714,708.214,0.0938819,0.375,0.208333,0.0907048,0.283518,1.04295,-0.0106642,-15.7977,1e-05,0.0138314,0.100607,13007.4,0.686036,0.258659,-1,0.2,104.758,1.10592e+06,1.20562,1.16113,1.37586,0.558801,-0.667839
91,70.3373,666.053,0.0919611,0.458333,0.333333,0.0926964,0.307353,1.13069,-0.0103211,-15.7959,1e-05,0.00965513,0.100616,12034,0.75896,0.262146,-1,0.2,105.781,1.11821e+06,1.17384,1.12725,1.29474,0.538466,-0.617427
92,48.0554,560.579,0.0911688,0.25,0.541667,0.0955776,0.317763,1.00342,-0.0113035,-15.7946,1e-05,0.0140922,0.100622,11222.3,0.807974,0.286987,-1,0.2,106.877,1.1305e+06,0.852851,0.842322,1.08482,0.396468,-0.773689
93,72.6028,690.737,0.0929433,0.5,0.291667,0.0924758,0.314061,1.03454,-0.0118858,-15.7937,1e-05,0.0140617,0.100625,11334.8,0.760771,0.323326,-1,0.2,107.962,1.14278e+06,1.19145,1.16917,1.34079,0.541335,-0.612599
94,60.4107,656.238,0.0940074,0.458333,0.416667,0.0922633,0.280216,0.758399,-0.00914934,-15.7931,1e-05,0.0111254,0.10063,11220.4,0.797389,0.297757,-1,0.2,109.059,1.15507e+06,1.06079,1.01112,1.27211,0.466816,-0.790295
95,67.9378,698.786,0.0933277,0.375,0.208333,0.0930983,0.306118,1.12748,-0.01208,-15.792,1e-05,0.0151801,0.100639,12076.6,0.730679,0.286824,-1,0.2,110.079,1.16736e+06,1.10307,1.1158,1.35343,0.528978,-0.704389
96,51.1243,578.053,0.0912135,0.333333,0.458333,0.0924608,0.329393,1.12165,-0.00986946,-15.79,1e-05,0.0159182,0.100649,11771.5,0.754724,0.289156,-1,0.2,111.124,1.17965e+06,0.87627,0.872679,1.12079,0.415635,-0.729161
97,63.1074,618.375,0.0918698,0.5,0.5,0.0949361,0.323746,1.08967,-0.0101061,-15.7884,1e-05,0.0174367,0.100658,11769.9,0.758336,0.285683,-1,0.2,112.169,1.19194e+06,1.05708,1.00317,1.19941,0.494719,-0.599015
98,30.0761,407.5,0.0922446,0.0833333,0.333333,0.0948411,0.303371,0.9253,-0.0101594,-15.7868,1e-05,0.0105369,0.100667,12442.8,0.694047,0.293515,-1,0.2,113.158,1.20422e+06,0.585097,0.587545,0.787043,0.274308,-0.730189
99,67.5738,708.619,0.0921857,0.541667,0.333333,0.0944961,0.314092,1.10791,-0.00994242,-15.7854,1e-05,0.0164291,0.100674,11780.1,0.763297,0.279817,-1,0.2,114.202,1.21651e+06,1.16847,1.09104,1.3789,0.502321,-0.762038
100,44.7653,453.429,0.0912104,0.166667,0.416667,0.0974296,0.310472,0.871636,-0.00981753,-15.7843,1e-05,0.0115717,0.10068,12195,0.716595,0.291033,-1,0.2,115.211,1.2288e+06,0.770411,0.750047,0.874958,0.364344,-0.521496
101,73.3717,750.833,0.0910177,0.5,0.25,0.0966355,0.308778,0.837509,-0.0109447,-15.7833,1e-05,0.0120446,0.100685,11884.3,0.770894,0.263076,-1,0.2,117.475,1.24109e+06,1.24804,1.18911,1.45536,0.558832,-0.782757
102,69.4515,734.765,0.0905792,0.375,0.333333,0.0954413,0.304876,0.972061,-0.0106777,-15.7824,1e-05,0.0247473,0.100691,12847.4,0.694791,0.261665,-1,0.2,118.432,1.25338e+06,1.17597,1.16148,1.42529,0.539759,-0.829923
103,51.5171,604.455,0.0924555,0.416667,0.5,0.0955329,0.318785,0.878476,-0.00964727,-15.7814,1e-05,0.0135721,0.100695,12596.2,0.710295,0.265241,-1,0.2,119.409,1.26566e+06,0.920861,0.889554,1.17022,0.42058,-0.825363
104,65.094,691.118,0.0931966,0.375,0.333333,0.0945742,0.288372,0.662409,-0.0100895,-15.7806,1e-05,0.00723397,0.1007,12453.5,0.718048,0.268663,-1,0.2,120.397,1.27795e+06,1.08779,1.07933,1.33645,0.5166,-0.765467
105,82.2349,788.429,0.0907037,0.416667,0.166667,0.0980832,0.32476,0.962312,-0.0122378,-15.7794,1e-05,0.0204475,0.100707,12842.9,0.67832,0.278471,-1,0.2,121.355,1.29024e+06,1.33303,1.3241,1.5238,0.621778,-0.690957
106,56.7025,597.667,0.0893942,0.333333,0.416667,0.0994241,0.336337,1.02958,-0.0115812,-15.7782,1e-05,0.0133609,0.100715,12361.7,0.718248,0.27579,-1,0.2,122.351,1.30253e+06,0.990729,0.945627,1.15551,0.444309,-0.701053
107,65.9324,732.625,0.0898339,0.541667,0.458333,0.101328,0.327582,0.948844,-0.0100644,-15.7766,1e-05,0.0095233,0.100725,11218.4,0.819748,0.275592,-1,0.2,123.447,1.31482e+06,1.16955,1.09392,1.42283,0.513801,-0.903495
108,50.8713,556,0.0928548,0.208333,0.458333,0.097868,0.296761,0.571128,-0.0101039,-15.7747,1e-05,0.00693645,0.100735,12372,0.709163,0.284047,-1,0.2,124.442,1.3271e+06,0.904207,0.856326,1.07533,0.427249,-0.719544
109,86.1158,760.8,0.0957602,0.291667,0.125,0.0913972,0.257751,0.506471,-0.0107957,-15.7729,1e-05,0.0125844,0.100745,12527,0.688233,0.29269,-1,0.2,125.424,1.33939e+06,1.37135,1.38623,1.46735,0.641413,-0.560548
110,65.431,789.333,0.0958584,0.125,0.125,0.0927403,0.265203,0.645754,-0.0110234,-15.7716,1e-05,0.012092,0.100749,12311.7,0.7101,0.287976,-1,0.2,126.423,1.35168e+06,1.16254,1.07551,1.51833,0.533439,-1.01827
111,84.9035,864.25,0.09411,0.25,0.0833333,0.0943415,0.279275,0.533252,-0.0113057,-15.7709,1e-05,0.0128875,0.100755,9595.52,0.976043,0.304554,-1,0.2,127.705,1.36397e+06,1.36786,1.36723,1.67259,0.655824,-0.818318
112,42.4854,601.2,0.0927007,0.166667,0.25,0.0970307,0.306153,0.675155,-0.00920255,-15.7696,1e-05,0.0135911,0.100763,12047.1,0.735468,0.284525,-1,0.2,128.726,1.37626e+06,0.788839,0.776709,1.15747,0.383821,-0.982567
113,69.3283,726.267,0.0922734,0.333333,0.291667,0.0975609,0.297366,0.747889,-0.0113322,-15.7683,1e-05,0.0190141,0.100769,12205.2,0.724518,0.282264,-1,0.2,129.734,1.38854e+06,1.14128,1.149,1.40508,0.532076,-0.761021
114,59.4798,714.8,0.0914227,0.375,0.25,0.0951795,0.304834,0.893064,-0.0113772,-15.7672,1e-05,0.015659,0.100776,12244.3,0.724847,0.278724,-1,0.2,130.739,1.40083e+06,1.03466,1.01092,1.38786,0.464955,-0.924406
115,71.8542,725.286,0.090195,0.5,0.375,0.0991683,0.319515,0.799,-0.00982081,-15.7659,1e-05,0.00856223,0.100784,12088,0.740452,0.27609,-1,0.2,131.757,1.41312e+06,1.21906,1.16346,1.40004,0.556209,-0.746056
116,63.2166,698.071,0.0935328,0.208333,0.375,0.0967864,0.287848,0.599311,-0.0103721,-15.7644,1e-05,0.0111856,0.100792,10005.8,0.780985,0.447102,-1,0.2,132.986,1.42541e+06,1.10216,1.08098,1.34577,0.51733,-0.885407
117,79.8442,744.75,0.0932937,0.291667,0.208333,0.0970345,0.286785,0.726201,-0.0105244,-15.763,1e-05,0.0159459,0.100799,8664.61,1.01482,0.403366,-1,0.2,134.406,1.4377e+06,1.30129,1.29913,1.43588,0.597299,-0.641401
118,63.8991,699.083,0.0929359,0.291667,0.208333,0.0936227,0.285289,0.597646,-0.0104213,-15.7619,1e-05,0.00922833,0.100806,7529.91,1.2489,0.382991,-1,0.2,136.04,1.44998e+06,1.07844,1.03361,1.34784,0.493971,-0.758901
119,79.6028,878.8,0.0938003,0.416667,0.208333,0.095675,0.275265,0.538724,-0.0107717,-15.7605,1e-05,0.0108566,0.100814,8498.3,1.018,0.427934,-1,0.2,137.488,1.46227e+06,1.38648,1.33927,1.69884,0.613978,-1.05842
120,74.0163,805.25,0.0938658,0.25,0.0833333,0.0968179,0.269998,0.587796,-0.0112821,-15.7588,1e-05,0.0195269,0.100824,8793.31,0.956938,0.440488,-1,0.2,138.887,1.47456e+06,1.24473,1.24089,1.55629,0.563693,-0.904784
121,42.5598,593.417,0.0913688,0.125,0.375,0.0986246,0.307384,0.779384,-0.0114504,-15.7571,1e-05,0.0206242,0.100834,8655.56,0.968292,0.451374,-1,0.2,140.308,1.48685e+06,0.748417,0.779235,1.1422,0.37636,-0.918218
122,73.3387,735,0.0894164,0.291667,0.208333,0.0998914,0.324869,0.982063,-0.0110725,-15.7554,1e-05,0.0160137,0.100841,9248.74,0.92592,0.402693,-1,0.2,141.638,1.49914e+06,1.25532,1.22174,1.41522,0.563091,-0.788439
123,54.6586,697.833,0.0911475,0.375,0.375,0.101062,0.29431,0.525582,-0.0106908,-15.7543,1e-05,0.0152341,0.100848,8420.41,0.984412,0.4749,-1,0.2,143.099,1.51142e+06,0.96516,0.953274,1.35288,0.453889,-0.992276
124,78.7133,844.6,0.0941597,0.25,0.166667,0.0936962,0.273016,0.449939,-0.0114269,-15.753,1e-05,0.0103887,0.100855,8501.6,0.996591,0.448784,-1,0.2,144.546,1.52371e+06,1.34111,1.33405,1.62919,0.634723,-1.00341
125,96.1709,952.686,0.0934386,1.95833,0.166667,0.0964851,0.292804,0.668326,-0.0116772,-15.7517,1e-05,0.0173736,0.100863,9120.67,0.976618,0.370651,-1,0.2,145.895,1.536e+06,1.55864,1.53434,1.84062,0.712698,-0.837752
126,75.135,766.412,0.0909522,0.458333,0.25,0.101542,0.311463,0.815538,-0.00973829,-15.7502,1e-05,0.0211508,0.100871,9079.31,0.929993,0.423414,-1,0.2,147.249,1.54829e+06,1.2624,1.23351,1.48183,0.563921,-0.784912
127,56.7426,669.619,0.0903085,0.375,0.5,0.100948,0.315046,0.587746,-0.0110635,-15.7487,1e-05,0.0173554,0.10088,8838.68,0.963797,0.426455,-1,0.2,148.641,1.56058e+06,1.00319,0.984539,1.29128,0.465792,-0.907666
128,74.7436,754.053,0.0937531,0.5,0.291667,0.0966086,0.270568,0.46768,-0.0106402,-15.7473,1e-05,0.00697912,0.100887,9083.61,0.970371,0.382395,-1,0.2,149.995,1.57286e+06,1.24144,1.21,1.45598,0.565095,-0.735333
129,85.8837,883,0.0935518,0.541667,0.125,0.0961994,0.282319,0.735324,-0.00990806,-15.7461,1e-05,0.0120925,0.100894,9394.01,0.91765,0.390418,-1,0.2,151.305,1.58515e+06,1.40099,1.40006,1.70285,0.643391,-0.853101
130,68.6,711.19,0.0910542,0.5,0.375,0.100188,0.29549,0.67596,-0.0106812,-15.7448,1e-05,0.0167033,0.100901,8815.05,0.980495,0.413485,-1,0.2,152.7,1.59744e+06,1.13448,1.12719,1.36871,0.524806,-0.725186
131,82.0089,869.214,0.0933155,0.375,0.208333,0.0966681,0.274983,0.554885,-0.00971075,-15.7434,1e-05,0.0148857,0.10091,9455,0.826434,0.473196,-1,0.2,154.001,1.60973e+06,1.39486,1.34396,1.67776,0.626884,-0.943024
132,77.5982,795.583,0.0922104,0.333333,0.166667,0.0991398,0.310585,0.644674,-0.0104646,-15.7418,1e-05,0.0162631,0.100919,8459.83,0.99818,0.454332,-1,0.2,155.456,1.62202e+06,1.3208,1.27573,1.5342,0.563646,-0.814459
133,56.5283,638.714,0.0926699,0.291667,0.291667,0.0995168,0.287937,0.484917,-0.0102527,-15.7403,1e-05,0.0143407,0.100927,8380.71,0.94834,0.517884,-1,0.2,156.923,1.6343e+06,0.963432,0.973316,1.22823,0.439278,-0.77784
134,58.4622,702,0.0937107,0.333333,0.208333,0.0957531,0.282634,0.532218,-0.0106143,-15.7391,1e-05,0.0129333,0.100933,8968.96,0.985627,0.384432,-1,0.2,158.295,1.64659e+06,0.985939,0.975411,1.35991,0.474836,-0.872986
135,80.0695,807.429,0.0937281,0.666667,0.208333,0.0965967,0.293219,0.669836,-0.0109717,-15.7379,1e-05,0.0133288,0.100941,7222.95,1.16905,0.532194,-1,0.2,159.998,1.65888e+06,1.30311,1.312,1.55448,0.594296,-0.760412
136,73.8742,770.615,0.094023,0.333333,0.208333,0.096227,0.27934,0.48517,-0.0103367,-15.7362,1e-05,0.012854,0.100951,8496.79,0.997002,0.449191,-1,0.2,161.446,1.67117e+06,1.19718,1.21933,1.48296,0.553278,-0.75905
137,65.2026,785.857,0.0939357,0.375,0.208333,0.0950369,0.290706,0.558888,-0.0110368,-15.7345,1e-05,0.0130656,0.100959,9846.25,0.911341,0.336647,-1,0.2,162.696,1.68346e+06,1.08718,1.08184,1.51072,0.526019,-0.94563
138,80.8203,822.25,0.0932399,0.625,0.208333,0.096305,0.299652,0.468115,-0.00851644,-15.7333,1e-05,0.015763,0.100966,11080.1,0.814031,0.294983,-1,0.2,163.806,1.69574e+06,1.33502,1.29374,1.58464,0.604052,-0.776426
139,78.1685,802.833,0.0938382,0.375,0.125,0.0937178,0.276986,0.622816,-0.0105286,-15.7319,1e-05,0.0125524,0.100974,7638.08,1.10328,0.505504,-1,0.2,165.416,1.70803e+06,1.32539,1.2151,1.54898,0.593147,-0.774194
140,61.164,711.385,0.0914752,0.291667,0.25,0.0984613,0.320426,0.749249,-0.0116625,-15.7304,1e-05,0.0182374,0.100984,8361.29,1.06598,0.403653,-1,0.2,166.887,1.72032e+06,1.03793,1.0103,1.36666,0.492603,-0.849298
141,76.3271,777.789,0.0917018,0.458333,0.333333,0.0990042,0.30398,0.583306,-0.0114942,-15.7285,1e-05,0.0095122,0.100994,8942,1.01662,0.357572,-1,0.2,168.263,1.73261e+06,1.28395,1.23071,1.49402,0.576594,-0.768921
142,73.3994,826.778,0.0934261,0.25,0.125,0.0963432,0.283776,0.565755,-0.0105341,-15.7268,1e-05,0.015708,0.101003,9620.1,0.822793,0.454533,-1,0.2,169.541,1.7449e+06,1.24191,1.23649,1.59723,0.561856,-0.967522
143,70.8277,696.765,0.0935282,0.416667,0.291667,0.0962232,0.303213,0.431683,-0.00921659,-15.7252,1e-05,0.0145411,0.101011,8433.66,1.04722,0.409799,-1,0.2,171,1.75718e+06,1.16781,1.16044,1.33676,0.524668,-0.648301
144,75.3351,822.688,0.0940244,0.458333,0.208333,0.095059,0.287296,0.434986,-0.00967965,-15.7241,1e-05,0.00937894,0.101016,9003.52,0.971061,0.393739,-1,0.2,172.366,1.76947e+06,1.28091,1.21207,1.58548,0.569869,-0.881571
145,72.7064,852.5,0.0923156,0.583333,0.25,0.0974781,0.303783,0.735016,-0.0111603,-15.7233,1e-05,0.0140803,0.101022,9603.18,0.895394,0.384183,-1,0.2,173.647,1.78176e+06,1.23373,1.18039,1.64364,0.577779,-1.00022
146,65.1812,739.125,0.0937273,0.416667,0.25,0.0961382,0.300728,0.502588,-0.00959312,-15.722,1e-05,0.0110638,0.101029,8199.37,1.02095,0.477697,-1,0.2,175.147,1.79405e+06,1.07268,1.1039,1.41608,0.507965,-0.841568
147,78.0793,803.5,0.0947887,0.458333,0.208333,0.0952731,0.282571,0.455406,-0.00901603,-15.7207,1e-05,0.00955232,0.101036,8871.48,0.959399,0.425713,-1,0.2,176.534,1.80634e+06,1.28401,1.29144,1.53892,0.582173,-0.792573
148,86.3876,848.364,0.0935838,0.333333,0.125,0.0966424,0.282323,0.497197,-0.0107417,-15.7194,1e-05,0.0107034,0.101045,9529.22,0.934417,0.35509,-1,0.2,177.825,1.81862e+06,1.40801,1.37319,1.62792,0.628692,-0.718435
149,77.6127,839.542,0.0943961,0.75,0.25,0.0954558,0.267366,0.39814,-0.0106832,-15.7177,1e-05,0.0163608,0.101053,9407,0.866814,0.439447,-1,0.2,179.133,1.83091e+06,1.3104,1.25803,1.61589,0.581065,-0.884751
150,73.2049,729.917,0.0938589,0.333333,0.166667,0.0957018,0.292977,0.521993,-0.00972248,-15.7164,1e-05,0.0180179,0.10106,8507.16,0.965315,0.479116,-1,0.2,180.579,1.8432e+06,1.20408,1.16796,1.40328,0.543424,-0.658502
151,63.2894,603.2,0.0939451,0.208333,0.208333,0.0973276,0.291567,0.520726,-0.00907931,-15.7152,1e-05,0.017469,0.101067,8872.39,0.972357,0.412614,-1,0.2,181.965,1.85549e+06,1.05778,1.0344,1.15204,0.449251,-0.529001
152,58.9997,720.818,0.0922188,0.25,0.208333,0.0977307,0.313376,0.676774,-0.0100862,-15.7138,1e-05,0.00762295,0.101077,10070.6,0.859462,0.360726,-1,0.2,183.187,1.86778e+06,0.979883,1.01234,1.3864,0.476392,-0.905036
153,54.4006,595.75,0.0915309,0.208333,0.291667,0.0998906,0.323533,0.56543,-0.00974089,-15.7122,1e-05,0.0122553,0.101083,8714.85,0.975415,0.434593,-1,0.2,184.598,1.88006e+06,0.984843,0.879512,1.14031,0.424748,-0.709387
154,65.488,762.188,0.0931585,0.416667,0.25,0.096226,0.285784,0.580408,-0.00987401,-15.7113,1e-05,0.0123912,0.101089,8782.8,1.0065,0.392593,-1,0.2,185.999,1.89235e+06,1.16697,1.09241,1.46623,0.509592,-0.960801
155,78.165,795.2,0.0930653,0.416667,0.208333,0.0954895,0.298977,0.549168,-0.0113802,-15.7101,1e-05,0.0163923,0.101096,8752.44,0.998027,0.405924,-1,0.2,187.404,1.90464e+06,1.28636,1.27074,1.52297,0.568942,-0.740757
156,60.9349,740.429,0.0948634,0.333333,0.25,0.0938895,0.276995,0.444767,-0.00831635,-15.7091,1e-05,0.00873399,0.1011,10943.2,0.831757,0.291131,-1,0.2,188.528,1.91693e+06,1.05326,1.00419,1.42739,0.494892,-0.932985
157,87.3714,866.889,0.0934584,0.625,0.125,0.0982598,0.287718,0.478255,-0.011687,-15.7084,1e-05,0.0198611,0.101104,8942.16,0.944751,0.429414,-1,0.2,189.904,1.92922e+06,1.44904,1.39287,1.66576,0.632281,-0.77139
158,72.9063,790.5,0.0929356,0.333333,0.166667,0.0963715,0.299621,0.466508,-0.00929565,-15.7074,1e-05,0.0162763,0.101111,9025.84,0.965309,0.396116,-1,0.2,191.267,1.9415e+06,1.2661,1.17896,1.51952,0.553805,-0.87306
159,61.8357,656,0.0943453,0.291667,0.291667,0.0971785,0.293171,0.482638,-0.00995673,-15.7062,1e-05,0.0135173,0.101118,8596.38,1.01119,0.418249,-1,0.2,192.698,1.95379e+06,1.05919,0.989249,1.25834,0.477439,-0.69243
160,77.7832,833.062,0.0955074,0.458333,0.208333,0.094233,0.258221,0.28023,-0.00936447,-15.7049,1e-05,0.00775016,0.101125,10275,0.888693,0.307221,-1,0.2,193.896,1.96608e+06,1.30723,1.24049,1.59872,0.584909,-0.842191
161,83.0573,888,0.0948653,0.25,0.0833333,0.0956025,0.28093,0.550956,-0.00952034,-15.7037,1e-05,0.00984986,0.101132,12455.5,0.69907,0.287483,-1,0.2,194.883,1.97837e+06,1.34481,1.35001,1.70266,0.626058,-0.870659
162,61.2787,740.929,0.0944146,0.333333,0.25,0.0957424,0.290192,0.381797,-0.00985211,-15.7026,1e-05,0.0133477,0.101138,11819.5,0.752567,0.287069,-1,0.2,195.924,1.99066e+06,1.04615,0.98557,1.42273,0.504958,-0.895468
163,68.1003,814.818,0.0956962,0.333333,0.125,0.0945373,0.27122,0.330727,-0.00927742,-15.7016,1e-05,0.00823104,0.101142,12488.6,0.695043,0.288895,-1,0.2,196.909,2.00294e+06,1.12743,1.09441,1.56944,0.550303,-0.93656
164,89.7654,962.909,0.0956753,0.416667,0.0416667,0.0926357,0.271366,0.331063,-0.00988771,-15.7006,1e-05,0.0106426,0.10115,11759.7,0.694281,0.350644,-1,0.2,197.956,2.01523e+06,1.45807,1.46591,1.84734,0.676687,-0.959728
165,88.2505,892.8,0.0961112,0.333333,0.0833333,0.0928447,0.256935,0.292425,-0.00886828,-15.6992,1e-05,0.0178604,0.101156,12184.7,0.710967,0.297508,-1,0.2,198.966,2.02752e+06,1.4699,1.41829,1.70764,0.641238,-0.82454
166,86.383,877.091,0.0959621,0.291667,0.166667,0.0937616,0.269459,0.390727,-0.00922284,-15.6983,1e-05,0.00882606,0.10116,12184.1,0.716515,0.292011,-1,0.2,199.975,2.03981e+06,1.41777,1.38915,1.68237,0.629668,-0.79981
167,95.6067,992.417,0.0965035,1.45833,0.0416667,0.0922271,0.263889,0.341385,-0.0106597,-15.6977,1e-05,0.0134057,0.101164,11736.9,0.726137,0.320815,-1,0.2,201.024,2.0521e+06,1.57649,1.48933,1.90278,0.696418,-0.88468
168,78.4852,853.562,0.0949541,0.5,0.166667,0.0949661,0.273158,0.372343,-0.0108069,-15.6969,1e-05,0.00833642,0.101169,11635.3,0.763746,0.292353,-1,0.2,202.081,2.06438e+06,1.2977,1.2466,1.64174,0.59428,-0.856069
169,86.0875,877.294,0.0958173,0.583333,0.125,0.0945752,0.272572,0.420268,-0.00927634,-15.696,1e-05,0.0201105,0.101174,11920.9,0.742091,0.288706,-1,0.2,203.113,2.07667e+06,1.41509,1.36738,1.67732,0.622094,-0.77751
170,82.6679,836.611,0.0950744,0.583333,0.166667,0.0950103,0.288412,0.575889,-0.00993881,-15.695,1e-05,0.00757029,0.101181,12167,0.722049,0.287892,-1,0.2,204.124,2.08896e+06,1.3653,1.29927,1.60114,0.60453,-0.73685
171,75.7338,764.667,0.0944153,0.541667,0.208333,0.096578,0.293963,0.540407,-0.0104455,-15.6937,1e-05,0.0155907,0.101188,12046.9,0.732648,0.287365,-1,0.2,205.146,2.10125e+06,1.23921,1.18377,1.46607,0.55611,-0.658481
172,79.8031,816.571,0.093578,0.416667,0.166667,0.0963742,0.285365,0.329213,-0.00767549,-15.6926,1e-05,0.0195189,0.101194,11885,0.748445,0.285467,-1,0.2,206.181,2.11354e+06,1.32238,1.30253,1.56028,0.58332,-0.778357
173,67.6116,727.846,0.0946405,0.333333,0.208333,0.097073,0.286665,0.50775,-0.00839874,-15.6915,1e-05,0.011413,0.101201,12458.3,0.696202,0.290132,-1,0.2,207.168,2.12582e+06,1.11273,1.10517,1.3855,0.506548,-0.729376
174,83.5979,866.467,0.0947423,0.458333,0.166667,0.0969301,0.275047,0.366543,-0.0104863,-15.6903,1e-05,0.00807337,0.101207,12215.5,0.712993,0.29294,-1,0.2,208.176,2.13811e+06,1.4101,1.29098,1.66487,0.616088,-0.802134
175,83.6346,858.5,0.0930049,0.375,0.125,0.0999893,0.280386,0.35195,-0.0103776,-15.6892,1e-05,0.0153965,0.101214,12460.4,0.689157,0.297004,-1,0.2,209.163,2.1504e+06,1.417,1.29544,1.64658,0.603257,-0.780554
176,70.7301,734.929,0.0930746,0.333333,0.25,0.100484,0.284673,0.337262,-0.00884777,-15.6878,1e-05,0.0155635,0.101221,12286.2,0.704788,0.295359,-1,0.2,210.164,2.16269e+06,1.18016,1.16798,1.40644,0.512199,-0.730271
177,92.8578,955.062,0.0949243,0.625,0.0416667,0.0979703,0.26222,0.252276,-0.0108801,-15.6864,1e-05,0.0135531,0.10123,12097.4,0.730146,0.28561,-1,0.2,211.181,2.17498e+06,1.53035,1.43894,1.82997,0.67094,-0.827301
178,64.7339,641.5,0.0937463,0.25,0.166667,0.0997017,0.29073,0.360248,-0.0112599,-15.685,1e-05,0.0127103,0.101237,12615.3,0.692612,0.281445,-1,0.2,212.157,2.18726e+06,1.05103,1.06127,1.22201,0.455685,-0.553306
179,82.7358,873.471,0.0943129,0.541667,0.166667,0.0985135,0.284807,0.427425,-0.00911611,-15.6838,1e-05,0.00916801,0.101245,12117.4,0.734748,0.279331,-1,0.2,213.172,2.19955e+06,1.42461,1.28794,1.6791,0.600317,-0.855181
180,78.083,823.476,0.0921871,0.625,0.25,0.100092,0.306658,0.422335,-0.0111694,-15.6823,1e-05,0.0169777,0.101254,11773.9,0.762593,0.281074,-1,0.2,214.217,2.21184e+06,1.27713,1.27119,1.57403,0.564122,-0.78232
181,66.1905,816.75,0.0933082,0.208333,0.125,0.100645,0.288993,0.424754,-0.00911752,-15.6805,1e-05,0.0137997,0.101264,11858.2,0.712983,0.323265,-1,0.2,215.255,2.22413e+06,1.02883,1.10155,1.5594,0.560409,-0.940663
182,56.2489,697.929,0.0951024,0.375,0.208333,0.0980004,0.277346,0.274005,-0.00999796,-15.6787,1e-05,0.0122395,0.101273,11404.3,0.784041,0.29345,-1,0.2,216.333,2.23642e+06,0.915658,0.938367,1.34364,0.471533,-0.856754
183,91.5968,915.5,0.0944024,0.541667,0.125,0.100508,0.286472,0.272608,-0.00977321,-15.6774,1e-05,0.0121819,0.10128,12253.3,0.717267,0.285567,-1,0.2,217.337,2.2487e+06,1.51388,1.4651,1.74542,0.620478,-0.765033
184,95.6959,935.9,0.0943708,0.375,0.0416667,0.0999914,0.273178,0.284575,-0.00914123,-15.6762,1e-05,0.0101457,0.101286,12715.9,0.67325,0.2931,-1,0.2,218.305,2.26099e+06,1.54272,1.51715,1.78837,0.659532,-0.722973
185,87.5346,885.312,0.0941078,0.541667,0.125,0.101043,0.288594,0.357793,-0.00885664,-15.6752,1e-05,0.011937,0.101292,11891.9,0.726277,0.307035,-1,0.2,219.339,2.27328e+06,1.42464,1.4022,1.68992,0.620467,-0.760497
186,78.9699,835.438,0.0935895,0.5,0.166667,0.0996973,0.287439,0.267962,-0.00982373,-15.6741,1e-05,0.00500718,0.101297,12147.7,0.73025,0.281302,-1,0.2,220.352,2.28557e+06,1.30341,1.25937,1.59708,0.569718,-0.781074
187,86.9399,875.533,0.0933625,0.5,0.125,0.101978,0.301486,0.296544,-0.00964369,-15.6733,1e-05,0.0111683,0.101302,12207.6,0.72056,0.286025,-1,0.2,221.36,2.29786e+06,1.41161,1.36324,1.67025,0.609385,-0.707494
188,70.4319,832.857,0.0932386,0.458333,0.125,0.100534,0.307397,0.524927,-0.00904988,-15.672,1e-05,0.0119051,0.101312,12438,0.701784,0.286158,-1,0.2,222.349,2.31014e+06,1.15031,1.1388,1.59258,0.558089,-0.918186
189,76.8901,824.632,0.0923908,0.5,0.291667,0.103454,0.306068,0.3152,-0.0111209,-15.6703,1e-05,0.00842947,0.101321,12264.4,0.7163,0.285626,-1,0.2,223.352,2.32243e+06,1.26792,1.25364,1.57378,0.557403,-0.808235
190,91.814,985.273,0.0946417,0.416667,0.0416667,0.0998919,0.274162,0.304703,-0.00997181,-15.6687,1e-05,0.0148852,0.10133,12294.5,0.708784,0.290688,-1,0.2,224.353,2.33472e+06,1.55283,1.42801,1.88339,0.661472,-0.935003
191,81.8738,860.222,0.0930486,0.541667,0.208333,0.103221,0.304794,0.579394,-0.00940504,-15.667,1e-05,0.012293,0.10134,12115.2,0.732452,0.281808,-1,0.2,225.369,2.34701e+06,1.35637,1.29794,1.64013,0.577855,-0.7786
192,72.4473,859.167,0.0935969,0.333333,0.166667,0.0992398,0.294245,0.355981,-0.0103458,-15.6652,1e-05,0.0113585,0.101351,11900.5,0.690752,0.341813,-1,0.2,226.403,2.3593e+06,1.17288,1.17604,1.65225,0.57332,-0.952128
193,71.0997,786.875,0.093846,0.208333,0.125,0.0970151,0.296801,0.432414,-0.00951728,-15.6631,1e-05,0.0095721,0.101362,12177.7,0.697499,0.311557,-1,0.2,227.413,2.37158e+06,1.16452,1.22231,1.49993,0.522408,-0.854185
194,81.99,914,0.0936342,0.416667,0.125,0.100126,0.288854,0.311631,-0.00946999,-15.6614,1e-05,0.01049,0.101369,11373.9,0.789856,0.290511,-1,0.2,228.495,2.38387e+06,1.40485,1.25933,1.74891,0.619381,-0.932975
195,74.8924,845.214,0.0934094,0.416667,0.166667,0.100575,0.303444,0.35032,-0.00946225,-15.6603,1e-05,0.00886502,0.101377,12082.2,0.703479,0.313557,-1,0.2,229.513,2.39616e+06,1.25036,1.1691,1.61829,0.568352,-0.861476
196,80.6995,841.722,0.093837,0.583333,0.166667,0.100759,0.284399,0.210479,-0.0106553,-15.6589,1e-05,0.015335,0.101385,12046.2,0.740475,0.279597,-1,0.2,230.534,2.40845e+06,1.35642,1.25108,1.60704,0.572242,-0.7518
197,76.5082,866.545,0.0933304,0.333333,0.125,0.100478,0.298579,0.472053,-0.00905855,-15.6573,1e-05,0.0165443,0.101395,12610.1,0.687469,0.286988,-1,0.2,231.51,2.42074e+06,1.2783,1.20271,1.65943,0.589707,-0.904739
198,72.5691,759.867,0.0944644,0.416667,0.208333,0.0989321,0.281589,0.246198,-0.00989737,-15.6554,1e-05,0.00980906,0.101405,12204.7,0.716237,0.290588,-1,0.2,232.518,2.43302e+06,1.18324,1.13812,1.45043,0.523196,-0.666523
199,101.317,992,0.0926108,0.541667,0.0416667,0.100416,0.314357,0.527986,-0.00934234,-15.6538,1e-05,0.010839,0.101414,10978,0.733876,0.385451,-1,0.2,233.639,2.44531e+06,1.63964,1.61612,1.88396,0.669994,-0.743862
200,62.6164,683.65,0.0933267,0.458333,0.375,0.102009,0.30102,0.453678,-0.00877517,-15.6522,1e-05,0.00824051,0.101422,7989.19,1.10144,0.436636,-1,0.2,235.179,2.4576e+06,1.04281,1.00871,1.30289,0.451097,-0.674683
201,88.0567,877.923,0.0936728,0.416667,0.125,0.101276,0.287002,0.439952,-0.00939927,-15.6508,1e-05,0.0189431,0.101429,9841.24,0.928888,0.319736,-1,0.2,237.86,2.46989e+06,1.42108,1.40373,1.66582,0.599373,-0.687161
202,71.8595,741,0.0923731,0.458333,0.208333,0.100491,0.307608,0.306972,-0.01052,-15.6496,1e-05,0.0129509,0.101438,11432.6,0.770891,0.303928,-1,0.2,238.937,2.48218e+06,1.1987,1.16855,1.41076,0.482371,-0.667411
203,81.4691,895.571,0.0937035,0.416667,0.166667,0.100052,0.274019,0.189677,-0.00993574,-15.648,1e-05,0.0115399,0.101446,12280.2,0.710889,0.289749,-1,0.2,239.939,2.49446e+06,1.36264,1.30282,1.71441,0.586167,-0.892584
204,101.717,960.714,0.094259,0.25,0.0416667,0.0988607,0.275499,0.313747,-0.00920894,-15.6466,1e-05,0.0163849,0.101453,11628,0.757396,0.299366,-1,0.2,240.997,2.50675e+06,1.67627,1.58775,1.82241,0.643427,-0.644025
205,86.1391,917.091,0.0934172,0.375,0.0833333,0.101014,0.280944,0.261633,-0.0105925,-15.6452,1e-05,0.0113796,0.101463,9868.91,0.795686,0.449436,-1,0.2,242.243,2.51904e+06,1.46368,1.33698,1.74655,0.603639,-0.84389
206,88.2316,907.455,0.0925073,0.375,0.0833333,0.103208,0.301842,0.440409,-0.0106991,-15.6436,1e-05,0.018856,0.101469,9152.8,0.942723,0.399817,-1,0.2,243.587,2.53133e+06,1.44571,1.42309,1.72264,0.599071,-0.778922
207,80.6784,814.467,0.0922961,0.416667,0.208333,0.102784,0.312414,0.430646,-0.00888277,-15.6427,1e-05,0.00715684,0.101474,9399.48,0.903773,0.403534,-1,0.2,244.896,2.54362e+06,1.34128,1.27639,1.5488,0.548037,-0.68058
208,73.2245,862.25,0.0928781,0.333333,0.166667,0.102878,0.29649,0.374931,-0.0095675,-15.6415,1e-05,0.0121061,0.101483,10916.4,0.817717,0.307931,-1,0.2,246.023,2.5559e+06,1.24351,1.09483,1.65998,0.579942,-0.917039
209,90.7337,926.185,0.091027,1,0.125,0.105328,0.324518,0.653639,-0.0102556,-15.6397,1e-05,0.0179947,0.101494,12383.8,0.706716,0.285552,-1,0.2,247.017,2.56819e+06,1.48907,1.45215,1.76319,0.613897,-0.781619
210,71.7797,757.625,0.0907519,0.541667,0.458333,0.106296,0.326407,0.389889,-0.00936717,-15.638,1e-05,0.0140075,0.101501,11759.2,0.77047,0.274501,-1,0.2,248.063,2.58048e+06,1.18335,1.17211,1.43696,0.487222,-0.690658
211,72.8061,782.842,0.0916595,0.5,0.291667,0.104386,0.337184,0.52727,-0.00980662,-15.6368,1e-05,0.0131816,0.101509,10782.4,0.727817,0.411816,-1,0.2,249.204,2.59277e+06,1.24392,1.13506,1.49104,0.520446,-0.750159
212,83.8321,799.412,0.0916622,0.5,0.208333,0.105377,0.298755,0.316744,-0.0108939,-15.6353,1e-05,0.0132761,0.101517,8256.74,1.02005,0.468192,-1,0.2,250.693,2.60506e+06,1.38518,1.34807,1.50993,0.515805,-0.567375
213,73.6561,854.75,0.0928351,0.375,0.125,0.10491,0.286106,0.247811,-0.00927936,-15.6341,1e-05,0.0150142,0.101522,9156.08,0.964395,0.377664,-1,0.2,252.037,2.61734e+06,1.1971,1.20399,1.63296,0.540216,-0.891457
214,70.8216,819.643,0.0917201,0.458333,0.125,0.105821,0.306844,0.41627,-0.00867952,-15.6334,1e-05,0.00712738,0.101526,9977.82,0.907311,0.324221,-1,0.2,253.271,2.62963e+06,1.1138,1.14183,1.56269,0.537103,-0.814337
215,71.8886,757.312,0.0911746,0.458333,0.208333,0.108271,0.322025,0.422966,-0.00976332,-15.6326,1e-05,0.0135577,0.101532,11740.9,0.747011,0.299591,-1,0.2,254.318,2.64192e+06,1.15565,1.16207,1.44228,0.496102,-0.661662
216,77.0624,840.538,0.0921646,0.375,0.166667,0.105362,0.3182,0.429185,-0.00954861,-15.6313,1e-05,0.0125959,0.10154,8311.47,1.05417,0.424267,-1,0.2,255.798,2.65421e+06,1.28927,1.21142,1.5998,0.545147,-0.792514
217,67.0222,743.875,0.0901406,0.375,0.291667,0.11083,0.322905,0.389264,-0.0109868,-15.6301,1e-05,0.0121878,0.101546,8844.99,0.994876,0.394385,-1,0.2,257.189,2.6665e+06,1.13085,1.06327,1.40967,0.47239,-0.72507
218,67.2868,770.842,0.0924834,0.5,0.291667,0.104832,0.309367,0.299011,-0.00829842,-15.6291,1.5e-05,0.00490536,0.101552,10083,0.90179,0.3169,-1,0.2,258.41,2.67878e+06,1.07725,1.12056,1.46493,0.49767,-0.796077
219,66.981,810.556,0.0933639,0.208333,0.166667,0.105153,0.286113,0.197614,-0.00845806,-15.6278,1.5e-05,0.0184648,0.10156,9528.02,0.826077,0.463593,-1,0.2,259.701,2.69107e+06,1.10409,1.04996,1.55213,0.547632,-0.90477
220,88.3097,922.286,0.092942,0.5,0.0833333,0.103567,0.314145,0.382815,-0.010493,-15.6263,1.5e-05,0.0175297,0.101569,8677.8,1.01462,0.401408,-1,0.2,261.118,2.70336e+06,1.3856,1.42595,1.75235,0.611788,-0.760201
221,80.9201,870.5,0.0921002,0.416667,0.166667,0.10439,0.309663,0.379182,-0.00978432,-15.6245,1.5e-05,0.0124466,0.101581,7403.59,1.14293,0.516808,-1,0.2,262.779,2.71565e+06,1.32311,1.28535,1.6545,0.56228,-0.779233
222,72.2324,831.111,0.0929035,0.583333,0.166667,0.1043,0.31403,0.371015,-0.0105473,-15.6223,1.5e-05,0.0100106,0.101593,9509.44,0.916188,0.376002,-1,0.2,264.073,2.72794e+06,1.18358,1.15388,1.57941,0.528446,-0.8337
223,72.5211,788.467,0.0919643,0.375,0.25,0.106175,0.329929,0.373078,-0.00949459,-15.6202,1.5e-05,0.015601,0.101605,7946.49,1.04386,0.502482,-1,0.2,265.621,2.74022e+06,1.18042,1.16862,1.49645,0.502592,-0.722036
224,66.0207,730.833,0.092993,0.333333,0.166667,0.102598,0.300527,0.298744,-0.0105823,-15.6184,1.5e-05,0.0105529,0.101613,8831.26,0.965212,0.426208,-1,0.2,267.014,2.75251e+06,1.02247,1.07019,1.39572,0.488683,-0.676029
225,104.239,1000,0.0938485,0.416667,0,0.101175,0.283583,0.185866,-0.00928127,-15.6168,1.5e-05,0.0174784,0.101624,8164.38,1.10427,0.400805,-1,0.2,268.521,2.7648e+06,1.73017,1.68661,1.89379,0.617113,-0.715753
226,73.6103,859.812,0.0935826,0.541667,0.125,0.101962,0.295272,0.269731,-0.00842247,-15.6147,1.5e-05,0.0152488,0.101636,8122.4,1.06567,0.447185,-1,0.2,270.035,2.77709e+06,1.25403,1.10454,1.64269,0.556072,-0.876812
227,82.8031,885.917,0.0928286,0.375,0.125,0.103447,0.314433,0.339723,-0.0104255,-15.6128,1.5e-05,0.0150299,0.101644,7372.77,1.14144,0.525237,-1,0.2,271.704,2.78938e+06,1.39571,1.19825,1.67865,0.563652,-0.696104
228,73.4572,827.077,0.0926005,0.416667,0.125,0.102161,0.298304,0.31401,-0.0127008,-15.6111,1.5e-05,0.0165339,0.101657,9132.74,0.939895,0.405594,-1,0.2,273.051,2.80166e+06,1.16715,1.12218,1.57428,0.534245,-0.724995
229,74.1676,815.316,0.0921923,0.541667,0.25,0.104199,0.311862,0.266857,-0.0123011,-15.6088,1.5e-05,0.0117468,0.101668,8814.68,1.07188,0.322157,-1,0.2,274.446,2.81395e+06,1.23355,1.16131,1.54905,0.517432,-0.752965
230,86.421,870.938,0.0922467,0.5,0.166667,0.104455,0.31879,0.190322,-0.0112537,-15.607,1.5e-05,0.0195043,0.101678,8493.37,0.898597,0.548178,-1,0.2,275.894,2.82624e+06,1.44106,1.41009,1.64433,0.529653,-0.704081
231,98.4012,1000,0.093549,0.458333,0,0.102683,0.289727,0.218704,-0.00906253,-15.6056,1.5e-05,0.0115251,0.101684,8703.32,1.02973,0.38215,-1,0.2,277.312,2.83853e+06,1.57637,1.54659,1.89484,0.63011,-0.72784
232,92.5791,889.077,0.0932612,0.458333,0.0833333,0.104916,0.311845,0.21428,-0.00962802,-15.6043,1.5e-05,0.013824,0.101693,8332.89,0.988071,0.486568,-1,0.2,278.789,2.85082e+06,1.52829,1.44431,1.67499,0.559376,-0.578008
233,83.0757,927.75,0.0928453,0.541667,0.125,0.103697,0.320256,0.279593,-0.00855094,-15.6026,1.5e-05,0.0151513,0.101704,8989.1,0.95058,0.416409,-1,0.2,280.157,2.8631e+06,1.41327,1.2615,1.76564,0.595016,-0.881642
234,77.4487,815.083,0.0913946,0.375,0.125,0.1069,0.332652,0.470492,-0.00922479,-15.6003,1.5e-05,0.013768,0.101718,8812.89,0.977998,0.416323,-1,0.2,281.553,2.87539e+06,1.30889,1.14855,1.54524,0.529885,-0.660126
235,67.1051,821.071,0.0908347,0.333333,0.25,0.104896,0.361126,0.490453,-0.00912864,-15.5983,1.5e-05,0.0159315,0.101726,9516.66,0.912547,0.378662,-1,0.2,282.846,2.88768e+06,1.14959,1.06563,1.56789,0.51793,-0.94579
236,48.1092,602.417,0.0914956,0.25,0.25,0.106267,0.323593,0.350158,-0.00848108,-15.5969,1.5e-05,0.0142468,0.101735,9740.74,0.816938,0.444568,-1,0.2,284.109,2.89997e+06,0.794134,0.781411,1.14705,0.394834,-0.711972
237,90.0254,903.533,0.0935026,0.541667,0.0833333,0.104536,0.309897,0.280873,-0.0084054,-15.5955,1.5e-05,0.0156831,0.101741,7999.76,1.1165,0.419542,-1,0.2,285.646,2.91226e+06,1.53297,1.41168,1.70573,0.543185,-0.692304
238,77.3584,830.688,0.0910411,0.5,0.166667,0.10623,0.347723,0.456811,-0.011841,-15.5944,1.5e-05,0.0115561,0.101749,9056.95,0.964822,0.391926,-1,0.2,287.004,2.92454e+06,1.25881,1.23185,1.57371,0.519713,-0.716165
239,74.8729,797.947,0.0929591,0.541667,0.25,0.105913,0.338765,0.296435,-0.0104989,-15.5927,1.5e-05,0.00740845,0.101758,9349.61,0.956382,0.357897,-1,0.2,288.321,2.93683e+06,1.26226,1.17662,1.51126,0.487039,-0.693539
240,87.9842,879.917,0.0922351,0.416667,0.0833333,0.107445,0.340244,0.272997,-0.00916861,-15.5912,1.5e-05,0.01573,0.101768,10766.4,0.765115,0.376211,-1,0.2,289.464,2.94912e+06,1.44971,1.4001,1.65865,0.530033,-0.639278
241,88.0493,909.9,0.0920392,0.708333,0.125,0.107798,0.326592,0.256077,-0.00973286,-15.5894,1.5e-05,0.0135558,0.101776,7906.91,1.09342,0.460664,-1,0.2,291.019,2.96141e+06,1.44264,1.40539,1.71893,0.55902,-0.723516
242,79.1348,860.133,0.0923765,0.5,0.125,0.106462,0.327661,0.187167,-0.00796717,-15.5882,1.5e-05,0.0116436,0.101783,8835.11,1.00767,0.383142,-1,0.2,292.412,2.9737e+06,1.30601,1.25028,1.62723,0.538883,-0.765664
243,82.1609,872.769,0.0925182,0.416667,0.125,0.105161,0.329393,0.359637,-0.00914468,-15.5869,1.5e-05,0.00985969,0.101791,9475.13,0.924327,0.372542,-1,0.2,293.71,2.98598e+06,1.37495,1.29199,1.64847,0.521579,-0.728945
244,73.1645,765.875,0.0919041,0.208333,0.125,0.109012,0.344692,0.361198,-0.0102133,-15.585,1.5e-05,0.0119222,0.101804,11583.3,0.761041,0.299793,-1,0.2,294.773,2.99827e+06,1.12809,1.16217,1.45351,0.483179,-0.568724
245,67.4112,760,0.0920037,0.416667,0.208333,0.105764,0.336016,0.353717,-0.00911163,-15.5827,1.5e-05,0.012894,0.101817,11448.3,0.792819,0.280532,-1,0.2,295.847,3.01056e+06,1.08216,1.08371,1.43804,0.467113,-0.700462
246,64.1082,721.3,0.0900851,0.25,0.166667,0.108528,0.366346,0.404256,-0.010445,-15.5803,1.5e-05,0.0142522,0.101831,12542,0.69174,0.288009,-1,0.2,296.828,3.02285e+06,1.0388,0.952868,1.36955,0.460179,-0.615989
247,62.366,758.182,0.0920918,0.25,0.208333,0.107559,0.335983,0.188614,-0.0104446,-15.5781,1.5e-05,0.00914276,0.101841,12617.5,0.680066,0.293823,-1,0.2,297.804,3.03514e+06,1.00537,0.902994,1.44452,0.493556,-0.728141
248,91.6069,885.818,0.0915038,0.375,0.0833333,0.10841,0.350956,0.422826,-0.00816081,-15.5764,1.5e-05,0.0066048,0.101852,12495,0.689555,0.293878,-1,0.2,298.788,3.04742e+06,1.56395,1.46003,1.66454,0.504668,-0.612852
249,68.6664,788.769,0.0917053,0.375,0.166667,0.108425,0.34932,0.310543,-0.00856746,-15.5744,1.5e-05,0.0121376,0.101862,12168.2,0.727352,0.282497,-1,0.2,299.799,3.05971e+06,1.08836,1.02561,1.49841,0.504817,-0.683881
250,72.0747,828.458,0.0891095,0.75,0.25,0.111397,0.378726,0.376827,-0.0108431,-15.5728,1.5e-05,0.0123331,0.101872,11505.5,0.779467,0.28854,-1,0.2,300.869,3.072e+06,1.20596,1.01683,1.5736,0.533692,-0.726353
251,88.0897,878.842,0.0899243,0.583333,0.208333,0.111036,0.372383,0.395181,-0.010482,-15.5708,2.25e-05,0.00339232,0.101885,11775.9,0.739208,0.304275,-1,0.2,301.913,3.08429e+06,1.46814,1.35825,1.64744,0.498275,-0.567619
252,78.3781,855.632,0.0904192,0.583333,0.208333,0.113047,0.372075,0.292795,-0.00992463,-15.568,2.25e-05,0.0170841,0.101901,11992.9,0.737639,0.286967,-1,0.2,302.939,3.09658e+06,1.2531,1.23099,1.61949,0.527228,-0.711905
253,77.3167,843.895,0.0891266,0.583333,0.208333,0.112465,0.393731,0.455375,-0.0104225,-15.5655,1.5e-05,0.0206322,0.101917,11802.9,0.756688,0.284414,-1,0.2,303.982,3.10886e+06,1.2756,1.18449,1.60349,0.528748,-0.726487
254,61.0395,711.222,0.0893765,0.458333,0.291667,0.113939,0.374278,0.333983,-0.00978542,-15.5629,1.5e-05,0.0119751,0.101928,12181.2,0.71794,0.290829,-1,0.2,304.992,3.12115e+06,1.01671,0.937676,1.34669,0.438678,-0.68778
255,77.8911,829.417,0.0892445,0.375,0.125,0.113373,0.406594,0.410837,-0.00968059,-15.561,1.5e-05,0.0129946,0.101938,11742.6,0.753899,0.292548,-1,0.2,306.039,3.13344e+06,1.3114,1.10585,1.56759,0.517442,-0.607722
256,80.6479,850.188,0.0895492,0.458333,0.208333,0.113587,0.375155,0.369607,-0.00967859,-15.5594,1.5e-05,0.019664,0.101947,11771.9,0.760133,0.283707,-1,0.2,307.085,3.14573e+06,1.2738,1.2593,1.60576,0.534224,-0.64069
257,75.1923,822.778,0.0894559,0.541667,0.208333,0.113524,0.408178,0.456214,-0.0101703,-15.5577,1.5e-05,0.0107403,0.101958,11860.3,0.742832,0.293228,-1,0.2,308.122,3.15802e+06,1.17454,1.16404,1.55321,0.507662,-0.63983
258,61.1844,683.333,0.0896543,0.541667,0.333333,0.113465,0.384193,0.244376,-0.00854798,-15.5557,1.5e-05,0.019904,0.101969,11735.1,0.75982,0.287297,-1,0.2,309.171,3.1703e+06,1.00184,0.926808,1.29365,0.423747,-0.586825
259,79.6866,911.412,0.0913707,0.625,0.0833333,0.112251,0.36698,0.303625,-0.0088674,-15.5539,1.5e-05,0.0146574,0.101979,12156.1,0.71941,0.291442,-1,0.2,310.183,3.18259e+06,1.2,1.21863,1.73438,0.580873,-0.749547
260,87.4688,904.118,0.0917911,0.583333,0.125,0.11044,0.370415,0.341091,-0.00978932,-15.5523,1.5e-05,0.0141164,0.101986,12118.2,0.72291,0.291105,-1,0.2,311.198,3.19488e+06,1.4722,1.21523,1.7056,0.538096,-0.557686
261,56.6613,650.929,0.0892975,0.291667,0.291667,0.114109,0.392157,0.363956,-0.0109666,-15.5507,1.5e-05,0.00820002,0.101998,11787.7,0.748356,0.294083,-1,0.2,312.242,3.20717e+06,0.932366,0.824805,1.23056,0.399205,-0.553874
262,81.4517,904.375,0.0891241,0.458333,0.208333,0.113714,0.413092,0.504438,-0.0110204,-15.5484,1.5e-05,0.0095359,0.102011,11883,0.752466,0.281615,-1,0.2,313.277,3.21946e+06,1.3084,1.25516,1.71303,0.556461,-0.760469
263,67.0056,734.762,0.0899935,0.5,0.375,0.114663,0.381008,0.264372,-0.0103355,-15.5463,1.5e-05,0.0158215,0.102022,11600.9,0.77446,0.284767,-1,0.2,314.338,3.23174e+06,1.10454,0.979346,1.38963,0.449948,-0.573186
264,80.4619,873.111,0.0906977,0.208333,0.166667,0.113275,0.382124,0.314994,-0.00922549,-15.5444,1.5e-05,0.0105746,0.102032,12339.7,0.693359,0.302452,-1,0.2,315.335,3.24403e+06,1.32902,1.23747,1.65067,0.535169,-0.729232
265,85.1972,895.154,0.0906029,0.458333,0.0833333,0.113269,0.38365,0.500598,-0.010041,-15.5427,1.5e-05,0.0104341,0.102043,11850.5,0.753962,0.28296,-1,0.2,316.373,3.25632e+06,1.49397,1.08363,1.68167,0.521024,-0.520433
266,65.0578,731.062,0.0893299,0.416667,0.25,0.115819,0.400122,0.36146,-0.0101398,-15.5404,1.5e-05,0.00848631,0.102059,12060.3,0.733776,0.285101,-1,0.2,317.393,3.26861e+06,1.07708,0.89083,1.37707,0.441951,-0.534048
267,58.1427,679.6,0.0902453,0.333333,0.291667,0.114999,0.392254,0.290093,-0.00882838,-15.5376,1.5e-05,0.0100032,0.102072,11895.8,0.746007,0.286965,-1,0.2,318.427,3.2809e+06,0.948626,0.848371,1.28521,0.405527,-0.580599
268,63.5557,708.688,0.0906282,0.375,0.291667,0.114204,0.399546,0.372444,-0.00880719,-15.5354,1.5e-05,0.010404,0.102087,11756.2,0.757318,0.287919,-1,0.2,319.474,3.29318e+06,1.02646,0.968388,1.34266,0.422644,-0.582372
269,74.4703,799.3,0.0891991,0.541667,0.291667,0.114525,0.4277,0.482794,-0.00936292,-15.5331,1.5e-05,0.0173432,0.102096,11357.7,0.796113,0.285797,-1,0.2,320.557,3.30547e+06,1.24805,1.08725,1.50789,0.472961,-0.59264
270,67.0933,745.933,0.0903025,0.416667,0.208333,0.116379,0.382211,0.24995,-0.00900812,-15.5316,1.5e-05,0.0173294,0.102105,12107,0.723035,0.291914,-1,0.2,321.573,3.31776e+06,1.10456,0.822129,1.40469,0.464907,-0.441619
271,65.1697,770.2,0.0906552,0.541667,0.291667,0.115897,0.390216,0.348936,-0.0093742,-15.53,1.5e-05,0.0147679,0.102113,11445.7,0.764805,0.308785,-1,0.2,322.648,3.33005e+06,0.970644,0.942514,1.45966,0.481136,-0.595467
272,73.4773,827.615,0.0909306,0.375,0.166667,0.114261,0.368631,0.421327,-0.00943202,-15.5286,1.5e-05,0.0128695,0.102121,12017,0.735448,0.287105,-1,0.2,323.672,3.34234e+06,1.24495,0.977114,1.56503,0.502502,-0.615731
273,75.8936,753.5,0.0894044,0.208333,0.125,0.116487,0.387184,0.492957,-0.0103208,-15.527,1e-05,0.0209252,0.102132,12380.1,0.707145,0.285418,-1,0.2,324.666,3.35462e+06,1.29406,1.10219,1.41103,0.417293,-0.429889
274,59.8507,651.333,0.0900239,0.458333,0.416667,0.114192,0.396721,0.321139,-0.00845225,-15.5253,1e-05,0.00662368,0.10214,11676.3,0.748345,0.304043,-1,0.2,325.719,3.36691e+06,0.996727,0.860997,1.22421,0.384344,-0.473743
275,66.6085,714.308,0.0918933,0.291667,0.25,0.114059,0.365305,0.254698,-0.00697462,-15.524,1e-05,0.00622537,0.102146,12043.6,0.728331,0.291963,-1,0.2,326.741,3.3792e+06,1.19081,0.936284,1.34176,0.402103,-0.540529
276,85.7607,895.846,0.0912108,0.458333,0.0833333,0.113843,0.376571,0.231869,-0.00911661,-15.523,1e-05,0.0120416,0.10215,11856.5,0.749444,0.286952,-1,0.2,327.778,3.39149e+06,1.40414,1.21533,1.6808,0.499519,-0.511752
277,69.061,743.538,0.0915735,0.375,0.166667,0.114692,0.365993,0.286468,-0.00754662,-15.5224,1e-05,0.00915377,0.102155,12202.2,0.71644,0.29059,-1,0.2,328.787,3.40378e+06,1.20917,0.913931,1.39057,0.405392,-0.466006
278,57.4287,722.467,0.0910232,0.375,0.25,0.115075,0.376735,0.174835,-0.00879726,-15.5214,1e-05,0.0112596,0.10216,11890,0.748795,0.284679,-1,0.2,329.821,3.41606e+06,0.836764,0.810045,1.37358,0.45082,-0.599776
279,78.1034,883,0.0915593,0.458333,0.0833333,0.114036,0.367942,0.325612,-0.00867766,-15.5207,1e-05,0.0118391,0.102164,11960.6,0.739428,0.287946,-1,0.2,330.85,3.42835e+06,1.26519,1.00456,1.66718,0.541682,-0.573446
280,68.8094,784.947,0.0914329,0.583333,0.208333,0.113942,0.3668,0.329722,-0.00972575,-15.5198,1e-05,0.0132121,0.102171,11699.9,0.766968,0.283293,-1,0.2,331.901,3.44064e+06,1.03381,1.00394,1.47215,0.447893,-0.51732
281,69.0518,789.765,0.0913683,0.541667,0.166667,0.11503,0.362847,0.212097,-0.00971302,-15.5186,1e-05,0.00800335,0.102177,12016.9,0.714732,0.307827,-1,0.2,332.925,3.45293e+06,1.20272,0.805706,1.48846,0.45834,-0.502634
282,91.189,882.875,0.0918378,0.583333,0.0833333,0.115185,0.345179,0.15171,-0.00869393,-15.5175,1e-05,0.00807582,0.102184,9711.85,0.837024,0.428235,-1,0.2,334.192,3.46522e+06,1.49719,1.41443,1.64137,0.457648,-0.451194
283,76.1389,878.789,0.0910261,0.625,0.166667,0.117076,0.375523,0.238864,-0.00869409,-15.5163,1e-05,0.00854058,0.102189,7446.96,1.12656,0.52351,-1,0.2,335.843,3.4775e+06,1.21461,0.961117,1.66098,0.512054,-0.541815
284,86.3693,901.933,0.0905935,0.5,0.125,0.11741,0.364881,0.231136,-0.00874558,-15.5154,1e-05,0.00826572,0.102194,8633.54,1.04144,0.381842,-1,0.2,337.268,3.48979e+06,1.32657,1.33236,1.6886,0.502864,-0.531932
285,49.3658,612,0.0914254,0.208333,0.208333,0.115773,0.370675,0.180196,-0.00783845,-15.5146,1e-05,0.0120928,0.102199,9867.2,0.889886,0.355452,-1,0.2,338.515,3.50208e+06,0.782099,0.64475,1.14873,0.356215,-0.463509
286,80.5237,851.909,0.0913695,0.375,0.0833333,0.115176,0.36231,0.16196,-0.00813587,-15.5136,1e-05,0.00695582,0.102207,11577.3,0.77407,0.287314,-1,0.2,339.578,3.51437e+06,1.40975,1.13301,1.5923,0.45648,-0.565354
287,75.826,868.571,0.0917774,0.25,0.0416667,0.115378,0.355874,0.146499,-0.00865052,-15.512,1e-05,0.0150944,0.102215,10159.7,0.771678,0.437809,-1,0.2,340.789,3.52666e+06,1.14227,1.00626,1.62776,0.502614,-0.487612
288,82.8485,923.545,0.0915461,0.416667,0.0416667,0.115085,0.371169,0.257362,-0.00765415,-15.5105,1e-05,0.00849407,0.102225,8482.12,1.03854,0.410151,-1,0.2,342.239,3.53894e+06,1.13213,1.20347,1.73736,0.560116,-0.490651
289,58.7921,709.286,0.0907937,0.166667,0.125,0.116002,0.364228,0.173973,-0.00907169,-15.509,1e-05,0.0114321,0.102232,8847.01,1.00882,0.380124,-1,0.2,343.629,3.55123e+06,1.07244,0.564441,1.33028,0.39749,-0.425039
290,66.1193,769.545,0.0905082,0.333333,0.125,0.116,0.387826,0.266394,-0.00820159,-15.5079,1e-05,0.00634761,0.102237,9050.62,0.92644,0.431257,-1,0.2,344.988,3.56352e+06,0.94373,0.9934,1.44973,0.458414,-0.539309
291,67.4613,746.143,0.0900894,0.375,0.208333,0.11675,0.394708,0.257608,-0.00780355,-15.5068,1e-05,0.0104264,0.102244,8372.97,1.05486,0.412723,-1,0.2,346.457,3.57581e+06,0.981162,1.03207,1.40813,0.436818,-0.485112
292,72.3806,766.895,0.0915537,0.541667,0.25,0.115051,0.367828,0.247368,-0.00752569,-15.5057,1e-05,0.00779209,0.10225,8642.64,1.06719,0.354596,-1,0.2,347.881,3.5881e+06,1.22765,0.940467,1.44273,0.432227,-0.424046
293,81.4589,899.318,0.0910842,0.791667,0.125,0.116024,0.37515,0.246974,-0.00821437,-15.5046,1e-05,0.0136845,0.102256,8299.84,1.03758,0.442927,-1,0.2,349.362,3.60038e+06,1.2133,1.05766,1.69899,0.54661,-0.443606
294,65.7533,850.267,0.0905514,0.458333,0.166667,0.115115,0.384216,0.270476,-0.00878776,-15.5035,1e-05,0.0104687,0.102263,8324.75,1.06018,0.415901,-1,0.2,350.84,3.61267e+06,0.976992,0.796196,1.60921,0.536798,-0.631535
295,72.0524,854.727,0.091396,0.75,0.166667,0.113518,0.381476,0.205315,-0.00814312,-15.5024,1e-05,0.00961,0.102269,9016.8,0.993708,0.369082,-1,0.2,352.205,3.62496e+06,1.23725,0.801281,1.60214,0.471882,-0.50994
296,75.521,757.636,0.0920187,0.291667,0.166667,0.114454,0.362677,0.133866,-0.00790024,-15.5012,1e-05,0.0103268,0.102276,10954.1,0.820693,0.301076,-1,0.2,353.328,3.63725e+06,1.25152,1.15449,1.4092,0.388863,-0.42802
297,94.0661,943.308,0.0920061,0.5,0.0416667,0.115031,0.362614,0.19998,-0.00679918,-15.5001,1e-05,0.00780677,0.102283,11555.2,0.782232,0.281189,-1,0.2,354.392,3.64954e+06,1.41695,1.4364,1.75519,0.514585,-0.41982
298,71.9972,760.6,0.0908886,0.458333,0.166667,0.115056,0.372863,0.133143,-0.0089053,-15.4987,1e-05,0.0136624,0.102291,10523.9,0.765694,0.40193,-1,0.2,355.561,3.66182e+06,1.05033,1.13303,1.41752,0.428794,-0.429807
299,94.7999,973.81,0.0916249,0.833333,0.0416667,0.116489,0.364281,0.171974,-0.00910139,-15.4974,1e-05,0.0121905,0.102297,8148.14,1.0393,0.468771,-1,0.2,357.071,3.67411e+06,1.50761,1.30489,1.82519,0.531376,-0.429075
300,75.6367,855.944,0.0907237,0.583333,0.166667,0.116915,0.378349,0.220296,-0.0094363,-15.4962,1e-05,0.00741134,0.102306,8554.13,1.04391,0.39259,-1,0.2,358.509,3.6864e+06,1.14866,1.02016,1.60185,0.482707,-0.47154
301,74.544,843.438,0.0892245,0.541667,0.125,0.118173,0.398659,0.230689,-0.00997246,-15.4947,1e-05,0.00819958,0.102313,8465.04,1.03793,0.413689,-1,0.2,361.424,3.69869e+06,1.19819,0.942555,1.57679,0.463006,-0.453347
302,62.8848,738.286,0.0908348,0.416667,0.166667,0.117173,0.389027,0.209053,-0.00757645,-15.4934,1e-05,0.014665,0.102321,8729.05,0.994663,0.41305,-1,0.2,362.834,3.71098e+06,1.03157,0.726083,1.3827,0.404078,-0.400193
303,68.9433,728.75,0.089747,0.458333,0.208333,0.118561,0.391659,0.169587,-0.00959471,-15.4921,1e-05,0.00888369,0.102327,8529.72,1.03935,0.40126,-1,0.2,364.276,3.72326e+06,1.17472,0.893304,1.35523,0.392209,-0.368289
304,87.7539,918.083,0.0913013,0.416667,0.0833333,0.117711,0.370708,0.124918,-0.00855819,-15.4911,1e-05,0.0110272,0.102332,7788.93,1.05317,0.524452,-1,0.2,365.855,3.73555e+06,1.30281,1.36809,1.72026,0.511551,-0.515021
305,84.1875,880.267,0.0903088,0.541667,0.0833333,0.119189,0.399213,0.271227,-0.00779183,-15.49,1e-05,0.00895332,0.102342,7918.86,1.14413,0.407612,-1,0.2,367.408,3.74784e+06,1.38711,1.18634,1.63823,0.453841,-0.456151
306,73.8495,796.667,0.0898356,0.458333,0.166667,0.120171,0.395705,0.172197,-0.00731669,-15.4882,1e-05,0.0075976,0.102351,7660.09,1.12822,0.47594,-1,0.2,369.014,3.76013e+06,1.15316,1.04506,1.49626,0.434134,-0.436143
307,79.2496,831.917,0.0900843,0.375,0.125,0.120162,0.401326,0.175966,-0.00857695,-15.4868,1e-05,0.0110354,0.102357,7783.67,1.13735,0.441344,-1,0.2,370.595,3.77242e+06,1.17614,1.22331,1.55321,0.440515,-0.430696
308,79.1789,799.438,0.0897179,0.5,0.166667,0.122008,0.410922,0.22529,-0.00774628,-15.486,1e-05,0.014122,0.102362,9050.11,1.02242,0.335356,-1,0.2,371.954,3.7847e+06,1.27889,1.20149,1.49034,0.415582,-0.427364
309,66.7231,751.714,0.0892181,0.416667,0.166667,0.123452,0.40762,0.092008,-0.00878855,-15.4851,1e-05,0.0140138,0.102367,8923.34,0.979327,0.397736,-1,0.2,373.332,3.79699e+06,1.02836,0.855518,1.40911,0.417896,-0.374725
310,79.1737,847.182,0.0903189,0.375,0.0833333,0.122345,0.394029,0.143825,-0.00843465,-15.4841,1e-05,0.00942273,0.102374,7442.38,1.20807,0.443012,-1,0.2,374.985,3.80928e+06,1.25813,1.11274,1.57744,0.43935,-0.428973
311,82.2106,913.591,0.0903516,0.833333,0.0833333,0.12153,0.390958,0.0967117,-0.00800146,-15.4828,1e-05,0.00822379,0.102381,8287.55,1.09339,0.389314,-1,0.2,376.469,3.82157e+06,1.04112,1.23153,1.7126,0.522962,-0.397681
312,93.6303,1000,0.0903667,0.416667,0,0.121062,0.397375,0.133548,-0.00854336,-15.4814,1e-05,0.00723704,0.102388,8797.06,0.959405,0.437425,-1,0.2,377.867,3.83386e+06,1.34257,1.32409,1.87284,0.562475,-0.420457
313,78.5824,883.133,0.0903031,0.541667,0.0833333,0.120932,0.400445,0.180074,-0.00929182,-15.4804,1e-05,0.0129855,0.102394,7819.11,1.1002,0.471332,-1,0.2,379.44,3.84614e+06,1.21448,0.974673,1.65457,0.501597,-0.416208
314,83.309,829.133,0.0887339,0.5,0.125,0.123314,0.421854,0.168021,-0.00842562,-15.4794,1e-05,0.0106498,0.1024,8071.8,1.09878,0.423561,-1,0.2,380.964,3.85843e+06,1.39254,1.26591,1.53179,0.390352,-0.415142
315,68.3877,756.364,0.0894901,0.333333,0.125,0.122456,0.401884,0.079919,-0.00692076,-15.4784,1e-05,0.0156851,0.102406,7941.88,1.0975,0.449743,-1,0.2,382.513,3.87072e+06,1.12653,0.956902,1.41311,0.394272,-0.471424
316,99.2631,956.682,0.0901459,0.875,0.0416667,0.122882,0.40432,0.0890337,-0.00823124,-15.4774,1e-05,0.00880883,0.10241,7116.84,1.25016,0.476445,-1,0.2,384.242,3.88301e+06,1.58925,1.54945,1.77423,0.463509,-0.413294
317,83.404,869.571,0.0898696,0.25,0.0416667,0.124074,0.400752,0.0849939,-0.00775175,-15.4769,1e-05,0.0170539,0.102412,8032.95,1.11129,0.418414,-1,0.2,385.773,3.8953e+06,0.97908,1.41099,1.622,0.542543,-0.384415
318,84.8757,913.818,0.0889345,0.416667,0.0416667,0.125295,0.413275,0.150822,-0.00576961,-15.4763,1e-05,0.00959028,0.102416,8710.16,1.02436,0.386404,-1,0.2,387.186,3.90758e+06,1.37331,1.09016,1.70646,0.4712,-0.397349
319,76.0545,864.538,0.0892685,0.458333,0.0833333,0.125016,0.402469,0.0828876,-0.00874401,-15.4754,1e-05,0.0106593,0.102422,8706.39,1.0039,0.407478,-1,0.2,388.598,3.91987e+06,1.31661,0.836332,1.62158,0.463932,-0.43573
320,86.0411,945.5,0.0894074,0.541667,0.0416667,0.125617,0.41197,0.0654141,-0.00812758,-15.4743,1e-05,0.00894668,0.102429,7673.1,1.12901,0.472429,-1,0.2,390.201,3.93216e+06,1.40219,1.06836,1.76945,0.495488,-0.433424
321,75.3252,918.455,0.0891812,0.416667,0.0416667,0.127204,0.407807,0.0887499,-0.00781353,-15.4731,1e-05,0.00667697,0.102435,8282.27,1.12301,0.360638,-1,0.2,391.687,3.94445e+06,1.13935,0.825092,1.72155,0.505894,-0.425623
322,95.2908,998.3,0.0896022,0.375,0.0416667,0.127442,0.396398,0.0537352,-0.00726704,-15.4723,1e-05,0.00655863,0.102439,8802.14,1.00362,0.392406,-1,0.2,393.084,3.95674e+06,1.4799,1.43298,1.86326,0.53654,-0.548145
323,82.374,1000,0.0898101,0.583333,0,0.126691,0.393387,0.0475196,-0.00743547,-15.4717,1e-05,0.0139302,0.102441,7620.47,1.16404,0.448463,-1,0.2,394.698,3.96902e+06,1.25768,0.85436,1.8766,0.551436,-0.421382
324,89.7986,1000,0.0895958,0.5,0,0.126789,0.398059,0.0682225,-0.00668489,-15.4713,1e-05,0.0115078,0.102444,7588.83,1.26555,0.35367,-1,0.2,396.318,3.98131e+06,1.3456,1.18985,1.86903,0.534586,-0.449135
325,89.8616,1000,0.0892181,0.708333,0,0.126859,0.413009,0.146214,-0.00871385,-15.4705,1e-05,0.0130429,0.102452,7933.63,1.15261,0.396237,-1,0.2,397.869,3.9936e+06,1.44805,1.05041,1.8728,0.549439,-0.427628
326,68.6816,731.615,0.0881329,0.375,0.166667,0.127607,0.409475,0.08316,-0.00847803,-15.4691,1e-05,0.0126734,0.102458,8452.49,1.0461,0.407675,-1,0.2,399.324,4.00589e+06,1.17872,0.904399,1.36674,0.373672,-0.389451
327,74.7002,834,0.0890532,0.375,0.0833333,0.127562,0.406659,0.065738,-0.00668838,-15.4683,1e-05,0.0109191,0.102462,9117.79,0.978265,0.36943,-1,0.2,400.673,4.01818e+06,1.13535,1.00045,1.56909,0.456371,-0.426243
328,85.309,918.1,0.0890675,0.375,0.0416667,0.127409,0.404056,0.103606,-0.00713664,-15.4675,1e-05,0.0101211,0.102467,10530.1,0.87225,0.294685,-1,0.2,401.842,4.03046e+06,1.50921,1.00834,1.70178,0.472054,-0.425936
329,78.488,839.667,0.0895338,0.208333,0.0416667,0.127379,0.397582,0.0506787,-0.00893859,-15.4667,1e-05,0.0117616,0.10247,11508.5,0.765457,0.302278,-1,0.2,402.911,4.04275e+06,1.25385,1.03524,1.55618,0.443417,-0.364296
330,92.1399,1000,0.0898819,0.375,0,0.127068,0.389678,0.0375283,-0.00568307,-15.4664,1e-05,0.00648713,0.102471,11454.7,0.774679,0.298065,-1,0.2,403.985,4.05504e+06,1.39793,1.27952,1.86608,0.512025,-0.448556
331,83.2739,1000,0.0898189,0.333333,0,0.126775,0.390707,0.0404343,-0.00767683,-15.4661,1e-05,0.0126854,0.102474,10920.8,0.818754,0.306442,-1,0.2,405.111,4.06733e+06,0.987228,1.16144,1.87475,0.576308,-0.436032
332,92.6739,1000,0.089785,0.416667,0,0.126905,0.393274,0.0828215,-0.00747533,-15.4655,1e-05,0.0102728,0.102478,10506.8,0.878372,0.291151,-1,0.2,406.282,4.07962e+06,1.17079,1.45012,1.88455,0.549567,-0.421332
333,83.9908,888,0.0888377,0.583333,0.0833333,0.127296,0.403996,0.0664001,-0.00724552,-15.4643,1e-05,0.00815939,0.102486,10570.4,0.843269,0.319226,-1,0.2,407.446,4.0919e+06,1.34744,1.14018,1.64817,0.459482,-0.395736
334,80.4782,931.929,0.0890971,0.541667,0.0416667,0.128147,0.404167,0.0809134,-0.00760772,-15.463,1e-05,0.0114309,0.102492,10814.7,0.844259,0.291972,-1,0.2,408.583,4.10419e+06,1.18431,1.01785,1.75346,0.5025,-0.434207
335,82.6006,947.824,0.0893965,0.666667,0.0416667,0.128127,0.38909,0.0451172,-0.00526529,-15.4621,1e-05,0.00942228,0.102497,10978.6,0.820579,0.298686,-1,0.2,409.704,4.11648e+06,1.40291,0.90653,1.77393,0.477506,-0.430843
336,96.946,1000,0.089418,0.708333,0,0.130052,0.390063,0.0519082,-0.00340363,-15.4613,1e-05,0.00962514,0.102501,11044,0.823804,0.288841,-1,0.2,410.818,4.12877e+06,1.49944,1.3796,1.86447,0.518313,-0.414523
337,89.3752,1000,0.0889739,0.625,0,0.1311,0.399278,0.10341,-0.000945364,-15.4605,1e-05,0.0235282,0.102508,10787,0.861107,0.27804,-1,0.2,411.958,4.14106e+06,1.38916,1.11687,1.87587,0.526937,-0.440071
338,73.264,845,0.0884858,0.416667,0.0833333,0.132157,0.406324,0.109825,-0.0029828,-15.4592,1e-05,0.025751,0.102515,11322.4,0.795825,0.289458,-1,0.2,413.045,4.15334e+06,1.14042,0.863115,1.5814,0.455382,-0.377111
339,88.3091,933.571,0.0887497,0.541667,0.0416667,0.133435,0.39673,0.0824868,-0.000907615,-15.4579,1e-05,0.00939366,0.102522,11384.5,0.792143,0.287215,-1,0.2,414.125,4.16563e+06,1.34101,1.25555,1.74347,0.485148,-0.409726
340,80.4598,931.5,0.0886113,0.541667,0.0416667,0.134309,0.398438,0.0375283,-0.00676527,-15.4569,1.5e-05,0.00462298,0.102526,10873.2,0.832508,0.297613,-1,0.2,415.257,4.17792e+06,1.18752,0.978617,1.74006,0.510763,-0.393972
341,88.5116,1000,0.0885071,0.666667,0,0.135433,0.396549,0.0690081,-0.00644287,-15.4561,1.5e-05,0.005441,0.102533,10365.9,0.894055,0.29137,-1,0.2,416.443,4.19021e+06,1.39929,1.03545,1.87682,0.532613,-0.418604
342,83.372,943.353,0.0883545,0.666667,0.0416667,0.136253,0.396565,0.0786154,-0.00827934,-15.455,1.5e-05,0.0127458,0.102537,11223.5,0.827038,0.267804,-1,0.2,417.539,4.2025e+06,1.33604,0.9661,1.77099,0.491683,-0.396215
343,84.3899,931.857,0.0886635,0.541667,0.0416667,0.136354,0.391191,0.0601878,-0.00753317,-15.4541,1.5e-05,0.017313,0.102544,11397,0.802854,0.275322,-1,0.2,418.619,4.21478e+06,1.3634,0.992397,1.75021,0.508543,-0.395049
344,83.4574,921.167,0.0886961,0.458333,0.0416667,0.135871,0.389813,0.0348235,-0.00673514,-15.4528,1.5e-05,0.0130007,0.102551,11741.2,0.76324,0.283332,-1,0.2,419.666,4.22707e+06,1.12449,1.21256,1.73459,0.507944,-0.40671
345,81.8228,1000,0.0887569,0.583333,0,0.136037,0.392943,0.0661124,-0.00557728,-15.4517,1.5e-05,0.00879572,0.102558,11360,0.793468,0.288224,-1,0.2,420.749,4.23936e+06,1.11795,0.959282,1.88388,0.558299,-0.428272
346,85.0991,1000,0.0887781,0.416667,0,0.136407,0.387589,0.053395,-0.00502716,-15.4505,1.5e-05,0.0134607,0.102565,11750.3,0.761995,0.283766,-1,0.2,421.796,4.25165e+06,1.31846,0.91477,1.8765,0.559091,-0.41387
347,86.841,1000,0.088912,0.458333,0,0.136354,0.383356,0.0439175,-0.00331023,-15.4493,1.5e-05,0.0168606,0.10257,11009.9,0.804954,0.311131,-1,0.2,422.914,4.26394e+06,1.44032,0.931406,1.87525,0.530389,-0.435309
348,91.7937,1000,0.0888675,0.583333,0,0.136515,0.381973,0.0382238,-0.00526711,-15.4485,1e-05,0.0262099,0.102575,10932.9,0.838017,0.285928,-1,0.2,424.039,4.27622e+06,1.34169,1.24897,1.86897,0.541813,-0.411766
349,81.4886,1000,0.088655,0.583333,0,0.137088,0.384204,0.0930049,-0.0058214,-15.4477,1e-05,0.0124615,0.102579,10911.2,0.832466,0.293719,-1,0.2,425.166,4.28851e+06,1.19476,0.878732,1.87782,0.544572,-0.421455
350,79.7746,920,0.0887917,0.458333,0.0416667,0.1366,0.384186,0.10954,-0.00645728,-15.4468,1.5e-05,0.00396833,0.102587,11526.9,0.783594,0.282434,-1,0.2,426.234,4.3008e+06,1.10599,1.05671,1.72358,0.502875,-0.400419
351,85.6262,886.25,0.088454,0.583333,0.0833333,0.137258,0.380467,0.0679717,-0.00510841,-15.4449,1.5e-05,0.0196825,0.102599,11737.5,0.777096,0.269809,-1,0.2,427.282,4.31309e+06,1.38553,1.17963,1.65387,0.446264,-0.38399
352,65.9855,740.818,0.0874039,0.333333,0.125,0.137952,0.388752,0.179644,-0.00919597,-15.4429,1.5e-05,0.00977497,0.102611,11862.9,0.758641,0.277193,-1,0.2,428.319,4.32538e+06,0.923704,1.00173,1.38516,0.39964,-0.410959
353,84.126,952.6,0.0884691,0.791667,0.0416667,0.137735,0.374587,0.0578623,-0.00892499,-15.4409,1.5e-05,0.0160157,0.10262,11255.5,0.808677,0.283059,-1,0.2,429.412,4.33766e+06,1.15854,1.15543,1.78679,0.526421,-0.420877
354,81.7419,894.889,0.0882827,0.333333,0.0416667,0.138772,0.386029,0.0805431,-0.00871698,-15.4396,1.5e-05,0.012719,0.102627,11419.7,0.790512,0.28552,-1,0.2,430.49,4.34995e+06,1.43441,0.924259,1.65986,0.449424,-0.380856
355,81.1421,939.938,0.0886482,0.625,0.0416667,0.139398,0.372998,0.043682,-0.00767,-15.4384,1.5e-05,0.00780361,0.102632,11617.9,0.784264,0.273417,-1,0.2,431.548,4.36224e+06,1.3401,0.825122,1.76681,0.516635,-0.39156
356,101.661,1000,0.0879552,0.416667,0,0.140194,0.385001,0.0868952,-0.00886845,-15.4376,1.5e-05,0.0113384,0.102638,12017.3,0.739282,0.28324,-1,0.2,432.572,4.37453e+06,1.59026,1.54005,1.86142,0.506514,-0.41521
357,82.1862,842.167,0.0873606,0.625,0.125,0.141525,0.391676,0.158775,-0.0078599,-15.4362,1.5e-05,0.0196214,0.102649,11642.2,0.778451,0.277016,-1,0.2,433.629,4.38682e+06,1.2458,1.23826,1.57028,0.426457,-0.371489
358,82.115,947.167,0.0879327,0.708333,0.0416667,0.141319,0.38203,0.0528145,-0.00746071,-15.4341,1.5e-05,0.0124,0.10266,11013.6,0.807083,0.308624,-1,0.2,434.746,4.3991e+06,1.26224,0.948354,1.77552,0.519109,-0.399464
359,84.7919,1000,0.0874701,0.333333,0,0.141842,0.386961,0.0676479,-0.00880515,-15.4322,1.5e-05,0.0128778,0.102671,11250.1,0.797241,0.295019,-1,0.2,435.84,4.41139e+06,1.26925,0.982469,1.86103,0.538843,-0.411998
360,92.9231,1000,0.0874112,0.458333,0,0.142373,0.389411,0.0671519,-0.00829495,-15.4305,1.5e-05,0.0113957,0.10268,11014.3,0.822252,0.293384,-1,0.2,436.956,4.42368e+06,1.31031,1.36867,1.85811,0.518416,-0.409343
361,67.5669,854.385,0.0869558,0.458333,0.0833333,0.143893,0.391658,0.116224,-0.00861425,-15.429,1.5e-05,0.0168529,0.102688,10823.1,0.774166,0.361183,-1,0.2,438.093,4.43597e+06,1.0378,0.656791,1.58868,0.470039,-0.374967
362,83.346,926.154,0.0868396,0.5,0.0416667,0.143983,0.383497,0.0472965,-0.00833843,-15.4278,1.5e-05,0.0110777,0.102693,6408.34,1.4404,0.477105,-1,0.2,440.012,4.44826e+06,1.16716,1.21073,1.73022,0.482517,-0.423316
363,92.6544,1000,0.087119,0.541667,0,0.144295,0.384181,0.0373603,-0.00729749,-15.427,1.5e-05,0.00846827,0.102698,8304.76,1.10766,0.371972,-1,0.2,441.493,4.46054e+06,1.28244,1.40391,1.85838,0.499387,-0.411393
364,84.0047,1000,0.0869488,0.5,0,0.144344,0.386973,0.0408191,-0.00742574,-15.4259,1.5e-05,0.00802567,0.102704,6861.76,1.43491,0.355886,-1,0.2,443.288,4.47283e+06,1.35765,0.884011,1.86291,0.510441,-0.414788
365,88.6003,1000,0.0868068,0.291667,0,0.144917,0.386963,0.0383121,-0.0070112,-15.425,1.5e-05,0.0134317,0.102709,8271.99,1.04797,0.437525,-1,0.2,444.775,4.48512e+06,1.61682,0.860157,1.85756,0.508556,-0.413086
366,91.7145,1000,0.086611,0.708333,0,0.146265,0.386005,0.0395444,-0.00752849,-15.4242,1.5e-05,0.0114165,0.102714,7280.16,1.28733,0.400546,-1,0.2,446.465,4.49741e+06,1.37156,1.23973,1.86635,0.525204,-0.417116
367,86.8373,1000,0.0863938,0.541667,0,0.1469,0.389741,0.0619835,-0.0061676,-15.423,1.5e-05,0.0158767,0.102723,8499.89,1.03379,0.411876,-1,0.2,447.912,4.5097e+06,1.24258,1.09765,1.8602,0.553155,-0.411717
368,88.1694,1000,0.086075,0.416667,0,0.14726,0.391248,0.0466739,-0.00586398,-15.4212,1.5e-05,0.00823223,0.102735,8323.93,1.02069,0.45553,-1,0.2,449.39,4.52198e+06,1.37782,1.04221,1.8621,0.534585,-0.408248
369,78.9382,894.889,0.0854785,0.333333,0.0416667,0.149813,0.400643,0.134574,-0.00866773,-15.4188,1.5e-05,0.0130815,0.102749,7614.42,1.19162,0.422163,-1,0.2,451.005,4.53427e+06,1.23072,0.986733,1.66339,0.456067,-0.39
370,83.3654,855,0.0855368,0.458333,0.0833333,0.150083,0.397262,0.0601588,-0.0064911,-15.4167,1.5e-05,0.0148065,0.10276,9024.6,0.972105,0.389507,-1,0.2,452.368,4.54656e+06,1.32273,1.23219,1.58374,0.427077,-0.397459
371,110.449,1000,0.0855399,0.25,0,0.150378,0.394854,0.0371035,-0.00596653,-15.415,1.5e-05,0.0111977,0.102767,7999.23,1.06977,0.466378,-1,0.2,453.906,4.55885e+06,1.75259,1.85085,1.84934,0.481717,-0.412056
372,75.8735,1000,0.0853144,0.291667,0,0.150855,0.398671,0.0311563,-0.00712914,-15.414,1.5e-05,0.0116502,0.102772,7812.56,1.17136,0.401498,-1,0.2,455.48,4.57114e+06,1.08491,0.713229,1.85818,0.545476,-0.408123
373,83.4288,1000,0.0853307,0.375,0,0.150734,0.396065,0.0313032,-0.00445466,-15.4132,1.5e-05,0.00666612,0.102776,9203.38,0.972165,0.362997,-1,0.2,456.817,4.58342e+06,1.28909,0.884143,1.85714,0.545809,-0.40474
374,94.8641,1000,0.0854485,0.416667,0,0.150985,0.392076,0.0384191,-0.0079656,-15.4124,1e-05,0.0202668,0.102781,8658.69,1.05899,0.360158,-1,0.2,458.238,4.59571e+06,1.41034,1.39854,1.85736,0.490597,-0.413634
375,87.9007,1000,0.0856451,0.833333,0,0.150178,0.391336,0.0387149,-0.00782212,-15.4117,1e-05,0.011187,0.102783,8595.05,1.09191,0.337754,-1,0.2,459.669,4.608e+06,1.23104,1.21973,1.855,0.501788,-0.412526
376,82.6537,1000,0.0856763,0.5,0,0.150132,0.392349,0.0394294,-0.00775362,-15.4115,1e-05,0.0082094,0.102785,7836.7,1.09741,0.470598,-1,0.2,461.238,4.62029e+06,1.11065,1.03399,1.85016,0.547271,-0.409379
377,81.8621,1000,0.0857151,0.625,0,0.149747,0.391834,0.0539584,-0.00595074,-15.411,1e-05,0.00921791,0.102788,9026.12,0.999017,0.362365,-1,0.2,462.601,4.63258e+06,1.14419,0.976125,1.85797,0.528026,-0.413202
378,92.5849,1000,0.0856101,0.625,0,0.150335,0.392599,0.0559645,-0.00714652,-15.4105,1e-05,0.0106012,0.10279,8299.54,1.14705,0.333511,-1,0.2,464.083,4.64486e+06,1.48425,1.20163,1.85743,0.497429,-0.411498
379,86.2394,1000,0.0856644,0.583333,0,0.1497,0.392977,0.053202,-0.00802291,-15.4102,1e-05,0.00574977,0.102793,9426.08,0.901156,0.402461,-1,0.2,465.388,4.65715e+06,0.949919,1.40427,1.85293,0.518748,-0.41389
380,66.8769,921.333,0.085512,0.458333,0.0416667,0.147966,0.401078,0.0851473,-0.00701133,-15.4093,1e-05,0.00838989,0.1028,7149.76,1.25851,0.460149,-1,0.2,467.108,4.66944e+06,0.961423,0.56048,1.71586,0.497555,-0.391478
381,91.5212,1000,0.0858259,0.5,0,0.14745,0.393258,0.0400814,-0.0070382,-15.4079,1e-05,0.0164664,0.102807,7376.74,1.20691,0.458868,-1,0.2,468.776,4.68173e+06,1.16432,1.4525,1.84611,0.521918,-0.408783
382,79.9343,1000,0.0859087,0.541667,0,0.146664,0.392609,0.0424355,-0.0069992,-15.4071,1e-05,0.0171039,0.10281,7611.39,1.13564,0.478786,-1,0.2,470.394,4.69402e+06,1.02524,0.985442,1.8482,0.546423,-0.408595
383,92.1935,1000,0.0856169,0.708333,0,0.147148,0.399253,0.119084,-0.00721365,-15.4065,1e-05,0.00827937,0.102814,6470.25,1.39156,0.50759,-1,0.2,472.295,4.7063e+06,1.24617,1.43072,1.85371,0.49182,-0.412739
384,90.4169,940.875,0.0853296,0.625,0.0416667,0.147968,0.402179,0.0537392,-0.00724368,-15.4057,1e-05,0.0122242,0.102821,7079.76,1.28755,0.448105,-1,0.2,474.032,4.71859e+06,1.48934,1.21164,1.73765,0.473945,-0.391734
385,82.7521,1000,0.0855625,0.666667,0,0.147671,0.39741,0.0550258,-0.00749256,-15.4047,1e-05,0.0105113,0.102824,6533.98,1.36436,0.516274,-1,0.2,475.915,4.73088e+06,1.24364,0.939247,1.85569,0.508162,-0.40914
386,80.0419,1000,0.0858334,0.541667,0,0.147308,0.393447,0.0484623,-0.00629841,-15.4042,1e-05,0.0143255,0.102827,6870.54,1.26234,0.526167,-1,0.2,477.705,4.74317e+06,1.16536,0.923575,1.84155,0.488569,-0.41695
387,87.3567,1000,0.0857494,0.416667,0,0.147216,0.394214,0.0481227,-0.00636206,-15.4035,1e-05,0.0100055,0.102832,7414.49,1.18411,0.473188,-1,0.2,479.364,4.75546e+06,1.12396,1.28013,1.84547,0.52614,-0.407854
388,91.2033,1000,0.0855336,0.458333,0,0.147186,0.397773,0.0900187,-0.00739581,-15.4025,1e-05,0.0117298,0.102838,8060.89,1.10493,0.419464,-1,0.2,480.89,4.76774e+06,1.331,1.33568,1.83998,0.467924,-0.414415
389,85.5376,929.231,0.0848829,0.5,0.0416667,0.148119,0.402575,0.212654,-0.00796503,-15.4012,1e-05,0.0124594,0.102848,8071.78,1.10253,0.419814,-1,0.2,482.414,4.78003e+06,1.20137,1.30625,1.70687,0.454472,-0.392087
390,85.4157,922.75,0.0851033,0.458333,0.0416667,0.147992,0.406815,0.125014,-0.00658943,-15.3996,1e-05,0.0128692,0.102855,9885.3,0.951163,0.291895,-1,0.2,483.658,4.79232e+06,1.2054,1.34474,1.69859,0.422848,-0.400793
391,81.308,940.812,0.0849005,0.625,0.0416667,0.146987,0.405901,0.050163,-0.0071384,-15.3984,1e-05,0.0101592,0.102861,8552.07,0.974313,0.462532,-1,0.2,485.097,4.80461e+06,1.05668,1.16391,1.73824,0.503191,-0.396622
392,99.9617,1000,0.0848343,0.458333,0,0.147205,0.404266,0.0454183,-0.00621511,-15.3975,1e-05,0.00941423,0.102866,7030.68,1.23622,0.511551,-1,0.2,486.846,4.8169e+06,1.62376,1.48183,1.83443,0.47082,-0.412757
393,91.4547,1000,0.0845367,0.458333,0,0.147696,0.409421,0.0482681,-0.00686791,-15.3967,1e-05,0.00714792,0.10287,7235.98,1.25445,0.443733,-1,0.2,488.546,4.82918e+06,1.25982,1.37567,1.83266,0.514593,-0.410005
394,85.3236,1000,0.0844289,0.625,0,0.147763,0.410484,0.0517441,-0.00580298,-15.396,1e-05,0.00792971,0.102873,7629.75,1.18006,0.430481,-1,0.2,490.159,4.84147e+06,1.2038,1.13127,1.84362,0.497975,-0.410489
395,78.8367,1000,0.0848531,0.5,0,0.14606,0.407461,0.0516377,-0.00690129,-15.3958,1e-05,0.00822269,0.102872,7950.08,1.06253,0.483116,-1,0.2,491.706,4.85376e+06,0.976913,1.02177,1.83944,0.513548,-0.409831
396,88.8636,1000,0.0850542,0.625,0,0.144523,0.406238,0.049372,-0.00671658,-15.3959,1e-05,0.0138578,0.102874,9147.17,1.05604,0.287329,-1,0.2,493.05,4.86605e+06,1.25421,1.26135,1.83332,0.506581,-0.41228
397,79.6317,1000,0.0849267,0.416667,0,0.14475,0.406755,0.04832,-0.00803674,-15.3955,1e-05,0.00960445,0.102876,9739.44,0.878701,0.382973,-1,0.2,494.313,4.87834e+06,1.214,0.805645,1.84639,0.525017,-0.409467
398,88.4312,1000,0.0847519,0.5,0,0.144944,0.406744,0.043781,-0.00747696,-15.3951,1e-05,0.0171073,0.102879,8901.01,1.0054,0.37512,-1,0.2,495.696,4.89062e+06,1.4802,1.02493,1.83252,0.493647,-0.409735
399,74.4965,958.783,0.0848303,0.916667,0.0416667,0.145536,0.406976,0.0779034,-0.00818112,-15.3946,1e-05,0.0103818,0.102882,8572.86,1.08969,0.343668,-1,0.2,497.13,4.90291e+06,1.11742,0.775471,1.75391,0.474124,-0.396099
400,85.8243,1000,0.0852666,0.291667,0,0.144882,0.398633,0.0534811,-0.00610462,-15.394,1e-05,0.00789559,0.102885,9843.56,0.874308,0.374021,-1,0.2,498.38,4.9152e+06,1.26568,1.12839,1.84048,0.471696,-0.415031
401,83.0493,1000,0.0849755,0.416667,0,0.144702,0.403588,0.126845,-0.00667923,-15.3935,1e-05,0.00566428,0.10289,9112.62,0.932461,0.415999,-1,0.2,501.397,4.92749e+06,0.949991,1.26807,1.8283,0.517044,-0.410943
402,82.1295,915.909,0.0851519,0.416667,0.0416667,0.143864,0.404865,0.099173,-0.00725729,-15.3925,1e-05,0.0103138,0.102894,6892.02,1.21899,0.563942,-1,0.2,503.182,4.93978e+06,1.27441,1.15015,1.67217,0.405308,-0.395572
403,75.4502,936.733,0.0850285,0.583333,0.0416667,0.143095,0.40392,0.115242,-0.00726777,-15.3918,1e-05,0.00841147,0.102898,7102.35,1.24874,0.481393,-1,0.2,504.914,4.95206e+06,0.860358,1.12696,1.71523,0.460362,-0.390394
404,74.7093,917.273,0.0852335,0.416667,0.0416667,0.141105,0.400509,0.121461,-0.00812892,-15.3909,1e-05,0.0111395,0.102905,8058.13,1.06824,0.456675,-1,0.2,506.441,4.96435e+06,1.01617,0.984063,1.68115,0.444536,-0.390453
405,78.3049,935.5,0.0851448,0.541667,0.0416667,0.140503,0.398341,0.0576866,-0.00683599,-15.3899,1e-05,0.0173331,0.102909,8307.65,1.0134,0.465721,-1,0.2,507.922,4.97664e+06,1.25755,0.911977,1.71553,0.453341,-0.423152
406,77.4054,1000,0.0855499,0.5,0,0.141124,0.396155,0.05173,-0.00706805,-15.3894,1e-05,0.0108725,0.102911,8199.93,1.02875,0.469801,-1,0.2,509.422,4.98893e+06,1.14004,0.826446,1.83609,0.481142,-0.413444
407,84.6948,1000,0.0854933,0.416667,0,0.140672,0.402621,0.104185,-0.00696624,-15.3888,1e-05,0.00762162,0.102916,8108.62,1.04816,0.467268,-1,0.2,510.939,5.00122e+06,1.35001,1.0186,1.82515,0.451304,-0.410332
408,73.212,937.6,0.0855343,0.583333,0.0416667,0.13961,0.398891,0.0479583,-0.00709596,-15.3879,1e-05,0.0101066,0.102921,7101.91,1.27204,0.458195,-1,0.2,512.671,5.0135e+06,0.90088,0.970776,1.71662,0.466665,-0.394344
409,89.8701,1000,0.085687,0.541667,0,0.139402,0.395706,0.0484373,-0.0064224,-15.3874,1e-05,0.0111198,0.102922,7437.78,1.2091,0.443011,-1,0.2,514.325,5.02579e+06,1.3486,1.24727,1.82246,0.483119,-0.407949
410,76.9941,1000,0.0856389,0.416667,0,0.139203,0.39535,0.0482461,-0.00705344,-15.387,1e-05,0.0126605,0.102925,7109.93,1.21372,0.514568,-1,0.2,516.055,5.03808e+06,0.872331,1.09574,1.8307,0.464451,-0.413513
411,89.3484,1000,0.0856811,0.333333,0,0.138781,0.394911,0.0458566,-0.00573643,-15.3863,1e-05,0.00661763,0.10293,9095.63,0.983041,0.367938,-1,0.2,517.407,5.05037e+06,1.39899,1.19006,1.82958,0.455884,-0.407101
412,72.7102,1000,0.0858174,0.416667,0,0.138073,0.393224,0.0452792,-0.00552659,-15.3856,1e-05,0.00584391,0.102934,10601,0.805133,0.354003,-1,0.2,518.567,5.06266e+06,1.06918,0.636317,1.83379,0.502968,-0.406753
413,87.5081,1000,0.0855475,0.416667,0,0.138492,0.394348,0.0456508,-0.00561838,-15.385,1e-05,0.00802801,0.102936,10044.3,0.87828,0.345106,-1,0.2,519.793,5.07494e+06,1.36292,1.11864,1.82615,0.476838,-0.409139
414,80.1841,867,0.0851971,0.25,0.0416667,0.138686,0.400832,0.0472229,-0.00775674,-15.3846,1e-05,0.0124101,0.102939,10615,0.811378,0.346224,-1,0.2,520.952,5.08723e+06,1.01674,1.36512,1.58333,0.420315,-0.376306
415,91.347,1000,0.085352,0.333333,0,0.138169,0.395485,0.0391689,-0.00839277,-15.3842,1e-05,0.0103759,0.102941,10617.5,0.824003,0.333328,-1,0.2,522.11,5.09952e+06,1.188,1.49066,1.82442,0.468178,-0.403909
416,88.1774,1000,0.0848944,0.5,0,0.139404,0.400736,0.0516794,-0.00614618,-15.3838,1e-05,0.00734427,0.102943,10365.2,0.818343,0.367163,-1,0.2,523.297,5.11181e+06,1.29022,1.23603,1.82187,0.470538,-0.409788
417,90.6846,1000,0.0847403,0.666667,0,0.139502,0.4044,0.0526226,-0.00773962,-15.3834,1e-05,0.00699973,0.102946,10365.5,0.845243,0.34023,-1,0.2,524.485,5.1241e+06,1.44498,1.18744,1.82383,0.484963,-0.406974
418,79.2552,1000,0.0846881,0.791667,0,0.139299,0.405021,0.0525385,-0.00672959,-15.3829,1e-05,0.0130535,0.102949,10198.2,0.869004,0.335912,-1,0.2,525.691,5.13638e+06,1.16044,0.909918,1.81734,0.482053,-0.406985
419,87.3255,1000,0.0848258,0.541667,0,0.13869,0.403498,0.0583438,-0.00676095,-15.3823,1e-05,0.0158358,0.102952,10083.9,0.864787,0.353789,-1,0.2,526.911,5.14867e+06,1.38303,1.1299,1.82287,0.441921,-0.411445
420,89.7361,1000,0.0845206,0.625,0,0.139533,0.408904,0.0536105,-0.00668712,-15.3817,1e-05,0.00871678,0.102956,9815.5,0.904347,0.34755,-1,0.2,528.165,5.16096e+06,1.23544,1.3815,1.81502,0.463065,-0.408226
421,83.9321,1000,0.084507,0.5,0,0.140123,0.408836,0.0562602,-0.0060389,-15.3812,1e-05,0.010681,0.102959,9928.36,0.898603,0.339063,-1,0.2,529.404,5.17325e+06,1.33127,0.980181,1.82504,0.464825,-0.40471
422,88.0889,1000,0.0843337,0.5,0,0.141222,0.405762,0.0537569,-0.00525554,-15.3805,1e-05,0.0110546,0.102962,10440,0.844964,0.332048,-1,0.2,530.582,5.18554e+06,1.36051,1.16429,1.82196,0.463224,-0.405543
423,84.4506,929.615,0.0837173,0.5,0.0416667,0.14238,0.412167,0.108737,-0.00653309,-15.3799,1e-05,0.0114859,0.102967,10327.1,0.853908,0.335971,-1,0.2,531.773,5.19782e+06,1.1907,1.30347,1.69287,0.429544,-0.394051
424,81.6773,1000,0.0840072,0.541667,0,0.142195,0.407134,0.0507988,-0.00608538,-15.3791,1e-05,0.0114941,0.102969,10776.9,0.81359,0.326625,-1,0.2,532.915,5.21011e+06,1.16719,1.02337,1.82988,0.469943,-0.406524
425,80.0264,1000,0.0843909,0.666667,0,0.139865,0.40513,0.0545315,-0.00533392,-15.3789,1e-05,0.00713716,0.102971,10963.3,0.846245,0.274583,-1,0.2,534.037,5.2224e+06,1.07553,1.065,1.82108,0.44391,-0.404202
426,94.5921,1000,0.0842445,0.625,0,0.141055,0.405166,0.0668104,-0.00620013,-15.3785,1e-05,0.00826208,0.102974,9282.72,0.92512,0.39863,-1,0.2,535.362,5.23469e+06,1.62249,1.26233,1.82279,0.432499,-0.4105
427,89.9318,1000,0.0839063,0.541667,0,0.142634,0.407892,0.0616503,-0.00576892,-15.3779,1e-05,0.0184235,0.102978,8777,1.01548,0.384539,-1,0.2,536.764,5.24698e+06,1.22228,1.41303,1.81538,0.453341,-0.407437
428,75.7273,1000,0.0837667,0.5,0,0.142706,0.407984,0.101672,-0.00631108,-15.3773,1e-05,0.00852961,0.102981,9656.52,0.963455,0.309053,-1,0.2,538.038,5.25926e+06,1.19657,0.751761,1.81978,0.426725,-0.408469
429,84.9257,1000,0.0840526,0.416667,0,0.142206,0.403528,0.0510033,-0.00627326,-15.3766,1e-05,0.0106628,0.102986,9080.4,0.967338,0.385906,-1,0.2,539.392,5.27155e+06,1.19219,1.20011,1.82081,0.443208,-0.410026
430,95.0824,1000,0.0836793,0.5,0,0.142444,0.409487,0.0555947,-0.00806311,-15.3759,1e-05,0.00754799,0.102989,9051.02,0.971535,0.386102,-1,0.2,540.752,5.28384e+06,1.37177,1.55294,1.81637,0.42284,-0.409805
431,82.2097,1000,0.0832146,0.541667,0,0.143162,0.416425,0.137426,-0.00633093,-15.3752,1e-05,0.00941305,0.102995,8908.34,0.967007,0.412375,-1,0.2,542.132,5.29613e+06,1.3029,0.945896,1.82413,0.446184,-0.408625
432,72.6288,923.917,0.083564,0.458333,0.0416667,0.142476,0.410375,0.0552952,-0.00526642,-15.3743,1e-05,0.00869122,0.102998,10174,0.816925,0.390863,-1,0.2,543.342,5.30842e+06,1.06552,0.870447,1.67265,0.417123,-0.394301
433,79.7535,1000,0.0834979,0.666667,0,0.142591,0.409801,0.0504958,-0.00668532,-15.3736,1e-05,0.00974312,0.103004,8287.28,1.02452,0.458238,-1,0.2,544.826,5.3207e+06,1.30858,0.807872,1.82877,0.450889,-0.408431
434,92.2374,1000,0.0834523,0.458333,0,0.143333,0.409434,0.0936782,-0.00712905,-15.3725,1e-05,0.00840711,0.10301,9072.44,0.91069,0.443742,-1,0.2,546.182,5.33299e+06,1.34746,1.42702,1.8165,0.42595,-0.40506
435,74.4599,910.5,0.0826317,0.375,0.0416667,0.144024,0.412093,0.142387,-0.00916234,-15.3714,1e-05,0.0115639,0.103017,10145,0.884234,0.326998,-1,0.2,547.395,5.34528e+06,1.1138,0.921739,1.66471,0.405647,-0.382897
436,84.5572,924.167,0.0818654,0.916667,0.0833333,0.146396,0.412469,0.163796,-0.00757508,-15.3702,1e-05,0.00678101,0.103024,9404.62,0.943933,0.362659,-1,0.2,548.702,5.35757e+06,1.4307,1.13417,1.68473,0.391135,-0.412875
437,88.4006,1000,0.0824844,0.375,0,0.147591,0.412725,0.135258,-0.00940858,-15.369,1e-05,0.00890437,0.10303,8420.13,1.05522,0.404144,-1,0.2,550.163,5.36986e+06,1.32252,1.27189,1.80984,0.421882,-0.406094
438,68.6378,869.929,0.0814577,0.5,0.0833333,0.148898,0.419847,0.140284,-0.00767518,-15.3677,1e-05,0.017312,0.103038,9787.21,0.927132,0.328384,-1,0.2,551.421,5.38214e+06,1.08628,0.834112,1.57835,0.359853,-0.426701
439,72.362,877.538,0.0815199,0.458333,0.0833333,0.148223,0.41778,0.13162,-0.0107168,-15.3664,1e-05,0.0140658,0.103046,9197.36,0.966056,0.369979,-1,0.2,552.758,5.39443e+06,0.95795,1.08515,1.59982,0.372581,-0.397402
440,79.0383,982.615,0.0825261,0.5,0.0416667,0.147572,0.414672,0.0726743,-0.00867584,-15.3651,1e-05,0.0108339,0.103053,10004.4,0.823208,0.40505,-1,0.2,553.989,5.40672e+06,1.17397,0.997275,1.7799,0.427526,-0.42676
441,87.1489,1000,0.082835,0.916667,0,0.146763,0.407056,0.0689778,-0.00521148,-15.3641,1e-05,0.0166686,0.103057,8137.83,0.948668,0.561316,-1,0.2,555.5,5.41901e+06,1.2229,1.31879,1.81501,0.410517,-0.409758
442,104.071,1000,0.082211,0.125,0,0.148915,0.411478,0.10648,-0.00699956,-15.3635,1e-05,0.0143224,0.103059,8203.76,1.1241,0.373748,-1,0.2,556.999,5.4313e+06,1.83592,1.56303,1.82236,0.392163,-0.409945
443,83.5661,923.25,0.0809234,0.458333,0.0416667,0.150334,0.41734,0.129685,-0.00722265,-15.3631,1e-05,0.0116524,0.103064,10115.7,0.862417,0.352334,-1,0.2,558.215,5.44358e+06,1.32878,1.18369,1.68444,0.385138,-0.403736
444,81.2105,1000,0.0815942,0.541667,0,0.151007,0.41655,0.0782324,-0.00840712,-15.3621,1e-05,0.00837829,0.103069,8829.44,0.963934,0.427774,-1,0.2,559.608,5.45587e+06,1.20936,1.01587,1.81685,0.422615,-0.404176
445,84.6234,966.75,0.0807209,0.625,0.0416667,0.151915,0.418423,0.0844018,-0.00714697,-15.3614,1e-05,0.0102017,0.103071,9031.89,0.977856,0.382656,-1,0.2,560.971,5.46816e+06,1.35266,1.11693,1.75684,0.417342,-0.412608
446,69.3672,923.417,0.0805609,0.458333,0.0416667,0.153491,0.42159,0.191282,-0.00853481,-15.361,1e-05,0.00747889,0.103075,10140.1,0.917885,0.293939,-1,0.2,562.184,5.48045e+06,1.06986,0.73023,1.67757,0.402381,-0.41169
447,76.2365,892.909,0.0811062,0.375,0.0833333,0.152795,0.415531,0.106621,-0.00729143,-15.36,1e-05,0.0115421,0.103082,10266.2,0.838702,0.358235,-1,0.2,563.382,5.49274e+06,1.19096,1.04459,1.61984,0.375486,-0.419048
448,82.5846,927.385,0.0809904,0.5,0.0416667,0.152576,0.418316,0.174875,-0.00631672,-15.359,1e-05,0.0132567,0.103086,8917.01,0.959596,0.418444,-1,0.2,564.762,5.50502e+06,1.38252,1.05722,1.69862,0.379059,-0.388193
449,61.7771,818.2,0.0808679,0.5,0.125,0.152346,0.415279,0.0868232,-0.00623255,-15.3584,1e-05,0.0104924,0.10309,9385.86,0.958227,0.350977,-1,0.2,566.072,5.51731e+06,0.779455,0.836874,1.49055,0.350773,-0.368793
450,87.1079,937.2,0.0808748,0.583333,0.0416667,0.152072,0.411526,0.0942173,-0.0065837,-15.3576,1e-05,0.0087579,0.103094,10425.9,0.830551,0.348058,-1,0.2,567.252,5.5296e+06,1.35977,1.33617,1.70339,0.362163,-0.4061
451,81.3464,1000,0.0812332,0.5,0,0.151459,0.412491,0.0680771,-0.00616856,-15.357,1e-05,0.00960425,0.103097,9932.72,0.858124,0.378999,-1,0.2,568.49,5.54189e+06,1.34904,0.900332,1.80394,0.424119,-0.410111
452,76.1375,953.182,0.0789319,0.375,0.0833333,0.153514,0.427577,0.259547,-0.00691881,-15.3564,1e-05,0.0137414,0.103102,8598.33,1.02398,0.40513,-1,0.2,569.921,5.55418e+06,0.969005,1.18684,1.71733,0.383467,-0.449773
453,73.9732,868.5,0.080009,0.5,0.0833333,0.154767,0.423433,0.190538,-0.0081101,-15.3554,1e-05,0.0154669,0.103109,9687.73,0.880656,0.387752,-1,0.2,571.191,5.56646e+06,1.36637,0.778554,1.59215,0.35624,-0.394654
454,66.4193,870.857,0.0802531,0.25,0.0416667,0.154195,0.417692,0.125374,-0.00858726,-15.3543,1e-05,0.0144706,0.103114,10102.5,0.841598,0.374733,-1,0.2,572.409,5.57875e+06,0.82508,0.963043,1.57759,0.339522,-0.384268
455,77.7036,901,0.0800043,0.333333,0.0416667,0.153838,0.425658,0.233423,-0.0060419,-15.3535,1e-05,0.0108065,0.103118,9461.33,0.890011,0.408749,-1,0.2,573.709,5.59104e+06,1.17152,1.13409,1.63883,0.342078,-0.401335
456,57.9409,829.636,0.0783433,0.333333,0.125,0.15431,0.421743,0.302777,-0.00915811,-15.3527,1e-05,0.021199,0.103122,9527.16,0.922749,0.367037,-1,0.2,575,5.60333e+06,1.04104,0.484574,1.49503,0.314561,-0.438156
457,53.4078,832.455,0.0794241,0.375,0.0833333,0.153002,0.422122,0.204067,-0.00821533,-15.3521,1e-05,0.00720281,0.103125,8760.12,1.03471,0.368008,-1,0.2,576.405,5.61562e+06,0.631869,0.594417,1.50568,0.323327,-0.384902
458,76.6815,882.867,0.0795623,0.541667,0.0833333,0.15189,0.418858,0.231134,-0.00850763,-15.3515,1e-05,0.00703858,0.103129,10600.5,0.87636,0.282833,-1,0.2,577.565,5.6279e+06,1.2945,1.00755,1.60591,0.340863,-0.414742
459,66.7994,901.933,0.0802876,0.541667,0.0833333,0.151225,0.41217,0.0825967,-0.0068255,-15.3506,1e-05,0.00858822,0.103135,11540.6,0.790534,0.27423,-1,0.2,578.631,5.64019e+06,0.960329,0.792796,1.64367,0.355273,-0.412098
460,88.9252,1000,0.0807522,0.708333,0,0.151394,0.410166,0.0675953,-0.00630413,-15.3496,1e-05,0.0211157,0.10314,13072.7,0.68425,0.255724,-1,0.2,579.572,5.65248e+06,1.46523,1.21271,1.81673,0.361474,-0.409879
461,78.9689,1000,0.0803178,0.583333,0,0.152799,0.416165,0.109033,-0.00540895,-15.3488,1e-05,0.019139,0.103145,12454.2,0.645466,0.341192,-1,0.2,580.56,5.66477e+06,1.28854,0.86043,1.81985,0.386862,-0.40723
462,72.859,938.067,0.0798243,0.583333,0.0416667,0.151552,0.418548,0.153615,-0.00793296,-15.3481,1e-05,0.0120618,0.103149,8451.74,1.02463,0.429267,-1,0.2,582.015,5.67706e+06,0.850182,1.11429,1.70591,0.36851,-0.395943
463,80.428,949.25,0.0791671,0.458333,0.0416667,0.150414,0.423098,0.20575,-0.0080484,-15.3472,1e-05,0.00856964,0.103155,10086.8,0.856149,0.362071,-1,0.2,583.235,5.68934e+06,1.174,1.21414,1.71525,0.340071,-0.422065
464,69.7459,895.412,0.078386,0.625,0.0833333,0.150697,0.431404,0.223831,-0.00810644,-15.3462,1e-05,0.0166009,0.103161,9642.02,0.860061,0.414361,-1,0.2,584.511,5.70163e+06,1.00606,0.91077,1.62731,0.340412,-0.397257
465,66.2279,783.059,0.077876,0.541667,0.166667,0.150713,0.426116,0.240412,-0.00906571,-15.345,1e-05,0.00521824,0.103168,9471.44,0.931511,0.365863,-1,0.2,585.81,5.71392e+06,0.942761,1.07623,1.42191,0.290277,-0.419783
466,88.2984,1000,0.0794077,0.583333,0,0.148532,0.423831,0.282314,-0.00824714,-15.344,1e-05,0.0113772,0.103173,9877.38,0.888521,0.355533,-1,0.2,587.055,5.72621e+06,1.63037,1.02208,1.81066,0.363119,-0.411313
467,69.3233,899.278,0.0793445,0.666667,0.0833333,0.15077,0.421762,0.129551,-0.00852941,-15.3431,1e-05,0.0094614,0.103178,11449.7,0.801932,0.271283,-1,0.2,588.13,5.7385e+06,0.943275,0.973078,1.62141,0.334874,-0.406474
468,76.3094,933,0.0786346,0.541667,0.0416667,0.150541,0.425524,0.259337,-0.00616988,-15.3421,1.5e-05,0.00412487,0.103184,10813,0.761079,0.375326,-1,0.2,589.267,5.75078e+06,1.00324,1.17088,1.68944,0.351271,-0.399368
469,71.9309,838.714,0.0773371,0.458333,0.125,0.150996,0.431145,0.233577,-0.00786101,-15.3407,1.5e-05,0.01027,0.103195,8884.2,1.00408,0.379053,-1,0.2,590.654,5.76307e+06,1.06207,1.15777,1.51242,0.291192,-0.426908
470,63.0783,756.625,0.0783639,0.458333,0.208333,0.150557,0.434454,0.18327,-0.00915573,-15.3388,1.5e-05,0.0118828,0.103206,9813.71,0.884647,0.367479,-1,0.2,591.908,5.77536e+06,0.981075,0.945036,1.36658,0.279594,-0.418367
471,72.705,1000,0.0793468,0.416667,0,0.14833,0.427036,0.242194,-0.00792245,-15.3367,1.5e-05,0.0108137,0.103219,11750.8,0.754688,0.291032,-1,0.2,592.955,5.78765e+06,1.25223,0.575346,1.83496,0.382294,-0.409586
472,56.2943,768.75,0.0774922,0.375,0.125,0.150144,0.432704,0.260352,-0.00874804,-15.3345,1.5e-05,0.0162537,0.10323,11185.8,0.714188,0.384348,-1,0.2,594.054,5.79994e+06,0.822615,0.734519,1.3859,0.280613,-0.408932
473,69.0251,892.706,0.078555,0.625,0.0833333,0.150792,0.429131,0.177381,-0.00812767,-15.3329,1.5e-05,0.0127105,0.103238,9016.59,1.00188,0.360939,-1,0.2,595.419,5.81222e+06,1.21472,0.699382,1.62,0.313128,-0.39598
474,77.9248,934.214,0.0783266,0.541667,0.0416667,0.150496,0.42169,0.154631,-0.00793277,-15.3316,1.5e-05,-0.000897653,0.103245,9816.43,0.887269,0.36451,-1,0.2,596.672,5.82451e+06,1.18214,1.13243,1.68454,0.313962,-0.416828
475,62.1801,769.167,0.0775392,0.375,0.125,0.149727,0.431802,0.245671,-0.00816522,-15.3304,1.5e-05,0.0123734,0.103253,11209.2,0.83069,0.265552,-1,0.2,597.77,5.8368e+06,0.796593,1.04557,1.38738,0.287062,-0.407594
476,73.8557,885.062,0.078166,0.583333,0.0833333,0.14964,0.42978,0.147703,-0.00891999,-15.3289,1.5e-05,0.0121703,0.103261,13028.7,0.675191,0.26796,-1,0.2,598.714,5.84909e+06,0.931408,1.27463,1.58555,0.311556,-0.410356
477,74.2935,915.364,0.0784213,0.416667,0.0416667,0.148498,0.435052,0.173597,-0.00622672,-15.3277,1.5e-05,0.00930449,0.103267,13714.3,0.637429,0.258571,-1,0.2,599.611,5.86138e+06,1.08065,1.06245,1.65135,0.314874,-0.394657
478,73.1795,957,0.0792103,0.833333,0.0416667,0.146298,0.433117,0.230834,-0.00529663,-15.3266,1.5e-05,0.00857855,0.103274,12979.7,0.69023,0.256482,-1,0.2,600.559,5.87366e+06,1.05834,0.951521,1.72935,0.321503,-0.401734
479,65.7691,899.556,0.0776171,0.333333,0.0416667,0.146146,0.447,0.323421,-0.00702515,-15.3252,1.5e-05,0.0121095,0.103283,13640.5,0.645212,0.255634,-1,0.2,601.461,5.88595e+06,1.00259,0.780705,1.61336,0.290973,-0.399167
480,77.1755,886.667,0.0763009,0.625,0.125,0.148598,0.465787,0.346596,-0.0103762,-15.3238,1e-05,0.0216152,0.10329,13125.1,0.67558,0.260644,-1,0.2,602.399,5.89824e+06,1.15456,1.23282,1.5872,0.289011,-0.404813
481,63.5935,805.214,0.0775822,0.458333,0.125,0.14641,0.448958,0.304249,-0.00791059,-15.3226,1e-05,0.0134188,0.103298,13516.6,0.650667,0.258437,-1,0.2,603.309,5.91053e+06,0.924847,0.978225,1.45234,0.26841,-0.444152
482,71.4123,900.611,0.0775182,0.666667,0.0833333,0.146552,0.450922,0.267666,-0.00785831,-15.3211,1e-05,0.00851922,0.103305,13104.1,0.679891,0.257834,-1,0.2,604.248,5.92282e+06,1.10121,0.952711,1.62097,0.297046,-0.401328
483,54.5127,784.762,0.0760348,0.666667,0.208333,0.144731,0.458418,0.295378,-0.0101772,-15.3198,1e-05,0.0114851,0.103313,13298.1,0.663718,0.260323,-1,0.2,605.173,5.9351e+06,0.675144,0.784202,1.41441,0.265284,-0.413408
484,61.3655,694.5,0.0771302,0.166667,0.0833333,0.142253,0.446264,0.337019,-0.00903177,-15.3185,1e-05,0.00705252,0.103321,13727.1,0.635274,0.259888,-1,0.2,606.07,5.94739e+06,0.920873,1.05588,1.24984,0.220515,-0.378837
485,50.6303,711.25,0.0761923,0.458333,0.208333,0.14325,0.450115,0.327871,-0.00953197,-15.3171,1e-05,0.0142202,0.103328,13233.7,0.673865,0.254676,-1,0.2,606.999,5.95968e+06,0.773886,0.650835,1.27588,0.230745,-0.399831
486,79.8396,932.857,0.0781347,0.541667,0.0416667,0.141691,0.441121,0.206955,-0.00794203,-15.316,1e-05,0.00962619,0.103334,12976.6,0.688668,0.258266,-1,0.2,607.948,5.97197e+06,1.15877,1.28665,1.66687,0.290544,-0.410847
487,55.7705,769.5,0.0767919,0.5,0.166667,0.143225,0.450649,0.186592,-0.00647851,-15.315,1e-05,0.0147014,0.10334,13463.9,0.656689,0.255976,-1,0.2,608.862,5.98426e+06,0.72396,0.835859,1.38199,0.249481,-0.40277
488,72.31,887.875,0.0771778,0.583333,0.0833333,0.141701,0.441381,0.212427,-0.00804614,-15.3138,1e-05,0.00790954,0.103347,13347.8,0.668806,0.251795,-1,0.2,609.783,5.99654e+06,1.17675,1.01926,1.58542,0.264052,-0.429993
489,77.1963,928.462,0.0767131,0.5,0.0416667,0.141475,0.454322,0.271299,-0.00831589,-15.3125,1e-05,0.0144021,0.103355,13622.7,0.645396,0.256631,-1,0.2,610.687,6.00883e+06,1.28954,1.0303,1.66591,0.291755,-0.417685
490,47.3207,643.154,0.0749922,0.333333,0.208333,0.145084,0.455552,0.288558,-0.00780535,-15.3112,1e-05,0.00598904,0.103362,13354.8,0.667165,0.252955,-1,0.2,611.608,6.02112e+06,0.820577,0.582835,1.15508,0.200433,-0.392887
491,70.8011,890.053,0.0759446,0.666667,0.125,0.14344,0.456951,0.248831,-0.0069038,-15.3102,1e-05,0.0144633,0.103367,12614.1,0.715319,0.258832,-1,0.2,612.584,6.03341e+06,1.15648,0.955453,1.58396,0.27202,-0.427852
492,53.2929,736.071,0.0752804,0.416667,0.166667,0.143853,0.450235,0.239383,-0.00839495,-15.3091,1e-05,0.011533,0.103374,13590.3,0.652046,0.252128,-1,0.2,613.489,6.0457e+06,0.970627,0.552407,1.31992,0.223155,-0.401466
493,61.1057,829.818,0.0774474,0.375,0.0833333,0.14201,0.439619,0.17618,-0.00885486,-15.308,1e-05,0.0120499,0.10338,14091.9,0.615257,0.256732,-1,0.2,614.362,6.05798e+06,0.77216,0.91249,1.48526,0.259816,-0.37444
494,66.3973,850.333,0.0762897,0.416667,0.0833333,0.141093,0.444999,0.311599,-0.00790129,-15.3069,1e-05,0.0104038,0.103388,13654,0.645148,0.254805,-1,0.2,615.263,6.07027e+06,0.908908,1.08309,1.51087,0.254915,-0.437919
495,55.9261,753.357,0.0769783,0.416667,0.166667,0.139441,0.443888,0.300932,-0.00720132,-15.3054,1e-05,0.0153709,0.103396,13123.1,0.680043,0.256322,-1,0.2,616.201,6.08256e+06,0.879693,0.812928,1.34311,0.229589,-0.46902
496,63.5813,854.25,0.0768531,0.25,0.0833333,0.140508,0.439258,0.271857,-0.00779521,-15.3043,1e-05,0.00817588,0.1034,14202.6,0.605819,0.259377,-1,0.2,617.067,6.09485e+06,1.11543,0.686966,1.52745,0.274123,-0.424906
497,49.9844,650.385,0.0766732,0.333333,0.208333,0.139513,0.437196,0.177674,-0.00853792,-15.3034,1e-05,0.0113601,0.103407,13656.3,0.641828,0.257974,-1,0.2,617.968,6.10714e+06,0.862672,0.683267,1.15942,0.190949,-0.397092
498,80.7827,928.769,0.0780401,0.5,0.0416667,0.138626,0.435819,0.218312,-0.00701526,-15.3021,1e-05,0.0208984,0.103415,13623.8,0.643776,0.258173,-1,0.2,618.872,6.11942e+06,1.46721,1.07398,1.64692,0.255405,-0.404382
499,74.5219,860.923,0.076108,0.458333,0.0833333,0.140307,0.439586,0.392679,-0.00681358,-15.3009,1.5e-05,0.00439028,0.103421,13465.8,0.658886,0.253648,-1,0.2,619.785,6.13171e+06,1.33706,1.0512,1.52114,0.238184,-0.421497
500,57.8801,771.958,0.0752114,0.75,0.25,0.142633,0.440727,0.266244,-0.00877263,-15.2997,1.5e-05,0.0152329,0.103428,12990.4,0.693447,0.252481,-1,0.2,620.732,6.144e+06,0.899513,0.820504,1.36936,0.21934,-0.41471
501,75.6275,972.143,0.0769225,0.541667,0.0416667,0.141907,0.441966,0.236212,-0.0071284,-15.2984,1.5e-05,0.0123705,0.103436,12731.6,0.679276,0.285879,-1,0.2,622.612,6.15629e+06,1.2538,0.969471,1.71788,0.268607,-0.428392
502,46.8768,747.222,0.0765327,0.541667,0.208333,0.140948,0.438325,0.27298,-0.0103507,-15.2969,1.5e-05,0.0131622,0.103446,12682.8,0.71779,0.251081,-1,0.2,623.582,6.16858e+06,0.781769,0.433783,1.32835,0.212405,-0.412473
503,65.8563,828.312,0.0769768,0.541667,0.125,0.13958,0.435668,0.275058,-0.00763537,-15.2949,1.5e-05,0.0126338,0.103458,13666.2,0.650766,0.248385,-1,0.2,624.483,6.18086e+06,1.07328,0.967276,1.47042,0.224626,-0.442792
504,59.0755,725.471,0.0744695,0.5,0.208333,0.142109,0.447764,0.292401,-0.00845982,-15.2934,1.5e-05,0.0111248,0.103464,12774.4,0.690114,0.271808,-1,0.2,625.446,6.19315e+06,0.985213,0.89987,1.28501,0.199757,-0.416072
505,63.7288,796.353,0.0754869,0.541667,0.166667,0.141729,0.45018,0.28082,-0.0100598,-15.2921,1e-05,0.0259692,0.103473,13576.7,0.655574,0.249505,-1,0.2,626.352,6.20544e+06,1.08936,0.923957,1.40291,0.21549,-0.445282
506,43.6295,604.857,0.0737294,0.5,0.375,0.143938,0.456414,0.320666,-0.00890177,-15.2907,1e-05,0.0165076,0.10348,13169.4,0.680807,0.252262,-1,0.2,627.286,6.21773e+06,0.73575,0.586324,1.06829,0.168541,-0.37743
507,70.3391,872.286,0.0769829,0.5,0.0833333,0.142071,0.441391,0.194623,-0.00609966,-15.2895,1e-05,0.0103808,0.103486,13917.1,0.634285,0.248655,-1,0.2,628.17,6.23002e+06,1.24117,0.927138,1.54011,0.231075,-0.422537
508,59.3023,892.118,0.0763086,0.625,0.0833333,0.141256,0.444391,0.235683,-0.00828525,-15.2886,1e-05,0.0163584,0.103492,13214.7,0.677788,0.252083,-1,0.2,629.101,6.2423e+06,0.939957,0.615106,1.58701,0.240598,-0.417551
509,78.8995,943.312,0.0762526,0.625,0.0416667,0.141645,0.43648,0.244239,-0.00914062,-15.2875,1e-05,0.00779642,0.103497,13796.5,0.641732,0.248926,-1,0.2,629.993,6.25459e+06,1.21739,1.22646,1.66151,0.244138,-0.404527
510,58.1686,772.4,0.0757362,0.625,0.208333,0.142517,0.439407,0.202778,-0.00805118,-15.2867,1e-05,0.0100913,0.103502,13139.6,0.690625,0.244561,-1,0.2,630.929,6.26688e+06,0.921146,0.827248,1.36693,0.20412,-0.411015
511,59.5668,743.778,0.0754449,0.541667,0.208333,0.142683,0.439306,0.292716,-0.00747252,-15.2858,1e-05,0.00948452,0.103508,13572.7,0.660325,0.245022,-1,0.2,631.836,6.27917e+06,1.03394,0.849453,1.30235,0.189238,-0.39664
512,54.4599,730,0.074855,0.416667,0.166667,0.142526,0.443443,0.190061,-0.00868934,-15.2848,1e-05,0.0107337,0.103512,14151.5,0.623327,0.244994,-1,0.2,632.705,6.29146e+06,0.869215,0.75843,1.28652,0.186894,-0.378059
513,67.6935,873.833,0.074722,0.416667,0.0833333,0.142252,0.445503,0.290093,-0.00889843,-15.284,1e-05,0.0102739,0.103517,12174.8,0.639281,0.370014,-1,0.2,633.716,6.30374e+06,0.999977,1.00941,1.56025,0.235841,-0.420801
514,53.4706,812.733,0.0752164,0.5,0.125,0.140634,0.44487,0.332875,-0.00813009,-15.2831,1e-05,0.0143798,0.103523,9220.18,0.939177,0.393552,-1,0.2,635.05,6.31603e+06,0.820566,0.612783,1.43505,0.212522,-0.407393
515,61.3652,785,0.074785,0.5,0.166667,0.142811,0.459063,0.292699,-0.00827295,-15.282,1e-05,0.0109666,0.10353,9524.69,0.877731,0.41239,-1,0.2,636.342,6.32832e+06,1.08952,0.870669,1.38402,0.195592,-0.471541
516,69.2178,892.529,0.0758024,0.625,0.0833333,0.140178,0.45512,0.359507,-0.00728134,-15.2808,1e-05,0.00870247,0.103536,10464.8,0.836114,0.338113,-1,0.2,637.517,6.34061e+06,1.06382,1.01223,1.57003,0.225653,-0.410842
517,54.7804,745.308,0.0734488,0.375,0.166667,0.142502,0.460386,0.277218,-0.00647235,-15.2798,1e-05,0.0219229,0.103542,10045.9,0.872347,0.350844,-1,0.2,638.742,6.3529e+06,0.848393,0.797164,1.32584,0.195959,-0.428338
518,50.8934,676.562,0.0731635,0.416667,0.25,0.142834,0.459894,0.500585,-0.00724751,-15.279,1e-05,0.013294,0.103546,9552.92,0.899979,0.386329,-1,0.2,640.03,6.36518e+06,0.945336,0.649525,1.18909,0.170918,-0.4102
519,64.8818,810.368,0.0742396,0.625,0.166667,0.142526,0.450102,0.240347,-0.00803166,-15.2782,1e-05,0.00987758,0.103551,10662.4,0.799978,0.352483,-1,0.2,641.184,6.37747e+06,1.16783,0.869262,1.4427,0.202063,-0.437768
520,61.5699,740.333,0.0738937,0.458333,0.291667,0.144251,0.457699,0.333046,-0.00693749,-15.2773,1e-05,0.0133303,0.103556,9971.63,0.872325,0.359971,-1,0.2,642.418,6.38976e+06,1.11245,0.88349,1.29293,0.176706,-0.387083
521,56.2126,829.176,0.0760968,0.541667,0.166667,0.142022,0.44713,0.26481,-0.00714678,-15.2763,1e-05,0.0150897,0.103562,9444.84,1.00647,0.294555,-1,0.2,643.721,6.40205e+06,0.935023,0.628289,1.47204,0.208641,-0.433366
522,70.5374,868.812,0.0743159,0.416667,0.25,0.146474,0.457697,0.544062,-0.007723,-15.2755,1e-05,0.0183311,0.103565,10636.7,0.735363,0.419887,-1,0.2,644.877,6.41434e+06,1.33204,0.879629,1.52518,0.203493,-0.413473
523,63.3115,752.12,0.0734723,0.5,0.541667,0.149024,0.462944,0.434502,-0.00691518,-15.275,1e-05,0.00620098,0.103569,9282.5,0.96684,0.356941,-1,0.2,646.202,6.42662e+06,1.22925,0.904906,1.31342,0.173007,-0.455007
524,66.0482,874.179,0.0725246,0.625,0.541667,0.151693,0.467795,0.554575,-0.00667209,-15.274,1e-05,0.0156484,0.103577,9532.3,0.946034,0.343057,-1,0.2,647.495,6.43891e+06,1.16135,0.815457,1.52854,0.199222,-0.402163
525,53.7671,603.5,0.0728636,0.208333,0.458333,0.151229,0.473569,0.4808,-0.00626263,-15.2726,1e-05,0.0110181,0.103584,12458,0.731221,0.255135,-1,0.2,648.483,6.4512e+06,0.876595,1.03139,1.05213,0.135162,-0.406926
526,70.871,818.176,0.0727652,0.166667,0.541667,0.152518,0.475873,0.626253,-0.00470603,-15.2714,1e-05,0.0168136,0.103591,10156.7,0.832397,0.37745,-1,0.2,649.694,6.46349e+06,1.24487,1.0824,1.42428,0.181493,-0.389483
527,56.3632,680.857,0.0697352,0.375,0.5,0.155661,0.490746,0.523508,-0.0078256,-15.2703,1e-05,0.014692,0.103597,8878.84,0.992924,0.391041,-1,0.2,651.079,6.47578e+06,1.00107,0.868317,1.18647,0.152948,-0.390649
528,59.9703,753.167,0.0719109,0.416667,0.583333,0.1548,0.486185,0.527982,-0.00635841,-15.2692,1e-05,0.0115252,0.103604,10358.7,0.901648,0.284605,-1,0.2,652.267,6.48806e+06,1.01317,0.908612,1.31473,0.166113,-0.404106
529,55.8465,762.25,0.0723153,0.375,0.291667,0.154124,0.471942,0.420711,-0.00842694,-15.2682,1e-05,0.0164022,0.103609,12613.9,0.680714,0.293449,-1,0.2,653.243,6.50035e+06,0.758096,0.918128,1.34746,0.179996,-0.411354
530,53.8772,686.7,0.0707691,0.291667,0.541667,0.156685,0.485248,0.474054,-0.00687791,-15.2674,1e-05,0.0148386,0.103613,8990.12,0.971686,0.395147,-1,0.2,654.611,6.51264e+06,1.02615,0.730541,1.20483,0.149329,-0.416984
531,49.3483,647.278,0.0713391,0.25,0.5,0.15834,0.48798,0.354461,-0.00807589,-15.2666,1e-05,0.0110705,0.103618,9857.01,0.873027,0.373598,-1,0.2,655.859,6.52493e+06,0.772623,0.81034,1.12746,0.143532,-0.386541
532,53.297,732.8,0.0720643,0.416667,0.416667,0.158523,0.474403,0.470234,-0.00597109,-15.2657,1e-05,0.0192592,0.103623,10979,0.831989,0.287238,-1,0.2,656.979,6.53722e+06,0.844795,0.775151,1.27841,0.159948,-0.393451
533,56.2755,725.95,0.0705588,0.291667,0.541667,0.157266,0.486503,0.387777,-0.00751289,-15.2646,1e-05,0.0131825,0.103631,12527.2,0.702965,0.277938,-1,0.2,657.961,6.5495e+06,1.00256,0.77928,1.26379,0.156131,-0.38799
534,56.967,730.714,0.0730437,0.25,0.333333,0.155901,0.470066,0.319833,-0.00633633,-15.2633,1e-05,0.0141657,0.103638,12711.2,0.646497,0.320211,-1,0.2,658.929,6.56179e+06,0.989279,0.770027,1.28433,0.159557,-0.354837
535,58.5122,719.083,0.0708333,0.25,0.25,0.158143,0.477875,0.414725,-0.00680116,-15.2621,1e-05,0.0120237,0.103645,9727.22,0.84457,0.418689,-1,0.2,660.194,6.57408e+06,0.908354,0.980207,1.24618,0.149513,-0.358647
536,48.723,631.75,0.069698,0.166667,0.5,0.161237,0.484636,0.415702,-0.00603048,-15.2608,1.5e-05,0.00490662,0.103652,9764.69,0.897922,0.36049,-1,0.2,661.454,6.58637e+06,0.801927,0.768152,1.10342,0.134251,-0.371604
537,37.5957,511.75,0.0692219,0.166667,0.5,0.160405,0.489834,0.396236,-0.00975148,-15.2592,1.5e-05,0.0167264,0.103663,11136.1,0.800149,0.303293,-1,0.2,662.558,6.59866e+06,0.780301,0.488347,0.886964,0.111378,-0.387205
538,51.2274,774.2,0.071693,0.25,0.166667,0.156811,0.472537,0.353536,-0.00748581,-15.2575,1.5e-05,0.0144561,0.103672,13581,0.63418,0.270616,-1,0.2,663.465,6.61094e+06,0.850103,0.649352,1.36901,0.170883,-0.477981
539,44.5046,625.2,0.0697355,0.291667,0.541667,0.1605,0.483854,0.459244,-0.00763959,-15.2558,1.5e-05,0.0152287,0.103683,9056.27,0.947741,0.409109,-1,0.2,664.823,6.62323e+06,0.817592,0.535017,1.09066,0.129879,-0.347922
540,53.0998,678,0.0710199,0.208333,0.291667,0.158124,0.471268,0.251132,-0.00859511,-15.2539,1.5e-05,0.0106308,0.103693,9867.5,0.873359,0.371941,-1,0.2,666.07,6.63552e+06,0.983225,0.717669,1.17482,0.136228,-0.356955
541,43.1576,671.733,0.070896,0.333333,0.291667,0.158838,0.473444,0.273705,-0.0068851,-15.2525,1.5e-05,0.0161872,0.103701,11413.5,0.76139,0.315232,-1,0.2,667.148,6.64781e+06,0.706767,0.529604,1.17407,0.146566,-0.399127
542,50.7005,736.381,0.0702406,0.375,0.5,0.161449,0.487781,0.343356,-0.00669589,-15.2512,1.5e-05,0.0148933,0.103706,12844.4,0.709395,0.247284,-1,0.2,668.106,6.6601e+06,0.842728,0.633877,1.28077,0.150019,-0.372368
543,53.693,702.095,0.0712464,0.375,0.5,0.160506,0.46949,0.185879,-0.0087508,-15.2503,1.5e-05,0.0112517,0.103712,10361.3,0.81265,0.373302,-1,0.2,669.293,6.67238e+06,0.884322,0.836431,1.21069,0.145665,-0.392459
544,57.0408,803.417,0.0716414,0.291667,0.208333,0.157361,0.478533,0.302417,-0.00773728,-15.2495,1.5e-05,0.0131564,0.103716,9711.84,0.911752,0.353507,-1,0.2,670.56,6.68467e+06,1.05334,0.639679,1.39685,0.155219,-0.39305
545,41.6006,615.733,0.0689864,0.291667,0.333333,0.159392,0.482387,0.308885,-0.00873344,-15.2485,1.5e-05,0.0183888,0.103724,10181.6,0.911816,0.295069,-1,0.2,671.768,6.69696e+06,0.685676,0.569406,1.07013,0.126559,-0.371744
546,50.4165,702.211,0.0697205,0.375,0.416667,0.162571,0.485738,0.300926,-0.007941,-15.247,1.5e-05,0.0139218,0.103732,12476.5,0.729991,0.254903,-1,0.2,672.755,6.70925e+06,0.935723,0.603954,1.21706,0.142322,-0.378228
547,45.1114,696.789,0.0704025,0.416667,0.375,0.161392,0.481275,0.376647,-0.00761906,-15.2455,1.5e-05,0.0153994,0.103741,12186.4,0.668549,0.339786,-1,0.2,673.764,6.72154e+06,0.647215,0.649217,1.20779,0.140915,-0.389573
548,48.0534,686.323,0.0685503,0.5,0.791667,0.163069,0.4947,0.307992,-0.00819492,-15.2441,2.25e-05,0.00450177,0.10375,9158.35,0.945994,0.395733,-1,0.2,675.108,6.73382e+06,0.76238,0.661098,1.19453,0.13374,-0.349081
549,41.9396,620.308,0.0699904,0.208333,0.333333,0.160215,0.484769,0.38274,-0.00713754,-15.2421,2.25e-05,0.0155056,0.103764,9927.71,0.875437,0.36231,-1,0.2,676.347,6.74611e+06,0.699623,0.58765,1.08145,0.121608,-0.393352
550,41.9465,637.083,0.0703721,0.458333,0.541667,0.158096,0.477413,0.252223,-0.00643718,-15.2399,2.25e-05,0.0107222,0.103772,11591.8,0.789206,0.270851,-1,0.2,677.408,6.7584e+06,0.708796,0.516173,1.10838,0.125988,-0.362016
551,39.8523,618,0.0698641,0.25,0.25,0.157686,0.494656,0.301604,-0.00859911,-15.2387,1.5e-05,0.0223218,0.103782,14041.6,0.617052,0.25806,-1,0.2,678.285,6.77069e+06,0.534722,0.616973,1.08336,0.120459,-0.362904
552,35.4003,575.111,0.0680233,0.5,0.625,0.159399,0.480445,0.353219,-0.00598094,-15.2369,1.5e-05,0.0159941,0.103791,9533.84,0.882752,0.40613,-1,0.2,679.575,6.78298e+06,0.621706,0.431472,1.00017,0.111814,-0.395147
553,53.219,648.364,0.0697128,0.333333,0.583333,0.158995,0.481113,0.348304,-0.00747403,-15.235,1.5e-05,0.0139119,0.103805,9348.08,0.92693,0.387564,-1,0.2,680.891,6.79526e+06,0.921053,0.87867,1.11944,0.116748,-0.374957
554,44.2029,575.667,0.0695964,0.166667,0.583333,0.158148,0.476258,0.363635,-0.00745865,-15.2325,1.5e-05,0.0118568,0.103819,10381.3,0.885811,0.297859,-1,0.2,682.076,6.80755e+06,0.77359,0.701449,0.995021,0.106767,-0.366685
555,49.7223,685.429,0.0703367,0.416667,0.458333,0.157631,0.482116,0.247772,-0.00769495,-15.2302,1.5e-05,0.0157242,0.103832,11846.8,0.74578,0.291463,-1,0.2,683.115,6.81984e+06,0.718716,0.809111,1.19428,0.126585,-0.362575
556,41.2208,633.667,0.0706667,0.291667,0.333333,0.154514,0.475994,0.313591,-0.00611324,-15.2282,1e-05,0.0236248,0.103842,9129.62,0.935326,0.410622,-1,0.2,684.462,6.83213e+06,0.681828,0.555866,1.10291,0.12266,-0.402226
557,45.6575,759,0.0719284,0.25,0.208333,0.152627,0.471987,0.219508,-0.00755162,-15.2268,1e-05,0.00790109,0.103848,10226.7,0.83117,0.370391,-1,0.2,685.665,6.84442e+06,0.729713,0.475807,1.33672,0.138113,-0.397479
558,41.5237,590.889,0.0702694,0.25,0.5,0.155625,0.47007,0.309388,-0.00606343,-15.2258,1e-05,0.0156178,0.103853,10410.7,0.872148,0.308176,-1,0.2,686.847,6.8567e+06,0.75917,0.541613,1.02731,0.105849,-0.357757
559,56.9773,736.429,0.072222,0.208333,0.375,0.154074,0.465742,0.246314,-0.00759807,-15.2248,1e-05,0.0118853,0.103859,13332.4,0.643435,0.278227,-1,0.2,687.77,6.86899e+06,1.05744,0.748216,1.27412,0.134454,-0.365372
560,49.7008,681.2,0.0701442,0.291667,0.333333,0.156066,0.467645,0.281236,-0.00904781,-15.2238,1e-05,0.0180113,0.103865,13257.2,0.664088,0.262806,-1,0.2,688.698,6.88128e+06,0.767063,0.794713,1.18025,0.118519,-0.375508
561,52.6723,727.5,0.0702267,0.458333,0.458333,0.154654,0.484171,0.264822,-0.0077662,-15.2229,1e-05,0.0128969,0.10387,13498.2,0.652406,0.257938,-1,0.2,689.61,6.89357e+06,0.919765,0.788723,1.25703,0.12833,-0.460238
562,47.0868,667.333,0.0707287,0.333333,0.416667,0.156748,0.478966,0.275278,-0.00645697,-15.2222,1e-05,0.00851639,0.103872,13417,0.657064,0.25879,-1,0.2,690.527,6.90586e+06,0.715919,0.751164,1.1592,0.115259,-0.387201
563,64.8212,770.176,0.0710243,0.208333,0.5,0.155582,0.484961,0.401649,-0.0060755,-15.2216,1e-05,0.0090769,0.103879,12986.9,0.690431,0.255755,-1,0.2,691.475,6.91814e+06,1.194,0.968151,1.31701,0.12364,-0.361735
564,49.895,740.875,0.0685587,0.458333,0.541667,0.157339,0.489552,0.335311,-0.00977931,-15.2203,1e-05,0.0162933,0.103886,13198.6,0.677438,0.25357,-1,0.2,692.407,6.93043e+06,0.907101,0.573147,1.28705,0.123936,-0.396478
565,45.7364,682.462,0.071395,0.291667,0.25,0.153849,0.481396,0.44716,-0.00751374,-15.2192,1e-05,0.00774918,0.103892,13579.4,0.648487,0.256413,-1,0.2,693.313,6.94272e+06,0.778809,0.591436,1.18596,0.116299,-0.385687
566,44.8088,666.077,0.0691454,0.541667,0.541667,0.155431,0.487152,0.369769,-0.0104887,-15.2181,1e-05,0.021225,0.103898,11819.2,0.745964,0.2937,-1,0.2,694.354,6.95501e+06,0.743966,0.60363,1.16162,0.112949,-0.381724
567,41.1634,620.077,0.0712411,0.208333,0.333333,0.152994,0.478682,0.294546,-0.00798712,-15.2169,1e-05,0.0114449,0.103905,10429.2,0.781011,0.397222,-1,0.2,695.533,6.9673e+06,0.666249,0.574512,1.07811,0.106786,-0.367489
568,46.4533,677.615,0.0691014,0.458333,0.625,0.15573,0.484368,0.355007,-0.00662529,-15.2158,1e-05,0.0091825,0.103911,12036.9,0.755989,0.264873,-1,0.2,696.555,6.97958e+06,0.770858,0.631027,1.1726,0.114603,-0.366425
569,39.0943,589.952,0.0701893,0.333333,0.541667,0.15387,0.48161,0.347606,-0.00771835,-15.2149,1e-05,0.0125016,0.103915,12291.2,0.741366,0.258376,-1,0.2,697.556,6.99187e+06,0.591719,0.582846,1.03097,0.100342,-0.351155
570,55.7198,781.333,0.0699768,0.625,0.5,0.153486,0.477292,0.297455,-0.00958618,-15.2142,1e-05,0.0184182,0.10392,12736,0.715466,0.249355,-1,0.2,698.522,7.00416e+06,0.915457,0.792583,1.34832,0.120734,-0.391111
571,48.7562,625.667,0.0709502,0.25,0.375,0.153084,0.475514,0.347292,-0.00826102,-15.2134,1e-05,0.01237,0.103925,13244.5,0.671917,0.255863,-1,0.2,699.451,7.01645e+06,0.751206,0.890386,1.08201,0.102235,-0.388025
572,41.3653,638.19,0.070513,0.416667,0.458333,0.152283,0.47601,0.320291,-0.00755342,-15.2123,1e-05,0.0115202,0.103932,13311.9,0.671434,0.251647,-1,0.2,700.376,7.02874e+06,0.643855,0.574914,1.10023,0.102426,-0.353159
573,43.3925,621.9,0.0701816,0.291667,0.541667,0.150869,0.481833,0.30178,-0.00778073,-15.2111,1e-05,0.0063047,0.103938,13089.5,0.681932,0.256835,-1,0.2,701.316,7.04102e+06,0.73829,0.625607,1.07882,0.0985011,-0.371595
574,43.4681,637.556,0.0703531,0.5,0.625,0.150329,0.484004,0.248743,-0.00664652,-15.2102,1e-05,0.0129962,0.103943,12749,0.715749,0.248088,-1,0.2,702.281,7.05331e+06,0.632093,0.717947,1.11156,0.10135,-0.389548
575,46.4096,637.133,0.0719527,0.208333,0.416667,0.147175,0.476265,0.27945,-0.00704133,-15.2093,1e-05,0.00762928,0.103949,12959.5,0.691868,0.256319,-1,0.2,703.23,7.0656e+06,0.787855,0.66354,1.1237,0.0991028,-0.353714
576,42.1954,676.053,0.0720144,0.375,0.416667,0.145945,0.472071,0.336154,-0.00544425,-15.2082,1.5e-05,0.00310597,0.103954,13238.1,0.677704,0.250526,-1,0.2,704.159,7.07789e+06,0.772786,0.40801,1.17063,0.104284,-0.345937
577,52.6508,671.476,0.0704673,0.291667,0.583333,0.147881,0.482257,0.337903,-0.00765013,-15.2073,1.5e-05,0.0157431,0.103962,13019.9,0.689754,0.254029,-1,0.2,705.104,7.09018e+06,0.868917,0.871435,1.17001,0.0984693,-0.376286
578,39.5864,562.52,0.069835,0.291667,0.75,0.148592,0.489579,0.315053,-0.00910797,-15.206,1.5e-05,0.00968897,0.103968,12868.7,0.700001,0.254875,-1,0.2,706.061,7.10246e+06,0.816747,0.452551,0.979099,0.0854336,-0.354512
579,43.6575,562.316,0.070367,0.208333,0.583333,0.148198,0.484502,0.365888,-0.00653336,-15.2047,1.5e-05,0.00912373,0.103978,13000.8,0.663984,0.281187,-1,0.2,707.007,7.11475e+06,0.759416,0.712905,0.977356,0.0825348,-0.349336
580,38.5571,526.769,0.0705247,0.125,0.416667,0.146654,0.485204,0.346273,-0.00911872,-15.203,1.5e-05,0.00953233,0.103986,13642.1,0.644436,0.256302,-1,0.2,707.909,7.12704e+06,0.613411,0.662723,0.910384,0.0776038,-0.336266
581,49.8683,661.739,0.0709236,0.333333,0.625,0.146894,0.484486,0.293797,-0.00709848,-15.2017,1.5e-05,0.00989984,0.103995,13032.5,0.68031,0.262567,-1,0.2,708.853,7.13933e+06,0.830186,0.781173,1.1614,0.0960231,-0.375373
582,49.6311,755.167,0.0716079,0.333333,0.416667,0.146181,0.479186,0.301212,-0.00630293,-15.2001,1.5e-05,0.0138822,0.104005,13513,0.654404,0.254942,-1,0.2,709.763,7.15162e+06,0.851401,0.654334,1.31243,0.106436,-0.443047
583,40.7963,574.684,0.0704705,0.166667,0.625,0.148709,0.491125,0.284405,-0.00928601,-15.1984,1.5e-05,0.0108342,0.104014,13258.4,0.669311,0.257498,-1,0.2,710.692,7.1639e+06,0.67764,0.639469,0.988388,0.0821787,-0.347861
584,46.8153,691,0.0717433,0.291667,0.458333,0.147001,0.487512,0.268475,-0.00811178,-15.1969,1.5e-05,0.00884793,0.104022,13530.3,0.654612,0.253574,-1,0.2,711.601,7.17619e+06,0.74853,0.652925,1.19832,0.0970742,-0.356077
585,61.9162,815.824,0.0725417,0.416667,0.291667,0.144805,0.480392,0.314262,-0.00664231,-15.1954,1.5e-05,0.0106181,0.104031,12888.1,0.693772,0.259668,-1,0.2,712.556,7.18848e+06,1.08062,0.8608,1.41679,0.109373,-0.37177
586,45.1727,568,0.0693249,0.208333,0.791667,0.14987,0.496126,0.215785,-0.00747788,-15.1938,1.5e-05,0.0105563,0.10404,13032.9,0.689309,0.253535,-1,0.2,713.5,7.20077e+06,0.868059,0.66474,0.996109,0.0793907,-0.349665
587,46.6786,678.333,0.0715521,0.25,0.375,0.146816,0.484476,0.222102,-0.00780707,-15.1923,1.5e-05,0.01352,0.104048,13538.6,0.647229,0.260397,-1,0.2,714.408,7.21306e+06,0.806338,0.610137,1.19094,0.0935059,-0.366995
588,44.9729,692.444,0.070432,0.333333,0.416667,0.145595,0.490137,0.209704,-0.00553885,-15.191,2.25e-05,0.00400178,0.104056,13282.7,0.661635,0.263477,-1,0.2,715.335,7.22534e+06,0.709946,0.602003,1.21027,0.0973199,-0.370892
589,41.6285,625.471,0.0710931,0.208333,0.5,0.144469,0.490053,0.218737,-0.00509978,-15.1893,2.25e-05,0.0131336,0.104067,12801.3,0.702349,0.257551,-1,0.2,716.296,7.23763e+06,0.754998,0.554376,1.08246,0.0847538,-0.395157
590,49.5695,740.067,0.0716306,0.291667,0.333333,0.143137,0.495919,0.280383,-0.00662519,-15.1875,2.25e-05,0.00987822,0.104076,13603.3,0.64809,0.25522,-1,0.2,717.201,7.24992e+06,0.784038,0.647992,1.29059,0.0978251,-0.341971
591,39.2923,587.545,0.0690003,0.291667,0.625,0.14692,0.504763,0.321859,-0.00892654,-15.1858,1.5e-05,0.0202552,0.104088,13222.7,0.680905,0.248402,-1,0.2,718.131,7.26221e+06,0.655047,0.547753,1.03095,0.0806035,-0.349734
592,41.0264,583.278,0.0703624,0.25,0.5,0.145156,0.50533,0.34417,-0.00829979,-15.184,1.5e-05,0.0151922,0.104097,13269.2,0.673604,0.252447,-1,0.2,719.058,7.2745e+06,0.620693,0.668194,1.02028,0.0803708,-0.338216
593,43.7319,579.294,0.0706839,0.208333,0.5,0.147059,0.501635,0.325597,-0.00736794,-15.1824,1.5e-05,0.0131356,0.104107,13594.6,0.647171,0.25672,-1,0.2,719.963,7.28678e+06,0.791787,0.629204,1.01801,0.077468,-0.329869
594,42.3573,553.538,0.0683278,0.291667,0.791667,0.148202,0.497324,0.261295,-0.00956865,-15.1809,1.5e-05,0.0168454,0.104113,12923.3,0.699622,0.251216,-1,0.2,720.915,7.29907e+06,0.772222,0.670419,0.96564,0.0754421,-0.36586
595,39.0721,560.833,0.0708378,0.166667,0.583333,0.146644,0.490038,0.329595,-0.00744895,-15.1798,1.5e-05,0.00738287,0.104121,13566,0.651315,0.254479,-1,0.2,721.823,7.31136e+06,0.787708,0.431806,0.985166,0.0735013,-0.324579
596,48.4532,731.792,0.070644,0.333333,0.666667,0.148595,0.496786,0.262787,-0.00749461,-15.1781,1.5e-05,0.0148746,0.104132,13331.5,0.665755,0.25597,-1,0.2,722.745,7.32365e+06,0.785711,0.648322,1.28783,0.0945076,-0.393709
597,51.668,704.636,0.0694399,0.375,0.541667,0.148803,0.506854,0.368764,-0.00550657,-15.1764,1.5e-05,0.0110167,0.104141,13125.7,0.685633,0.250549,-1,0.2,723.683,7.33594e+06,0.907343,0.715677,1.22913,0.0884611,-0.357213
598,42.0395,514.87,0.0681286,0.166667,0.791667,0.15092,0.507462,0.303292,-0.00863414,-15.1748,1.5e-05,0.0160498,0.10415,11772.7,0.688511,0.355261,-1,0.2,724.728,7.34822e+06,0.767072,0.698435,0.89764,0.065327,-0.326501
599,46.2773,597.458,0.0687477,0.25,0.75,0.152421,0.510045,0.274469,-0.00885978,-15.1734,1.5e-05,0.0180161,0.104158,8914.19,0.94022,0.438257,-1,0.2,726.108,7.36051e+06,0.884236,0.685158,1.04619,0.0749051,-0.376624
600,48.8811,687.889,0.0703574,0.291667,0.458333,0.14947,0.495747,0.279956,-0.00655658,-15.1719,1.5e-05,0.0050097,0.104165,10371.5,0.836514,0.348273,-1,0.2,727.294,7.3728e+06,0.944262,0.588096,1.20649,0.0836296,-0.378423
601,40.9465,583.786,0.0702138,0.208333,0.375,0.147872,0.50359,0.278788,-0.00835325,-15.171,1.5e-05,0.016178,0.104169,10044.8,0.830566,0.392756,-1,0.2,729.582,7.38509e+06,0.646802,0.635958,1.01359,0.0742434,-0.323273
602,36.3659,555.158,0.0703236,0.25,0.541667,0.146929,0.496912,0.280582,-0.00611612,-15.1702,1.5e-05,0.0101736,0.104175,9787.37,0.906361,0.349135,-1,0.2,730.839,7.39738e+06,0.749904,0.3855,0.980814,0.0717252,-0.369647
603,43.0777,764.188,0.0707463,0.416667,0.25,0.146873,0.487658,0.335553,-0.00658654,-15.1691,1e-05,0.0288534,0.104182,12199.6,0.729824,0.277422,-1,0.2,731.847,7.40966e+06,0.652516,0.505207,1.33484,0.0933235,-0.432007
604,33.3546,526.45,0.0708649,0.25,0.583333,0.146821,0.476661,0.243445,-0.0054105,-15.1681,1e-05,0.0255637,0.104187,11211.8,0.697804,0.398184,-1,0.2,732.946,7.42195e+06,0.622009,0.407559,0.921965,0.0683023,-0.352108
605,46.3675,646,0.0716107,0.291667,0.5,0.144306,0.478575,0.263996,-0.0047565,-15.1673,1e-05,0.0120959,0.104191,9655.32,0.884194,0.388472,-1,0.2,734.22,7.43424e+06,0.85186,0.626176,1.13286,0.077351,-0.369866
606,35.2676,578.5,0.0698386,0.375,0.458333,0.144845,0.479855,0.281417,-0.00608594,-15.1664,1e-05,0.0239389,0.104197,9479.07,0.917723,0.378607,-1,0.2,735.517,7.44653e+06,0.615095,0.466945,1.01693,0.0748357,-0.410424
607,48.308,659.286,0.0725401,0.125,0.458333,0.143251,0.462693,0.30382,-0.00578397,-15.1654,1e-05,0.00869787,0.104201,10290.4,0.833993,0.360133,-1,0.2,736.713,7.45882e+06,0.941527,0.668215,1.1486,0.0768219,-0.419759
608,41.7764,594.143,0.0704722,0.25,0.625,0.145791,0.474432,0.222056,-0.00659656,-15.1648,1e-05,0.00883872,0.104207,9001.1,0.961089,0.404077,-1,0.2,738.079,7.4711e+06,0.800738,0.550786,1.03988,0.0720915,-0.374673
609,60.2988,824.7,0.0737057,0.25,0.166667,0.141212,0.462098,0.255616,-0.00625906,-15.1637,1e-05,0.0163709,0.104212,9867.87,0.888751,0.356502,-1,0.2,739.326,7.48339e+06,0.980901,0.906658,1.42954,0.0935249,-0.395682
610,50.6087,782.333,0.0718325,0.541667,0.333333,0.14406,0.471097,0.214704,-0.00871166,-15.1628,1e-05,0.00741782,0.104218,11039.7,0.795826,0.317247,-1,0.2,740.44,7.49568e+06,0.841107,0.628352,1.37432,0.0893379,-0.402682
611,37.2154,586.067,0.0728047,0.291667,0.333333,0.142761,0.461053,0.234287,-0.00654285,-15.1618,1e-05,0.0126268,0.104223,9848.94,0.845086,0.402561,-1,0.2,741.689,7.50797e+06,0.609668,0.500457,1.02691,0.0729314,-0.349198
612,39.4402,658.905,0.0717973,0.333333,0.541667,0.143104,0.464174,0.258125,-0.00714264,-15.1607,1e-05,0.0131702,0.104231,9029.06,0.965266,0.395673,-1,0.2,743.052,7.52026e+06,0.660701,0.458899,1.15653,0.0817272,-0.385842
613,45.154,651.333,0.0727826,0.208333,0.416667,0.14323,0.454221,0.161736,-0.00878696,-15.1596,1e-05,0.0172443,0.104234,9960.52,0.901133,0.332538,-1,0.2,744.287,7.53254e+06,0.850599,0.585271,1.13472,0.0755389,-0.388422
614,56.3205,782.9,0.0736136,0.25,0.166667,0.142123,0.453348,0.24863,-0.00656481,-15.1591,1e-05,0.00719591,0.104239,11004,0.752875,0.363809,-1,0.2,745.405,7.54483e+06,0.98083,0.789498,1.35249,0.0836463,-0.390436
615,45.2778,716.056,0.073335,0.291667,0.458333,0.142472,0.456221,0.256989,-0.00437015,-15.1582,1e-05,0.0124004,0.104244,10010.5,0.835052,0.392454,-1,0.2,746.633,7.55712e+06,0.795555,0.523929,1.26109,0.0788789,-0.395564
616,50.6507,750.941,0.0714018,0.25,0.458333,0.143968,0.467907,0.34689,-0.00831539,-15.1575,1e-05,0.0132273,0.104248,9940.78,0.93485,0.30127,-1,0.2,747.871,7.56941e+06,0.944037,0.622435,1.31464,0.0800107,-0.428591
617,39.3278,466.133,0.0718591,0,0.625,0.145848,0.469528,0.35157,-0.00595545,-15.1566,1e-05,0.00832923,0.104255,9995.01,0.826127,0.403287,-1,0.2,749.102,7.5817e+06,0.780472,0.683746,0.823747,0.05489,-0.376466
618,44.871,611.562,0.0716388,0.208333,0.458333,0.143325,0.461982,0.340086,-0.00840391,-15.1553,1e-05,0.0129957,0.104262,9799,0.881708,0.372297,-1,0.2,750.357,7.59398e+06,0.773613,0.698295,1.07052,0.0676209,-0.366495
619,43.5929,725.1,0.0714841,0.416667,0.416667,0.142754,0.469995,0.33408,-0.00828725,-15.1542,1e-05,0.0202933,0.104268,10154.3,0.848607,0.361523,-1,0.2,751.569,7.60627e+06,0.773391,0.460561,1.2758,0.0790797,-0.409181
620,33.1162,551.476,0.0693212,0.375,0.5,0.143198,0.484608,0.34577,-0.00910946,-15.1532,1e-05,0.0215276,0.104274,10819,0.846747,0.289037,-1,0.2,752.706,7.61856e+06,0.571659,0.480122,0.97736,0.0656474,-0.438979
621,41.8202,534.067,0.0718821,0.0833333,0.541667,0.14369,0.452764,0.266487,-0.0080178,-15.1519,1e-05,0.0179294,0.104282,13770.7,0.624414,0.267916,-1,0.2,753.6,7.63085e+06,0.860129,0.629308,0.948294,0.0609129,-0.407633
622,45.0379,649.833,0.0732716,0.416667,0.583333,0.142308,0.441435,0.256265,-0.00713371,-15.1506,1e-05,0.0190127,0.104289,9252.51,0.915549,0.412523,-1,0.2,754.929,7.64314e+06,0.776869,0.653101,1.15227,0.072295,-0.402641
623,52.2901,813.5,0.0745269,0.375,0.291667,0.141235,0.440939,0.225234,-0.00563679,-15.1496,1e-05,0.0131044,0.104294,9799.43,0.874566,0.379384,-1,0.2,756.184,7.65542e+06,0.833769,0.6603,1.44237,0.0869929,-0.408929
624,46.3913,758.5,0.0745194,0.458333,0.291667,0.138747,0.432561,0.214292,-0.00760891,-15.1487,1e-05,0.00987221,0.1043,10575.8,0.862796,0.299098,-1,0.2,757.35,7.66771e+06,0.736843,0.55886,1.32977,0.0799818,-0.385893
625,43.8662,738,0.0751667,0.166667,0.166667,0.137008,0.438426,0.206654,-0.00528998,-15.1477,1e-05,0.0130497,0.104306,13280,0.661132,0.264172,-1,0.2,758.277,7.68e+06,0.625773,0.59898,1.29615,0.0802423,-0.407832
626,49.9544,756.55,0.0739794,0.416667,0.416667,0.13966,0.425391,0.27331,-0.00574731,-15.1467,1e-05,0.0116778,0.104311,10467.3,0.789627,0.384311,-1,0.2,759.452,7.69229e+06,0.908652,0.578153,1.3365,0.0805609,-0.406142
627,50.8191,661.833,0.0749022,0.125,0.625,0.138057,0.42485,0.293473,-0.00635541,-15.1459,1e-05,0.0137382,0.104314,9474.7,0.914741,0.382187,-1,0.2,760.751,7.70458e+06,1.0213,0.686662,1.18197,0.0704551,-0.419441
628,49.2462,700.737,0.0753152,0.291667,0.5,0.13726,0.414351,0.181574,-0.0067561,-15.1452,1e-05,0.00588936,0.10432,10281.8,0.881695,0.313422,-1,0.2,761.948,7.71686e+06,0.923925,0.589772,1.26272,0.0725628,-0.386674
629,52.2672,784.364,0.075942,0.333333,0.125,0.1349,0.409443,0.287483,-0.00666477,-15.1442,1e-05,0.00918198,0.104324,12572.7,0.701314,0.276044,-1,0.2,762.926,7.72915e+06,0.90999,0.66891,1.37509,0.0793427,-0.419978
630,52.427,708.083,0.0749218,0.125,0.375,0.137504,0.423861,0.215612,-0.00617173,-15.1437,1e-05,0.0101582,0.104327,12248,0.623631,0.379635,-1,0.2,763.931,7.74144e+06,0.944346,0.759416,1.26291,0.0698405,-0.415166
631,54.7318,711.562,0.076094,0.166667,0.5,0.137034,0.409271,0.235523,-0.00708533,-15.143,1e-05,0.0154412,0.104331,9120.5,0.932673,0.414622,-1,0.2,765.28,7.75373e+06,0.90441,0.893294,1.25006,0.0691316,-0.380305
632,67.5136,833.714,0.0760229,0.166667,0.416667,0.137142,0.415293,0.30015,-0.00720435,-15.1422,1e-05,0.0167806,0.104338,10253.5,0.821985,0.376434,-1,0.2,766.48,7.76602e+06,1.14056,1.08619,1.4711,0.0771561,-0.399326
633,61.6623,870.5,0.0748415,0.416667,0.333333,0.138156,0.410148,0.368997,-0.00527837,-15.1411,1e-05,0.0195407,0.104344,10700.1,0.829713,0.318688,-1,0.2,767.63,7.7783e+06,1.09897,0.786719,1.54367,0.0828106,-0.429065
634,52.9804,733.737,0.0760556,0.25,0.541667,0.139094,0.409808,0.197598,-0.00539861,-15.14,1e-05,0.00638444,0.10435,12278.4,0.680591,0.320188,-1,0.2,768.632,7.79059e+06,0.91037,0.801301,1.30597,0.0730075,-0.441628
635,61.1719,803.462,0.0750371,0.5,0.583333,0.14107,0.40671,0.252462,-0.00616892,-15.139,1e-05,0.00827857,0.104355,8922.84,0.955764,0.421376,-1,0.2,770.013,7.80288e+06,1.08426,0.885797,1.41952,0.075976,-0.406966
636,53.8012,772.583,0.0740401,0.541667,0.458333,0.143335,0.415801,0.226707,-0.00659726,-15.1382,1e-05,0.00669265,0.104359,10196.7,0.849596,0.355503,-1,0.2,771.22,7.81517e+06,0.974043,0.694901,1.35631,0.0735659,-0.408763
637,76.7562,825.667,0.0764647,0.166667,0.208333,0.13938,0.416175,0.223098,-0.00600079,-15.1376,1e-05,0.00962818,0.104362,11502.4,0.769965,0.298333,-1,0.2,772.29,7.82746e+06,1.29007,1.41971,1.46032,0.0746785,-0.406974
638,58.4548,764.053,0.0739106,0.458333,0.333333,0.141469,0.422497,0.312629,-0.00450803,-15.1371,1e-05,0.00743506,0.104365,13332.7,0.664628,0.257017,-1,0.2,773.212,7.83974e+06,0.970847,0.932552,1.34887,0.0723594,-0.401891
639,46.7962,712.077,0.0739407,0.5,0.583333,0.142377,0.441568,0.370616,-0.00726431,-15.1365,1e-05,0.00587596,0.104369,9529.7,0.910252,0.379191,-1,0.2,774.503,7.85203e+06,0.802421,0.589567,1.26332,0.0698799,-0.385375
640,50.4142,702.167,0.0729891,0.333333,0.416667,0.143117,0.447197,0.297717,-0.00758341,-15.1359,1e-05,0.0118119,0.104372,10181.5,0.852843,0.354056,-1,0.2,775.711,7.86432e+06,0.847484,0.762154,1.24921,0.0687211,-0.406857
641,50.379,636.765,0.0740553,0.166667,0.541667,0.14081,0.427419,0.375545,-0.0058432,-15.1352,1e-05,0.00859827,0.104378,10367.6,0.893034,0.292194,-1,0.2,776.898,7.87661e+06,0.911812,0.836605,1.13507,0.0650866,-0.429626
642,37.9064,559.789,0.073366,0.208333,0.583333,0.142105,0.439165,0.336375,-0.00690368,-15.1339,1e-05,0.0100812,0.104387,12760.1,0.702942,0.260056,-1,0.2,777.862,7.8889e+06,0.719976,0.492184,1.00804,0.0598306,-0.384705
643,61.5002,754.429,0.0752654,0.25,0.333333,0.142639,0.41552,0.276092,-0.0075528,-15.1327,1e-05,0.00790974,0.104391,11318.3,0.699608,0.386064,-1,0.2,778.948,7.90118e+06,1.12155,0.965084,1.33521,0.068401,-0.415234
644,65.846,833.692,0.0756199,0.166667,0.375,0.142077,0.416372,0.329165,-0.0082852,-15.1321,1e-05,0.0117544,0.104395,9502.53,0.936152,0.356978,-1,0.2,780.243,7.91347e+06,1.16575,0.982851,1.48364,0.0703974,-0.410336
645,61.3506,717,0.0745772,0.25,0.416667,0.142779,0.429741,0.279411,-0.005512,-15.1312,1e-05,0.00904654,0.104402,10073.1,0.87521,0.34467,-1,0.2,781.464,7.92576e+06,1.01442,1.12932,1.28156,0.0659588,-0.423737
646,64.1815,747,0.0737567,0.166667,0.5,0.145022,0.434766,0.329209,-0.00787382,-15.1298,1e-05,0.00828822,0.10441,12180.2,0.745224,0.26363,-1,0.2,782.474,7.93805e+06,1.10522,1.12101,1.3305,0.064028,-0.411688
647,49.7353,681.2,0.0742515,0.5,0.333333,0.143601,0.42543,0.307302,-0.00660342,-15.1287,1e-05,0.01263,0.104415,13775.7,0.631939,0.260068,-1,0.2,783.367,7.95034e+06,0.843376,0.792606,1.20589,0.0675859,-0.422695
648,57.7661,835,0.0753071,0.458333,0.208333,0.142386,0.419077,0.256791,-0.00783408,-15.128,1e-05,0.013238,0.104418,9451.63,0.919783,0.38031,-1,0.2,784.669,7.96262e+06,1.08881,0.645859,1.48907,0.0743085,-0.409745
649,58.9627,849.111,0.0738262,0.416667,0.333333,0.14235,0.427627,0.380009,-0.00725832,-15.1273,1e-05,0.0122356,0.104424,9792.08,0.896708,0.358184,-1,0.2,785.925,7.97491e+06,0.97554,0.79026,1.52507,0.0799794,-0.422715
650,51.815,670.409,0.0742858,0.333333,0.583333,0.143428,0.437518,0.301678,-0.00856633,-15.1263,1e-05,0.00741863,0.104429,10464.9,0.863396,0.310811,-1,0.2,787.101,7.9872e+06,0.937859,0.792919,1.20273,0.0628618,-0.405615
651,43.8928,515.176,0.0732205,0.166667,0.541667,0.144012,0.431545,0.331896,-0.00766617,-15.1256,1e-05,0.0142505,0.104432,13106.2,0.665287,0.272286,-1,0.2,788.04,7.99949e+06,0.914858,0.675512,0.921686,0.0513001,-0.368716
652,59.2621,774.412,0.0733036,0.333333,0.375,0.146021,0.441018,0.528716,-0.0065496,-15.1249,1e-05,0.0131348,0.104437,13409.1,0.659522,0.25687,-1,0.2,788.957,8.01178e+06,0.974944,0.953028,1.38383,0.0697355,-0.418427
653,50.3964,637.929,0.0731343,0.0833333,0.5,0.147563,0.432541,0.283656,-0.00841151,-15.124,1e-05,0.00978013,0.104442,13665.8,0.64181,0.257366,-1,0.2,789.858,8.02406e+06,0.958548,0.743292,1.15212,0.0598256,-0.393964
654,33.5121,519.857,0.0742662,0.208333,0.375,0.144231,0.424682,0.332746,-0.00689004,-15.1231,1e-05,0.0140148,0.104448,13540.9,0.645874,0.261597,-1,0.2,790.766,8.03635e+06,0.574006,0.538246,0.932643,0.0549021,-0.424192
655,41.2971,619.722,0.072721,0.25,0.5,0.144909,0.434975,0.358138,-0.00703538,-15.1223,1e-05,0.0165577,0.104451,13547.1,0.649846,0.257212,-1,0.2,791.675,8.04864e+06,0.666312,0.625117,1.10398,0.0609813,-0.391537
656,40.2206,561.133,0.0743914,0.125,0.5,0.143295,0.422947,0.333762,-0.00570469,-15.1218,1e-05,0.0211698,0.104455,13654.1,0.647377,0.252575,-1,0.2,792.576,8.06093e+06,0.798644,0.628295,1.00624,0.0544884,-0.476642
657,58.7344,744.471,0.0749674,0.208333,0.5,0.143266,0.416736,0.275512,-0.0054509,-15.1209,1e-05,0.00730096,0.10446,13165.1,0.675367,0.258011,-1,0.2,793.511,8.07322e+06,0.968598,0.969607,1.33228,0.0637365,-0.397499
658,53.8873,768.375,0.0763937,0.25,0.416667,0.142314,0.409791,0.311153,-0.0045972,-15.1202,1e-05,0.00800174,0.104464,13617.8,0.641366,0.260981,-1,0.2,794.414,8.0855e+06,0.870033,0.758855,1.38843,0.0701034,-0.39306
659,58.7792,672.667,0.0754926,0.125,0.375,0.143456,0.412592,0.256628,-0.00730702,-15.1196,1e-05,0.00669822,0.104467,13134.4,0.660535,0.275027,-1,0.2,795.351,8.09779e+06,1.21096,0.837656,1.20986,0.0579063,-0.377425
660,65.0399,823.571,0.0745506,0.375,0.208333,0.143817,0.421261,0.270938,-0.00597936,-15.1188,1e-05,0.00935444,0.104473,13725.9,0.636283,0.258962,-1,0.2,796.247,8.11008e+06,1.00167,1.1111,1.46494,0.0678741,-0.393579
661,57.2891,770,0.0748085,0.416667,0.458333,0.142731,0.424814,0.358907,-0.00845677,-15.1179,1e-05,0.00803306,0.104478,13293.2,0.673747,0.250639,-1,0.2,797.173,8.12237e+06,0.888005,0.908678,1.39655,0.0659388,-0.394717
662,45.7994,732.474,0.0755127,0.5,0.291667,0.139542,0.424384,0.387386,-0.00615792,-15.1168,1e-05,0.0149781,0.104486,13513.6,0.653746,0.255561,-1,0.2,798.083,8.13466e+06,0.700263,0.624438,1.30973,0.0669059,-0.41137
663,65.6515,737.263,0.0752169,0.166667,0.625,0.141432,0.432112,0.402178,-0.00652181,-15.1155,1e-05,0.0122023,0.104492,12908.6,0.690633,0.261289,-1,0.2,799.037,8.14694e+06,1.21841,1.04955,1.33149,0.0597924,-0.376665
664,59.4023,800.786,0.0746609,0.541667,0.625,0.140567,0.424366,0.311316,-0.00638201,-15.1146,1e-05,0.00884074,0.104497,13332.2,0.670175,0.251501,-1,0.2,799.96,8.15923e+06,0.971976,0.902033,1.43823,0.0672894,-0.409413
665,48.1733,645.214,0.0752311,0.166667,0.416667,0.139545,0.426455,0.314307,-0.00697922,-15.1137,1e-05,0.00695479,0.104502,13845.7,0.628707,0.25879,-1,0.2,800.848,8.17152e+06,0.845758,0.742225,1.15335,0.0555224,-0.388185
666,41.9736,637.75,0.0757205,0.208333,0.458333,0.139686,0.418361,0.386261,-0.00626183,-15.1128,1e-05,0.0141954,0.104508,14021,0.618876,0.257521,-1,0.2,801.726,8.18381e+06,0.813302,0.470249,1.15788,0.0590119,-0.401759
667,51.479,666.625,0.0737368,0.208333,0.791667,0.140763,0.432932,0.422972,-0.00771902,-15.1116,1e-05,0.0209149,0.104516,13424.1,0.6634,0.251967,-1,0.2,802.642,8.1961e+06,0.895942,0.783868,1.20677,0.0573528,-0.369988
668,51.8779,725.4,0.0751056,0.375,0.666667,0.138613,0.427516,0.471953,-0.00488361,-15.1103,1e-05,0.0141187,0.104522,13245,0.674662,0.253084,-1,0.2,803.571,8.20838e+06,0.813773,0.816541,1.31693,0.064731,-0.418078
669,53.2237,663.579,0.0746762,0.125,0.666667,0.141803,0.434605,0.358798,-0.00675532,-15.1094,1e-05,0.0157944,0.104528,13479.1,0.660806,0.250826,-1,0.2,804.484,8.22067e+06,1.04591,0.783695,1.20235,0.0564914,-0.427267
670,47.3202,602.667,0.0759365,0.125,0.375,0.13802,0.420377,0.404633,-0.00676833,-15.1085,1e-05,0.0121821,0.104532,14046.2,0.61452,0.260308,-1,0.2,805.36,8.23296e+06,0.853123,0.742294,1.09242,0.0534002,-0.375232
671,53.7017,734.938,0.0759809,0.333333,0.333333,0.135831,0.412602,0.364251,-0.00858736,-15.1078,1e-05,0.0139354,0.104536,13477.7,0.655346,0.256385,-1,0.2,806.273,8.24525e+06,0.974873,0.732499,1.33477,0.0624696,-0.419525
672,37.7363,527.294,0.0756428,0.166667,0.541667,0.137508,0.429822,0.447673,-0.00750116,-15.1072,1e-05,0.00598224,0.104539,13266.4,0.670356,0.255894,-1,0.2,807.201,8.25754e+06,0.622835,0.617214,0.956505,0.0540565,-0.363796
673,53.6954,732.471,0.0772996,0.208333,0.5,0.135861,0.407832,0.319785,-0.0078523,-15.1064,1e-05,0.0157151,0.104546,13445.1,0.657436,0.256502,-1,0.2,808.116,8.26982e+06,0.968644,0.72855,1.33654,0.063109,-0.412069
674,46.0775,658.667,0.0755922,0.125,0.5,0.13686,0.413183,0.361887,-0.00848536,-15.1049,1e-05,0.0130047,0.104555,13364.2,0.6617,0.257769,-1,0.2,809.036,8.28211e+06,0.805191,0.628406,1.20485,0.0603441,-0.39491
675,58.5681,913.053,0.0777867,0.541667,0.25,0.13215,0.415633,0.398189,-0.0072423,-15.1035,1e-05,0.0153044,0.104561,13077.7,0.680876,0.25874,-1,0.2,809.977,8.2944e+06,0.757306,0.869898,1.65618,0.0753532,-0.430335
676,48.5406,638.2,0.0774014,0.25,0.583333,0.13188,0.421711,0.364392,-0.00589392,-15.1028,1e-05,0.00774282,0.104565,13206.8,0.678208,0.252221,-1,0.2,810.909,8.30669e+06,0.781237,0.832373,1.16303,0.059672,-0.409284
677,38.7138,611.231,0.0772417,0.0833333,0.458333,0.131731,0.414031,0.40365,-0.00678522,-15.1019,1e-05,0.0110148,0.104572,13615.7,0.646202,0.256289,-1,0.2,811.812,8.31898e+06,0.655612,0.436664,1.12808,0.0573655,-0.342027
678,60.3082,790.391,0.0754812,0.416667,0.541667,0.131747,0.43463,0.431818,-0.00758168,-15.1008,1e-05,0.0147185,0.104578,13359.8,0.668211,0.251566,-1,0.2,812.733,8.33126e+06,0.968057,0.963162,1.44715,0.0639848,-0.426945
679,45.5287,670.273,0.0774249,0.166667,0.291667,0.128611,0.412472,0.397545,-0.00864736,-15.0998,1e-05,0.0105053,0.104583,14210.5,0.603993,0.260718,-1,0.2,813.599,8.34355e+06,0.717099,0.69071,1.24366,0.0593143,-0.434347
680,52.6389,716.316,0.0779465,0.291667,0.5,0.129549,0.418566,0.387674,-0.00853488,-15.099,1e-05,0.00996771,0.104587,13474.4,0.654864,0.257086,-1,0.2,814.512,8.35584e+06,0.899455,0.745874,1.31799,0.0627081,-0.394086
681,47.5515,712.111,0.0774778,0.333333,0.416667,0.129327,0.418632,0.364857,-0.00660206,-15.0981,1e-05,0.0111693,0.104593,13541.7,0.648891,0.258527,-1,0.2,815.421,8.36813e+06,0.883343,0.562413,1.30618,0.0642665,-0.438631
682,54.8987,734.176,0.0790253,0.291667,0.416667,0.126308,0.407402,0.29759,-0.00731376,-15.0971,1e-05,0.00895748,0.104598,13227.9,0.669234,0.259709,-1,0.2,816.351,8.38042e+06,0.777049,0.945025,1.3532,0.0666891,-0.397024
683,40.9569,505.4,0.079074,0.0416667,0.375,0.127524,0.409993,0.312962,-0.00719198,-15.0965,1e-05,0.00982492,0.104601,14126.7,0.606612,0.263229,-1,0.2,817.222,8.3927e+06,0.753288,0.614159,0.923612,0.0480291,-0.291243
684,41.1452,571.941,0.0759102,0.125,0.583333,0.129304,0.427,0.292689,-0.00722051,-15.0959,1e-05,0.0206664,0.104605,13975.6,0.624375,0.254871,-1,0.2,818.103,8.40499e+06,0.684341,0.64419,1.05159,0.0520579,-0.37492
685,47.7546,613.615,0.0785257,0.208333,0.333333,0.127121,0.4089,0.372842,-0.00509282,-15.0952,1e-05,0.0192757,0.10461,13723.1,0.626377,0.269047,-1,0.2,818.999,8.41728e+06,0.902056,0.7555,1.13123,0.0536737,-0.454729
686,58.3819,727.842,0.0773551,0.208333,0.583333,0.130628,0.429326,0.212777,-0.0075939,-15.0944,1e-05,0.0133233,0.104614,13313,0.669908,0.253096,-1,0.2,819.923,8.42957e+06,1.01285,0.896901,1.33676,0.0595446,-0.386959
687,52.4302,765.857,0.077301,0.333333,0.25,0.128526,0.416478,0.293403,-0.00660557,-15.0937,1e-05,0.0156852,0.104619,14035.2,0.61649,0.259024,-1,0.2,820.8,8.44186e+06,0.804419,0.725138,1.42245,0.0720307,-0.402526
688,39.2776,586.143,0.0754887,0.208333,0.375,0.131107,0.432791,0.415425,-0.00659632,-15.0925,1e-05,0.0225446,0.104627,13624.5,0.61095,0.290955,-1,0.2,821.703,8.45414e+06,0.526135,0.702391,1.08279,0.0597394,-0.407168
689,54.5732,706.143,0.0780945,0.333333,0.541667,0.126446,0.412342,0.461545,-0.00714266,-15.0912,1e-05,0.00745837,0.104634,9342.62,0.91267,0.402593,-1,0.2,823.02,8.46643e+06,0.961077,0.868344,1.29467,0.0578294,-0.453258
690,58.3063,817.273,0.0770242,0.25,0.208333,0.126284,0.415931,0.482633,-0.00594439,-15.0899,1e-05,0.0134096,0.104643,10363.5,0.813548,0.372147,-1,0.2,824.207,8.47872e+06,0.9901,0.766779,1.50878,0.07003,-0.420375
691,53.9431,653.44,0.0756499,0.291667,0.75,0.131422,0.44157,0.270128,-0.00809527,-15.0882,1e-05,0.0144739,0.104652,10366.1,0.886191,0.299211,-1,0.2,825.394,8.49101e+06,0.990746,0.891691,1.19814,0.0532178,-0.436636
692,65.2389,804.667,0.077375,0.375,0.5,0.130505,0.416029,0.280554,-0.00835855,-15.0869,1e-05,0.0115287,0.10466,11483.2,0.733472,0.336616,-1,0.2,826.465,8.5033e+06,1.12421,1.05483,1.48816,0.0637987,-0.46906
693,39.8829,650.071,0.0785127,0.208333,0.375,0.126817,0.431101,0.361354,-0.00665885,-15.0854,1e-05,0.00669544,0.104669,13035,0.660616,0.282073,-1,0.2,827.409,8.51558e+06,0.616486,0.512696,1.20185,0.0608214,-0.397709
694,44.6815,636.588,0.0749215,0.25,0.458333,0.127744,0.440246,0.376,-0.0074688,-15.0838,1e-05,0.0123948,0.104679,12345.9,0.709422,0.28589,-1,0.2,828.406,8.52787e+06,0.730612,0.658164,1.18433,0.0589777,-0.398008
695,40.2124,558.2,0.0779982,0.208333,0.416667,0.125624,0.423545,0.252237,-0.00819267,-15.0823,1e-05,0.0127689,0.104685,12224.8,0.710076,0.295093,-1,0.2,829.413,8.54016e+06,0.76849,0.572741,1.02203,0.0489538,-0.401592
696,56.8367,814.8,0.0795592,0.291667,0.125,0.123923,0.39972,0.388337,-0.00607482,-15.0813,1e-05,0.00918258,0.104691,13370.2,0.643774,0.275284,-1,0.2,830.333,8.55245e+06,1.01845,0.732133,1.51497,0.0656124,-0.489333
697,48.4951,597.812,0.0776758,0.25,0.416667,0.127621,0.424075,0.251738,-0.00795467,-15.0802,1e-05,0.0162952,0.104698,13170.1,0.672866,0.260156,-1,0.2,831.267,8.56474e+06,0.870334,0.804523,1.10528,0.0532504,-0.408631
698,51.0939,725,0.0799189,0.333333,0.208333,0.123852,0.407513,0.366983,-0.00682508,-15.0791,1e-05,0.0107001,0.104704,13197,0.664935,0.266188,-1,0.2,832.199,8.57702e+06,0.862348,0.669084,1.35472,0.0638642,-0.395319
699,39.4035,608.533,0.0779178,0.208333,0.416667,0.126367,0.411832,0.220708,-0.00887594,-15.0779,1e-05,0.0144483,0.10471,13344.7,0.658167,0.262651,-1,0.2,833.121,8.58931e+06,0.672668,0.525384,1.13248,0.0554492,-0.415809
700,46.5967,676.571,0.0779985,0.291667,0.291667,0.125015,0.41467,0.236464,-0.00722337,-15.0771,1e-05,0.00939372,0.104715,12730,0.699243,0.266034,-1,0.2,834.088,8.6016e+06,0.743913,0.672279,1.26272,0.0607596,-0.409832
701,67.4509,857.438,0.0795788,0.333333,0.333333,0.126593,0.400088,0.249815,-0.00757752,-15.0762,1e-05,0.0191875,0.10472,13223.9,0.66829,0.260936,-1,0.2,835.914,8.61389e+06,1.15966,0.941626,1.59876,0.0663418,-0.393843
702,74.5981,790.611,0.0775496,0.5,0.25,0.128281,0.425961,0.274375,-0.00834991,-15.0754,1e-05,0.0204435,0.104725,13779.3,0.643083,0.248692,-1,0.2,836.807,8.62618e+06,1.37517,1.28106,1.46515,0.0580396,-0.449514
703,66.6065,853.105,0.0794919,0.5,0.291667,0.130393,0.413665,0.288203,-0.0073952,-15.0742,1e-05,0.00679837,0.104734,13146.7,0.672008,0.262677,-1,0.2,837.743,8.63846e+06,1.26612,0.903869,1.60164,0.066871,-0.508169
704,76.9129,856.462,0.0793755,0.333333,0.208333,0.130891,0.402745,0.26175,-0.00778844,-15.0727,1e-05,0.0148548,0.104742,11569.7,0.707686,0.354395,-1,0.2,838.807,8.65075e+06,1.31505,1.28322,1.59407,0.0593684,-0.40606
705,52.6256,654.056,0.076841,0.375,0.375,0.132774,0.426828,0.198379,-0.00615201,-15.0716,1e-05,0.00924643,0.104746,8823.83,1.03751,0.355083,-1,0.2,840.201,8.66304e+06,0.942553,0.839839,1.22293,0.0569812,-0.431026
706,58.7589,780.048,0.0782528,0.666667,0.208333,0.13286,0.407199,0.166621,-0.00746047,-15.0709,1e-05,0.00879342,0.104751,9263.87,0.931107,0.395336,-1,0.2,841.528,8.67533e+06,1.10989,0.709506,1.45621,0.063479,-0.401137
707,61.886,703.875,0.0783715,0.416667,0.25,0.132435,0.412649,0.212977,-0.00870674,-15.07,1e-05,0.00672363,0.104757,10072.6,0.914511,0.305438,-1,0.2,842.75,8.68762e+06,1.01977,1.07197,1.3095,0.0551216,-0.362052
708,73.3008,876.2,0.0789462,0.5,0.125,0.131601,0.405511,0.258584,-0.00778069,-15.069,1e-05,0.00878016,0.104763,9331.46,0.906718,0.410117,-1,0.2,844.07,8.6999e+06,1.2447,1.11881,1.64384,0.0678809,-0.410197
709,70.8255,945.118,0.078804,0.625,0.0833333,0.130462,0.412962,0.252167,-0.0067666,-15.068,1e-05,0.00761588,0.104768,9177.87,0.979791,0.359082,-1,0.2,845.41,8.71219e+06,1.16267,0.941419,1.78803,0.074951,-0.425791
710,59.8924,798.053,0.0788166,0.541667,0.25,0.130853,0.405813,0.26027,-0.00826674,-15.0671,1e-05,0.0115359,0.104773,10411.1,0.891361,0.288915,-1,0.2,846.592,8.72448e+06,0.921569,0.934316,1.5049,0.0651353,-0.431297
711,74.0318,814.789,0.0785037,0.625,0.166667,0.130909,0.427814,0.258087,-0.00822338,-15.0662,1e-05,0.0169245,0.10478,10117.3,0.846226,0.368323,-1,0.2,847.808,8.73677e+06,1.38467,1.11877,1.52495,0.0583044,-0.385108
712,62.6751,718.538,0.0773371,0.375,0.166667,0.13223,0.424098,0.289872,-0.00951338,-15.065,1e-05,0.00806606,0.104786,9885.26,0.855523,0.38754,-1,0.2,849.052,8.74906e+06,1.1815,0.987111,1.35804,0.0553999,-0.448299
713,57.0988,670.143,0.0765133,0.333333,0.25,0.134359,0.442337,0.249727,-0.00725327,-15.0639,1e-05,0.0159165,0.104792,9439.09,0.924824,0.376997,-1,0.2,850.356,8.76134e+06,1.05066,0.911331,1.26815,0.0552661,-0.430466
714,54.2084,705.12,0.0776179,0.666667,0.375,0.133808,0.431045,0.217068,-0.00674188,-15.0629,1e-05,0.0148976,0.104798,10105.5,0.856589,0.359385,-1,0.2,851.573,8.77363e+06,0.920384,0.825886,1.3272,0.056951,-0.420007
715,87.4876,998.364,0.0784981,0.416667,0.0416667,0.132699,0.423768,0.170121,-0.0061626,-15.0619,1e-05,0.00948746,0.104804,9736.93,0.908991,0.353008,-1,0.2,852.836,8.78592e+06,1.46294,1.39475,1.87838,0.0701663,-0.431855
716,49.3896,676.826,0.0774193,0.625,0.333333,0.134552,0.428525,0.228751,-0.0072939,-15.061,1e-05,0.0116414,0.104808,9137.9,0.956004,0.388725,-1,0.2,854.182,8.79821e+06,0.895898,0.632807,1.27249,0.0563774,-0.388089
717,60.7898,786.059,0.0774279,0.541667,0.166667,0.132795,0.433636,0.310909,-0.00665149,-15.0602,1e-05,0.0102956,0.104814,9861.89,0.850813,0.395196,-1,0.2,855.429,8.8105e+06,1.12327,0.787396,1.48729,0.0650622,-0.423524
718,43.438,635.389,0.0771402,0.458333,0.291667,0.136369,0.429303,0.297919,-0.00607435,-15.0591,1e-05,0.0158659,0.104821,9628.68,0.912325,0.363863,-1,0.2,856.707,8.82278e+06,0.80138,0.491051,1.1928,0.0589351,-0.372266
719,47.531,588.062,0.0754096,0.291667,0.375,0.136841,0.432714,0.280481,-0.00961057,-15.0579,1e-05,0.0122865,0.104828,9697.03,0.916072,0.35112,-1,0.2,857.975,8.83507e+06,0.849027,0.747971,1.10794,0.0487841,-0.377173
720,55.7355,725.808,0.0758817,0.75,0.333333,0.137598,0.430878,0.226123,-0.00781175,-15.0568,1e-05,0.0102646,0.104833,9853.28,0.893932,0.353165,-1,0.2,859.224,8.84736e+06,0.951128,0.846632,1.37685,0.0628417,-0.45067
721,69.6008,788,0.0797023,0.416667,0.125,0.132402,0.402582,0.174489,-0.00707924,-15.0562,1e-05,0.010513,0.104836,8741.85,0.981589,0.424062,-1,0.2,860.631,8.85965e+06,1.1728,1.15798,1.49823,0.0623581,-0.411326
722,82.0705,1000,0.0796272,0.541667,0,0.131016,0.413523,0.282383,-0.00572646,-15.0555,1e-05,0.0109155,0.10484,9604.67,0.892799,0.386578,-1,0.2,861.912,8.87194e+06,1.3345,1.2088,1.90736,0.0858221,-0.43295
723,55.8458,661.762,0.0762459,0.541667,0.333333,0.134488,0.448482,0.208021,-0.00817382,-15.0549,1e-05,0.0135646,0.104842,8975.35,1.05299,0.316089,-1,0.2,863.283,8.88422e+06,1.08932,0.804798,1.25946,0.0532382,-0.41453
724,61.5433,846.455,0.0780756,0.375,0.0833333,0.134362,0.418302,0.218033,-0.00651011,-15.0544,1e-05,0.00789551,0.104848,9462.26,0.896115,0.402518,-1,0.2,864.583,8.89651e+06,1.03775,0.851474,1.6279,0.0748121,-0.514768
725,39.9784,594.25,0.0767272,0.333333,0.333333,0.134017,0.439969,0.286109,-0.0050209,-15.0532,1e-05,0.0103736,0.104856,8650.04,1.01019,0.410379,-1,0.2,866.005,8.9088e+06,0.706243,0.550409,1.12867,0.0561923,-0.442597
726,39.7666,619.25,0.0770849,0.291667,0.208333,0.13546,0.427694,0.194929,-0.0079483,-15.0518,1e-05,0.0117856,0.104863,10296.1,0.859044,0.334417,-1,0.2,867.199,8.92109e+06,0.605819,0.573012,1.16502,0.0535599,-0.409076
727,43.1209,606.316,0.0781025,0.416667,0.375,0.133835,0.414076,0.169739,-0.00704504,-15.0507,1e-05,0.00811384,0.10487,11598,0.78142,0.278073,-1,0.2,868.26,8.93338e+06,0.664199,0.657922,1.1606,0.0606035,-0.387279
728,47.5708,622.529,0.0783658,0.416667,0.291667,0.132627,0.416505,0.193047,-0.00787195,-15.0497,1e-05,0.0146728,0.104873,12832.7,0.694294,0.263257,-1,0.2,869.219,8.94566e+06,0.697699,0.826731,1.18693,0.0589287,-0.391747
729,69.34,809.9,0.0788802,0.625,0.208333,0.130593,0.418863,0.238372,-0.00907895,-15.0493,1e-05,0.00932862,0.104876,8488.92,1.02901,0.418521,-1,0.2,870.668,8.95795e+06,1.14231,1.12159,1.53442,0.0603576,-0.391679
730,69.0672,754.067,0.0773922,0.458333,0.166667,0.131229,0.41911,0.257325,-0.0083406,-15.0488,1e-05,0.0109115,0.10488,9908.25,0.864916,0.375263,-1,0.2,871.91,8.97024e+06,1.31376,1.05052,1.44605,0.05952,-0.41648
731,49.7264,656.211,0.0779785,0.458333,0.333333,0.133737,0.418792,0.292297,-0.00759394,-15.048,1e-05,0.0158674,0.104884,10862.6,0.818522,0.3127,-1,0.2,873.042,8.98253e+06,0.918584,0.651618,1.2504,0.0577098,-0.391996
732,47.4142,629.8,0.0766238,0.25,0.166667,0.135261,0.432688,0.274082,-0.00803461,-15.0474,1e-05,0.0209674,0.104887,9649.38,0.88003,0.39342,-1,0.2,874.317,8.99482e+06,0.800299,0.700157,1.20166,0.0509929,-0.382405
733,49.9672,673.304,0.0776281,0.583333,0.375,0.133495,0.426924,0.322063,-0.00732882,-15.0468,1.5e-05,0.00372959,0.10489,7692.73,1.15511,0.442239,-1,0.2,875.916,9.0071e+06,0.86745,0.714984,1.2741,0.0528973,-0.411073
734,73.7534,915.188,0.0772695,0.583333,0.0833333,0.13371,0.437552,0.245052,-0.00826778,-15.046,1e-05,0.0249121,0.104897,9746.4,0.901477,0.359296,-1,0.2,877.178,9.01939e+06,1.27462,1.00353,1.74986,0.0734374,-0.413772
735,41.723,623.158,0.0760173,0.458333,0.333333,0.135993,0.439095,0.349157,-0.00877126,-15.0449,1e-05,0.013215,0.104903,11234.3,0.818915,0.27488,-1,0.2,878.273,9.03168e+06,0.72948,0.524283,1.18709,0.055131,-0.40983
736,51.107,743.235,0.078673,0.458333,0.25,0.134445,0.42813,0.237135,-0.00559566,-15.0441,1e-05,0.00804215,0.104906,12648.2,0.707178,0.264344,-1,0.2,879.246,9.04397e+06,0.8283,0.775967,1.40973,0.0593094,-0.517957
737,71.5925,897,0.0802988,0.333333,0.0416667,0.131624,0.403823,0.199799,-0.00558302,-15.0435,1e-05,0.0128243,0.104911,13585.7,0.635459,0.26902,-1,0.2,880.152,9.05626e+06,1.13273,1.0688,1.73163,0.0728503,-0.426388
738,44.0552,542.143,0.0775612,0.291667,0.291667,0.134283,0.415872,0.267405,-0.00761098,-15.0423,1e-05,0.00936309,0.104919,12492.4,0.702639,0.280996,-1,0.2,881.137,9.06854e+06,0.778389,0.700656,1.03713,0.048357,-0.361776
739,71.5847,892.176,0.079094,0.625,0.0833333,0.130825,0.422662,0.201016,-0.00702761,-15.0411,1e-05,0.013756,0.104925,12952,0.68948,0.259257,-1,0.2,882.087,9.08083e+06,1.29234,0.926516,1.72099,0.0671379,-0.42774
740,52.0719,740.2,0.0782567,0.416667,0.208333,0.130917,0.410219,0.250484,-0.00657941,-15.0401,1e-05,0.0179462,0.10493,12877.1,0.688637,0.265616,-1,0.2,883.042,9.09312e+06,0.792975,0.77907,1.41363,0.0656562,-0.447742
741,36.7687,608.222,0.0788453,0.416667,0.333333,0.131565,0.412387,0.108373,-0.00783035,-15.0391,1e-05,0.0104318,0.104938,13027.8,0.677502,0.265709,-1,0.2,883.987,9.10541e+06,0.510951,0.506096,1.15854,0.062232,-0.399387
742,66.9854,873.429,0.0804939,0.5,0.0833333,0.126962,0.402971,0.182458,-0.00767173,-15.0376,1e-05,0.015327,0.104947,13132.2,0.672331,0.263383,-1,0.2,884.924,9.1177e+06,1.18478,0.847163,1.68619,0.0723652,-0.441228
743,68.1686,895,0.0801168,0.625,0.0833333,0.127589,0.412033,0.218573,-0.00625379,-15.0359,1e-05,0.0244476,0.104958,12340.1,0.728516,0.267266,-1,0.2,885.921,9.12998e+06,1.06621,0.994427,1.7225,0.0728612,-0.44757
744,50.1914,676.059,0.0795208,0.458333,0.25,0.127764,0.412487,0.210264,-0.00712476,-15.034,1e-05,0.0120628,0.104969,13029.8,0.674245,0.268822,-1,0.2,886.865,9.14227e+06,0.728413,0.815796,1.30477,0.0625402,-0.401949
745,57.7327,807.947,0.0793239,0.583333,0.208333,0.128187,0.405449,0.246347,-0.00536745,-15.0323,1e-05,0.0185086,0.104979,12388,0.731366,0.260562,-1,0.2,887.858,9.15456e+06,0.98092,0.724,1.54761,0.0611873,-0.427078
746,34.1668,447.2,0.0800154,0.166667,0.25,0.126663,0.398965,0.167056,-0.00798489,-15.0309,1e-05,0.00857836,0.104982,13731.7,0.621218,0.273646,-1,0.2,888.754,9.16685e+06,0.639265,0.584025,0.856603,0.0391882,-0.410741
747,72.2705,862,0.0803931,0.958333,0.166667,0.125711,0.402623,0.175736,-0.00754007,-15.0306,1e-05,0.00909873,0.104985,12018.9,0.766159,0.256233,-1,0.2,889.778,9.17914e+06,1.26066,1.04362,1.65349,0.0602833,-0.404527
748,54.7988,675.474,0.079787,0.5,0.291667,0.129062,0.393279,0.337566,-0.00724012,-15.0298,1e-05,0.0133796,0.104991,12873.5,0.693121,0.261401,-1,0.2,890.733,9.19142e+06,0.949212,0.892711,1.28854,0.0483935,-0.438912
749,64.9865,855.231,0.0797072,0.458333,0.0833333,0.12783,0.405605,0.248557,-0.00767381,-15.0288,1e-05,0.0193348,0.104996,12585.6,0.711665,0.264689,-1,0.2,891.711,9.20371e+06,1.1048,0.820404,1.65293,0.0645633,-0.393373
750,54.284,683.65,0.0784553,0.541667,0.291667,0.128506,0.402858,0.19981,-0.00767292,-15.0282,1e-05,0.0129881,0.104998,9686.22,1.00046,0.268145,-1,0.2,892.981,9.216e+06,0.973378,0.762442,1.31614,0.0502622,-0.388022
751,70.3745,830.684,0.0800353,0.625,0.166667,0.128298,0.393072,0.283827,-0.00756086,-15.0278,1e-05,0.0145362,0.105001,8876.77,1.01354,0.370752,-1,0.2,894.367,9.22829e+06,1.2373,1.06069,1.60646,0.0651837,-0.450908
752,51.0271,636.944,0.0778639,0.416667,0.333333,0.129348,0.416703,0.227991,-0.00795236,-15.027,1e-05,0.0170325,0.105007,11460.3,0.800365,0.271855,-1,0.2,895.44,9.24058e+06,0.917778,0.761777,1.2212,0.0481634,-0.397567
753,58.11,732.353,0.0795391,0.5,0.208333,0.128585,0.402422,0.206455,-0.0081939,-15.0261,1e-05,0.0109499,0.105011,11738.6,0.776836,0.269967,-1,0.2,896.488,9.25286e+06,0.891355,0.989062,1.40234,0.0486566,-0.42592
754,61.3624,789.312,0.0792939,0.5,0.166667,0.12822,0.397118,0.246555,-0.0082553,-15.0256,1e-05,0.0122839,0.105014,12202.2,0.740741,0.266291,-1,0.2,897.496,9.26515e+06,1.08759,0.90583,1.51968,0.0617259,-0.506705
755,45.8742,647.588,0.079019,0.416667,0.291667,0.128614,0.400883,0.247616,-0.00899202,-15.0249,1.5e-05,0.00439547,0.105019,11224.4,0.782008,0.312746,-1,0.2,898.592,9.27744e+06,0.809612,0.609989,1.24647,0.0494612,-0.421822
756,61.2659,764.947,0.0811514,0.583333,0.208333,0.127139,0.379009,0.183516,-0.00586209,-15.0236,1.5e-05,0.0155346,0.10503,11742.9,0.772091,0.274326,-1,0.2,899.64,9.28973e+06,1.07214,0.898243,1.47775,0.0522048,-0.437044
757,71.7831,835.182,0.0812091,0.375,0.0833333,0.1263,0.379138,0.204259,-0.0070881,-15.0217,1.5e-05,0.00966596,0.10504,12647.9,0.703265,0.268279,-1,0.2,900.613,9.30202e+06,1.39986,0.910472,1.61683,0.0544314,-0.392439
758,64.9087,759.278,0.0782174,0.5,0.25,0.130002,0.415091,0.242757,-0.0102992,-15.0201,1.5e-05,0.011403,0.10505,11043.2,0.806078,0.306638,-1,0.2,901.727,9.3143e+06,1.15342,1.01064,1.46735,0.0528728,-0.438844
759,59.6521,756.667,0.0800461,0.458333,0.166667,0.128611,0.391396,0.154005,-0.00886626,-15.0185,1.5e-05,0.0113681,0.105058,12580.5,0.703855,0.272892,-1,0.2,902.705,9.32659e+06,1.09123,0.787707,1.45984,0.0562821,-0.412452
760,54.9543,707.444,0.0808139,0.5,0.25,0.129585,0.389272,0.23112,-0.00827001,-15.0173,1e-05,0.0231306,0.105065,11545.3,0.791053,0.273273,-1,0.2,903.77,9.33888e+06,0.936901,0.842271,1.37394,0.0612105,-0.466606
761,45.6273,614.269,0.0801142,0.625,0.458333,0.130541,0.372115,0.19965,-0.00706169,-15.0162,1e-05,0.00871659,0.10507,11511.3,0.750257,0.317215,-1,0.2,904.839,9.35117e+06,0.71983,0.724216,1.18597,0.0483947,-0.397046
762,88.3906,936.529,0.0819005,0.625,0.0833333,0.128774,0.369666,0.173339,-0.00571111,-15.0153,1e-05,0.0111162,0.105074,12538.4,0.708343,0.271686,-1,0.2,905.821,9.36346e+06,1.44674,1.53456,1.8034,0.0542353,-0.419398
763,63.274,756.667,0.0813898,0.458333,0.166667,0.12825,0.379888,0.169893,-0.00657528,-15.0147,1e-05,0.0159185,0.105078,11369.1,0.769151,0.311677,-1,0.2,906.902,9.37574e+06,1.15513,0.866585,1.465,0.0498029,-0.372819
764,54.9263,698.75,0.0808825,0.333333,0.166667,0.128808,0.381158,0.210895,-0.00720605,-15.0137,1e-05,0.0107843,0.105087,12384.4,0.697213,0.295006,-1,0.2,907.896,9.38803e+06,1.04134,0.667796,1.3577,0.0559947,-0.376517
765,46.5622,652.632,0.0796905,0.458333,0.333333,0.130794,0.390189,0.145009,-0.00979582,-15.0122,1e-05,0.0138553,0.105094,12526.6,0.718683,0.262268,-1,0.2,908.878,9.40032e+06,0.766696,0.671981,1.25489,0.0579846,-0.423446
766,57.7412,862.154,0.0829145,0.458333,0.0833333,0.127094,0.360669,0.167422,-0.00652412,-15.0111,1e-05,0.0141183,0.105101,12605.6,0.700395,0.274411,-1,0.2,909.854,9.41261e+06,0.930994,0.685724,1.66545,0.0650142,-0.460127
767,67.3232,813.5,0.0824404,0.458333,0.125,0.124916,0.370214,0.258363,-0.00659951,-15.0098,1e-05,0.0148821,0.10511,13226.2,0.656844,0.27222,-1,0.2,910.784,9.4249e+06,1.06085,1.10948,1.58046,0.0666304,-0.451264
768,62.9304,770.462,0.0806615,0.375,0.166667,0.127355,0.383061,0.287635,-0.00528773,-15.0084,1e-05,0.0220353,0.105115,9017.2,0.868911,0.493818,-1,0.2,912.148,9.43718e+06,1.05721,0.972842,1.48799,0.0563663,-0.427889
769,54.516,665.062,0.0815189,0.416667,0.25,0.125988,0.36582,0.180302,-0.00788783,-15.0076,1e-05,0.018041,0.10512,8393.81,1.04748,0.416453,-1,0.2,913.614,9.44947e+06,0.915411,0.882502,1.29161,0.0518752,-0.415603
770,47.3899,615.875,0.081899,0.375,0.291667,0.126055,0.357037,0.122853,-0.00736745,-15.0069,1e-05,0.00735263,0.105123,8098.98,1.08567,0.431558,-1,0.2,915.133,9.46176e+06,0.870822,0.630402,1.1801,0.0446133,-0.356448
771,67.1049,840.471,0.0831683,0.583333,0.125,0.125787,0.356894,0.177192,-0.00782872,-15.0061,1e-05,0.013936,0.105129,9234.62,0.962343,0.368302,-1,0.2,916.465,9.47405e+06,1.10012,0.995216,1.62302,0.056358,-0.419467
772,71.176,923.455,0.0833384,0.416667,0.0416667,0.125059,0.357329,0.109696,-0.00573355,-15.0051,1e-05,0.00589358,0.105135,9805.19,0.905252,0.347962,-1,0.2,917.72,9.48634e+06,1.20182,0.940299,1.80264,0.0629257,-0.448885
773,51.9335,690.6,0.0821162,0.416667,0.208333,0.124281,0.366583,0.162328,-0.00713499,-15.004,1e-05,0.0104465,0.105142,8727.5,0.959876,0.448088,-1,0.2,919.129,9.49862e+06,0.826389,0.761889,1.33901,0.059189,-0.389801
774,68.5846,845.278,0.0815378,0.625,0.125,0.125013,0.380384,0.134197,-0.00867931,-15.0031,1e-05,0.00876361,0.105146,9215.98,1.02141,0.311924,-1,0.2,920.464,9.51091e+06,1.13769,1.02371,1.63486,0.0516188,-0.418652
775,72.9456,857.833,0.0816577,0.416667,0.0833333,0.125033,0.375646,0.13896,-0.00847822,-15.0024,1e-05,0.0104351,0.10515,8394.28,1.06106,0.402794,-1,0.2,921.929,9.5232e+06,1.20935,1.18232,1.66426,0.0631476,-0.471795
776,77.7171,1000,0.0823898,0.666667,0,0.123856,0.372094,0.253183,-0.00811574,-15.0014,1e-05,0.0124857,0.105158,8501.9,1.02558,0.419745,-1,0.2,923.376,9.53549e+06,1.20809,1.12258,1.93189,0.0576027,-0.434308
777,63.3105,837.364,0.082594,0.375,0.0833333,0.122036,0.378732,0.185645,-0.00777543,-15.0001,1e-05,0.0134526,0.105165,9019.7,1.01021,0.35214,-1,0.2,924.74,9.54778e+06,0.967128,0.952458,1.62395,0.0554641,-0.433472
778,64.0833,703.056,0.0801403,0.5,0.25,0.123986,0.394443,0.247123,-0.00845459,-14.9988,1e-05,0.00841356,0.105174,9488.44,0.945503,0.349547,-1,0.2,926.036,9.56006e+06,1.10273,1.0912,1.3663,0.0514462,-0.407512
779,45.7488,623.786,0.0804887,0.333333,0.25,0.124151,0.403113,0.231282,-0.00871545,-14.9974,1e-05,0.0152278,0.10518,9275.74,0.945362,0.379384,-1,0.2,927.363,9.57235e+06,0.85594,0.629027,1.21247,0.0530302,-0.463033
780,65.0179,731.882,0.0803354,0.5,0.208333,0.125085,0.393746,0.252053,-0.00904513,-14.9962,1e-05,0.0153059,0.105189,9353.16,0.930036,0.383744,-1,0.2,928.678,9.58464e+06,1.16096,1.00315,1.42377,0.050393,-0.387385
781,54.4135,725.3,0.0809629,0.583333,0.25,0.126831,0.390731,0.143819,-0.00651287,-14.9947,1e-05,0.00954324,0.105197,7771.84,1.15779,0.423308,-1,0.2,930.261,9.59693e+06,0.950212,0.711535,1.41978,0.0572592,-0.418115
782,33.5497,575.3,0.0806233,0.208333,0.208333,0.125531,0.388774,0.199263,-0.0075909,-14.9935,1e-05,0.0143254,0.105205,8524.7,1.03282,0.408641,-1,0.2,931.704,9.60922e+06,0.610727,0.379809,1.1192,0.0524413,-0.484688
783,78.7972,949.333,0.0817008,0.708333,0.0416667,0.124182,0.380135,0.170912,-0.00566666,-14.9923,1e-05,0.00947395,0.105209,9601.09,0.938299,0.341555,-1,0.2,932.985,9.6215e+06,1.29066,1.17207,1.84962,0.0653505,-0.437849
784,53.2018,656,0.0808945,0.416667,0.25,0.12526,0.385911,0.162587,-0.0100626,-14.9918,1e-05,0.00683542,0.105212,8898.67,0.929183,0.451697,-1,0.2,934.367,9.63379e+06,0.850623,0.880632,1.27381,0.0492444,-0.394215
785,78.0434,923.25,0.0825524,0.458333,0.0416667,0.124819,0.367799,0.209464,-0.00873879,-14.991,1.5e-05,0.00423812,0.105218,8126.95,1.13343,0.378577,-1,0.2,935.881,9.64608e+06,1.3235,1.15264,1.79664,0.0545658,-0.425174
786,61.2736,786.267,0.080748,0.458333,0.166667,0.125087,0.386718,0.154622,-0.00920134,-14.9896,1.5e-05,0.0145106,0.105229,9496.16,0.911206,0.382791,-1,0.2,937.176,9.65837e+06,1.06963,0.816043,1.52371,0.0553383,-0.401049
787,64.7012,799.368,0.0798069,0.583333,0.208333,0.125746,0.397091,0.168953,-0.00771255,-14.988,1.5e-05,0.0160115,0.105236,10607.7,0.833479,0.324929,-1,0.2,938.336,9.67066e+06,1.17448,0.916586,1.55545,0.0577458,-0.469207
788,58.8728,720.5,0.0811038,0.541667,0.291667,0.126581,0.368847,0.123632,-0.00959651,-14.9867,1.5e-05,0.0126926,0.105245,8205.66,1.07986,0.417642,-1,0.2,939.834,9.68294e+06,1.00559,0.90395,1.39717,0.0515946,-0.414664
789,64.0517,783.762,0.0817225,0.666667,0.208333,0.12499,0.371399,0.139172,-0.0090876,-14.9849,1.5e-05,0.0143017,0.105255,8200.8,1.05663,0.441756,-1,0.2,941.335,9.69523e+06,1.05334,0.967621,1.52733,0.0552832,-0.400994
790,77.1348,938.214,0.0832951,0.541667,0.0416667,0.124007,0.358337,0.106606,-0.00581184,-14.9836,1.5e-05,0.0113948,0.105259,9529.9,0.949049,0.340366,-1,0.2,942.626,9.70752e+06,1.25275,1.15569,1.82937,0.0699105,-0.450984
791,50.888,777.429,0.0815159,0.208333,0.0833333,0.123532,0.36544,0.162512,-0.00842368,-14.983,1e-05,0.0225263,0.105264,12251.6,0.725325,0.277648,-1,0.2,943.63,9.71981e+06,0.661195,0.788188,1.50115,0.0565725,-0.462712
792,66.9707,846.167,0.0818367,0.625,0.125,0.121339,0.372882,0.142387,-0.00817517,-14.9821,1e-05,0.0163017,0.10527,11209.8,0.699951,0.396236,-1,0.2,944.727,9.7321e+06,0.976289,1.10559,1.64173,0.0561408,-0.431208
793,77.2211,828.333,0.0815971,0.708333,0.166667,0.12201,0.387006,0.0870501,-0.00866935,-14.981,1e-05,0.00726791,0.105278,8766.72,1.04888,0.352785,-1,0.2,946.13,9.74438e+06,1.33956,1.2976,1.61186,0.052054,-0.440011
794,64.6114,782.312,0.082146,0.5,0.166667,0.122389,0.379674,0.16521,-0.00907367,-14.9797,1e-05,0.0135745,0.105283,9033.59,0.970349,0.389907,-1,0.2,947.492,9.75667e+06,1.09728,1.04935,1.52563,0.0602001,-0.501894
795,76.7613,877,0.081834,0.5,0.0833333,0.121267,0.376881,0.114608,-0.00841647,-14.9789,1e-05,0.0131494,0.105288,10911.2,0.812359,0.313824,-1,0.2,948.62,9.76896e+06,1.23823,1.26434,1.69989,0.051101,-0.415501
796,67.6841,802.615,0.0822675,0.416667,0.125,0.121913,0.380313,0.109534,-0.00655983,-14.9781,1e-05,0.01093,0.105294,13107.7,0.676226,0.261241,-1,0.2,949.559,9.78125e+06,1.08261,1.0735,1.56724,0.0683957,-0.407545
797,88.2121,1000,0.0819105,0.541667,0,0.122254,0.379113,0.13468,-0.00701864,-14.9769,1e-05,0.0110301,0.105301,11830.8,0.7325,0.306144,-1,0.2,950.599,9.79354e+06,1.53246,1.31458,1.94852,0.0645975,-0.449557
798,62.7964,728.643,0.0814881,0.375,0.208333,0.124231,0.392161,0.112912,-0.00774328,-14.9758,1e-05,0.00778216,0.105307,9402.26,0.917802,0.389118,-1,0.2,951.907,9.80582e+06,1.03374,1.07543,1.41758,0.0489581,-0.435889
799,62.8112,819.4,0.0808251,0.333333,0.0833333,0.122641,0.39182,0.155128,-0.00774088,-14.9748,1e-05,0.0120892,0.105313,10072.2,0.857268,0.362722,-1,0.2,953.129,9.81811e+06,0.993875,0.899773,1.6021,0.0617017,-0.416889
800,74.0167,880.474,0.0810495,0.625,0.166667,0.123324,0.379525,0.120086,-0.00812055,-14.9738,1e-05,0.00904891,0.105318,9935.16,0.891855,0.344964,-1,0.2,954.367,9.8304e+06,1.3179,1.02226,1.71198,0.0593217,-0.410621
801,58.8274,750.214,0.0814467,0.416667,0.166667,0.123455,0.388812,0.10053,-0.00851468,-14.9731,1.5e-05,0.0036677,0.10532,9214.27,0.962123,0.371461,-1,0.2,957.106,9.84269e+06,0.92403,0.965168,1.46071,0.0567634,-0.465303
802,75.6481,912.947,0.0799878,0.708333,0.0833333,0.123889,0.400308,0.184863,-0.00888724,-14.9726,1.5e-05,0.0147878,0.105328,12274.9,0.737124,0.263947,-1,0.2,958.109,9.85498e+06,1.10469,1.26901,1.77343,0.0647907,-0.429515
803,75.857,876.619,0.0805656,0.75,0.125,0.125708,0.39872,0.163993,-0.00993618,-14.9707,1.5e-05,0.0167458,0.105339,11565.6,0.699865,0.362593,-1,0.2,959.172,9.86726e+06,1.29718,1.18815,1.70848,0.0513113,-0.452277
804,62.2001,810.667,0.0808871,0.458333,0.166667,0.124874,0.393349,0.117661,-0.00754042,-14.9688,1.5e-05,0.0184692,0.10535,8492.43,1.03457,0.412367,-1,0.2,960.621,9.87955e+06,1.13808,0.805555,1.57498,0.0602089,-0.468825
805,90.5693,909,0.081316,0.375,0.0416667,0.125321,0.38536,0.133783,-0.00634391,-14.9671,1e-05,0.0268448,0.10536,8473.33,0.965163,0.485034,-1,0.2,962.073,9.89184e+06,1.5985,1.57467,1.75838,0.0446599,-0.447755
806,68.7941,837.154,0.080077,0.416667,0.125,0.125393,0.3972,0.190419,-0.00748648,-14.9655,1e-05,0.0118263,0.105368,9321.19,0.96953,0.348757,-1,0.2,963.393,9.90413e+06,0.998367,1.1584,1.62715,0.0633337,-0.407535
807,66.6491,745.125,0.0803541,0.458333,0.208333,0.125758,0.406834,0.136156,-0.00601625,-14.9644,1e-05,0.0130043,0.105372,8980.82,0.945767,0.422482,-1,0.2,964.762,9.91642e+06,1.09785,1.17719,1.43778,0.0419227,-0.422291
808,69.3186,857.167,0.0806897,0.416667,0.0833333,0.125784,0.397894,0.0816709,-0.00464613,-14.9639,1e-05,0.0105236,0.105374,9056.76,0.966346,0.39043,-1,0.2,966.121,9.9287e+06,1.2302,0.958431,1.65911,0.0456412,-0.42746
809,63.4396,836.818,0.0805474,0.375,0.0833333,0.123522,0.398552,0.219638,-0.00669681,-14.9632,1e-05,0.0135125,0.105382,9948.87,0.888608,0.346507,-1,0.2,967.358,9.94099e+06,0.925224,1.02045,1.61982,0.0495198,-0.443042
810,54.1748,711.812,0.0798932,0.458333,0.208333,0.124505,0.411789,0.129811,-0.00794433,-14.9618,1e-05,0.00696942,0.105388,12778.4,0.701607,0.260014,-1,0.2,968.321,9.95328e+06,0.833695,0.857255,1.37578,0.0416793,-0.399669
811,73.0338,897.333,0.0802578,0.666667,0.0833333,0.123768,0.40546,0.137997,-0.00690314,-14.961,1e-05,0.0079128,0.105393,9925.01,0.826622,0.411462,-1,0.2,969.56,9.96557e+06,1.21734,1.06363,1.74528,0.0551209,-0.429683
812,69.2803,868.857,0.0804594,0.458333,0.125,0.124694,0.404738,0.126924,-0.00698076,-14.9602,1e-05,0.0165652,0.105398,9651.43,0.90053,0.372649,-1,0.2,970.834,9.97786e+06,1.33286,0.855721,1.68167,0.0583806,-0.464614
813,59.196,838.364,0.0815002,0.375,0.0833333,0.123895,0.384142,0.103219,-0.00564224,-14.9593,1.5e-05,0.00412221,0.105403,9091.02,0.96911,0.382554,-1,0.2,972.188,9.99014e+06,0.962439,0.769174,1.62998,0.0548795,-0.456675
814,78.507,932.467,0.0812403,0.541667,0.0833333,0.124708,0.387485,0.0766079,-0.00672653,-14.9583,1.5e-05,0.0159271,0.10541,11646.4,0.771576,0.283518,-1,0.2,973.244,1.00024e+07,1.51437,1.03318,1.79969,0.0462054,-0.468096
815,64.5372,838.364,0.0810391,0.375,0.0833333,0.125075,0.38777,0.101902,-0.00748773,-14.9573,1.5e-05,0.0128458,0.105414,12195.7,0.696481,0.311086,-1,0.2,974.253,1.00147e+07,1.13182,0.903804,1.61232,0.0481028,-0.469183
816,69.2316,849.889,0.0802712,0.583333,0.166667,0.125769,0.392063,0.104964,-0.00616031,-14.9566,1.5e-05,0.0111638,0.105419,11639.3,0.76821,0.287527,-1,0.2,975.31,1.0027e+07,1.2637,0.923365,1.64113,0.0467332,-0.413354
817,59.4384,753.091,0.0815786,0.333333,0.125,0.12443,0.380913,0.0777267,-0.00683165,-14.9558,1.5e-05,0.0157464,0.105423,12915.1,0.675193,0.276251,-1,0.2,976.262,1.00393e+07,1.00269,0.886802,1.46053,0.0514268,-0.429523
818,81.544,1000,0.0819808,0.333333,0,0.123975,0.375268,0.121671,-0.00655609,-14.9551,1e-05,0.0262572,0.105428,12852.1,0.669649,0.286456,-1,0.2,977.22,1.00516e+07,1.39002,1.12021,1.94608,0.0540641,-0.433183
819,65.6168,775.75,0.0807674,0.25,0.0833333,0.125117,0.390048,0.133084,-0.00875141,-14.9539,1e-05,0.00690855,0.105436,12551.1,0.707814,0.271223,-1,0.2,978.2,1.00639e+07,1.22849,0.937891,1.49898,0.0524943,-0.437019
820,67.7143,799.5,0.0809134,0.583333,0.166667,0.126155,0.388562,0.12774,-0.00806491,-14.9527,1e-05,0.0208823,0.105442,12285.6,0.710984,0.289209,-1,0.2,979.201,1.00762e+07,1.23676,0.960167,1.54552,0.0443851,-0.401125
821,62.9597,849.417,0.0811335,0.416667,0.0833333,0.12575,0.386896,0.146549,-0.00724777,-14.9517,1e-05,0.0101097,0.105447,12874,0.682049,0.27243,-1,0.2,980.157,1.00884e+07,0.86146,0.994431,1.64729,0.0550922,-0.410289
822,69.1015,823.938,0.0810401,0.541667,0.125,0.124299,0.392082,0.0966983,-0.0079207,-14.9509,1e-05,0.00811078,0.105451,12032.2,0.716181,0.305075,-1,0.2,981.179,1.01007e+07,1.14306,1.08412,1.59462,0.0481498,-0.414872
823,65.9575,854.438,0.0810886,0.541667,0.125,0.12371,0.393248,0.137268,-0.00941782,-14.9503,1e-05,0.0104632,0.105455,12533.5,0.698601,0.281812,-1,0.2,982.161,1.0113e+07,1.05171,0.96608,1.65525,0.0496457,-0.424816
824,62.2139,845.882,0.0811929,0.583333,0.125,0.124018,0.393375,0.0738886,-0.00585847,-14.9498,1e-05,0.00908932,0.105457,11445.2,0.78478,0.288856,-1,0.2,983.236,1.01253e+07,0.938371,0.874919,1.64784,0.0525156,-0.402955
825,75.082,852.5,0.0816391,0.375,0.125,0.123046,0.38909,0.0966561,-0.00749272,-14.9494,1e-05,0.0126943,0.105459,11120.5,0.73429,0.370694,-1,0.2,984.342,1.01376e+07,1.40784,1.12421,1.64685,0.0443142,-0.46911
826,87.2531,1000,0.0810539,0.375,0,0.124132,0.392107,0.086691,-0.00722511,-14.9491,1e-05,0.0100997,0.105462,12705.5,0.692375,0.274768,-1,0.2,985.311,1.01499e+07,1.58768,1.238,1.92636,0.0481707,-0.437551
827,56.773,767.385,0.0798934,0.375,0.166667,0.123867,0.407292,0.112383,-0.00878388,-14.9485,1e-05,0.0123699,0.105466,13259.9,0.661159,0.265546,-1,0.2,986.239,1.01622e+07,0.931512,0.784957,1.47731,0.0524106,-0.407535
828,67.2487,841.941,0.080678,0.583333,0.125,0.122563,0.401957,0.104677,-0.00858484,-14.9477,1e-05,0.0126814,0.105471,12631.9,0.713834,0.25894,-1,0.2,987.213,1.01745e+07,1.05659,1.08478,1.62334,0.0446261,-0.446903
829,72.153,811.632,0.0813355,0.625,0.166667,0.123534,0.392277,0.0686786,-0.0065962,-14.9467,1e-05,0.00679234,0.105476,12784.8,0.700084,0.261056,-1,0.2,988.175,1.01868e+07,1.33863,1.06525,1.56297,0.0426053,-0.401803
830,84.4458,952.737,0.080442,0.75,0.0416667,0.125776,0.401016,0.119039,-0.00588736,-14.9459,1e-05,0.0142564,0.105483,12456.4,0.726724,0.259757,-1,0.2,989.163,1.0199e+07,1.39618,1.39728,1.83982,0.0442402,-0.455236
831,73.1331,858.895,0.0803805,0.666667,0.125,0.125843,0.405904,0.070731,-0.00734894,-14.9448,1e-05,0.0102348,0.105487,12369.2,0.733255,0.260184,-1,0.2,990.157,1.02113e+07,1.22003,1.15493,1.66468,0.0451425,-0.428127
832,79.1219,915.545,0.0808414,0.416667,0.0416667,0.12543,0.402539,0.117998,-0.00547347,-14.9441,1e-05,0.0118077,0.105493,12757.3,0.695658,0.267554,-1,0.2,991.122,1.02236e+07,1.25912,1.29952,1.77301,0.0420008,-0.417554
833,69.0575,922.5,0.0808997,0.458333,0.0416667,0.124736,0.398448,0.095519,-0.00886247,-14.9429,1e-05,0.0113905,0.105499,13499.3,0.638135,0.272137,-1,0.2,992.033,1.02359e+07,1.21189,0.816009,1.79353,0.0555053,-0.424066
834,68.5474,873.882,0.0803568,0.583333,0.125,0.125562,0.401622,0.0940699,-0.00700251,-14.942,1e-05,0.00770213,0.105505,12626.6,0.710571,0.262616,-1,0.2,993.008,1.02482e+07,1.15281,0.977,1.67769,0.0416885,-0.421829
835,80.2633,916.333,0.0811651,0.791667,0.0833333,0.126321,0.390891,0.0749833,-0.00721602,-14.9409,1e-05,0.00961694,0.10551,12006,0.766974,0.256517,-1,0.2,994.032,1.02605e+07,1.44415,1.2071,1.76924,0.0434367,-0.450762
836,78.6834,1000,0.0804227,0.333333,0,0.127027,0.396857,0.0873795,-0.00622299,-14.9403,1e-05,0.00824761,0.105513,10685.7,0.670463,0.479484,-1,0.2,995.184,1.02728e+07,1.34779,1.04411,1.92868,0.0594941,-0.445914
837,59.31,765.812,0.0789049,0.5,0.166667,0.127953,0.405478,0.108428,-0.00987987,-14.94,1e-05,0.0131865,0.105515,11335.5,0.792653,0.291379,-1,0.2,996.269,1.02851e+07,1.02254,0.819405,1.4843,0.045294,-0.406038
838,62.0256,771.583,0.0800052,0.375,0.125,0.126823,0.403345,0.0874449,-0.0065696,-14.9394,1e-05,0.00856602,0.105519,12539.3,0.699564,0.280396,-1,0.2,997.25,1.02973e+07,1.23459,0.764889,1.49305,0.0420578,-0.433308
839,77.8749,916.545,0.0811137,0.416667,0.0416667,0.126885,0.390664,0.0663881,-0.00555803,-14.9386,1e-05,0.0100389,0.105523,12472.5,0.710547,0.27466,-1,0.2,998.237,1.03096e+07,1.33712,1.16856,1.76942,0.0427084,-0.424071
840,72.4949,1000,0.0810431,0.375,0,0.127458,0.392308,0.0574288,-0.00595348,-14.9379,1e-05,0.00799263,0.105529,13027.1,0.666783,0.276484,-1,0.2,999.181,1.03219e+07,1.28793,0.771082,1.94003,0.0659764,-0.440277
841,73.759,1000,0.080454,0.583333,0,0.129159,0.394967,0.0915458,-0.00706608,-14.937,1e-05,0.0162519,0.105533,12839.8,0.694049,0.262978,-1,0.2,1000.14,1.03342e+07,1.23368,0.913601,1.92647,0.0555214,-0.441324
842,67.8745,814.286,0.0793627,0.666667,0.208333,0.129554,0.395946,0.0521083,-0.00799706,-14.9364,1e-05,0.0074872,0.105536,11862.6,0.702866,0.332995,-1,0.2,1001.18,1.03465e+07,1.13952,1.04643,1.57126,0.052448,-0.415933
843,67.8502,932.5,0.0808032,0.541667,0.0416667,0.129573,0.384544,0.0739743,-0.00679449,-14.936,1e-05,0.0129351,0.105538,8029.19,1.11448,0.415932,-1,0.2,1002.71,1.03588e+07,1.1067,0.821528,1.80924,0.0728784,-0.417844
844,67.778,978.55,0.0805017,0.75,0.0833333,0.128844,0.389418,0.0824812,-0.00610606,-14.9355,1e-05,0.00814892,0.105541,9553.86,0.907777,0.378404,-1,0.2,1004,1.03711e+07,1.13194,0.739432,1.88974,0.0618394,-0.434049
845,88.0948,944.412,0.0810978,0.666667,0.0416667,0.128291,0.385773,0.0895859,-0.00541464,-14.935,1e-05,0.0136042,0.105545,9653.43,0.881186,0.391729,-1,0.2,1005.27,1.03834e+07,1.50129,1.46553,1.81751,0.0420255,-0.421618
846,65.9017,804.786,0.0789032,0.458333,0.125,0.131481,0.400595,0.0707565,-0.00791033,-14.9343,1e-05,0.0127968,0.105549,9390.13,0.952856,0.355752,-1,0.2,1006.58,1.03956e+07,1.05682,1.02663,1.55832,0.0458901,-0.392579
847,67.3748,749.273,0.0798025,0.333333,0.125,0.128508,0.394916,0.0595647,-0.00674915,-14.9337,1.5e-05,0.00356518,0.105552,9301.39,0.912853,0.40824,-1,0.2,1007.91,1.04079e+07,1.09262,1.19493,1.43936,0.0403819,-0.398555
848,82.8451,1000,0.0807453,0.5,0,0.128181,0.386603,0.0588981,-0.00773142,-14.9332,1.5e-05,0.0104753,0.105555,10275.1,0.779914,0.415981,-1,0.2,1009.1,1.04202e+07,1.40836,1.19681,1.93405,0.0437288,-0.440698
849,71.5194,855.917,0.0788413,0.416667,0.0833333,0.129749,0.396491,0.089064,-0.00606404,-14.9325,1e-05,0.028164,0.105561,7905.36,1.07375,0.480641,-1,0.2,1010.66,1.04325e+07,1.35734,0.982854,1.6525,0.0439679,-0.460693
850,66.8731,798.5,0.0792523,0.458333,0.125,0.130681,0.392652,0.0759789,-0.00834995,-14.9314,1e-05,0.0109852,0.105567,9154.47,0.971729,0.370566,-1,0.2,1012,1.04448e+07,1.15706,1.0189,1.5428,0.0432692,-0.418373
851,70.6304,884.5,0.0800825,0.291667,0.0416667,0.130394,0.389131,0.0612952,-0.0065956,-14.9305,1e-05,0.0106326,0.105572,11004.3,0.775842,0.340809,-1,0.2,1013.12,1.04571e+07,1.11058,1.07901,1.70696,0.0469087,-0.411939
852,83.2393,954.778,0.0792325,0.708333,0.0416667,0.130137,0.390598,0.0801041,-0.00903165,-14.9295,1e-05,0.0109818,0.105577,12536.6,0.717449,0.262722,-1,0.2,1014.1,1.04694e+07,1.37515,1.33612,1.84432,0.050068,-0.443686
853,61.2597,845.364,0.079604,0.375,0.0833333,0.129929,0.3872,0.0947292,-0.00977037,-14.9288,1e-05,0.00513929,0.105583,10891.2,0.726993,0.40126,-1,0.2,1015.23,1.04817e+07,0.820459,1.01048,1.62529,0.0471937,-0.440435
854,77.028,1000,0.080504,0.666667,0,0.127869,0.390188,0.0728848,-0.00657323,-14.9278,1e-05,0.0102233,0.105586,8640.77,1.06598,0.356114,-1,0.2,1016.66,1.0494e+07,1.11332,1.17751,1.93547,0.0644042,-0.439307
855,76.8588,1000,0.0806447,0.291667,0,0.128572,0.388092,0.0552125,-0.00708466,-14.9273,1e-05,0.0111831,0.105591,9428.35,0.959956,0.343348,-1,0.2,1017.96,1.05062e+07,1.24495,1.05882,1.92738,0.0492155,-0.437435
856,74.8687,866.786,0.0797317,0.5,0.0833333,0.130173,0.390845,0.08006,-0.0066419,-14.9264,1e-05,0.0123238,0.105595,10055.7,0.861876,0.360121,-1,0.2,1019.18,1.05185e+07,1.42159,1.03353,1.65636,0.039342,-0.407374
857,84.4411,982.1,0.0797104,0.375,0.0416667,0.132335,0.392536,0.0770059,-0.00807484,-14.9256,1e-05,0.0172012,0.105601,9530.19,0.931138,0.358238,-1,0.2,1020.47,1.05308e+07,1.38937,1.35425,1.87177,0.0458888,-0.439222
858,83.784,1000,0.0797234,0.666667,0,0.13264,0.398143,0.131249,-0.00487374,-14.9244,1.5e-05,0.00388349,0.105609,9191.42,0.982076,0.354823,-1,0.2,1021.81,1.05431e+07,1.55901,1.12293,1.91501,0.0429506,-0.450706
859,53.1798,690.444,0.0772466,0.25,0.125,0.133913,0.412386,0.138978,-0.0102937,-14.9228,1.5e-05,0.00590111,0.10562,10450.1,0.87432,0.301554,-1,0.2,1022.99,1.05554e+07,0.88813,0.802667,1.33102,0.0620504,-0.424882
860,67.7363,897.667,0.0788213,0.333333,0.0416667,0.1343,0.401309,0.0595853,-0.00581542,-14.9211,1e-05,0.0208909,0.105629,9735.69,0.85617,0.405991,-1,0.2,1024.25,1.05677e+07,1.21064,0.840657,1.72818,0.045432,-0.438097
861,73.4392,912.1,0.0792411,0.375,0.0416667,0.133312,0.396483,0.0439795,-0.00322502,-14.92,1e-05,0.00882687,0.105632,9305.01,0.929804,0.390775,-1,0.2,1025.58,1.058e+07,1.2359,1.07584,1.75051,0.0438998,-0.434193
862,81.389,1000,0.0793649,0.375,0,0.132151,0.400061,0.0530734,-0.00430385,-14.9197,1e-05,0.0118933,0.105633,9496.81,0.927743,0.366165,-1,0.2,1026.87,1.05923e+07,1.29129,1.23175,1.92983,0.0521437,-0.435568
863,88.3358,939.786,0.0787242,0.541667,0.0416667,0.13295,0.410318,0.0608772,-0.00588797,-14.9195,1e-05,0.0103827,0.105635,10936.2,0.81835,0.305257,-1,0.2,1028,1.06045e+07,1.62192,1.39493,1.80528,0.0427008,-0.448041
864,80.5296,1000,0.0784569,0.625,0,0.135011,0.414337,0.0803129,-0.00736242,-14.919,1e-05,0.00830558,0.105639,11309.1,0.683395,0.403163,-1,0.2,1029.08,1.06168e+07,1.37681,1.10012,1.93285,0.0535162,-0.436813
865,74.3556,930,0.0783996,0.5,0.0416667,0.136182,0.41367,0.0816793,-0.00597088,-14.9179,1e-05,0.016807,0.105647,8262.12,1.08507,0.402198,-1,0.2,1030.57,1.06291e+07,1.41883,0.893193,1.7892,0.0435119,-0.42695
866,62.9692,881.133,0.0782443,0.541667,0.0833333,0.136033,0.411348,0.06737,-0.00636155,-14.9168,1e-05,0.0057377,0.105652,9599.96,0.908377,0.371629,-1,0.2,1031.85,1.06414e+07,1.24542,0.625252,1.68491,0.050217,-0.457333
867,71.2503,898.667,0.0787576,0.333333,0.0416667,0.13661,0.400198,0.0654988,-0.00743846,-14.9161,1e-05,0.0112018,0.105656,10927.5,0.81099,0.313509,-1,0.2,1032.98,1.06537e+07,1.1205,1.08853,1.73891,0.0585703,-0.443998
868,75.2408,1000,0.0786882,0.333333,0,0.135029,0.39439,0.0986202,-0.00655847,-14.9154,1e-05,0.0119716,0.10566,10024.7,0.808905,0.416873,-1,0.2,1034.21,1.0666e+07,1.06145,1.12694,1.93798,0.0716793,-0.436007
869,72.9716,867,0.0782375,0.5,0.0833333,0.13591,0.404149,0.0743051,-0.0061929,-14.9148,1e-05,0.00558828,0.105663,9129.17,0.981991,0.364024,-1,0.2,1035.55,1.06783e+07,1.42093,0.941915,1.66239,0.0390937,-0.415751
870,84.9487,1000,0.0783483,0.75,0,0.137959,0.40425,0.0490655,-0.00637682,-14.9144,1e-05,0.0056563,0.105664,8984.85,1.00481,0.362822,-1,0.2,1036.92,1.06906e+07,1.32058,1.39668,1.92052,0.0477958,-0.438138
871,74.7835,954.111,0.0785829,0.708333,0.0416667,0.13675,0.404121,0.0644867,-0.00630146,-14.9141,1e-05,0.0113361,0.105667,9645.89,0.949524,0.324387,-1,0.2,1038.2,1.07028e+07,1.09314,1.18753,1.83511,0.068439,-0.445047
872,78.4908,1000,0.077606,0.791667,0,0.136384,0.422833,0.15408,-0.00769531,-14.9133,1e-05,0.0147543,0.105674,11319.5,0.763852,0.321708,-1,0.2,1039.29,1.07151e+07,1.40599,0.982832,1.92632,0.0475214,-0.438125
873,63.3583,840.368,0.077781,0.625,0.166667,0.138578,0.4161,0.0854995,-0.00653099,-14.9123,1e-05,0.0117889,0.105678,8167.12,1.06235,0.44222,-1,0.2,1040.79,1.07274e+07,1.08643,0.835388,1.60779,0.0437025,-0.405397
874,77.5247,838.818,0.0780974,0.375,0.0833333,0.138942,0.410261,0.0591744,-0.00637623,-14.9117,1e-05,0.0090615,0.105682,9250.61,0.950678,0.377667,-1,0.2,1042.12,1.07397e+07,1.2998,1.33303,1.60711,0.0439953,-0.407706
875,78.1512,938.333,0.0775235,0.583333,0.0416667,0.138691,0.412252,0.088334,-0.00754419,-14.9109,1e-05,0.014112,0.105685,9640.26,0.963947,0.310707,-1,0.2,1043.4,1.0752e+07,1.33959,1.15874,1.80213,0.0550339,-0.447943
876,63.3733,879.467,0.0773166,0.541667,0.0833333,0.138768,0.415486,0.0559752,-0.00602994,-14.9105,1e-05,0.0120172,0.105688,9780.86,0.840106,0.416225,-1,0.2,1044.66,1.07643e+07,1.02572,0.853908,1.68139,0.0459212,-0.438273
877,74.4631,942.071,0.0778842,0.541667,0.0416667,0.137845,0.409297,0.0668692,-0.00911048,-14.9099,1e-05,0.00839883,0.105693,8568.78,1.02172,0.41232,-1,0.2,1046.09,1.07766e+07,1.26841,1.04168,1.81299,0.0560524,-0.455974
878,64.7047,879.6,0.07792,0.541667,0.0833333,0.138261,0.410931,0.0790351,-0.00712862,-14.909,1e-05,0.0121291,0.105698,8720.12,1.04182,0.367334,-1,0.2,1047.5,1.07889e+07,1.17881,0.754526,1.67759,0.0566849,-0.432373
879,72.0235,929,0.0779078,0.5,0.0416667,0.137589,0.405273,0.0384289,-0.00406911,-14.9083,1e-05,0.0116586,0.105701,11546.5,0.768348,0.295866,-1,0.2,1048.57,1.08012e+07,1.17439,1.02674,1.7825,0.0470928,-0.42954
880,85.8375,1000,0.078135,0.5,0,0.138326,0.404435,0.0661518,-0.00689216,-14.9079,1e-05,0.0127771,0.105703,10897.1,0.693775,0.433862,-1,0.2,1049.7,1.08134e+07,1.5024,1.26249,1.91869,0.0488347,-0.440541
881,60.5492,853.417,0.0786241,0.416667,0.0833333,0.13866,0.398554,0.0426527,-0.00761483,-14.9074,1e-05,0.00919589,0.105707,9311.21,0.959806,0.359893,-1,0.2,1051.02,1.08257e+07,0.946524,0.852497,1.62644,0.0488126,-0.446816
882,67.831,1000,0.0787355,0.375,0,0.137825,0.400291,0.0655572,-0.00846396,-14.9065,1e-05,0.0113613,0.105713,8551.63,0.972647,0.464272,-1,0.2,1052.46,1.0838e+07,0.96946,0.870314,1.92083,0.0766746,-0.445729
883,69.5221,891.176,0.0775957,0.625,0.0833333,0.138071,0.40619,0.0482036,-0.00745588,-14.9057,1e-05,0.0154717,0.105716,10329.4,0.861362,0.328254,-1,0.2,1053.65,1.08503e+07,1.10772,1.03207,1.70971,0.0499375,-0.423332
884,74.2252,934.929,0.0788771,0.541667,0.0416667,0.137407,0.396762,0.0443416,-0.00576083,-14.9055,1e-05,0.0148794,0.105714,8866.7,0.987531,0.398328,-1,0.2,1055.04,1.08626e+07,1.14074,1.17521,1.78659,0.0468947,-0.438173
885,78.2886,1000,0.0783288,0.5,0,0.139139,0.401997,0.0766195,-0.00692644,-14.9057,1e-05,0.0104845,0.105716,9180.51,0.977784,0.360704,-1,0.2,1056.38,1.08749e+07,1.30515,1.15909,1.91447,0.05379,-0.518065
886,79.1983,957.545,0.0778782,0.875,0.0416667,0.140721,0.406612,0.0410765,-0.00624037,-14.9052,1e-05,0.0161055,0.105719,9332.02,1.02095,0.295804,-1,0.2,1057.69,1.08872e+07,1.45669,1.07154,1.82768,0.0426014,-0.438602
887,67.1693,836.182,0.076368,0.375,0.0833333,0.142022,0.4178,0.064684,-0.00814549,-14.9045,1e-05,0.0131209,0.105725,10322.6,0.7796,0.410802,-1,0.2,1058.89,1.08995e+07,0.992792,1.13197,1.60605,0.0680483,-0.440394
888,73.5781,895.5,0.0776849,0.666667,0.0833333,0.143105,0.403184,0.0404404,-0.006545,-14.9034,1e-05,0.00952374,0.105731,8776.38,0.998999,0.401123,-1,0.2,1060.29,1.09117e+07,1.27819,1.06248,1.70624,0.0527997,-0.420814
889,86.4196,1000,0.0778353,0.416667,0,0.142031,0.405137,0.0334014,-0.00533389,-14.9028,1e-05,0.00732935,0.105732,9362.44,0.940078,0.372401,-1,0.2,1061.6,1.0924e+07,1.47455,1.30978,1.91905,0.0630549,-0.445455
890,70.3259,1000,0.077743,0.291667,0,0.142748,0.402286,0.0279373,-0.0043013,-14.903,1e-05,0.00773958,0.105729,10407.2,0.868961,0.311756,-1,0.2,1062.78,1.09363e+07,1.14014,0.859103,1.91049,0.0451898,-0.438628
891,65.7147,968.6,0.0778447,0.583333,0.0416667,0.142422,0.400771,0.0322021,-0.00657914,-14.9034,1e-05,0.0138258,0.105729,12685.2,0.699636,0.269052,-1,0.2,1063.75,1.09486e+07,1.02814,0.79564,1.84245,0.0530631,-0.433556
892,86.7643,1000,0.0781099,0.458333,0,0.141837,0.398189,0.038759,-0.0068291,-14.9029,1e-05,0.0103197,0.105734,13137.4,0.661808,0.273536,-1,0.2,1064.69,1.09609e+07,1.54979,1.28142,1.90267,0.0464912,-0.442157
893,79.9422,931.929,0.0778352,0.541667,0.0416667,0.142161,0.398008,0.0513056,-0.00575919,-14.902,1.5e-05,0.00353971,0.105739,12865.7,0.686052,0.269047,-1,0.2,1065.65,1.09732e+07,1.20202,1.4003,1.7769,0.0480247,-0.430135
894,84.5634,1000,0.0776877,0.541667,0,0.143298,0.403728,0.0916664,-0.00660013,-14.9008,1.5e-05,0.00806965,0.10575,12701.3,0.696283,0.271178,-1,0.2,1066.62,1.09855e+07,1.50559,1.24078,1.90117,0.048748,-0.468123
895,79.3408,1000,0.0768778,0.5,0,0.144416,0.410102,0.0853433,-0.00665994,-14.8988,1.5e-05,0.0137362,0.105761,12573.4,0.689448,0.287852,-1,0.2,1067.6,1.09978e+07,1.36732,1.0823,1.90813,0.050415,-0.441123
896,62.9355,891.471,0.0767572,0.625,0.0833333,0.144686,0.409888,0.0565703,-0.00582255,-14.8971,1.5e-05,0.0122836,0.105769,12718.5,0.697515,0.268634,-1,0.2,1068.56,1.101e+07,0.890321,0.921796,1.70589,0.0523305,-0.423565
897,64.1794,1000,0.0770677,0.166667,0,0.144698,0.408888,0.117418,-0.00647616,-14.8957,1e-05,0.0223617,0.105779,13703.5,0.613055,0.283647,-1,0.2,1069.46,1.10223e+07,0.823807,0.825602,1.93253,0.072857,-0.445833
898,59.97,852.167,0.0762744,0.416667,0.0833333,0.14511,0.402163,0.0736273,-0.00760861,-14.8943,1e-05,0.0141845,0.105785,12931.7,0.656684,0.29354,-1,0.2,1070.41,1.10346e+07,0.991228,0.778929,1.62862,0.0492059,-0.449478
899,64.8911,941,0.0767775,0.625,0.0416667,0.144011,0.404745,0.102654,-0.00610282,-14.8933,1e-05,0.0181092,0.105792,12508.8,0.709098,0.273254,-1,0.2,1071.4,1.10469e+07,1.0704,0.773537,1.79495,0.0495322,-0.443867
900,70.2864,848.333,0.0758812,0.416667,0.0833333,0.144688,0.408358,0.0847585,-0.00957917,-14.8921,1e-05,0.00963984,0.105797,13068.8,0.666763,0.273493,-1,0.2,1072.34,1.10592e+07,0.995312,1.28622,1.62264,0.049676,-0.439525
901,63.0719,844.75,0.0773503,0.416667,0.0833333,0.143414,0.401885,0.0324491,-0.00447096,-14.8914,1e-05,0.0211049,0.1058,13253.8,0.660758,0.266373,-1,0.2,1074.57,1.10715e+07,1.02434,0.910751,1.61175,0.0411951,-0.434441
902,71.003,1000,0.0772593,0.25,0,0.143056,0.406194,0.0610603,-0.00605854,-14.8909,1e-05,0.00821728,0.105805,14606.5,0.592037,0.249235,-1,0.2,1075.42,1.10838e+07,1.21498,0.848848,1.88196,0.0473444,-0.442985
903,88.6664,1000,0.0765188,0.375,0,0.144346,0.409328,0.0454729,-0.00677885,-14.8901,1e-05,0.0133797,0.105808,13982.8,0.616707,0.262084,-1,0.2,1076.3,1.10961e+07,1.8147,1.13073,1.89069,0.042532,-0.445326
904,66.3193,929.538,0.0770443,0.5,0.0416667,0.144997,0.405847,0.031114,-0.00461217,-14.8897,1e-05,0.00652661,0.10581,13933.6,0.628755,0.253139,-1,0.2,1077.18,1.11084e+07,1.23432,0.723391,1.77208,0.0442821,-0.458108
905,73.8772,1000,0.0767583,0.541667,0,0.145424,0.407862,0.0435218,-0.00396931,-14.8893,1e-05,0.0157949,0.105812,12922.6,0.690784,0.260109,-1,0.2,1078.13,1.11206e+07,1.30132,0.93039,1.89147,0.0497969,-0.479118
906,86.7039,1000,0.0767129,0.708333,0,0.147071,0.406892,0.0544671,-0.00665801,-14.8889,1e-05,0.006674,0.105816,13058.9,0.687098,0.25387,-1,0.2,1079.07,1.11329e+07,1.50513,1.33135,1.89356,0.0444541,-0.439291
907,76.0422,1000,0.0764434,0.416667,0,0.148225,0.409654,0.0276547,-0.00735376,-14.8883,1e-05,0.01059,0.105818,13206.7,0.668711,0.261728,-1,0.2,1080.01,1.11452e+07,1.38533,0.89228,1.89934,0.068434,-0.443274
908,79.3563,1000,0.076291,0.458333,0,0.147381,0.417126,0.0712781,-0.0069603,-14.888,1e-05,0.0156828,0.105821,13491.9,0.641129,0.269641,-1,0.2,1080.92,1.11575e+07,0.989268,1.47937,1.89105,0.0522826,-0.444157
909,79.3158,915.5,0.0755475,0.375,0.0416667,0.147503,0.424343,0.0426191,-0.00847825,-14.8873,1e-05,0.0142104,0.105826,12347.2,0.717707,0.277496,-1,0.2,1081.91,1.11698e+07,1.38462,1.28009,1.73369,0.0415307,-0.474135
910,83.586,1000,0.0758839,0.333333,0,0.147225,0.418721,0.0692064,-0.00512317,-14.8865,1e-05,0.0131424,0.105831,12913.7,0.677559,0.27399,-1,0.2,1082.87,1.11821e+07,1.36923,1.31044,1.8956,0.0519847,-0.447953
911,68.6755,929.154,0.0758779,0.5,0.0416667,0.14726,0.419196,0.0410125,-0.00783238,-14.8857,1e-05,0.0123469,0.105834,12708.2,0.69529,0.271641,-1,0.2,1083.84,1.11944e+07,1.20133,0.85508,1.76251,0.0549546,-0.440095
912,69.2714,950.579,0.0757441,0.75,0.0416667,0.146732,0.414593,0.0454391,-0.00634541,-14.8852,1e-05,0.0176252,0.105837,12638.5,0.710726,0.261544,-1,0.2,1084.81,1.12067e+07,1.12771,0.90895,1.80797,0.0522823,-0.433344
913,76.8693,940.357,0.0765748,0.541667,0.0416667,0.1456,0.412934,0.0285434,-0.00428661,-14.8847,1e-05,0.0114185,0.10584,12691.4,0.701226,0.26699,-1,0.2,1085.78,1.12189e+07,1.24075,1.23793,1.78299,0.049727,-0.467928
914,75.2186,1000,0.076536,0.833333,0,0.146372,0.410924,0.0318141,-0.00448935,-14.8844,1e-05,0.0133974,0.10584,12480,0.716274,0.268345,-1,0.2,1086.76,1.12312e+07,1.19196,1.04973,1.89864,0.063162,-0.442557
915,80.5041,1000,0.0762378,0.625,0,0.146003,0.415732,0.0390942,-0.00595363,-14.8845,1e-05,0.0085255,0.10584,12769.3,0.694611,0.267695,-1,0.2,1087.73,1.12435e+07,1.32193,1.21488,1.88943,0.0448499,-0.445879
916,73.7922,905,0.075325,0.375,0.0416667,0.146231,0.421581,0.0949937,-0.00609411,-14.8843,1e-05,0.0118476,0.105843,12932.3,0.672404,0.277773,-1,0.2,1088.68,1.12558e+07,1.26412,1.09636,1.7128,0.0436082,-0.427282
917,62.6771,842.722,0.0753472,0.625,0.125,0.146075,0.423203,0.0726861,-0.00798202,-14.8835,1e-05,0.0136792,0.105848,12693.8,0.695344,0.272685,-1,0.2,1089.65,1.12681e+07,0.973982,0.924987,1.60164,0.0481109,-0.414865
918,77.1934,936,0.0758728,0.625,0.0833333,0.145485,0.426638,0.0345304,-0.00540257,-14.8828,1e-05,0.0106173,0.105851,12635.7,0.708345,0.264134,-1,0.2,1090.62,1.12804e+07,1.25965,1.23097,1.77147,0.0483262,-0.450755
919,81.9448,1000,0.075842,0.5,0,0.147208,0.42398,0.0370796,-0.0064892,-14.8825,1e-05,0.00639451,0.105852,13011.7,0.674702,0.269677,-1,0.2,1091.57,1.12927e+07,1.27805,1.32002,1.89147,0.0491051,-0.441417
920,85.8266,1000,0.0752361,0.666667,0,0.148852,0.43136,0.0811129,-0.00721622,-14.8821,1e-05,0.0102959,0.105857,12776.1,0.698932,0.262865,-1,0.2,1092.53,1.1305e+07,1.61836,1.19109,1.8834,0.0435706,-0.445101
921,69.6829,924.917,0.0742475,0.458333,0.0416667,0.151681,0.433259,0.0433409,-0.00714255,-14.8812,1e-05,0.0146368,0.10586,13017.5,0.675063,0.268894,-1,0.2,1093.48,1.13172e+07,1.20982,0.916862,1.75497,0.0461608,-0.443669
922,66.0642,907.5,0.0748315,0.375,0.0416667,0.150858,0.424487,0.0582753,-0.00425135,-14.8807,1e-05,0.00906132,0.105865,13347.6,0.650128,0.270489,-1,0.2,1094.4,1.13295e+07,0.892291,1.11666,1.71228,0.0484926,-0.466513
923,75.0401,923.5,0.0748008,0.458333,0.0416667,0.149749,0.424627,0.053136,-0.0076036,-14.8799,1e-05,0.00888772,0.105869,13095.4,0.661286,0.277057,-1,0.2,1095.34,1.13418e+07,1.15524,1.23232,1.74266,0.045352,-0.423567
924,60.0949,905.8,0.0753278,0.375,0.0416667,0.148526,0.420907,0.0293069,-0.00543845,-14.8794,1e-05,0.00892452,0.105871,12823.2,0.684253,0.274008,-1,0.2,1096.3,1.13541e+07,1.00828,0.67605,1.7162,0.0447365,-0.440525
925,79.1141,1000,0.0749827,0.75,0,0.148731,0.427145,0.0331234,-0.00661702,-14.8789,1e-05,0.0113302,0.105875,12500.5,0.700647,0.282355,-1,0.2,1097.28,1.13664e+07,1.16283,1.29215,1.88932,0.0611413,-0.449746
926,64.4466,934.286,0.0754547,0.541667,0.0416667,0.148599,0.42299,0.0314499,-0.00415629,-14.8784,1.5e-05,0.00299132,0.105876,8034.39,1.03755,0.491878,-1,0.2,1098.81,1.13787e+07,1.01704,0.836311,1.76045,0.0510327,-0.442498
927,72.3458,1000,0.0756574,0.5,0,0.147976,0.418704,0.030302,-0.0065321,-14.8783,1.5e-05,0.018287,0.105876,9480.39,0.918533,0.377617,-1,0.2,1100.11,1.1391e+07,1.08722,1.04577,1.88153,0.0480473,-0.445267
928,84.1987,1000,0.0758254,0.75,0,0.147177,0.418955,0.0515217,-0.00659165,-14.8784,1e-05,0.0227131,0.105876,9994.97,0.919506,0.309912,-1,0.2,1101.34,1.14033e+07,1.40381,1.32668,1.88129,0.0448821,-0.44672
929,65.7114,1000,0.0743807,0.708333,0,0.148076,0.431737,0.065666,-0.00803715,-14.8783,1e-05,0.0139025,0.105877,11226.9,0.805721,0.288796,-1,0.2,1102.44,1.14156e+07,0.987794,0.795508,1.89336,0.0507089,-0.441796
930,63.5721,834.091,0.0758379,0.375,0.0833333,0.148336,0.416418,0.0385855,-0.00438382,-14.8779,1e-05,0.0113551,0.10588,11952.4,0.74269,0.285384,-1,0.2,1103.47,1.14278e+07,1.18415,0.840703,1.56866,0.038576,-0.453483
931,74.1857,1000,0.0759758,0.375,0,0.147132,0.41233,0.0324966,-0.00620105,-14.8773,1e-05,0.0145032,0.105884,13565.2,0.632516,0.273332,-1,0.2,1104.37,1.14401e+07,1.28301,0.943374,1.87814,0.0499201,-0.44516
932,71.0256,855.692,0.0752498,0.458333,0.0833333,0.147797,0.41497,0.0380467,-0.00707375,-14.8767,1e-05,0.00583079,0.105888,12561.2,0.718116,0.260138,-1,0.2,1105.35,1.14524e+07,1.06958,1.26193,1.60866,0.0408266,-0.4297
933,77.5141,1000,0.0756354,0.541667,0,0.146937,0.415911,0.0606762,-0.00508562,-14.8759,1e-05,0.0143081,0.105893,13072.6,0.673757,0.266224,-1,0.2,1106.29,1.14647e+07,1.17559,1.20928,1.89007,0.0480483,-0.44729
934,92.3137,1000,0.0755191,0.333333,0,0.147194,0.418227,0.0379365,-0.00661717,-14.8751,1e-05,0.014388,0.105898,13599,0.62474,0.278853,-1,0.2,1107.2,1.1477e+07,1.5997,1.54102,1.87801,0.0432893,-0.44634
935,66.8668,947.824,0.0754548,0.666667,0.0416667,0.148527,0.420183,0.0510082,-0.00727823,-14.8742,1e-05,0.0169443,0.105902,12405.8,0.735715,0.254789,-1,0.2,1108.19,1.14893e+07,1.12705,0.86512,1.78113,0.0483296,-0.478297
936,69.3219,977.429,0.0754738,0.541667,0.0416667,0.14704,0.417662,0.0402725,-0.00467329,-14.8737,1.5e-05,0.00277819,0.105904,12990.7,0.678309,0.267601,-1,0.2,1109.14,1.15016e+07,1.18281,0.859181,1.82927,0.047659,-0.452817
937,78.6698,1000,0.0757118,0.416667,0,0.146696,0.415901,0.0259906,-0.00636081,-14.8734,1.5e-05,0.0117231,0.105906,13238.7,0.653108,0.27508,-1,0.2,1110.07,1.15139e+07,1.21713,1.23778,1.87845,0.0456575,-0.44553
938,65.0031,1000,0.0758929,0.5,0,0.14559,0.416283,0.0341369,-0.00394929,-14.873,1.5e-05,0.0113858,0.10591,13310.8,0.651842,0.271315,-1,0.2,1110.99,1.15261e+07,0.829956,0.942453,1.87491,0.0492716,-0.446439
939,73.232,1000,0.0762235,0.333333,0,0.143528,0.409783,0.035471,-0.00330921,-14.872,1.5e-05,0.00921507,0.105916,11645.5,0.681014,0.37416,-1,0.2,1112.05,1.15384e+07,1.15242,1.00143,1.89439,0.0564456,-0.443087
940,67.2141,890.417,0.0756631,0.416667,0.0833333,0.144257,0.413099,0.0317447,-0.00485116,-14.8712,1.5e-05,0.0163789,0.105919,8598.27,0.958774,0.470351,-1,0.2,1113.48,1.15507e+07,1.06017,1.02473,1.66313,0.040942,-0.428266
941,70.4184,1000,0.0764232,0.625,0,0.143062,0.410752,0.0571811,-0.00543664,-14.8708,1.5e-05,0.0159386,0.105923,9045.19,1.00266,0.355849,-1,0.2,1114.84,1.1563e+07,1.25339,0.787773,1.87897,0.0458337,-0.445038
942,73.7337,947.462,0.0756454,0.5,0.0416667,0.143235,0.415268,0.066996,-0.00478328,-14.8699,1.5e-05,0.00679884,0.10593,10421.4,0.878416,0.300692,-1,0.2,1116.02,1.15753e+07,1.21398,1.07845,1.78138,0.045561,-0.432678
943,57.9629,832.091,0.0757489,0.375,0.0833333,0.143547,0.419357,0.0378724,-0.00807664,-14.8686,1.5e-05,0.01539,0.105936,11989.3,0.749924,0.274989,-1,0.2,1117.04,1.15876e+07,1.05958,0.680585,1.55969,0.0424903,-0.444207
944,49.6735,799.286,0.0761455,0.208333,0.0833333,0.142454,0.409449,0.0466228,-0.0052681,-14.8676,1.5e-05,0.0142735,0.105942,13993.7,0.612679,0.265432,-1,0.2,1117.92,1.15999e+07,0.76409,0.579649,1.49638,0.039436,-0.395882
945,70.5885,945.769,0.076758,0.5,0.0416667,0.142415,0.402763,0.0265678,-0.00392677,-14.8667,1e-05,0.0226434,0.105946,13698.3,0.624271,0.272772,-1,0.2,1118.82,1.16122e+07,1.22714,0.918667,1.76699,0.0427624,-0.426141
946,77.7375,1000,0.0765212,0.5,0,0.141587,0.401088,0.065898,-0.00604553,-14.8663,1e-05,0.0112803,0.105948,13328.5,0.64289,0.279044,-1,0.2,1119.75,1.16244e+07,1.11487,1.30109,1.87347,0.0455816,-0.448134
947,51.58,811.5,0.075951,0.458333,0.125,0.140863,0.411789,0.0450985,-0.00728894,-14.866,1e-05,0.0178633,0.10595,13275.5,0.665079,0.260538,-1,0.2,1120.67,1.16367e+07,0.823964,0.615047,1.52427,0.042185,-0.426471
948,75.9344,1000,0.077106,0.625,0,0.140184,0.399429,0.0889445,-0.00485748,-14.8655,1e-05,0.0106218,0.105955,13236.8,0.666541,0.261782,-1,0.2,1121.6,1.1649e+07,1.34059,0.983831,1.87168,0.0469319,-0.44632
949,82.4743,1000,0.0765054,0.458333,0,0.140957,0.405687,0.03785,-0.00590394,-14.8648,1e-05,0.00860346,0.105957,13340.8,0.658693,0.262389,-1,0.2,1122.52,1.16613e+07,1.41207,1.25285,1.86596,0.0431108,-0.450278
950,67.3354,897.222,0.0771368,0.333333,0.0416667,0.140787,0.395201,0.0463281,-0.00515846,-14.8645,1e-05,0.0144785,0.105959,10722.8,0.73904,0.406934,-1,0.2,1123.67,1.16736e+07,1.17743,0.900557,1.67346,0.0447156,-0.429395
951,66.686,945.818,0.0762507,0.375,0.0833333,0.141596,0.400066,0.0472385,-0.00677089,-14.8638,1e-05,0.0112287,0.105964,8816.05,1.02293,0.370896,-1,0.2,1125.07,1.16859e+07,1.25847,0.722152,1.76247,0.0455489,-0.45434
952,70.1003,922.083,0.0760948,0.458333,0.0416667,0.141598,0.396959,0.0797609,-0.00635346,-14.8632,1e-05,0.0158973,0.105966,8208.96,0.986478,0.510424,-1,0.2,1126.57,1.16982e+07,1.32917,0.853142,1.71798,0.0441219,-0.439404
953,81.0235,936.733,0.0754599,0.583333,0.0416667,0.142658,0.40367,0.104562,-0.0098324,-14.8628,1.5e-05,0.00391459,0.105969,9479.14,0.974997,0.321324,-1,0.2,1127.86,1.17105e+07,1.2735,1.42702,1.74642,0.0437664,-0.439533
954,64.3685,832.773,0.0742554,0.75,0.166667,0.142825,0.41582,0.153798,-0.00703615,-14.8619,1.5e-05,0.0137536,0.105977,11991.6,0.744083,0.280633,-1,0.2,1128.89,1.17228e+07,1.12218,0.960053,1.55398,0.0419324,-0.459725
955,57.9862,849.438,0.0765142,0.541667,0.125,0.141694,0.398042,0.0696913,-0.00563181,-14.8606,1.5e-05,0.0152798,0.105984,9770.12,0.821052,0.436661,-1,0.2,1130.15,1.1735e+07,0.872792,0.830874,1.58801,0.0478864,-0.440249
956,75.4006,964.9,0.0758855,0.75,0.0833333,0.141602,0.402858,0.178987,-0.00548056,-14.8592,1.5e-05,0.012878,0.105994,8711.57,1.06102,0.349519,-1,0.2,1131.56,1.17473e+07,1.27738,1.10441,1.79197,0.0432259,-0.446947
957,61.0257,751.333,0.0744374,0.458333,0.166667,0.142409,0.420809,0.0793254,-0.00690299,-14.8574,1e-05,0.0296133,0.106004,9112.3,1.00624,0.342267,-1,0.2,1132.91,1.17596e+07,1.08452,0.970416,1.39386,0.0373023,-0.434816
958,69.8829,938.8,0.0763604,0.583333,0.0416667,0.141873,0.407061,0.0469107,-0.00586878,-14.8562,1.5e-05,0.00491987,0.106009,10379.5,0.827747,0.356121,-1,0.2,1134.1,1.17719e+07,1.22572,0.917331,1.74747,0.0437428,-0.440118
959,64.9822,932.357,0.0758031,0.541667,0.0416667,0.141439,0.408601,0.0593023,-0.00604683,-14.8552,1.5e-05,0.0109078,0.106016,8938.07,1.01635,0.358449,-1,0.2,1135.47,1.17842e+07,0.907854,0.99221,1.73813,0.0458318,-0.434916
960,62.8973,948.333,0.0758903,0.708333,0.0416667,0.140424,0.414692,0.0734541,-0.0070571,-14.8537,1.5e-05,0.0104305,0.106026,9149.04,0.997008,0.346084,-1,0.2,1136.82,1.17965e+07,0.986752,0.784116,1.76719,0.0467801,-0.439966
961,68.7866,895.333,0.0755668,0.333333,0.0416667,0.140188,0.413378,0.104945,-0.00650998,-14.8522,1.5e-05,0.0104993,0.106034,9022.35,0.885271,0.47668,-1,0.2,1138.18,1.18088e+07,1.00469,1.16039,1.65844,0.0440402,-0.428228
962,78.4864,979.211,0.0753324,0.75,0.0416667,0.140802,0.417734,0.0676123,-0.00752122,-14.851,1.5e-05,0.0108478,0.10604,8366.61,0.922989,0.545707,-1,0.2,1139.65,1.18211e+07,1.22922,1.28669,1.81254,0.0454489,-0.449585
963,60.0329,911.9,0.0758709,0.375,0.0416667,0.138698,0.415028,0.0706656,-0.00710363,-14.8499,1.5e-05,0.00717889,0.106048,8076.12,1.03706,0.484461,-1,0.2,1141.17,1.18333e+07,0.967653,0.756092,1.70012,0.0498396,-0.472053
964,80.7625,1000,0.0762901,0.416667,0,0.137915,0.409266,0.037285,-0.0029324,-14.8485,1.5e-05,0.0109543,0.106055,9061.6,0.983098,0.372954,-1,0.2,1142.53,1.18456e+07,1.36106,1.22006,1.862,0.0460093,-0.45101
965,82.6036,1000,0.0761334,0.375,0,0.138889,0.40856,0.0451741,-0.00395141,-14.8474,1.5e-05,0.011633,0.106061,10326.4,0.835914,0.354045,-1,0.2,1143.72,1.18579e+07,1.54172,1.13815,1.85554,0.0448025,-0.450039
966,62.3671,880.067,0.0759626,0.541667,0.0833333,0.137455,0.409439,0.0817571,-0.00651642,-14.8465,1.5e-05,0.00739325,0.106067,8803.94,1.02765,0.368085,-1,0.2,1145.12,1.18702e+07,0.9386,0.944649,1.6339,0.047702,-0.446495
967,69.9332,900.947,0.0757766,0.708333,0.0833333,0.138135,0.414768,0.0323751,-0.00597846,-14.8455,1.5e-05,0.00988725,0.106072,9254.31,0.970085,0.357728,-1,0.2,1146.45,1.18825e+07,1.09967,1.12195,1.66495,0.0422626,-0.432176
968,76.7828,1000,0.0760626,0.458333,0,0.137363,0.41334,0.0582139,-0.00629307,-14.8446,1.5e-05,0.0133046,0.106078,9969.41,0.922703,0.309868,-1,0.2,1147.68,1.18948e+07,1.24925,1.14039,1.85289,0.0463718,-0.449755
969,73.4638,860.667,0.0756854,0.625,0.125,0.138887,0.416,0.0553729,-0.00665296,-14.8436,1.5e-05,0.011801,0.106083,10839.4,0.752475,0.381164,-1,0.2,1148.82,1.19071e+07,1.2627,1.20214,1.59148,0.0400598,-0.423182
970,72.4229,967.769,0.0756997,0.5,0.0416667,0.138422,0.415798,0.105166,-0.00561799,-14.8427,1.5e-05,0.00974736,0.10609,7767.24,1.15777,0.424256,-1,0.2,1150.4,1.19194e+07,1.19235,1.05001,1.78895,0.0462999,-0.456464
971,74.7174,1000,0.0745562,0.75,0,0.138686,0.42488,0.111118,-0.007703,-14.8413,1.5e-05,0.0149846,0.1061,9487.17,0.938925,0.356298,-1,0.2,1151.7,1.19316e+07,1.12745,1.15609,1.8532,0.0464493,-0.447323
972,65.072,857.636,0.0759531,0.375,0.0833333,0.137601,0.414816,0.0623798,-0.00553759,-14.8396,1.5e-05,0.0147391,0.106109,10705.4,0.797868,0.34996,-1,0.2,1152.85,1.19439e+07,1.08646,1.00068,1.58393,0.039923,-0.457391
973,64.6956,866.6,0.0756977,0.333333,0.0833333,0.136346,0.423972,0.109177,-0.00652541,-14.8381,1.5e-05,0.0138619,0.106119,10149,0.792101,0.418663,-1,0.2,1154.06,1.19562e+07,0.854004,1.16009,1.60334,0.0404636,-0.423122
974,78.0445,933.308,0.0756098,0.5,0.0416667,0.136308,0.41919,0.0657013,-0.00735393,-14.8364,1.5e-05,0.0100561,0.106127,7131.09,1.02216,0.700999,-1,0.2,1155.78,1.19685e+07,1.42238,1.17903,1.71971,0.045234,-0.464135
975,69.3886,887.938,0.0755922,0.583333,0.0833333,0.137083,0.417544,0.0934331,-0.00617672,-14.8351,1.5e-05,0.0166839,0.106135,8331.68,1.0857,0.389151,-1,0.2,1157.26,1.19808e+07,1.17411,1.04997,1.63868,0.0409043,-0.43424
976,53.9717,851.6,0.075327,0.333333,0.0833333,0.137813,0.418142,0.0711246,-0.00530897,-14.834,1.5e-05,0.0132188,0.106139,11446.9,0.7673,0.306182,-1,0.2,1158.34,1.19931e+07,0.967299,0.559884,1.57131,0.0443965,-0.444303
977,63.9971,889.19,0.0754049,0.708333,0.166667,0.138025,0.414553,0.0661102,-0.00661699,-14.8336,1.5e-05,0.0135623,0.106142,12382.5,0.72119,0.271178,-1,0.2,1159.33,1.20054e+07,0.998595,0.94181,1.64029,0.0413284,-0.422174
978,74.6793,882.75,0.0755145,0.291667,0.0416667,0.138858,0.416476,0.0404333,-0.00737239,-14.833,1.5e-05,0.00968514,0.106143,12602.7,0.673144,0.301884,-1,0.2,1160.31,1.20177e+07,1.45034,1.04775,1.62247,0.0406343,-0.427229
979,71.7383,927.154,0.0749217,0.5,0.0416667,0.139859,0.416128,0.0959409,-0.00581029,-14.8326,1.5e-05,0.00854591,0.10615,12833.5,0.684091,0.273402,-1,0.2,1161.27,1.203e+07,1.33117,0.947016,1.70229,0.0430128,-0.436583
980,75.3727,896.222,0.0758916,0.333333,0.0416667,0.140278,0.405877,0.036877,-0.00498646,-14.8311,1.5e-05,0.0157736,0.10616,12912.3,0.664282,0.287367,-1,0.2,1162.22,1.20422e+07,1.36981,1.14905,1.65086,0.0408617,-0.441942
981,65.5382,895.222,0.0753208,0.333333,0.0416667,0.139523,0.408452,0.0708,-0.00534441,-14.8295,1.5e-05,0.017263,0.106169,12643.5,0.708668,0.263214,-1,0.2,1163.19,1.20545e+07,1.03929,0.983992,1.64893,0.0446638,-0.439967
982,61.1106,843.167,0.0750817,0.416667,0.0833333,0.13866,0.410791,0.0537499,-0.00613238,-14.8281,1.5e-05,0.00777417,0.106175,13104.5,0.671606,0.266086,-1,0.2,1164.13,1.20668e+07,1.0003,0.865948,1.55508,0.0432119,-0.409007
983,79.3959,1000,0.0752651,0.75,0,0.13905,0.409855,0.0970484,-0.00835181,-14.8271,1.5e-05,0.00952014,0.106181,12711.6,0.704005,0.262673,-1,0.2,1165.1,1.20791e+07,1.35834,1.1794,1.83684,0.0439666,-0.448754
984,66.5189,915.923,0.0739584,0.458333,0.0833333,0.138643,0.429107,0.166357,-0.0092795,-14.8257,1.5e-05,0.012087,0.106193,11680.5,0.775704,0.276302,-1,0.2,1166.15,1.20914e+07,1.15349,0.939301,1.68261,0.0432524,-0.492715
985,47.6746,670.929,0.073773,0.333333,0.25,0.139658,0.427072,0.0835773,-0.00843177,-14.8237,1.5e-05,0.00843049,0.106203,13107.3,0.665315,0.272176,-1,0.2,1167.09,1.21037e+07,0.920816,0.664909,1.23016,0.0373591,-0.469509
986,79.382,1000,0.0747392,0.375,0,0.137813,0.418547,0.0961207,-0.00610964,-14.8224,1.5e-05,0.0141107,0.10621,13624.2,0.624857,0.277068,-1,0.2,1167.99,1.2116e+07,1.28531,1.24374,1.84043,0.0462944,-0.44667
987,63.6,833.455,0.0745427,0.375,0.0833333,0.138632,0.422635,0.120139,-0.00818715,-14.8213,1.5e-05,0.012806,0.106216,13183.1,0.664979,0.267122,-1,0.2,1168.93,1.21283e+07,1.18665,0.88095,1.53109,0.0414875,-0.460175
988,63.371,813.8,0.074383,0.5,0.125,0.138937,0.422791,0.0998928,-0.00749998,-14.8201,1.5e-05,0.0127633,0.106224,13293.4,0.65695,0.267416,-1,0.2,1169.85,1.21405e+07,1.20876,0.864774,1.48995,0.0396886,-0.434623
989,64.6295,847.111,0.0744209,0.625,0.125,0.139607,0.426606,0.122943,-0.00624354,-14.8188,1.5e-05,0.0130853,0.106231,12679.4,0.701585,0.267547,-1,0.2,1170.82,1.21528e+07,1.16433,0.893566,1.55375,0.0397156,-0.419886
990,60.9369,815.467,0.0748174,0.5,0.125,0.139691,0.424347,0.0869018,-0.0063587,-14.8177,1.5e-05,0.00902082,0.106236,13154.7,0.647797,0.286316,-1,0.2,1171.76,1.21651e+07,0.998922,0.928483,1.49185,0.0397748,-0.412181
991,53.2161,764.833,0.0731493,0.375,0.125,0.140027,0.443279,0.133127,-0.0064457,-14.8171,1.5e-05,0.0169108,0.10624,12858.3,0.67176,0.283887,-1,0.2,1172.72,1.21774e+07,0.777958,0.866208,1.40324,0.0371309,-0.423732
992,47.961,689,0.0738347,0.333333,0.166667,0.138791,0.424923,0.0884343,-0.00730042,-14.8162,1.5e-05,0.0178216,0.106245,11272.7,0.709159,0.380912,-1,0.2,1173.81,1.21897e+07,0.859703,0.66997,1.26396,0.0357638,-0.431345
993,69.9998,736.857,0.0755201,0.208333,0.0833333,0.138013,0.409761,0.0593503,-0.00493256,-14.8155,1.5e-05,0.00663077,0.106249,11974.5,0.717408,0.308773,-1,0.2,1174.83,1.2202e+07,1.39573,1.17039,1.34054,0.0352374,-0.441907
994,72.233,926.417,0.0761197,0.458333,0.0416667,0.137954,0.404506,0.0620882,-0.00445099,-14.8149,1.5e-05,0.00819551,0.106252,12452.8,0.678114,0.30865,-1,0.2,1175.82,1.22143e+07,1.27647,1.04503,1.69377,0.0429875,-0.446614
995,71.4027,912.737,0.0751277,0.708333,0.0833333,0.137723,0.414894,0.0823058,-0.00656594,-14.8141,1e-05,0.0229857,0.106259,12634.3,0.71111,0.261483,-1,0.2,1176.8,1.22266e+07,1.25336,1.05739,1.66288,0.0389926,-0.442492
996,62.9216,881.524,0.0754702,0.75,0.125,0.138841,0.416158,0.0925448,-0.00641545,-14.8132,1e-05,0.00557639,0.106263,12799.2,0.690193,0.269866,-1,0.2,1177.76,1.22388e+07,1.16939,0.73838,1.60813,0.0408081,-0.410625
997,73.4581,948.167,0.0758027,0.708333,0.0416667,0.137872,0.41024,0.0947729,-0.00359653,-14.8124,1e-05,0.00972508,0.106268,12795.3,0.699168,0.261182,-1,0.2,1178.72,1.22511e+07,1.24501,1.10373,1.73339,0.0438867,-0.453119
998,68.3321,905.55,0.0737887,0.75,0.0833333,0.140383,0.425037,0.0664181,-0.0080849,-14.8117,1e-05,0.0162584,0.10627,12061.4,0.749451,0.269332,-1,0.2,1179.74,1.22634e+07,1.24186,0.92279,1.65082,0.0407716,-0.439641
999,51.1885,855.846,0.0756675,0.458333,0.0833333,0.138992,0.406127,0.09432,-0.00716807,-14.8115,1e-05,0.0104204,0.106272,12159.4,0.714099,0.296474,-1,0.2,1180.75,1.22757e+07,0.873806,0.52713,1.56253,0.0404536,-0.444496
1000,58.43,828.188,0.074375,0.541667,0.125,0.139791,0.410883,0.0727673,-0.00818641,-14.811,1e-05,0.0212388,0.106275,12316.1,0.723377,0.274343,-1,0.2,1181.75,1.2288e+07,1.08792,0.751878,1.51105,0.0412638,-0.470617
