iteration,Train/mean_reward,Train/mean_episode_length,Train/mean_step_reward,Episode_Termination/time_out,Episode_Termination/fell_over,Metrics/twist/error_vel_xy,Metrics/twist/error_vel_yaw,Loss/value,Loss/surrogate,Loss/entropy,Loss/learning_rate,Loss/kl,Policy/mean_std,Perf/total_fps,Perf/collection_time,Perf/learning_time,Curriculum/action_rate_weight,Curriculum/standing_envs,time_s,env_steps,Episode_Reward/track_linear_velocity,Episode_Reward/track_angular_velocity,Episode_Reward/upright,Episode_Reward/pose,Episode_Reward/action_rate_l2,Episode_Reward/alive,Episode_Reward/air_time,Episode_Reward/single_stance,Episode_Reward/foot_lift,Episode_Reward/foot_alternation,Episode_Reward/foot_symmetry,Episode_Reward/foot_clearance,Episode_Reward/foot_swing_height,Episode_Reward/foot_slip,Episode_Reward/trot,Episode_Reward/joint_torque,Episode_Reward/self_collisions,Episode_Reward/dof_pos_limits,Episode_Reward/body_ang_vel,Episode_Reward/angular_momentum,Episode_Reward/no_progress,Episode_Reward/joint_vel,Episode_Reward/undesired_contacts,Episode_Reward/base_height,Episode_Reward/three_stance,Episode_Reward/under_stance,Episode_Reward/all_stance,Episode_Reward/footfall_sequence,Episode_Reward/termination
1401,-13.4943,15.5,-0.104516,0,0.0833333,0.126497,1.0636,0.538262,-0.00674716,2.57311,0.0002,0.018326,0.299708,11774.9,0.59504,0.448534,-0.4,0.15,1.04374,1.72155e+07,0.000316317,0.000435055,0.00424412,0.000728309,-0.0170477,0.0155,-0.0044,nan,nan,nan,nan,-0.0024778,-0.00188196,-0.000888925,nan,-0.00568854,0,-0.00343371,-0.0240803,nan,-0.0655354,-0.024463,-0.0225,0.0124584,0.002,-0.038,0,0,-0.5
1402,-16.3875,40.6,-0.0990158,0,0.416667,0.136892,1.15055,0.686648,0.00911886,2.56518,0.000133333,0.0309742,0.299571,12754.2,0.625909,0.337536,-0.4,0.15,2.00968,1.72278e+07,0.00604013,0.00121017,0.0145894,0.000972482,-0.0400542,0.0406,-0.00652,nan,nan,nan,nan,-0.00607273,-0.00633147,-0.00199756,nan,-0.0144319,-0.0002,-0.0109538,-0.0397273,nan,-0.126791,-0.0468936,-0.066,0.0356886,0.0152,-0.0936,-0.0016,0.0275,-0.5
1403,-17.3353,58.6667,-0.0984638,0,0.375,0.136217,1.14719,0.602464,-0.00462853,2.55961,0.000133333,0.0121381,0.299384,12816.7,0.6083,0.350452,-0.4,0.15,2.97004,1.72401e+07,0.0106133,0.00168346,0.0269162,0.00127613,-0.0557442,0.0586667,-0.00886667,nan,nan,nan,nan,-0.00635345,-0.0142506,-0.00298039,nan,-0.0201313,-0.000555556,-0.0176771,-0.0600589,nan,-0.173013,-0.0640024,-0.0713333,0.0685489,0.0311111,-0.110222,-0.000666667,0.0402778,-0.5
1404,-21.8008,80.3333,-0.0970286,0,0.125,0.136811,1.1386,0.563576,-0.00339028,2.55178,0.000133333,0.0113123,0.299265,15075,0.526959,0.288166,-0.4,0.15,3.78757,1.72524e+07,0.00755023,0.00384581,0.0390785,0.000928151,-0.0787819,0.0803333,-0.0121333,nan,nan,nan,nan,-0.00772879,-0.0125592,-0.00381198,nan,-0.0276375,0,-0.026464,-0.0749819,nan,-0.281393,-0.0811447,-0.115,0.0930256,0.0413333,-0.150667,-0.00466667,0.0208333,-0.5
1405,-20.0356,105.75,-0.0970084,0,0.166667,0.137563,1.13092,0.517258,0.000713504,2.54956,0.000133333,0.00858969,0.299208,15194,0.506217,0.302522,-0.4,0.15,4.59768,1.72646e+07,0.0294496,0.00343764,0.0590724,0.00127155,-0.100855,0.10575,-0.0147,nan,nan,nan,nan,-0.00578591,-0.0134868,-0.0044793,nan,-0.035377,0,-0.0329154,-0.0954321,nan,-0.291166,-0.103112,-0.1125,0.144508,0.039,-0.201,-0.0025,0.05625,-0.5
1406,-22.6311,129.375,-0.100845,0,0.333333,0.135546,1.13397,0.507883,-0.00356037,2.54487,0.000133333,0.0160762,0.299006,13669.2,0.565741,0.333212,-0.4,0.15,5.49792,1.72769e+07,0.0762483,0.00534385,0.0776111,0.00120135,-0.119276,0.129375,-0.02515,nan,nan,nan,nan,-0.0075989,-0.0170349,-0.00599208,nan,-0.042681,-0.000625,-0.0419636,-0.107418,nan,-0.397809,-0.121688,-0.131625,0.16324,0.078,-0.22,-0.00625,0.0328125,-0.5
1407,-30.8104,157.5,-0.0932055,0,0.0833333,0.137737,1.10955,0.410424,-0.00313783,2.53559,0.000133333,0.0162452,0.298778,12120.4,0.604886,0.408944,-0.4,0.15,6.51331,1.72892e+07,0.0220299,0.00213944,0.0911825,0.00239739,-0.147937,0.1575,-0.0331,nan,nan,nan,nan,-0.00946982,-0.0279142,-0.00857891,nan,-0.0525653,0,-0.0480397,-0.134161,nan,-0.63153,-0.154869,-0.2085,0.207647,0.1,-0.292,-0.006,0.13125,-0.5
1408,-33.0408,189,-0.0929668,0,0.0416667,0.140851,1.11958,0.478848,0.00101309,2.52607,0.000133333,0.0176469,0.29855,13602.1,0.592163,0.31123,-0.4,0.15,7.41846,1.73015e+07,0.0925741,0.00502111,0.108359,0.00227989,-0.17659,0.189,-0.0322,nan,nan,nan,nan,-0.0108073,-0.0276338,-0.00893062,nan,-0.06471,0,-0.0571486,-0.148745,nan,-0.681478,-0.179793,-0.234,0.225262,0.124,-0.36,-0.004,0.0875,-0.5
1409,-30.7321,206.667,-0.0959774,0,0.125,0.137241,1.12785,0.400973,0.00128567,2.51848,0.000133333,0.010738,0.298385,13917,0.536552,0.346394,-0.4,0.15,8.30257,1.73138e+07,0.0647803,0.00651991,0.130002,0.00226973,-0.19579,0.206667,-0.0485333,nan,nan,nan,nan,-0.00991474,-0.0316917,-0.0115575,nan,-0.0675143,0,-0.0712336,-0.168515,nan,-0.634949,-0.190176,-0.188,0.25153,0.152,-0.326667,-0.01,0.104167,-0.5
1410,nan,nan,-0.0867895,0,0,0.136608,1.09643,0.374279,-0.0038048,2.50968,0.000133333,0.0155622,0.298096,12990.8,0.592583,0.353317,-0.4,0.15,9.25003,1.73261e+07,nan,nan,nan,nan,nan,nan,nan,nan,nan,nan,nan,nan,nan,nan,nan,nan,nan,nan,nan,nan,nan,nan,nan,nan,nan,nan,nan,nan,nan
1411,-33.0495,226.5,-0.090711,0,0.0833333,0.136383,1.09594,0.316627,-0.00364975,2.49891,0.000133333,0.0157689,0.297917,13441.2,0.574013,0.340194,-0.4,0.15,10.1656,1.73384e+07,0.133405,0.0102159,0.147787,0.00199259,-0.209762,0.2265,-0.0509,nan,nan,nan,nan,-0.0100929,-0.0296445,-0.0125691,nan,-0.0734951,-0.0005,-0.0776679,-0.220208,nan,-0.663826,-0.202303,-0.246,0.297342,0.172,-0.388,-0.013,0.05625,-0.5
1412,-40.5899,269,-0.0935079,0,0.0416667,0.140363,1.12438,0.29731,-0.00620495,2.49273,8.88889e-05,0.0266042,0.297733,12964.9,0.59389,0.353902,-0.4,0.15,11.1147,1.73507e+07,0.0105917,0.00668708,0.15317,0.00420062,-0.254099,0.269,-0.0526,nan,nan,nan,nan,-0.0108732,-0.037662,-0.0139389,nan,-0.086904,0,-0.0871208,-0.207484,nan,-0.990098,-0.244048,-0.303,0.411187,0.228,-0.456,-0.006,0.1375,-0.5
1413,-37.91,287,-0.091979,0,0.166667,0.137456,1.08402,0.284371,-0.00157108,2.48473,5.92593e-05,0.0200611,0.297523,11842.6,0.632083,0.405524,-0.4,0.15,12.1539,1.73629e+07,0.13695,0.010881,0.179433,0.00181035,-0.264597,0.287,-0.06035,nan,nan,nan,nan,-0.0123361,-0.0564895,-0.0135822,nan,-0.0930651,0,-0.100245,-0.242498,nan,-0.883837,-0.257293,-0.2955,0.388467,0.201,-0.493,-0.0095,0.18125,-0.5
1414,-38.1148,330,-0.0864972,0,0.0416667,0.135702,1.09997,0.342136,-0.00725113,2.47641,5.92593e-05,0.00795021,0.297342,12300.6,0.622142,0.376834,-0.4,0.15,13.1546,1.73752e+07,0.122792,0.016697,0.208223,0.00348791,-0.298384,0.33,-0.0698,nan,nan,nan,nan,-0.014874,-0.0567584,-0.0201404,nan,-0.106298,0,-0.111289,-0.261791,nan,-1.03339,-0.29522,-0.33,0.425504,0.24,-0.584,-0.008,0.4375,-0.5
1415,-38.5505,290.667,-0.0867933,0,0.125,0.130851,1.09598,0.360486,-0.00731479,2.46904,5.92593e-05,0.0107222,0.297171,12972.6,0.590852,0.356376,-0.4,0.15,14.1032,1.73875e+07,0.144605,0.0171856,0.171373,0.00258599,-0.271679,0.290667,-0.0563333,nan,nan,nan,nan,-0.0181675,-0.0664474,-0.0152775,nan,-0.0960908,0,-0.0946735,-0.226629,nan,-0.910913,-0.272976,-0.304,0.360577,0.190667,-0.509333,-0.0126667,0.25,-0.5
1416,-45.2923,364.143,-0.0914046,0,0.291667,0.136433,1.10141,0.352391,-0.00748282,2.46336,5.92593e-05,0.00903237,0.297066,12617.8,0.611794,0.362066,-0.4,0.15,15.0786,1.73998e+07,0.17244,0.0164789,0.233499,0.00254936,-0.329512,0.364143,-0.0843714,nan,nan,nan,nan,-0.0163354,-0.0622686,-0.0204308,nan,-0.116659,0,-0.129352,-0.290727,nan,-1.28367,-0.316998,-0.343714,0.502023,0.277143,-0.592,-0.0182857,0.271429,-0.5
1417,-54.2998,395.25,-0.0892125,0,0.166667,0.134649,1.07705,0.310025,-0.00756998,2.46006,5.92593e-05,0.0121359,0.297013,13020.7,0.585907,0.357819,-0.4,0.15,16.0237,1.74121e+07,0.08729,0.012753,0.241946,0.0039005,-0.363563,0.39525,-0.08545,nan,nan,nan,nan,-0.0178761,-0.063389,-0.0224975,nan,-0.127938,0,-0.132414,-0.302273,nan,-1.46038,-0.353751,-0.39675,0.534773,0.266,-0.667,-0.023,0.259375,-0.5
1418,-49.5828,417,-0.0883615,0,0.125,0.136362,1.10364,0.250889,-0.00858793,2.45668,5.92593e-05,0.00899247,0.29686,12391.9,0.560446,0.431172,-0.4,0.15,17.0167,1.74244e+07,0.16408,0.0218016,0.263279,0.00334648,-0.379261,0.417,-0.0762667,nan,nan,nan,nan,-0.0138281,-0.0623384,-0.0191977,nan,-0.134754,0,-0.139419,-0.326367,nan,-1.13353,-0.374247,-0.419,0.555232,0.229333,-0.68,-0.0166667,0.141667,-0.5
1419,-50.6873,433,-0.0861541,0,0.0416667,0.134133,1.09963,0.298571,-0.00742008,2.44959,5.92593e-05,0.0116142,0.296713,10544.3,0.682607,0.482763,-0.4,0.15,18.1841,1.74367e+07,0.203118,0.0127857,0.277116,0.00343636,-0.377058,0.433,-0.0954,nan,nan,nan,nan,-0.0182402,-0.073521,-0.0233777,nan,-0.139679,0,-0.156195,-0.330684,nan,-1.44817,-0.381657,-0.333,0.562164,0.34,-0.696,-0.018,0.225,-0.5
1420,-50.9126,467,-0.0839309,0,0.0416667,0.13729,1.09936,0.21718,-0.00914718,2.44446,5.92593e-05,0.0172639,0.296585,12103.2,0.642696,0.372576,-0.4,0.15,19.2017,1.7449e+07,0.229816,0.0129391,0.299197,0.00408467,-0.432117,0.467,-0.0614,nan,nan,nan,nan,-0.00898202,-0.0326541,-0.0153131,nan,-0.15461,-0.001,-0.15539,-0.356415,nan,-1.06851,-0.43313,-0.453,0.64185,0.208,-0.816,-0.02,0.1,-0.5
1421,-53.5969,487.667,-0.0881287,0,0.125,0.137302,1.11018,0.216419,-0.00795536,2.43812,5.92593e-05,0.0083201,0.296384,13186.8,0.593127,0.338713,-0.4,0.15,20.1352,1.74612e+07,0.25159,0.0174118,0.307579,0.00321571,-0.436276,0.487667,-0.0972667,nan,nan,nan,nan,-0.0180733,-0.0772787,-0.0227157,nan,-0.156761,0,-0.166972,-0.387704,nan,-1.62299,-0.425556,-0.432,0.696786,0.332,-0.802667,-0.0173333,0.3875,-0.5
1422,-55.7981,515.667,-0.0884909,0,0.125,0.137645,1.10975,0.265377,-0.00788326,2.43075,5.92593e-05,0.0118439,0.29629,14641.7,0.54829,0.290955,-0.4,0.15,20.9764,1.74735e+07,0.194025,0.0268856,0.317123,0.00372279,-0.46679,0.515667,-0.0810667,nan,nan,nan,nan,-0.0169461,-0.0807453,-0.0224102,nan,-0.166046,0,-0.180518,-0.394428,nan,-1.36524,-0.449187,-0.49,0.695213,0.297333,-0.846667,-0.0173333,0.2375,-0.5
1423,-61.5737,544.333,-0.0896866,0,0.125,0.136502,1.10675,0.298923,-0.00816543,2.42938,5.92593e-05,0.0127624,0.296286,13580.2,0.572164,0.332681,-0.4,0.15,21.8827,1.74858e+07,0.21056,0.0205816,0.349178,0.00392879,-0.491487,0.544333,-0.123467,nan,nan,nan,nan,-0.0221257,-0.092837,-0.0302027,nan,-0.175176,0,-0.188644,-0.446434,nan,-1.7144,-0.478507,-0.517,0.789515,0.409333,-0.904,-0.026,0.304167,-0.5
1424,-60.4074,563,-0.087753,0,0.166667,0.13422,1.11471,0.254091,-0.0099925,2.42782,5.92593e-05,0.00974113,0.296195,12818.6,0.59516,0.363446,-0.4,0.15,22.843,1.74981e+07,0.248672,0.0206004,0.363643,0.00338992,-0.516417,0.563,-0.10715,nan,nan,nan,nan,-0.0206005,-0.0806185,-0.0246915,nan,-0.182516,-0.0005,-0.192321,-0.432896,nan,-1.62783,-0.493233,-0.50175,0.782345,0.345,-0.948,-0.0185,0.3,-0.5
1425,-54.9096,588.667,-0.0834172,0,0.125,0.126961,1.09064,0.262278,-0.00854039,2.42337,5.92593e-05,0.0135896,0.296093,13148.2,0.599437,0.335141,-0.4,0.15,23.7792,1.75104e+07,0.372248,0.0331412,0.379161,0.00458238,-0.532441,0.588667,-0.0955333,nan,nan,nan,nan,-0.0222074,-0.088555,-0.0256123,nan,-0.189978,0,-0.201242,-0.465097,nan,-1.35296,-0.529182,-0.57,0.814864,0.333333,-0.976,-0.0226667,0.3,-0.5
1426,-62.2401,567.333,-0.0852493,0,0.125,0.132863,1.09907,0.370879,-0.00808637,2.41997,5.92593e-05,0.00723135,0.29603,14187.3,0.542185,0.323943,-0.4,0.15,24.6467,1.75227e+07,0.205862,0.0272706,0.360512,0.00511049,-0.516345,0.567333,-0.0984667,nan,nan,nan,nan,-0.0217498,-0.0841377,-0.027444,nan,-0.183657,0,-0.190166,-0.436172,nan,-1.75435,-0.502678,-0.512,0.770238,0.393333,-0.961333,-0.024,0.370833,-0.5
1427,-66.5443,634.6,-0.0861735,0,0.208333,0.13272,1.10351,0.334721,-0.00911759,2.41668,5.92593e-05,0.008837,0.295914,12801.6,0.598387,0.361491,-0.4,0.15,25.6081,1.7535e+07,0.291719,0.0283355,0.394303,0.00524297,-0.581689,0.6346,-0.1156,nan,nan,nan,nan,-0.0246042,-0.0990438,-0.0301825,nan,-0.204917,0,-0.2175,-0.489731,nan,-1.82193,-0.565827,-0.5844,0.873714,0.372,-1.0536,-0.0256,0.3875,-0.5
1428,-65.7361,651,-0.0831911,0,0.0833333,0.131052,1.07892,0.288087,-0.00835547,2.41177,5.92593e-05,0.00949533,0.295799,13308.3,0.587167,0.336168,-0.4,0.15,26.5329,1.75473e+07,0.311799,0.0355837,0.398298,0.00664455,-0.578695,0.651,-0.1081,nan,nan,nan,nan,-0.0236581,-0.0904071,-0.0298317,nan,-0.207216,0,-0.220018,-0.47219,nan,-1.80169,-0.564036,-0.618,0.888461,0.408,-1.082,-0.022,0.33125,-0.5
1429,-78.0087,673,-0.0830944,0,0.0416667,0.130713,1.09603,0.328348,-0.00885094,2.40709,5.92593e-05,0.0142626,0.295695,14189.2,0.558712,0.3073,-0.4,0.15,27.4005,1.75596e+07,0.246804,0.013587,0.439821,0.00519351,-0.62541,0.673,-0.1608,nan,nan,nan,nan,-0.0235802,-0.109504,-0.0383211,nan,-0.219246,0,-0.230547,-0.527728,nan,-2.21128,-0.595017,-0.657,0.911093,0.504,-1.12,-0.038,0.3625,-0.5
1430,-60.1499,573.333,-0.0861044,0,0.125,0.130176,1.10756,0.27651,-0.00812416,2.40282,5.92593e-05,0.0177489,0.29558,12837,0.547012,0.410221,-0.4,0.15,28.3589,1.75718e+07,0.254722,0.0251932,0.365182,0.00431325,-0.522391,0.573333,-0.0998,nan,nan,nan,nan,-0.0228386,-0.0875761,-0.0278753,nan,-0.183224,0,-0.195871,-0.466004,nan,-1.73158,-0.506421,-0.516,0.817007,0.378667,-0.934667,-0.0233333,0.391667,-0.5
1431,-75.0175,729.333,-0.0849383,0,0.125,0.131189,1.08285,0.327764,-0.0102581,2.39825,5.92593e-05,0.0147803,0.295486,13317.6,0.598056,0.324635,-0.4,0.15,29.2829,1.75841e+07,0.352737,0.0339005,0.488404,0.00581805,-0.652106,0.729333,-0.1458,nan,nan,nan,nan,-0.02731,-0.108319,-0.0348399,nan,-0.23185,0,-0.248836,-0.549766,nan,-2.28589,-0.619012,-0.674,1.01899,0.478667,-1.17333,-0.0326667,0.425,-0.5
1432,-53.6636,576,-0.084826,0,0.125,0.130202,1.10897,0.249345,-0.00770373,2.39369,5.92593e-05,0.0133117,0.295329,13185.6,0.581124,0.350803,-0.4,0.15,30.2162,1.75964e+07,0.30368,0.0319783,0.365166,0.00567527,-0.517692,0.576,-0.0955333,nan,nan,nan,nan,-0.0197703,-0.0810332,-0.0267181,nan,-0.18403,0,-0.19776,-0.466203,nan,-1.3814,-0.497391,-0.472,0.821853,0.334667,-0.948,-0.018,0.283333,-0.5
1433,-91.8109,783,-0.084659,0,0.125,0.13114,1.08673,0.294452,-0.00960421,2.3866,5.92593e-05,0.0117206,0.295167,13446.9,0.587784,0.326032,-0.4,0.15,31.1314,1.76087e+07,0.181073,0.022543,0.486076,0.00786573,-0.704951,0.783,-0.1646,nan,nan,nan,nan,-0.0329538,-0.156072,-0.0421275,nan,-0.248561,0,-0.274297,-0.647885,nan,-2.79337,-0.682812,-0.702,1.12803,0.538667,-1.296,-0.038,0.545833,-0.5
1434,-72.5906,684.25,-0.0837267,0,0.166667,0.132116,1.08832,0.252278,-0.00793621,2.38075,5.92593e-05,0.0134751,0.295048,13329.6,0.55569,0.366171,-0.4,0.15,32.0546,1.7621e+07,0.331126,0.0231488,0.417187,0.0058257,-0.621029,0.68425,-0.1171,nan,nan,nan,nan,-0.0265699,-0.107973,-0.0317657,nan,-0.217765,0,-0.235585,-0.53542,nan,-2.1,-0.602684,-0.63075,0.963192,0.428,-1.132,-0.0205,0.396875,-0.5
1435,-97.2553,836,-0.0820679,0,0.0416667,0.132241,1.09914,0.269265,-0.00999623,2.37714,5.92593e-05,0.0187292,0.294999,13522.9,0.566619,0.342065,-0.4,0.15,32.9652,1.76333e+07,0.306955,0.0294911,0.531601,0.0105252,-0.768109,0.836,-0.1868,nan,nan,nan,nan,-0.0350803,-0.128662,-0.0468967,nan,-0.269689,0,-0.279055,-0.633281,nan,-2.91768,-0.747399,-0.783,1.15732,0.644,-1.404,-0.054,0.375,-0.5
1436,-80.294,845,-0.0787284,0,0.0416667,0.128872,1.08561,0.313172,-0.00915567,2.3748,5.92593e-05,0.0161157,0.294911,13065.7,0.591804,0.348673,-0.4,0.15,33.9074,1.76456e+07,0.45276,0.0461486,0.541911,0.00825554,-0.770394,0.845,-0.2006,nan,nan,nan,nan,-0.0311061,-0.148038,-0.0454343,nan,-0.26857,-0.007,-0.284568,-0.587632,nan,-2.44188,-0.717044,-0.849,1.17449,0.656,-1.4,-0.038,0.55,-0.5
1437,-76.4536,707.6,-0.0843184,0,0.208333,0.130178,1.09361,0.253275,-0.00956842,2.36947,5.92593e-05,0.0112785,0.294756,13949.1,0.597915,0.283002,-0.4,0.15,34.7896,1.76579e+07,0.262808,0.0350539,0.427892,0.00618091,-0.638962,0.7076,-0.13172,nan,nan,nan,nan,-0.0260228,-0.117562,-0.0350402,nan,-0.227447,0,-0.238347,-0.571795,nan,-2.20876,-0.627789,-0.657,0.98373,0.4664,-1.1816,-0.0328,0.4825,-0.5
1438,-80.3063,902.5,-0.0837978,0,0.166667,0.135053,1.06049,0.263668,-0.00837078,2.36355,5.92593e-05,0.00679797,0.294618,13321,0.570454,0.351996,-0.4,0.15,35.7134,1.76701e+07,0.595515,0.0341048,0.588971,0.00648879,-0.819576,0.9025,-0.1512,nan,nan,nan,nan,-0.0276409,-0.121046,-0.0382777,nan,-0.288384,0,-0.311213,-0.693274,nan,-2.31668,-0.77626,-0.783,1.26054,0.521,-1.47,-0.031,0.403125,-0.5
1439,-86.9342,925.25,-0.0828829,0,0.166667,0.129705,1.08082,0.283873,-0.00851308,2.35753,5.92593e-05,0.00972974,0.294466,13385.3,0.576032,0.341988,-0.4,0.15,36.6329,1.76824e+07,0.489356,0.0459545,0.608739,0.00674427,-0.836752,0.92525,-0.18745,nan,nan,nan,nan,-0.0347265,-0.157152,-0.047306,nan,-0.295965,-0.00075,-0.319355,-0.723852,nan,-2.81749,-0.798897,-0.73275,1.32782,0.607,-1.498,-0.0415,0.634375,-0.5
1440,-94.8134,945.429,-0.0874003,0,0.291667,0.129295,1.07796,0.319371,-0.0111041,2.35092,5.92593e-05,0.0181322,0.294291,13638.8,0.572202,0.328755,-0.4,0.15,37.5356,1.76947e+07,0.475808,0.0430275,0.604753,0.0079287,-0.85825,0.945429,-0.172,nan,nan,nan,nan,-0.0346799,-0.149382,-0.0449813,nan,-0.304642,0,-0.317788,-0.764318,nan,-2.80721,-0.831931,-0.837429,1.32985,0.600571,-1.58457,-0.0408571,0.5,-0.5
1441,-98.9157,973,-0.0806834,0,0.0416667,0.13274,1.07191,0.294668,-0.00934369,2.34424,5.92593e-05,0.012916,0.294155,14833.9,0.532928,0.295443,-0.4,0.15,38.3653,1.7707e+07,0.387797,0.0669331,0.604826,0.00994225,-0.877355,0.973,-0.1948,nan,nan,nan,nan,-0.0362559,-0.145022,-0.0553123,nan,-0.310485,0,-0.326643,-0.726149,nan,-3.02475,-0.840972,-1.032,1.39746,0.676,-1.656,-0.036,0.7,-0.5
1442,-85.7582,998.084,-0.089325,16.125,0.166667,0.129603,1.0449,0.292139,-0.0101587,2.33879,5.92593e-05,0.0132992,0.294015,11237.4,0.687426,0.406067,-0.4,0.15,39.4605,1.77193e+07,0.471019,0.0465818,0.639568,0.00780155,-0.904422,0.998084,-0.192284,nan,nan,nan,nan,-0.0337561,-0.161415,-0.0502679,nan,-0.318817,-0.000199488,-0.343532,-0.774567,nan,-2.95035,-0.867681,-0.878547,1.43307,0.661995,-1.63926,-0.0419233,0.616113,-0.5
1443,-38.7144,370.182,-0.0849136,0.125,0.333333,0.128548,1.07657,0.220804,-0.0107397,2.33307,5.92593e-05,0.0109679,0.293879,12176.3,0.662931,0.346246,-0.4,0.15,40.4717,1.77316e+07,0.202726,0.0183515,0.233758,0.00305669,-0.33383,0.370182,-0.0669636,nan,nan,nan,nan,-0.0147185,-0.0549485,-0.0178564,nan,-0.118913,0,-0.125711,-0.288484,nan,-1.15202,-0.318837,-0.298636,0.510445,0.246909,-0.6,-0.0154545,0.248864,-0.5
1444,-66.6041,903.4,-0.0778385,0.375,0.0416667,0.129229,1.08784,0.173858,-0.0103958,2.32691,5.92593e-05,0.0132017,0.2937,13416.2,0.590216,0.325689,-0.4,0.15,41.3888,1.77439e+07,0.511116,0.0441085,0.580228,0.00515707,-0.81059,0.9034,-0.12672,nan,nan,nan,nan,-0.021765,-0.100523,-0.0337256,nan,-0.287455,0,-0.314607,-0.70897,nan,-2.22915,-0.773583,-0.8148,1.31471,0.436,-1.4676,-0.0246,0.41625,-0.5
1445,-42.7845,513.667,-0.0825149,0.208333,0.291667,0.129346,1.09661,0.22869,-0.00942506,2.31915,5.92593e-05,0.00562203,0.293517,14315.1,0.590601,0.267794,-0.4,0.15,42.2484,1.77562e+07,0.316961,0.0256142,0.320866,0.00355638,-0.469071,0.513667,-0.0782667,nan,nan,nan,nan,-0.014742,-0.0592806,-0.0201284,nan,-0.164118,-0.000666667,-0.176004,-0.401095,nan,-1.16237,-0.446453,-0.44225,0.749143,0.257667,-0.864,-0.0178333,0.28125,-0.5
1446,-45.143,494.125,-0.0814224,0.125,0.208333,0.130336,1.09929,0.209929,-0.00950714,2.31246,5.92593e-05,0.0124684,0.293372,13985.4,0.546506,0.332126,-0.4,0.15,43.1285,1.77684e+07,0.251872,0.024148,0.309206,0.00316319,-0.438486,0.494125,-0.086175,nan,nan,nan,nan,-0.0156349,-0.0677397,-0.0214474,nan,-0.15873,0,-0.168176,-0.407142,nan,-1.10652,-0.436115,-0.447375,0.691071,0.256,-0.827,-0.02025,0.226562,-0.5
1447,-42.3837,405.8,-0.0822353,0.125,0.291667,0.125746,1.12332,0.202463,-0.0108208,2.30699,5.92593e-05,0.00817315,0.293254,12473,0.634928,0.350239,-0.4,0.15,44.1153,1.77807e+07,0.187419,0.0189259,0.23404,0.00395419,-0.371253,0.4058,-0.07328,nan,nan,nan,nan,-0.0165002,-0.0650063,-0.0203594,nan,-0.131568,0,-0.13588,-0.333408,nan,-1.13727,-0.366134,-0.3741,0.589585,0.258,-0.6928,-0.0156,0.26625,-0.5
1448,-83.0865,892.625,-0.0800896,0.291667,0.0416667,0.131167,1.095,0.238008,-0.0107334,2.30238,5.92593e-05,0.0130016,0.293149,12833.1,0.6224,0.33512,-0.4,0.15,45.0743,1.7793e+07,0.36276,0.0404783,0.547579,0.00716354,-0.815548,0.892625,-0.1754,nan,nan,nan,nan,-0.0330114,-0.151007,-0.0463892,nan,-0.286357,-0.000375,-0.306112,-0.720792,nan,-2.82116,-0.779211,-0.77325,1.29243,0.619,-1.471,-0.043,0.56875,-0.5
1449,-22.5729,165,-0.0845086,0,0.25,0.131726,1.09234,0.326389,-0.00952875,2.29915,5.92593e-05,0.011123,0.293105,13716.8,0.601485,0.294353,-0.4,0.15,45.9716,1.78053e+07,0.0773549,0.00767543,0.09076,0.00152856,-0.149349,0.165,-0.0217333,nan,nan,nan,nan,-0.00770273,-0.0207075,-0.0057693,nan,-0.0556311,0,-0.0514087,-0.131594,nan,-0.477641,-0.157283,-0.173,0.227889,0.0646667,-0.284667,-0.005,0.11875,-0.5
1450,-50.0878,561.25,-0.0779435,0.0833333,0.0833333,0.127349,1.09348,0.294458,-0.00955019,2.29709,5.92593e-05,0.0181034,0.293035,14090.3,0.53748,0.334612,-0.4,0.15,46.8452,1.78176e+07,0.267541,0.0302217,0.355756,0.00301644,-0.514714,0.56125,-0.08975,nan,nan,nan,nan,-0.0190794,-0.0733458,-0.0248002,nan,-0.181016,0,-0.196504,-0.443063,nan,-1.42391,-0.493802,-0.501,0.795681,0.292,-0.935,-0.017,0.353125,-0.5
1451,-42.1049,372.8,-0.0811125,0.0416667,0.166667,0.12925,1.08102,0.32023,-0.0114984,2.29374,5.92593e-05,0.0114193,0.29295,13292.3,0.582533,0.341915,-0.4,0.15,47.7711,1.78299e+07,0.090876,0.0195877,0.235818,0.00366574,-0.335833,0.3728,-0.07688,nan,nan,nan,nan,-0.0148806,-0.0610347,-0.0209684,nan,-0.120331,0,-0.125596,-0.301728,nan,-1.18067,-0.332185,-0.3408,0.554219,0.2528,-0.628,-0.0136,0.3175,-0.5
1452,-57.6169,688.667,-0.0824318,0.0833333,0.166667,0.130227,1.1036,0.288163,-0.00824015,2.28935,5.92593e-05,0.00832062,0.292813,13238.6,0.617999,0.310195,-0.4,0.15,48.7011,1.78422e+07,0.437016,0.0342713,0.427252,0.00475541,-0.617005,0.688667,-0.1028,nan,nan,nan,nan,-0.0202392,-0.0873004,-0.0276311,nan,-0.219365,0,-0.237273,-0.535489,nan,-1.53283,-0.593647,-0.6375,0.994604,0.333333,-1.12867,-0.0193333,0.291667,-0.5
1453,-43.145,416.25,-0.0793491,0.0416667,0.125,0.126681,1.09426,0.337141,-0.00918099,2.2834,5.92593e-05,0.0109128,0.292685,13922.6,0.610648,0.271948,-0.4,0.15,49.5854,1.78545e+07,0.185789,0.0176764,0.255931,0.00254373,-0.379558,0.41625,-0.0706,nan,nan,nan,nan,-0.0159685,-0.0643004,-0.0193495,nan,-0.133432,0,-0.143659,-0.349738,nan,-1.22982,-0.363765,-0.345,0.562747,0.254,-0.683,-0.0165,0.3375,-0.5
1454,-43.9925,351.2,-0.0826067,0,0.208333,0.127454,1.09983,0.350071,-0.00836415,2.28028,8.88889e-05,0.00239914,0.292684,13760.9,0.566007,0.32696,-0.4,0.15,50.4796,1.78668e+07,0.0979143,0.0113883,0.214299,0.00296162,-0.321518,0.3512,-0.06976,nan,nan,nan,nan,-0.0164174,-0.0572003,-0.0197495,nan,-0.113561,0,-0.11764,-0.281992,nan,-1.18826,-0.311308,-0.2844,0.46652,0.2456,-0.5936,-0.0116,0.2975,-0.5
1455,-58.7556,607.75,-0.0864357,0.125,0.375,0.129514,1.08076,0.340294,-0.00890825,2.28018,8.88889e-05,0.0125937,0.292645,13343.1,0.587845,0.33308,-0.4,0.15,51.4018,1.7879e+07,0.30043,0.0299499,0.375206,0.00452893,-0.551308,0.60775,-0.121133,nan,nan,nan,nan,-0.0234687,-0.0975109,-0.0305921,nan,-0.195245,0,-0.206931,-0.491634,nan,-1.81729,-0.535464,-0.5385,0.862322,0.392,-1.014,-0.03,0.366667,-0.5
1456,-46.0026,522.5,-0.0803216,0.0833333,0.166667,0.131324,1.08115,0.366911,-0.00968183,2.27585,8.88889e-05,0.0108589,0.292487,13415.4,0.596938,0.319022,-0.4,0.15,52.3192,1.78913e+07,0.317588,0.0304739,0.326466,0.00297375,-0.471166,0.5225,-0.0911,nan,nan,nan,nan,-0.0166851,-0.0695741,-0.0232201,nan,-0.168203,0,-0.180133,-0.42253,nan,-1.19008,-0.456216,-0.494,0.731859,0.298667,-0.866667,-0.0206667,0.272917,-0.5
1457,-55.9839,653,-0.0795283,0.125,0.125,0.130652,1.08348,0.316254,-0.00838176,2.269,8.88889e-05,0.0167257,0.292315,13002.3,0.606583,0.338484,-0.4,0.15,53.2671,1.79036e+07,0.35623,0.031729,0.400744,0.00386999,-0.589953,0.653,-0.120567,nan,nan,nan,nan,-0.0203463,-0.0887255,-0.0309385,nan,-0.207637,-0.0005,-0.229582,-0.534404,nan,-1.71812,-0.556918,-0.583,0.961091,0.418667,-1.052,-0.0293333,0.3875,-0.5
1458,-64.2086,763.364,-0.0821213,0.25,0.208333,0.129154,1.10913,0.326877,-0.010446,2.26271,8.88889e-05,0.0160987,0.292209,12980.6,0.631914,0.314731,-0.4,0.15,54.2153,1.79159e+07,0.369826,0.0354472,0.478463,0.00562558,-0.686023,0.763364,-0.126673,nan,nan,nan,nan,-0.0240548,-0.102147,-0.0334708,nan,-0.243472,-0.000363636,-0.263573,-0.591091,nan,-1.96678,-0.660105,-0.657545,1.08819,0.443273,-1.25455,-0.0245455,0.467045,-0.5
1459,-61.0003,641.333,-0.0810855,0.125,0.125,0.125525,1.12206,0.267148,-0.0125606,2.25821,8.88889e-05,0.0136435,0.292065,12820.2,0.615664,0.342827,-0.4,0.15,55.1754,1.79282e+07,0.274033,0.0264156,0.400316,0.0051921,-0.5837,0.641333,-0.1288,nan,nan,nan,nan,-0.0234002,-0.0987775,-0.0346029,nan,-0.204572,-0.000333333,-0.221548,-0.504268,nan,-1.85595,-0.555454,-0.545,0.90519,0.418667,-1.04067,-0.0303333,0.35625,-0.5
1460,-43.3673,564.5,-0.0814034,0.0416667,0.208333,0.127902,1.08191,0.320763,-0.0117865,2.25019,8.88889e-05,0.0161287,0.291819,13416.2,0.613944,0.301961,-0.4,0.15,56.0925,1.79405e+07,0.346436,0.0254169,0.353121,0.00313995,-0.507635,0.5645,-0.0683,nan,nan,nan,nan,-0.0148231,-0.0600042,-0.0198115,nan,-0.179225,0,-0.194454,-0.431577,nan,-0.910052,-0.487581,-0.496,0.810484,0.27,-0.966,-0.0143333,0.225,-0.5
1461,-40.4199,439.75,-0.0805675,0,0.166667,0.128238,1.10427,0.246034,-0.00959375,2.24078,8.88889e-05,0.0121575,0.291659,13468.5,0.561294,0.351058,-0.4,0.15,57.0063,1.79528e+07,0.289107,0.0207137,0.262913,0.002213,-0.392909,0.43975,-0.05475,nan,nan,nan,nan,-0.0142897,-0.0419578,-0.0141256,nan,-0.142494,0,-0.148152,-0.352906,nan,-0.7908,-0.38825,-0.36525,0.627321,0.16,-0.752,-0.012,0.146875,-0.5
1462,-58.1996,689.8,-0.0777028,0.0833333,0.125,0.125909,1.09093,0.27206,-0.0115416,2.23377,8.88889e-05,0.0160366,0.291444,12898.1,0.652529,0.300169,-0.4,0.15,57.9607,1.79651e+07,0.335625,0.0354067,0.436971,0.00399436,-0.624734,0.6898,-0.11936,nan,nan,nan,nan,-0.0222497,-0.0916922,-0.0309254,nan,-0.222426,0,-0.236172,-0.523154,nan,-1.63109,-0.592822,-0.6222,0.982044,0.396,-1.0984,-0.0296,0.355,-0.5
1463,-63.5641,761.667,-0.0777924,0.0833333,0.166667,0.127816,1.05595,0.323642,-0.00839959,2.22381,8.88889e-05,0.010996,0.291207,13037.3,0.616453,0.326076,-0.4,0.15,58.9046,1.79773e+07,0.436452,0.0330963,0.480105,0.00428888,-0.69066,0.761667,-0.122567,nan,nan,nan,nan,-0.0240141,-0.109518,-0.0335421,nan,-0.24565,-0.001,-0.260791,-0.624416,nan,-1.6913,-0.665665,-0.665,1.08923,0.403333,-1.256,-0.0316667,0.36875,-0.5
1464,-46.04,416.333,-0.0792782,0,0.125,0.127749,1.07903,0.275735,-0.0109165,2.21322,8.88889e-05,0.0141619,0.290922,12914.1,0.645236,0.306279,-0.4,0.15,59.8574,1.79896e+07,0.20928,0.0248362,0.257314,0.00534771,-0.383325,0.416333,-0.081,nan,nan,nan,nan,-0.0156647,-0.0625746,-0.0212869,nan,-0.133661,0,-0.1378,-0.330899,nan,-1.2016,-0.367194,-0.395,0.61373,0.252,-0.712,-0.018,0.279167,-0.5
1465,-52.6212,583.182,-0.0836846,0.125,0.333333,0.127401,1.08819,0.271285,-0.0101025,2.20214,8.88889e-05,0.0153051,0.29071,14764.5,0.558351,0.273917,-0.4,0.15,60.6912,1.80019e+07,0.301473,0.0262978,0.359072,0.00405421,-0.531177,0.583182,-0.0894545,nan,nan,nan,nan,-0.0180342,-0.0759144,-0.0236946,nan,-0.187854,0,-0.197996,-0.465452,nan,-1.34598,-0.515985,-0.499909,0.834404,0.298182,-0.962545,-0.0214545,0.261364,-0.5
1466,-53.1347,588.3,-0.0815162,0.0416667,0.375,0.125921,1.07323,0.30231,-0.00995085,2.19612,8.88889e-05,0.0155982,0.290644,15783.4,0.535331,0.243209,-0.4,0.15,61.4711,1.80142e+07,0.303318,0.0300535,0.358174,0.00557019,-0.532927,0.5883,-0.1041,nan,nan,nan,nan,-0.0208623,-0.080998,-0.0273031,nan,-0.188585,0,-0.194779,-0.443167,nan,-1.47772,-0.515141,-0.5064,0.86248,0.3184,-0.9892,-0.0256,0.43375,-0.5
1467,-80.3927,1000,-0.0754987,0.166667,0,0.125237,1.07854,0.36074,-0.00896422,2.19241,8.88889e-05,0.0145121,0.290487,16315.9,0.499902,0.253229,-0.4,0.15,62.2255,1.80265e+07,0.443516,0.0513561,0.624666,0.00760176,-0.897778,1,-0.1713,nan,nan,nan,nan,-0.0331921,-0.156347,-0.0497374,nan,-0.319328,-0.00025,-0.341111,-0.746566,nan,-2.68868,-0.870809,-0.897,1.44995,0.562,-1.657,-0.039,0.709375,nan
1468,-67.778,772.2,-0.0787591,0.0833333,0.125,0.123703,1.06745,0.305684,-0.011332,2.1843,8.88889e-05,0.0179994,0.290295,16257,0.500419,0.255441,-0.4,0.15,62.9827,1.80388e+07,0.447121,0.0398365,0.494734,0.00701579,-0.698577,0.7722,-0.14932,nan,nan,nan,nan,-0.0315062,-0.137424,-0.0435479,nan,-0.248762,0,-0.256519,-0.622365,nan,-2.29065,-0.683883,-0.6798,1.12364,0.528,-1.2952,-0.0364,0.6725,-0.5
1469,-71.3912,738,-0.0790274,0.125,0.125,0.123236,1.09793,0.335706,-0.0101216,2.17722,8.88889e-05,0.015385,0.290155,16203.9,0.512163,0.246173,-0.4,0.15,63.7423,1.80511e+07,0.254985,0.0279877,0.450666,0.00563331,-0.672712,0.738,-0.147967,nan,nan,nan,nan,-0.0273691,-0.123563,-0.0388353,nan,-0.234013,-0.000333333,-0.25733,-0.569326,nan,-2.24858,-0.634061,-0.6735,1.05818,0.484,-1.224,-0.0353333,0.547917,-0.5
1470,-66.0547,695.25,-0.075879,0.0416667,0.125,0.122118,1.08363,0.226507,-0.0113195,2.17134,8.88889e-05,0.010993,0.290009,16659.2,0.492087,0.245524,-0.4,0.15,64.4813,1.80634e+07,0.288796,0.0372958,0.41676,0.0058791,-0.634302,0.69525,-0.1136,nan,nan,nan,nan,-0.026833,-0.112812,-0.0334641,nan,-0.224067,0,-0.232595,-0.58223,nan,-1.80733,-0.626853,-0.68025,1.01399,0.41,-1.202,-0.0225,0.503125,-0.5
1471,-53.1879,584.5,-0.0770942,0.0416667,0.208333,0.126785,1.08864,0.315335,-0.00957073,2.16454,8.88889e-05,0.0196285,0.289833,16662.6,0.491869,0.245592,-0.4,0.15,65.2201,1.80756e+07,0.266163,0.0283225,0.365817,0.00431442,-0.523843,0.5845,-0.108067,nan,nan,nan,nan,-0.020956,-0.0829031,-0.0285342,nan,-0.188772,0,-0.191172,-0.470822,nan,-1.39776,-0.527069,-0.531,0.844637,0.357333,-0.988667,-0.0196667,0.385417,-0.5
1472,-72.8902,738.125,-0.0772876,0.0833333,0.25,0.125807,1.0998,0.35146,-0.00931802,2.15746,8.88889e-05,0.00893851,0.289681,16766.5,0.490906,0.241982,-0.4,0.15,65.9542,1.80879e+07,0.324875,0.0349298,0.429114,0.00719738,-0.662048,0.738125,-0.15805,nan,nan,nan,nan,-0.0310395,-0.133951,-0.0410866,nan,-0.235593,-0.001,-0.251482,-0.569506,nan,-2.25411,-0.639838,-0.66975,1.07364,0.5385,-1.203,-0.0295,0.464063,-0.5
1473,-70.6463,802.4,-0.080503,0.0416667,0.166667,0.127701,1.09036,0.304009,-0.0106242,2.15224,8.88889e-05,0.00920122,0.289581,16614.5,0.495678,0.243917,-0.4,0.15,66.6951,1.81002e+07,0.412611,0.0403138,0.486631,0.00582855,-0.716967,0.8024,-0.12844,nan,nan,nan,nan,-0.0261844,-0.110782,-0.036245,nan,-0.257403,-0.0002,-0.275151,-0.632333,nan,-1.84564,-0.704552,-0.7326,1.1653,0.44,-1.3576,-0.0288,0.3675,-0.5
1474,-77.1319,787.889,-0.0843662,0.0416667,0.333333,0.126101,1.08947,0.241141,-0.00999626,2.14737,8.88889e-05,0.0132286,0.289438,16823.5,0.4902,0.240207,-0.4,0.15,67.4268,1.81125e+07,0.331302,0.0380524,0.472406,0.00743273,-0.710727,0.787889,-0.156867,nan,nan,nan,nan,-0.0311448,-0.133958,-0.0434532,nan,-0.254814,-0.00188889,-0.263339,-0.638277,nan,-2.17611,-0.695721,-0.727,1.12951,0.521333,-1.32444,-0.034,0.491667,-0.5
1475,-67.1094,723.857,-0.0750535,0.0833333,0.208333,0.124816,1.0707,0.388695,-0.00815552,2.14219,8.88889e-05,0.013001,0.289374,16529.9,0.496611,0.246768,-0.4,0.15,68.1715,1.81248e+07,0.351695,0.0317973,0.452135,0.00541908,-0.644919,0.723857,-0.140371,nan,nan,nan,nan,-0.028375,-0.118855,-0.0373813,nan,-0.230309,0,-0.249558,-0.575376,nan,-2.01208,-0.625897,-0.669,1.03396,0.465143,-1.204,-0.028,0.501786,-0.5
1476,-63.2204,762.875,-0.0798804,0.0833333,0.25,0.127857,1.05941,0.260339,-0.0095968,2.13939,8.88889e-05,0.00847818,0.289253,16657.3,0.489926,0.247767,-0.4,0.15,68.9105,1.81371e+07,0.447362,0.0364984,0.465205,0.00610848,-0.681298,0.762875,-0.1199,nan,nan,nan,nan,-0.0227775,-0.0900963,-0.0318755,nan,-0.244884,0,-0.258746,-0.595385,nan,-1.72195,-0.668661,-0.702375,1.10444,0.3905,-1.252,-0.02625,0.417187,-0.5
1477,-61.5406,697.333,-0.0783331,0,0.25,0.125308,1.07027,0.281446,-0.0112228,2.13284,8.88889e-05,0.0181377,0.289098,15711.7,0.534754,0.247337,-0.4,0.15,69.6941,1.81494e+07,0.366571,0.0310824,0.418096,0.00559791,-0.626964,0.697333,-0.123633,nan,nan,nan,nan,-0.0272247,-0.114976,-0.0360334,nan,-0.22542,0,-0.229825,-0.568332,nan,-1.63125,-0.624601,-0.613,1.01655,0.419333,-1.19667,-0.0303333,0.516667,-0.5
1478,-60.127,689.727,-0.0806543,0.0833333,0.375,0.124981,1.0751,0.371166,-0.0100566,2.1276,8.88889e-05,0.0123103,0.289005,16480,0.50211,0.243521,-0.4,0.15,70.4411,1.81617e+07,0.378099,0.0315078,0.423077,0.00540302,-0.616974,0.689727,-0.120382,nan,nan,nan,nan,-0.0243427,-0.101382,-0.0321664,nan,-0.220305,-0.00263636,-0.235521,-0.522093,nan,-1.71039,-0.597348,-0.610636,1.00947,0.398182,-1.14327,-0.0225455,0.427273,-0.5
1479,-65.0411,735.5,-0.0763058,0.0416667,0.125,0.123806,1.08104,0.302708,-0.0105257,2.12348,8.88889e-05,0.00983335,0.288878,16705.6,0.498744,0.236817,-0.4,0.15,71.1781,1.8174e+07,0.384202,0.0401252,0.45727,0.00563669,-0.653713,0.7355,-0.1456,nan,nan,nan,nan,-0.0309613,-0.13058,-0.0385294,nan,-0.235069,0,-0.251811,-0.583361,nan,-1.91133,-0.635575,-0.636,1.01149,0.487,-1.198,-0.029,0.48125,-0.5
1480,-78.5479,970,-0.074111,0.166667,0.0833333,0.125786,1.07725,0.350179,-0.00970193,2.11745,8.88889e-05,0.0145192,0.288751,16611.1,0.49764,0.242105,-0.4,0.15,71.919,1.81862e+07,0.455831,0.0491485,0.584885,0.00697358,-0.877763,0.97,-0.1655,nan,nan,nan,nan,-0.0303934,-0.143308,-0.0454514,nan,-0.309701,0,-0.329875,-0.749574,nan,-2.33132,-0.840235,-0.8875,1.41114,0.554667,-1.65333,-0.0356667,0.60625,-0.5
1481,-63.5547,780.5,-0.0779271,0.125,0.291667,0.124626,1.0685,0.302862,-0.0117914,2.11245,8.88889e-05,0.0129246,0.288634,16551.2,0.497761,0.244661,-0.4,0.15,72.6627,1.81985e+07,0.447517,0.0340786,0.486554,0.00517848,-0.696257,0.7805,-0.13874,nan,nan,nan,nan,-0.0292888,-0.135136,-0.0374409,nan,-0.251331,0,-0.265392,-0.632061,nan,-1.87725,-0.690127,-0.6987,1.12431,0.4844,-1.2796,-0.0252,0.56625,-0.5
1482,-75.2508,893.857,-0.076795,0.0833333,0.208333,0.124098,1.07498,0.269915,-0.009897,2.10559,8.88889e-05,0.0100298,0.288391,16727.2,0.489067,0.245544,-0.4,0.15,73.3986,1.82108e+07,0.434049,0.0421362,0.544025,0.00560872,-0.798416,0.893857,-0.149886,nan,nan,nan,nan,-0.0313801,-0.140039,-0.0404862,nan,-0.284708,0,-0.307035,-0.694207,nan,-2.22104,-0.774535,-0.740571,1.29123,0.504571,-1.47543,-0.0345714,0.571429,-0.5
1483,-57.0358,614.444,-0.07724,0.0833333,0.291667,0.121766,1.05471,0.291645,-0.0108561,2.09335,5.92593e-05,0.0200731,0.288089,15936,0.519644,0.251438,-0.4,0.15,74.1709,1.82231e+07,0.286965,0.0360186,0.358168,0.00504489,-0.54286,0.614444,-0.122733,nan,nan,nan,nan,-0.022557,-0.0907427,-0.0306778,nan,-0.196812,0,-0.208992,-0.476695,nan,-1.6555,-0.530245,-0.564333,0.909325,0.366667,-1.02222,-0.0293333,0.454167,-0.5
1484,-75.6891,997.77,-0.0814056,11.4167,0.166667,0.118644,1.0187,0.18464,-0.0101028,2.0829,5.92593e-05,0.00709732,0.287893,15146.6,0.558773,0.252499,-0.4,0.15,74.9836,1.82354e+07,0.539658,0.0489223,0.613685,0.00746266,-0.8915,0.99777,-0.180937,nan,nan,nan,nan,-0.0313691,-0.149356,-0.0480102,nan,-0.317671,-2.8777e-05,-0.341004,-0.762339,nan,-2.53801,-0.855218,-0.874058,1.47131,0.605683,-1.64911,-0.0414388,0.6183,-0.5
1485,-70.8584,901.545,-0.0711966,0.333333,0.125,0.122327,1.06869,0.236487,-0.0103683,2.07571,5.92593e-05,0.0131381,0.287774,16684.2,0.495911,0.240594,-0.4,0.15,75.7214,1.82477e+07,0.435274,0.0428961,0.563965,0.00690302,-0.804387,0.901545,-0.1734,nan,nan,nan,nan,-0.0326505,-0.155385,-0.0488137,nan,-0.28832,0,-0.305656,-0.712744,nan,-2.41553,-0.783778,-0.759,1.32971,0.597818,-1.47891,-0.0374545,0.711364,-0.5
1486,-55.3544,612.5,-0.0772512,0.25,0.25,0.127734,1.08367,0.269346,-0.00924259,2.07107,5.92593e-05,0.010774,0.287647,13053.9,0.605671,0.335655,-0.4,0.15,76.6641,1.826e+07,0.296477,0.0285898,0.362155,0.00555237,-0.552184,0.6125,-0.1185,nan,nan,nan,nan,-0.0210852,-0.0946189,-0.0308591,nan,-0.19581,0,-0.20764,-0.483665,nan,-1.79686,-0.528162,-0.55775,0.897903,0.382333,-1.01933,-0.0298333,0.383333,-0.5
1487,-64.4574,795.154,-0.0777233,0.333333,0.208333,0.126636,1.09375,0.212979,-0.00900122,2.06562,5.92593e-05,0.00907865,0.287532,12677,0.665278,0.304039,-0.4,0.15,77.6348,1.82723e+07,0.495984,0.0406006,0.487588,0.00596877,-0.709015,0.795154,-0.148692,nan,nan,nan,nan,-0.025778,-0.116365,-0.0382083,nan,-0.253085,-0.000307692,-0.27315,-0.600424,nan,-2.10982,-0.68382,-0.681923,1.18589,0.480923,-1.29908,-0.0349231,0.451923,-0.5
1488,-52.1018,653.083,-0.0749515,0.208333,0.291667,0.123192,1.06616,0.211887,-0.00924031,2.06128,5.92593e-05,0.0121208,0.287434,13008,0.623038,0.321612,-0.4,0.15,78.5808,1.82845e+07,0.407799,0.0327513,0.389543,0.00468141,-0.580374,0.653083,-0.105383,nan,nan,nan,nan,-0.0206702,-0.0911594,-0.0289785,nan,-0.209101,0,-0.219988,-0.509644,nan,-1.46584,-0.565503,-0.56625,0.956734,0.36,-1.09,-0.0245,0.359375,-0.5
1489,-57.1717,798.5,-0.0741228,0.25,0.0833333,0.123098,1.07411,0.232047,-0.00877797,2.05631,5.92593e-05,0.0127411,0.287279,13909.1,0.592622,0.29083,-0.4,0.15,79.4657,1.82968e+07,0.487665,0.0421068,0.481348,0.00507116,-0.705555,0.7985,-0.126825,nan,nan,nan,nan,-0.0243239,-0.109067,-0.034409,nan,-0.254111,0,-0.27019,-0.601419,nan,-1.84492,-0.684491,-0.688875,1.19297,0.412,-1.331,-0.0265,0.548438,-0.5
1490,-61.4093,657.833,-0.0731447,0.125,0.125,0.119187,1.08756,0.249028,-0.0087821,2.04872,5.92593e-05,0.0135363,0.287092,13984.4,0.55672,0.321971,-0.4,0.15,80.3458,1.83091e+07,0.339589,0.0301463,0.371978,0.00585014,-0.592849,0.657833,-0.127067,nan,nan,nan,nan,-0.0239738,-0.108264,-0.0332334,nan,-0.210145,0,-0.223475,-0.526127,nan,-1.87127,-0.563924,-0.603,0.936709,0.418,-1.09,-0.0343333,0.427083,-0.5
1491,-47.6391,670.6,-0.0715085,0.125,0.0833333,0.121346,1.07444,0.313157,-0.00954529,2.04156,5.92593e-05,0.00987522,0.286943,13474.9,0.586513,0.325404,-0.4,0.15,81.259,1.83214e+07,0.403729,0.0361538,0.417801,0.00344827,-0.593328,0.6706,-0.08796,nan,nan,nan,nan,-0.0161485,-0.0738996,-0.0230954,nan,-0.213999,0,-0.227571,-0.511265,nan,-1.51228,-0.586746,-0.5604,0.996854,0.2928,-1.132,-0.0196,0.2525,-0.5
1492,-61.2836,745.857,-0.074961,0.125,0.166667,0.122237,1.06973,0.322574,-0.00944423,2.03651,5.92593e-05,0.0129411,0.28686,13679.6,0.568628,0.329641,-0.4,0.15,82.1587,1.83337e+07,0.355317,0.0388264,0.458978,0.00454861,-0.65755,0.745857,-0.122286,nan,nan,nan,nan,-0.0212797,-0.093835,-0.0319624,nan,-0.236717,0,-0.257174,-0.564956,nan,-1.94021,-0.62955,-0.667286,1.09436,0.4,-1.22857,-0.0271429,0.325,-0.5
1493,-52.4533,626,-0.0761887,0.166667,0.208333,0.122448,1.05605,0.321271,-0.0102443,2.03403,5.92593e-05,0.0141767,0.286829,12814.7,0.644389,0.314511,-0.4,0.15,83.1192,1.8346e+07,0.37584,0.0318802,0.382711,0.00410222,-0.552915,0.626,-0.108756,nan,nan,nan,nan,-0.0194162,-0.0866418,-0.0283981,nan,-0.198208,0,-0.215167,-0.464033,nan,-1.76069,-0.531696,-0.550333,0.901484,0.348444,-1.04356,-0.0275556,0.376389,-0.5
1494,-61.6124,874.833,-0.0686364,0.208333,0.0416667,0.119303,1.04602,0.339391,-0.00786529,2.03343,5.92593e-05,0.0104144,0.286832,13483.4,0.552711,0.358634,-0.4,0.15,84.033,1.83583e+07,0.494911,0.0414674,0.550688,0.00487247,-0.771242,0.874833,-0.140033,nan,nan,nan,nan,-0.0255076,-0.120223,-0.0389034,nan,-0.278344,0,-0.30025,-0.66552,nan,-1.96153,-0.750513,-0.716,1.28634,0.491333,-1.41467,-0.034,0.475,-0.5
1495,-47.8995,579.286,-0.0734332,0.125,0.166667,0.122312,1.05208,0.328141,-0.00914179,2.03222,5.92593e-05,0.0127056,0.286742,13115,0.613539,0.3234,-0.4,0.15,84.9718,1.83706e+07,0.276926,0.0324799,0.346807,0.0030848,-0.517398,0.579286,-0.0968571,nan,nan,nan,nan,-0.0215465,-0.0842007,-0.0272902,nan,-0.186628,0,-0.196354,-0.466024,nan,-1.27587,-0.507692,-0.504429,0.851231,0.309143,-0.967429,-0.0225714,0.366071,-0.5
1496,-40.855,498.222,-0.0742297,0.125,0.25,0.121042,1.0536,0.32225,-0.00912876,2.02718,5.92593e-05,0.00580164,0.286628,12947.8,0.604845,0.3442,-0.4,0.15,85.9223,1.83828e+07,0.326504,0.0277238,0.292086,0.00338605,-0.441606,0.498222,-0.0774667,nan,nan,nan,nan,-0.017695,-0.0708491,-0.0212481,nan,-0.159341,0,-0.170567,-0.386144,nan,-1.0648,-0.42734,-0.464667,0.716883,0.241778,-0.816,-0.0191111,0.320833,-0.5
1497,-58.6831,709.364,-0.0740919,0.291667,0.166667,0.123587,1.06155,0.303409,-0.0101108,2.02305,5.92593e-05,0.0122437,0.286559,12081.2,0.600111,0.417009,-0.4,0.15,86.9409,1.83951e+07,0.404337,0.0329686,0.425768,0.00597461,-0.630396,0.709364,-0.146036,nan,nan,nan,nan,-0.0245997,-0.114522,-0.037366,nan,-0.22623,0,-0.240931,-0.545255,nan,-1.99893,-0.612846,-0.667909,1.05846,0.450545,-1.18727,-0.0323636,0.443182,-0.5
1498,-59.7985,714.385,-0.0748612,0.291667,0.25,0.121365,1.0674,0.355819,-0.0070641,2.02085,5.92593e-05,0.00872181,0.286513,15550,0.536269,0.253956,-0.4,0.15,87.7327,1.84074e+07,0.408181,0.0361344,0.439228,0.00604608,-0.627731,0.714385,-0.1284,nan,nan,nan,nan,-0.0238869,-0.102982,-0.033092,nan,-0.22559,-0.000153846,-0.243857,-0.527473,nan,-1.93616,-0.607449,-0.637846,1.05672,0.434154,-1.19354,-0.0273846,0.461538,-0.5
1499,-62.3092,873.6,-0.0726841,0.166667,0.0416667,0.122614,1.07531,0.342739,-0.00935857,2.01936,5.92593e-05,0.0129975,0.286497,15844.4,0.531666,0.243877,-0.4,0.15,88.5098,1.84197e+07,0.580339,0.0397139,0.535224,0.00709621,-0.77626,0.8736,-0.13976,nan,nan,nan,nan,-0.0244107,-0.104835,-0.0358005,nan,-0.275512,0,-0.299618,-0.652159,nan,-1.91641,-0.738164,-0.8016,1.28889,0.4664,-1.4424,-0.0348,0.435,-0.5
1500,-63.1566,760.375,-0.0727176,0.208333,0.125,0.122306,1.04916,0.30614,-0.00914212,2.01757,5.92593e-05,0.0119259,0.286407,13067.3,0.580274,0.36009,-0.4,0.15,89.4515,1.8432e+07,0.423883,0.0356406,0.471469,0.00626173,-0.670791,0.760375,-0.14755,nan,nan,nan,nan,-0.0244585,-0.113856,-0.0374853,nan,-0.242549,0,-0.26399,-0.571426,nan,-2.10335,-0.643265,-0.651375,1.09308,0.503,-1.2305,-0.03375,0.470313,-0.5
1501,-59.493,809,-0.072675,0.166667,0.0833333,0.121963,1.06588,0.276819,-0.00954008,2.01345,5.92593e-05,0.0109219,0.286336,14133.5,0.599274,0.270147,-0.4,0.2,92.3205,1.84443e+07,0.492719,0.0404856,0.493549,0.00580511,-0.704844,0.809,-0.148633,nan,nan,nan,nan,-0.0248055,-0.11293,-0.0377592,nan,-0.255729,0,-0.279967,-0.598693,nan,-1.98549,-0.688184,-0.7245,1.21283,0.477333,-1.338,-0.0276667,0.5875,-0.5
1502,-56.1357,628.4,-0.0735526,0.0833333,0.125,0.124884,1.05772,0.272692,-0.010628,2.00992,5.92593e-05,0.0107926,0.286228,13175.4,0.564352,0.368297,-0.4,0.2,93.2545,1.84566e+07,0.338012,0.0308049,0.382035,0.00452547,-0.55643,0.6284,-0.12484,nan,nan,nan,nan,-0.0256729,-0.106202,-0.0325422,nan,-0.201477,0,-0.214351,-0.495183,nan,-1.67145,-0.545689,-0.5718,0.857174,0.3968,-1.0464,-0.03,0.4775,-0.5
1503,-56.5821,767.429,-0.0729574,0.166667,0.125,0.125393,1.03783,0.292654,-0.0100934,2.00456,5.92593e-05,0.0133696,0.286085,12382.5,0.653998,0.338372,-0.4,0.2,94.2488,1.84689e+07,0.458403,0.0416285,0.479032,0.00494992,-0.676776,0.767429,-0.130629,nan,nan,nan,nan,-0.0222659,-0.107347,-0.0334474,nan,-0.244494,0,-0.262501,-0.580826,nan,-1.70074,-0.6518,-0.69,1.13192,0.423429,-1.284,-0.0314286,0.494643,-0.5
1504,-69.3393,808,-0.0719246,0.125,0.0416667,0.122208,1.08032,0.371362,-0.00886235,1.99914,5.92593e-05,0.0114157,0.285995,13578.8,0.580744,0.324193,-0.4,0.2,95.1552,1.84812e+07,0.336453,0.0384444,0.460211,0.00773144,-0.697655,0.808,-0.15095,nan,nan,nan,nan,-0.0259895,-0.121709,-0.039493,nan,-0.253555,0,-0.277059,-0.610842,nan,-2.2983,-0.672597,-0.747,1.21859,0.483,-1.312,-0.031,0.54375,-0.5
1505,-66.979,855.429,-0.0725877,0.166667,0.125,0.122646,1.06767,0.310356,-0.00735531,1.99604,5.92593e-05,0.012918,0.285922,13480.3,0.607961,0.303594,-0.4,0.2,96.0682,1.84934e+07,0.463971,0.042134,0.509056,0.00674954,-0.759731,0.855429,-0.147686,nan,nan,nan,nan,-0.0262023,-0.117681,-0.0366649,nan,-0.271741,0,-0.290259,-0.664758,nan,-1.94098,-0.725077,-0.777857,1.28935,0.465143,-1.416,-0.0311429,0.439286,-0.5
1506,-68.8706,863,-0.0740039,0.166667,0.0833333,0.123234,1.05306,0.298134,-0.00876507,1.99247,5.92593e-05,0.0113866,0.285831,14193.2,0.54073,0.325038,-0.4,0.2,96.9352,1.85057e+07,0.416273,0.044546,0.549988,0.0076601,-0.764054,0.863,-0.191333,nan,nan,nan,nan,-0.0322746,-0.146865,-0.048996,nan,-0.277017,0,-0.292048,-0.638586,nan,-2.44639,-0.748292,-0.7055,1.29978,0.583333,-1.42267,-0.0336667,0.70625,-0.5
1507,-63.6755,837.056,-0.074018,0.458333,0.291667,0.120776,1.03876,0.348576,-0.0084539,1.98803,5.92593e-05,0.014719,0.285697,12724.7,0.609952,0.35573,-0.4,0.2,97.9021,1.8518e+07,0.49115,0.0411918,0.515104,0.00574943,-0.733124,0.837056,-0.145989,nan,nan,nan,nan,-0.0268454,-0.117353,-0.0376787,nan,-0.265328,-0.000388889,-0.289962,-0.635024,nan,-1.96444,-0.707703,-0.715333,1.22829,0.481778,-1.38822,-0.031,0.46875,-0.5
1508,-67.9364,978,-0.0693037,0.166667,0.0416667,0.121406,1.04701,0.251638,-0.00834752,1.98173,5.92593e-05,0.00796329,0.285547,12306.1,0.640362,0.35817,-0.4,0.2,98.9023,1.85303e+07,0.557521,0.0483101,0.599545,0.00625656,-0.870447,0.978,-0.16624,nan,nan,nan,nan,-0.0296356,-0.144953,-0.0421608,nan,-0.310082,0,-0.339441,-0.74511,nan,-2.14805,-0.829289,-0.8538,1.43495,0.5344,-1.62,-0.0316,0.675,-0.5
1509,-63.3428,735.333,-0.0728924,0.125,0.125,0.119233,1.05499,0.265954,-0.00866018,1.97579,5.92593e-05,0.00761506,0.285408,12976.4,0.647294,0.299656,-0.4,0.2,99.851,1.85426e+07,0.37987,0.034581,0.467796,0.00580098,-0.63255,0.735333,-0.145467,nan,nan,nan,nan,-0.0277643,-0.124629,-0.0372383,nan,-0.232729,0,-0.254436,-0.555988,nan,-2.11557,-0.618609,-0.623,1.07812,0.484,-1.18933,-0.0286667,0.483333,-0.5
1510,-69.0392,717,-0.0752957,0.0416667,0.208333,0.124084,1.05621,0.382999,-0.00802824,1.97063,5.92593e-05,0.0138467,0.285326,13448.3,0.574013,0.339709,-0.4,0.2,100.766,1.85549e+07,0.302124,0.032824,0.432142,0.00571078,-0.618642,0.717,-0.1515,nan,nan,nan,nan,-0.0276917,-0.113039,-0.0385129,nan,-0.227263,0,-0.248686,-0.555477,nan,-2.03742,-0.603219,-0.6775,1.03344,0.493333,-1.19067,-0.0393333,0.477083,-0.5
1511,-52.9786,874,-0.0712586,0.166667,0.125,0.123194,1.06184,0.279741,-0.00853341,1.96705,5.92593e-05,0.0135301,0.285212,13956.8,0.572174,0.308257,-0.4,0.2,101.648,1.85672e+07,0.644065,0.0385151,0.554218,0.0050253,-0.772154,0.874,-0.123029,nan,nan,nan,nan,-0.0218259,-0.0984005,-0.0320672,nan,-0.277382,0,-0.306421,-0.667412,nan,-1.60908,-0.737447,-0.720429,1.29996,0.44,-1.41143,-0.0222857,0.508929,-0.5
1512,-55.5855,807.25,-0.0732175,0.0416667,0.125,0.122948,1.05188,0.30373,-0.00785756,1.96158,5.92593e-05,0.0120922,0.285085,13104.8,0.599063,0.338607,-0.4,0.2,102.587,1.85795e+07,0.538595,0.0390085,0.512977,0.00525599,-0.692916,0.80725,-0.12425,nan,nan,nan,nan,-0.0246868,-0.119851,-0.033128,nan,-0.25398,0,-0.282761,-0.608691,nan,-1.63911,-0.674505,-0.64425,1.21364,0.417,-1.306,-0.0245,0.490625,-0.5
1513,-60.2845,754.471,-0.0735045,0.291667,0.416667,0.116267,1.05627,0.345752,-0.00842095,1.95715,5.92593e-05,0.0126889,0.285029,14028.1,0.6072,0.268756,-0.4,0.2,103.465,1.85917e+07,0.449173,0.0385686,0.475853,0.00575948,-0.650539,0.754471,-0.134412,nan,nan,nan,nan,-0.023446,-0.103195,-0.0340016,nan,-0.237853,0,-0.260432,-0.562424,nan,-1.91038,-0.634183,-0.670235,1.11015,0.420941,-1.24259,-0.0310588,0.407353,-0.5
1514,-61.7532,843.3,-0.0692553,0.25,0.166667,0.119939,1.06424,0.304393,-0.00878079,1.95483,5.92593e-05,0.00913635,0.284954,13276.3,0.575104,0.350453,-0.4,0.2,104.392,1.8604e+07,0.488515,0.0456181,0.545266,0.00482773,-0.734203,0.8433,-0.15802,nan,nan,nan,nan,-0.0282648,-0.130992,-0.0409762,nan,-0.266733,0,-0.294386,-0.630864,nan,-2.00085,-0.707783,-0.7023,1.20483,0.5392,-1.3488,-0.0338,0.51875,-0.5
1515,-47.7628,629.818,-0.0731867,0.166667,0.291667,0.11877,1.07913,0.292811,-0.00825563,1.95191,5.92593e-05,0.00592073,0.284923,12912,0.630297,0.321376,-0.4,0.2,105.345,1.86163e+07,0.379597,0.0369039,0.387147,0.00402325,-0.547086,0.629818,-0.100709,nan,nan,nan,nan,-0.0182609,-0.0833149,-0.0262349,nan,-0.198846,0,-0.219822,-0.488177,nan,-1.28917,-0.527336,-0.535091,0.94733,0.328727,-1.05564,-0.0210909,0.327273,-0.5
1516,-59.8638,786.167,-0.068054,0.166667,0.0833333,0.119551,1.06552,0.260307,-0.00849635,1.95029,5.92593e-05,0.0163158,0.284845,13069,0.622435,0.317808,-0.4,0.2,106.286,1.86286e+07,0.423853,0.0423094,0.507272,0.00441256,-0.684085,0.786167,-0.1426,nan,nan,nan,nan,-0.0275909,-0.134406,-0.0370727,nan,-0.249366,0,-0.275349,-0.608633,nan,-1.95878,-0.66536,-0.6695,1.14654,0.465333,-1.278,-0.03,0.558333,-0.5
1517,-62.8407,908.818,-0.0676831,0.291667,0.166667,0.117993,1.04475,0.340272,-0.00804495,1.94569,8.88889e-05,0.00443443,0.284721,13857.5,0.581492,0.305245,-0.4,0.2,107.175,1.86409e+07,0.522699,0.0491331,0.583197,0.00465684,-0.790135,0.908818,-0.137273,nan,nan,nan,nan,-0.0237241,-0.111946,-0.034869,nan,-0.286751,0,-0.319416,-0.672555,nan,-1.85175,-0.755889,-0.759545,1.341,0.436727,-1.47527,-0.0316364,0.444318,-0.5
1518,-53.715,690.778,-0.067818,0.208333,0.166667,0.117122,1.03881,0.255833,-0.00995447,1.93945,8.88889e-05,0.0136957,0.284555,13965.4,0.54149,0.338401,-0.4,0.2,108.056,1.86532e+07,0.423875,0.0357412,0.444126,0.00425395,-0.597257,0.690778,-0.129667,nan,nan,nan,nan,-0.0242792,-0.110331,-0.0337694,nan,-0.219148,0,-0.23768,-0.530924,nan,-1.71764,-0.581666,-0.577333,1.01472,0.431111,-1.12978,-0.0297778,0.411111,-0.5
1519,-76.5799,957,-0.068921,0.208333,0.0833333,0.121457,1.06436,0.323683,-0.00979643,1.93221,8.88889e-05,0.0123553,0.284373,12483.2,0.600696,0.383666,-0.4,0.2,109.042,1.86655e+07,0.465212,0.0497369,0.595246,0.00778966,-0.826435,0.957,-0.201486,nan,nan,nan,nan,-0.0347709,-0.160598,-0.0507176,nan,-0.300989,0,-0.335784,-0.723171,nan,-2.65965,-0.790262,-0.815571,1.36838,0.693143,-1.56286,-0.0514286,0.691071,-0.5
1520,-68.1142,870.375,-0.0684419,0.25,0.0833333,0.122626,1.04195,0.264615,-0.00954927,1.92439,8.88889e-05,0.0130341,0.284198,12991.3,0.611817,0.334045,-0.4,0.2,109.989,1.86778e+07,0.467722,0.0397532,0.554831,0.00606492,-0.75726,0.870375,-0.17715,nan,nan,nan,nan,-0.0284797,-0.136209,-0.0457021,nan,-0.275707,0,-0.303543,-0.66009,nan,-2.61063,-0.728806,-0.74625,1.28273,0.5755,-1.4245,-0.0425,0.532813,-0.5
1521,-62.8128,770.143,-0.0693945,0.0833333,0.208333,0.114693,1.05049,0.322212,-0.010207,1.91714,8.88889e-05,0.0127402,0.284033,12915,0.62887,0.322584,-0.4,0.2,110.942,1.869e+07,0.445891,0.0384601,0.495619,0.00489747,-0.671541,0.770143,-0.141571,nan,nan,nan,nan,-0.0273052,-0.129238,-0.036261,nan,-0.242723,0,-0.270008,-0.572884,nan,-2.30521,-0.645752,-0.683143,1.14403,0.469714,-1.24229,-0.0297143,0.516071,-0.5
1522,-66.2569,908,-0.0666524,0.25,0.0833333,0.116002,1.0494,0.326936,-0.0101284,1.91098,8.88889e-05,0.0141832,0.283909,14582.1,0.534386,0.308294,-0.4,0.2,111.787,1.87023e+07,0.558101,0.0499831,0.587219,0.00626033,-0.787528,0.908,-0.1864,nan,nan,nan,nan,-0.029865,-0.136046,-0.0461716,nan,-0.284457,0,-0.323062,-0.670613,nan,-2.31944,-0.749322,-0.771375,1.33556,0.6205,-1.471,-0.04225,0.564063,-0.5
1523,-62.7337,924.182,-0.0684146,0.333333,0.125,0.118873,1.04804,0.30348,-0.0100991,1.90562,8.88889e-05,0.0178818,0.283787,13674.1,0.572057,0.326574,-0.4,0.2,112.687,1.87146e+07,0.566362,0.048068,0.603845,0.00461199,-0.800563,0.924182,-0.153473,nan,nan,nan,nan,-0.0274177,-0.131147,-0.0402897,nan,-0.291225,0,-0.330453,-0.700448,nan,-2.07209,-0.767956,-0.754636,1.35136,0.537455,-1.49927,-0.032,0.564773,-0.5
1524,-69.1311,995.667,-0.066472,0.333333,0.0416667,0.118738,1.03469,0.326773,-0.00894885,1.90063,8.88889e-05,0.014471,0.283681,12879.6,0.605941,0.348128,-0.4,0.2,113.642,1.87269e+07,0.579308,0.0487437,0.638755,0.00613686,-0.857166,0.995667,-0.156289,nan,nan,nan,nan,-0.0300456,-0.143038,-0.0430506,nan,-0.313648,0,-0.350348,-0.748075,nan,-2.27364,-0.837557,-0.847,1.46864,0.557333,-1.63289,-0.0364444,0.573611,-0.5
1525,-69.3679,996.1,-0.0679435,9,0.125,0.119616,1.04224,0.294095,-0.0120574,1.89639,5.92593e-05,0.0208163,0.283601,12422.1,0.659147,0.330056,-0.4,0.2,114.633,1.87392e+07,0.574243,0.0517666,0.636644,0.00628316,-0.861397,0.9961,-0.178721,nan,nan,nan,nan,-0.0300775,-0.144811,-0.0456743,nan,-0.313603,-2.73973e-05,-0.350336,-0.747873,nan,-2.37433,-0.827681,-0.854671,1.4714,0.591909,-1.61295,-0.0407854,0.593037,-0.5
1526,-54.6981,771.818,-0.0724637,0.333333,0.125,0.11574,1.02149,0.19566,-0.0100939,1.89284,5.92593e-05,0.0124379,0.283494,14042.3,0.558207,0.316865,-0.4,0.2,115.509,1.87515e+07,0.436137,0.0390555,0.496363,0.00432798,-0.6701,0.771818,-0.130964,nan,nan,nan,nan,-0.0222844,-0.106909,-0.0326769,nan,-0.24293,0,-0.274148,-0.577812,nan,-1.76404,-0.640072,-0.657,1.13215,0.450545,-1.25564,-0.0316364,0.477273,-0.5
1527,-56.6217,786.727,-0.0668547,0.333333,0.125,0.120372,1.03243,0.219316,-0.00941308,1.88695,5.92593e-05,0.0135717,0.283338,12845.5,0.633802,0.322801,-0.4,0.2,116.467,1.87638e+07,0.490439,0.0431585,0.509122,0.00430527,-0.675754,0.786727,-0.142527,nan,nan,nan,nan,-0.0253904,-0.118897,-0.0357624,nan,-0.247133,0,-0.28088,-0.590703,nan,-1.89673,-0.652106,-0.676909,1.14659,0.491636,-1.26545,-0.0334545,0.475,-0.5
1528,-66.9418,918.111,-0.0651224,0.333333,0.0416667,0.123086,1.04022,0.208774,-0.00887865,1.87983,5.92593e-05,0.0119891,0.283165,13142.4,0.606129,0.328862,-0.4,0.2,117.404,1.87761e+07,0.515981,0.0472274,0.600048,0.00565076,-0.796698,0.918111,-0.156044,nan,nan,nan,nan,-0.0303279,-0.144941,-0.0431648,nan,-0.290315,-0.000444444,-0.320245,-0.687098,nan,-2.26123,-0.773299,-0.811333,1.33409,0.579556,-1.5,-0.034,0.556944,-0.5
1529,-66.2094,1000,-0.0656811,0.25,0,0.122534,1.05354,0.223823,-0.00837375,1.87278,5.92593e-05,0.00843935,0.28302,13262.1,0.624368,0.302182,-0.4,0.2,118.332,1.87884e+07,0.647408,0.0552163,0.656421,0.00559241,-0.882415,1,-0.169767,nan,nan,nan,nan,-0.0285598,-0.140651,-0.0451618,nan,-0.31507,0,-0.350567,-0.740964,nan,-2.26906,-0.827449,-0.8745,1.4798,0.562,-1.62933,-0.0413333,0.597917,nan
1530,-70.1274,906.1,-0.0678642,0.375,0.0416667,0.122317,1.06026,0.263503,-0.00846053,1.86672,5.92593e-05,0.00766616,0.282872,13209.6,0.564367,0.365866,-0.4,0.2,119.263,1.88006e+07,0.454214,0.0458716,0.579778,0.00498439,-0.782925,0.9061,-0.1623,nan,nan,nan,nan,-0.031702,-0.150346,-0.043406,nan,-0.285809,0,-0.324585,-0.681126,nan,-2.32825,-0.753425,-0.7938,1.31906,0.5552,-1.4968,-0.0396,0.5525,-0.5
1531,-53.913,707.778,-0.0700601,0.25,0.125,0.121514,1.04448,0.276786,-0.00910623,1.86042,5.92593e-05,0.0138266,0.282737,13505.2,0.590509,0.319361,-0.4,0.2,120.175,1.88129e+07,0.418016,0.037751,0.458611,0.00439068,-0.619375,0.707778,-0.113422,nan,nan,nan,nan,-0.021316,-0.0981125,-0.0309976,nan,-0.223494,0,-0.248494,-0.53273,nan,-1.91533,-0.598865,-0.618,1.02418,0.394222,-1.13378,-0.0286667,0.395833,-0.5
1532,-37.7077,544.333,-0.0684456,0.0416667,0.0833333,0.123771,1.0487,0.444294,-0.00747984,1.85592,5.92593e-05,0.0114493,0.282669,11545.1,0.61424,0.450108,-0.4,0.2,121.24,1.88252e+07,0.374078,0.0233146,0.352546,0.00159876,-0.473091,0.544333,-0.0642667,nan,nan,nan,nan,-0.012745,-0.060111,-0.0173555,nan,-0.171224,0,-0.197078,-0.436132,nan,-1.41272,-0.45267,-0.449,0.809397,0.236,-0.872,-0.0166667,0.270833,-0.5
1533,-66.4988,879.143,-0.0673662,0.208333,0.0833333,0.120709,1.05202,0.313728,-0.00847921,1.8524,5.92593e-05,0.0112443,0.282554,13486.3,0.608682,0.302468,-0.4,0.2,122.153,1.88375e+07,0.396315,0.0455606,0.57279,0.00467155,-0.752639,0.879143,-0.162743,nan,nan,nan,nan,-0.0278713,-0.13228,-0.0415324,nan,-0.278951,0,-0.304902,-0.684454,nan,-2.14559,-0.741438,-0.747857,1.2637,0.569714,-1.41314,-0.0305714,0.55,-0.5
1534,-51.7477,744.25,-0.0678068,0.208333,0.125,0.119449,1.0345,0.371235,-0.00882752,1.84777,5.92593e-05,0.0171622,0.282482,15120.9,0.541556,0.271094,-0.4,0.2,122.967,1.88498e+07,0.400305,0.042497,0.482534,0.00380886,-0.635002,0.74425,-0.110525,nan,nan,nan,nan,-0.0192719,-0.0892201,-0.0287268,nan,-0.234556,0,-0.264135,-0.569501,nan,-1.72088,-0.616212,-0.63525,1.07983,0.382,-1.228,-0.0255,0.426562,-0.5
1535,-44.5825,668.571,-0.0678139,0.166667,0.125,0.120648,1.03607,0.303085,-0.00842279,1.84458,5.92593e-05,0.0101945,0.282383,13688,0.541705,0.356013,-0.4,0.2,123.866,1.88621e+07,0.449859,0.0399212,0.431927,0.003785,-0.572626,0.668571,-0.106571,nan,nan,nan,nan,-0.017854,-0.0805217,-0.0267246,nan,-0.210466,0,-0.231604,-0.506655,nan,-1.50782,-0.555677,-0.550714,1.0025,0.337143,-1.10571,-0.0231429,0.332143,-0.5
1536,-49.8163,697.7,-0.0724975,0.25,0.166667,0.120465,1.04236,0.293564,-0.00801623,1.84041,5.92593e-05,0.0101582,0.282311,13335.7,0.618238,0.303198,-0.4,0.2,124.788,1.88744e+07,0.411721,0.0394694,0.451779,0.00499037,-0.594474,0.6977,-0.12024,nan,nan,nan,nan,-0.0220422,-0.107703,-0.0323225,nan,-0.219331,0,-0.245041,-0.522893,nan,-1.72793,-0.576066,-0.597,1.01928,0.4068,-1.1348,-0.028,0.4325,-0.5
1537,-55.6246,815.455,-0.0691514,0.208333,0.25,0.122174,1.05046,0.319889,-0.00843897,1.83742,5.92593e-05,0.0111829,0.282236,12880.9,0.625897,0.32807,-0.4,0.2,125.744,1.88867e+07,0.55416,0.0435866,0.52004,0.00481027,-0.701807,0.815455,-0.122309,nan,nan,nan,nan,-0.0216852,-0.096441,-0.0313885,nan,-0.256453,0,-0.286546,-0.602337,nan,-1.6022,-0.679068,-0.721091,1.21478,0.402909,-1.32218,-0.0252727,0.404545,-0.5
1538,-61.4175,889.25,-0.0692567,0.541667,0.125,0.123319,1.04442,0.316484,-0.00907873,1.83412,5.92593e-05,0.0124356,0.282165,13106.3,0.607214,0.330353,-0.4,0.2,126.683,1.88989e+07,0.526715,0.0522878,0.577376,0.00512801,-0.764445,0.88925,-0.154913,nan,nan,nan,nan,-0.0265648,-0.124339,-0.0399236,nan,-0.280135,-6.25e-05,-0.313,-0.655257,nan,-2.0157,-0.736799,-0.765187,1.30107,0.51825,-1.419,-0.033125,0.48125,-0.5
1539,-63.2009,813,-0.06603,0.416667,0.125,0.120175,1.03277,0.27514,-0.00879198,1.83118,5.92593e-05,0.00794401,0.282093,15448.9,0.54276,0.252636,-0.4,0.2,127.48,1.89112e+07,0.398552,0.041834,0.524524,0.00540327,-0.695328,0.813,-0.1642,nan,nan,nan,nan,-0.0290839,-0.132912,-0.0426299,nan,-0.255414,0,-0.286042,-0.618465,nan,-2.21084,-0.673652,-0.706615,1.16871,0.563385,-1.28831,-0.0383077,0.581731,-0.5
1540,-60.6896,952.375,-0.0662087,0.25,0.0833333,0.1201,1.03228,0.324716,-0.00933564,1.82757,5.92593e-05,0.0143871,0.282005,16526.2,0.494741,0.248807,-0.4,0.2,128.225,1.89235e+07,0.586972,0.0499573,0.62995,0.0047711,-0.814343,0.952375,-0.143125,nan,nan,nan,nan,-0.0241497,-0.115793,-0.037029,nan,-0.300787,0,-0.336017,-0.701112,nan,-1.88485,-0.783594,-0.74775,1.42361,0.481,-1.5545,-0.031,0.435937,-0.5
1541,-61.5411,848.5,-0.0661822,0.25,0.0833333,0.121166,1.02477,0.370626,-0.00885782,1.82332,5.92593e-05,0.0104972,0.281903,13008.6,0.58303,0.361579,-0.4,0.2,129.17,1.89358e+07,0.501827,0.0494652,0.55284,0.00601976,-0.718741,0.8485,-0.1613,nan,nan,nan,nan,-0.0258166,-0.120145,-0.0396505,nan,-0.266067,0,-0.297485,-0.629021,nan,-2.15398,-0.697128,-0.725625,1.25813,0.555,-1.3515,-0.03425,0.496875,-0.5
1542,-53.0586,715,-0.0717933,0.208333,0.208333,0.121204,1.04106,0.255584,-0.00938981,1.81933,5.92593e-05,0.011365,0.281829,12893.1,0.632901,0.320166,-0.4,0.2,130.125,1.89481e+07,0.406133,0.0332752,0.463163,0.00385665,-0.616796,0.715,-0.12196,nan,nan,nan,nan,-0.0244003,-0.116365,-0.0323914,nan,-0.226488,0,-0.249303,-0.537378,nan,-1.57566,-0.599769,-0.6171,1.0118,0.4068,-1.146,-0.0306,0.45125,-0.5
1543,-57.9224,842.091,-0.0680739,0.333333,0.125,0.117343,1.02406,0.245253,-0.00951641,1.81639,5.92593e-05,0.00833349,0.281762,13461.9,0.590777,0.322022,-0.4,0.2,131.04,1.89604e+07,0.474747,0.0494228,0.533045,0.0055522,-0.715599,0.842091,-0.141236,nan,nan,nan,nan,-0.0256756,-0.125286,-0.0372834,nan,-0.263802,0,-0.29791,-0.620826,nan,-1.86867,-0.693715,-0.714545,1.2427,0.476364,-1.35927,-0.0278182,0.507955,-0.5
1544,-59.5695,721.286,-0.0681924,0.166667,0.125,0.117859,1.03347,0.261774,-0.00931494,1.81328,5.92593e-05,0.011486,0.281687,12132.8,0.685169,0.327621,-0.4,0.2,132.054,1.89727e+07,0.361132,0.0449081,0.463547,0.00366012,-0.613363,0.721286,-0.1292,nan,nan,nan,nan,-0.0267908,-0.136739,-0.0343729,nan,-0.227924,0,-0.254421,-0.544039,nan,-1.92479,-0.598953,-0.601714,1.03016,0.416,-1.12057,-0.0277143,0.435714,-0.5
1545,-62.1171,857.857,-0.0650881,0.208333,0.0833333,0.114513,1.01594,0.267851,-0.0083372,1.8091,5.92593e-05,0.015175,0.281563,15757.9,0.528443,0.251354,-0.4,0.2,132.835,1.8985e+07,0.49398,0.0407045,0.551162,0.00557356,-0.734048,0.857857,-0.1586,nan,nan,nan,nan,-0.0281764,-0.132193,-0.0402959,nan,-0.270862,0,-0.302148,-0.640416,nan,-1.95689,-0.71807,-0.763286,1.24349,0.516,-1.38171,-0.0325714,0.4875,-0.5
1546,-58.7967,735,-0.0706412,0.0833333,0.0833333,0.120675,1.03624,0.271003,-0.00870676,1.8029,5.92593e-05,0.0161847,0.281417,15609.9,0.505165,0.282028,-0.4,0.2,133.624,1.89972e+07,0.364767,0.0350806,0.465943,0.00411664,-0.620169,0.735,-0.1406,nan,nan,nan,nan,-0.0252591,-0.119389,-0.0364952,nan,-0.229817,0,-0.261905,-0.55939,nan,-1.87793,-0.595033,-0.675,1.10574,0.51,-1.19,-0.0295,0.45,-0.5
1547,-55.1854,711.4,-0.0697676,0.208333,0.208333,0.117099,1.03378,0.280802,-0.00921158,1.79716,5.92593e-05,0.00852268,0.281316,12643.1,0.613087,0.358826,-0.4,0.2,134.597,1.90095e+07,0.40237,0.0334418,0.450823,0.00375164,-0.610085,0.7114,-0.13944,nan,nan,nan,nan,-0.0265481,-0.125034,-0.0360203,nan,-0.224147,0,-0.252959,-0.541215,nan,-1.83352,-0.589288,-0.5784,1.031,0.4552,-1.1564,-0.0292,0.545,-0.5
1548,-69.1961,940.556,-0.0655697,0.291667,0.0833333,0.118256,1.0392,0.377274,-0.00844757,1.79382,5.92593e-05,0.00959675,0.281261,12117.6,0.666015,0.348047,-0.4,0.2,135.613,1.90218e+07,0.521898,0.0498424,0.59443,0.00593485,-0.799729,0.940556,-0.146578,nan,nan,nan,nan,-0.0303768,-0.149581,-0.0406317,nan,-0.295341,0,-0.331162,-0.721759,nan,-2.20436,-0.779869,-0.835333,1.37254,0.52,-1.53067,-0.0315556,0.543056,-0.5
1549,-57.0191,862.615,-0.0678544,0.375,0.166667,0.119095,1.04474,0.297128,-0.00943251,1.79062,5.92593e-05,0.0110323,0.281148,12462.2,0.640885,0.345134,-0.4,0.2,136.601,1.90341e+07,0.541961,0.0455694,0.552118,0.00498699,-0.733607,0.862615,-0.142523,nan,nan,nan,nan,-0.0261785,-0.125645,-0.0373549,nan,-0.271911,0,-0.302855,-0.659436,nan,-1.82119,-0.72067,-0.713308,1.28121,0.471077,-1.38738,-0.0309231,0.516346,-0.5
1550,-59.5307,783.818,-0.071412,0.166667,0.291667,0.117884,1.03319,0.285254,-0.00880497,1.78553,5.92593e-05,0.014918,0.281048,11870.6,0.700504,0.33466,-0.4,0.2,137.638,1.90464e+07,0.491274,0.0409645,0.494391,0.00458879,-0.675749,0.783818,-0.127564,nan,nan,nan,nan,-0.0290188,-0.13185,-0.0355889,nan,-0.247635,0,-0.274397,-0.604117,nan,-1.77139,-0.664741,-0.705818,1.13093,0.455273,-1.27782,-0.0252727,0.511364,-0.5
1551,-72.3976,1000,-0.0656364,0.25,0,0.119169,1.04917,0.231847,-0.00928629,1.78103,5.92593e-05,0.0095236,0.280928,14293.8,0.596213,0.263458,-0.4,0.2,138.499,1.90587e+07,0.562789,0.051873,0.629724,0.00843507,-0.846718,1,-0.2024,nan,nan,nan,nan,-0.0313489,-0.15468,-0.0501604,nan,-0.31179,0,-0.348452,-0.750062,nan,-2.60629,-0.816757,-0.904,1.51187,0.625333,-1.61733,-0.047,0.677083,nan
1552,-58.2893,816.875,-0.067223,0.166667,0.166667,0.119212,1.03492,0.271403,-0.00943591,1.77613,5.92593e-05,0.0108367,0.280834,16233.3,0.512859,0.244104,-0.4,0.2,139.257,1.9071e+07,0.50001,0.041725,0.528148,0.00504002,-0.69203,0.816875,-0.14335,nan,nan,nan,nan,-0.0280241,-0.130304,-0.039672,nan,-0.253484,0,-0.293465,-0.602497,nan,-1.97222,-0.665106,-0.68475,1.19771,0.528,-1.3145,-0.02975,0.567187,-0.5
1553,-60.4969,853.6,-0.068155,0.25,0.166667,0.114844,1.04009,0.348617,-0.00906137,1.77245,5.92593e-05,0.0134588,0.280749,15503.7,0.546163,0.246423,-0.4,0.2,140.051,1.90833e+07,0.482105,0.04266,0.556072,0.00541078,-0.724881,0.8536,-0.1643,nan,nan,nan,nan,-0.0300553,-0.143491,-0.0430176,nan,-0.268074,0,-0.301376,-0.63714,nan,-2.07789,-0.701496,-0.7428,1.26178,0.5432,-1.3676,-0.0388,0.67125,-0.5
1554,-52.5634,1000,-0.062817,0.25,0,0.116145,1.0385,0.281943,-0.00949144,1.76807,5.92593e-05,0.0116382,0.280621,16481.5,0.497977,0.247588,-0.4,0.2,140.798,1.90956e+07,0.765206,0.0634894,0.657116,0.00464164,-0.839694,1,-0.1605,nan,nan,nan,nan,-0.0278896,-0.136985,-0.0406889,nan,-0.312256,0,-0.356279,-0.748187,nan,-1.91652,-0.816817,-0.8355,1.51411,0.527333,-1.64733,-0.036,0.714583,nan
1555,-59.6114,853.2,-0.0636742,0.458333,0.166667,0.113692,1.04423,0.272424,-0.00859654,1.76292,5.92593e-05,0.010417,0.280533,16142.3,0.516289,0.244942,-0.4,0.2,141.561,1.91078e+07,0.514335,0.0449786,0.552166,0.00466595,-0.721998,0.8532,-0.14468,nan,nan,nan,nan,-0.0293267,-0.142514,-0.0404089,nan,-0.268112,0,-0.304514,-0.654372,nan,-2.04552,-0.711824,-0.7172,1.25998,0.490667,-1.3896,-0.0313333,0.634167,-0.5
1556,-59.343,892.556,-0.0633579,0.333333,0.0416667,0.114832,1.02542,0.256825,-0.00835008,1.75967,5.92593e-05,0.00934531,0.280468,16154.6,0.508629,0.252022,-0.4,0.2,142.323,1.91201e+07,0.51531,0.0503929,0.581215,0.00478268,-0.760267,0.892556,-0.159111,nan,nan,nan,nan,-0.0253941,-0.12144,-0.0392915,nan,-0.279549,0,-0.318189,-0.64945,nan,-2.05022,-0.725342,-0.764667,1.31962,0.528,-1.40933,-0.0317778,0.530556,-0.5
1557,-57.6969,785.417,-0.0691034,0.291667,0.208333,0.116725,1.03446,0.258205,-0.00889809,1.75663,5.92593e-05,0.00831695,0.280394,15493,0.547875,0.245257,-0.4,0.2,143.117,1.91324e+07,0.420987,0.0416532,0.490076,0.00486276,-0.668061,0.785417,-0.1374,nan,nan,nan,nan,-0.0259543,-0.12123,-0.0348743,nan,-0.245208,0,-0.277796,-0.56412,nan,-1.8433,-0.643411,-0.68025,1.14659,0.463333,-1.25933,-0.0285,0.5,-0.5
1558,-63.0747,840.556,-0.0657944,0.25,0.125,0.115106,1.01838,0.349621,-0.00813271,1.75429,5.92593e-05,0.0105629,0.280372,15953.4,0.518672,0.251569,-0.4,0.2,143.889,1.91447e+07,0.465777,0.0471301,0.527912,0.0056212,-0.714585,0.840556,-0.140467,nan,nan,nan,nan,-0.0279452,-0.136912,-0.0396295,nan,-0.263977,0,-0.294149,-0.617144,nan,-1.95527,-0.697646,-0.754333,1.23055,0.483111,-1.38667,-0.034,0.475,-0.5
1559,-59.5351,795,-0.0694259,0.208333,0.208333,0.117767,1.05001,0.31011,-0.009622,1.75286,5.92593e-05,0.00904495,0.280318,16363.3,0.506246,0.244705,-0.4,0.2,144.641,1.9157e+07,0.409197,0.0453002,0.491908,0.00564195,-0.679559,0.795,-0.14266,nan,nan,nan,nan,-0.0286431,-0.132391,-0.038866,nan,-0.248966,0,-0.283221,-0.607696,nan,-1.92339,-0.658594,-0.6954,1.15834,0.5028,-1.2624,-0.0294,0.59625,-0.5
1560,-56.7832,837.538,-0.0661208,0.333333,0.208333,0.116162,1.04849,0.329936,-0.0103307,1.74934,5.92593e-05,0.0153474,0.280222,14900.9,0.528262,0.296384,-0.4,0.2,145.467,1.91693e+07,0.50594,0.0445706,0.534666,0.00445912,-0.704552,0.837538,-0.132415,nan,nan,nan,nan,-0.0240567,-0.115857,-0.0343019,nan,-0.26241,-7.69231e-05,-0.29669,-0.621813,nan,-2.00433,-0.679115,-0.693231,1.24626,0.460615,-1.32492,-0.0278462,0.486538,-0.5
1561,-56.7869,855.636,-0.0666088,0.208333,0.25,0.116218,1.0394,0.267353,-0.0090202,1.74454,5.92593e-05,0.00753833,0.280102,15815.9,0.524054,0.252884,-0.4,0.2,146.245,1.91816e+07,0.582631,0.0472616,0.541766,0.00504055,-0.727192,0.855636,-0.147709,nan,nan,nan,nan,-0.0269166,-0.117105,-0.0376607,nan,-0.267822,-9.09091e-05,-0.304458,-0.638168,nan,-1.71909,-0.698756,-0.728455,1.27356,0.499273,-1.39455,-0.032,0.468182,-0.5
1562,-65.6825,1000,-0.0600197,0.291667,0,0.116416,1.02315,0.273512,-0.00822029,1.73992,5.92593e-05,0.00940477,0.280017,16025.5,0.513396,0.253383,-0.4,0.2,147.013,1.91939e+07,0.588315,0.0513282,0.627564,0.006302,-0.842591,1,-0.161114,nan,nan,nan,nan,-0.0318498,-0.159008,-0.0443262,nan,-0.313891,0,-0.357312,-0.748065,nan,-2.43436,-0.814763,-0.81,1.47157,0.572571,-1.59543,-0.0337143,0.744643,nan
1563,-65.7675,931.778,-0.0651549,0.25,0.125,0.119985,1.00947,0.362421,-0.00875427,1.73594,5.92593e-05,0.0140925,0.279914,16296,0.505573,0.248477,-0.4,0.2,147.769,1.92061e+07,0.546918,0.048584,0.592625,0.00709312,-0.78533,0.931778,-0.182644,nan,nan,nan,nan,-0.0303656,-0.144488,-0.0453911,nan,-0.289144,0,-0.328939,-0.66237,nan,-2.26707,-0.749738,-0.818,1.41172,0.596,-1.484,-0.0397778,0.570833,-0.5
1564,-65.6011,906.125,-0.0630836,0.25,0.0833333,0.119113,1.03456,0.314603,-0.00859171,1.73156,5.92593e-05,0.0109148,0.27983,15892.5,0.516541,0.256656,-0.4,0.2,148.543,1.92184e+07,0.433952,0.0483281,0.561264,0.00656413,-0.765268,0.906125,-0.16875,nan,nan,nan,nan,-0.0312893,-0.15978,-0.0434774,nan,-0.284417,0,-0.315031,-0.674,nan,-2.21566,-0.749265,-0.7995,1.34052,0.56,-1.481,-0.04,0.715625,-0.5
1565,-56.6754,938.8,-0.0619598,0.375,0.0416667,0.117299,1.03028,0.257744,-0.00832482,1.7284,5.92593e-05,0.00852285,0.279763,16302.3,0.506115,0.247645,-0.4,0.2,149.298,1.92307e+07,0.581086,0.0553357,0.589299,0.00531241,-0.789355,0.9388,-0.14468,nan,nan,nan,nan,-0.0276278,-0.134055,-0.0383356,nan,-0.293253,0,-0.334908,-0.689144,nan,-1.91843,-0.767697,-0.7872,1.38129,0.5016,-1.5296,-0.0322,0.65,-0.5
1566,-58.1523,909.7,-0.0632694,0.375,0.0416667,0.117702,1.03506,0.245479,-0.00825496,1.72524,5.92593e-05,0.0155664,0.279676,16401.9,0.500521,0.248661,-0.4,0.2,150.049,1.9243e+07,0.552974,0.0486779,0.574469,0.00567187,-0.765416,0.9097,-0.14464,nan,nan,nan,nan,-0.0243648,-0.114723,-0.0373221,nan,-0.285019,-0.0001,-0.31768,-0.672238,nan,-1.93742,-0.748741,-0.7818,1.39621,0.4692,-1.4728,-0.031,0.51875,-0.5
1567,-63.8594,988.834,-0.0696315,7.375,0.166667,0.114423,0.999235,0.245534,-0.00901595,1.72133,5.92593e-05,0.00922818,0.279589,14220.2,0.616409,0.247712,-0.4,0.2,150.915,1.92553e+07,0.596697,0.0541434,0.623259,0.00613736,-0.832139,0.988834,-0.169081,nan,nan,nan,nan,-0.0290915,-0.141316,-0.0436674,nan,-0.308305,-6.07735e-05,-0.351624,-0.725405,nan,-2.21618,-0.805301,-0.851569,1.47539,0.56674,-1.58614,-0.0363536,0.603108,-0.5
1568,-55.5666,912.083,-0.0659501,0.416667,0.0833333,0.116387,1.00813,0.246807,-0.00872415,1.71649,5.92593e-05,0.0121954,0.279445,16237.5,0.502246,0.254521,-0.4,0.2,151.673,1.92676e+07,0.554374,0.0432307,0.59597,0.00373575,-0.769535,0.912083,-0.139917,nan,nan,nan,nan,-0.0267431,-0.131837,-0.0375575,nan,-0.284963,-0.000333333,-0.327426,-0.678592,nan,-1.83567,-0.743771,-0.7345,1.34395,0.482333,-1.44467,-0.0293333,0.554167,-0.5
1569,-65.1376,896.8,-0.0635349,0.125,0.0833333,0.11679,1.02015,0.222815,-0.00959539,1.70992,5.92593e-05,0.00865604,0.279309,16139,0.514674,0.246713,-0.4,0.2,152.435,1.92799e+07,0.548509,0.0486782,0.561218,0.00688334,-0.751208,0.8968,-0.18148,nan,nan,nan,nan,-0.0307583,-0.13927,-0.0457211,nan,-0.281021,0,-0.315938,-0.64913,nan,-2.29493,-0.731874,-0.7662,1.29036,0.6496,-1.4232,-0.0332,0.585,-0.5
1570,-54.9855,795.9,-0.0640786,0.291667,0.125,0.118173,1.02732,0.304786,-0.00775137,1.7051,5.92593e-05,0.010041,0.279223,16229.8,0.508526,0.248601,-0.4,0.2,153.194,1.92922e+07,0.464885,0.0408666,0.50229,0.00393027,-0.675729,0.7959,-0.12012,nan,nan,nan,nan,-0.024285,-0.110093,-0.0324153,nan,-0.249994,0,-0.283538,-0.5952,nan,-1.76652,-0.656171,-0.6789,1.16232,0.43,-1.2712,-0.0228,0.4875,-0.5
1571,-49.1368,544.5,-0.061526,0.0833333,0.0833333,0.11527,1.02774,0.227357,-0.0083939,1.70211,5.92593e-05,0.00938275,0.279186,16244.1,0.506397,0.250063,-0.4,0.2,153.951,1.93044e+07,0.263887,0.0209382,0.322716,0.00380582,-0.45939,0.5445,-0.103,nan,nan,nan,nan,-0.0183884,-0.0828325,-0.0255037,nan,-0.168774,0,-0.197562,-0.397751,nan,-1.4299,-0.438859,-0.4935,0.783401,0.308,-0.871,-0.027,0.259375,-0.5
1572,-61.3962,913.933,-0.0672054,0.458333,0.166667,0.117934,1.01747,0.3196,-0.00847247,1.70008,5.92593e-05,0.0163466,0.27911,16290.9,0.508067,0.246218,-0.4,0.2,154.707,1.93167e+07,0.524927,0.051351,0.57162,0.00619325,-0.766229,0.913933,-0.160013,nan,nan,nan,nan,-0.0262575,-0.12316,-0.0399469,nan,-0.282802,0,-0.325784,-0.648676,nan,-2.02228,-0.735271,-0.7944,1.36552,0.524533,-1.48667,-0.0330667,0.55,-0.5
1573,-43.545,587.833,-0.0644047,0.125,0.125,0.118592,1.00011,0.26367,-0.00901386,1.69555,5.92593e-05,0.0183158,0.278989,15858.1,0.508397,0.266475,-0.4,0.2,155.483,1.9329e+07,0.389419,0.0367811,0.362569,0.0032519,-0.500237,0.587833,-0.0987333,nan,nan,nan,nan,-0.0201391,-0.0953583,-0.0258424,nan,-0.184627,-0.000166667,-0.209803,-0.429691,nan,-1.33965,-0.483479,-0.5245,0.837373,0.328,-0.961333,-0.026,0.427083,-0.5
1574,-54.1815,704.25,-0.0662986,0.0416667,0.125,0.12069,1.02095,0.33753,-0.00794996,1.69112,5.92593e-05,0.0074757,0.278919,16399.2,0.501583,0.247722,-0.4,0.2,156.234,1.93413e+07,0.413901,0.0360831,0.408948,0.00563836,-0.593905,0.70425,-0.1347,nan,nan,nan,nan,-0.0253424,-0.118979,-0.0349744,nan,-0.219686,0,-0.248956,-0.518235,nan,-1.65346,-0.578516,-0.64275,1.01073,0.46,-1.138,-0.0255,0.559375,-0.5
1575,-44.5485,514,-0.067216,0.125,0.25,0.119002,1.01013,0.323018,-0.00928163,1.68916,5.92593e-05,0.0082385,0.278896,15648.6,0.506404,0.27884,-0.4,0.2,157.02,1.93536e+07,0.284499,0.0281941,0.312057,0.00266313,-0.43162,0.514,-0.0841111,nan,nan,nan,nan,-0.019411,-0.0929011,-0.023056,nan,-0.161116,0,-0.185743,-0.397933,nan,-1.29906,-0.423111,-0.447,0.726219,0.296889,-0.836444,-0.0182222,0.361111,-0.5
1576,-53.9458,1000,-0.0622334,0.291667,0,0.119595,1.02513,0.308301,-0.00917567,1.68697,8.88889e-05,0.00391531,0.2788,15868.2,0.53236,0.24202,-0.4,0.2,157.796,1.93659e+07,0.738576,0.0647173,0.629149,0.00519819,-0.834315,1,-0.155229,nan,nan,nan,nan,-0.0243396,-0.115939,-0.0378836,nan,-0.308701,0,-0.361008,-0.725025,nan,-1.74184,-0.794576,-0.837429,1.48657,0.517143,-1.60286,-0.0334286,0.433929,nan
1577,-41.2824,800.375,-0.0651237,0.25,0.0833333,0.117725,1.0312,0.305442,-0.00998601,1.68089,8.88889e-05,0.00983945,0.278635,16974.3,0.483631,0.240287,-0.4,0.2,158.521,1.93782e+07,0.629302,0.045013,0.510423,0.00279443,-0.661773,0.800375,-0.103625,nan,nan,nan,nan,-0.0228903,-0.116531,-0.02877,nan,-0.248109,0,-0.294292,-0.601395,nan,-1.53648,-0.647848,-0.670125,1.18288,0.358,-1.2775,-0.0225,0.571875,-0.5
1578,-56.6635,941.455,-0.0622587,0.375,0.0833333,0.115117,1.02388,0.268626,-0.0096615,1.67608,8.88889e-05,0.0189947,0.278589,16793,0.487729,0.244003,-0.4,0.2,159.254,1.93905e+07,0.617145,0.0507057,0.58568,0.0053515,-0.783605,0.941455,-0.152782,nan,nan,nan,nan,-0.0277425,-0.132598,-0.0418323,nan,-0.292377,0,-0.337337,-0.683959,nan,-1.9322,-0.760464,-0.798,1.4017,0.534545,-1.51527,-0.0309091,0.610227,-0.5
1579,-56.5028,783,-0.0652527,0.5,0.291667,0.114172,1.02134,0.373887,-0.00994145,1.6747,8.88889e-05,0.0109103,0.278572,16805.3,0.484733,0.246465,-0.4,0.2,159.987,1.94028e+07,0.442823,0.0416753,0.475625,0.00501266,-0.653819,0.783,-0.139916,nan,nan,nan,nan,-0.0258822,-0.120352,-0.0368597,nan,-0.24518,0,-0.278755,-0.575765,nan,-1.85708,-0.635863,-0.670895,1.15301,0.479789,-1.25432,-0.0317895,0.504605,-0.5
1580,-60.7876,952.733,-0.0609955,0.583333,0.0416667,0.115732,0.994825,0.34776,-0.0100165,1.67239,8.88889e-05,0.013234,0.278471,16779.3,0.491762,0.240568,-0.4,0.2,160.721,1.9415e+07,0.652097,0.0541564,0.592924,0.00557087,-0.800377,0.952733,-0.15348,nan,nan,nan,nan,-0.0288858,-0.138669,-0.0399504,nan,-0.296062,-0.0002,-0.343336,-0.673026,nan,-2.14841,-0.76507,-0.7946,1.4241,0.529067,-1.52613,-0.0326667,0.524167,-0.5
1581,-54.9536,830.917,-0.0639477,0.375,0.125,0.116999,1.02309,0.306396,-0.00898626,1.66666,8.88889e-05,0.0099566,0.278335,16566,0.491834,0.249925,-0.4,0.2,161.464,1.94273e+07,0.561115,0.0522408,0.520128,0.00428513,-0.689802,0.830917,-0.14705,nan,nan,nan,nan,-0.0276023,-0.134596,-0.0384711,nan,-0.258565,0,-0.300573,-0.610749,nan,-1.91432,-0.670069,-0.7235,1.21134,0.507667,-1.31567,-0.0273333,0.547917,-0.5
1582,-68.6767,1000,-0.062204,0.25,0,0.118658,1.02854,0.312942,-0.00867599,1.66176,8.88889e-05,0.0114321,0.278265,14144.9,0.509613,0.35911,-0.4,0.2,162.334,1.94396e+07,0.535668,0.0491058,0.623768,0.00719657,-0.828524,1,-0.192667,nan,nan,nan,nan,-0.0343403,-0.172929,-0.0514094,nan,-0.310776,0,-0.358483,-0.756993,nan,-2.56735,-0.810603,-0.904,1.47558,0.678667,-1.6,-0.0386667,0.822917,nan
1583,-51.198,749.273,-0.0657209,0.291667,0.166667,0.12126,1.01542,0.320311,-0.0102129,1.65847,8.88889e-05,0.0110442,0.278171,12105.3,0.635612,0.379477,-0.4,0.2,163.35,1.94519e+07,0.492918,0.0452905,0.458929,0.00484884,-0.625677,0.749273,-0.118127,nan,nan,nan,nan,-0.0225156,-0.102485,-0.0314424,nan,-0.233396,-9.09091e-05,-0.265737,-0.538985,nan,-1.61774,-0.606867,-0.645273,1.11004,0.408364,-1.23527,-0.028,0.423864,-0.5
1584,-58.4046,925.5,-0.0610096,0.291667,0.0416667,0.11578,1.01424,0.280441,-0.0098753,1.65181,8.88889e-05,0.0123186,0.277943,13416.2,0.600917,0.314992,-0.4,0.2,164.268,1.94642e+07,0.640917,0.0592622,0.5923,0.0050973,-0.7633,0.9255,-0.157225,nan,nan,nan,nan,-0.0296229,-0.148448,-0.0422315,nan,-0.284292,0,-0.3387,-0.66395,nan,-2.15602,-0.727235,-0.7845,1.39434,0.5445,-1.4815,-0.03325,0.590625,-0.5
1585,-55.4526,929.583,-0.0635868,0.375,0.125,0.117387,1.0172,0.37549,-0.00859604,1.64312,5.92593e-05,0.021647,0.277819,13345.9,0.581983,0.338747,-0.4,0.2,165.19,1.94765e+07,0.66203,0.0513923,0.58066,0.00379118,-0.771168,0.929583,-0.130167,nan,nan,nan,nan,-0.0285938,-0.144336,-0.03631,nan,-0.287395,0,-0.341226,-0.685776,nan,-1.86094,-0.744345,-0.79325,1.37438,0.476333,-1.508,-0.0286667,0.634375,-0.5
1586,-44.4226,668.769,-0.0654352,0.25,0.291667,0.117808,1.01047,0.319135,-0.00992661,1.64034,5.92593e-05,0.0120105,0.2778,13483.2,0.611576,0.299779,-0.4,0.2,166.103,1.94888e+07,0.449921,0.0389903,0.422388,0.00394999,-0.55243,0.668769,-0.107738,nan,nan,nan,nan,-0.0217063,-0.0935407,-0.028088,nan,-0.207119,0,-0.240289,-0.478563,nan,-1.36099,-0.537199,-0.573231,1.02232,0.368615,-1.084,-0.0198462,0.377885,-0.5
1587,-49.8611,912,-0.0612536,0.166667,0.0833333,0.117689,1.01661,0.277715,-0.00788864,1.63882,5.92593e-05,0.00849461,0.277738,13722.5,0.575027,0.320436,-0.4,0.2,167,1.95011e+07,0.66589,0.0488481,0.566203,0.00399753,-0.760008,0.912,-0.124033,nan,nan,nan,nan,-0.0270394,-0.130305,-0.0353954,nan,-0.284215,0,-0.327837,-0.68344,nan,-1.54337,-0.743145,-0.769,1.36896,0.451333,-1.486,-0.0256667,0.595833,-0.5
1588,-52.0725,836.2,-0.0600028,0.166667,0.0416667,0.118866,1.02501,0.261079,-0.00913059,1.63542,5.92593e-05,0.00966686,0.277661,13698.3,0.5689,0.328143,-0.4,0.2,167.898,1.95133e+07,0.658401,0.0474271,0.513948,0.00468819,-0.691778,0.8362,-0.14736,nan,nan,nan,nan,-0.0327791,-0.175752,-0.0427544,nan,-0.259378,0,-0.302147,-0.616591,nan,-2.00044,-0.668623,-0.7548,1.24681,0.544,-1.3248,-0.0304,0.6925,-0.5
1589,-65.5286,906.556,-0.061549,0.291667,0.0833333,0.117211,1.02136,0.297733,-0.00838817,1.63235,5.92593e-05,0.00658723,0.277613,13664.4,0.585475,0.313794,-0.4,0.2,168.799,1.95256e+07,0.504703,0.0445189,0.555024,0.00462129,-0.747013,0.906556,-0.1626,nan,nan,nan,nan,-0.0310497,-0.156212,-0.0438586,nan,-0.281538,0,-0.327501,-0.686317,nan,-2.22392,-0.727086,-0.791,1.36285,0.556889,-1.48444,-0.0337778,0.595833,-0.5
1590,-60.6493,926.273,-0.0626828,0.416667,0.0416667,0.117677,1.02105,0.279137,-0.00916141,1.62984,5.92593e-05,0.00977372,0.277542,13587.4,0.565717,0.338653,-0.4,0.2,169.705,1.95379e+07,0.590164,0.0516211,0.575433,0.00505052,-0.771044,0.926273,-0.171491,nan,nan,nan,nan,-0.0259708,-0.130817,-0.0413067,nan,-0.286309,0,-0.33487,-0.667592,nan,-2.14982,-0.731147,-0.789,1.36727,0.558909,-1.45273,-0.0369091,0.527273,-0.5
1591,-57.6973,856.083,-0.0603726,0.375,0.125,0.114929,1.01755,0.285764,-0.00939769,1.62612,5.92593e-05,0.0134493,0.277456,13802.7,0.568323,0.321938,-0.4,0.2,170.597,1.95502e+07,0.468211,0.0480308,0.517449,0.0048403,-0.713659,0.856083,-0.156683,nan,nan,nan,nan,-0.0260706,-0.123722,-0.0404072,nan,-0.265781,-8.33333e-05,-0.305654,-0.609788,nan,-2.09873,-0.683676,-0.7595,1.26505,0.515,-1.347,-0.037,0.558333,-0.5
1592,-55.7386,884.7,-0.0614527,0.333333,0.0833333,0.116002,1.02954,0.296524,-0.0090021,1.62297,5.92593e-05,0.0081132,0.277426,13911.6,0.55826,0.325031,-0.4,0.2,171.481,1.95625e+07,0.547602,0.0484803,0.559463,0.00389383,-0.733412,0.8847,-0.13522,nan,nan,nan,nan,-0.0252442,-0.125742,-0.0348845,nan,-0.27305,0,-0.323335,-0.630928,nan,-1.93184,-0.699653,-0.7446,1.32073,0.4468,-1.4272,-0.031,0.6175,-0.5
1593,-54.0983,847.154,-0.0645759,0.375,0.166667,0.115759,1.03636,0.25727,-0.00847913,1.62199,5.92593e-05,0.0127417,0.277388,15029.2,0.541614,0.275995,-0.4,0.2,172.3,1.95748e+07,0.51396,0.0445739,0.544051,0.00381252,-0.702918,0.847154,-0.135862,nan,nan,nan,nan,-0.0274865,-0.141171,-0.0378814,nan,-0.262937,0,-0.309362,-0.614166,nan,-1.83928,-0.677739,-0.684692,1.24203,0.485231,-1.34092,-0.0324615,0.575,-0.5
1594,-68.6423,875,-0.0603415,0.208333,0.125,0.112509,1.02048,0.248139,-0.00886336,1.6193,5.92593e-05,0.0127365,0.277304,16627.2,0.498389,0.24064,-0.4,0.2,173.041,1.95871e+07,0.475619,0.045445,0.53957,0.0058855,-0.728288,0.875,-0.167675,nan,nan,nan,nan,-0.0287489,-0.138314,-0.0415109,nan,-0.271064,0,-0.316217,-0.622736,nan,-2.35716,-0.699056,-0.75075,1.29444,0.5715,-1.4035,-0.038,0.510938,-0.5
1595,-53.1398,815.857,-0.0588448,0.208333,0.0833333,0.113208,1.00206,0.248584,-0.00954908,1.61431,5.92593e-05,0.0121634,0.277163,17164.2,0.480798,0.235112,-0.4,0.2,173.758,1.95994e+07,0.484498,0.0488357,0.510054,0.0030459,-0.671677,0.815857,-0.117686,nan,nan,nan,nan,-0.0234131,-0.118928,-0.0303587,nan,-0.250467,0,-0.301974,-0.597603,nan,-1.6337,-0.638994,-0.696,1.23017,0.419429,-1.31486,-0.0214286,0.391071,-0.5
1596,-59.64,866.364,-0.0610847,0.333333,0.125,0.112024,1.00641,0.309699,-0.0084372,1.60851,5.92593e-05,0.00771959,0.277065,17183.1,0.481377,0.233744,-0.4,0.2,174.475,1.96116e+07,0.555248,0.0470971,0.551898,0.00499001,-0.706096,0.866364,-0.154691,nan,nan,nan,nan,-0.0300565,-0.149986,-0.04171,nan,-0.267486,0,-0.316441,-0.632526,nan,-2.09302,-0.689606,-0.757364,1.28179,0.528727,-1.392,-0.036,0.585227,-0.5
1597,-56.0241,976.111,-0.0598657,0.333333,0.0416667,0.113519,1.01509,0.312112,-0.00806238,1.60395,5.92593e-05,0.0135095,0.276944,14896.6,0.481,0.343884,-0.4,0.2,175.301,1.96239e+07,0.614117,0.0590734,0.608753,0.00510777,-0.799814,0.976111,-0.151489,nan,nan,nan,nan,-0.0265222,-0.135115,-0.0394452,nan,-0.300751,0,-0.355287,-0.687766,nan,-1.89738,-0.771831,-0.835333,1.46715,0.523556,-1.54089,-0.0273333,0.569444,-0.5
1598,-64.8763,970.444,-0.0576243,0.333333,0.0416667,0.115671,1.01815,0.250229,-0.00870996,1.5977,5.92593e-05,0.0115131,0.276787,11329.8,0.63832,0.44625,-0.4,0.2,176.387,1.96362e+07,0.561226,0.0549007,0.587181,0.00534884,-0.805519,0.970444,-0.173378,nan,nan,nan,nan,-0.0356607,-0.177177,-0.0466189,nan,-0.301715,0,-0.349275,-0.730631,nan,-2.31769,-0.785597,-0.841,1.4134,0.6,-1.57067,-0.0444444,0.798611,-0.5
1599,-62.1458,977.75,-0.0598679,0.416667,0.0833333,0.115641,1.01247,0.307496,-0.00865732,1.59142,5.92593e-05,0.00839081,0.276685,13267.4,0.584707,0.341473,-0.4,0.2,177.315,1.96485e+07,0.596154,0.0581878,0.612466,0.00556432,-0.800452,0.97775,-0.176133,nan,nan,nan,nan,-0.0310241,-0.14974,-0.0445435,nan,-0.300036,0,-0.360197,-0.708798,nan,-2.31924,-0.772067,-0.82375,1.46806,0.596667,-1.57567,-0.0355,0.758333,-0.5
1600,-59.1489,877.455,-0.0618952,0.291667,0.166667,0.114677,0.995976,0.291884,-0.00862425,1.58799,5.92593e-05,0.0103282,0.276642,14233.7,0.566594,0.296712,-0.4,0.2,178.18,1.96608e+07,0.495585,0.0555554,0.540502,0.00508398,-0.71718,0.877455,-0.153618,nan,nan,nan,nan,-0.0285457,-0.139624,-0.0390537,nan,-0.270693,0,-0.319703,-0.641682,nan,-1.96847,-0.698196,-0.762,1.29546,0.523273,-1.39564,-0.0307273,0.596591,-0.5
1601,-69.614,980.9,-0.0585235,0.375,0.0416667,0.113085,0.993709,0.265141,-0.0088396,1.58489,5.92593e-05,0.00953309,0.276529,13211.2,0.570545,0.359577,-0.4,0.2,181,1.96731e+07,0.563229,0.0532652,0.613616,0.00607183,-0.803868,0.9809,-0.1817,nan,nan,nan,nan,-0.0319422,-0.157584,-0.0470827,nan,-0.302587,0,-0.357157,-0.702391,nan,-2.5044,-0.780825,-0.8412,1.46816,0.6072,-1.5808,-0.0416,0.61,-0.5
1602,-53.7799,986.75,-0.058617,0.458333,0.0416667,0.114297,1.01213,0.281762,-0.00954057,1.57911,5.92593e-05,0.0122909,0.276414,14176.9,0.604349,0.262411,-0.4,0.2,181.869,1.96854e+07,0.665934,0.054695,0.630826,0.00498963,-0.807399,0.98675,-0.15615,nan,nan,nan,nan,-0.0255769,-0.127021,-0.0381576,nan,-0.303061,0,-0.358426,-0.693046,nan,-1.91704,-0.773617,-0.7935,1.50101,0.514333,-1.57567,-0.032,0.594792,-0.5
1603,-54.4597,864.444,-0.0611976,0.25,0.125,0.115332,0.992061,0.23378,-0.00798764,1.57406,5.92593e-05,0.0140019,0.276296,13912.2,0.547698,0.335554,-0.4,0.2,182.753,1.96977e+07,0.603708,0.0499038,0.53867,0.00411631,-0.705553,0.864444,-0.151378,nan,nan,nan,nan,-0.0258136,-0.12506,-0.0382407,nan,-0.264186,0,-0.316339,-0.607684,nan,-1.89098,-0.672076,-0.704667,1.30087,0.518667,-1.37467,-0.0308889,0.470833,-0.5
1604,-56.5686,850.667,-0.0608907,0.291667,0.0833333,0.114655,0.998413,0.288135,-0.00813863,1.56969,5.92593e-05,0.0118498,0.276223,13171,0.571514,0.361444,-0.4,0.2,183.688,1.971e+07,0.455141,0.0444275,0.525142,0.00436047,-0.695889,0.850667,-0.143756,nan,nan,nan,nan,-0.0262962,-0.132504,-0.0372466,nan,-0.261793,0,-0.312731,-0.603836,nan,-2.18525,-0.669402,-0.736333,1.24578,0.498222,-1.37156,-0.0308889,0.623611,-0.5
1605,-53.6851,833.2,-0.0644061,0.25,0.166667,0.114929,1.00543,0.334198,-0.00840428,1.56709,5.92593e-05,0.00682359,0.276178,13434,0.581688,0.333004,-0.4,0.2,184.604,1.97222e+07,0.520919,0.0466469,0.537813,0.00351884,-0.686466,0.8332,-0.13896,nan,nan,nan,nan,-0.0274417,-0.132992,-0.0365372,nan,-0.257796,0,-0.30511,-0.616513,nan,-1.7904,-0.660301,-0.711,1.22621,0.4932,-1.3504,-0.0256,0.59375,-0.5
1606,-55.5197,868.154,-0.0614955,0.333333,0.208333,0.114503,1.00669,0.310345,-0.00874181,1.5649,5.92593e-05,0.0102895,0.276122,15112.2,0.541052,0.272068,-0.4,0.2,185.418,1.97345e+07,0.495612,0.0510966,0.546436,0.00434831,-0.708134,0.868154,-0.1338,nan,nan,nan,nan,-0.0248991,-0.121405,-0.0345668,nan,-0.266216,0,-0.315499,-0.62322,nan,-1.89851,-0.680807,-0.716308,1.29208,0.466462,-1.38615,-0.0270769,0.482692,-0.5
1607,-52.217,768.909,-0.0623283,0.291667,0.166667,0.115116,1.01814,0.340666,-0.00957112,1.56176,5.92593e-05,0.00802003,0.276036,13470.3,0.557836,0.35439,-0.4,0.2,186.332,1.97468e+07,0.457095,0.0424876,0.493079,0.00368627,-0.633771,0.768909,-0.120945,nan,nan,nan,nan,-0.0241468,-0.118808,-0.0314531,nan,-0.237135,0,-0.281204,-0.556905,nan,-1.72299,-0.610563,-0.651273,1.14481,0.426545,-1.23418,-0.0263636,0.484091,-0.5
1608,-60.0266,939.667,-0.0599632,0.25,0.125,0.114046,1.00814,0.299604,-0.00836662,1.55716,5.92593e-05,0.00651115,0.275928,12863.9,0.597758,0.357477,-0.4,0.2,187.289,1.97591e+07,0.59366,0.0673057,0.599289,0.00465208,-0.765117,0.939667,-0.171267,nan,nan,nan,nan,-0.029467,-0.146482,-0.0430654,nan,-0.288681,0,-0.34451,-0.679294,nan,-2.16007,-0.735441,-0.781333,1.4076,0.575556,-1.46622,-0.0364444,0.625,-0.5
1609,-58.2079,992.808,-0.064157,6.375,0.125,0.114023,0.981338,0.243934,-0.0100158,1.55216,5.92593e-05,0.0147174,0.275799,13385.4,0.587639,0.330373,-0.4,0.2,188.208,1.97714e+07,0.649689,0.0561423,0.631601,0.00479673,-0.810897,0.992808,-0.168509,nan,nan,nan,nan,-0.0287746,-0.144039,-0.0426664,nan,-0.30478,-1.92308e-05,-0.364721,-0.711844,nan,-2.13445,-0.775853,-0.833077,1.48921,0.575333,-1.57174,-0.0359872,0.627003,-0.5
1610,-64.2928,1000,-0.0599342,0.291667,0,0.118935,1.00545,0.251085,-0.00904611,1.5466,5.92593e-05,0.0120172,0.275692,14107.2,0.562534,0.308513,-0.4,0.2,189.081,1.97837e+07,0.527209,0.0548191,0.624747,0.00582184,-0.821953,1,-0.197743,nan,nan,nan,nan,-0.0334463,-0.163115,-0.0502807,nan,-0.309106,0,-0.362541,-0.685722,nan,-2.31657,-0.796739,-0.879857,1.48105,0.647429,-1.61314,-0.0451429,0.719643,nan
1611,-61.3194,853.714,-0.0653057,0.125,0.166667,0.118108,1.01153,0.334668,-0.00924096,1.54285,5.92593e-05,0.00786339,0.27564,13714.8,0.563586,0.332379,-0.4,0.2,189.979,1.9796e+07,0.482296,0.0558924,0.514513,0.00492515,-0.704932,0.853714,-0.157257,nan,nan,nan,nan,-0.0307393,-0.146973,-0.0418988,nan,-0.265742,0,-0.309891,-0.618507,nan,-2.04238,-0.690711,-0.747429,1.233,0.562286,-1.40686,-0.0342857,0.710714,-0.5
1612,-51.7768,816.8,-0.0664291,0.416667,0.208333,0.116691,1.00938,0.270125,-0.00862963,1.54042,5.92593e-05,0.00882322,0.275576,13611.2,0.576317,0.326472,-0.4,0.2,190.883,1.98083e+07,0.559775,0.053852,0.518908,0.00395941,-0.662953,0.8168,-0.13448,nan,nan,nan,nan,-0.023726,-0.116599,-0.0329823,nan,-0.24915,0,-0.300743,-0.583357,nan,-1.71987,-0.639227,-0.7114,1.23138,0.459467,-1.33787,-0.0281333,0.474167,-0.5
1613,-54.5592,809.5,-0.0619506,0.25,0.166667,0.115181,0.995004,0.254386,-0.00865683,1.53637,5.92593e-05,0.0134305,0.275444,13831.1,0.561767,0.326665,-0.4,0.2,191.773,1.98205e+07,0.520562,0.0447874,0.510598,0.00345754,-0.662895,0.8095,-0.14014,nan,nan,nan,nan,-0.0257384,-0.125667,-0.0356443,nan,-0.248785,0,-0.30001,-0.588577,nan,-1.79742,-0.63958,-0.6912,1.20254,0.4604,-1.2804,-0.03,0.48625,-0.5
1614,-52.9501,859.4,-0.0660783,0.291667,0.125,0.115696,1.0338,0.232108,-0.00779599,1.52905,5.92593e-05,0.0112596,0.275258,15014.2,0.544261,0.274164,-0.4,0.2,192.592,1.98328e+07,0.538755,0.0518821,0.531743,0.00376334,-0.704714,0.8594,-0.14258,nan,nan,nan,nan,-0.0257948,-0.122488,-0.0378338,nan,-0.265657,0,-0.31708,-0.646849,nan,-2.01851,-0.67791,-0.7242,1.27837,0.514,-1.3804,-0.032,0.61875,-0.5
1615,-53.9468,833.8,-0.0632711,0.166667,0.0416667,0.116197,1.01756,0.310877,-0.00900253,1.52249,5.92593e-05,0.00870668,0.275186,12774.3,0.57363,0.388302,-0.4,0.2,193.556,1.98451e+07,0.557673,0.046598,0.533867,0.00321794,-0.680432,0.8338,-0.1516,nan,nan,nan,nan,-0.0291322,-0.135852,-0.0394595,nan,-0.256199,0,-0.309863,-0.620956,nan,-2.02369,-0.655043,-0.7104,1.26843,0.5272,-1.336,-0.032,0.6125,-0.5
1616,-48.9214,677.6,-0.062012,0.0833333,0.125,0.116215,1.0226,0.388212,-0.00910107,1.52043,5.92593e-05,0.0154221,0.27515,11890.4,0.618666,0.41477,-0.4,0.2,194.591,1.98574e+07,0.465228,0.0413209,0.413822,0.00353777,-0.566369,0.6776,-0.12556,nan,nan,nan,nan,-0.0233735,-0.104834,-0.0313596,nan,-0.210124,0,-0.244474,-0.486854,nan,-1.5055,-0.541214,-0.6228,0.992483,0.396,-1.0456,-0.028,0.4,-0.5
1617,-46.3716,655.75,-0.0697615,0.333333,0.333333,0.117858,1.0136,0.274285,-0.00878625,1.51797,5.92593e-05,0.00965058,0.275081,13566.5,0.573549,0.332209,-0.4,0.2,195.499,1.98697e+07,0.413134,0.0366397,0.414114,0.00309313,-0.534495,0.65575,-0.12465,nan,nan,nan,nan,-0.023491,-0.108273,-0.0316193,nan,-0.201361,0,-0.243113,-0.470595,nan,-1.56171,-0.512229,-0.551438,0.965573,0.413,-1.047,-0.031,0.471094,-0.5
1618,-64.639,1000,-0.0637491,0.291667,0,0.118271,1.00465,0.324031,-0.00803126,1.51433,5.92593e-05,0.00901243,0.274979,14564.4,0.536358,0.307342,-0.4,0.2,196.344,1.9882e+07,0.511497,0.0607568,0.617863,0.00508966,-0.81907,1,-0.170229,nan,nan,nan,nan,-0.0281437,-0.14317,-0.0443803,nan,-0.306847,0,-0.361166,-0.715361,nan,-2.27143,-0.78862,-0.861,1.51175,0.586286,-1.58343,-0.0377143,0.605357,nan
1619,-53.1279,814.889,-0.0614689,0.291667,0.0833333,0.114704,1.00258,0.347388,-0.00794025,1.51018,5.92593e-05,0.00696032,0.274912,13897.5,0.554839,0.329349,-0.4,0.2,197.229,1.98943e+07,0.492755,0.0473372,0.507063,0.00412555,-0.671396,0.814889,-0.153067,nan,nan,nan,nan,-0.0263112,-0.130097,-0.0375415,nan,-0.250788,0,-0.301463,-0.584962,nan,-1.91813,-0.637408,-0.676,1.21104,0.534667,-1.27556,-0.0277778,0.533333,-0.5
1620,-51.6528,900.818,-0.0596058,0.375,0.0833333,0.115655,1.00258,0.32324,-0.00743198,1.5079,5.92593e-05,0.00622957,0.274879,13542.7,0.575752,0.331598,-0.4,0.2,198.138,1.99066e+07,0.66273,0.0544029,0.568177,0.00389273,-0.737878,0.900818,-0.164127,nan,nan,nan,nan,-0.0253716,-0.127415,-0.0399436,nan,-0.276103,0,-0.331667,-0.649984,nan,-1.86994,-0.695431,-0.772364,1.32775,0.550545,-1.41382,-0.0332727,0.577273,-0.5
1621,-54.546,947.8,-0.0611164,0.583333,0.0416667,0.116266,0.990751,0.245543,-0.00985632,1.50619,5.92593e-05,0.00904123,0.274845,13434.6,0.597245,0.317409,-0.4,0.2,199.054,1.99188e+07,0.632852,0.0567133,0.601225,0.00440005,-0.777317,0.9478,-0.157547,nan,nan,nan,nan,-0.0247617,-0.123837,-0.0385311,nan,-0.290535,0,-0.347403,-0.677392,nan,-2.00409,-0.739649,-0.802,1.4256,0.5248,-1.5,-0.0370667,0.499167,-0.5
1622,-52.7247,772.294,-0.0633985,0.458333,0.25,0.116268,0.995844,0.268555,-0.00878304,1.50444,5.92593e-05,0.0135101,0.274802,13666.9,0.565839,0.333265,-0.4,0.2,199.955,1.99311e+07,0.455114,0.0439613,0.484929,0.00443778,-0.626426,0.772294,-0.142353,nan,nan,nan,nan,-0.0253031,-0.122303,-0.0373565,nan,-0.236971,0,-0.283687,-0.548924,nan,-1.85472,-0.604619,-0.657706,1.15063,0.492235,-1.22118,-0.0297647,0.527941,-0.5
1623,-43.4905,764.889,-0.0636147,0.25,0.125,0.116548,1.00534,0.317281,-0.00856875,1.50201,5.92593e-05,0.0138833,0.274741,13624.1,0.572081,0.32985,-0.4,0.2,200.859,1.99434e+07,0.525513,0.0472542,0.47259,0.003612,-0.621463,0.764889,-0.116578,nan,nan,nan,nan,-0.0213995,-0.098576,-0.0294615,nan,-0.235435,0,-0.280296,-0.544575,nan,-1.42851,-0.598278,-0.637667,1.14585,0.413778,-1.212,-0.0237778,0.466667,-0.5
1624,-44.3732,743.6,-0.060209,0.125,0.0833333,0.116069,1.00088,0.254611,-0.00895515,1.49893,5.92593e-05,0.0106888,0.274669,13904.2,0.568853,0.314911,-0.4,0.2,201.744,1.99557e+07,0.589409,0.0408613,0.484073,0.00263686,-0.602097,0.7436,-0.11016,nan,nan,nan,nan,-0.0161495,-0.080344,-0.0263843,nan,-0.227043,0,-0.27577,-0.543481,nan,-1.61552,-0.577807,-0.6408,1.10771,0.3304,-1.1872,-0.0252,0.2875,-0.5
1625,-60.8028,953.846,-0.0585098,0.5,0.0416667,0.113222,1.00119,0.323606,-0.00897238,1.49544,5.92593e-05,0.00590507,0.274585,15861.1,0.533091,0.241636,-0.4,0.2,202.52,1.9968e+07,0.636773,0.0528397,0.599777,0.00567202,-0.77621,0.953846,-0.187677,nan,nan,nan,nan,-0.0283775,-0.139091,-0.0444737,nan,-0.290421,0,-0.350789,-0.670726,nan,-2.33128,-0.73219,-0.794769,1.44792,0.620308,-1.49877,-0.0423077,0.568269,-0.5
1626,-53.2952,926.625,-0.0564393,0.291667,0.0416667,0.114593,1.00859,0.277243,-0.00747004,1.49118,5.92593e-05,0.0124321,0.274475,13632.9,0.541601,0.359751,-0.4,0.2,203.423,1.99803e+07,0.64848,0.0534493,0.581759,0.00503888,-0.756487,0.926625,-0.159075,nan,nan,nan,nan,-0.0276173,-0.138778,-0.0409741,nan,-0.284689,0,-0.339507,-0.669226,nan,-1.92311,-0.724932,-0.7935,1.37315,0.543,-1.4725,-0.0315,0.628125,-0.5
1627,-52.4968,802.917,-0.058799,0.375,0.125,0.113767,1.01274,0.261703,-0.00941791,1.48582,5.92593e-05,0.0179466,0.274345,13136.4,0.590541,0.344873,-0.4,0.2,204.36,1.99926e+07,0.470429,0.0466153,0.506387,0.00430133,-0.651693,0.802917,-0.147283,nan,nan,nan,nan,-0.0244831,-0.11754,-0.0367912,nan,-0.245025,0,-0.297899,-0.567426,nan,-1.89039,-0.622066,-0.63675,1.21681,0.495333,-1.26667,-0.0313333,0.492708,-0.5
1628,-52.9593,850.643,-0.0617176,0.375,0.208333,0.116729,0.994924,0.292626,-0.0102039,1.48031,5.92593e-05,0.0131688,0.274258,13752.5,0.561346,0.332166,-0.4,0.2,205.255,2.00049e+07,0.533961,0.0486877,0.535453,0.00371609,-0.688203,0.850643,-0.137171,nan,nan,nan,nan,-0.0275601,-0.134479,-0.036436,nan,-0.261247,0,-0.313777,-0.628036,nan,-1.71127,-0.672778,-0.716143,1.24817,0.468571,-1.33914,-0.0262857,0.533929,-0.5
1629,-51.7792,683.5,-0.058455,0.125,0.125,0.112928,0.978409,0.277859,-0.00887415,1.47723,5.92593e-05,0.0104665,0.274207,14461.9,0.568787,0.280894,-0.4,0.2,206.106,2.00172e+07,0.411259,0.0363452,0.435352,0.00257545,-0.548706,0.6835,-0.1273,nan,nan,nan,nan,-0.0227193,-0.111959,-0.0320152,nan,-0.208437,0,-0.261472,-0.486847,nan,-1.72683,-0.519839,-0.57,0.999299,0.436,-1.04667,-0.0263333,0.345833,-0.5
1630,-53.0964,875.4,-0.0585734,0.291667,0.125,0.114776,0.985693,0.349091,-0.00791584,1.47471,5.92593e-05,0.0124731,0.27416,15540.8,0.544805,0.245888,-0.4,0.2,206.898,2.00294e+07,0.588904,0.0482074,0.558731,0.00328331,-0.713683,0.8754,-0.13708,nan,nan,nan,nan,-0.0221884,-0.11028,-0.0325218,nan,-0.26836,0,-0.323798,-0.632088,nan,-1.64453,-0.675489,-0.75,1.32052,0.4356,-1.3836,-0.0306,0.38875,-0.5
1631,-62.7266,904.5,-0.0592802,0.166667,0.0833333,0.115377,1.00793,0.31941,-0.00892089,1.47262,5.92593e-05,0.0105326,0.274105,16920.2,0.489923,0.236311,-0.4,0.2,207.625,2.00417e+07,0.523316,0.0570246,0.565777,0.00417404,-0.724833,0.9045,-0.140567,nan,nan,nan,nan,-0.0274958,-0.124737,-0.0374383,nan,-0.276682,0,-0.339489,-0.636559,nan,-2.14149,-0.695889,-0.7395,1.34664,0.510667,-1.44,-0.03,0.472917,-0.5
1632,-56.1601,946.688,-0.0580816,0.541667,0.125,0.113448,0.99193,0.336649,-0.00849559,1.4698,5.92593e-05,0.010507,0.274048,16395.9,0.493135,0.25632,-0.4,0.2,208.376,2.0054e+07,0.620615,0.0557844,0.587367,0.00481692,-0.769935,0.946687,-0.160525,nan,nan,nan,nan,-0.027042,-0.132998,-0.0407353,nan,-0.289501,0,-0.350273,-0.657531,nan,-2.00842,-0.731457,-0.787125,1.43051,0.536,-1.4815,-0.037125,0.578125,-0.5
1633,-55.037,901.188,-0.0624274,0.5,0.166667,0.117834,0.997495,0.263302,-0.0085289,1.46758,5.92593e-05,0.00868357,0.274018,12668.4,0.605983,0.363989,-0.4,0.2,209.347,2.00663e+07,0.533014,0.0560066,0.558413,0.0038003,-0.729134,0.901187,-0.15485,nan,nan,nan,nan,-0.0261709,-0.126432,-0.0388009,nan,-0.27348,0,-0.339595,-0.642254,nan,-1.86441,-0.6876,-0.753375,1.35224,0.50475,-1.3905,-0.037,0.527344,-0.5
1634,-47.1996,670.538,-0.0624123,0.25,0.291667,0.115531,0.993427,0.358705,-0.00941338,1.46554,5.92593e-05,0.00944094,0.273945,13506.9,0.58175,0.328006,-0.4,0.2,210.259,2.00786e+07,0.399912,0.0404771,0.406291,0.00345004,-0.54402,0.670538,-0.113846,nan,nan,nan,nan,-0.0189166,-0.08144,-0.027242,nan,-0.205144,0,-0.247615,-0.458277,nan,-1.4381,-0.520503,-0.562615,1.00172,0.364923,-1.06462,-0.0255385,0.329808,-0.5
1635,-49.3512,702.471,-0.0643607,0.291667,0.416667,0.114012,0.98983,0.333877,-0.00884496,1.46153,5.92593e-05,0.00931104,0.273829,13836.3,0.566254,0.321847,-0.4,0.2,211.148,2.00909e+07,0.426893,0.0460235,0.436493,0.00378327,-0.566607,0.702471,-0.115353,nan,nan,nan,nan,-0.0208875,-0.0933402,-0.0290946,nan,-0.214492,0,-0.260176,-0.482333,nan,-1.54681,-0.543338,-0.586059,1.04123,0.390353,-1.12729,-0.0268235,0.391912,-0.5
1636,-56.2356,918.1,-0.0539982,0.375,0.0416667,0.111219,0.966684,0.306019,-0.00785961,1.45613,5.92593e-05,0.00824385,0.273712,15875.6,0.537818,0.236201,-0.4,0.2,211.923,2.01032e+07,0.603307,0.0549588,0.568338,0.00463884,-0.748138,0.9181,-0.17228,nan,nan,nan,nan,-0.0280797,-0.133646,-0.0418692,nan,-0.282069,-0.0001,-0.337905,-0.652318,nan,-2.07901,-0.704448,-0.7581,1.37489,0.5732,-1.4212,-0.0388,0.53875,-0.5
1637,-67.1746,1000,-0.0534463,0.25,0,0.113609,0.96856,0.290777,-0.00910049,1.45127,5.92593e-05,0.00952345,0.273612,16944.2,0.486527,0.238677,-0.4,0.2,212.65,2.01155e+07,0.558912,0.0581708,0.595361,0.0060376,-0.808907,1,-0.187567,nan,nan,nan,nan,-0.0314353,-0.151987,-0.0493783,nan,-0.306663,0,-0.368028,-0.719188,nan,-2.41163,-0.781025,-0.879,1.5001,0.645333,-1.59667,-0.0353333,0.604167,nan
1638,-57.9495,976.385,-0.0560462,0.5,0.0416667,0.113638,0.987737,0.306888,-0.00758375,1.44737,5.92593e-05,0.0101951,0.273552,14323,0.492293,0.365626,-0.4,0.2,213.509,2.01277e+07,0.609062,0.0609705,0.608566,0.00441423,-0.79054,0.976385,-0.164108,nan,nan,nan,nan,-0.026618,-0.133526,-0.040483,nan,-0.297419,0,-0.367549,-0.661078,nan,-2.26906,-0.741637,-0.797308,1.48053,0.542769,-1.53292,-0.0363077,0.542308,-0.5
1639,-61.2752,1000,-0.0554663,0.333333,0,0.114205,0.988056,0.309031,-0.00763619,1.4446,5.92593e-05,0.00610974,0.27349,13184.4,0.591548,0.34046,-0.4,0.2,214.443,2.014e+07,0.590294,0.0568417,0.637745,0.0045217,-0.810335,1,-0.169175,nan,nan,nan,nan,-0.0292037,-0.143765,-0.0428417,nan,-0.307252,0,-0.372817,-0.690899,nan,-2.30985,-0.775349,-0.816,1.48338,0.589,-1.567,-0.0395,0.648438,nan
1640,-58.9159,943.077,-0.0568809,0.458333,0.0833333,0.112609,0.996365,0.300565,-0.00810903,1.44172,5.92593e-05,0.00749162,0.273429,13154.7,0.600969,0.333149,-0.4,0.2,215.378,2.01523e+07,0.606229,0.0544065,0.580789,0.00578896,-0.767165,0.943077,-0.190077,nan,nan,nan,nan,-0.0269665,-0.128048,-0.0432265,nan,-0.286878,0,-0.345563,-0.657294,nan,-2.19998,-0.725735,-0.782308,1.44496,0.581538,-1.48062,-0.0412308,0.589423,-0.5
1641,-52.1442,868,-0.0605255,0.25,0.208333,0.112031,0.977629,0.244805,-0.00917324,1.43938,5.92593e-05,0.0104639,0.273406,14718.5,0.565489,0.269378,-0.4,0.2,216.215,2.01646e+07,0.61874,0.0528267,0.536433,0.00372537,-0.704127,0.868,-0.141818,nan,nan,nan,nan,-0.0216097,-0.106018,-0.033627,nan,-0.264189,-0.000272727,-0.325181,-0.599458,nan,-1.70729,-0.660225,-0.684273,1.32824,0.458182,-1.36109,-0.0323636,0.395455,-0.5
1642,-48.1521,828.727,-0.0573879,0.333333,0.125,0.115233,0.991669,0.319244,-0.00947998,1.43847,5.92593e-05,0.0134512,0.273392,16536.8,0.505196,0.237874,-0.4,0.2,216.959,2.01769e+07,0.572915,0.0505281,0.518719,0.00386726,-0.66969,0.828727,-0.142909,nan,nan,nan,nan,-0.0245269,-0.11557,-0.0354447,nan,-0.252081,0,-0.312099,-0.577215,nan,-1.76968,-0.626471,-0.674182,1.25556,0.495636,-1.28982,-0.0290909,0.521591,-0.5
1643,-46.8915,874.769,-0.0595737,0.333333,0.208333,0.115509,0.988147,0.263716,-0.00901451,1.43757,5.92593e-05,0.0122367,0.273365,15847.6,0.521667,0.253721,-0.4,0.2,217.736,2.01892e+07,0.617135,0.0537129,0.54028,0.00319302,-0.701124,0.874769,-0.124108,nan,nan,nan,nan,-0.0228493,-0.108702,-0.0316642,nan,-0.266079,-7.69231e-05,-0.326989,-0.62128,nan,-1.47491,-0.666458,-0.707538,1.30992,0.419077,-1.37569,-0.0246154,0.481731,-0.5
1644,-55.4273,797.357,-0.0618471,0.416667,0.166667,0.113678,0.985331,0.290985,-0.00903823,1.43516,5.92593e-05,0.0122965,0.273269,13796.6,0.532255,0.358398,-0.4,0.2,218.628,2.02015e+07,0.436009,0.0464221,0.462056,0.00425292,-0.652029,0.797357,-0.156114,nan,nan,nan,nan,-0.025714,-0.123454,-0.0372762,nan,-0.24312,0,-0.295593,-0.565209,nan,-1.91563,-0.61164,-0.694714,1.18553,0.497714,-1.24857,-0.037,0.548214,-0.5
1645,-59.8442,877.462,-0.0630528,0.333333,0.208333,0.117414,0.995358,0.336083,-0.00848489,1.4306,5.92593e-05,0.0100812,0.273172,13118.5,0.589283,0.347409,-0.4,0.2,219.567,2.02138e+07,0.53046,0.0527847,0.520924,0.00487735,-0.706339,0.877462,-0.171185,nan,nan,nan,nan,-0.0286641,-0.133172,-0.0417917,nan,-0.268422,0,-0.320921,-0.62891,nan,-2.12005,-0.682505,-0.759462,1.32424,0.572923,-1.40862,-0.0366154,0.623077,-0.5
1646,-45.3319,814.375,-0.0600083,0.208333,0.125,0.117572,0.988091,0.298467,-0.00964479,1.42738,5.92593e-05,0.0152339,0.27314,12806.2,0.613151,0.346383,-0.4,0.2,220.527,2.0226e+07,0.594359,0.0564164,0.503891,0.00348061,-0.653566,0.814375,-0.12775,nan,nan,nan,nan,-0.0222026,-0.100646,-0.0310562,nan,-0.247442,0,-0.302125,-0.561125,nan,-1.4837,-0.620553,-0.677625,1.2283,0.445,-1.274,-0.02625,0.403125,-0.5
1647,-50.4692,753.923,-0.0624397,0.25,0.291667,0.115141,0.981912,0.267325,-0.00902047,1.4261,5.92593e-05,0.0135962,0.273094,15538,0.535776,0.255058,-0.4,0.2,221.32,2.02383e+07,0.438372,0.0448806,0.456877,0.00305438,-0.606349,0.753923,-0.117815,nan,nan,nan,nan,-0.0214028,-0.099448,-0.0296915,nan,-0.230402,0,-0.27928,-0.532123,nan,-1.58609,-0.578721,-0.647077,1.1204,0.397231,-1.17969,-0.0272308,0.466346,-0.5
1648,-56.4433,943.533,-0.0592023,0.583333,0.0416667,0.117,0.964985,0.29084,-0.00874561,1.42328,5.92593e-05,0.0138666,0.273019,16902.8,0.486659,0.240319,-0.4,0.2,222.048,2.02506e+07,0.587691,0.0547029,0.572794,0.00425742,-0.761392,0.943533,-0.165907,nan,nan,nan,nan,-0.0280011,-0.140853,-0.0409527,nan,-0.287035,0,-0.353345,-0.664204,nan,-2.05002,-0.720302,-0.8142,1.38793,0.565867,-1.4592,-0.0352,0.615,-0.5
1649,-49.5639,794.5,-0.0634039,0.25,0.166667,0.116568,0.987366,0.294168,-0.00916337,1.42038,5.92593e-05,0.00925863,0.272992,16755.3,0.492392,0.240986,-0.4,0.2,222.783,2.02629e+07,0.501293,0.0459674,0.498267,0.00284536,-0.641956,0.7945,-0.1375,nan,nan,nan,nan,-0.0251587,-0.127962,-0.0334977,nan,-0.242856,0,-0.296123,-0.570503,nan,-1.6008,-0.608719,-0.6723,1.14096,0.4632,-1.2196,-0.027,0.47875,-0.5
1650,-57.4036,999.883,-0.0587481,4.95833,0.0416667,0.115861,0.98178,0.2601,-0.00897528,1.41963,5.92593e-05,0.0115357,0.272975,16411.7,0.504128,0.244607,-0.4,0.2,223.533,2.02752e+07,0.641474,0.0621672,0.615963,0.00469884,-0.803728,0.999883,-0.171683,nan,nan,nan,nan,-0.0281348,-0.13912,-0.042256,nan,-0.303742,0,-0.372449,-0.68904,nan,-2.09832,-0.762729,-0.822575,1.50472,0.580067,-1.56293,-0.03755,0.559271,-0.5
1651,-59.5739,964.167,-0.0619699,0.458333,0.0416667,0.112548,0.966166,0.270263,-0.00882744,1.41806,5.92593e-05,0.0151279,0.272934,16307.7,0.495701,0.25781,-0.4,0.2,224.288,2.02875e+07,0.600079,0.0571511,0.609418,0.00434743,-0.776879,0.964167,-0.17335,nan,nan,nan,nan,-0.0289339,-0.143767,-0.0436477,nan,-0.293988,0,-0.360854,-0.664633,nan,-2.24938,-0.73974,-0.80625,1.4374,0.595333,-1.502,-0.034,0.6125,-0.5
1652,-48.7638,812.818,-0.0640813,0.25,0.208333,0.114748,0.992005,0.201575,-0.00947104,1.41517,5.92593e-05,0.00871232,0.272835,16653.8,0.486706,0.251143,-0.4,0.2,225.027,2.02998e+07,0.525383,0.0501958,0.508682,0.00341176,-0.64764,0.812818,-0.144073,nan,nan,nan,nan,-0.0261172,-0.12205,-0.0364743,nan,-0.247878,0,-0.304058,-0.557489,nan,-1.79005,-0.626804,-0.615273,1.21913,0.484,-1.25527,-0.03,0.588636,-0.5
1653,-53.1865,938.375,-0.0564216,0.291667,0.0416667,0.114061,0.981068,0.298444,-0.0079816,1.41044,5.92593e-05,0.0131867,0.272745,16812.3,0.488224,0.242668,-0.4,0.2,225.759,2.03121e+07,0.615595,0.05657,0.565358,0.00461728,-0.741159,0.938375,-0.169375,nan,nan,nan,nan,-0.0276558,-0.133204,-0.0410385,nan,-0.283943,0,-0.349522,-0.64544,nan,-2.04081,-0.705947,-0.73875,1.41063,0.5715,-1.44,-0.0395,0.596875,-0.5
1654,-47.1946,673.077,-0.0639684,0.25,0.291667,0.113417,0.992278,0.274172,-0.00875203,1.40711,5.92593e-05,0.0112235,0.272695,16888.5,0.487676,0.23992,-0.4,0.2,226.488,2.03244e+07,0.416392,0.0425176,0.39743,0.00430396,-0.542663,0.673077,-0.142523,nan,nan,nan,nan,-0.0253791,-0.116259,-0.0356535,nan,-0.206619,0,-0.244516,-0.471504,nan,-1.65384,-0.523128,-0.568615,1.0157,0.487077,-1.05138,-0.0295385,0.484615,-0.5
1655,-46.4336,762.75,-0.0602633,0.291667,0.208333,0.116442,0.990449,0.317524,-0.00926522,1.40576,5.92593e-05,0.00829648,0.272696,16813.7,0.486368,0.244464,-0.4,0.2,227.22,2.03366e+07,0.526481,0.0469727,0.477056,0.00295955,-0.611084,0.76275,-0.113583,nan,nan,nan,nan,-0.0204723,-0.0963096,-0.0281861,nan,-0.230238,0,-0.291898,-0.531252,nan,-1.48396,-0.572127,-0.58025,1.13526,0.387,-1.19433,-0.0241667,0.326042,-0.5
1656,-47.0234,761,-0.0614347,0.333333,0.125,0.11686,0.996219,0.333072,-0.00846431,1.4051,5.92593e-05,0.0105206,0.272655,16131.8,0.487559,0.274164,-0.4,0.2,227.983,2.03489e+07,0.468998,0.0498476,0.455289,0.00377636,-0.605116,0.761,-0.1432,nan,nan,nan,nan,-0.0247126,-0.12248,-0.0358432,nan,-0.231518,0,-0.284309,-0.535008,nan,-1.71613,-0.578544,-0.604364,1.14005,0.468727,-1.18727,-0.0349091,0.540909,-0.5
1657,-50.1686,708.222,-0.0590504,0.166667,0.208333,0.114856,0.988015,0.300668,-0.00895923,1.40243,5.92593e-05,0.0143666,0.272597,16254.6,0.484526,0.271446,-0.4,0.2,228.741,2.03612e+07,0.432724,0.0430658,0.436451,0.00354912,-0.568068,0.708222,-0.132022,nan,nan,nan,nan,-0.0241394,-0.114313,-0.032296,nan,-0.215622,0,-0.263336,-0.482501,nan,-1.74154,-0.542711,-0.59,1.024,0.468444,-1.11733,-0.026,0.502778,-0.5
1658,-43.332,742.25,-0.0621814,0.375,0.291667,0.115984,0.992999,0.299987,-0.00900747,1.39912,5.92593e-05,0.0141132,0.272508,16679.7,0.494061,0.242644,-0.4,0.2,229.479,2.03735e+07,0.536463,0.0481273,0.463792,0.00336438,-0.593118,0.74225,-0.122813,nan,nan,nan,nan,-0.0210154,-0.0983332,-0.028933,nan,-0.224651,0,-0.279127,-0.51293,nan,-1.4172,-0.562578,-0.598688,1.09995,0.40675,-1.16675,-0.02475,0.402344,-0.5
1659,-48.7202,751.368,-0.0635836,0.375,0.416667,0.113305,0.969591,0.30815,-0.00899411,1.39524,5.92593e-05,0.00566846,0.272442,16488.7,0.496115,0.249121,-0.4,0.2,230.225,2.03858e+07,0.47738,0.0414436,0.457111,0.00323328,-0.601775,0.751368,-0.120842,nan,nan,nan,nan,-0.0243676,-0.118851,-0.0307043,nan,-0.229249,0,-0.278669,-0.530542,nan,-1.51595,-0.578267,-0.628895,1.10095,0.413895,-1.19347,-0.0265263,0.459868,-0.5
1660,-50.2193,738.444,-0.0563443,0.25,0.125,0.111356,0.958834,0.301515,-0.00776906,1.39267,5.92593e-05,0.00838181,0.272399,16994.8,0.48288,0.240164,-0.4,0.2,230.95,2.03981e+07,0.438605,0.0443197,0.456859,0.00395846,-0.587602,0.738444,-0.142311,nan,nan,nan,nan,-0.0255887,-0.117738,-0.0360952,nan,-0.224655,-0.000111111,-0.27542,-0.514022,nan,-1.80156,-0.564661,-0.621333,1.09017,0.490667,-1.15556,-0.0295556,0.488889,-0.5
1661,-51.1536,876.333,-0.059452,0.291667,0.0833333,0.114654,0.993452,0.300335,-0.00908056,1.39101,5.92593e-05,0.0120941,0.272382,16822.2,0.478904,0.251558,-0.4,0.2,231.682,2.04104e+07,0.614706,0.05503,0.530111,0.00474394,-0.703062,0.876333,-0.155111,nan,nan,nan,nan,-0.0245926,-0.118107,-0.036013,nan,-0.265785,0,-0.322244,-0.589633,nan,-1.86843,-0.667952,-0.708,1.3175,0.535111,-1.35111,-0.0297778,0.459722,-0.5
1662,-62.5658,1000,-0.0552093,0.333333,0,0.113013,0.976886,0.261722,-0.00887,1.38962,8.88889e-05,0.00432827,0.272328,16880.3,0.487688,0.240262,-0.4,0.2,232.411,2.04227e+07,0.524251,0.0654313,0.59834,0.0055559,-0.792431,1,-0.178275,nan,nan,nan,nan,-0.0284813,-0.139493,-0.0438415,nan,-0.302603,0,-0.373601,-0.686254,nan,-2.37653,-0.754004,-0.820875,1.51202,0.6365,-1.5455,-0.03475,0.60625,nan
1663,-49.2652,857.857,-0.0577866,0.458333,0.125,0.114089,0.982449,0.408062,-0.00963418,1.38617,8.88889e-05,0.0111176,0.272246,16882,0.48706,0.240814,-0.4,0.2,233.14,2.04349e+07,0.523266,0.0565103,0.521631,0.00406096,-0.687701,0.857857,-0.1272,nan,nan,nan,nan,-0.0238384,-0.114891,-0.0329647,nan,-0.260225,0,-0.318103,-0.583248,nan,-1.8009,-0.656515,-0.677786,1.29529,0.430286,-1.34371,-0.0287143,0.482143,-0.5
1664,-47.3126,767.5,-0.0611926,0.375,0.208333,0.112122,0.977467,0.371808,-0.00873662,1.38308,8.88889e-05,0.0126144,0.272187,16712.2,0.48404,0.25123,-0.4,0.2,233.877,2.04472e+07,0.488058,0.054419,0.474506,0.00420696,-0.614289,0.7675,-0.135586,nan,nan,nan,nan,-0.0232797,-0.109795,-0.0327158,nan,-0.232086,-7.14286e-05,-0.287551,-0.521063,nan,-1.73384,-0.582232,-0.618,1.16134,0.428286,-1.21029,-0.0277143,0.439286,-0.5
1665,-53.5862,919.625,-0.0547644,0.291667,0.0416667,0.113543,0.976127,0.35835,-0.0103448,1.37985,8.88889e-05,0.0129534,0.272112,16107.6,0.505439,0.257432,-0.4,0.2,234.641,2.04595e+07,0.561472,0.0543311,0.557152,0.00431211,-0.731707,0.919625,-0.162125,nan,nan,nan,nan,-0.0259458,-0.128761,-0.0394506,nan,-0.277095,0,-0.346436,-0.614986,nan,-2.02087,-0.68696,-0.67725,1.41064,0.536,-1.4265,-0.03475,0.5125,-0.5
1666,-56.4719,864.444,-0.0625238,0.208333,0.166667,0.115015,0.980626,0.342946,-0.0099887,1.37491,8.88889e-05,0.0124223,0.271958,16812.1,0.488144,0.242759,-0.4,0.2,235.373,2.04718e+07,0.555924,0.0549919,0.529461,0.00475615,-0.690868,0.864444,-0.161889,nan,nan,nan,nan,-0.0292923,-0.138349,-0.039999,nan,-0.262162,0,-0.322143,-0.605091,nan,-2.01225,-0.661133,-0.687333,1.28895,0.546667,-1.34711,-0.0375556,0.548611,-0.5
1667,-47.6921,972.111,-0.0592249,0.333333,0.0416667,0.11312,0.984386,0.332976,-0.00907437,1.36834,8.88889e-05,0.0117356,0.271841,16597.9,0.494512,0.245824,-0.4,0.2,236.115,2.04841e+07,0.713067,0.0595682,0.590409,0.00380143,-0.772731,0.972111,-0.152933,nan,nan,nan,nan,-0.0256998,-0.129454,-0.0378402,nan,-0.295204,0,-0.364951,-0.653738,nan,-1.67256,-0.733355,-0.791333,1.48274,0.495111,-1.52133,-0.0377778,0.543056,-0.5
1668,-50.4736,1000,-0.0569819,0.291667,0,0.113561,0.983293,0.303351,-0.00963199,1.36513,8.88889e-05,0.0112416,0.271824,16248.7,0.511135,0.24511,-0.4,0.2,236.873,2.04964e+07,0.711638,0.0569454,0.642744,0.00326095,-0.789768,1,-0.139543,nan,nan,nan,nan,-0.0253095,-0.125151,-0.0361914,nan,-0.302075,0,-0.377333,-0.693213,nan,-1.75703,-0.756212,-0.780429,1.50442,0.493714,-1.58743,-0.0274286,0.460714,nan
1669,-42.7808,774.615,-0.0599791,0.333333,0.208333,0.114311,0.985776,0.296562,-0.010216,1.36444,8.88889e-05,0.00745558,0.2718,16694.7,0.495051,0.240993,-0.4,0.2,237.61,2.05087e+07,0.545656,0.0477826,0.477181,0.00296151,-0.615509,0.774615,-0.109462,nan,nan,nan,nan,-0.0201197,-0.0922316,-0.0283901,nan,-0.234165,0,-0.28984,-0.531431,nan,-1.33012,-0.589233,-0.636231,1.16054,0.383692,-1.22615,-0.0256923,0.389423,-0.5
1670,-45.8959,697.231,-0.0591778,0.25,0.291667,0.111538,0.984861,0.306662,-0.00908015,1.36206,8.88889e-05,0.0133133,0.271715,16755.1,0.489102,0.244286,-0.4,0.2,238.345,2.0521e+07,0.413613,0.0446415,0.432752,0.00283092,-0.551835,0.697231,-0.114108,nan,nan,nan,nan,-0.0203683,-0.0921339,-0.0275566,nan,-0.210818,0,-0.262217,-0.468856,nan,-1.45881,-0.526128,-0.576231,1.02446,0.389231,-1.09108,-0.0253846,0.395192,-0.5
1671,-54.1109,846.714,-0.0576263,0.208333,0.0833333,0.115316,0.990939,0.368532,-0.0107278,1.35832,8.88889e-05,0.0161777,0.271669,16267,0.509044,0.24635,-0.4,0.2,239.102,2.05332e+07,0.542147,0.0474022,0.519817,0.00446267,-0.674299,0.846714,-0.154029,nan,nan,nan,nan,-0.0304344,-0.146371,-0.0401071,nan,-0.257155,0,-0.313267,-0.596875,nan,-2.03904,-0.653598,-0.677571,1.27537,0.508571,-1.33943,-0.0385714,0.653571,-0.5
1672,-55.3925,829.923,-0.0559289,0.375,0.166667,0.10988,1.00758,0.337193,-0.0101678,1.35529,8.88889e-05,0.0144173,0.271553,16618.9,0.494446,0.244954,-0.4,0.2,239.843,2.05455e+07,0.445106,0.0486475,0.495646,0.00443837,-0.660718,0.829923,-0.142615,nan,nan,nan,nan,-0.0271113,-0.132178,-0.0372187,nan,-0.254042,0,-0.300141,-0.589795,nan,-1.84007,-0.646558,-0.718846,1.22918,0.483692,-1.30462,-0.0321538,0.533654,-0.5
1673,-52.3011,815.25,-0.0557278,0.166667,0.166667,0.108666,0.995344,0.307443,-0.00999945,1.35068,8.88889e-05,0.0122636,0.271516,15972.4,0.522541,0.246787,-0.4,0.2,240.613,2.05578e+07,0.543023,0.0525291,0.516644,0.00371483,-0.650451,0.81525,-0.122375,nan,nan,nan,nan,-0.0227758,-0.104926,-0.0322419,nan,-0.246453,0,-0.304081,-0.559961,nan,-1.62542,-0.619233,-0.630375,1.22333,0.401,-1.314,-0.02575,0.3375,-0.5
1674,-55.0017,953,-0.0533973,0.458333,0.0416667,0.110405,0.994693,0.280994,-0.0092645,1.34821,8.88889e-05,0.0168849,0.271399,15581.1,0.544519,0.244127,-0.4,0.2,241.403,2.05701e+07,0.613603,0.0606232,0.568557,0.00475452,-0.75617,0.953,-0.175867,nan,nan,nan,nan,-0.0296146,-0.146394,-0.0441688,nan,-0.289213,0,-0.350711,-0.666858,nan,-2.04039,-0.735311,-0.8155,1.42849,0.598333,-1.48933,-0.04,0.64375,-0.5
1675,-54.666,862.312,-0.0576472,0.5,0.166667,0.111091,0.985275,0.289043,-0.0103952,1.34193,5.92593e-05,0.020459,0.271277,15453.3,0.539862,0.255309,-0.4,0.2,242.2,2.05824e+07,0.518178,0.0547765,0.523385,0.00422548,-0.691659,0.862312,-0.155475,nan,nan,nan,nan,-0.027331,-0.133983,-0.0393553,nan,-0.262874,0,-0.313827,-0.603209,nan,-1.88499,-0.663729,-0.757687,1.28197,0.52575,-1.3495,-0.035125,0.539844,-0.5
1676,-51.0482,883.316,-0.058829,0.541667,0.25,0.112007,0.988687,0.274425,-0.00817944,1.33758,5.92593e-05,0.0080311,0.271184,16538,0.50224,0.240775,-0.4,0.2,242.944,2.05947e+07,0.601053,0.0574721,0.541891,0.00418394,-0.698731,0.883316,-0.161042,nan,nan,nan,nan,-0.0263641,-0.123397,-0.0383962,nan,-0.267393,0,-0.326942,-0.603409,nan,-1.82912,-0.669256,-0.699789,1.33767,0.517895,-1.39726,-0.0350526,0.538158,-0.5
1677,-56.4693,802.857,-0.0585287,0.583333,0.291667,0.10829,0.98594,0.366785,-0.00938666,1.33268,5.92593e-05,0.0142704,0.271077,16661.9,0.494622,0.242871,-0.4,0.2,243.683,2.0607e+07,0.447231,0.0479854,0.495565,0.00399155,-0.635217,0.802857,-0.155229,nan,nan,nan,nan,-0.0272942,-0.131713,-0.0374692,nan,-0.243719,0,-0.29804,-0.566831,nan,-2.07759,-0.613502,-0.681429,1.17188,0.514095,-1.25086,-0.0329524,0.5125,-0.5
1678,-43.9577,721.769,-0.0562314,0.291667,0.25,0.111366,1.00363,0.247586,-0.0100388,1.32735,5.92593e-05,0.00848199,0.270948,16422,0.501555,0.24671,-0.4,0.2,244.432,2.06193e+07,0.517865,0.0456057,0.439015,0.00317874,-0.573115,0.721769,-0.125369,nan,nan,nan,nan,-0.0226927,-0.102841,-0.0295144,nan,-0.220652,0,-0.266506,-0.519618,nan,-1.47104,-0.552289,-0.589615,1.08162,0.419385,-1.14585,-0.0264615,0.45,-0.5
1679,-52.5013,983.25,-0.0542567,0.291667,0.0416667,0.110158,0.995024,0.372275,-0.00916555,1.32176,5.92593e-05,0.00826104,0.270847,16492.1,0.499778,0.245308,-0.4,0.2,245.179,2.06316e+07,0.734746,0.0647505,0.618548,0.00377078,-0.777857,0.98325,-0.16625,nan,nan,nan,nan,-0.0274612,-0.139169,-0.0400925,nan,-0.299097,0,-0.365738,-0.683918,nan,-1.8394,-0.749504,-0.803625,1.46211,0.554,-1.4995,-0.039,0.446875,-0.5
1680,-45.6564,752.842,-0.0614976,0.458333,0.333333,0.111375,1.00025,0.341124,-0.00914468,1.31703,5.92593e-05,0.00998734,0.27073,16787.4,0.49061,0.241368,-0.4,0.2,245.912,2.06438e+07,0.507927,0.0498143,0.480927,0.00310394,-0.596281,0.752842,-0.119211,nan,nan,nan,nan,-0.0223851,-0.103512,-0.0297635,nan,-0.227719,0,-0.279749,-0.528284,nan,-1.57561,-0.571085,-0.612789,1.14251,0.412632,-1.17074,-0.0224211,0.4375,-0.5
1681,-45.5704,772.077,-0.0555622,0.333333,0.208333,0.109818,0.992778,0.29015,-0.00952979,1.31165,5.92593e-05,0.0148342,0.270621,13222.1,0.495503,0.433851,-0.4,0.2,246.843,2.06561e+07,0.536193,0.0462093,0.492783,0.00341569,-0.610754,0.772077,-0.118538,nan,nan,nan,nan,-0.0223152,-0.104367,-0.0303132,nan,-0.234219,0,-0.289153,-0.534392,nan,-1.56195,-0.587633,-0.623769,1.15405,0.414462,-1.19723,-0.0215385,0.430769,-0.5
1682,-52.6057,919.385,-0.0534977,0.416667,0.125,0.107135,0.998599,0.259056,-0.00908546,1.30729,5.92593e-05,0.0108453,0.270546,10223.9,0.778593,0.423296,-0.4,0.2,248.047,2.06684e+07,0.601181,0.0600835,0.567416,0.00403613,-0.726736,0.919385,-0.160092,nan,nan,nan,nan,-0.0289868,-0.136939,-0.0404553,nan,-0.279546,0,-0.339713,-0.655503,nan,-1.88686,-0.706102,-0.758769,1.40624,0.538462,-1.44862,-0.0356923,0.592308,-0.5
1683,-49.5185,883.545,-0.0553643,0.333333,0.125,0.111001,0.994882,0.405747,-0.00799091,1.30413,5.92593e-05,0.0112838,0.270484,13181.5,0.576858,0.355358,-0.4,0.2,248.981,2.06807e+07,0.598785,0.0589584,0.544052,0.00368662,-0.692452,0.883545,-0.148873,nan,nan,nan,nan,-0.0231455,-0.111282,-0.0363696,nan,-0.266176,0,-0.329383,-0.612188,nan,-1.74714,-0.666657,-0.721636,1.32935,0.506909,-1.38436,-0.032,0.506818,-0.5
1684,-49.6519,894.091,-0.0541824,0.375,0.0833333,0.109056,0.986598,0.292468,-0.00902607,1.30143,5.92593e-05,0.0100738,0.27045,13300.3,0.596819,0.327073,-0.4,0.2,249.906,2.0693e+07,0.613573,0.0535777,0.548139,0.00422372,-0.70174,0.894091,-0.157218,nan,nan,nan,nan,-0.0271516,-0.131245,-0.039588,nan,-0.26895,0,-0.333778,-0.611777,nan,-1.76964,-0.66667,-0.705545,1.36351,0.514182,-1.39491,-0.0372727,0.4625,-0.5
1685,-52.2739,907.1,-0.0521475,0.333333,0.0833333,0.108761,0.993329,0.302962,-0.00835472,1.29948,5.92593e-05,0.0108674,0.270386,13892.1,0.54782,0.336714,-0.4,0.2,250.792,2.07053e+07,0.587381,0.0505509,0.583599,0.00409625,-0.721522,0.9071,-0.14818,nan,nan,nan,nan,-0.0258121,-0.121429,-0.0365515,nan,-0.272855,0,-0.341151,-0.607781,nan,-1.96028,-0.680358,-0.6918,1.372,0.5112,-1.4052,-0.0292,0.5125,-0.5
1686,-52.8202,981.455,-0.0530653,0.416667,0.0416667,0.11117,0.997241,0.280875,-0.00952849,1.29531,5.92593e-05,0.0110476,0.27026,13993,0.550631,0.327521,-0.4,0.2,251.672,2.07176e+07,0.688105,0.0648492,0.619095,0.00455523,-0.773665,0.981455,-0.167382,nan,nan,nan,nan,-0.0275852,-0.137344,-0.0399018,nan,-0.297136,-0.000272727,-0.362581,-0.687328,nan,-1.921,-0.747622,-0.796364,1.48448,0.552364,-1.54255,-0.0374545,0.547727,-0.5
1687,-52.6615,845,-0.0587362,0.458333,0.166667,0.11418,0.989877,0.253173,-0.00902683,1.29008,5.92593e-05,0.00976516,0.270179,13176.1,0.584862,0.347737,-0.4,0.2,252.606,2.07299e+07,0.564052,0.0503198,0.526652,0.00400756,-0.66456,0.845,-0.158053,nan,nan,nan,nan,-0.0272459,-0.132698,-0.038813,nan,-0.255112,0,-0.313886,-0.5933,nan,-1.91809,-0.636781,-0.6884,1.2595,0.542133,-1.30133,-0.0348,0.471667,-0.5
1688,-53.0748,847.6,-0.0592958,0.375,0.25,0.114408,1.00284,0.263924,-0.00921857,1.28647,5.92593e-05,0.0119709,0.270078,14366.9,0.602009,0.253289,-0.4,0.2,253.463,2.07421e+07,0.587927,0.0508768,0.515408,0.00392854,-0.666341,0.8476,-0.156493,nan,nan,nan,nan,-0.027151,-0.129781,-0.0379087,nan,-0.255087,0,-0.316736,-0.588888,nan,-1.86875,-0.64092,-0.727,1.25691,0.553067,-1.332,-0.0357333,0.513333,-0.5
1689,-59.5272,934.25,-0.0580034,0.291667,0.208333,0.111924,0.999546,0.375043,-0.00900118,1.28154,5.92593e-05,0.0110171,0.269985,12808,0.583029,0.376373,-0.4,0.2,254.424,2.07544e+07,0.581073,0.0559941,0.562816,0.00424115,-0.730724,0.93425,-0.163167,nan,nan,nan,nan,-0.0287073,-0.137205,-0.0397419,nan,-0.282042,0,-0.349175,-0.667688,nan,-2.06868,-0.708682,-0.734,1.39463,0.545667,-1.44867,-0.0371667,0.548958,-0.5
1690,-54.3525,871.625,-0.056839,0.25,0.0833333,0.113214,0.98931,0.359902,-0.00846538,1.27808,5.92593e-05,0.00905944,0.269934,13238.1,0.599014,0.329214,-0.4,0.2,255.353,2.07667e+07,0.598119,0.0512805,0.532432,0.00419888,-0.686936,0.871625,-0.16445,nan,nan,nan,nan,-0.0274913,-0.130107,-0.0399328,nan,-0.262787,0,-0.326313,-0.611146,nan,-2.00049,-0.660157,-0.72225,1.29841,0.56,-1.342,-0.03775,0.503125,-0.5
1691,-49.9047,815.833,-0.0620472,0.416667,0.333333,0.110286,0.977026,0.294224,-0.00900036,1.27632,5.92593e-05,0.0121599,0.269903,13743.1,0.574736,0.319387,-0.4,0.2,256.249,2.0779e+07,0.537109,0.0512622,0.499823,0.00414154,-0.638747,0.815833,-0.1456,nan,nan,nan,nan,-0.0264742,-0.124694,-0.0355739,nan,-0.246546,0,-0.304561,-0.570358,nan,-1.75011,-0.615915,-0.652667,1.23081,0.503111,-1.27489,-0.0296667,0.500694,-0.5
1692,-53.5134,1000,-0.0561962,3.66667,0,0.108821,0.985504,0.276906,-0.00938623,1.2744,5.92593e-05,0.0112372,0.269846,15867.5,0.531636,0.242776,-0.4,0.2,257.025,2.07913e+07,0.691185,0.0653312,0.628908,0.00447457,-0.783377,1,-0.1686,nan,nan,nan,nan,-0.0280899,-0.139917,-0.0415428,nan,-0.301032,-3.40909e-05,-0.374046,-0.687653,nan,-2.04573,-0.750857,-0.807409,1.50851,0.569727,-1.5515,-0.0373182,0.573295,nan
1693,-42.8968,780.846,-0.0578473,0.333333,0.208333,0.10842,1.00491,0.276819,-0.0102908,1.27112,5.92593e-05,0.0103569,0.26978,17115.2,0.482371,0.235586,-0.4,0.2,257.744,2.08036e+07,0.57205,0.0506163,0.491313,0.00327956,-0.610378,0.780846,-0.124677,nan,nan,nan,nan,-0.0204835,-0.0950411,-0.0294645,nan,-0.233837,0,-0.293431,-0.54316,nan,-1.4623,-0.584115,-0.627231,1.17102,0.4,-1.2,-0.0283077,0.430769,-0.5
1694,-44.1671,676.571,-0.0533384,0.166667,0.125,0.112155,0.980497,0.312731,-0.00810975,1.26753,5.92593e-05,0.01052,0.269688,13441.2,0.51236,0.401845,-0.4,0.2,258.659,2.08159e+07,0.409262,0.0383013,0.380103,0.00332095,-0.537996,0.676571,-0.1188,nan,nan,nan,nan,-0.0242869,-0.118132,-0.0308048,nan,-0.207437,0,-0.248374,-0.483735,nan,-1.54668,-0.524216,-0.571286,0.995264,0.412,-1.04914,-0.0265714,0.578571,-0.5
1695,-38.6627,680,-0.0570176,0.375,0.291667,0.106922,1.01305,0.291833,-0.00932972,1.26289,5.92593e-05,0.0126274,0.269591,13239.4,0.589558,0.338581,-0.4,0.2,259.589,2.08282e+07,0.504832,0.0450482,0.417669,0.00313332,-0.535081,0.68,-0.119675,nan,nan,nan,nan,-0.0222058,-0.103418,-0.0293611,nan,-0.205196,-0.000125,-0.253563,-0.474419,nan,-1.31803,-0.512983,-0.558,1.01146,0.394,-1.05,-0.02675,0.438281,-0.5
1696,-52.2573,754.062,-0.0572145,0.375,0.291667,0.111063,0.995828,0.385005,-0.0087909,1.25897,5.92593e-05,0.00963599,0.269528,12944.7,0.598757,0.35051,-0.4,0.2,260.54,2.08404e+07,0.440179,0.0457967,0.454236,0.00370218,-0.595251,0.754062,-0.153425,nan,nan,nan,nan,-0.0257264,-0.124232,-0.0363515,nan,-0.226976,-0.0001875,-0.281644,-0.530021,nan,-1.88686,-0.569609,-0.635438,1.13229,0.51725,-1.158,-0.035875,0.517969,-0.5
1697,-50.2263,858.111,-0.0532004,0.291667,0.0833333,0.109637,0.981055,0.370956,-0.0091527,1.25681,5.92593e-05,0.0153465,0.269508,14485.2,0.56496,0.283357,-0.4,0.2,261.39,2.08527e+07,0.51688,0.0572612,0.517466,0.00409298,-0.668845,0.858111,-0.146867,nan,nan,nan,nan,-0.0246354,-0.116753,-0.0358292,nan,-0.259694,0,-0.315674,-0.595156,nan,-1.75098,-0.652655,-0.714667,1.28774,0.491111,-1.33067,-0.0315556,0.511111,-0.5
1698,-45.6025,778,-0.0553083,0.25,0.0833333,0.111723,1.01591,0.288302,-0.0094513,1.25525,5.92593e-05,0.010829,0.269437,16469.6,0.509225,0.236878,-0.4,0.2,262.137,2.0865e+07,0.529604,0.0507486,0.499243,0.0036462,-0.615964,0.778,-0.14495,nan,nan,nan,nan,-0.0234893,-0.109425,-0.0325289,nan,-0.233827,0,-0.293317,-0.528772,nan,-1.63322,-0.581258,-0.633,1.15507,0.4855,-1.2,-0.02875,0.401563,-0.5
1699,-50.6074,897.182,-0.055987,0.291667,0.166667,0.110248,1.00052,0.306589,-0.0108662,1.25201,5.92593e-05,0.0149574,0.269386,16107.1,0.514691,0.248204,-0.4,0.2,262.901,2.08773e+07,0.59265,0.0547765,0.579468,0.00371328,-0.701911,0.897182,-0.137582,nan,nan,nan,nan,-0.0262719,-0.119018,-0.0354391,nan,-0.272413,0,-0.329462,-0.628986,nan,-1.73699,-0.687056,-0.748091,1.3201,0.485818,-1.40436,-0.0330909,0.578409,-0.5
1700,-48.9392,878.625,-0.0557651,0.833333,0.166667,0.114538,1.0032,0.303215,-0.00922483,1.25038,5.92593e-05,0.0096667,0.269381,11892.6,0.575762,0.457482,-0.4,0.2,263.936,2.08896e+07,0.598277,0.0511763,0.549748,0.00438526,-0.683627,0.878625,-0.155967,nan,nan,nan,nan,-0.0259821,-0.124824,-0.0378635,nan,-0.263291,-4.16667e-05,-0.328729,-0.61775,nan,-1.83612,-0.659254,-0.699625,1.34152,0.509167,-1.37533,-0.035,0.546875,-0.5
1701,-53.7263,921,-0.053185,0.416667,0.0833333,0.110505,0.970882,0.281634,-0.00982718,1.25026,5.92593e-05,0.0135187,0.269386,11610.9,0.661816,0.396499,-0.4,0.2,267.376,2.09019e+07,0.604386,0.0585523,0.579118,0.00458949,-0.719141,0.921,-0.174383,nan,nan,nan,nan,-0.0286195,-0.136571,-0.0418907,nan,-0.275087,0,-0.348496,-0.626889,nan,-2.02534,-0.687222,-0.72925,1.41156,0.573667,-1.43333,-0.0348333,0.505208,-0.5
1702,-44.2298,752.231,-0.0561407,0.25,0.291667,0.110232,0.979061,0.329611,-0.00923683,1.24847,5.92593e-05,0.0079719,0.269309,12577.2,0.596208,0.380797,-0.4,0.2,268.354,2.09142e+07,0.486666,0.0435728,0.474434,0.00369675,-0.586166,0.752231,-0.129569,nan,nan,nan,nan,-0.0235936,-0.108533,-0.0321604,nan,-0.22583,0,-0.286135,-0.516647,nan,-1.67829,-0.559568,-0.610846,1.147,0.429231,-1.16892,-0.03,0.548077,-0.5
1703,-51.5832,889.909,-0.0578869,0.333333,0.125,0.111122,0.983873,0.205606,-0.00842041,1.24343,5.92593e-05,0.0132517,0.269185,12460.9,0.605444,0.38068,-0.4,0.2,269.342,2.09265e+07,0.596269,0.0533016,0.56991,0.00438982,-0.694385,0.889909,-0.174236,nan,nan,nan,nan,-0.0283202,-0.134088,-0.0419138,nan,-0.267149,0,-0.333289,-0.621339,nan,-2.00939,-0.665064,-0.756273,1.33805,0.589091,-1.38873,-0.0354545,0.665909,-0.5
1704,-45.5646,1000,-0.0529182,0.333333,0,0.111453,0.980842,0.320063,-0.00891921,1.23843,5.92593e-05,0.0141661,0.269113,11764.3,0.668236,0.37628,-0.4,0.2,270.389,2.09388e+07,0.756971,0.0715892,0.65606,0.00380959,-0.776051,1,-0.17385,nan,nan,nan,nan,-0.0277156,-0.13028,-0.0415276,nan,-0.298172,0,-0.385094,-0.706219,nan,-1.96481,-0.735065,-0.739125,1.53281,0.5755,-1.558,-0.0375,0.698438,nan
1705,-49.6335,868.364,-0.0558204,0.375,0.0833333,0.112582,0.984052,0.26816,-0.00862831,1.23611,5.92593e-05,0.00911842,0.269073,13624.9,0.611497,0.290384,-0.4,0.2,271.295,2.0951e+07,0.60924,0.0506505,0.560066,0.00415551,-0.678761,0.868364,-0.146291,nan,nan,nan,nan,-0.0256695,-0.126752,-0.036536,nan,-0.261693,0,-0.323584,-0.616039,nan,-1.82295,-0.659,-0.705273,1.29685,0.501818,-1.35709,-0.0290909,0.506818,-0.5
1706,-55.965,903.2,-0.0555553,0.333333,0.0833333,0.109739,0.988501,0.310288,-0.00785297,1.23366,8.88889e-05,0.00291271,0.269012,13663.8,0.529273,0.370036,-0.4,0.2,272.195,2.09633e+07,0.584924,0.0542664,0.577479,0.00457497,-0.704443,0.9032,-0.17212,nan,nan,nan,nan,-0.0297828,-0.144401,-0.0424666,nan,-0.27274,-0.0001,-0.333646,-0.624072,nan,-2.15726,-0.68416,-0.7326,1.32525,0.5828,-1.404,-0.0402,0.61125,-0.5
1707,-57.891,925.375,-0.0523874,0.25,0.0833333,0.10782,0.992349,0.306959,-0.0095952,1.23076,8.88889e-05,0.0150234,0.268969,12483.8,0.61627,0.368044,-0.4,0.2,273.182,2.09756e+07,0.52697,0.0549895,0.586404,0.00429447,-0.724237,0.925375,-0.155875,nan,nan,nan,nan,-0.0288621,-0.137634,-0.0387949,nan,-0.276284,0,-0.353117,-0.640725,nan,-2.22004,-0.690464,-0.744,1.38533,0.5535,-1.4635,-0.02975,0.696875,-0.5
1708,-43.0207,792.083,-0.0564917,0.333333,0.166667,0.110776,0.998959,0.316744,-0.00873964,1.22918,8.88889e-05,0.00819268,0.268943,13405.5,0.576204,0.340438,-0.4,0.2,274.1,2.09879e+07,0.557056,0.0480008,0.494601,0.00349269,-0.612385,0.792083,-0.1324,nan,nan,nan,nan,-0.0220131,-0.104402,-0.0314413,nan,-0.237296,0,-0.29977,-0.548963,nan,-1.52374,-0.59478,-0.649,1.18849,0.408667,-1.24367,-0.032,0.428125,-0.5
1709,-56.7206,927.5,-0.0559142,0.208333,0.0416667,0.11303,0.99387,0.278849,-0.0103079,1.22709,8.88889e-05,0.013746,0.268865,12341.5,0.627624,0.368044,-0.4,0.2,275.097,2.10002e+07,0.635776,0.0615125,0.568152,0.00548455,-0.719203,0.9275,-0.195233,nan,nan,nan,nan,-0.0298291,-0.140718,-0.0456993,nan,-0.276953,0,-0.345554,-0.63818,nan,-2.2865,-0.695011,-0.762,1.41109,0.667333,-1.44867,-0.046,0.6,-0.5
1710,-56.8546,876.222,-0.0589245,0.208333,0.166667,0.112312,0.998619,0.297702,-0.00929938,1.22212,8.88889e-05,0.0118805,0.268737,13585.5,0.567404,0.337088,-0.4,0.2,276.003,2.10125e+07,0.547953,0.0486638,0.547685,0.00424817,-0.678905,0.876222,-0.169911,nan,nan,nan,nan,-0.0299784,-0.140024,-0.0418926,nan,-0.26385,0,-0.32735,-0.622197,nan,-2.03853,-0.662374,-0.723,1.30407,0.558667,-1.36356,-0.0353333,0.588889,-0.5
1711,-55.7599,998.909,-0.0546966,0.416667,0.0416667,0.113257,0.991979,0.31204,-0.0101787,1.21735,8.88889e-05,0.0107231,0.268698,13086.1,0.591766,0.347243,-0.4,0.2,276.944,2.10248e+07,0.695681,0.0619999,0.642907,0.00445219,-0.782961,0.998909,-0.172927,nan,nan,nan,nan,-0.0257659,-0.119334,-0.0397477,nan,-0.297763,0,-0.37947,-0.681026,nan,-2.03069,-0.74143,-0.823636,1.51308,0.558545,-1.57309,-0.0389091,0.488636,-0.5
1712,-47.5861,901.222,-0.0544108,0.25,0.125,0.109161,0.987806,0.324644,-0.0103735,1.21582,8.88889e-05,0.017154,0.26867,12883.2,0.602045,0.351755,-0.4,0.2,277.899,2.10371e+07,0.608337,0.0582357,0.574942,0.00372649,-0.703509,0.901222,-0.149511,nan,nan,nan,nan,-0.02529,-0.119027,-0.0359489,nan,-0.268195,0,-0.344502,-0.620868,nan,-1.7872,-0.665539,-0.687,1.37938,0.522222,-1.40489,-0.0297778,0.580556,-0.5
1713,-48.8989,759.462,-0.059841,0.25,0.291667,0.10937,1.01812,0.258022,-0.010618,1.21419,8.88889e-05,0.0157525,0.268654,13753.4,0.57463,0.31882,-0.4,0.2,278.794,2.10493e+07,0.469729,0.0444875,0.469428,0.00316038,-0.58847,0.759462,-0.121631,nan,nan,nan,nan,-0.0230442,-0.106141,-0.0298175,nan,-0.228285,0,-0.288461,-0.533968,nan,-1.56679,-0.565367,-0.620077,1.13049,0.424923,-1.18615,-0.024,0.404808,-0.5
1714,-46.5455,806.167,-0.0551505,0.333333,0.166667,0.109589,0.982115,0.218178,-0.00944453,1.21088,8.88889e-05,0.00972,0.268516,13436.8,0.57692,0.337582,-0.4,0.2,279.71,2.10616e+07,0.522855,0.0516737,0.507577,0.0037776,-0.625155,0.806167,-0.136617,nan,nan,nan,nan,-0.022305,-0.098932,-0.0324867,nan,-0.239581,0,-0.308485,-0.559595,nan,-1.6237,-0.595158,-0.64375,1.22469,0.469,-1.24933,-0.03,0.41875,-0.5
1715,-48.7373,1000,-0.0511325,0.208333,0,0.107275,0.969583,0.338133,-0.0101504,1.20328,8.88889e-05,0.015525,0.268357,12363,0.634229,0.359701,-0.4,0.2,280.706,2.10739e+07,0.782844,0.0643719,0.656617,0.00442216,-0.783559,1,-0.17592,nan,nan,nan,nan,-0.0250812,-0.122476,-0.0394247,nan,-0.297125,0,-0.381382,-0.686562,nan,-1.94265,-0.736279,-0.8268,1.48654,0.5448,-1.5752,-0.034,0.65,nan
1716,-46.7843,798.077,-0.0587619,0.333333,0.208333,0.110592,0.987612,0.386066,-0.0100002,1.19788,8.88889e-05,0.018271,0.26831,12775.6,0.621724,0.340112,-0.4,0.2,281.669,2.10862e+07,0.502008,0.0519552,0.513204,0.00358847,-0.616366,0.798077,-0.134738,nan,nan,nan,nan,-0.0237212,-0.114007,-0.033208,nan,-0.239309,0,-0.301759,-0.557329,nan,-1.64971,-0.599242,-0.657692,1.18819,0.449231,-1.25662,-0.0290769,0.559615,-0.5
1717,-47.4809,915.846,-0.0535506,0.458333,0.0833333,0.109251,0.988618,0.248519,-0.0105689,1.19478,8.88889e-05,0.014332,0.268197,13916.2,0.604359,0.278641,-0.4,0.2,282.554,2.10985e+07,0.745959,0.0577119,0.594538,0.00374195,-0.710533,0.915846,-0.153677,nan,nan,nan,nan,-0.021672,-0.102654,-0.0338412,nan,-0.271142,0,-0.350254,-0.620769,nan,-1.72686,-0.670256,-0.765692,1.37827,0.472923,-1.38431,-0.0390769,0.384615,-0.5
1718,-43.824,949.522,-0.0537163,0.875,0.0833333,0.107143,1.00246,0.26356,-0.0118719,1.18834,8.88889e-05,0.00870986,0.268059,12959.2,0.593282,0.354923,-0.4,0.2,283.504,2.11108e+07,0.734472,0.0568767,0.617292,0.00377103,-0.733516,0.949522,-0.147983,nan,nan,nan,nan,-0.0237234,-0.115914,-0.0345821,nan,-0.282053,0,-0.364336,-0.642347,nan,-1.65041,-0.698178,-0.747913,1.45747,0.484522,-1.47704,-0.0314783,0.497826,-0.5
1719,-47.6479,944.538,-0.0556468,0.458333,0.0833333,0.108699,1.02089,0.243295,-0.010362,1.18175,8.88889e-05,0.0132808,0.267927,10462.9,0.750257,0.424183,-0.4,0.2,284.681,2.11231e+07,0.640262,0.0594637,0.591718,0.00441988,-0.732233,0.944538,-0.146031,nan,nan,nan,nan,-0.0269846,-0.134491,-0.0371289,nan,-0.283312,0,-0.356055,-0.648882,nan,-1.78495,-0.711042,-0.765462,1.41858,0.515077,-1.46,-0.0304615,0.6375,-0.5
1720,-49.06,835,-0.0571238,0.333333,0.166667,0.108739,1.01606,0.371301,-0.00975522,1.17666,8.88889e-05,0.0114424,0.267852,10140.5,0.779699,0.432076,-0.4,0.2,285.895,2.11354e+07,0.534649,0.0443688,0.53302,0.00350549,-0.64852,0.835,-0.13375,nan,nan,nan,nan,-0.0254476,-0.118407,-0.035292,nan,-0.250413,0,-0.317461,-0.598995,nan,-1.74558,-0.626311,-0.6735,1.26081,0.467667,-1.31833,-0.0275,0.554167,-0.5
1721,-57.7882,954.667,-0.0546196,0.541667,0.0833333,0.111091,0.992443,0.289626,-0.0100191,1.17366,8.88889e-05,0.0158188,0.267797,13062.6,0.647293,0.29341,-0.4,0.2,286.837,2.11476e+07,0.57736,0.0598879,0.609359,0.00482802,-0.742216,0.954667,-0.18208,nan,nan,nan,nan,-0.029673,-0.142226,-0.0444075,nan,-0.284566,0,-0.361291,-0.659384,nan,-2.23592,-0.70712,-0.8086,1.43557,0.6216,-1.4744,-0.0408,0.626667,-0.5
1722,-51.4651,923.714,-0.053429,0.5,0.0833333,0.108537,0.986701,0.271013,-0.0109563,1.17,8.88889e-05,0.010522,0.267704,12003.2,0.626698,0.397026,-0.4,0.2,287.862,2.11599e+07,0.631425,0.0583299,0.581862,0.0046549,-0.721099,0.923714,-0.169971,nan,nan,nan,nan,-0.0270473,-0.131239,-0.0398961,nan,-0.275068,-0.000428571,-0.353939,-0.638039,nan,-1.89571,-0.684477,-0.786643,1.40596,0.556571,-1.44743,-0.038,0.544643,-0.5
1723,-42.8132,805.8,-0.0578305,0.458333,0.166667,0.10958,0.996424,0.31346,-0.00970448,1.16421,8.88889e-05,0.0151471,0.267543,11732.5,0.60617,0.441179,-0.4,0.2,288.911,2.11722e+07,0.57433,0.0476581,0.511634,0.00419249,-0.627554,0.8058,-0.1536,nan,nan,nan,nan,-0.0262088,-0.124941,-0.0375873,nan,-0.241862,0,-0.303673,-0.54866,nan,-1.73552,-0.604394,-0.6408,1.23773,0.518933,-1.25573,-0.0370667,0.63,-0.5
1724,-51.556,807.364,-0.054003,0.291667,0.166667,0.109192,0.99244,0.343838,-0.0105788,1.15677,5.92593e-05,0.0215087,0.267423,11854.3,0.692415,0.344172,-0.4,0.2,289.949,2.11845e+07,0.486193,0.0472408,0.511935,0.00400822,-0.62589,0.807364,-0.132855,nan,nan,nan,nan,-0.0242001,-0.109103,-0.0334599,nan,-0.24196,0,-0.308241,-0.576354,nan,-1.8779,-0.60544,-0.66,1.18777,0.457091,-1.26,-0.0285455,0.586364,-0.5
1725,-52.0326,930.167,-0.0586486,0.458333,0.291667,0.111024,0.986985,0.357244,-0.00873295,1.15256,5.92593e-05,0.0124798,0.267376,12863.2,0.617047,0.338238,-0.4,0.2,290.906,2.11968e+07,0.632775,0.0578513,0.579616,0.00448571,-0.722445,0.930167,-0.163389,nan,nan,nan,nan,-0.0313246,-0.156097,-0.0420354,nan,-0.279493,0,-0.348459,-0.661329,nan,-1.87797,-0.69894,-0.7545,1.39312,0.555111,-1.45689,-0.0368889,0.669444,-0.5
1726,-46.145,817.333,-0.05752,0.291667,0.208333,0.110468,0.979064,0.333294,-0.00806303,1.15042,5.92593e-05,0.0162395,0.267334,13322.9,0.585874,0.336446,-0.4,0.2,291.83,2.12091e+07,0.58176,0.0511208,0.540621,0.00351088,-0.631698,0.817333,-0.143567,nan,nan,nan,nan,-0.0264966,-0.122276,-0.0351581,nan,-0.243854,0,-0.313573,-0.5661,nan,-1.60525,-0.609028,-0.66375,1.21249,0.461667,-1.28133,-0.0336667,0.508333,-0.5
1727,-42.5781,748.455,-0.0561553,0.291667,0.166667,0.110879,0.978104,0.32512,-0.0093242,1.14834,5.92593e-05,0.0085825,0.267302,13152.6,0.604082,0.330179,-0.4,0.2,292.766,2.12214e+07,0.556377,0.0470646,0.466445,0.00417857,-0.580569,0.748455,-0.155,nan,nan,nan,nan,-0.0243148,-0.115559,-0.0347676,nan,-0.223106,0,-0.285804,-0.505922,nan,-1.62913,-0.551953,-0.606818,1.14084,0.487273,-1.14764,-0.036,0.498864,-0.5
1728,-57.4175,1000,-0.0528103,0.458333,0,0.112433,0.976989,0.309071,-0.00951985,1.14615,5.92593e-05,0.00962587,0.267227,13436,0.604405,0.310156,-0.4,0.2,293.682,2.12337e+07,0.639506,0.0595121,0.640179,0.00490573,-0.775408,1,-0.191927,nan,nan,nan,nan,-0.0312038,-0.149933,-0.0458991,nan,-0.299503,0,-0.380778,-0.685658,nan,-2.41534,-0.745967,-0.814364,1.5016,0.653818,-1.53091,-0.0432727,0.739773,nan
1729,-53.5106,913.75,-0.0519248,0.375,0.125,0.109042,0.979377,0.303721,-0.00881681,1.14187,5.92593e-05,0.00905501,0.267118,11980.4,0.664331,0.361348,-0.4,0.2,294.709,2.1246e+07,0.628416,0.0553729,0.583562,0.00478368,-0.703469,0.91375,-0.1636,nan,nan,nan,nan,-0.0255654,-0.12173,-0.0375138,nan,-0.270592,0,-0.347371,-0.608466,nan,-1.90472,-0.674043,-0.777,1.38032,0.501333,-1.439,-0.0408333,0.495833,-0.5
1730,-60.8529,923.667,-0.0509243,0.458333,0.0416667,0.109349,0.968277,0.324292,-0.00864882,1.13651,5.92593e-05,0.0159859,0.26701,11525.3,0.645048,0.421124,-0.4,0.2,295.777,2.12582e+07,0.495532,0.0602233,0.573512,0.00551079,-0.716556,0.923667,-0.1887,nan,nan,nan,nan,-0.0301112,-0.14945,-0.0424489,nan,-0.274898,0,-0.349529,-0.627631,nan,-2.27944,-0.68607,-0.79175,1.37666,0.613333,-1.45767,-0.0426667,0.5875,-0.5
1731,-49.8498,838,-0.0555302,0.375,0.166667,0.110093,0.974895,0.290414,-0.00802204,1.1327,8.88889e-05,0.00405825,0.266958,12932.3,0.612901,0.33728,-0.4,0.2,296.729,2.12705e+07,0.617913,0.0519334,0.525829,0.00453938,-0.647264,0.838,-0.162492,nan,nan,nan,nan,-0.0268133,-0.131353,-0.0378072,nan,-0.250212,0,-0.31714,-0.580181,nan,-1.89775,-0.627512,-0.679615,1.27782,0.529538,-1.30215,-0.0335385,0.509615,-0.5
1732,-54.2585,869.25,-0.0531776,0.208333,0.125,0.110269,0.978429,0.338021,-0.0100485,1.12968,5.92593e-05,0.0202639,0.266888,14689.7,0.541315,0.295191,-0.4,0.2,297.567,2.12828e+07,0.544258,0.0546809,0.53908,0.00486518,-0.670097,0.86925,-0.172875,nan,nan,nan,nan,-0.0291153,-0.138515,-0.041795,nan,-0.258705,-0.000125,-0.327172,-0.615383,nan,-1.95137,-0.647561,-0.75525,1.30646,0.594,-1.3685,-0.04125,0.579688,-0.5
1733,-42.7741,943.727,-0.0509302,0.375,0.0833333,0.109979,0.952502,0.31442,-0.00898981,1.12667,5.92593e-05,0.0116872,0.266853,12579.9,0.625794,0.350999,-0.4,0.2,298.545,2.12951e+07,0.733819,0.0594013,0.608299,0.00398915,-0.7325,0.943727,-0.152745,nan,nan,nan,nan,-0.0281779,-0.14281,-0.0384017,nan,-0.281119,0,-0.358278,-0.662576,nan,-1.81904,-0.702988,-0.782727,1.44696,0.526909,-1.49636,-0.034,0.695455,-0.5
1734,-52.5832,988.11,-0.0522938,3,0.0416667,0.110869,0.948162,0.364466,-0.00926742,1.12443,5.92593e-05,0.0101028,0.266789,11946.7,0.639789,0.388777,-0.4,0.2,299.575,2.13074e+07,0.669331,0.0600087,0.628673,0.0047171,-0.765861,0.98811,-0.176211,nan,nan,nan,nan,-0.0306332,-0.155207,-0.0427537,nan,-0.294168,0,-0.3784,-0.688589,nan,-2.15094,-0.729061,-0.810781,1.49851,0.600712,-1.53063,-0.0359178,0.716781,-0.5
1735,-48.9665,705.2,-0.0541347,0.208333,0.208333,0.110384,0.965958,0.247578,-0.00852255,1.12076,5.92593e-05,0.0124839,0.266701,12310.9,0.65109,0.347053,-0.4,0.2,300.576,2.13197e+07,0.428642,0.0389176,0.436444,0.00444223,-0.54446,0.7052,-0.15444,nan,nan,nan,nan,-0.0253179,-0.119486,-0.0357724,nan,-0.210799,0,-0.265471,-0.476833,nan,-1.79102,-0.526313,-0.6123,1.05835,0.488,-1.0888,-0.0348,0.5275,-0.5
1736,-43.6132,1000,-0.0527249,0.458333,0,0.111173,0.986579,0.300372,-0.0100671,1.11663,5.92593e-05,0.0137983,0.266618,14549.8,0.551545,0.293005,-0.4,0.2,301.422,2.1332e+07,0.772121,0.0674182,0.638539,0.00369933,-0.772646,1,-0.149909,nan,nan,nan,nan,-0.0258895,-0.125018,-0.0367157,nan,-0.29722,0,-0.383723,-0.673689,nan,-1.70781,-0.733397,-0.818182,1.54498,0.502545,-1.56909,-0.036,0.619318,nan
1737,-36.7617,913.308,-0.0517015,0.458333,0.0833333,0.112409,0.954625,0.302001,-0.0102027,1.11308,5.92593e-05,0.00913665,0.266548,13546.8,0.569904,0.337176,-0.4,0.2,302.332,2.13443e+07,0.771046,0.0569879,0.609378,0.00309659,-0.702518,0.913308,-0.132323,nan,nan,nan,nan,-0.0227251,-0.105243,-0.0321972,nan,-0.271056,0,-0.354461,-0.624226,nan,-1.44003,-0.667834,-0.716538,1.40436,0.449231,-1.40831,-0.0286154,0.5375,-0.5
1738,-47.6856,920.75,-0.052788,0.458333,0.208333,0.106467,0.961618,0.251848,-0.00861353,1.10941,5.92593e-05,0.0108637,0.26647,13137,0.576083,0.35929,-0.4,0.2,303.269,2.13565e+07,0.664986,0.0506696,0.600618,0.00373366,-0.715198,0.92075,-0.1401,nan,nan,nan,nan,-0.02851,-0.140508,-0.0363129,nan,-0.275053,0,-0.352143,-0.647241,nan,-1.77035,-0.688252,-0.753938,1.37929,0.493,-1.43725,-0.035125,0.678906,-0.5
1739,-47.0995,1000,-0.0475794,0.25,0,0.107852,0.944262,0.29893,-0.0080845,1.10613,5.92593e-05,0.00970963,0.266421,13063.7,0.582077,0.358542,-0.4,0.2,304.211,2.13688e+07,0.730318,0.0657739,0.643088,0.00388182,-0.756024,1,-0.146233,nan,nan,nan,nan,-0.0242216,-0.119359,-0.0335836,nan,-0.294281,0,-0.387776,-0.68902,nan,-1.73481,-0.722886,-0.793,1.51774,0.470667,-1.54267,-0.028,0.485417,nan
1740,-54.7154,944.1,-0.049842,0.333333,0.0833333,0.105617,0.94594,0.337475,-0.00857506,1.10394,5.92593e-05,0.00908154,0.266369,14773,0.56179,0.269997,-0.4,0.2,305.044,2.13811e+07,0.617884,0.0595394,0.578116,0.00516993,-0.727988,0.9441,-0.18328,nan,nan,nan,nan,-0.0317414,-0.16422,-0.0437353,nan,-0.280722,0,-0.361053,-0.636686,nan,-2.14857,-0.695961,-0.7944,1.41558,0.61,-1.4468,-0.041,0.69,-0.5
1741,-49.1713,936.308,-0.046219,0.5,0.0416667,0.106304,0.968995,0.276247,-0.00890735,1.10046,5.92593e-05,0.0103025,0.266263,13808.8,0.558707,0.331159,-0.4,0.2,305.935,2.13934e+07,0.64244,0.0561411,0.606845,0.00470966,-0.727616,0.936308,-0.158169,nan,nan,nan,nan,-0.0268432,-0.134202,-0.0376309,nan,-0.278888,0,-0.358485,-0.646374,nan,-1.91442,-0.68812,-0.762923,1.41547,0.531077,-1.44554,-0.0329231,0.599038,-0.5
1742,-54.7561,988.045,-0.050176,0.875,0.0416667,0.106581,0.961876,0.283461,-0.00890729,1.09536,5.92593e-05,0.00955263,0.266166,13016.7,0.604263,0.339758,-0.4,0.2,306.881,2.14057e+07,0.642201,0.0633941,0.613162,0.00555827,-0.763339,0.988045,-0.180873,nan,nan,nan,nan,-0.0304986,-0.149976,-0.0436778,nan,-0.294026,0,-0.373441,-0.67187,nan,-2.15208,-0.732743,-0.836182,1.48779,0.599091,-1.538,-0.0413636,0.69375,-0.5
1743,-42.5587,878.067,-0.0521825,0.5,0.125,0.107807,0.975113,0.328627,-0.00946135,1.09207,5.92593e-05,0.0101896,0.266129,14574.1,0.577419,0.265721,-0.4,0.2,307.726,2.1418e+07,0.670807,0.0521411,0.573699,0.00350201,-0.678833,0.878067,-0.144213,nan,nan,nan,nan,-0.0248198,-0.123037,-0.0343422,nan,-0.260842,-0.0002,-0.338688,-0.612809,nan,-1.68753,-0.642108,-0.7006,1.34871,0.494133,-1.35813,-0.032,0.589167,-0.5
1744,-45.9712,891.429,-0.0507974,0.5,0.0833333,0.108645,0.977782,0.302934,-0.00914067,1.09025,5.92593e-05,0.0103266,0.26609,13853.9,0.557239,0.329732,-0.4,0.2,308.614,2.14303e+07,0.596528,0.058566,0.579596,0.00437722,-0.685724,0.891429,-0.143757,nan,nan,nan,nan,-0.0283746,-0.14105,-0.0371636,nan,-0.26543,0,-0.338291,-0.6168,nan,-1.75002,-0.663283,-0.746143,1.33784,0.496571,-1.38229,-0.033,0.639286,-0.5
1745,-48.4053,895.5,-0.0522686,0.25,0.0833333,0.109335,0.968706,0.276561,-0.00804268,1.08753,5.92593e-05,0.00880755,0.266011,13448.9,0.576415,0.337263,-0.4,0.2,309.529,2.14426e+07,0.624818,0.0559129,0.566806,0.00428495,-0.692111,0.8955,-0.148525,nan,nan,nan,nan,-0.0277043,-0.131105,-0.0362226,nan,-0.265257,0,-0.345947,-0.616125,nan,-1.83656,-0.647855,-0.74175,1.35845,0.529,-1.365,-0.029,0.553125,-0.5
1746,-47.7396,832.333,-0.048885,0.166667,0.0833333,0.108838,0.970687,0.285393,-0.00916679,1.08414,5.92593e-05,0.00964579,0.265982,13648.5,0.571779,0.328537,-0.4,0.2,310.431,2.14548e+07,0.496508,0.0576775,0.50408,0.00487857,-0.639289,0.832333,-0.152867,nan,nan,nan,nan,-0.0250292,-0.123603,-0.0364029,nan,-0.249365,-0.000333333,-0.311175,-0.574541,nan,-1.70054,-0.617352,-0.73,1.24146,0.514667,-1.30267,-0.04,0.63125,-0.5
1747,-48.0367,991.286,-0.049451,0.541667,0.0416667,0.110322,0.976694,0.298153,-0.00879795,1.08405,5.92593e-05,0.0127389,0.266002,14845.3,0.55849,0.269249,-0.4,0.2,311.26,2.14671e+07,0.744028,0.0653712,0.648721,0.00505014,-0.764811,0.991286,-0.166286,nan,nan,nan,nan,-0.0277093,-0.138616,-0.039097,nan,-0.291817,0,-0.381913,-0.665061,nan,-1.94565,-0.718381,-0.787929,1.54258,0.557429,-1.54914,-0.0361429,0.591964,-0.5
1748,-53.1164,827.6,-0.0475673,0.166667,0.0416667,0.111739,0.9691,0.27799,-0.00748861,1.08366,5.92593e-05,0.0115501,0.265953,16590.7,0.498867,0.241789,-0.4,0.2,312.002,2.14794e+07,0.50677,0.0608464,0.527132,0.00497467,-0.638575,0.8276,-0.17672,nan,nan,nan,nan,-0.0280848,-0.139775,-0.0406667,nan,-0.247062,0,-0.315121,-0.59623,nan,-2.13981,-0.606196,-0.6888,1.24079,0.584,-1.264,-0.0444,0.6175,-0.5
1749,-53.1918,949.692,-0.0493686,0.416667,0.125,0.110879,0.954167,0.356647,-0.00845635,1.08034,5.92593e-05,0.00699653,0.265874,15280.4,0.547657,0.25651,-0.4,0.2,312.808,2.14917e+07,0.634639,0.0640059,0.606904,0.00517056,-0.725055,0.949692,-0.168015,nan,nan,nan,nan,-0.0274615,-0.13304,-0.0389527,nan,-0.280901,0,-0.365207,-0.650624,nan,-2.18214,-0.688593,-0.787846,1.4449,0.546462,-1.44585,-0.0355385,0.565385,-0.5
1750,-49.7607,820.75,-0.0514926,0.208333,0.125,0.110588,0.957849,0.296851,-0.00866422,1.07647,5.92593e-05,0.0147082,0.265778,15886.9,0.516403,0.257066,-0.4,0.2,313.582,2.1504e+07,0.49047,0.0518906,0.51512,0.00435272,-0.636375,0.82075,-0.138425,nan,nan,nan,nan,-0.0256675,-0.119101,-0.0340912,nan,-0.245689,0,-0.308165,-0.54828,nan,-1.73356,-0.609432,-0.687375,1.2236,0.4445,-1.262,-0.0265,0.523438,-0.5
1751,-51.6317,989.429,-0.0494682,0.25,0.0416667,0.108802,0.972052,0.280428,-0.00898387,1.07179,5.92593e-05,0.0101885,0.265684,14072.9,0.57328,0.299889,-0.4,0.2,314.457,2.15163e+07,0.711755,0.062466,0.624603,0.00457006,-0.773887,0.989429,-0.175771,nan,nan,nan,nan,-0.0317291,-0.161384,-0.0439476,nan,-0.29733,0,-0.375496,-0.677159,nan,-2.088,-0.737115,-0.817714,1.47334,0.588571,-1.58343,-0.0394286,0.8375,-0.5
1752,-59.0405,905.769,-0.0519414,0.375,0.166667,0.108899,0.970175,0.291587,-0.00965994,1.06725,5.92593e-05,0.0165029,0.265572,14388.1,0.555073,0.298966,-0.4,0.2,315.313,2.15286e+07,0.560393,0.0558697,0.564106,0.00484361,-0.703509,0.905769,-0.184754,nan,nan,nan,nan,-0.0300239,-0.145912,-0.0426214,nan,-0.268076,0,-0.346441,-0.612868,nan,-2.232,-0.661116,-0.791769,1.35927,0.626154,-1.40585,-0.0429231,0.593269,-0.5
1753,-49.0927,911.833,-0.0559641,0.375,0.125,0.109041,0.960098,0.269064,-0.0105212,1.06268,5.92593e-05,0.0122168,0.265505,16015.2,0.502086,0.265183,-0.4,0.2,316.081,2.15409e+07,0.61339,0.0556548,0.575255,0.00483455,-0.697899,0.911833,-0.170283,nan,nan,nan,nan,-0.031109,-0.156558,-0.040645,nan,-0.270574,0,-0.350723,-0.625907,nan,-1.9111,-0.670337,-0.735,1.37278,0.572,-1.394,-0.0375,0.65625,-0.5
1754,-40.5827,637.778,-0.0546754,0.166667,0.208333,0.111336,0.963395,0.311518,-0.00785706,1.05951,5.92593e-05,0.00624832,0.265422,16058.8,0.503569,0.26162,-0.4,0.2,316.848,2.15532e+07,0.408783,0.0425943,0.398164,0.00302086,-0.484307,0.637778,-0.122733,nan,nan,nan,nan,-0.0227541,-0.105545,-0.0297993,nan,-0.190244,0,-0.245675,-0.449343,nan,-1.57917,-0.47027,-0.521,0.985346,0.412,-0.988444,-0.0246667,0.419444,-0.5
1755,-46.0305,1000,-0.0479101,0.541667,0,0.111483,0.963991,0.281758,-0.00791464,1.05449,5.92593e-05,0.00998683,0.265302,16467.2,0.506954,0.239255,-0.4,0.2,317.595,2.15654e+07,0.722121,0.06755,0.657019,0.0046457,-0.757866,1,-0.154385,nan,nan,nan,nan,-0.0273012,-0.137532,-0.0378872,nan,-0.295828,-7.69231e-05,-0.385965,-0.678688,nan,-1.79851,-0.7236,-0.828,1.5234,0.528,-1.54369,-0.0349231,0.6,nan
1756,-49.2107,942.875,-0.0513882,0.291667,0.0416667,0.111069,0.967326,0.314318,-0.0104965,1.04946,5.92593e-05,0.0105916,0.265231,16731.9,0.48891,0.245494,-0.4,0.2,318.331,2.15777e+07,0.655444,0.0562776,0.599584,0.00522921,-0.727714,0.942875,-0.161325,nan,nan,nan,nan,-0.0297758,-0.148072,-0.041211,nan,-0.281415,0,-0.364329,-0.647148,nan,-1.94194,-0.693686,-0.796125,1.42223,0.567,-1.466,-0.037,0.689062,-0.5
1757,-44.7635,937.7,-0.0496986,0.375,0.0416667,0.112215,0.975718,0.285953,-0.00932442,1.047,5.92593e-05,0.0168114,0.265198,16665.6,0.493904,0.243425,-0.4,0.2,319.07,2.159e+07,0.733044,0.0636207,0.619441,0.0045186,-0.715423,0.9377,-0.16778,nan,nan,nan,nan,-0.0285978,-0.141426,-0.0399504,nan,-0.277802,0,-0.362676,-0.645901,nan,-1.97153,-0.670702,-0.7194,1.41753,0.5956,-1.4316,-0.0356,0.64875,-0.5
1758,-44.8749,867.75,-0.0542148,0.375,0.125,0.113783,0.970438,0.377748,-0.00869715,1.04548,5.92593e-05,0.0121216,0.265165,16485.8,0.496755,0.248614,-0.4,0.2,319.816,2.16023e+07,0.648806,0.0562212,0.562612,0.00354458,-0.662574,0.86775,-0.149417,nan,nan,nan,nan,-0.026838,-0.131468,-0.0367973,nan,-0.25516,0,-0.342889,-0.590124,nan,-2.03235,-0.62126,-0.7195,1.30867,0.529,-1.33733,-0.0298333,0.670833,-0.5
1759,-51.2229,972.188,-0.0505729,0.583333,0.0833333,0.108916,0.966873,0.318858,-0.00765915,1.04353,5.92593e-05,0.00722914,0.265138,16661.9,0.499196,0.238295,-0.4,0.2,320.555,2.16146e+07,0.668035,0.060544,0.627423,0.00420897,-0.74345,0.972187,-0.168975,nan,nan,nan,nan,-0.0312413,-0.155532,-0.0429052,nan,-0.286934,0,-0.38095,-0.67164,nan,-2.10809,-0.703953,-0.8025,1.47913,0.6025,-1.5125,-0.038375,0.734375,-0.5
1760,-44.9134,883,-0.0528916,0.583333,0.208333,0.110671,0.970867,0.349203,-0.00949802,1.04241,5.92593e-05,0.00958554,0.265118,16461.9,0.505086,0.241367,-0.4,0.2,321.303,2.16269e+07,0.625639,0.0619719,0.581125,0.00346747,-0.672569,0.883,-0.152095,nan,nan,nan,nan,-0.0293368,-0.149182,-0.0373479,nan,-0.262088,0,-0.3438,-0.600393,nan,-1.79549,-0.640657,-0.721105,1.31266,0.528632,-1.36126,-0.0347368,0.689474,-0.5
1761,-44.0315,861.909,-0.0506039,0.375,0.0833333,0.11002,0.969274,0.294374,-0.00842786,1.03991,5.92593e-05,0.0114814,0.265029,16785.7,0.488281,0.243769,-0.4,0.2,322.036,2.16392e+07,0.573873,0.0539295,0.539637,0.00385172,-0.664819,0.861909,-0.141327,nan,nan,nan,nan,-0.0286515,-0.148384,-0.0379231,nan,-0.257294,0,-0.330408,-0.590675,nan,-1.75754,-0.634377,-0.709091,1.29317,0.506182,-1.30873,-0.0294545,0.695455,-0.5
1762,-42.1652,825,-0.0493665,0.5,0.166667,0.110302,0.969523,0.308521,-0.00874186,1.03507,5.92593e-05,0.0141711,0.264939,16625,0.499314,0.239812,-0.4,0.2,322.777,2.16515e+07,0.54836,0.0530942,0.539495,0.00340025,-0.631058,0.825,-0.1361,nan,nan,nan,nan,-0.0256435,-0.127871,-0.0340309,nan,-0.243608,-0.000125,-0.32414,-0.56601,nan,-1.65369,-0.591627,-0.6585,1.25214,0.486,-1.2675,-0.0285,0.597656,-0.5
1763,-45.7014,979.143,-0.0466867,0.541667,0.0416667,0.109393,0.964707,0.279561,-0.00867451,1.03149,5.92593e-05,0.0110001,0.264883,16823.1,0.490845,0.239578,-0.4,0.2,323.509,2.16637e+07,0.743325,0.0694419,0.636737,0.00440733,-0.745343,0.979143,-0.169657,nan,nan,nan,nan,-0.0271654,-0.133502,-0.0392853,nan,-0.288227,0,-0.38191,-0.663586,nan,-1.89051,-0.698795,-0.797786,1.4986,0.560286,-1.514,-0.0424286,0.650893,-0.5
1764,-50.8281,949.25,-0.0487183,0.541667,0.125,0.105971,0.962902,0.305519,-0.00853629,1.02866,5.92593e-05,0.00861639,0.264826,16529.3,0.496974,0.246432,-0.4,0.2,324.253,2.1676e+07,0.550098,0.062662,0.599292,0.00449276,-0.725891,0.94925,-0.153538,nan,nan,nan,nan,-0.030022,-0.152668,-0.0389129,nan,-0.282602,0,-0.366515,-0.65661,nan,-1.85987,-0.691184,-0.796688,1.40833,0.56125,-1.4545,-0.032625,0.658594,-0.5
1765,-41.1922,770.083,-0.0488229,0.333333,0.166667,0.107469,0.950819,0.244873,-0.0082065,1.02506,5.92593e-05,0.0105506,0.264725,16311.7,0.510369,0.242953,-0.4,0.2,325.008,2.16883e+07,0.50171,0.0536758,0.480432,0.00371439,-0.589342,0.770083,-0.13895,nan,nan,nan,nan,-0.0271527,-0.135895,-0.0348035,nan,-0.228137,-0.00025,-0.301809,-0.546524,nan,-1.60793,-0.55524,-0.64325,1.1406,0.48,-1.171,-0.0293333,0.686458,-0.5
1766,-52.3052,964.308,-0.0485125,0.458333,0.0833333,0.108115,0.948045,0.341008,-0.00801834,1.02088,5.92593e-05,0.00618659,0.264666,15026.2,0.566588,0.251184,-0.4,0.2,325.827,2.17006e+07,0.639175,0.0631406,0.630859,0.00513765,-0.737832,0.964308,-0.171585,nan,nan,nan,nan,-0.0261434,-0.129972,-0.039097,nan,-0.28341,0,-0.374883,-0.645011,nan,-2.05071,-0.68983,-0.808154,1.4494,0.576308,-1.45815,-0.0355385,0.583654,-0.5
1767,-47.7163,986.286,-0.0478055,0.541667,0.0416667,0.109705,0.953506,0.324554,-0.0084693,1.01912,5.92593e-05,0.00969069,0.264646,15785.9,0.530134,0.248283,-0.4,0.2,326.607,2.17129e+07,0.698538,0.063874,0.647519,0.00473978,-0.756189,0.986286,-0.166757,nan,nan,nan,nan,-0.030481,-0.157798,-0.0420985,nan,-0.29046,0,-0.383573,-0.655533,nan,-1.97333,-0.712135,-0.789857,1.49512,0.589429,-1.51971,-0.0371429,0.679464,-0.5
1768,-45.8801,917.833,-0.0451302,0.416667,0.0833333,0.10835,0.964165,0.257794,-0.00830522,1.01767,5.92593e-05,0.00849671,0.264602,16372,0.507306,0.243244,-0.4,0.2,327.358,2.17252e+07,0.654658,0.0605235,0.591923,0.00402083,-0.705065,0.917833,-0.15155,nan,nan,nan,nan,-0.0296231,-0.15159,-0.0392912,nan,-0.271345,0,-0.359977,-0.634126,nan,-1.81198,-0.662124,-0.76225,1.39113,0.557,-1.39533,-0.0301667,0.616667,-0.5
1769,-48.2424,985.1,-0.0474302,0.375,0.0416667,0.108402,0.954441,0.288127,-0.00800756,1.01569,5.92593e-05,0.00713505,0.26458,14514.2,0.507846,0.338773,-0.4,0.2,328.206,2.17375e+07,0.727971,0.0708334,0.646288,0.00495346,-0.757692,0.9851,-0.18012,nan,nan,nan,nan,-0.0289636,-0.143918,-0.0426302,nan,-0.289947,0,-0.382967,-0.652341,nan,-1.97061,-0.70319,-0.8076,1.47256,0.5956,-1.5012,-0.033,0.62875,-0.5
1770,-42.7002,940.667,-0.0494628,0.416667,0.0833333,0.112579,0.966887,0.302354,-0.00834627,1.01396,5.92593e-05,0.00748136,0.264518,12762.8,0.621915,0.340886,-0.4,0.2,329.171,2.17498e+07,0.702902,0.0651752,0.618113,0.00373057,-0.70663,0.940667,-0.155133,nan,nan,nan,nan,-0.0282815,-0.140566,-0.0373744,nan,-0.274486,0,-0.378037,-0.630584,nan,-1.82222,-0.659302,-0.732,1.44601,0.547667,-1.42667,-0.0305,0.645833,-0.5
1771,-44.714,878.917,-0.0503579,0.375,0.125,0.109447,0.972829,0.351041,-0.00910552,1.01059,5.92593e-05,0.014549,0.264448,12757.6,0.592621,0.370569,-0.4,0.2,330.135,2.1762e+07,0.642227,0.0584295,0.583139,0.00406952,-0.660513,0.878917,-0.151967,nan,nan,nan,nan,-0.0273288,-0.134444,-0.0363741,nan,-0.257506,-0.000333333,-0.344663,-0.589714,nan,-1.81187,-0.623815,-0.70175,1.31326,0.520333,-1.37067,-0.0345,0.634375,-0.5
1772,-44.5396,892.056,-0.0512284,0.541667,0.208333,0.106937,0.971952,0.346428,-0.00782282,1.00748,5.92593e-05,0.0103795,0.264396,13459.4,0.584582,0.328386,-0.4,0.2,331.05,2.17743e+07,0.635897,0.059553,0.584199,0.00421716,-0.677934,0.892056,-0.157956,nan,nan,nan,nan,-0.0282622,-0.136889,-0.0384336,nan,-0.262525,0,-0.351001,-0.586833,nan,-1.88206,-0.633098,-0.707833,1.3574,0.558222,-1.35889,-0.035,0.677083,-0.5
1773,-40.4002,803.857,-0.0531372,0.375,0.208333,0.113103,0.964995,0.332784,-0.00909773,1.00478,5.92593e-05,0.00566513,0.264339,13986.6,0.559024,0.319531,-0.4,0.2,331.93,2.17866e+07,0.546102,0.0553112,0.519108,0.00370185,-0.614436,0.803857,-0.119057,nan,nan,nan,nan,-0.0235116,-0.117333,-0.0303758,nan,-0.236274,0,-0.313679,-0.535219,nan,-1.47189,-0.576714,-0.645429,1.21686,0.417714,-1.24314,-0.0261429,0.549107,-0.5
1774,-43.3862,877.846,-0.0517586,0.375,0.166667,0.111329,0.952593,0.271875,-0.00804241,1.00204,5.92593e-05,0.00931165,0.264292,13555.1,0.562435,0.344088,-0.4,0.2,332.838,2.17989e+07,0.628497,0.0590935,0.568229,0.00320207,-0.670207,0.877846,-0.148092,nan,nan,nan,nan,-0.031179,-0.160966,-0.0382454,nan,-0.259406,-7.69231e-05,-0.342431,-0.612096,nan,-1.75658,-0.634564,-0.716308,1.30859,0.539077,-1.35231,-0.0313846,0.753846,-0.5
1775,-48.1629,989.965,-0.0496909,2.33333,0.0416667,0.111943,0.94128,0.256487,-0.00944134,0.998906,5.92593e-05,0.00868895,0.264197,13135.7,0.59406,0.341405,-0.4,0.2,333.775,2.18112e+07,0.70165,0.0658399,0.636714,0.00408656,-0.748543,0.989965,-0.174726,nan,nan,nan,nan,-0.0312424,-0.161073,-0.0429041,nan,-0.290435,-5.26316e-05,-0.392672,-0.674502,nan,-2.04696,-0.699714,-0.799105,1.4972,0.603579,-1.52533,-0.0396491,0.728509,-0.5
1776,-45.7647,842.429,-0.0500934,0.458333,0.125,0.108298,0.946753,0.331555,-0.00908216,0.994451,5.92593e-05,0.0127793,0.264132,14763.2,0.572753,0.259586,-0.4,0.2,334.609,2.18235e+07,0.559587,0.0517982,0.550335,0.00415183,-0.63688,0.842429,-0.137729,nan,nan,nan,nan,-0.0241434,-0.115135,-0.034014,nan,-0.246666,0,-0.334829,-0.563225,nan,-1.77557,-0.595739,-0.658929,1.27757,0.462286,-1.30343,-0.0324286,0.529464,-0.5
1777,-48.5982,861.714,-0.051945,0.208333,0.0833333,0.110396,0.974321,0.215414,-0.00902205,0.991389,5.92593e-05,0.00970041,0.264055,15406.9,0.52563,0.271933,-0.4,0.2,335.408,2.18358e+07,0.572254,0.059025,0.550646,0.00461584,-0.648553,0.861714,-0.156457,nan,nan,nan,nan,-0.026722,-0.131422,-0.0385152,nan,-0.250747,0,-0.34056,-0.572987,nan,-1.92654,-0.598146,-0.701571,1.33242,0.522286,-1.31257,-0.0405714,0.555357,-0.5
1778,-45.0792,908.5,-0.0457477,0.375,0.0416667,0.108343,0.959886,0.334721,-0.00894358,0.988127,5.92593e-05,0.0169829,0.26403,15556.4,0.547877,0.242025,-0.4,0.2,336.199,2.18481e+07,0.584751,0.06368,0.586348,0.00472623,-0.69349,0.9085,-0.16274,nan,nan,nan,nan,-0.0268279,-0.132413,-0.0375021,nan,-0.266732,0,-0.354982,-0.597372,nan,-1.89903,-0.646186,-0.7236,1.41336,0.5584,-1.388,-0.0336,0.63875,-0.5
1779,-43.3825,866.15,-0.0492132,0.666667,0.166667,0.107858,0.966798,0.304184,-0.00956412,0.98711,5.92593e-05,0.0106479,0.264,15995.5,0.506447,0.261767,-0.4,0.2,336.969,2.18604e+07,0.60844,0.0574826,0.567822,0.00397899,-0.653939,0.86615,-0.15872,nan,nan,nan,nan,-0.0274395,-0.135892,-0.039137,nan,-0.252579,0,-0.343366,-0.579282,nan,-1.88999,-0.607763,-0.6927,1.32406,0.5634,-1.3246,-0.0363,0.68125,-0.5
1780,-48.7261,933.727,-0.0506848,0.375,0.0833333,0.111135,0.955294,0.277941,-0.00980465,0.985316,5.92593e-05,0.0141724,0.263962,16627,0.502527,0.236514,-0.4,0.2,337.709,2.18726e+07,0.646712,0.0604128,0.596362,0.00424888,-0.710384,0.933727,-0.161782,nan,nan,nan,nan,-0.0273509,-0.13167,-0.0384785,nan,-0.27402,0,-0.364453,-0.626695,nan,-1.86125,-0.659998,-0.775091,1.41454,0.547273,-1.45236,-0.0412727,0.576136,-0.5
1781,-47.6164,966,-0.0508134,0.333333,0.0833333,0.110874,0.952453,0.3546,-0.00928844,0.983036,5.92593e-05,0.00993611,0.2639,16688.7,0.499293,0.237014,-0.4,0.2,338.447,2.18849e+07,0.703554,0.063257,0.630376,0.0040441,-0.736229,0.966,-0.1565,nan,nan,nan,nan,-0.0256725,-0.127015,-0.0366334,nan,-0.281764,-0.0001,-0.387076,-0.642723,nan,-1.87111,-0.671099,-0.7554,1.46793,0.5156,-1.4976,-0.0314,0.58875,-0.5
1782,-38.2722,836.562,-0.0528927,0.458333,0.208333,0.113887,0.966865,0.35585,-0.00920392,0.980926,5.92593e-05,0.0140812,0.263895,13230,0.537032,0.391764,-0.4,0.2,339.377,2.18972e+07,0.607186,0.0555307,0.54096,0.00362851,-0.625928,0.836562,-0.1386,nan,nan,nan,nan,-0.0249795,-0.125395,-0.0334496,nan,-0.244488,0,-0.332492,-0.559413,nan,-1.54526,-0.588068,-0.640313,1.25916,0.4695,-1.27475,-0.031125,0.634375,-0.5
1783,-43.5884,818.133,-0.0488968,0.5,0.125,0.109765,0.94948,0.33005,-0.00885723,0.980977,5.92593e-05,0.00980264,0.263902,12979.4,0.617282,0.329452,-0.4,0.2,340.325,2.19095e+07,0.545758,0.0541599,0.520731,0.00344184,-0.613189,0.818133,-0.140693,nan,nan,nan,nan,-0.0277433,-0.143144,-0.0349572,nan,-0.240798,-0.000333333,-0.325276,-0.565405,nan,-1.75939,-0.579502,-0.671,1.22699,0.497067,-1.24347,-0.0308,0.63,-0.5
1784,-45.5868,999.824,-0.0466464,0.666667,0.0416667,0.110596,0.9491,0.348714,-0.00872039,0.980196,5.92593e-05,0.00545544,0.263861,13020.1,0.578095,0.365676,-0.4,0.2,341.27,2.19218e+07,0.708,0.0684058,0.646716,0.00396718,-0.755908,0.999824,-0.161776,nan,nan,nan,nan,-0.0289995,-0.148011,-0.0398256,nan,-0.293818,0,-0.393363,-0.689267,nan,-1.88344,-0.708355,-0.833471,1.49319,0.568471,-1.548,-0.0358824,0.781618,-0.5
1785,-47.1425,913.062,-0.0461118,0.583333,0.0833333,0.105862,0.962303,0.236498,-0.00855741,0.976539,5.92593e-05,0.01635,0.263728,13862.9,0.566921,0.319474,-0.4,0.2,342.158,2.19341e+07,0.602925,0.064929,0.594149,0.00399802,-0.684445,0.913062,-0.174588,nan,nan,nan,nan,-0.0314889,-0.161163,-0.0429676,nan,-0.266326,0,-0.367235,-0.617437,nan,-2.04605,-0.641901,-0.712125,1.37363,0.611,-1.40775,-0.04,0.735156,-0.5
1786,-49.9267,928.75,-0.0434641,0.416667,0.0833333,0.105506,0.953287,0.343985,-0.00772506,0.969882,5.92593e-05,0.00688066,0.263593,16012.6,0.50282,0.264574,-0.4,0.2,342.927,2.19464e+07,0.611084,0.0617806,0.595407,0.00370634,-0.693622,0.92875,-0.164633,nan,nan,nan,nan,-0.0295963,-0.152102,-0.0405164,nan,-0.270989,0,-0.370102,-0.62894,nan,-2.11768,-0.650102,-0.74675,1.40163,0.554667,-1.417,-0.038,0.75,-0.5
1787,-41.3381,860.143,-0.0464445,0.208333,0.0833333,0.109546,0.938162,0.326095,-0.00842353,0.964612,5.92593e-05,0.0132968,0.263521,13262.3,0.564359,0.362177,-0.4,0.2,343.855,2.19587e+07,0.560638,0.0618614,0.528934,0.00355751,-0.645168,0.860143,-0.145371,nan,nan,nan,nan,-0.0281114,-0.142933,-0.0383107,nan,-0.251155,0,-0.343683,-0.593373,nan,-1.72392,-0.604813,-0.687857,1.2998,0.502286,-1.32914,-0.036,0.828571,-0.5
1788,-46.5954,850.5,-0.0480988,0.25,0.0833333,0.111296,0.942959,0.339693,-0.00879398,0.962329,5.92593e-05,0.00899015,0.263499,12471.8,0.641354,0.343907,-0.4,0.2,344.842,2.19709e+07,0.526247,0.0563655,0.535406,0.00456989,-0.636289,0.8505,-0.149675,nan,nan,nan,nan,-0.0274447,-0.142114,-0.0365477,nan,-0.249126,0,-0.336705,-0.564554,nan,-1.79876,-0.599859,-0.699,1.28634,0.5205,-1.291,-0.03175,0.578125,-0.5
1789,-39.4257,847.909,-0.0486409,0.333333,0.125,0.109393,0.946997,0.328452,-0.00864996,0.960296,5.92593e-05,0.00878922,0.263426,12724.4,0.603877,0.361828,-0.4,0.2,345.809,2.19832e+07,0.612826,0.0666732,0.552171,0.00355852,-0.625751,0.847909,-0.135236,nan,nan,nan,nan,-0.0217899,-0.105383,-0.0309475,nan,-0.245064,0,-0.342055,-0.5492,nan,-1.54061,-0.576569,-0.639,1.30155,0.466182,-1.28255,-0.0325455,0.440909,-0.5
1790,-46.1266,808.3,-0.0505283,0.291667,0.125,0.108407,0.951198,0.307611,-0.00929579,0.956292,5.92593e-05,0.00826277,0.263342,13793.2,0.561076,0.329795,-0.4,0.2,346.701,2.19955e+07,0.565464,0.0552827,0.499205,0.00404185,-0.605962,0.8083,-0.147,nan,nan,nan,nan,-0.0220873,-0.102879,-0.0335295,nan,-0.234239,0,-0.322458,-0.532568,nan,-1.71748,-0.560213,-0.6753,1.21614,0.4848,-1.2532,-0.0364,0.45375,-0.5
1791,-53.7557,1000,-0.0449708,0.375,0,0.109041,0.967857,0.323372,-0.00942528,0.952172,5.92593e-05,0.0087005,0.263251,15231.7,0.544724,0.262016,-0.4,0.2,347.51,2.20078e+07,0.600419,0.0599337,0.63753,0.00443054,-0.738517,1,-0.202578,nan,nan,nan,nan,-0.0337335,-0.172562,-0.0473933,nan,-0.29152,0,-0.400498,-0.671015,nan,-2.37291,-0.696874,-0.782333,1.51711,0.663111,-1.54044,-0.0435556,0.823611,nan
1792,-46.252,799,-0.0478868,0.125,0.0833333,0.107953,0.952027,0.29903,-0.00819938,0.948638,5.92593e-05,0.00596053,0.263208,15933.5,0.51811,0.253097,-0.4,0.2,348.282,2.20201e+07,0.508633,0.0506234,0.50688,0.00358073,-0.601518,0.799,-0.14208,nan,nan,nan,nan,-0.0246899,-0.128742,-0.0336483,nan,-0.234351,0,-0.313244,-0.520705,nan,-1.7501,-0.562668,-0.6678,1.18883,0.484,-1.2112,-0.0284,0.565,-0.5
1793,-48.0879,926.222,-0.0485916,0.333333,0.0416667,0.111328,0.972387,0.276091,-0.00915014,0.946401,5.92593e-05,0.0118258,0.263142,12478.5,0.597483,0.387247,-0.4,0.2,349.268,2.20324e+07,0.564747,0.0666811,0.590891,0.00395789,-0.680759,0.926222,-0.1456,nan,nan,nan,nan,-0.0246962,-0.123479,-0.0349247,nan,-0.265829,0,-0.374546,-0.614531,nan,-1.97431,-0.630194,-0.708,1.39863,0.518222,-1.38044,-0.0331111,0.572222,-0.5
1794,-44.4354,976.727,-0.0452178,0.416667,0.0416667,0.108772,0.948153,0.290093,-0.00860434,0.943319,5.92593e-05,0.0173969,0.263084,12577.5,0.625235,0.351748,-0.4,0.2,350.248,2.20447e+07,0.738644,0.0695253,0.618446,0.00456875,-0.732569,0.976727,-0.166236,nan,nan,nan,nan,-0.0279457,-0.135905,-0.0376038,nan,-0.284244,0,-0.38771,-0.636649,nan,-1.85141,-0.673242,-0.770727,1.48434,0.556364,-1.48836,-0.038,0.605682,-0.5
1795,-38.8816,867.357,-0.0491664,0.416667,0.166667,0.111926,0.935536,0.383404,-0.00882282,0.941883,5.92593e-05,0.0148157,0.263088,11204.6,0.691864,0.404831,-0.4,0.2,351.346,2.2057e+07,0.643038,0.0591543,0.55078,0.00315768,-0.648152,0.867357,-0.148,nan,nan,nan,nan,-0.0310614,-0.161442,-0.0384342,nan,-0.253915,-0.000142857,-0.347747,-0.604963,nan,-1.63616,-0.607809,-0.696857,1.28072,0.546286,-1.32029,-0.0272857,0.770536,-0.5
1796,-45.4343,846.455,-0.0462832,0.333333,0.125,0.108874,0.954674,0.252581,-0.00975084,0.941619,5.92593e-05,0.0102477,0.263057,13990.4,0.585319,0.292996,-0.4,0.2,352.227,2.20692e+07,0.554396,0.0604394,0.53097,0.00402305,-0.638389,0.846455,-0.159673,nan,nan,nan,nan,-0.0315639,-0.160989,-0.0392373,nan,-0.249502,-0.000181818,-0.331238,-0.583507,nan,-1.8789,-0.608308,-0.691091,1.2509,0.549455,-1.30945,-0.0374545,0.7875,-0.5
1797,-51.9461,916.714,-0.0479943,0.5,0.0833333,0.110035,0.949201,0.305798,-0.00938003,0.93934,5.92593e-05,0.00823722,0.263,13805.2,0.563216,0.326886,-0.4,0.2,353.118,2.20815e+07,0.563291,0.0557519,0.58035,0.00464882,-0.683843,0.916714,-0.175129,nan,nan,nan,nan,-0.0268797,-0.128113,-0.0394911,nan,-0.265851,0,-0.363412,-0.584877,nan,-2.1201,-0.635862,-0.745071,1.38129,0.569429,-1.39857,-0.0408571,0.610714,-0.5
1798,-41.4108,1000,-0.0465414,0.166667,0,0.107619,0.956946,0.396658,-0.00794491,0.936779,5.92593e-05,0.014527,0.262963,13361.2,0.576334,0.343347,-0.4,0.2,354.039,2.20938e+07,0.766524,0.068269,0.646466,0.00415336,-0.74177,1,-0.1488,nan,nan,nan,nan,-0.0314158,-0.163274,-0.0408864,nan,-0.294161,0,-0.396185,-0.666823,nan,-1.81179,-0.717363,-0.768,1.51477,0.555,-1.533,-0.031,0.71875,nan
1799,-41.9261,852.143,-0.0505485,0.458333,0.125,0.110051,0.952523,0.331061,-0.00904576,0.934413,5.92593e-05,0.016346,0.262879,13154.2,0.588676,0.345474,-0.4,0.2,354.975,2.21061e+07,0.60163,0.056188,0.540578,0.00343153,-0.634486,0.852143,-0.1432,nan,nan,nan,nan,-0.0289414,-0.149965,-0.0371413,nan,-0.24863,0,-0.343423,-0.590117,nan,-1.7623,-0.598648,-0.672429,1.27493,0.532857,-1.33343,-0.0314286,0.723214,-0.5
1800,-45.0013,947.059,-0.0495376,0.625,0.0833333,0.108292,0.951378,0.270585,-0.00994103,0.92943,5.92593e-05,0.00907401,0.262768,14152.4,0.555109,0.313152,-0.4,0.2,355.845,2.21184e+07,0.688061,0.063897,0.599659,0.00430542,-0.707474,0.947059,-0.173341,nan,nan,nan,nan,-0.0285962,-0.141502,-0.0411702,nan,-0.27576,0,-0.374178,-0.61887,nan,-1.917,-0.657724,-0.772588,1.43118,0.593176,-1.44753,-0.0385882,0.675735,-0.5
1801,-44.5293,863.857,-0.0490317,0.5,0.0833333,0.10991,0.950003,0.323706,-0.00963761,0.92471,5.92593e-05,0.00803238,0.262681,13843.5,0.548335,0.339304,-0.4,0.2,358.68,2.21307e+07,0.585319,0.0558141,0.537322,0.00366414,-0.645607,0.863857,-0.144571,nan,nan,nan,nan,-0.0285317,-0.146363,-0.0371837,nan,-0.253429,0,-0.341857,-0.584602,nan,-1.90173,-0.60928,-0.679286,1.28549,0.516,-1.32029,-0.033,0.723214,-0.5
1802,-51.2986,951.25,-0.0514544,0.791667,0.0416667,0.109814,0.960322,0.289415,-0.00993561,0.921312,5.92593e-05,0.0104556,0.262629,12160.9,0.621384,0.38907,-0.4,0.2,359.693,2.2143e+07,0.612333,0.0629939,0.596197,0.0047506,-0.709728,0.95125,-0.17727,nan,nan,nan,nan,-0.0322174,-0.165056,-0.0443109,nan,-0.277132,0,-0.37898,-0.63192,nan,-2.2348,-0.663417,-0.77325,1.41205,0.6362,-1.4666,-0.0429,0.781875,-0.5
1803,-46.3616,943.125,-0.0471457,0.291667,0.0416667,0.107066,0.959816,0.218127,-0.00851788,0.918409,5.92593e-05,0.0072388,0.262557,13463,0.573199,0.339525,-0.4,0.2,360.607,2.21553e+07,0.682369,0.0627056,0.596622,0.00458139,-0.694472,0.943125,-0.165575,nan,nan,nan,nan,-0.0281374,-0.140586,-0.0389772,nan,-0.270983,0,-0.378574,-0.624822,nan,-2.02468,-0.64458,-0.719625,1.43647,0.569,-1.443,-0.03425,0.657813,-0.5
1804,-51.7566,1000,-0.0441639,0.5,0,0.108098,0.923483,0.293716,-0.00916522,0.91418,5.92593e-05,0.00789516,0.262464,13056.8,0.598771,0.342349,-0.4,0.2,361.55,2.21676e+07,0.617076,0.0679688,0.645684,0.00438111,-0.740876,1,-0.175667,nan,nan,nan,nan,-0.0291815,-0.147316,-0.0416157,nan,-0.289266,0,-0.402006,-0.651131,nan,-2.2396,-0.687284,-0.77375,1.52017,0.631667,-1.53033,-0.0355,0.66875,nan
1805,-43.3199,894.867,-0.0515905,0.541667,0.0833333,0.109757,0.960462,0.254851,-0.00898447,0.910115,5.92593e-05,0.00840588,0.262386,13276.1,0.591142,0.334429,-0.4,0.2,362.477,2.21798e+07,0.630944,0.0631904,0.545692,0.00400384,-0.662711,0.894867,-0.161773,nan,nan,nan,nan,-0.0292065,-0.150147,-0.0399214,nan,-0.261133,0,-0.354414,-0.610561,nan,-1.752,-0.627416,-0.7434,1.33956,0.573067,-1.37573,-0.0364,0.654167,-0.5
1806,-41.0017,966.857,-0.043654,0.541667,0.0416667,0.108469,0.942302,0.30944,-0.00835268,0.906631,5.92593e-05,0.0165598,0.262341,13404,0.6053,0.311441,-0.4,0.2,363.395,2.21921e+07,0.74258,0.0656823,0.606183,0.00307456,-0.719889,0.966857,-0.144186,nan,nan,nan,nan,-0.0291573,-0.15313,-0.0373313,nan,-0.279752,0,-0.393844,-0.659723,nan,-1.81596,-0.664014,-0.740571,1.46274,0.520571,-1.49057,-0.0342857,0.780357,-0.5
1807,-41.9426,859.071,-0.0510073,0.375,0.208333,0.108157,0.939343,0.28613,-0.00860111,0.904677,5.92593e-05,0.0124574,0.262308,12071.6,0.66855,0.349376,-0.4,0.2,364.414,2.22044e+07,0.604696,0.0583712,0.552831,0.00383,-0.636372,0.859071,-0.143743,nan,nan,nan,nan,-0.0251065,-0.127254,-0.0341573,nan,-0.251224,0,-0.34114,-0.57018,nan,-1.61051,-0.601883,-0.677357,1.28878,0.479429,-1.30571,-0.0355714,0.594643,-0.5
1808,-46.4859,1000,-0.04862,0.583333,0,0.110509,0.954631,0.295845,-0.00971655,0.901847,5.92593e-05,0.0129824,0.262212,13273.8,0.600921,0.32481,-0.4,0.2,365.342,2.22167e+07,0.710411,0.0712583,0.628123,0.0044603,-0.743188,1,-0.175314,nan,nan,nan,nan,-0.0276031,-0.139787,-0.0406987,nan,-0.289942,0,-0.394219,-0.665757,nan,-2.00385,-0.689908,-0.802286,1.53255,0.585143,-1.53257,-0.0412857,0.690179,nan
1809,-41.1602,843.727,-0.0478342,0.375,0.0833333,0.105789,0.928969,0.333577,-0.00906563,0.897332,5.92593e-05,0.00726678,0.262141,12878.2,0.641218,0.312952,-0.4,0.2,366.298,2.2229e+07,0.616231,0.052992,0.530219,0.00356691,-0.623006,0.843727,-0.150764,nan,nan,nan,nan,-0.028208,-0.14031,-0.0366329,nan,-0.243913,0,-0.337705,-0.568324,nan,-1.72287,-0.582471,-0.683455,1.25186,0.544,-1.30364,-0.0281818,0.639773,-0.5
1810,-41.0118,923.75,-0.045057,0.458333,0.0416667,0.10924,0.943906,0.364227,-0.00919783,0.894646,5.92593e-05,0.00877276,0.262113,13956.8,0.555294,0.32514,-0.4,0.2,367.18,2.22413e+07,0.667382,0.0642985,0.567519,0.00415353,-0.683883,0.92375,-0.1564,nan,nan,nan,nan,-0.0275534,-0.142418,-0.0366322,nan,-0.266964,0,-0.366832,-0.613969,nan,-1.76978,-0.636434,-0.70025,1.42272,0.515,-1.40567,-0.0346667,0.667708,-0.5
1811,-47.1134,924.8,-0.0480476,0.375,0.0416667,0.1079,0.957676,0.295275,-0.00902727,0.893238,5.92593e-05,0.00904739,0.262084,13018.9,0.597546,0.346314,-0.4,0.2,368.125,2.22536e+07,0.598866,0.0590623,0.575262,0.00387623,-0.692738,0.9248,-0.1662,nan,nan,nan,nan,-0.0335584,-0.179022,-0.0440703,nan,-0.272871,0,-0.36226,-0.653538,nan,-1.98215,-0.662894,-0.8049,1.34367,0.6076,-1.3932,-0.0364,0.865,-0.5
1812,-39.0583,943,-0.0457634,0.541667,0.0416667,0.107455,0.934489,0.333718,-0.00954557,0.891291,5.92593e-05,0.0112883,0.262044,13340.8,0.597888,0.323193,-0.4,0.2,369.048,2.22659e+07,0.712287,0.0704339,0.601958,0.00400839,-0.694746,0.943,-0.150086,nan,nan,nan,nan,-0.0266414,-0.134857,-0.0359675,nan,-0.272685,0,-0.378124,-0.606388,nan,-1.67595,-0.642882,-0.742286,1.42322,0.528571,-1.42743,-0.0322857,0.619643,-0.5
1813,-49.3287,903.55,-0.0507388,0.541667,0.291667,0.107366,0.943403,0.322137,-0.009426,0.888842,5.92593e-05,0.0179163,0.262003,12486.3,0.648393,0.335727,-0.4,0.2,370.034,2.22781e+07,0.611345,0.0672546,0.555999,0.00420062,-0.671733,0.90355,-0.17,nan,nan,nan,nan,-0.0288155,-0.145657,-0.039351,nan,-0.26275,-5e-05,-0.357796,-0.60023,nan,-1.87851,-0.629107,-0.762,1.32829,0.5788,-1.3648,-0.0357,0.605625,-0.5
1814,-50.9568,1000,-0.04637,0.541667,0,0.10523,0.956375,0.333951,-0.00922388,0.885603,5.92593e-05,0.0110814,0.2619,13332.2,0.588824,0.332857,-0.4,0.2,370.957,2.22904e+07,0.645482,0.0678966,0.630469,0.00438426,-0.741255,1,-0.180385,nan,nan,nan,nan,-0.0288643,-0.151564,-0.0418951,nan,-0.290026,0,-0.395302,-0.649848,nan,-2.16138,-0.687991,-0.838615,1.52163,0.595692,-1.50738,-0.0398462,0.700962,nan
1815,-45.7795,969.8,-0.0463921,0.333333,0.0833333,0.105243,0.959832,0.401442,-0.00875879,0.880593,5.92593e-05,0.0117444,0.261834,12965.3,0.588739,0.35902,-0.4,0.2,371.906,2.23027e+07,0.722106,0.0684783,0.605617,0.00408888,-0.723082,0.9698,-0.1607,nan,nan,nan,nan,-0.0246196,-0.121272,-0.0361718,nan,-0.281815,0,-0.382542,-0.641108,nan,-1.95201,-0.674952,-0.8094,1.4351,0.5548,-1.4684,-0.0356,0.5675,-0.5
1816,-47.4566,845.625,-0.0464121,0.458333,0.208333,0.105855,0.938395,0.306642,-0.00994093,0.878493,5.92593e-05,0.00984118,0.261811,13536.5,0.585975,0.321796,-0.4,0.2,372.815,2.2315e+07,0.531553,0.0545,0.518236,0.00424227,-0.620377,0.845625,-0.154825,nan,nan,nan,nan,-0.025902,-0.127818,-0.0351609,nan,-0.245798,-0.000125,-0.332976,-0.558005,nan,-1.88731,-0.585366,-0.72,1.24375,0.514,-1.2955,-0.034625,0.577344,-0.5
1817,-43.339,970.735,-0.0487345,1.95833,0.0833333,0.10815,0.955638,0.327033,-0.0101703,0.876581,5.92593e-05,0.0115916,0.261746,13167.6,0.649918,0.283282,-0.4,0.2,373.75,2.23273e+07,0.684017,0.0666653,0.608704,0.00431484,-0.71535,0.970735,-0.167237,nan,nan,nan,nan,-0.0298416,-0.155699,-0.0406735,nan,-0.281994,-0.000122449,-0.384771,-0.651599,nan,-1.90484,-0.676627,-0.779878,1.4618,0.593143,-1.476,-0.0350612,0.763776,-0.5
1818,-43.666,1000,-0.048305,0.666667,0,0.108926,0.948528,0.282673,-0.009409,0.872617,5.92593e-05,0.00969474,0.261655,12804.9,0.597324,0.362311,-0.4,0.2,374.711,2.23396e+07,0.758164,0.0743993,0.622311,0.00502791,-0.736025,1,-0.182375,nan,nan,nan,nan,-0.0266752,-0.134287,-0.0406909,nan,-0.287944,0,-0.395365,-0.640005,nan,-1.83717,-0.688466,-0.835313,1.54245,0.59525,-1.51325,-0.04225,0.578906,nan
1819,-48.0834,807.2,-0.0453553,0.166667,0.0416667,0.108412,0.948148,0.258325,-0.00912832,0.867965,5.92593e-05,0.0100343,0.261549,13311.5,0.591302,0.331811,-0.4,0.2,375.635,2.23519e+07,0.528024,0.0542471,0.476392,0.00438676,-0.599872,0.8072,-0.1606,nan,nan,nan,nan,-0.0330172,-0.175283,-0.0420097,nan,-0.237153,0,-0.319731,-0.562122,nan,-1.92232,-0.579216,-0.6876,1.20991,0.5616,-1.2288,-0.0432,0.645,-0.5
1820,-40.5966,858.909,-0.046796,0.333333,0.125,0.108317,0.958756,0.311843,-0.00855575,0.864129,5.92593e-05,0.0120205,0.261516,13289,0.609118,0.315557,-0.4,0.2,376.561,2.23642e+07,0.612047,0.0594601,0.535098,0.00364414,-0.630602,0.858909,-0.162964,nan,nan,nan,nan,-0.0300236,-0.161377,-0.0393489,nan,-0.248767,0,-0.345872,-0.567279,nan,-1.68138,-0.592733,-0.671455,1.27986,0.568727,-1.29673,-0.0338182,0.651136,-0.5
1821,-46.6604,966.95,-0.0486326,0.75,0.0833333,0.105495,0.940487,0.317162,-0.00974754,0.862158,5.92593e-05,0.0144621,0.261447,14178.6,0.60603,0.260627,-0.4,0.2,377.429,2.23764e+07,0.691635,0.0691759,0.597578,0.00436076,-0.711691,0.96695,-0.17907,nan,nan,nan,nan,-0.0311777,-0.163205,-0.043379,nan,-0.280438,0,-0.384931,-0.652228,nan,-2.00934,-0.669059,-0.8037,1.4345,0.622,-1.4522,-0.0388,0.75,-0.5
1822,-39.0971,888.875,-0.0477088,0.291667,0.0416667,0.104987,0.944603,0.227722,-0.00940972,0.857028,5.92593e-05,0.0103686,0.261327,13837.4,0.554882,0.333147,-0.4,0.2,378.319,2.23887e+07,0.709644,0.0639164,0.553508,0.00356482,-0.663161,0.888875,-0.14555,nan,nan,nan,nan,-0.0276517,-0.143451,-0.0355565,nan,-0.256675,0,-0.362501,-0.591561,nan,-1.69434,-0.602777,-0.682125,1.32999,0.5205,-1.3525,-0.0295,0.625,-0.5
1823,-40.8169,931.091,-0.0466028,0.416667,0.0416667,0.106561,0.958366,0.265227,-0.0092574,0.850801,5.92593e-05,0.00878284,0.2612,11702.7,0.705015,0.344997,-0.4,0.2,379.37,2.2401e+07,0.714301,0.0694219,0.574584,0.0034563,-0.692817,0.931091,-0.157527,nan,nan,nan,nan,-0.0279221,-0.147874,-0.0384996,nan,-0.269545,0,-0.373912,-0.633586,nan,-1.70564,-0.647252,-0.733364,1.4237,0.541818,-1.44218,-0.0336364,0.65,-0.5
1824,-40.9373,1000,-0.042514,0.666667,0,0.102952,0.936628,0.324806,-0.00834298,0.846123,5.92593e-05,0.0102742,0.261138,13119.2,0.630035,0.306604,-0.4,0.2,380.308,2.24133e+07,0.680538,0.073047,0.636505,0.00389696,-0.735685,1,-0.147763,nan,nan,nan,nan,-0.0262004,-0.133115,-0.0360797,nan,-0.287738,0,-0.402373,-0.655228,nan,-1.73443,-0.683418,-0.76425,1.50605,0.5355,-1.50375,-0.034875,0.6625,nan
1825,-42.8221,1000,-0.0463154,0.666667,0,0.107021,0.946646,0.326163,-0.00921802,0.843984,5.92593e-05,0.00618223,0.261111,12688.5,0.663785,0.304649,-0.4,0.2,381.278,2.24256e+07,0.736424,0.0703335,0.633917,0.00375145,-0.738034,1,-0.158225,nan,nan,nan,nan,-0.0269361,-0.143938,-0.0374181,nan,-0.288063,0,-0.398286,-0.648385,nan,-1.79573,-0.685189,-0.78375,1.52452,0.53675,-1.52175,-0.0375,0.616406,nan
1826,-35.9576,750.364,-0.049755,0.291667,0.166667,0.109204,0.955873,0.332331,-0.00840565,0.842011,5.92593e-05,0.0103638,0.261052,13209.8,0.551585,0.378632,-0.4,0.2,382.21,2.24379e+07,0.591176,0.0531039,0.463355,0.00211866,-0.555046,0.750364,-0.112727,nan,nan,nan,nan,-0.0223245,-0.113925,-0.0288022,nan,-0.2168,0,-0.309512,-0.508458,nan,-1.39296,-0.508724,-0.589364,1.09878,0.416,-1.14145,-0.0238182,0.532955,-0.5
1827,-47.9863,915.231,-0.0451282,0.458333,0.0833333,0.104907,0.9456,0.363617,-0.0083358,0.838448,5.92593e-05,0.00754127,0.260972,12888.4,0.651329,0.302084,-0.4,0.2,383.165,2.24502e+07,0.638564,0.0664032,0.577997,0.00379269,-0.674357,0.915231,-0.174615,nan,nan,nan,nan,-0.026226,-0.134093,-0.0382025,nan,-0.262714,0,-0.364377,-0.598125,nan,-1.92027,-0.625394,-0.775846,1.37896,0.561846,-1.38831,-0.0393846,0.556731,-0.5
1828,-43.2896,1000,-0.0443044,0.375,0,0.106178,0.959237,0.330588,-0.00909617,0.835164,5.92593e-05,0.0109205,0.260939,13592.9,0.59657,0.307429,-0.4,0.2,384.07,2.24625e+07,0.75851,0.0710726,0.621199,0.00460788,-0.73441,1,-0.188978,nan,nan,nan,nan,-0.0306192,-0.15972,-0.0446533,nan,-0.290286,-0.000111111,-0.396171,-0.667398,nan,-1.95912,-0.689426,-0.787667,1.53497,0.628444,-1.53067,-0.0415556,0.7375,nan
1829,-43.6194,931.556,-0.0454926,0.333333,0.0416667,0.104291,0.961104,0.278228,-0.00903479,0.832693,5.92593e-05,0.00643945,0.260865,11707.5,0.635746,0.413841,-0.4,0.2,385.121,2.24748e+07,0.703684,0.0630165,0.590738,0.0042224,-0.679526,0.931556,-0.158511,nan,nan,nan,nan,-0.0267617,-0.136967,-0.0369663,nan,-0.266902,0,-0.375454,-0.613009,nan,-1.90088,-0.634507,-0.719333,1.43474,0.542222,-1.41867,-0.0308889,0.602778,-0.5
1830,-44.8719,858.875,-0.046219,0.25,0.0833333,0.105536,0.952415,0.301804,-0.00887833,0.828834,5.92593e-05,0.00595479,0.260787,12576.3,0.661868,0.31521,-0.4,0.2,386.101,2.2487e+07,0.618655,0.0575859,0.537878,0.00386048,-0.632592,0.858875,-0.1488,nan,nan,nan,nan,-0.0247011,-0.119187,-0.0347751,nan,-0.24869,0,-0.338999,-0.557264,nan,-2.01116,-0.595123,-0.712875,1.28451,0.5245,-1.3125,-0.03325,0.514063,-0.5
1831,-45.4043,941.154,-0.0454082,0.458333,0.0833333,0.103959,0.944814,0.334086,-0.00836082,0.825648,5.92593e-05,0.00861852,0.260731,11941.9,0.614213,0.414769,-0.4,0.2,387.132,2.24993e+07,0.705567,0.0655885,0.580873,0.00397884,-0.692304,0.941154,-0.183215,nan,nan,nan,nan,-0.0305933,-0.165406,-0.0412254,nan,-0.271846,-0.000153846,-0.375615,-0.634932,nan,-1.93602,-0.644429,-0.778615,1.43267,0.602462,-1.42954,-0.0455385,0.703846,-0.5
1832,-38.2383,835,-0.0455604,0.416667,0.125,0.106481,0.949133,0.319687,-0.00915132,0.822649,5.92593e-05,0.00670936,0.260656,12877.7,0.600009,0.354201,-0.4,0.2,388.087,2.25116e+07,0.672171,0.0639386,0.516154,0.00360292,-0.610466,0.835,-0.139585,nan,nan,nan,nan,-0.0214132,-0.103881,-0.0314813,nan,-0.238729,0,-0.334566,-0.549899,nan,-1.55966,-0.562449,-0.687462,1.2855,0.479385,-1.27908,-0.0316923,0.498077,-0.5
1833,-40.5684,901.909,-0.0476586,0.333333,0.125,0.109004,0.971096,0.352638,-0.00883826,0.81894,5.92593e-05,0.0132145,0.260596,11964.1,0.675614,0.351459,-0.4,0.2,389.116,2.25239e+07,0.692721,0.0634796,0.564727,0.00270009,-0.660107,0.901909,-0.140127,nan,nan,nan,nan,-0.0260283,-0.13438,-0.0340421,nan,-0.258178,0,-0.373099,-0.605422,nan,-1.6521,-0.607358,-0.683727,1.36193,0.482182,-1.35636,-0.0341818,0.603409,-0.5
1834,-39.6178,943.167,-0.046648,0.208333,0.0416667,0.106757,0.957921,0.301544,-0.00875276,0.816553,5.92593e-05,0.0151587,0.260568,15140.7,0.540057,0.271532,-0.4,0.2,389.929,2.25362e+07,0.72429,0.0670405,0.578217,0.00370802,-0.696288,0.943167,-0.1625,nan,nan,nan,nan,-0.0280885,-0.143794,-0.037743,nan,-0.272551,0,-0.377697,-0.626121,nan,-1.62106,-0.645091,-0.7835,1.42196,0.573333,-1.414,-0.03,0.629167,-0.5
1835,-43.3276,1000,-0.0439944,0.291667,0,0.105621,0.966863,0.351856,-0.00920078,0.815076,5.92593e-05,0.0143829,0.260539,16297.7,0.514575,0.239394,-0.4,0.2,390.684,2.25485e+07,0.740587,0.0715392,0.608969,0.00448482,-0.728802,1,-0.154886,nan,nan,nan,nan,-0.0259353,-0.134893,-0.0367405,nan,-0.286709,0,-0.402382,-0.660185,nan,-1.83416,-0.675874,-0.828,1.52325,0.540571,-1.51371,-0.036,0.6625,nan
1836,-40.8983,875.812,-0.0476068,0.5,0.166667,0.103981,0.962442,0.340889,-0.0087269,0.813894,5.92593e-05,0.0151837,0.260536,16006.4,0.513119,0.254572,-0.4,0.2,391.453,2.25608e+07,0.65863,0.0626828,0.550264,0.00324781,-0.643745,0.875812,-0.14185,nan,nan,nan,nan,-0.0264245,-0.1372,-0.0343265,nan,-0.252066,0,-0.356856,-0.588376,nan,-1.72735,-0.595696,-0.69825,1.32287,0.5015,-1.3205,-0.030875,0.658594,-0.5
1837,-49.1154,996.727,-0.045732,0.416667,0.0416667,0.105419,0.965461,0.33833,-0.0079123,0.813294,5.92593e-05,0.0111189,0.260507,16646.5,0.492738,0.245436,-0.4,0.2,392.192,2.25731e+07,0.678584,0.0727229,0.630084,0.00337117,-0.733885,0.996727,-0.1658,nan,nan,nan,nan,-0.0313141,-0.163255,-0.0415282,nan,-0.286542,0,-0.410034,-0.676004,nan,-2.1034,-0.675392,-0.773455,1.49375,0.594909,-1.50655,-0.0349091,0.721591,-0.5
1838,-49.5255,949.077,-0.0467803,0.5,0.0416667,0.103977,0.95367,0.297262,-0.00902512,0.810674,5.92593e-05,0.00870722,0.260427,16104.4,0.499191,0.263832,-0.4,0.2,392.957,2.25853e+07,0.585377,0.0732312,0.56282,0.00449967,-0.697682,0.949077,-0.183708,nan,nan,nan,nan,-0.0277224,-0.138371,-0.0400777,nan,-0.274474,0,-0.377691,-0.619256,nan,-1.96789,-0.653803,-0.802846,1.42136,0.613846,-1.40769,-0.0404615,0.583654,-0.5
1839,-40.4284,870.909,-0.0462977,0.375,0.0833333,0.106473,0.947648,0.273198,-0.0085076,0.806456,5.92593e-05,0.00895328,0.26036,15835.5,0.533908,0.242068,-0.4,0.2,393.734,2.25976e+07,0.696236,0.060097,0.558186,0.00377346,-0.634704,0.870909,-0.159364,nan,nan,nan,nan,-0.0257177,-0.128885,-0.0370275,nan,-0.24913,0,-0.354617,-0.579751,nan,-1.79354,-0.585389,-0.681818,1.32174,0.544,-1.30327,-0.0329091,0.580682,-0.5
1840,-26.3602,682.167,-0.0433954,0.125,0.125,0.103808,0.946553,0.317216,-0.00806597,0.802977,5.92593e-05,0.0112053,0.260288,13749.5,0.583839,0.309869,-0.4,0.2,394.629,2.26099e+07,0.566509,0.0485778,0.438189,0.00194044,-0.493612,0.682167,-0.0879667,nan,nan,nan,nan,-0.019981,-0.106683,-0.0229484,nan,-0.196654,0,-0.281039,-0.4811,nan,-1.04343,-0.462941,-0.513,1.0198,0.318,-1.02667,-0.0196667,0.6125,-0.5
1841,-41.3157,890.389,-0.0455864,0.625,0.125,0.104173,0.936605,0.306649,-0.0100856,0.79914,5.92593e-05,0.0114454,0.260212,13098.6,0.676606,0.261508,-0.4,0.2,395.569,2.26222e+07,0.675235,0.0622085,0.561685,0.0037067,-0.651366,0.890389,-0.1568,nan,nan,nan,nan,-0.0265345,-0.139848,-0.0365899,nan,-0.255723,0,-0.363805,-0.603679,nan,-1.78219,-0.602024,-0.6935,1.33655,0.539333,-1.34511,-0.0346667,0.640278,-0.5
1842,-42.6377,945.357,-0.0452702,0.5,0.0833333,0.104987,0.94,0.270117,-0.0095166,0.795332,5.92593e-05,0.0142551,0.260122,15305.1,0.550546,0.252323,-0.4,0.2,396.373,2.26345e+07,0.661942,0.0638896,0.579035,0.00356539,-0.696474,0.945357,-0.162029,nan,nan,nan,nan,-0.0311148,-0.16654,-0.0401782,nan,-0.275163,-0.000142857,-0.377867,-0.646259,nan,-1.81582,-0.658874,-0.790714,1.39614,0.584857,-1.40686,-0.0361429,0.808929,-0.5
1843,-44.1939,1000,-0.0432713,0.541667,0,0.102862,0.954282,0.263629,-0.00908836,0.791091,5.92593e-05,0.00900873,0.260046,16029.6,0.522944,0.243636,-0.4,0.2,397.141,2.26468e+07,0.795757,0.0700236,0.625121,0.00429227,-0.724638,1,-0.171862,nan,nan,nan,nan,-0.0263793,-0.131462,-0.039003,nan,-0.286027,0,-0.405479,-0.651381,nan,-1.91777,-0.66913,-0.821077,1.53755,0.591692,-1.49969,-0.0383077,0.548077,nan
1844,-46.6863,924.81,-0.0482768,0.666667,0.208333,0.102791,0.950455,0.40823,-0.00912953,0.789414,5.92593e-05,0.0171075,0.260079,14293.9,0.568477,0.291189,-0.4,0.2,398.002,2.26591e+07,0.645853,0.070102,0.579122,0.004301,-0.676419,0.92481,-0.177114,nan,nan,nan,nan,-0.0289529,-0.150644,-0.0399809,nan,-0.266393,0,-0.373523,-0.614277,nan,-1.92161,-0.628636,-0.749714,1.38184,0.602286,-1.3739,-0.0408571,0.618452,-0.5
1845,-39.944,966.6,-0.0404213,0.375,0.0416667,0.101155,0.951138,0.243638,-0.00810531,0.790257,5.92593e-05,0.0114995,0.260059,15549.7,0.545084,0.245157,-0.4,0.2,398.793,2.26714e+07,0.737014,0.0639051,0.59219,0.00318452,-0.712813,0.9666,-0.14626,nan,nan,nan,nan,-0.0300428,-0.157491,-0.0387094,nan,-0.278713,0,-0.394248,-0.661375,nan,-1.70273,-0.662694,-0.7902,1.45408,0.5504,-1.4656,-0.0312,0.7575,-0.5
1846,-44.9165,1000,-0.0423581,0.458333,0,0.101968,0.94143,0.349743,-0.00884493,0.7875,5.92593e-05,0.0110161,0.259988,16585.1,0.499158,0.24175,-0.4,0.2,399.535,2.26836e+07,0.76861,0.071763,0.634763,0.0033104,-0.729395,1,-0.150855,nan,nan,nan,nan,-0.0288163,-0.15517,-0.0370398,nan,-0.285248,-9.09091e-05,-0.40934,-0.685314,nan,-2.11079,-0.67715,-0.789,1.51509,0.530182,-1.51382,-0.036,0.646591,nan
1847,-40.3126,944.467,-0.0407249,0.5,0.125,0.101981,0.942065,0.293393,-0.00811264,0.783509,5.92593e-05,0.0153434,0.259881,15685.9,0.512,0.271379,-0.4,0.2,400.32,2.26959e+07,0.743203,0.0697125,0.590509,0.00352983,-0.686348,0.944467,-0.16016,nan,nan,nan,nan,-0.0286729,-0.149174,-0.0377071,nan,-0.269511,-6.66667e-05,-0.38603,-0.633281,nan,-1.72125,-0.635714,-0.744,1.43987,0.5752,-1.41333,-0.0385333,0.621667,-0.5
1848,-42.6168,966.429,-0.0419097,0.5,0.0833333,0.103105,0.959419,0.308393,-0.00847953,0.778583,5.92593e-05,0.0117799,0.259799,14660.6,0.533271,0.304894,-0.4,0.2,401.16,2.27082e+07,0.729024,0.0700677,0.596656,0.0034111,-0.706387,0.966429,-0.137586,nan,nan,nan,nan,-0.0262855,-0.136743,-0.0338516,nan,-0.276312,-7.14286e-05,-0.396054,-0.653718,nan,-1.72097,-0.651009,-0.812786,1.47024,0.497429,-1.46143,-0.0285714,0.649107,-0.5
1849,-49.2378,1000,-0.0420555,0.5,0,0.103033,0.961163,0.376379,-0.00784289,0.775968,5.92593e-05,0.0109386,0.259776,14575.9,0.593839,0.249199,-0.4,0.2,402.004,2.27205e+07,0.682934,0.0672759,0.625492,0.00409971,-0.726885,1,-0.178933,nan,nan,nan,nan,-0.0278208,-0.140907,-0.0403597,nan,-0.285803,0,-0.406987,-0.664042,nan,-2.13352,-0.66942,-0.81875,1.51757,0.629667,-1.507,-0.0385,0.65,nan
1850,-44.008,885.562,-0.0460245,0.541667,0.125,0.104135,0.940936,0.294946,-0.00904662,0.774752,5.92593e-05,0.0128263,0.259734,16486.9,0.499173,0.246148,-0.4,0.2,402.751,2.27328e+07,0.643718,0.056841,0.549524,0.00391499,-0.643508,0.885562,-0.16885,nan,nan,nan,nan,-0.0282285,-0.141495,-0.0379409,nan,-0.253799,0,-0.35973,-0.5954,nan,-1.86783,-0.595772,-0.718875,1.33647,0.579,-1.3225,-0.034,0.60625,-0.5
1851,-45.0986,1000,-0.0412361,0.416667,0,0.104182,0.9571,0.293906,-0.00893391,0.772491,5.92593e-05,0.0113909,0.259687,15754.2,0.512462,0.267521,-0.4,0.2,403.532,2.27451e+07,0.791939,0.0677099,0.632611,0.00383661,-0.728806,1,-0.18082,nan,nan,nan,nan,-0.0283141,-0.145509,-0.0393905,nan,-0.283678,-0.001,-0.413868,-0.667894,nan,-2.00728,-0.666629,-0.8025,1.50641,0.6136,-1.4996,-0.042,0.63625,nan
1852,-44.3958,786.182,-0.0463376,0.333333,0.125,0.102912,0.944502,0.305514,-0.00798093,0.769797,5.92593e-05,0.0162188,0.259608,16100.8,0.508886,0.254306,-0.4,0.2,404.296,2.27574e+07,0.539684,0.0607884,0.472196,0.00343528,-0.572963,0.786182,-0.145691,nan,nan,nan,nan,-0.0246732,-0.114426,-0.0325674,nan,-0.225141,0,-0.320763,-0.512889,nan,-1.78833,-0.529726,-0.667091,1.17237,0.535636,-1.16545,-0.0358182,0.481818,-0.5
1853,-34.9747,886.25,-0.0431129,0.291667,0.0416667,0.10384,0.946305,0.268475,-0.00840151,0.765392,5.92593e-05,0.0103072,0.259508,15950.9,0.506623,0.263742,-0.4,0.2,405.068,2.27697e+07,0.775645,0.0607527,0.563716,0.00288723,-0.645005,0.88625,-0.14615,nan,nan,nan,nan,-0.0250533,-0.125123,-0.0327374,nan,-0.250941,-0.000125,-0.370661,-0.59157,nan,-1.66625,-0.585136,-0.63075,1.37376,0.498,-1.336,-0.02925,0.5875,-0.5
1854,-44.8559,993.765,-0.0451801,0.666667,0.0416667,0.105755,0.972253,0.376813,-0.00936459,0.761553,5.92593e-05,0.00814639,0.259484,15620.5,0.538399,0.248259,-0.4,0.2,405.856,2.2782e+07,0.744647,0.0741714,0.616035,0.00385474,-0.725125,0.993765,-0.174506,nan,nan,nan,nan,-0.0296696,-0.154235,-0.0414489,nan,-0.284145,0,-0.404711,-0.653697,nan,-1.96196,-0.669672,-0.815294,1.5002,0.618824,-1.47318,-0.0375294,0.660294,-0.5
1855,-42.9048,1000,-0.0403574,0.541667,0,0.101485,0.947999,0.216931,-0.00979601,0.760443,5.92593e-05,0.0110995,0.259432,15823.8,0.530158,0.246394,-0.4,0.2,406.634,2.27942e+07,0.821138,0.0700777,0.619611,0.00408359,-0.729895,1,-0.181215,nan,nan,nan,nan,-0.03082,-0.161336,-0.0415654,nan,-0.285564,0,-0.411379,-0.652911,nan,-2.11319,-0.667314,-0.803077,1.52723,0.638769,-1.48646,-0.0373846,0.775962,nan
1856,-39.2045,1000,-0.0420968,0.625,0,0.10163,0.963395,0.281721,-0.00843199,0.756974,5.92593e-05,0.012266,0.259362,16195.6,0.49842,0.260306,-0.4,0.2,407.394,2.28065e+07,0.805293,0.0677258,0.625415,0.00327912,-0.726944,1,-0.16364,nan,nan,nan,nan,-0.0305984,-0.164354,-0.0396035,nan,-0.286208,0,-0.414906,-0.673552,nan,-1.86915,-0.67299,-0.7882,1.51204,0.5968,-1.48853,-0.0362667,0.784167,nan
1857,-43.7438,944,-0.0447936,0.375,0.0833333,0.103982,0.947088,0.306908,-0.00752758,0.754487,5.92593e-05,0.00795928,0.259338,12300.1,0.600753,0.398264,-0.4,0.2,408.394,2.28188e+07,0.682638,0.0679156,0.599322,0.00401493,-0.689774,0.944,-0.176545,nan,nan,nan,nan,-0.0347696,-0.1809,-0.0450366,nan,-0.272032,0,-0.385656,-0.636781,nan,-2.06112,-0.647019,-0.758455,1.4316,0.636727,-1.392,-0.0358182,0.853409,-0.5
1858,-34.9907,912.769,-0.0446164,0.458333,0.0833333,0.10648,0.952205,0.316378,-0.0089532,0.752863,5.92593e-05,0.0123379,0.259306,12402.8,0.674746,0.315995,-0.4,0.2,409.387,2.28311e+07,0.765417,0.0642615,0.575667,0.00276071,-0.660247,0.912769,-0.134862,nan,nan,nan,nan,-0.0254167,-0.132867,-0.0329114,nan,-0.259617,0,-0.383599,-0.606366,nan,-1.55439,-0.601222,-0.687692,1.38189,0.480308,-1.34985,-0.0333846,0.606731,-0.5
1859,-44.4212,980.085,-0.0478804,1.875,0.0833333,0.106009,0.95402,0.295601,-0.00870267,0.751485,5.92593e-05,0.0103871,0.259282,11977.2,0.67741,0.348543,-0.4,0.2,410.416,2.28434e+07,0.713685,0.0672842,0.609781,0.00367897,-0.708843,0.980085,-0.165315,nan,nan,nan,nan,-0.0285761,-0.150305,-0.0392554,nan,-0.279669,0,-0.403514,-0.654571,nan,-2.00548,-0.654434,-0.786447,1.47534,0.589447,-1.46221,-0.0380851,0.694947,-0.5
1860,-37.686,912.571,-0.0421357,0.5,0.0833333,0.10253,0.942205,0.335841,-0.00779445,0.749439,5.92593e-05,0.00667587,0.259195,12367.2,0.621328,0.372268,-0.4,0.2,411.411,2.28557e+07,0.74115,0.0610752,0.583001,0.00342093,-0.666629,0.912571,-0.156529,nan,nan,nan,nan,-0.0294535,-0.153669,-0.0390513,nan,-0.260444,0,-0.379954,-0.615768,nan,-1.84721,-0.60837,-0.713571,1.39331,0.564286,-1.34514,-0.0335714,0.777679,-0.5
1861,-44.7234,896.286,-0.0400328,0.25,0.0416667,0.10261,0.956862,0.326413,-0.00791976,0.744973,5.92593e-05,0.00835662,0.259105,14462.2,0.548386,0.301278,-0.4,0.2,412.262,2.2868e+07,0.664643,0.0655697,0.56825,0.00324236,-0.650238,0.896286,-0.161657,nan,nan,nan,nan,-0.022113,-0.109163,-0.0340182,nan,-0.253863,0,-0.370033,-0.57969,nan,-1.93932,-0.588831,-0.680571,1.37448,0.539429,-1.33143,-0.0342857,0.478571,-0.5
1862,-40.2966,902,-0.0414281,0.5,0.0833333,0.104578,0.965379,0.338774,-0.00777677,0.742037,5.92593e-05,0.00724863,0.259084,13322.2,0.595805,0.326563,-0.4,0.2,413.186,2.28803e+07,0.700524,0.0625523,0.570244,0.0036201,-0.651081,0.902,-0.148571,nan,nan,nan,nan,-0.0255504,-0.130008,-0.0343659,nan,-0.256642,-7.14286e-05,-0.37217,-0.598371,nan,-1.79968,-0.599479,-0.699214,1.38179,0.518857,-1.34143,-0.0352857,0.608929,-0.5
1863,-45.2672,984.176,-0.0411553,0.666667,0.0416667,0.103485,0.960965,0.255326,-0.00850875,0.741172,5.92593e-05,0.0103928,0.259074,13007.6,0.634905,0.309771,-0.4,0.2,414.132,2.28925e+07,0.681155,0.0738204,0.609447,0.00336698,-0.708716,0.984176,-0.179882,nan,nan,nan,nan,-0.0285257,-0.145415,-0.039898,nan,-0.278825,0,-0.409793,-0.64492,nan,-2.02208,-0.645531,-0.782294,1.47359,0.642118,-1.46588,-0.0388235,0.688971,-0.5
1864,-37.3442,906.75,-0.0399269,0.125,0.0416667,0.103474,0.953172,0.29899,-0.00796531,0.740916,5.92593e-05,0.0118765,0.259094,11839.3,0.630871,0.407032,-0.4,0.2,415.171,2.29048e+07,0.653049,0.076754,0.556963,0.00308429,-0.656944,0.90675,-0.12945,nan,nan,nan,nan,-0.0280624,-0.143614,-0.033123,nan,-0.259872,0,-0.378916,-0.628919,nan,-1.54494,-0.609921,-0.714,1.36483,0.489,-1.369,-0.0365,0.740625,-0.5
1865,-41.9076,965,-0.0412375,0.5,0.0416667,0.103105,0.958592,0.323728,-0.0099494,0.741072,5.92593e-05,0.00795261,0.259091,12554.6,0.684701,0.294062,-0.4,0.2,416.152,2.29171e+07,0.729756,0.068494,0.62033,0.00332836,-0.697111,0.965,-0.171569,nan,nan,nan,nan,-0.0271429,-0.139399,-0.0383451,nan,-0.272568,0,-0.404917,-0.624965,nan,-1.89855,-0.633514,-0.734308,1.4726,0.575385,-1.43785,-0.0413846,0.629808,-0.5
1866,-44.179,914.533,-0.0426748,0.5,0.125,0.105691,0.970695,0.327005,-0.0083223,0.739855,5.92593e-05,0.0123877,0.259062,12984.4,0.595695,0.350669,-0.4,0.2,417.099,2.29294e+07,0.646722,0.0585597,0.560177,0.00289094,-0.663478,0.914533,-0.155413,nan,nan,nan,nan,-0.0315117,-0.1636,-0.0384369,nan,-0.262433,0,-0.381569,-0.652241,nan,-1.86056,-0.62112,-0.7428,1.33743,0.562133,-1.3712,-0.0378667,0.790833,-0.5
1867,-38.9321,976.294,-0.0392033,0.666667,0.0416667,0.104321,0.965853,0.289355,-0.00815225,0.737328,5.92593e-05,0.00504908,0.258985,13150.6,0.630954,0.303453,-0.4,0.2,418.035,2.29417e+07,0.737756,0.0644418,0.6051,0.00281538,-0.708752,0.976294,-0.1594,nan,nan,nan,nan,-0.0329712,-0.178801,-0.0413549,nan,-0.280186,0,-0.408442,-0.674186,nan,-1.87987,-0.661676,-0.784235,1.41748,0.593412,-1.42447,-0.0352941,0.955147,-0.5
1868,-35.3924,919.6,-0.0423897,0.541667,0.0833333,0.101937,0.957081,0.285992,-0.00852774,0.733355,5.92593e-05,0.0150666,0.258922,11928.3,0.64705,0.383107,-0.4,0.2,419.067,2.2954e+07,0.724887,0.0638602,0.579019,0.00238061,-0.663227,0.9196,-0.129107,nan,nan,nan,nan,-0.0265578,-0.14008,-0.031389,nan,-0.260091,-0.0008,-0.389473,-0.626156,nan,-1.55439,-0.600815,-0.7102,1.38148,0.476267,-1.3872,-0.0301333,0.699167,-0.5
1869,-43.3276,1000,-0.0436817,0.375,0,0.102076,0.981767,0.300891,-0.00847494,0.730559,5.92593e-05,0.0106564,0.258859,12849.1,0.656693,0.299638,-0.4,0.2,420.024,2.29663e+07,0.752026,0.0696011,0.599557,0.00377127,-0.717937,1,-0.198289,nan,nan,nan,nan,-0.0269362,-0.137601,-0.0422048,nan,-0.281129,0,-0.419941,-0.640426,nan,-1.99345,-0.641868,-0.808667,1.5195,0.682222,-1.48756,-0.0428889,0.645833,nan
1870,-45.3249,964.286,-0.0427303,0.25,0.0416667,0.104344,0.962734,0.255727,-0.00834459,0.726113,5.92593e-05,0.0100411,0.258738,15199.9,0.546563,0.261863,-0.4,0.2,420.834,2.29786e+07,0.627963,0.0692825,0.572374,0.00328437,-0.693605,0.964286,-0.179971,nan,nan,nan,nan,-0.027824,-0.148626,-0.0406432,nan,-0.273787,0,-0.39727,-0.6319,nan,-1.81269,-0.636756,-0.837429,1.41164,0.595429,-1.40171,-0.0425714,0.685714,-0.5
1871,-40.4359,889.167,-0.0402652,0.166667,0.0833333,0.104037,0.96602,0.266138,-0.00793845,0.720113,5.92593e-05,0.0100288,0.258633,13309.3,0.606654,0.316608,-0.4,0.2,421.759,2.29908e+07,0.631636,0.0552467,0.545397,0.00241418,-0.645523,0.889167,-0.125333,nan,nan,nan,nan,-0.0271542,-0.144236,-0.0327365,nan,-0.253783,0,-0.3718,-0.625624,nan,-1.56709,-0.598072,-0.7055,1.30128,0.494667,-1.33333,-0.026,0.68125,-0.5
1872,-41.6105,849.059,-0.0448509,0.541667,0.166667,0.10584,0.938044,0.320236,-0.00908226,0.716481,5.92593e-05,0.00936983,0.258606,12646.3,0.647411,0.324259,-0.4,0.2,422.732,2.30031e+07,0.598898,0.0598916,0.515892,0.00302257,-0.616075,0.849059,-0.135847,nan,nan,nan,nan,-0.0257032,-0.129332,-0.0326694,nan,-0.241512,0,-0.357509,-0.579518,nan,-1.68766,-0.56158,-0.702529,1.25988,0.488471,-1.26635,-0.0325882,0.630882,-0.5
1873,-44.5883,969.7,-0.0377741,0.375,0.0416667,0.102506,0.949548,0.281593,-0.00955454,0.715373,5.92593e-05,0.00991122,0.258578,13501.7,0.599722,0.310388,-0.4,0.2,423.643,2.30154e+07,0.719837,0.0686169,0.601792,0.00388471,-0.694297,0.9697,-0.1827,nan,nan,nan,nan,-0.0308968,-0.161792,-0.0424099,nan,-0.273465,0,-0.405812,-0.653818,nan,-2.14124,-0.631711,-0.7665,1.4932,0.6456,-1.4264,-0.041,0.77,-0.5
1874,-35.0694,867.833,-0.0392587,0.416667,0.0833333,0.105582,0.947893,0.351388,-0.00939312,0.712448,5.92593e-05,0.0111585,0.258493,13741.5,0.58624,0.307985,-0.4,0.2,424.54,2.30277e+07,0.719758,0.0625668,0.549403,0.00290521,-0.616582,0.867833,-0.136383,nan,nan,nan,nan,-0.0226661,-0.1157,-0.0312196,nan,-0.244035,0,-0.364465,-0.570866,nan,-1.61215,-0.562331,-0.663,1.34038,0.461333,-1.282,-0.03,0.577083,-0.5
1875,-37.1933,895.6,-0.04264,0.333333,0.0833333,0.105201,0.965385,0.354307,-0.00912038,0.708303,5.92593e-05,0.00796701,0.258447,14028.4,0.55596,0.319979,-0.4,0.2,425.417,2.304e+07,0.667636,0.0651208,0.543625,0.00227754,-0.644998,0.8956,-0.12272,nan,nan,nan,nan,-0.0250952,-0.134408,-0.0304651,nan,-0.255939,0,-0.371625,-0.610318,nan,-1.38677,-0.598281,-0.7473,1.32075,0.446,-1.3092,-0.0298,0.56625,-0.5
1876,-41.1831,888.5,-0.0414678,0.333333,0.0833333,0.10339,0.949789,0.285246,-0.00869613,0.705905,5.92593e-05,0.0145959,0.258385,13052.1,0.599002,0.342455,-0.4,0.2,426.36,2.30523e+07,0.671864,0.0606376,0.544258,0.00291601,-0.631927,0.8885,-0.13712,nan,nan,nan,nan,-0.0233397,-0.10825,-0.0315245,nan,-0.250431,0,-0.375803,-0.58425,nan,-1.6967,-0.582724,-0.6864,1.32564,0.518,-1.3328,-0.0322,0.5025,-0.5
1877,-44.4752,1000,-0.0370619,0.375,0,0.100982,0.950757,0.350586,-0.008427,0.702464,5.92593e-05,0.00662527,0.258325,13458.2,0.596627,0.316421,-0.4,0.2,427.274,2.30646e+07,0.715721,0.0717045,0.612881,0.003028,-0.716443,1,-0.176867,nan,nan,nan,nan,-0.0302637,-0.167286,-0.0398659,nan,-0.282394,0,-0.421755,-0.670112,nan,-2.04703,-0.650487,-0.787667,1.52185,0.616889,-1.47511,-0.0422222,0.741667,nan
1878,-43.6456,901.158,-0.0439346,0.625,0.166667,0.103391,0.956808,0.321471,-0.00877236,0.699219,5.92593e-05,0.00796287,0.258251,15156.9,0.531622,0.279099,-0.4,0.2,428.086,2.30769e+07,0.650767,0.0630546,0.560482,0.00353636,-0.64593,0.901158,-0.1686,nan,nan,nan,nan,-0.0277659,-0.142468,-0.0378042,nan,-0.254555,0,-0.374051,-0.60528,nan,-2.0343,-0.59399,-0.748263,1.3499,0.592211,-1.34568,-0.0376842,0.711184,-0.5
1879,-36.0102,805.875,-0.0418084,0.25,0.0833333,0.102501,0.947684,0.311893,-0.00913182,0.695443,5.92593e-05,0.0106272,0.258166,14332.5,0.518347,0.339003,-0.4,0.2,428.945,2.30892e+07,0.655946,0.0568855,0.500888,0.00300796,-0.572647,0.805875,-0.156925,nan,nan,nan,nan,-0.0260189,-0.136861,-0.0343781,nan,-0.2277,0,-0.341846,-0.538038,nan,-1.65035,-0.522004,-0.639,1.23303,0.5355,-1.1785,-0.03925,0.596875,-0.5
1880,-42.1371,970.929,-0.0407007,0.541667,0.0416667,0.102161,0.939825,0.27378,-0.00882731,0.69094,5.92593e-05,0.0134438,0.258072,12251.4,0.656243,0.346744,-0.4,0.2,429.949,2.31014e+07,0.761871,0.0767451,0.608459,0.0036397,-0.694387,0.970929,-0.199529,nan,nan,nan,nan,-0.0317323,-0.167264,-0.0443138,nan,-0.274044,0,-0.410237,-0.647964,nan,-2.05511,-0.634129,-0.789857,1.4551,0.678,-1.432,-0.048,0.802679,-0.5
1881,-29.6993,872.571,-0.0394941,0.25,0.0416667,0.102898,0.956658,0.307463,-0.00900122,0.686387,5.92593e-05,0.0119188,0.257976,12523.6,0.663631,0.317555,-0.4,0.2,430.932,2.31137e+07,0.670467,0.0571345,0.560231,0.00277189,-0.628964,0.872571,-0.129171,nan,nan,nan,nan,-0.0301701,-0.162439,-0.0358968,nan,-0.248966,0,-0.36924,-0.622822,nan,-1.46251,-0.587346,-0.652286,1.25796,0.519429,-1.28857,-0.0285714,0.892857,-0.5
1882,-44.7781,1000,-0.0394445,0.5,0,0.105896,0.946778,0.331775,-0.00903395,0.68246,5.92593e-05,0.0134473,0.257934,13341.9,0.609606,0.311401,-0.4,0.2,431.854,2.3126e+07,0.685854,0.0706468,0.622547,0.00329179,-0.711756,1,-0.160167,nan,nan,nan,nan,-0.0296292,-0.159209,-0.038832,nan,-0.280485,-8.33333e-05,-0.422867,-0.670907,nan,-2.04277,-0.64881,-0.77125,1.51218,0.592667,-1.459,-0.0428333,0.7125,nan
1883,-40.3429,914.333,-0.0426958,0.5,0.125,0.101899,0.954892,0.321626,-0.0094849,0.680098,5.92593e-05,0.013006,0.25788,15134.3,0.554881,0.257052,-0.4,0.2,432.667,2.31383e+07,0.667197,0.0598094,0.57998,0.00262984,-0.657234,0.914333,-0.148907,nan,nan,nan,nan,-0.0309926,-0.163213,-0.0375145,nan,-0.26173,0,-0.385759,-0.633106,nan,-1.78278,-0.616154,-0.7174,1.30906,0.548,-1.35227,-0.0402667,0.829167,-0.5
1884,-40.5435,941.357,-0.0401519,0.541667,0.0416667,0.103371,0.969054,0.267825,-0.0096263,0.676791,5.92593e-05,0.00866353,0.257818,16681.1,0.491438,0.245202,-0.4,0.2,433.406,2.31506e+07,0.778634,0.0694387,0.590956,0.00306924,-0.666089,0.941357,-0.164357,nan,nan,nan,nan,-0.0259776,-0.131462,-0.0362739,nan,-0.263495,0,-0.399517,-0.613564,nan,-1.86119,-0.606095,-0.752143,1.42739,0.566571,-1.39657,-0.0414286,0.589286,-0.5
1885,-39.6937,1000,-0.0379358,0.541667,0,0.104423,0.937073,0.209268,-0.00926359,0.673041,5.92593e-05,0.00792369,0.25773,11855,0.613968,0.422555,-0.4,0.2,434.443,2.31629e+07,0.784293,0.0758173,0.62279,0.00352408,-0.706152,1,-0.171892,nan,nan,nan,nan,-0.0265381,-0.138986,-0.0372388,nan,-0.281195,0,-0.420131,-0.655927,nan,-1.84215,-0.641694,-0.783231,1.52064,0.587692,-1.46646,-0.0347692,0.626923,nan
1886,-44.3808,969.5,-0.0398915,0.375,0.0416667,0.101093,0.946025,0.246558,-0.00964232,0.668385,5.92593e-05,0.0103808,0.257655,11192.1,0.660219,0.437698,-0.4,0.2,435.543,2.31752e+07,0.681726,0.0693476,0.613022,0.00355265,-0.695362,0.9695,-0.1719,nan,nan,nan,nan,-0.0278861,-0.135857,-0.0401102,nan,-0.273435,0,-0.407092,-0.627315,nan,-2.06311,-0.629507,-0.7536,1.46589,0.606,-1.438,-0.0374,0.7225,-0.5
1887,-40.3825,1000,-0.033878,0.416667,0,0.101282,0.952156,0.290974,-0.00658415,0.664894,5.92593e-05,0.00539192,0.25758,12290.2,0.633763,0.366055,-0.4,0.2,436.544,2.31875e+07,0.795168,0.0636772,0.631582,0.00338373,-0.70347,1,-0.18098,nan,nan,nan,nan,-0.0266201,-0.138218,-0.0398417,nan,-0.279802,0,-0.422216,-0.655549,nan,-1.8176,-0.639805,-0.7911,1.51592,0.61,-1.482,-0.0454,0.58375,nan
1888,-47.1966,1000,-0.0372393,0.5,0,0.10255,0.938517,0.320834,-0.00882901,0.660988,5.92593e-05,0.00632685,0.257507,13639.1,0.618563,0.282377,-0.4,0.2,437.448,2.31997e+07,0.696345,0.0659177,0.61539,0.00362118,-0.705011,1,-0.200333,nan,nan,nan,nan,-0.02881,-0.143697,-0.0427668,nan,-0.279102,-0.000583333,-0.421493,-0.644879,nan,-2.29085,-0.638287,-0.78025,1.51555,0.685333,-1.47367,-0.0443333,0.752083,nan
1889,-39.6934,1000,-0.0384907,0.625,0,0.102558,0.967634,0.271426,-0.00877613,0.657655,5.92593e-05,0.0128199,0.257448,16749,0.496692,0.236963,-0.4,0.2,438.183,2.3212e+07,0.76774,0.0731958,0.618125,0.00287811,-0.710553,1,-0.169867,nan,nan,nan,nan,-0.0266166,-0.139326,-0.037358,nan,-0.280602,-6.66667e-05,-0.425639,-0.665834,nan,-1.82593,-0.643473,-0.7682,1.53249,0.576,-1.50133,-0.0428,0.6825,nan
1890,-40.3456,978.083,-0.0386956,0.458333,0.0416667,0.104863,0.942374,0.300083,-0.00922717,0.655413,5.92593e-05,0.00974179,0.25741,15666.7,0.511776,0.272562,-0.4,0.2,438.969,2.32243e+07,0.741159,0.0708386,0.625627,0.00331347,-0.694935,0.978083,-0.1681,nan,nan,nan,nan,-0.0320109,-0.171192,-0.0415083,nan,-0.277533,0,-0.411217,-0.655819,nan,-2.17917,-0.649453,-0.77975,1.42275,0.636,-1.45367,-0.0425,0.921875,-0.5
1891,-39.513,1000,-0.0373271,0.541667,0,0.104622,0.955342,0.29106,-0.0104116,0.653615,5.92593e-05,0.0103089,0.25737,12900.5,0.607648,0.344875,-0.4,0.2,439.923,2.32366e+07,0.791222,0.0714524,0.617055,0.00333988,-0.708045,1,-0.181938,nan,nan,nan,nan,-0.0305569,-0.165913,-0.042229,nan,-0.281448,0,-0.422964,-0.666896,nan,-1.96004,-0.647687,-0.803077,1.50177,0.629231,-1.48738,-0.0415385,0.85,nan
1892,-41.8672,922.75,-0.0375213,0.416667,0.0833333,0.103051,0.943399,0.334854,-0.00854001,0.651495,5.92593e-05,0.00837648,0.257355,11955.9,0.646315,0.381458,-0.4,0.2,440.952,2.32489e+07,0.637837,0.0651605,0.581884,0.00301091,-0.654111,0.92275,-0.149033,nan,nan,nan,nan,-0.0268952,-0.135955,-0.0345488,nan,-0.259961,-8.33333e-05,-0.387408,-0.613033,nan,-1.79232,-0.604766,-0.7045,1.38394,0.52,-1.35367,-0.0375,0.629167,-0.5
1893,-33.8619,1000,-0.038595,0.5,0,0.10548,0.935205,0.218378,-0.010007,0.649231,5.92593e-05,0.0114803,0.25725,12628.3,0.648319,0.324735,-0.4,0.2,441.926,2.32612e+07,0.819209,0.0770647,0.618596,0.00283831,-0.710033,1,-0.1429,nan,nan,nan,nan,-0.0246111,-0.129602,-0.0326121,nan,-0.280127,0,-0.425297,-0.657673,nan,-1.57518,-0.644855,-0.778,1.53342,0.51,-1.47433,-0.0331667,0.654167,nan
1894,-33.1383,1000,-0.0385748,0.333333,0,0.10556,0.953695,0.336319,-0.00928853,0.643669,5.92593e-05,0.0118928,0.257181,14787.2,0.553367,0.277623,-0.4,0.2,442.759,2.32735e+07,0.820905,0.0750314,0.630236,0.00253799,-0.709431,1,-0.1362,nan,nan,nan,nan,-0.0225317,-0.113732,-0.0308051,nan,-0.279849,-0.0015,-0.42413,-0.670194,nan,-1.38945,-0.64334,-0.81,1.48897,0.4895,-1.499,-0.0355,0.601562,nan
1895,-37.4435,862.062,-0.0422982,0.458333,0.208333,0.104626,0.939745,0.33167,-0.00899723,0.641345,5.92593e-05,0.013676,0.257158,13021.5,0.568553,0.375115,-0.4,0.2,443.704,2.32858e+07,0.685371,0.0628483,0.523684,0.00287695,-0.61259,0.862062,-0.148088,nan,nan,nan,nan,-0.0282131,-0.144193,-0.0345175,nan,-0.244129,0,-0.363614,-0.58609,nan,-1.60587,-0.567657,-0.699,1.27426,0.52775,-1.2975,-0.037375,0.714063,-0.5
1896,-42.4623,938.667,-0.0394904,0.541667,0.0833333,0.103665,0.944033,0.289656,-0.00893724,0.639951,5.92593e-05,0.00998879,0.257135,11237.9,0.71889,0.374556,-0.4,0.2,444.799,2.3298e+07,0.665291,0.0639001,0.584994,0.00267401,-0.669028,0.938667,-0.162987,nan,nan,nan,nan,-0.0314116,-0.169351,-0.0387856,nan,-0.265352,0,-0.398381,-0.637585,nan,-1.87019,-0.616091,-0.7604,1.38559,0.587467,-1.39307,-0.0390667,0.766667,-0.5
1897,-45.0031,945.714,-0.0385211,0.541667,0.0416667,0.10108,0.937771,0.311405,-0.0103134,0.638535,5.92593e-05,0.0089253,0.257109,12314.7,0.666909,0.330926,-0.4,0.2,445.798,2.33103e+07,0.658471,0.0677346,0.582931,0.00369375,-0.670753,0.945714,-0.201057,nan,nan,nan,nan,-0.0315478,-0.161032,-0.0435478,nan,-0.266083,0,-0.40102,-0.632318,nan,-2.18603,-0.612447,-0.747,1.40622,0.705714,-1.406,-0.0492857,0.823214,-0.5
1898,-42.7731,1000,-0.0364458,0.541667,0,0.100102,0.951259,0.359343,-0.00809358,0.635955,5.92593e-05,0.0122831,0.257043,12728.5,0.644677,0.320715,-0.4,0.2,446.765,2.33226e+07,0.778731,0.0701168,0.60931,0.0030667,-0.709613,1,-0.173323,nan,nan,nan,nan,-0.0295255,-0.155026,-0.039711,nan,-0.281695,0,-0.419255,-0.674762,nan,-1.95004,-0.652087,-0.815308,1.47515,0.623385,-1.50677,-0.0393846,0.748077,nan
1899,-39.7399,974.357,-0.0401079,0.5,0.0833333,0.103909,0.944111,0.331883,-0.0089543,0.632498,5.92593e-05,0.0117754,0.256989,15321.4,0.552045,0.249968,-0.4,0.2,447.568,2.33349e+07,0.772421,0.072173,0.593231,0.00306234,-0.69241,0.974357,-0.173471,nan,nan,nan,nan,-0.0327976,-0.169329,-0.0409987,nan,-0.275107,-0.000285714,-0.40825,-0.668431,nan,-1.82598,-0.645104,-0.775286,1.44404,0.607429,-1.46114,-0.0395714,0.825893,-0.5
1900,-36.3367,983.9,-0.0411088,1.58333,0.0833333,0.103857,0.933588,0.270388,-0.00952305,0.629854,5.92593e-05,0.0106029,0.256932,16744.2,0.492696,0.241169,-0.4,0.2,448.303,2.33472e+07,0.809688,0.0689124,0.605918,0.00331517,-0.695943,0.9839,-0.16863,nan,nan,nan,nan,-0.0304387,-0.161992,-0.0395656,nan,-0.276902,0,-0.414377,-0.655532,nan,-1.80034,-0.641302,-0.77775,1.48704,0.6026,-1.4697,-0.03855,0.817812,-0.5
1901,-39.5741,988.188,-0.0391095,0.625,0.0416667,0.105087,0.935862,0.34511,-0.00877809,0.627181,5.92593e-05,0.0119636,0.256882,11821,0.705726,0.333776,-0.4,0.2,451.255,2.33595e+07,0.743548,0.0666216,0.604177,0.00356961,-0.699917,0.988187,-0.170863,nan,nan,nan,nan,-0.0296171,-0.155109,-0.0397839,nan,-0.278476,0,-0.41486,-0.662618,nan,-1.8275,-0.647668,-0.790125,1.48904,0.59825,-1.49275,-0.039375,0.807813,-0.5
1902,-34.5629,952.364,-0.0402374,0.375,0.0833333,0.106476,0.936175,0.274546,-0.00841042,0.624388,5.92593e-05,0.00703307,0.256798,14142.1,0.584209,0.284687,-0.4,0.2,452.126,2.33718e+07,0.78082,0.067025,0.598811,0.00249084,-0.679051,0.952364,-0.131836,nan,nan,nan,nan,-0.0287624,-0.148065,-0.0352823,nan,-0.270754,-0.000818182,-0.40235,-0.646957,nan,-1.53612,-0.634831,-0.733909,1.3944,0.496364,-1.41855,-0.0338182,0.771591,-0.5
1903,-41.5717,1000,-0.0379066,0.458333,0,0.1029,0.934713,0.271929,-0.00877683,0.619534,5.92593e-05,0.0111626,0.256695,14246.8,0.602595,0.259914,-0.4,0.2,452.99,2.33841e+07,0.775109,0.0648089,0.608752,0.00286064,-0.702201,1,-0.1582,nan,nan,nan,nan,-0.0292438,-0.156139,-0.0383891,nan,-0.279593,0,-0.42515,-0.655057,nan,-1.96901,-0.639674,-0.806182,1.46891,0.603636,-1.47855,-0.038,0.772727,nan
1904,-36.9316,942.158,-0.0416526,0.666667,0.125,0.104543,0.945607,0.308653,-0.00905295,0.614899,5.92593e-05,0.00521622,0.256605,12098.3,0.661246,0.354434,-0.4,0.2,454.007,2.33964e+07,0.702177,0.0627514,0.581253,0.00301792,-0.669567,0.942158,-0.139337,nan,nan,nan,nan,-0.0301491,-0.153042,-0.0371259,nan,-0.265905,0,-0.396331,-0.633243,nan,-1.68685,-0.621859,-0.759789,1.4115,0.529053,-1.42379,-0.0345263,0.851974,-0.5
1905,-37.6925,883.143,-0.0395754,0.25,0.0416667,0.103977,0.938237,0.285233,-0.0088075,0.61049,5.92593e-05,0.013298,0.256509,11703.9,0.667407,0.382499,-0.4,0.2,455.058,2.34086e+07,0.658628,0.0564821,0.548689,0.00264048,-0.626873,0.883143,-0.1354,nan,nan,nan,nan,-0.0290538,-0.147622,-0.0353533,nan,-0.250457,0,-0.371128,-0.60053,nan,-1.74408,-0.584269,-0.744429,1.28441,0.534286,-1.33486,-0.0274286,0.85,-0.5
1906,-26.7088,820.364,-0.0441879,0.333333,0.125,0.105135,0.950648,0.289579,-0.00905748,0.605597,5.92593e-05,0.0133118,0.256409,11426.2,0.693634,0.381787,-0.4,0.2,456.135,2.34209e+07,0.675797,0.0640093,0.516008,0.00235897,-0.583243,0.820364,-0.106127,nan,nan,nan,nan,-0.0190067,-0.100732,-0.0262125,nan,-0.231382,0,-0.343544,-0.522799,nan,-1.3296,-0.539076,-0.646909,1.2305,0.377818,-1.22545,-0.0229091,0.569318,-0.5
1907,-40.0525,1000,-0.0388968,0.5,0,0.104063,0.93938,0.290486,-0.00916565,0.601533,5.92593e-05,0.0119842,0.256352,12612.4,0.675261,0.299022,-0.4,0.2,457.111,2.34332e+07,0.737166,0.06921,0.622995,0.00331839,-0.707541,1,-0.161833,nan,nan,nan,nan,-0.0307814,-0.164824,-0.0399712,nan,-0.28099,0,-0.421893,-0.662215,nan,-1.95351,-0.653412,-0.779,1.51958,0.581667,-1.511,-0.0341667,0.864583,nan
1908,-43.7737,910.2,-0.0401408,0.541667,0.0833333,0.102209,0.930054,0.240417,-0.00868778,0.599561,5.92593e-05,0.00831139,0.256309,14189.6,0.531289,0.334699,-0.4,0.2,457.978,2.34455e+07,0.674858,0.0604469,0.548831,0.00308638,-0.640453,0.9102,-0.151947,nan,nan,nan,nan,-0.0273481,-0.136701,-0.0368763,nan,-0.256704,0,-0.384265,-0.589376,nan,-1.88718,-0.592767,-0.7262,1.37028,0.541333,-1.37973,-0.0373333,0.615833,-0.5
1909,-37.9076,911.053,-0.0388898,0.666667,0.125,0.102248,0.937332,0.367102,-0.00940498,0.597702,5.92593e-05,0.00775682,0.256306,12620.9,0.626573,0.347054,-0.4,0.2,458.953,2.34578e+07,0.646098,0.0614786,0.555075,0.00296404,-0.641422,0.911053,-0.131726,nan,nan,nan,nan,-0.0273545,-0.140868,-0.0334078,nan,-0.256564,0,-0.382333,-0.594386,nan,-1.68363,-0.592973,-0.741,1.36483,0.497684,-1.36568,-0.0287368,0.764474,-0.5
1910,-37.7021,984.385,-0.03836,0.458333,0.0833333,0.10253,0.944388,0.317251,-0.00882709,0.596633,5.92593e-05,0.0117388,0.256242,12223.9,0.633522,0.371723,-0.4,0.2,459.96,2.34701e+07,0.777723,0.0719987,0.607067,0.00294709,-0.703219,0.984385,-0.159138,nan,nan,nan,nan,-0.0349909,-0.189465,-0.0415864,nan,-0.279076,0,-0.41356,-0.662264,nan,-1.83224,-0.654433,-0.796385,1.44417,0.604,-1.48031,-0.0355385,0.981731,-0.5
1911,-37.7302,872.462,-0.0386267,0.416667,0.125,0.101734,0.952332,0.374152,-0.00838566,0.592536,5.92593e-05,0.0150844,0.256187,11695.2,0.686344,0.364342,-0.4,0.2,461.012,2.34824e+07,0.631476,0.0634853,0.544869,0.00274396,-0.615425,0.872462,-0.151185,nan,nan,nan,nan,-0.0270884,-0.141633,-0.0351078,nan,-0.245439,0,-0.36646,-0.581018,nan,-1.76039,-0.56846,-0.707538,1.30609,0.518769,-1.30985,-0.0387692,0.701923,-0.5
1912,-35.46,838.667,-0.0346888,0.208333,0.0416667,0.099672,0.936264,0.30378,-0.00851238,0.590408,5.92593e-05,0.00826012,0.256152,13592.1,0.557328,0.346723,-0.4,0.2,461.918,2.34947e+07,0.671876,0.0565544,0.519959,0.00253615,-0.593988,0.838667,-0.110533,nan,nan,nan,nan,-0.0228482,-0.12831,-0.0284662,nan,-0.235481,0,-0.352258,-0.529439,nan,-1.41068,-0.547891,-0.65,1.26056,0.423333,-1.27933,-0.026,0.452083,-0.5
1913,-30.9681,993.286,-0.0378277,0.25,0.0416667,0.102609,0.964285,0.288294,-0.00847473,0.58838,5.92593e-05,0.0135462,0.256098,12842.9,0.638704,0.318089,-0.4,0.2,462.876,2.35069e+07,0.882994,0.0645347,0.611188,0.00258642,-0.700078,0.993286,-0.142029,nan,nan,nan,nan,-0.029128,-0.147958,-0.0358662,nan,-0.279324,0,-0.422657,-0.669251,nan,-1.4813,-0.648642,-0.78,1.49645,0.534857,-1.456,-0.0331429,0.7625,-0.5
1914,-43.5386,1000,-0.0360628,0.583333,0,0.102147,0.946598,0.325682,-0.00932836,0.584892,5.92593e-05,0.0134785,0.256034,12964.8,0.61793,0.329869,-0.4,0.2,463.825,2.35192e+07,0.733875,0.0733401,0.618217,0.00361161,-0.7122,1,-0.179829,nan,nan,nan,nan,-0.0358736,-0.192077,-0.0438052,nan,-0.284258,0,-0.416554,-0.683335,nan,-2.09573,-0.669893,-0.839143,1.46687,0.661714,-1.49,-0.0418571,0.95,nan
1915,-35.2163,974.818,-0.0371402,0.416667,0.0416667,0.100767,0.959113,0.273361,-0.00935796,0.58142,5.92593e-05,0.00960735,0.255958,13302.5,0.641746,0.281987,-0.4,0.2,464.751,2.35315e+07,0.785298,0.0674066,0.602962,0.00306529,-0.690345,0.974818,-0.166273,nan,nan,nan,nan,-0.0349438,-0.179856,-0.0419793,nan,-0.277114,-9.09091e-05,-0.407515,-0.656153,nan,-1.71515,-0.650928,-0.769636,1.4663,0.600364,-1.46327,-0.0407273,0.878409,-0.5
1916,-42.1492,1000,-0.0371561,0.375,0,0.100826,0.951483,0.36513,-0.00881808,0.577305,5.92593e-05,0.00903417,0.255884,13043.6,0.589985,0.352086,-0.4,0.2,465.694,2.35438e+07,0.727942,0.0701756,0.596268,0.00318434,-0.702646,1,-0.176911,nan,nan,nan,nan,-0.0276867,-0.145227,-0.0387536,nan,-0.282297,0,-0.418658,-0.658159,nan,-1.78876,-0.652987,-0.833667,1.50544,0.585333,-1.47244,-0.0406667,0.643056,nan
1917,-33.1163,1000,-0.0341165,0.416667,0,0.0998613,0.948603,0.277401,-0.00892604,0.574078,5.92593e-05,0.0138779,0.255827,12313,0.64678,0.351187,-0.4,0.2,466.694,2.35561e+07,0.760403,0.0757446,0.623434,0.00326044,-0.705499,1,-0.16324,nan,nan,nan,nan,-0.0318587,-0.163702,-0.0409849,nan,-0.282479,0,-0.41816,-0.665044,nan,-1.68657,-0.657976,-0.8061,1.49151,0.602,-1.4892,-0.0376,0.93625,nan
1918,-45.9728,1000,-0.0371659,0.25,0,0.100991,0.94649,0.26736,-0.00900738,0.5707,5.92593e-05,0.0119206,0.255727,12596.2,0.641419,0.334117,-0.4,0.2,467.671,2.35684e+07,0.749985,0.074167,0.611178,0.00435193,-0.700123,1,-0.1912,nan,nan,nan,nan,-0.0302963,-0.153901,-0.0436586,nan,-0.280482,0,-0.41726,-0.643457,nan,-2.2718,-0.647607,-0.7705,1.4993,0.680667,-1.49333,-0.0413333,0.766667,nan
1919,-40.0054,1000,-0.0362951,0.5,0,0.10061,0.924335,0.294835,-0.00877522,0.565508,5.92593e-05,0.0101335,0.255619,13328.5,0.637715,0.284217,-0.4,0.2,468.594,2.35807e+07,0.728419,0.07233,0.596158,0.00331843,-0.698522,1,-0.180417,nan,nan,nan,nan,-0.0299399,-0.150812,-0.0420263,nan,-0.278924,0,-0.421196,-0.657269,nan,-1.92808,-0.643447,-0.7965,1.50643,0.647667,-1.487,-0.0415,0.801042,nan
1920,-39.3736,983.294,-0.0358883,0.666667,0.0416667,0.100973,0.946526,0.268852,-0.00914353,0.560713,5.92593e-05,0.00962086,0.255535,15278.9,0.540546,0.263701,-0.4,0.2,469.4,2.3593e+07,0.755619,0.076815,0.575047,0.00359069,-0.684746,0.983294,-0.1726,nan,nan,nan,nan,-0.0258966,-0.131543,-0.0377507,nan,-0.274039,0,-0.411834,-0.625466,nan,-1.79229,-0.629624,-0.792353,1.52172,0.578588,-1.48682,-0.0417647,0.672794,-0.5
1921,-37.3988,1000,-0.0347191,0.291667,0,0.101337,0.955946,0.257282,-0.00829191,0.557103,5.92593e-05,0.0101987,0.25548,16368.8,0.495433,0.255262,-0.4,0.2,470.152,2.36052e+07,0.80907,0.0728062,0.612411,0.00436539,-0.700729,1,-0.178829,nan,nan,nan,nan,-0.0308175,-0.158726,-0.0415194,nan,-0.280099,0,-0.417408,-0.642923,nan,-1.92494,-0.64993,-0.784286,1.53176,0.633143,-1.5,-0.0411429,0.817857,nan
1922,-34.2653,929.615,-0.038243,0.458333,0.0833333,0.100332,0.960966,0.342129,-0.00911599,0.554407,5.92593e-05,0.00969781,0.255432,16713.8,0.491584,0.243616,-0.4,0.2,470.888,2.36175e+07,0.717516,0.0742118,0.562728,0.00338403,-0.656296,0.929615,-0.167508,nan,nan,nan,nan,-0.0305902,-0.162973,-0.0392155,nan,-0.261797,0,-0.390212,-0.607123,nan,-1.67958,-0.6095,-0.730846,1.40269,0.589538,-1.41692,-0.0384615,0.875,-0.5
1923,-42.3666,1000,-0.0362121,0.166667,0,0.098579,0.946985,0.294833,-0.00922785,0.551642,5.92593e-05,0.00902711,0.255382,16622.8,0.487684,0.25154,-0.4,0.2,471.629,2.36298e+07,0.623519,0.067208,0.584281,0.0036841,-0.710976,1,-0.16125,nan,nan,nan,nan,-0.0353721,-0.197912,-0.0428823,nan,-0.282405,0,-0.414607,-0.648096,nan,-2.12435,-0.660857,-0.756,1.52006,0.659,-1.499,-0.033,0.990625,nan
1924,-38.9486,977.722,-0.0369848,0.708333,0.0416667,0.099821,0.957983,0.288515,-0.0106275,0.5482,5.92593e-05,0.015571,0.255312,16800.4,0.488192,0.24322,-0.4,0.2,472.361,2.36421e+07,0.781375,0.070857,0.592047,0.0026583,-0.686667,0.977722,-0.147189,nan,nan,nan,nan,-0.0264428,-0.134857,-0.0347117,nan,-0.274186,0,-0.411814,-0.637818,nan,-1.70539,-0.633006,-0.773167,1.47177,0.521778,-1.44489,-0.0318889,0.604167,-0.5
1925,-31.4785,850.5,-0.0408752,0.583333,0.166667,0.102944,0.942714,0.314292,-0.00888003,0.543994,5.92593e-05,0.00853183,0.255211,16745.5,0.491966,0.241844,-0.4,0.2,473.097,2.36544e+07,0.699295,0.0647674,0.525297,0.00267246,-0.597711,0.8505,-0.132589,nan,nan,nan,nan,-0.0231902,-0.116832,-0.0305893,nan,-0.23614,0,-0.359933,-0.555994,nan,-1.48229,-0.542967,-0.6665,1.32041,0.456222,-1.28289,-0.0342222,0.679861,-0.5
1926,-34.4246,968.875,-0.0356786,0.291667,0.0416667,0.0979973,0.956484,0.31314,-0.00936413,0.538371,5.92593e-05,0.0110541,0.255099,16892,0.486703,0.24074,-0.4,0.2,473.825,2.36667e+07,0.789429,0.0709768,0.608076,0.00291115,-0.691114,0.968875,-0.1421,nan,nan,nan,nan,-0.0305593,-0.165528,-0.0382611,nan,-0.273884,0,-0.406706,-0.647547,nan,-1.53776,-0.647908,-0.787125,1.43287,0.5295,-1.4705,-0.03175,0.809375,-0.5
1927,-33.574,1000,-0.0353816,0.791667,0,0.0999827,0.943839,0.327272,-0.00838666,0.533302,5.92593e-05,0.0118721,0.255013,16724.5,0.493889,0.240841,-0.4,0.2,474.561,2.3679e+07,0.815387,0.0750321,0.614046,0.00278179,-0.696126,1,-0.150095,nan,nan,nan,nan,-0.0289569,-0.156956,-0.0364287,nan,-0.279547,0,-0.423181,-0.642526,nan,-1.58901,-0.645388,-0.796579,1.52021,0.539368,-1.49684,-0.0354737,0.731579,nan
1928,-32.2146,917.75,-0.0367125,0.291667,0.0416667,0.100167,0.936442,0.354985,-0.00784397,0.529159,5.92593e-05,0.0151413,0.25493,16513.3,0.488161,0.255966,-0.4,0.2,475.307,2.36913e+07,0.72399,0.0678118,0.574564,0.00243068,-0.643073,0.91775,-0.12785,nan,nan,nan,nan,-0.0231269,-0.122561,-0.0302657,nan,-0.254655,0,-0.387233,-0.577953,nan,-1.43619,-0.58451,-0.721125,1.40008,0.4785,-1.383,-0.0265,0.604688,-0.5
1929,-42.7,1000,-0.0379444,0.291667,0,0.099667,0.940038,0.206064,-0.00946146,0.52511,5.92593e-05,0.00905904,0.254854,16679.4,0.491092,0.245626,-0.4,0.2,476.045,2.37036e+07,0.746645,0.0687335,0.584019,0.00357677,-0.701986,1,-0.1782,nan,nan,nan,nan,-0.0284316,-0.146844,-0.0399103,nan,-0.278593,0,-0.417653,-0.639344,nan,-1.91184,-0.639721,-0.863143,1.54176,0.606857,-1.50571,-0.0477143,0.7125,nan
1930,-31.8709,1000,-0.0360206,0.541667,0,0.0995801,0.938307,0.277139,-0.00905152,0.52069,5.92593e-05,0.0137655,0.254759,16521.5,0.502927,0.24083,-0.4,0.2,476.79,2.37158e+07,0.833292,0.0717029,0.607258,0.00291689,-0.704868,1,-0.160277,nan,nan,nan,nan,-0.0296162,-0.157568,-0.0379671,nan,-0.280897,0,-0.421262,-0.644385,nan,-1.66742,-0.64816,-0.786,1.54432,0.554154,-1.52738,-0.0375385,0.896154,nan
1931,-34.5811,898.2,-0.0360572,0.541667,0.0833333,0.10072,0.93332,0.337975,-0.00896507,0.516648,5.92593e-05,0.012329,0.254704,16438.6,0.499295,0.248215,-0.4,0.2,477.539,2.37281e+07,0.700635,0.0615636,0.542801,0.00286921,-0.632702,0.8982,-0.14336,nan,nan,nan,nan,-0.0275053,-0.146313,-0.0356029,nan,-0.252657,0,-0.375861,-0.593814,nan,-1.63406,-0.584412,-0.7178,1.35706,0.531733,-1.36453,-0.0328,0.784167,-0.5
1932,-35.3037,981,-0.0375972,0.541667,0.0833333,0.101352,0.943207,0.258303,-0.00908466,0.513807,5.92593e-05,0.0112059,0.254658,16565.3,0.499848,0.241945,-0.4,0.2,478.282,2.37404e+07,0.791701,0.0746309,0.597158,0.0031456,-0.689444,0.981,-0.15484,nan,nan,nan,nan,-0.0290275,-0.153539,-0.0376479,nan,-0.275285,0,-0.410262,-0.643467,nan,-1.61961,-0.641958,-0.7902,1.47843,0.553333,-1.4592,-0.0342667,0.760833,-0.5
1933,-36.0955,1000,-0.0353428,0.5,0,0.100593,0.930305,0.234921,-0.00925622,0.511305,5.92593e-05,0.0095452,0.254624,16882.1,0.489811,0.238059,-0.4,0.2,479.011,2.37527e+07,0.787558,0.0770893,0.61718,0.00313072,-0.69825,1,-0.154383,nan,nan,nan,nan,-0.0288415,-0.152737,-0.0383575,nan,-0.280877,0,-0.418532,-0.66258,nan,-1.8166,-0.652418,-0.8,1.51422,0.547667,-1.49533,-0.035,0.882292,nan
1934,-32.8451,1000,-0.0349134,0.375,0,0.100735,0.93308,0.278103,-0.00930561,0.509235,5.92593e-05,0.00792619,0.254593,16872.9,0.487839,0.240428,-0.4,0.2,479.74,2.3765e+07,0.881846,0.0738587,0.616563,0.00328553,-0.695056,1,-0.160178,nan,nan,nan,nan,-0.0260307,-0.135881,-0.0357573,nan,-0.277127,0,-0.419782,-0.634142,nan,-1.67017,-0.634896,-0.795,1.5531,0.569333,-1.46756,-0.0386667,0.65,nan
1935,-36.7021,907.8,-0.0358456,0.375,0.0416667,0.100237,0.924443,0.267005,-0.00996938,0.506666,5.92593e-05,0.0137529,0.254519,16363.3,0.502787,0.248164,-0.4,0.2,480.493,2.37773e+07,0.74292,0.060096,0.560376,0.00315548,-0.639822,0.9078,-0.155,nan,nan,nan,nan,-0.0293733,-0.156706,-0.038835,nan,-0.254478,0,-0.38234,-0.591369,nan,-1.82171,-0.587948,-0.7101,1.34953,0.5604,-1.3476,-0.0366,0.7825,-0.5
1936,-36.7163,970.4,-0.0369591,0.375,0.0416667,0.100142,0.948699,0.273163,-0.00907621,0.502185,5.92593e-05,0.0109478,0.254421,16561.2,0.495817,0.246159,-0.4,0.2,481.236,2.37896e+07,0.728542,0.0686528,0.596784,0.00249838,-0.685366,0.9704,-0.14504,nan,nan,nan,nan,-0.0339187,-0.187581,-0.0389788,nan,-0.273845,0,-0.407774,-0.664656,nan,-1.73485,-0.646637,-0.7992,1.41385,0.5456,-1.4904,-0.0314,1.0275,-0.5
1937,-34.5014,962.062,-0.0348946,0.625,0.0416667,0.10128,0.936967,0.329905,-0.0081413,0.497978,5.92593e-05,0.00838672,0.254361,16542.3,0.495581,0.247243,-0.4,0.2,481.98,2.38019e+07,0.77716,0.072731,0.593105,0.00304502,-0.670083,0.962062,-0.156463,nan,nan,nan,nan,-0.0322323,-0.17306,-0.0396076,nan,-0.270123,0,-0.405604,-0.642261,nan,-1.80468,-0.629384,-0.766313,1.44386,0.5795,-1.45675,-0.038875,0.960156,-0.5
1938,-40.7994,963.778,-0.0396092,0.666667,0.0833333,0.102054,0.927817,0.289953,-0.00819607,0.495732,5.92593e-05,0.0135748,0.254336,15603.8,0.530916,0.256586,-0.4,0.2,482.769,2.38141e+07,0.70071,0.0671744,0.555067,0.00379679,-0.670481,0.963778,-0.174511,nan,nan,nan,nan,-0.0290242,-0.14323,-0.0411,nan,-0.269796,-0.000166667,-0.402978,-0.60569,nan,-1.90495,-0.617803,-0.8015,1.48357,0.623556,-1.42022,-0.0464444,0.745833,-0.5
1939,-34.1654,980.909,-0.0355385,0.416667,0.0416667,0.0999046,0.94116,0.293985,-0.00812798,0.494548,5.92593e-05,0.00910919,0.254319,16556.8,0.495642,0.246531,-0.4,0.2,483.513,2.38264e+07,0.79572,0.0810181,0.601259,0.00251894,-0.686934,0.980909,-0.151036,nan,nan,nan,nan,-0.0310791,-0.168776,-0.0375193,nan,-0.275918,0,-0.415864,-0.653464,nan,-1.62747,-0.639004,-0.784909,1.46132,0.554909,-1.47091,-0.0396364,0.842045,-0.5
1940,-37.6215,1000,-0.0321661,0.416667,0,0.10046,0.928991,0.284359,-0.0098873,0.49179,5.92593e-05,0.0136323,0.254209,16281.7,0.504796,0.249916,-0.4,0.2,484.269,2.38387e+07,0.774307,0.0674861,0.601483,0.00341204,-0.702322,1,-0.16238,nan,nan,nan,nan,-0.0329364,-0.177687,-0.0395889,nan,-0.280788,0,-0.422331,-0.655679,nan,-1.81185,-0.655055,-0.8166,1.51175,0.6204,-1.486,-0.0342,0.8175,nan
1941,-29.7533,882.176,-0.0373887,0.583333,0.125,0.10269,0.944964,0.33114,-0.0088042,0.485631,5.92593e-05,0.0109485,0.25409,16312.4,0.513629,0.239664,-0.4,0.2,485.023,2.3851e+07,0.713291,0.0633125,0.542617,0.00290188,-0.618775,0.882176,-0.147118,nan,nan,nan,nan,-0.0268082,-0.140403,-0.0346202,nan,-0.246746,0,-0.37128,-0.584853,nan,-1.48091,-0.569083,-0.700941,1.34639,0.535294,-1.32565,-0.0294118,0.791176,-0.5
1942,-39.4678,992.698,-0.0371197,1.70833,0.0833333,0.100838,0.939995,0.365708,-0.0106444,0.480946,5.92593e-05,0.00992915,0.254023,16690.6,0.492873,0.243349,-0.4,0.2,485.761,2.38633e+07,0.781988,0.0728388,0.59361,0.00379544,-0.692162,0.992698,-0.184502,nan,nan,nan,nan,-0.0312059,-0.160354,-0.0426837,nan,-0.277756,0,-0.415882,-0.62935,nan,-1.97895,-0.640405,-0.813,1.50722,0.640558,-1.47051,-0.0424186,0.836337,-0.5
1943,-32.9276,1000,-0.0355008,0.75,0,0.100204,0.918466,0.317513,-0.0098458,0.477686,5.92593e-05,0.0122434,0.253958,16057.6,0.518049,0.247196,-0.4,0.2,486.527,2.38756e+07,0.818342,0.0721646,0.600377,0.00319012,-0.705338,1,-0.158167,nan,nan,nan,nan,-0.0336522,-0.183481,-0.0401887,nan,-0.281795,0,-0.417802,-0.671656,nan,-1.655,-0.663104,-0.836333,1.49782,0.566,-1.508,-0.0393333,0.989583,nan
1944,-30.1843,784.75,-0.0352924,0.25,0.0833333,0.100349,0.934359,0.325825,-0.0082902,0.474355,5.92593e-05,0.00795376,0.253904,16590.7,0.490925,0.249733,-0.4,0.2,487.269,2.38879e+07,0.624547,0.0587625,0.473087,0.00249074,-0.551462,0.78475,-0.11785,nan,nan,nan,nan,-0.02403,-0.124572,-0.0294365,nan,-0.220665,0,-0.328262,-0.512454,nan,-1.3518,-0.512067,-0.623625,1.18249,0.432,-1.171,-0.02825,0.653125,-0.5
1945,-33.141,992.6,-0.035795,0.375,0.0416667,0.0992046,0.933411,0.301226,-0.00850584,0.471538,5.92593e-05,0.00835677,0.253831,16762.2,0.490671,0.242409,-0.4,0.2,488.004,2.39002e+07,0.808191,0.0672694,0.596426,0.00309936,-0.704505,0.9926,-0.16004,nan,nan,nan,nan,-0.0348486,-0.186261,-0.0421598,nan,-0.280336,0,-0.412899,-0.658296,nan,-1.79095,-0.660063,-0.8007,1.49357,0.6104,-1.4956,-0.0382,1.08625,-0.5
1946,-34.2527,1000,-0.0345052,0.708333,0,0.101483,0.931144,0.305846,-0.00877634,0.467504,5.92593e-05,0.0101611,0.253752,15759.2,0.514155,0.265578,-0.4,0.2,488.785,2.39124e+07,0.818576,0.0735784,0.607302,0.0029996,-0.696541,1,-0.155118,nan,nan,nan,nan,-0.0294568,-0.15986,-0.0379048,nan,-0.279669,0,-0.420797,-0.64195,nan,-1.6926,-0.647392,-0.819,1.51543,0.564471,-1.49247,-0.034,0.811765,nan
1947,-38.3392,839.571,-0.0369389,0.208333,0.0833333,0.101256,0.91984,0.312733,-0.00907111,0.463576,5.92593e-05,0.012836,0.253686,16283.2,0.510018,0.244624,-0.4,0.2,489.541,2.39247e+07,0.599538,0.0625686,0.507715,0.00262776,-0.585886,0.839571,-0.1368,nan,nan,nan,nan,-0.0256812,-0.130683,-0.0329397,nan,-0.236282,0,-0.347544,-0.563793,nan,-1.53119,-0.550243,-0.692143,1.23242,0.481714,-1.25714,-0.0331429,0.623214,-0.5
1948,-31.5381,978.455,-0.0377884,0.416667,0.0416667,0.10287,0.913339,0.288955,-0.00905729,0.459839,5.92593e-05,0.0109078,0.253592,16021.2,0.50833,0.258652,-0.4,0.2,490.309,2.3937e+07,0.85358,0.0769673,0.597795,0.00274519,-0.682238,0.978455,-0.138055,nan,nan,nan,nan,-0.0280243,-0.146725,-0.0338022,nan,-0.273878,-0.000363636,-0.413432,-0.622594,nan,-1.53564,-0.629728,-0.778091,1.50894,0.506909,-1.44,-0.032,0.697727,-0.5
1949,-41.8922,1000,-0.036577,0.583333,0,0.100395,0.915752,0.296702,-0.00962298,0.455295,5.92593e-05,0.013013,0.253523,16597.1,0.492481,0.24789,-0.4,0.2,491.051,2.39493e+07,0.715144,0.0721367,0.589497,0.00361118,-0.701219,1,-0.167543,nan,nan,nan,nan,-0.0305982,-0.16017,-0.0402998,nan,-0.279724,0,-0.416819,-0.6538,nan,-2.03544,-0.649159,-0.828857,1.5156,0.614,-1.48257,-0.0378571,0.879464,nan
1950,-31.0603,987,-0.037309,0.625,0.0416667,0.101151,0.932635,0.343302,-0.00914261,0.452953,5.92593e-05,0.0102813,0.253508,16324.5,0.510072,0.242662,-0.4,0.2,491.805,2.39616e+07,0.846417,0.0704545,0.619496,0.00307232,-0.679882,0.987,-0.148863,nan,nan,nan,nan,-0.0278237,-0.144722,-0.035215,nan,-0.273614,0,-0.416375,-0.631874,nan,-1.81995,-0.624422,-0.782813,1.50051,0.56,-1.45425,-0.035,0.852344,-0.5
1951,-37.0789,925.385,-0.0370981,0.5,0.0416667,0.102043,0.914661,0.293601,-0.00874512,0.4521,5.92593e-05,0.00586554,0.253483,13781,0.545969,0.345692,-0.4,0.2,492.698,2.39739e+07,0.721021,0.0745859,0.540678,0.00324075,-0.651117,0.925385,-0.165246,nan,nan,nan,nan,-0.030026,-0.156892,-0.0392335,nan,-0.258473,0,-0.388449,-0.59682,nan,-2.04822,-0.59388,-0.766846,1.39783,0.605231,-1.36708,-0.0373846,0.858654,-0.5
1952,-40.2592,960.267,-0.0370565,0.541667,0.0833333,0.103032,0.919279,0.356502,-0.00833411,0.450185,5.92593e-05,0.0079817,0.253439,12502.2,0.652586,0.330279,-0.4,0.2,493.682,2.39862e+07,0.705442,0.0673415,0.556745,0.00359711,-0.667282,0.960267,-0.17052,nan,nan,nan,nan,-0.0297878,-0.156405,-0.0398178,nan,-0.268617,0,-0.401807,-0.60718,nan,-1.89432,-0.614586,-0.8032,1.46507,0.6336,-1.44027,-0.0370667,0.7925,-0.5
1953,-36.8502,1000,-0.0373648,0.416667,0,0.100716,0.929743,0.331134,-0.00923273,0.448284,8.88889e-05,0.00363941,0.253413,12626,0.653951,0.319277,-0.4,0.2,494.657,2.39985e+07,0.758305,0.0682542,0.5943,0.00327923,-0.698125,1,-0.13848,nan,nan,nan,nan,-0.0303053,-0.15805,-0.0371164,nan,-0.280672,0,-0.415183,-0.639128,nan,-1.78748,-0.650312,-0.8388,1.51936,0.5228,-1.4896,-0.0368,0.89125,nan
1954,-27.4241,1000,-0.0355132,0.333333,0,0.0990515,0.934385,0.289759,-0.00980965,0.445566,8.88889e-05,0.0130081,0.253343,12722.9,0.618622,0.347194,-0.4,0.2,495.624,2.40108e+07,0.882854,0.0753934,0.628582,0.00241456,-0.705661,1,-0.14585,nan,nan,nan,nan,-0.0312921,-0.164699,-0.0374109,nan,-0.280096,0,-0.421297,-0.652182,nan,-1.5179,-0.654671,-0.7755,1.50192,0.53,-1.498,-0.03125,0.923437,nan
1955,-33.9964,1000,-0.0358918,0.333333,0,0.102556,0.941823,0.263495,-0.009497,0.441637,8.88889e-05,0.0117695,0.253262,13120.7,0.601173,0.335363,-0.4,0.2,496.562,2.4023e+07,0.824437,0.0704749,0.625327,0.0037739,-0.695345,1,-0.173375,nan,nan,nan,nan,-0.029678,-0.151985,-0.040952,nan,-0.279088,0,-0.418275,-0.620763,nan,-1.86705,-0.643196,-0.765,1.54319,0.6005,-1.4745,-0.038,0.829687,nan
1956,-39.1918,955.286,-0.0356071,0.541667,0.0416667,0.103661,0.935639,0.262638,-0.00980858,0.436995,8.88889e-05,0.0141853,0.253166,13151.6,0.613914,0.32042,-0.4,0.2,497.498,2.40353e+07,0.763542,0.0731585,0.57482,0.00344491,-0.666033,0.955286,-0.171043,nan,nan,nan,nan,-0.0287377,-0.145174,-0.0389811,nan,-0.265586,0,-0.400757,-0.60985,nan,-1.90856,-0.610231,-0.790714,1.46579,0.6,-1.42,-0.0372857,0.733036,-0.5
1957,-35.5361,1000,-0.0356156,0.416667,0,0.102041,0.922592,0.291876,-0.00998589,0.432852,8.88889e-05,0.0179075,0.253136,13148.8,0.597014,0.337519,-0.4,0.2,498.434,2.40476e+07,0.798637,0.0666145,0.606727,0.00292433,-0.696095,1,-0.144,nan,nan,nan,nan,-0.0274703,-0.141809,-0.0362818,nan,-0.278278,0,-0.420104,-0.635935,nan,-1.71992,-0.642354,-0.807,1.53399,0.544,-1.5064,-0.0378,0.76375,nan
1958,-26.9854,1000,-0.0303851,0.416667,0,0.101069,0.91302,0.280015,-0.00983936,0.431768,8.88889e-05,0.00846491,0.253124,12818.4,0.660737,0.297886,-0.4,0.2,499.394,2.40599e+07,0.833931,0.0765542,0.617356,0.00266732,-0.693509,1,-0.1495,nan,nan,nan,nan,-0.0307929,-0.17354,-0.0374253,nan,-0.279164,0,-0.421635,-0.654687,nan,-1.44179,-0.648043,-0.8142,1.51356,0.5364,-1.4836,-0.0356,0.93375,nan
1959,-33.3507,894.571,-0.0368385,0.208333,0.0833333,0.102567,0.926095,0.327472,-0.00883879,0.430391,8.88889e-05,0.0129521,0.253107,11786.9,0.670042,0.372475,-0.4,0.2,500.438,2.40722e+07,0.766675,0.0632499,0.550523,0.00309764,-0.619635,0.894571,-0.160829,nan,nan,nan,nan,-0.0290551,-0.151398,-0.0377627,nan,-0.249573,0,-0.376044,-0.582611,nan,-1.69009,-0.575471,-0.688286,1.35246,0.592571,-1.31371,-0.0394286,0.766071,-0.5
1960,-45.6303,1000,-0.0361162,0.25,0,0.103008,0.92992,0.300429,-0.00957514,0.428936,8.88889e-05,0.0152027,0.253078,12785.1,0.648941,0.312179,-0.4,0.2,501.401,2.40845e+07,0.770475,0.074394,0.563372,0.00395356,-0.687869,1,-0.205833,nan,nan,nan,nan,-0.0284187,-0.135963,-0.0446451,nan,-0.277723,-0.000166667,-0.415128,-0.610952,nan,-2.31677,-0.629239,-0.7935,1.55667,0.670667,-1.452,-0.052,0.729167,nan
1961,-39.8653,1000,-0.0320953,0.583333,0,0.0999885,0.932089,0.321272,-0.00891008,0.426694,8.88889e-05,0.0125975,0.253023,12671.5,0.616878,0.352859,-0.4,0.2,502.372,2.40968e+07,0.725252,0.0741747,0.584196,0.00367222,-0.687254,1,-0.186657,nan,nan,nan,nan,-0.0305892,-0.1563,-0.0421742,nan,-0.27915,0,-0.417725,-0.639058,nan,-1.96638,-0.643756,-0.840643,1.50892,0.686571,-1.47371,-0.043,0.830357,nan
1962,-32.0368,1000,-0.0337289,0.416667,0,0.100142,0.937784,0.267145,-0.00908497,0.423309,8.88889e-05,0.013442,0.252931,12061.7,0.689694,0.329069,-0.4,0.2,503.393,2.41091e+07,0.835902,0.0758151,0.600211,0.00360447,-0.693854,1,-0.17648,nan,nan,nan,nan,-0.0321047,-0.171984,-0.0414016,nan,-0.279917,0,-0.416001,-0.628517,nan,-1.75732,-0.648825,-0.8007,1.52918,0.6088,-1.4756,-0.0464,0.91375,nan
1963,-32.8628,943.4,-0.0359806,0.375,0.0416667,0.10509,0.920274,0.216762,-0.00898364,0.41738,8.88889e-05,0.0126639,0.252783,12468,0.601543,0.384023,-0.4,0.2,504.38,2.41213e+07,0.730476,0.0744838,0.580337,0.00283192,-0.646846,0.9434,-0.14294,nan,nan,nan,nan,-0.0254056,-0.135468,-0.0325828,nan,-0.261262,0,-0.396755,-0.594633,nan,-1.51068,-0.594583,-0.7527,1.42424,0.5112,-1.4352,-0.0348,0.70375,-0.5
1964,-33.6141,941.538,-0.0374052,0.458333,0.0833333,0.104189,0.92593,0.25093,-0.0105791,0.410171,8.88889e-05,0.0175485,0.25268,11609.1,0.673904,0.384576,-0.4,0.2,505.44,2.41336e+07,0.727611,0.0768729,0.570198,0.003267,-0.651678,0.941538,-0.165338,nan,nan,nan,nan,-0.0275303,-0.138499,-0.0373472,nan,-0.261099,0,-0.394902,-0.585785,nan,-1.67733,-0.596876,-0.754385,1.44323,0.576,-1.388,-0.0358462,0.772115,-0.5
1965,-38.9329,1000,-0.0339518,0.25,0,0.103216,0.929921,0.297348,-0.0109279,0.40593,8.88889e-05,0.0187318,0.252622,11757.2,0.642155,0.402989,-0.4,0.2,506.491,2.41459e+07,0.766895,0.063583,0.572822,0.00311515,-0.690025,1,-0.161933,nan,nan,nan,nan,-0.0270632,-0.143077,-0.0365169,nan,-0.278046,0,-0.417782,-0.636903,nan,-1.73619,-0.639673,-0.8655,1.51381,0.561333,-1.502,-0.0393333,0.745833,nan
1966,-34.5853,980.684,-0.0355321,0.75,0.0416667,0.104189,0.934443,0.348794,-0.0104415,0.403516,8.88889e-05,0.0123616,0.2526,13164.1,0.616888,0.316557,-0.4,0.2,507.427,2.41582e+07,0.769651,0.0761245,0.597564,0.0036529,-0.682551,0.980684,-0.171642,nan,nan,nan,nan,-0.0313409,-0.15523,-0.0415103,nan,-0.27457,0,-0.409216,-0.620272,nan,-1.85391,-0.638108,-0.797842,1.48989,0.604632,-1.47432,-0.0430526,0.968421,-0.5
1967,-28.5469,958.412,-0.0348033,0.666667,0.0416667,0.1037,0.939435,0.350625,-0.0107645,0.402374,8.88889e-05,0.0157781,0.252575,15973.2,0.519468,0.249821,-0.4,0.2,508.198,2.41705e+07,0.770356,0.071166,0.581217,0.0028629,-0.666792,0.958412,-0.155424,nan,nan,nan,nan,-0.0281167,-0.148281,-0.0363756,nan,-0.267575,0,-0.402504,-0.622507,nan,-1.55801,-0.613618,-0.747529,1.45563,0.548941,-1.40659,-0.0354118,0.902206,-0.5
1968,-38.2313,860.444,-0.0391442,0.25,0.125,0.101889,0.948527,0.300306,-0.0107195,0.399256,8.88889e-05,0.0144175,0.252485,13209.1,0.550424,0.379841,-0.4,0.2,509.129,2.41828e+07,0.605841,0.0611809,0.518506,0.00295414,-0.604402,0.860444,-0.155444,nan,nan,nan,nan,-0.0312214,-0.152712,-0.0387742,nan,-0.242411,0,-0.360813,-0.557001,nan,-1.69043,-0.56918,-0.710333,1.2579,0.572,-1.29778,-0.0382222,0.825,-0.5
1969,-33.009,1000,-0.0325087,0.75,0,0.100911,0.916604,0.367689,-0.00974192,0.393802,8.88889e-05,0.0130176,0.252378,11832,0.69144,0.347102,-0.4,0.2,510.17,2.41951e+07,0.825123,0.076446,0.593112,0.00380806,-0.689309,1,-0.184367,nan,nan,nan,nan,-0.0294423,-0.151469,-0.0415476,nan,-0.277076,-5.55556e-05,-0.419191,-0.634752,nan,-1.79603,-0.63151,-0.795833,1.54495,0.622889,-1.484,-0.0412222,0.859028,nan
1970,-42.1995,954.333,-0.0325758,0.333333,0.0416667,0.10241,0.92507,0.307339,-0.010349,0.387818,8.88889e-05,0.00864425,0.252254,11905.7,0.639764,0.392348,-0.4,0.2,511.203,2.42074e+07,0.650706,0.0755481,0.547604,0.004303,-0.664501,0.954333,-0.186511,nan,nan,nan,nan,-0.030459,-0.155728,-0.0400524,nan,-0.266638,0,-0.394972,-0.604961,nan,-1.92429,-0.616566,-0.829667,1.43187,0.610222,-1.38222,-0.0491111,0.816667,-0.5
1971,-26.5159,988.75,-0.0350879,0.291667,0.0416667,0.101944,0.945418,0.309898,-0.0104281,0.382132,8.88889e-05,0.00934986,0.252177,12657.9,0.658996,0.311778,-0.4,0.2,512.175,2.42196e+07,0.943111,0.0742327,0.634613,0.00223062,-0.67644,0.98875,-0.1072,nan,nan,nan,nan,-0.0203395,-0.101286,-0.0249514,nan,-0.272847,0,-0.421805,-0.61616,nan,-1.15671,-0.619837,-0.736875,1.51847,0.355,-1.4795,-0.03325,0.4875,-0.5
1972,-35.6436,973.875,-0.0336664,0.625,0.0416667,0.10056,0.925809,0.305139,-0.0109851,0.377336,8.88889e-05,0.0162027,0.252064,13249.6,0.664556,0.262868,-0.4,0.2,513.105,2.42319e+07,0.779187,0.0724264,0.587314,0.00327387,-0.669351,0.973875,-0.164663,nan,nan,nan,nan,-0.0271888,-0.138441,-0.0374751,nan,-0.271782,-0.00025,-0.407261,-0.619942,nan,-1.68777,-0.625051,-0.802688,1.48683,0.57125,-1.46675,-0.041625,0.735156,-0.5
1973,-38.6695,1000,-0.0322775,0.541667,0,0.101239,0.904128,0.31511,-0.0100571,0.370511,8.88889e-05,0.0139837,0.251949,14185,0.507513,0.358753,-0.4,0.2,513.973,2.42442e+07,0.747286,0.0739533,0.562423,0.00376429,-0.688809,1,-0.194077,nan,nan,nan,nan,-0.0271815,-0.133748,-0.0412387,nan,-0.276096,0,-0.420362,-0.626239,nan,-1.95125,-0.621393,-0.837,1.53938,0.684615,-1.45538,-0.05,0.777885,nan
1974,-37.5995,1000,-0.0312139,0.5,0,0.101523,0.929487,0.321323,-0.00973421,0.365841,8.88889e-05,0.00887308,0.251892,11404.3,0.69108,0.386407,-0.4,0.2,515.052,2.42565e+07,0.772708,0.0656502,0.600412,0.00369532,-0.678386,1,-0.17625,nan,nan,nan,nan,-0.0285291,-0.143289,-0.0393734,nan,-0.276319,0,-0.421144,-0.613467,nan,-1.8966,-0.626412,-0.81175,1.5322,0.615333,-1.483,-0.0431667,0.767708,nan
1975,-36.9668,988.077,-0.0337245,0.458333,0.0833333,0.103424,0.918351,0.287667,-0.00990586,0.363058,8.88889e-05,0.0140978,0.251854,11946.6,0.688231,0.340345,-0.4,0.2,516.082,2.42688e+07,0.752365,0.0718395,0.602768,0.00310385,-0.68008,0.988077,-0.144969,nan,nan,nan,nan,-0.0306597,-0.158783,-0.0371037,nan,-0.275181,0,-0.414467,-0.617839,nan,-1.81071,-0.636788,-0.773538,1.50178,0.529538,-1.48308,-0.0307692,0.873077,-0.5
1976,-29.6055,963.222,-0.0343806,0.333333,0.0416667,0.101956,0.913515,0.307137,-0.0106172,0.360402,8.88889e-05,0.013795,0.251783,13065.6,0.638308,0.30218,-0.4,0.2,517.024,2.42811e+07,0.761621,0.0656775,0.589609,0.00272037,-0.668636,0.963222,-0.149467,nan,nan,nan,nan,-0.0300753,-0.153964,-0.0374498,nan,-0.269405,0,-0.402265,-0.620532,nan,-1.56938,-0.620049,-0.755,1.43638,0.572444,-1.448,-0.0324444,0.940278,-0.5
1977,-33.7617,890.833,-0.0359306,0.333333,0.166667,0.101667,0.92778,0.350419,-0.0108091,0.35676,8.88889e-05,0.0105239,0.251747,15535.9,0.535662,0.255279,-0.4,0.2,517.816,2.42934e+07,0.704049,0.0651996,0.533256,0.00254502,-0.619145,0.890833,-0.1364,nan,nan,nan,nan,-0.0263785,-0.13768,-0.0339577,nan,-0.2497,0,-0.372296,-0.556176,nan,-1.47322,-0.576195,-0.735,1.32638,0.499667,-1.316,-0.0351667,0.723958,-0.5
1978,-32.8968,841.167,-0.0363291,0.375,0.125,0.100423,0.917823,0.31583,-0.00843175,0.353574,8.88889e-05,0.0160076,0.25167,15909.6,0.493791,0.278574,-0.4,0.2,518.59,2.43057e+07,0.706373,0.0593194,0.509197,0.00334467,-0.58247,0.841167,-0.17765,nan,nan,nan,nan,-0.0273451,-0.139954,-0.0384501,nan,-0.233257,0,-0.352835,-0.536971,nan,-1.689,-0.537602,-0.69225,1.27246,0.585,-1.24967,-0.0413333,0.802083,-0.5
1979,-29.6715,961.45,-0.0361474,0.75,0.0833333,0.0991103,0.942976,0.328838,-0.0123797,0.348706,8.88889e-05,0.0140973,0.251604,12499.9,0.63464,0.348407,-0.4,0.2,519.574,2.4318e+07,0.805001,0.0743021,0.592252,0.00286344,-0.657899,0.96145,-0.15823,nan,nan,nan,nan,-0.0277396,-0.140805,-0.0357489,nan,-0.26607,0,-0.408554,-0.601917,nan,-1.59469,-0.608523,-0.7515,1.44429,0.559,-1.4212,-0.0361,0.83625,-0.5
1980,-36.0594,881.688,-0.033383,0.583333,0.0833333,0.100091,0.916525,0.285651,-0.0105618,0.344783,0.000133333,0.00466003,0.251507,12963.3,0.632559,0.315351,-0.4,0.2,520.524,2.43302e+07,0.705754,0.063406,0.509652,0.00333105,-0.608968,0.881687,-0.166875,nan,nan,nan,nan,-0.0275861,-0.140638,-0.0364257,nan,-0.245531,0,-0.367291,-0.559188,nan,-1.72404,-0.564962,-0.734062,1.33105,0.593,-1.3065,-0.036125,0.689844,-0.5
1981,-26.278,944.583,-0.0335473,0.458333,0.0416667,0.101056,0.907227,0.304938,-0.00981762,0.337287,0.000133333,0.0179704,0.251312,12638.9,0.649182,0.323056,-0.4,0.2,521.498,2.43425e+07,0.815802,0.0689763,0.585847,0.00290897,-0.648625,0.944583,-0.148,nan,nan,nan,nan,-0.0266014,-0.135518,-0.0340985,nan,-0.260771,0,-0.399688,-0.60935,nan,-1.39698,-0.598507,-0.72425,1.43553,0.531333,-1.381,-0.0355,0.741667,-0.5
1982,-31.3085,965.3,-0.0344824,0.375,0.0416667,0.103715,0.902917,0.346945,-0.0115378,0.328576,0.000133333,0.0124005,0.251208,14638.7,0.554137,0.28528,-0.4,0.2,522.339,2.43548e+07,0.783661,0.0782626,0.61204,0.00287843,-0.664599,0.9653,-0.15432,nan,nan,nan,nan,-0.0245484,-0.126893,-0.0338631,nan,-0.268066,0,-0.404622,-0.586635,nan,-1.50583,-0.614204,-0.7374,1.48481,0.4984,-1.426,-0.0388,0.645,-0.5
1983,-34.0635,1000,-0.0291251,0.625,0,0.099629,0.901602,0.314886,-0.0100241,0.324861,0.000133333,0.0184691,0.251192,14794.3,0.528023,0.302568,-0.4,0.2,523.17,2.43671e+07,0.814705,0.0793577,0.581928,0.0041264,-0.685313,1,-0.19488,nan,nan,nan,nan,-0.0297461,-0.152118,-0.0427186,nan,-0.277593,0,-0.416648,-0.612635,nan,-1.8491,-0.633117,-0.8368,1.51844,0.661867,-1.47387,-0.0424,0.883333,nan
1984,-35.4996,1000,-0.0364599,1.70833,0,0.100785,0.91256,0.242683,-0.0113463,0.322656,0.000133333,0.0155618,0.251098,12515.7,0.571567,0.410238,-0.4,0.2,524.154,2.43794e+07,0.774666,0.0771284,0.592934,0.0034718,-0.690489,1,-0.170829,nan,nan,nan,nan,-0.0287113,-0.149165,-0.0384631,nan,-0.277198,-4.87805e-05,-0.419653,-0.624225,nan,-1.7503,-0.635984,-0.806561,1.53026,0.60439,-1.49454,-0.0399512,0.768293,nan
1985,-36.8801,991.929,-0.0313335,0.541667,0.0416667,0.0988963,0.915648,0.29664,-0.00963175,0.31587,0.000133333,0.0149399,0.250952,11809.5,0.697863,0.342655,-0.4,0.2,525.196,2.43917e+07,0.761654,0.0748448,0.581736,0.00359973,-0.681138,0.991929,-0.171343,nan,nan,nan,nan,-0.0284528,-0.147705,-0.0395868,nan,-0.274906,0,-0.415504,-0.616726,nan,-1.73635,-0.629142,-0.829286,1.51215,0.622571,-1.47029,-0.0395714,0.723214,-0.5
1986,-35.4464,855.455,-0.033727,0.375,0.0833333,0.0990917,0.920043,0.351347,-0.0103904,0.307329,0.000133333,0.0147323,0.250782,11503.5,0.651327,0.416869,-0.4,0.2,526.266,2.4404e+07,0.617149,0.0700426,0.511466,0.00331514,-0.583128,0.855455,-0.142636,nan,nan,nan,nan,-0.0250669,-0.124917,-0.0336983,nan,-0.238227,0,-0.358299,-0.539978,nan,-1.59561,-0.549262,-0.721364,1.30094,0.500364,-1.28145,-0.034,0.6875,-0.5
1987,-30.9519,1000,-0.0328408,0.458333,0,0.100439,0.922496,0.31233,-0.0108837,0.301736,0.000133333,0.0175016,0.250789,13030,0.631349,0.311702,-0.4,0.2,527.21,2.44163e+07,0.813377,0.0809213,0.607967,0.00289995,-0.686967,1,-0.1598,nan,nan,nan,nan,-0.0300984,-0.164468,-0.0382579,nan,-0.277554,0,-0.420131,-0.644717,nan,-1.59094,-0.641531,-0.812455,1.52334,0.565818,-1.51455,-0.0354545,0.875,nan
1988,-34.8177,1000,-0.0336411,0.541667,0,0.102148,0.917513,0.240183,-0.0109841,0.301087,0.000133333,0.0152045,0.250723,13375.2,0.593148,0.325564,-0.4,0.2,528.13,2.44285e+07,0.798314,0.0765623,0.596832,0.00336954,-0.685029,1,-0.175154,nan,nan,nan,nan,-0.0292971,-0.154174,-0.0397428,nan,-0.276217,0,-0.424329,-0.632113,nan,-1.75889,-0.629307,-0.820154,1.53156,0.598154,-1.48062,-0.0473846,0.806731,nan
1989,-35.8734,1000,-0.0333339,0.25,0,0.09994,0.916882,0.280971,-0.0101786,0.295613,0.000133333,0.0187138,0.250647,16844.9,0.489789,0.239692,-0.4,0.2,528.861,2.44408e+07,0.754807,0.077183,0.56471,0.00475209,-0.68844,1,-0.214167,nan,nan,nan,nan,-0.0328912,-0.167011,-0.0471077,nan,-0.276584,0,-0.41591,-0.601641,nan,-2.07872,-0.628021,-0.8025,1.54762,0.765333,-1.44667,-0.048,0.939583,nan
1990,-34.5581,948.556,-0.0344852,0.333333,0.0416667,0.0997593,0.935724,0.304109,-0.0120455,0.291399,0.000133333,0.0165975,0.25055,12250.7,0.644644,0.358402,-0.4,0.2,529.865,2.44531e+07,0.703928,0.0729324,0.574399,0.00265743,-0.647604,0.948556,-0.137178,nan,nan,nan,nan,-0.0255074,-0.1312,-0.0320874,nan,-0.261193,0,-0.403935,-0.583682,nan,-1.52705,-0.596052,-0.765333,1.45167,0.500444,-1.41867,-0.028,0.630556,-0.5
1991,-36.2965,923.25,-0.0315054,0.583333,0.0833333,0.0987361,0.914186,0.343621,-0.0111901,0.285301,0.000133333,0.0157488,0.250411,12731.5,0.63709,0.328075,-0.4,0.2,530.832,2.44654e+07,0.678212,0.0712511,0.549229,0.0035197,-0.634163,0.92325,-0.171737,nan,nan,nan,nan,-0.0315614,-0.160553,-0.0409993,nan,-0.256902,0,-0.387218,-0.58655,nan,-1.80417,-0.592568,-0.7665,1.37944,0.6135,-1.38625,-0.040625,0.889062,-0.5
1992,-35.0335,959.895,-0.0352098,0.666667,0.125,0.100656,0.921946,0.270431,-0.0114284,0.277432,0.000133333,0.011297,0.250243,12361.5,0.654228,0.339826,-0.4,0.2,531.828,2.44777e+07,0.748169,0.075241,0.570566,0.00347556,-0.66539,0.959895,-0.162453,nan,nan,nan,nan,-0.0312931,-0.165572,-0.0389949,nan,-0.267626,0,-0.401415,-0.60144,nan,-1.73758,-0.617315,-0.768316,1.45735,0.577263,-1.43326,-0.0391579,0.865132,-0.5
1993,-31.8668,1000,-0.0322961,0.708333,0,0.099803,0.907423,0.332801,-0.01094,0.268713,0.000133333,0.0162178,0.250108,13656.4,0.624068,0.275729,-0.4,0.2,532.729,2.449e+07,0.824557,0.0765872,0.618834,0.00313709,-0.68973,1,-0.153341,nan,nan,nan,nan,-0.0274848,-0.143145,-0.0367402,nan,-0.277337,0,-0.421401,-0.626527,nan,-1.6233,-0.638813,-0.812471,1.52898,0.554588,-1.50282,-0.0358824,0.788971,nan
1994,-29.577,988,-0.0350032,0.541667,0.0416667,0.0994728,0.916525,0.292662,-0.0118149,0.262002,0.000133333,0.0109823,0.249999,15249.4,0.550882,0.254922,-0.4,0.2,533.536,2.45023e+07,0.827365,0.0714253,0.595862,0.00285411,-0.673903,0.988,-0.138729,nan,nan,nan,nan,-0.0248934,-0.126075,-0.0328592,nan,-0.27173,0,-0.419968,-0.621231,nan,-1.46418,-0.614453,-0.781929,1.54216,0.492571,-1.45514,-0.0311429,0.692857,-0.5
1995,-34.2229,1000,-0.031711,0.25,0,0.0995944,0.921033,0.293454,-0.00939254,0.256004,0.000133333,0.0187712,0.249889,12200.6,0.628741,0.37842,-0.4,0.2,534.544,2.45146e+07,0.761969,0.0735306,0.58214,0.00383796,-0.688392,1,-0.182733,nan,nan,nan,nan,-0.0316544,-0.16745,-0.0425927,nan,-0.280484,0,-0.417366,-0.648958,nan,-1.71855,-0.639607,-0.84,1.46717,0.68,-1.45467,-0.0423333,0.875,nan
1996,-30.9665,1000,-0.0276572,0.208333,0,0.0952235,0.902982,0.255839,-0.00940844,0.250875,0.000133333,0.0154989,0.249828,12272.4,0.666387,0.334884,-0.4,0.2,535.547,2.45268e+07,0.891461,0.0796112,0.605594,0.00345133,-0.674548,1,-0.18336,nan,nan,nan,nan,-0.0273819,-0.135186,-0.0396398,nan,-0.276159,0,-0.425701,-0.618196,nan,-1.74415,-0.624167,-0.7698,1.54904,0.6032,-1.4512,-0.0412,0.73,nan
1997,-28.8762,944.929,-0.0305857,0.541667,0.0416667,0.0989069,0.920983,0.307773,-0.010039,0.246648,0.000133333,0.0172888,0.249771,12681,0.622673,0.346334,-0.4,0.2,536.518,2.45391e+07,0.74852,0.071175,0.576003,0.00307044,-0.655762,0.944929,-0.154643,nan,nan,nan,nan,-0.0278993,-0.147255,-0.0360477,nan,-0.263513,0,-0.397647,-0.593811,nan,-1.47968,-0.602645,-0.7425,1.42276,0.544286,-1.40029,-0.035,0.817857,-0.5
1998,-29.2441,913.083,-0.0333619,0.416667,0.0833333,0.0992194,0.907356,0.35662,-0.0120433,0.24175,0.000133333,0.0169762,0.249668,13572.6,0.568043,0.337311,-0.4,0.2,537.425,2.45514e+07,0.746082,0.0710905,0.557792,0.0029653,-0.621378,0.913083,-0.141217,nan,nan,nan,nan,-0.0270118,-0.138214,-0.0339861,nan,-0.252912,0,-0.386963,-0.568382,nan,-1.55341,-0.579953,-0.71275,1.395,0.516,-1.346,-0.0343333,0.815625,-0.5
1999,-39.1885,919.6,-0.0353196,0.375,0.0416667,0.099138,0.912481,0.277919,-0.0107372,0.235726,0.000133333,0.0134686,0.249554,15153.1,0.54163,0.269294,-0.4,0.2,538.237,2.45637e+07,0.64252,0.0712011,0.530288,0.00355811,-0.632634,0.9196,-0.16882,nan,nan,nan,nan,-0.0275438,-0.144322,-0.0394275,nan,-0.255592,0,-0.383314,-0.574125,nan,-1.83968,-0.587276,-0.7839,1.37229,0.604,-1.358,-0.042,0.78375,-0.5
2000,-44.9518,1000,-0.0298022,0.416667,0,0.0993002,0.9076,0.295593,-0.0117249,0.230134,0.000133333,0.0197914,0.249499,12293.8,0.621827,0.377701,-0.4,0.2,539.238,2.4576e+07,0.68084,0.0690968,0.544341,0.00415556,-0.688619,1,-0.1877,nan,nan,nan,nan,-0.0335622,-0.175734,-0.0435083,nan,-0.278809,0,-0.414249,-0.647251,nan,-2.15015,-0.646619,-0.873,1.50378,0.6732,-1.4636,-0.0452,0.925,nan
2001,-35.3785,1000,-0.0289324,0.208333,0,0.0988916,0.899254,0.357571,-0.0099822,0.227512,0.000133333,0.0165874,0.249474,13836.3,0.601667,0.286429,-0.4,0.25,542.185,2.45883e+07,0.70996,0.090335,0.617546,0.00310865,-0.677481,1,-0.15208,nan,nan,nan,nan,-0.0289705,-0.148195,-0.0370328,nan,-0.275106,0,-0.426624,-0.617448,nan,-1.83457,-0.623559,-0.8088,1.51579,0.548,-1.4528,-0.036,0.865,nan
2002,-27.1722,935.556,-0.0316114,0.291667,0.0833333,0.0987527,0.912385,0.327673,-0.0114006,0.224036,8.88889e-05,0.0201274,0.249381,16169.5,0.506992,0.252956,-0.4,0.25,542.947,2.46006e+07,0.79187,0.0693305,0.582352,0.00279712,-0.648787,0.935556,-0.171022,nan,nan,nan,nan,-0.0343159,-0.191059,-0.0400775,nan,-0.261185,-0.000111111,-0.389771,-0.622211,nan,-1.51939,-0.607385,-0.725,1.35786,0.583111,-1.40489,-0.0426667,1.0875,-0.5
2003,-35.1048,1000,-0.0291272,0.583333,0,0.0994218,0.895051,0.313883,-0.0110665,0.219368,8.88889e-05,0.0147991,0.249306,15685,0.531988,0.251436,-0.4,0.25,543.731,2.46129e+07,0.787692,0.0795983,0.604756,0.00389334,-0.683626,1,-0.187771,nan,nan,nan,nan,-0.0317427,-0.16491,-0.0417741,nan,-0.276877,0,-0.42021,-0.6416,nan,-1.83746,-0.63171,-0.803357,1.51629,0.653429,-1.47143,-0.0441429,0.835714,nan
2004,-25.8338,905.5,-0.0313907,0.333333,0.0833333,0.104734,0.904544,0.30424,-0.00980225,0.215313,8.88889e-05,0.0144468,0.249209,15343.1,0.494039,0.306844,-0.4,0.25,544.533,2.46252e+07,0.738409,0.0688173,0.556157,0.00294426,-0.620451,0.9055,-0.1513,nan,nan,nan,nan,-0.0265468,-0.136395,-0.0336663,nan,-0.249827,-0.0001,-0.383754,-0.570737,nan,-1.3708,-0.570121,-0.708,1.36617,0.524,-1.3524,-0.0346,0.855,-0.5
2005,-33.5224,959.923,-0.0291302,0.5,0.0416667,0.102836,0.89282,0.26214,-0.0112514,0.20947,8.88889e-05,0.0151511,0.249113,11227.9,0.636446,0.457967,-0.4,0.25,545.629,2.46374e+07,0.752104,0.0723682,0.587725,0.00365148,-0.6578,0.959923,-0.179046,nan,nan,nan,nan,-0.0284621,-0.145508,-0.0379525,nan,-0.264015,0,-0.408697,-0.605028,nan,-1.75309,-0.599304,-0.730615,1.48224,0.607385,-1.44,-0.0458462,0.792308,-0.5
2006,-38.351,1000,-0.0296395,0.375,0,0.10066,0.895027,0.258367,-0.0103082,0.204562,8.88889e-05,0.00919662,0.249035,11493.9,0.724101,0.344991,-0.4,0.25,546.7,2.46497e+07,0.708965,0.0805405,0.618432,0.00385249,-0.685662,1,-0.191511,nan,nan,nan,nan,-0.0353088,-0.184881,-0.0450342,nan,-0.277196,-0.000222222,-0.424444,-0.626768,nan,-2.14808,-0.63481,-0.764,1.4893,0.689778,-1.44222,-0.0413333,0.993056,nan
2007,-23.8237,931.5,-0.0312127,0.458333,0.0416667,0.103513,0.900632,0.359119,-0.00955197,0.200592,8.88889e-05,0.0152237,0.248981,12748.4,0.6369,0.326984,-0.4,0.25,547.665,2.4662e+07,0.833921,0.066287,0.587906,0.00252874,-0.634433,0.9315,-0.14045,nan,nan,nan,nan,-0.0245016,-0.130357,-0.0319465,nan,-0.255697,0,-0.399209,-0.595229,nan,-1.39388,-0.581943,-0.69175,1.42303,0.481,-1.38267,-0.0313333,0.817708,-0.5
2008,-28.662,948.667,-0.0335841,0.583333,0.0416667,0.102183,0.915425,0.322423,-0.0104354,0.197472,8.88889e-05,0.0169593,0.248906,13596.5,0.558892,0.344867,-0.4,0.25,548.571,2.46743e+07,0.803278,0.0757505,0.569256,0.00342008,-0.652008,0.948667,-0.15552,nan,nan,nan,nan,-0.0277601,-0.144373,-0.036544,nan,-0.262303,0,-0.398868,-0.583168,nan,-1.5433,-0.598628,-0.7322,1.4632,0.541867,-1.388,-0.0358667,0.753333,-0.5
2009,-37.1114,938.875,-0.0306936,0.583333,0.0833333,0.10205,0.903901,0.331821,-0.0100808,0.193925,8.88889e-05,0.017681,0.248849,13390.1,0.592869,0.324824,-0.4,0.25,549.49,2.46866e+07,0.691305,0.075935,0.569531,0.00345316,-0.646191,0.938875,-0.1815,nan,nan,nan,nan,-0.0326314,-0.173828,-0.0416678,nan,-0.2605,0,-0.397905,-0.599206,nan,-1.9984,-0.59092,-0.752813,1.41883,0.63575,-1.36925,-0.042875,0.960938,-0.5
2010,-27.5084,958.062,-0.0269895,0.625,0.0416667,0.0989928,0.900663,0.232263,-0.00951705,0.19025,8.88889e-05,0.0123562,0.248766,12948.7,0.636238,0.312741,-0.4,0.25,550.44,2.46989e+07,0.811772,0.0716602,0.580513,0.00333709,-0.654029,0.958062,-0.151038,nan,nan,nan,nan,-0.0256145,-0.135859,-0.0342333,nan,-0.264141,-0.0001875,-0.404039,-0.586848,nan,-1.49799,-0.601871,-0.720938,1.48934,0.5385,-1.4015,-0.033125,0.714062,-0.5
2011,-29.2665,1000,-0.0280331,0.458333,0,0.101106,0.913886,0.337273,-0.00960339,0.186057,8.88889e-05,0.015701,0.248729,12458.7,0.65081,0.335486,-0.4,0.25,551.428,2.47112e+07,0.800039,0.0810783,0.607953,0.00318536,-0.689822,1,-0.160455,nan,nan,nan,nan,-0.0277622,-0.14363,-0.0371726,nan,-0.274971,-9.09091e-05,-0.426201,-0.625211,nan,-1.71978,-0.62365,-0.751909,1.54676,0.585091,-1.46145,-0.0350909,0.889773,nan
2012,-26.6428,1000,-0.02561,0.333333,0,0.0991167,0.902614,0.23885,-0.00989088,0.183071,8.88889e-05,0.012602,0.248647,15374.1,0.539073,0.260195,-0.4,0.25,552.228,2.47235e+07,0.83881,0.0773717,0.622551,0.00303332,-0.679993,1,-0.16775,nan,nan,nan,nan,-0.0259592,-0.135248,-0.0365984,nan,-0.273973,-0.000125,-0.424014,-0.607805,nan,-1.49359,-0.61286,-0.753375,1.52888,0.5575,-1.453,-0.03975,0.74375,nan
2013,-36.3119,1000,-0.0258306,0.416667,0,0.10055,0.894653,0.35251,-0.0107126,0.177553,8.88889e-05,0.017098,0.248548,16693.5,0.488508,0.247585,-0.4,0.25,552.966,2.47357e+07,0.728302,0.0861802,0.578709,0.00419352,-0.680921,1,-0.2033,nan,nan,nan,nan,-0.0289814,-0.154316,-0.0415074,nan,-0.275338,0,-0.416567,-0.607056,nan,-1.90933,-0.625229,-0.7914,1.51887,0.6864,-1.4328,-0.049,0.7975,nan
2014,-29.203,971.933,-0.0275793,0.541667,0.0833333,0.102592,0.894969,0.384133,-0.0090508,0.172598,8.88889e-05,0.0124376,0.248477,15570.6,0.520984,0.268198,-0.4,0.25,553.756,2.4748e+07,0.818266,0.0789712,0.583631,0.00332628,-0.666775,0.971933,-0.173947,nan,nan,nan,nan,-0.0322274,-0.170622,-0.0404125,nan,-0.269677,0,-0.40778,-0.622363,nan,-1.69299,-0.618824,-0.7524,1.48587,0.633333,-1.43547,-0.0386667,0.953333,-0.5
2015,-24.8145,984,-0.028492,0.416667,0.0416667,0.0986456,0.90645,0.297159,-0.0107281,0.169405,8.88889e-05,0.0178322,0.248468,15295.1,0.54974,0.253654,-0.4,0.25,554.561,2.47603e+07,0.823678,0.0786391,0.629436,0.00248365,-0.668522,0.984,-0.146309,nan,nan,nan,nan,-0.0278003,-0.148115,-0.0339049,nan,-0.269731,0,-0.42387,-0.61193,nan,-1.49344,-0.605549,-0.706091,1.49557,0.561091,-1.42982,-0.0323636,0.827273,-0.5
2016,-33.4702,1000,-0.025477,0.583333,0,0.100075,0.899539,0.373812,-0.00962354,0.167737,8.88889e-05,0.00894268,0.248413,16111.7,0.514994,0.247682,-0.4,0.25,555.325,2.47726e+07,0.736253,0.0789417,0.601383,0.00316454,-0.683221,1,-0.157829,nan,nan,nan,nan,-0.0278363,-0.144327,-0.0359802,nan,-0.275294,-7.14286e-05,-0.426151,-0.625367,nan,-1.69147,-0.617957,-0.784071,1.5174,0.563429,-1.45829,-0.0408571,0.794643,nan
2017,-31.7346,921.917,-0.0307104,0.375,0.125,0.100259,0.896055,0.326474,-0.0109347,0.162954,8.88889e-05,0.0142162,0.248291,16334.8,0.499719,0.252542,-0.4,0.25,556.079,2.47849e+07,0.720934,0.0691762,0.559638,0.00389345,-0.637827,0.921917,-0.181183,nan,nan,nan,nan,-0.034122,-0.176592,-0.0425438,nan,-0.256137,0,-0.387846,-0.587107,nan,-1.75224,-0.589099,-0.72925,1.38724,0.644333,-1.373,-0.0406667,1.01875,-0.5
2018,-34.1089,995.909,-0.0272064,0.416667,0.0416667,0.0999106,0.900433,0.29495,-0.0100311,0.15776,8.88889e-05,0.0134163,0.248251,16488.2,0.502031,0.243231,-0.4,0.25,556.825,2.47972e+07,0.77424,0.0724311,0.587208,0.0029998,-0.677215,0.995909,-0.133345,nan,nan,nan,nan,-0.0236197,-0.122944,-0.0308055,nan,-0.273336,0,-0.423828,-0.628029,nan,-1.59138,-0.615694,-0.765818,1.52578,0.509818,-1.436,-0.0336364,0.627273,-0.5
2019,-28.1727,965.545,-0.0274578,0.416667,0.0416667,0.101623,0.896134,0.229597,-0.0104154,0.155002,8.88889e-05,0.0129963,0.248161,16775.4,0.492394,0.240106,-0.4,0.25,557.559,2.48095e+07,0.837001,0.080158,0.591495,0.0029798,-0.652165,0.965545,-0.133036,nan,nan,nan,nan,-0.0255186,-0.135767,-0.0312418,nan,-0.262409,0,-0.413142,-0.589627,nan,-1.52271,-0.588133,-0.709636,1.49312,0.480364,-1.43491,-0.0314545,0.715909,-0.5
2020,-25.9345,1000,-0.0240955,0.5,0,0.101244,0.884385,0.311776,-0.00977396,0.149237,8.88889e-05,0.0148152,0.248041,16368.5,0.49975,0.250962,-0.4,0.25,558.311,2.48218e+07,0.833879,0.0759727,0.607685,0.00328393,-0.674749,1,-0.145333,nan,nan,nan,nan,-0.0246762,-0.130108,-0.0320897,nan,-0.272479,0,-0.428741,-0.605247,nan,-1.42392,-0.609139,-0.75725,1.54364,0.531667,-1.44933,-0.0325,0.692708,nan
2021,-26.5486,948.556,-0.0300773,0.708333,0.0416667,0.102546,0.89498,0.26265,-0.0103499,0.143943,8.88889e-05,0.0124696,0.247948,16823.9,0.490514,0.239877,-0.4,0.25,559.043,2.4834e+07,0.775092,0.0777956,0.57832,0.00265138,-0.652388,0.948556,-0.151156,nan,nan,nan,nan,-0.0282676,-0.150234,-0.0349488,nan,-0.261524,0,-0.401245,-0.597339,nan,-1.48618,-0.594344,-0.714333,1.43289,0.556889,-1.37978,-0.0367778,0.816667,-0.5
2022,-27.2771,946.2,-0.0296881,0.583333,0.0416667,0.101933,0.882464,0.327815,-0.0103543,0.138707,8.88889e-05,0.0193164,0.24787,16692.7,0.49318,0.242952,-0.4,0.25,559.78,2.48463e+07,0.778927,0.0716078,0.582981,0.00273196,-0.650484,0.9462,-0.16148,nan,nan,nan,nan,-0.0309843,-0.16899,-0.0386187,nan,-0.261228,-0.000133333,-0.404511,-0.595803,nan,-1.64699,-0.591763,-0.726,1.42688,0.5984,-1.37147,-0.0381333,0.948333,-0.5
2023,-24.5559,795.267,-0.0300932,0.458333,0.166667,0.103298,0.905321,0.341112,-0.0113682,0.135825,8.88889e-05,0.0151241,0.247825,16071.2,0.519479,0.245117,-0.4,0.25,560.546,2.48586e+07,0.677352,0.0617129,0.487366,0.00241861,-0.540546,0.795267,-0.14696,nan,nan,nan,nan,-0.0258987,-0.135185,-0.0322956,nan,-0.21782,0,-0.339818,-0.503434,nan,-1.34677,-0.490477,-0.586,1.2041,0.5216,-1.16133,-0.0344,0.716667,-0.5
2024,-29.8323,969.462,-0.0299768,0.416667,0.125,0.102473,0.900659,0.335289,-0.0104391,0.134064,8.88889e-05,0.0116824,0.247822,16621.3,0.496803,0.242489,-0.4,0.25,561.287,2.48709e+07,0.801039,0.0775438,0.592361,0.0029792,-0.65307,0.969462,-0.157892,nan,nan,nan,nan,-0.0275621,-0.143187,-0.0349908,nan,-0.266157,0,-0.415469,-0.59675,nan,-1.54963,-0.595335,-0.720462,1.4812,0.545538,-1.42492,-0.034,0.773077,-0.5
2025,-28.2158,1000,-0.0276332,1.66667,0,0.102402,0.9,0.324515,-0.00937853,0.132912,8.88889e-05,0.0128304,0.247802,16577,0.497855,0.243412,-0.4,0.25,562.03,2.48832e+07,0.797882,0.0776344,0.619515,0.00292509,-0.678071,1,-0.15949,nan,nan,nan,nan,-0.029289,-0.159026,-0.0368589,nan,-0.273127,0,-0.430792,-0.620907,nan,-1.63249,-0.610252,-0.760725,1.53229,0.5853,-1.4565,-0.03725,0.858437,nan
2026,-29.7688,939.5,-0.029027,0.541667,0.0416667,0.101904,0.902563,0.304616,-0.00951837,0.131183,8.88889e-05,0.0135186,0.247805,16565.6,0.495294,0.246482,-0.4,0.25,562.773,2.48955e+07,0.743075,0.0803803,0.569367,0.00340138,-0.633329,0.9395,-0.175357,nan,nan,nan,nan,-0.0288348,-0.149203,-0.0374939,nan,-0.257354,0,-0.399124,-0.565516,nan,-1.69453,-0.575765,-0.712071,1.45698,0.613429,-1.36543,-0.0398571,0.775,-0.5
2027,-29.9731,939.636,-0.0295285,0.416667,0.0416667,0.103267,0.895175,0.264531,-0.0109583,0.129176,8.88889e-05,0.016079,0.247732,16663.3,0.49085,0.24658,-0.4,0.25,563.511,2.49078e+07,0.772145,0.0762177,0.580829,0.00284933,-0.635027,0.939636,-0.129145,nan,nan,nan,nan,-0.0225937,-0.117708,-0.0292607,nan,-0.256125,0,-0.402704,-0.568156,nan,-1.45543,-0.570587,-0.715909,1.44695,0.461091,-1.36327,-0.0283636,0.561364,-0.5
2028,-27.4893,990.692,-0.0299987,0.5,0.0416667,0.102056,0.889384,0.248817,-0.00885186,0.125962,8.88889e-05,0.0144984,0.247725,16494.6,0.498899,0.246073,-0.4,0.25,564.258,2.49201e+07,0.80219,0.0752692,0.609411,0.00237515,-0.686665,0.990692,-0.139615,nan,nan,nan,nan,-0.0335023,-0.190165,-0.0364478,nan,-0.275372,-0.000461538,-0.422381,-0.647979,nan,-1.62395,-0.630541,-0.761308,1.47555,0.565538,-1.44492,-0.0281538,1.06442,-0.5
2029,-29.5856,932.5,-0.0279051,0.666667,0.0833333,0.0999787,0.895072,0.281657,-0.0109129,0.125214,8.88889e-05,0.0127901,0.247698,16255.7,0.510843,0.245077,-0.4,0.25,565.015,2.49324e+07,0.7227,0.0791239,0.581196,0.00279716,-0.631812,0.9325,-0.1515,nan,nan,nan,nan,-0.0270247,-0.142437,-0.0342519,nan,-0.254826,-0.000166667,-0.40112,-0.562254,nan,-1.57708,-0.568593,-0.713,1.41861,0.549556,-1.36378,-0.0372222,0.754861,-0.5
2030,-23.3617,775.667,-0.0292301,0.166667,0.0833333,0.100347,0.900844,0.225735,-0.0106391,0.121583,8.88889e-05,0.0145544,0.247613,15417.5,0.555989,0.241026,-0.4,0.25,565.813,2.49446e+07,0.66918,0.064712,0.466964,0.00217572,-0.518631,0.775667,-0.119767,nan,nan,nan,nan,-0.0205837,-0.0984005,-0.0256295,nan,-0.211014,0,-0.334944,-0.470486,nan,-1.16885,-0.461585,-0.5605,1.17602,0.422,-1.10867,-0.027,0.547917,-0.5
2031,-19.0565,1000,-0.029339,0.333333,0,0.102307,0.899317,0.277874,-0.0102583,0.115258,8.88889e-05,0.0147356,0.24747,16696.1,0.491362,0.244616,-0.4,0.25,566.551,2.49569e+07,0.90875,0.0822389,0.645574,0.0025098,-0.683134,1,-0.159725,nan,nan,nan,nan,-0.028598,-0.158698,-0.0370817,nan,-0.273242,0,-0.43437,-0.628626,nan,-1.49626,-0.60842,-0.6915,1.5157,0.5845,-1.4315,-0.0375,0.976562,nan
2032,-38.8604,1000,-0.02688,0.333333,0,0.100076,0.901435,0.253835,-0.0104913,0.107031,8.88889e-05,0.011022,0.247298,16385.8,0.49408,0.255839,-0.4,0.25,567.302,2.49692e+07,0.768484,0.0768402,0.603907,0.00342761,-0.674849,1,-0.180725,nan,nan,nan,nan,-0.0304333,-0.16297,-0.0389002,nan,-0.271606,0,-0.432127,-0.608632,nan,-1.96704,-0.605476,-0.78,1.50239,0.658,-1.4555,-0.04625,0.698438,nan
2033,-31.495,969.647,-0.0291985,0.666667,0.0416667,0.101385,0.904348,0.322313,-0.0103855,0.0999703,8.88889e-05,0.0178603,0.247192,16778.5,0.4889,0.243465,-0.4,0.25,568.035,2.49815e+07,0.73848,0.0786262,0.577025,0.00322911,-0.656674,0.969647,-0.161612,nan,nan,nan,nan,-0.0266802,-0.134296,-0.0355175,nan,-0.265222,-0.000176471,-0.410831,-0.591388,nan,-1.7263,-0.593457,-0.729882,1.48363,0.597882,-1.41859,-0.0417647,0.798529,-0.5
2034,-26.6856,970.6,-0.0278777,0.791667,0.0416667,0.100162,0.888608,0.260563,-0.0100703,0.0952469,8.88889e-05,0.0113433,0.247096,16851.6,0.487588,0.241601,-0.4,0.25,568.766,2.49938e+07,0.799858,0.0792254,0.591589,0.00278447,-0.663069,0.9706,-0.15297,nan,nan,nan,nan,-0.0285441,-0.152705,-0.0355375,nan,-0.267029,0,-0.414437,-0.607635,nan,-1.52345,-0.600557,-0.7467,1.4905,0.5544,-1.4108,-0.0348,0.84,-0.5
2035,-28.1462,1000,-0.0244383,0.583333,0,0.0972272,0.902637,0.283789,-0.0098987,0.0910177,8.88889e-05,0.0127739,0.247052,16790.1,0.492029,0.23983,-0.4,0.25,569.499,2.50061e+07,0.848326,0.085864,0.629201,0.00270946,-0.678495,1,-0.161814,nan,nan,nan,nan,-0.0257431,-0.138092,-0.034475,nan,-0.270749,0,-0.434873,-0.600949,nan,-1.70545,-0.59651,-0.6885,1.5492,0.574,-1.43314,-0.0394286,0.711607,nan
2036,-26.9897,946.75,-0.0280061,0.583333,0.0833333,0.101355,0.896457,0.279363,-0.00993931,0.0896407,8.88889e-05,0.014613,0.247055,16715.1,0.490391,0.244755,-0.4,0.25,570.235,2.50184e+07,0.761033,0.0777783,0.585448,0.00272537,-0.643302,0.94675,-0.163475,nan,nan,nan,nan,-0.0258065,-0.131682,-0.0355108,nan,-0.258813,0,-0.403754,-0.581455,nan,-1.55335,-0.579528,-0.724688,1.44878,0.59,-1.3705,-0.040125,0.8125,-0.5
2037,-29.7951,849,-0.0272053,0.25,0.0833333,0.100466,0.900752,0.336248,-0.0102649,0.0874937,8.88889e-05,0.0171621,0.246965,16870.6,0.489168,0.239201,-0.4,0.25,570.965,2.50307e+07,0.732037,0.0698202,0.53912,0.00277823,-0.572752,0.849,-0.12385,nan,nan,nan,nan,-0.0226756,-0.117103,-0.0290823,nan,-0.229555,0,-0.369925,-0.509501,nan,-1.58459,-0.505072,-0.62625,1.33154,0.4585,-1.2225,-0.03,0.595312,-0.5
2038,-18.4715,837.6,-0.0228888,0.166667,0.0416667,0.0987851,0.914373,0.312753,-0.0102978,0.0815388,8.88889e-05,0.0133483,0.246868,15898.9,0.521842,0.251042,-0.4,0.25,571.739,2.50429e+07,0.648542,0.0700094,0.52667,0.00243658,-0.578512,0.8376,-0.13612,nan,nan,nan,nan,-0.0245975,-0.127244,-0.0303,nan,-0.229007,-0.0002,-0.359531,-0.519514,nan,-1.09562,-0.520475,-0.6606,1.26849,0.452,-1.22,-0.0276,0.9,-0.5
2039,-36.9515,1000,-0.0245658,0.541667,0,0.100702,0.89168,0.290675,-0.0107575,0.076055,8.88889e-05,0.0134308,0.246746,15737.2,0.531673,0.249154,-0.4,0.25,572.521,2.50552e+07,0.702774,0.0801691,0.604191,0.00370744,-0.678529,1,-0.206231,nan,nan,nan,nan,-0.0309899,-0.160401,-0.0430059,nan,-0.274737,0,-0.424893,-0.611969,nan,-2.02055,-0.611977,-0.778154,1.53179,0.711692,-1.45692,-0.0489231,0.865385,nan
2040,-26.1027,870.733,-0.0289133,0.5,0.125,0.101104,0.914111,0.249521,-0.0109925,0.0688341,8.88889e-05,0.0185983,0.246606,16393.1,0.500306,0.249278,-0.4,0.25,573.272,2.50675e+07,0.702312,0.0682267,0.526166,0.00270949,-0.601746,0.870733,-0.16136,nan,nan,nan,nan,-0.0313079,-0.159772,-0.037538,nan,-0.2401,0,-0.372708,-0.535521,nan,-1.57527,-0.545729,-0.6652,1.3099,0.581067,-1.27227,-0.0377333,0.97,-0.5
2041,-33.6523,933.778,-0.0261334,0.333333,0.0416667,0.101216,0.893254,0.32867,-0.010064,0.0623,8.88889e-05,0.0137018,0.246533,16394.1,0.503646,0.245891,-0.4,0.25,574.023,2.50798e+07,0.762855,0.0704861,0.567362,0.00330274,-0.633249,0.933778,-0.182067,nan,nan,nan,nan,-0.031718,-0.163752,-0.0396728,nan,-0.255793,0,-0.397714,-0.562627,nan,-1.8817,-0.569146,-0.711,1.4431,0.647556,-1.37733,-0.04,0.790278,-0.5
2042,-26.6983,839.778,-0.0263786,0.291667,0.0833333,0.1006,0.915562,0.256986,-0.0121655,0.058812,8.88889e-05,0.0100075,0.246467,15486.4,0.546932,0.246539,-0.4,0.25,574.818,2.50921e+07,0.628948,0.0638922,0.496699,0.002523,-0.583023,0.839778,-0.136867,nan,nan,nan,nan,-0.0316306,-0.167364,-0.0349219,nan,-0.235256,0,-0.354328,-0.552101,nan,-1.49468,-0.547946,-0.703333,1.21791,0.552,-1.19778,-0.028,1.04167,-0.5
2043,-24.7403,864.75,-0.0275671,0.25,0.0833333,0.10104,0.903454,0.307482,-0.00965475,0.0549369,8.88889e-05,0.00970472,0.246433,15930.9,0.524118,0.247215,-0.4,0.25,575.59,2.51044e+07,0.749242,0.0805,0.549053,0.00214289,-0.580215,0.86475,-0.12245,nan,nan,nan,nan,-0.020229,-0.0955664,-0.0272679,nan,-0.233553,0,-0.374934,-0.52307,nan,-1.23364,-0.517532,-0.618375,1.34513,0.4405,-1.274,-0.02875,0.50625,-0.5
2044,-24.5769,1000,-0.0229257,0.458333,0,0.0987342,0.900997,0.319033,-0.0113443,0.0532712,8.88889e-05,0.0147855,0.246393,15630.9,0.516706,0.269431,-0.4,0.25,576.378,2.51167e+07,0.767908,0.0781772,0.616635,0.00230533,-0.68384,1,-0.153,nan,nan,nan,nan,-0.030306,-0.164323,-0.0359934,nan,-0.27393,0,-0.432352,-0.625983,nan,-1.53049,-0.615895,-0.779727,1.5136,0.602909,-1.448,-0.0274545,0.990909,nan
2045,-31.2401,938.438,-0.0261392,0.583333,0.0833333,0.0985878,0.894718,0.304287,-0.010557,0.0499902,8.88889e-05,0.0111292,0.246354,16761.5,0.490672,0.242437,-0.4,0.25,577.112,2.5129e+07,0.673,0.0728651,0.576121,0.00316119,-0.642455,0.938437,-0.172238,nan,nan,nan,nan,-0.0316235,-0.167204,-0.039647,nan,-0.257027,0,-0.407767,-0.59111,nan,-1.80111,-0.575587,-0.719625,1.42164,0.597,-1.33825,-0.038875,1.00078,-0.5
2046,-21.3094,920,-0.0231789,0.291667,0.0416667,0.0995989,0.899011,0.504842,-0.00970178,0.0478475,8.88889e-05,0.0117366,0.246343,15793.4,0.532831,0.245216,-0.4,0.25,577.892,2.51412e+07,0.8026,0.0809367,0.59691,0.00227154,-0.620246,0.92,-0.1215,nan,nan,nan,nan,-0.0224856,-0.110676,-0.0275399,nan,-0.248283,0,-0.399431,-0.564945,nan,-1.25958,-0.546284,-0.679875,1.44109,0.44,-1.358,-0.0295,0.701562,-0.5
2047,-28.3095,876.267,-0.0281239,0.5,0.125,0.102791,0.899005,0.289005,-0.0103476,0.0473579,8.88889e-05,0.0161023,0.246338,12828.6,0.612542,0.34532,-0.4,0.25,578.851,2.51535e+07,0.697495,0.0713154,0.540402,0.00279832,-0.581355,0.876267,-0.149667,nan,nan,nan,nan,-0.0221671,-0.106634,-0.0315486,nan,-0.234702,0,-0.382179,-0.524838,nan,-1.50039,-0.513232,-0.6394,1.38643,0.504533,-1.27227,-0.038,0.601667,-0.5
2048,-29.8804,1000,-0.0240759,0.208333,0,0.101106,0.910671,0.268896,-0.0103593,0.045228,8.88889e-05,0.00879265,0.246268,11999.4,0.70023,0.323817,-0.4,0.25,579.877,2.51658e+07,0.827596,0.0867165,0.590797,0.00362959,-0.695996,1,-0.18624,nan,nan,nan,nan,-0.0330805,-0.173862,-0.0434603,nan,-0.276932,0,-0.423872,-0.607997,nan,-1.73191,-0.629785,-0.7728,1.51847,0.6768,-1.4992,-0.0404,0.9175,nan
2049,-25.7412,967.778,-0.0283424,0.666667,0.0833333,0.101265,0.89332,0.263163,-0.0110704,0.0405339,8.88889e-05,0.0147045,0.246218,13330.7,0.614548,0.307236,-0.4,0.25,580.8,2.51781e+07,0.830164,0.0818779,0.617414,0.00263578,-0.657226,0.967778,-0.155678,nan,nan,nan,nan,-0.0260107,-0.136067,-0.0337981,nan,-0.262202,-5.55556e-05,-0.419699,-0.587907,nan,-1.52438,-0.58187,-0.715167,1.4941,0.528444,-1.38778,-0.039,0.772917,-0.5
2050,-25.2431,1000,-0.0257726,0.625,0,0.099829,0.890614,0.281922,-0.0103355,0.0366638,8.88889e-05,0.0141215,0.246134,13678.8,0.586927,0.311396,-0.4,0.25,581.7,2.51904e+07,0.801245,0.0831417,0.640708,0.00241233,-0.679588,1,-0.1524,nan,nan,nan,nan,-0.0262561,-0.139838,-0.0343519,nan,-0.272904,-6.66667e-05,-0.432308,-0.60816,nan,-1.50013,-0.608645,-0.7566,1.50045,0.572533,-1.436,-0.0370667,0.821667,nan
2051,-23.9573,892.25,-0.0262485,0.416667,0.0833333,0.10058,0.88497,0.272519,-0.00964845,0.0312496,8.88889e-05,0.01675,0.246045,14004.7,0.561297,0.31612,-0.4,0.25,582.579,2.52027e+07,0.652005,0.0749111,0.575847,0.00276029,-0.602869,0.89225,-0.148433,nan,nan,nan,nan,-0.0258073,-0.130794,-0.0328162,nan,-0.24122,0,-0.387407,-0.543792,nan,-1.4384,-0.536485,-0.6345,1.37184,0.534667,-1.27167,-0.034,0.809375,-0.5
2052,-30.0046,1000,-0.0258945,0.791667,0,0.100592,0.88607,0.32655,-0.0108626,0.0273825,8.88889e-05,0.0185544,0.246012,13564.3,0.573372,0.332533,-0.4,0.25,583.486,2.5215e+07,0.746799,0.0796066,0.616118,0.00291868,-0.682029,1,-0.174042,nan,nan,nan,nan,-0.0319761,-0.169015,-0.0401861,nan,-0.274155,0,-0.427115,-0.631223,nan,-1.7352,-0.620649,-0.777316,1.5091,0.633053,-1.46674,-0.0377895,0.979605,nan
2053,-24.9014,1000,-0.024967,0.333333,0,0.10206,0.891404,0.291032,-0.0112998,0.0256076,8.88889e-05,0.014683,0.246015,13632.9,0.570265,0.331087,-0.4,0.25,584.389,2.52273e+07,0.856508,0.0842972,0.671396,0.0025157,-0.677355,1,-0.138,nan,nan,nan,nan,-0.0244643,-0.12839,-0.0302748,nan,-0.26799,0,-0.437661,-0.58579,nan,-1.5428,-0.593164,-0.68175,1.55816,0.5295,-1.451,-0.031,0.642188,nan
2054,-22.6016,886.556,-0.025952,0.291667,0.0833333,0.0976943,0.887291,0.297328,-0.010254,0.0243278,8.88889e-05,0.0193469,0.245989,13602.4,0.605806,0.297564,-0.4,0.25,585.294,2.52396e+07,0.727905,0.0695695,0.540908,0.0024358,-0.610794,0.886556,-0.126622,nan,nan,nan,nan,-0.0273427,-0.148004,-0.0307386,nan,-0.245925,0,-0.371578,-0.56682,nan,-1.15425,-0.56575,-0.721,1.3537,0.470222,-1.29289,-0.0335556,0.825,-0.5
2055,-27.6459,1000,-0.0248887,0.416667,0,0.0991063,0.904768,0.292058,-0.0114829,0.023095,8.88889e-05,0.0101466,0.246014,15685.7,0.546505,0.236886,-0.4,0.25,586.079,2.52518e+07,0.785595,0.0834589,0.606879,0.00300297,-0.690127,1,-0.16012,nan,nan,nan,nan,-0.0304976,-0.157243,-0.0372718,nan,-0.275465,0,-0.42338,-0.616446,nan,-1.64613,-0.621798,-0.7614,1.5196,0.5908,-1.4476,-0.0404,0.93625,nan
2056,-28.8549,927.444,-0.0262126,0.333333,0.0416667,0.100689,0.88952,0.285076,-0.0104888,0.0243337,8.88889e-05,0.0138443,0.246046,16919.3,0.487607,0.238666,-0.4,0.25,586.806,2.52641e+07,0.759086,0.0890921,0.603554,0.00310474,-0.624318,0.927444,-0.158067,nan,nan,nan,nan,-0.0215661,-0.108248,-0.0308645,nan,-0.249685,-0.000333333,-0.403178,-0.539883,nan,-1.48431,-0.548566,-0.667,1.46322,0.508444,-1.32844,-0.0377778,0.461111,-0.5
2057,-24.7959,1000,-0.0248876,0.583333,0,0.101859,0.895945,0.243397,-0.0112656,0.0243209,8.88889e-05,0.00858995,0.246027,16294.3,0.517803,0.236325,-0.4,0.25,587.562,2.52764e+07,0.805034,0.0836631,0.633348,0.00281692,-0.686725,1,-0.158271,nan,nan,nan,nan,-0.0320589,-0.172859,-0.0377936,nan,-0.273712,0,-0.434973,-0.631925,nan,-1.64003,-0.618837,-0.735857,1.51989,0.58,-1.464,-0.0364286,1.05893,nan
2058,-31.6518,1000,-0.0249931,0.416667,0,0.1028,0.887277,0.268297,-0.0104662,0.0218396,8.88889e-05,0.0141772,0.245955,15492.7,0.500103,0.293043,-0.4,0.25,588.356,2.52887e+07,0.755053,0.0841862,0.631739,0.00276697,-0.695527,1,-0.17504,nan,nan,nan,nan,-0.0310561,-0.159684,-0.0395884,nan,-0.274148,0,-0.430271,-0.634198,nan,-1.71698,-0.621916,-0.7782,1.50662,0.6212,-1.4452,-0.0436,0.86125,nan
2059,-27.34,1000,-0.0204636,0.458333,0,0.100082,0.890739,0.305819,-0.0108977,0.0171162,8.88889e-05,0.0155555,0.24586,12598.9,0.597754,0.377569,-0.4,0.25,589.333,2.5301e+07,0.808992,0.0845978,0.653922,0.0028784,-0.679308,1,-0.163491,nan,nan,nan,nan,-0.0262807,-0.136416,-0.0355402,nan,-0.269742,0,-0.436616,-0.593914,nan,-1.75003,-0.595596,-0.682636,1.58268,0.565818,-1.44545,-0.0383636,0.7875,nan
2060,-25.0699,923.667,-0.022885,0.458333,0.0416667,0.101092,0.919641,0.293733,-0.0103979,0.0127354,8.88889e-05,0.0162978,0.245789,13243.9,0.566354,0.361468,-0.4,0.25,590.262,2.53133e+07,0.798425,0.0817965,0.585697,0.00322208,-0.621696,0.923667,-0.18075,nan,nan,nan,nan,-0.0221436,-0.108829,-0.0348137,nan,-0.248484,0,-0.393577,-0.541086,nan,-1.53083,-0.541676,-0.681,1.466,0.577,-1.30833,-0.0448333,0.610417,-0.5
2061,-30.6336,958.929,-0.0262195,0.458333,0.125,0.102395,0.8959,0.298143,-0.0107858,0.0076845,5.92593e-05,0.020717,0.245674,13754.3,0.567576,0.325818,-0.4,0.25,591.157,2.53256e+07,0.663602,0.0724017,0.594261,0.00288394,-0.656154,0.958929,-0.159743,nan,nan,nan,nan,-0.0309911,-0.156974,-0.0379196,nan,-0.264175,-0.000142857,-0.407695,-0.598258,nan,-1.62137,-0.6018,-0.742929,1.43543,0.578286,-1.38943,-0.0368571,0.974107,-0.5
2062,-17.1783,945.154,-0.0242162,0.5,0.0416667,0.100974,0.89174,0.251588,-0.0103579,0.00201016,5.92593e-05,0.0130469,0.24557,15448.3,0.541322,0.254107,-0.4,0.25,591.954,2.53379e+07,0.849222,0.0792633,0.636633,0.00220148,-0.646874,0.945154,-0.130354,nan,nan,nan,nan,-0.0245237,-0.131958,-0.0303211,nan,-0.254272,0,-0.418247,-0.588527,nan,-1.23448,-0.561418,-0.687923,1.45739,0.477231,-1.35077,-0.03,0.822115,-0.5
2063,-25.3834,1000,-0.0202091,0.708333,0,0.0970675,0.892615,0.334797,-0.00878502,-0.00266225,5.92593e-05,0.0102341,0.245511,16630.5,0.492879,0.246005,-0.4,0.25,592.694,2.53501e+07,0.84868,0.0808916,0.659045,0.00281091,-0.680899,1,-0.182612,nan,nan,nan,nan,-0.0294317,-0.155914,-0.0399602,nan,-0.27108,0,-0.434256,-0.619638,nan,-1.66854,-0.603916,-0.745059,1.5285,0.630824,-1.43906,-0.0429412,0.893382,nan
2064,-18.3422,941.273,-0.0265599,0.375,0.0833333,0.101264,0.894048,0.361012,-0.0100957,-0.00556535,5.92593e-05,0.00721894,0.24547,16882.7,0.489458,0.238387,-0.4,0.25,593.423,2.53624e+07,0.815207,0.0818171,0.619294,0.00207114,-0.642513,0.941273,-0.137164,nan,nan,nan,nan,-0.0274141,-0.146234,-0.032066,nan,-0.255908,0,-0.410262,-0.590524,nan,-1.22769,-0.574978,-0.688091,1.43575,0.496,-1.37345,-0.0283636,0.917045,-0.5
2065,-24.0711,995.5,-0.0262402,0.541667,0.0416667,0.10128,0.892882,0.274342,-0.00910126,-0.00790777,5.92593e-05,0.0112221,0.24545,13586.4,0.545497,0.358939,-0.4,0.25,594.329,2.53747e+07,0.840973,0.0826162,0.627925,0.00292127,-0.677997,0.9955,-0.166543,nan,nan,nan,nan,-0.0297877,-0.154634,-0.0365861,nan,-0.272966,0,-0.426296,-0.619452,nan,-1.60447,-0.611663,-0.738429,1.54416,0.578286,-1.44771,-0.0402857,0.986607,-0.5
2066,-21.2903,951.778,-0.0254306,0.666667,0.0833333,0.0998243,0.903452,0.279757,-0.00874256,-0.00934896,5.92593e-05,0.0115591,0.245448,12311.2,0.615852,0.382265,-0.4,0.25,595.329,2.5387e+07,0.81192,0.0832034,0.628674,0.00285602,-0.647277,0.951778,-0.157533,nan,nan,nan,nan,-0.0263858,-0.134951,-0.0343715,nan,-0.258025,0,-0.413293,-0.578363,nan,-1.40142,-0.574508,-0.647333,1.47676,0.551111,-1.36156,-0.0378889,0.757639,-0.5
2067,-21.1093,965.474,-0.0263292,1.5,0.0833333,0.0991442,0.891377,0.334236,-0.00958719,-0.0102356,5.92593e-05,0.0118573,0.245433,12560.7,0.627557,0.35073,-0.4,0.25,596.308,2.53993e+07,0.820523,0.0792062,0.638151,0.00270413,-0.657639,0.965474,-0.150179,nan,nan,nan,nan,-0.0259781,-0.135904,-0.032835,nan,-0.261257,0,-0.419645,-0.585003,nan,-1.39025,-0.581633,-0.697816,1.49987,0.526316,-1.40105,-0.0356842,0.813487,-0.5
2068,-23.7678,1000,-0.0230784,0.708333,0,0.0987638,0.889458,0.227711,-0.0100369,-0.0123571,5.92593e-05,0.00973803,0.245363,14068.8,0.601837,0.271582,-0.4,0.25,597.183,2.54116e+07,0.850217,0.0823308,0.663742,0.00276875,-0.682332,1,-0.174624,nan,nan,nan,nan,-0.0302527,-0.157381,-0.0383339,nan,-0.273312,-0.000294118,-0.428688,-0.605754,nan,-1.64132,-0.614246,-0.719824,1.52394,0.610588,-1.44,-0.0398824,0.924265,nan
2069,-28.0509,988,-0.0260187,0.5,0.0833333,0.0993293,0.887584,0.362663,-0.00932517,-0.0153786,5.92593e-05,0.011012,0.245345,15930.1,0.534947,0.236425,-0.4,0.25,597.956,2.54239e+07,0.798979,0.0861921,0.63481,0.00322353,-0.667141,0.988,-0.160614,nan,nan,nan,nan,-0.0254886,-0.128266,-0.0344538,nan,-0.266063,0,-0.429064,-0.588603,nan,-1.59523,-0.585347,-0.713571,1.55499,0.543429,-1.42857,-0.0424286,0.724107,-0.5
2070,-33.8469,889,-0.0246225,0.291667,0.0833333,0.100932,0.88554,0.281258,-0.0105682,-0.0166518,5.92593e-05,0.0108627,0.24531,15248.4,0.495586,0.310268,-0.4,0.25,598.763,2.54362e+07,0.615995,0.0745575,0.563488,0.00361624,-0.60906,0.889,-0.181933,nan,nan,nan,nan,-0.0272555,-0.134297,-0.0381974,nan,-0.242691,-0.000222222,-0.378198,-0.532813,nan,-1.66963,-0.542266,-0.667667,1.36973,0.626222,-1.29244,-0.0391111,0.631944,-0.5
2071,-21.5558,947.667,-0.02856,0.708333,0.0416667,0.10241,0.900223,0.2379,-0.00917367,-0.0204372,5.92593e-05,0.017088,0.24522,12594.7,0.620635,0.355013,-0.4,0.25,599.74,2.54484e+07,0.747948,0.0807174,0.610707,0.00251881,-0.644734,0.947667,-0.153589,nan,nan,nan,nan,-0.0269387,-0.143769,-0.0338269,nan,-0.257221,0,-0.408978,-0.574758,nan,-1.41399,-0.569392,-0.678,1.47882,0.528222,-1.38622,-0.0364444,0.88125,-0.5
2072,-28.9819,964,-0.0263731,0.166667,0.125,0.102067,0.891622,0.289092,-0.010549,-0.0250113,5.92593e-05,0.0146409,0.245155,13133,0.587731,0.347925,-0.4,0.25,600.677,2.54607e+07,0.835281,0.0815219,0.642595,0.00285874,-0.644544,0.964,-0.194,nan,nan,nan,nan,-0.0272896,-0.134474,-0.038475,nan,-0.256156,0,-0.427901,-0.568123,nan,-1.8071,-0.553884,-0.680571,1.53152,0.656571,-1.38686,-0.0422857,0.8125,-0.5
2073,-27.3771,760.909,-0.0222232,0.291667,0.166667,0.0966457,0.882782,0.397634,-0.00993558,-0.0282597,5.92593e-05,0.0183094,0.245108,13309.4,0.606918,0.316339,-0.4,0.25,601.602,2.5473e+07,0.527678,0.0624136,0.466579,0.00284379,-0.516487,0.760909,-0.139182,nan,nan,nan,nan,-0.0253453,-0.12433,-0.0312037,nan,-0.207168,0,-0.325485,-0.487064,nan,-1.39598,-0.468839,-0.585,1.17221,0.464,-1.12436,-0.028,0.814773,-0.5
2074,-23.927,840.182,-0.0241438,0.375,0.0833333,0.0966728,0.889128,0.322138,-0.00986457,-0.0301803,5.92593e-05,0.0134432,0.245091,14401.2,0.540864,0.312397,-0.4,0.25,602.457,2.54853e+07,0.68021,0.0769967,0.540024,0.00299484,-0.567231,0.840182,-0.153309,nan,nan,nan,nan,-0.0238325,-0.116341,-0.0322163,nan,-0.225979,-9.09091e-05,-0.365207,-0.503218,nan,-1.48609,-0.494654,-0.585818,1.31564,0.526545,-1.21418,-0.0369091,0.717045,-0.5
2075,-20.1101,967.263,-0.0251497,0.75,0.0416667,0.0977663,0.911514,0.291444,-0.00995708,-0.0319598,8.88889e-05,0.00497794,0.245068,16822,0.488441,0.24203,-0.4,0.25,603.188,2.54976e+07,0.790906,0.0810269,0.62997,0.00272729,-0.662796,0.967263,-0.150105,nan,nan,nan,nan,-0.0304803,-0.16139,-0.0358818,nan,-0.264779,0,-0.41489,-0.589647,nan,-1.37354,-0.599158,-0.734842,1.48256,0.525263,-1.40526,-0.0354737,0.999342,-0.5
2076,-21.7701,994.583,-0.0247382,0.458333,0.0416667,0.0989181,0.903829,0.27855,-0.0107063,-0.0340655,8.88889e-05,0.0178823,0.245027,13356.2,0.566921,0.353104,-0.4,0.25,604.11,2.55099e+07,0.814069,0.0870943,0.645272,0.00326813,-0.668854,0.994583,-0.1605,nan,nan,nan,nan,-0.0265919,-0.133019,-0.0347554,nan,-0.26866,-0.000333333,-0.426048,-0.596156,nan,-1.46099,-0.597841,-0.7245,1.55529,0.571667,-1.446,-0.0363333,0.8625,-0.5
2077,-25.3995,940.812,-0.0221597,0.625,0.0416667,0.0983456,0.889274,0.314362,-0.00972515,-0.0355229,8.88889e-05,0.011245,0.245019,12866.5,0.594754,0.360285,-0.4,0.25,605.066,2.55222e+07,0.77924,0.0823319,0.623001,0.00280113,-0.643565,0.940812,-0.15045,nan,nan,nan,nan,-0.0226721,-0.117952,-0.0315606,nan,-0.255389,0,-0.404973,-0.562928,nan,-1.4345,-0.565252,-0.684375,1.45799,0.5025,-1.35975,-0.037,0.642969,-0.5
2078,-20.9984,968.75,-0.0239425,0.458333,0.0416667,0.0981644,0.892205,0.270357,-0.0115536,-0.0371008,8.88889e-05,0.0150246,0.244956,12203.6,0.585586,0.421329,-0.4,0.25,606.075,2.55345e+07,0.824246,0.0873966,0.624697,0.00309406,-0.659406,0.96875,-0.16615,nan,nan,nan,nan,-0.0308971,-0.164165,-0.0380453,nan,-0.265277,0,-0.413406,-0.598164,nan,-1.46541,-0.601523,-0.71925,1.49251,0.572333,-1.40533,-0.0396667,0.985417,-0.5
2079,-22.199,1000,-0.025423,0.208333,0,0.100295,0.903938,0.310716,-0.00979502,-0.0412923,8.88889e-05,0.0112387,0.244862,15212.6,0.549432,0.258317,-0.4,0.25,606.884,2.55468e+07,0.72216,0.0796064,0.647106,0.00291601,-0.669959,1,-0.1756,nan,nan,nan,nan,-0.028635,-0.141244,-0.0398641,nan,-0.270856,0,-0.434256,-0.603811,nan,-1.58491,-0.601495,-0.693,1.56859,0.588,-1.4184,-0.0388,0.9825,nan
2080,-30.2295,887.625,-0.0249228,0.291667,0.0416667,0.0977544,0.911279,0.30372,-0.0104139,-0.0461961,5.92593e-05,0.0202907,0.244761,16578.2,0.502969,0.238244,-0.4,0.25,607.626,2.5559e+07,0.608865,0.0732786,0.564798,0.00306537,-0.606426,0.887625,-0.17195,nan,nan,nan,nan,-0.0298032,-0.154112,-0.0381817,nan,-0.241487,0,-0.383555,-0.543643,nan,-1.70726,-0.538841,-0.677625,1.34208,0.6105,-1.297,-0.0415,0.892187,-0.5
2081,-22.8234,880.538,-0.0251708,0.458333,0.0833333,0.0964319,0.896172,0.371322,-0.00843365,-0.0507155,5.92593e-05,0.0109883,0.244668,15570.9,0.535914,0.253251,-0.4,0.25,608.417,2.55713e+07,0.685298,0.0761061,0.567204,0.00270531,-0.604684,0.880538,-0.130831,nan,nan,nan,nan,-0.0249653,-0.130056,-0.0313773,nan,-0.240777,-7.69231e-05,-0.374117,-0.543426,nan,-1.28513,-0.542697,-0.653769,1.34415,0.495077,-1.28892,-0.0327692,0.768269,-0.5
2082,-21.506,889.231,-0.0269783,0.458333,0.0833333,0.0955822,0.89544,0.28854,-0.00890733,-0.0547113,5.92593e-05,0.0113046,0.244613,16151,0.521025,0.239795,-0.4,0.25,609.179,2.55836e+07,0.745184,0.0765864,0.573349,0.00221103,-0.615195,0.889231,-0.131985,nan,nan,nan,nan,-0.0285914,-0.146726,-0.0319278,nan,-0.244216,0,-0.382173,-0.559283,nan,-1.34145,-0.554153,-0.669923,1.34765,0.501231,-1.31908,-0.0273846,0.918269,-0.5
2083,-24.1901,1000,-0.0220481,0.416667,0,0.0959785,0.904342,0.338064,-0.00899355,-0.057133,5.92593e-05,0.0101884,0.244568,12490.9,0.617347,0.366408,-0.4,0.25,610.164,2.55959e+07,0.774684,0.0851972,0.642846,0.00323083,-0.676989,1,-0.16632,nan,nan,nan,nan,-0.0283542,-0.14619,-0.0374763,nan,-0.270641,0,-0.433389,-0.592499,nan,-1.59268,-0.596756,-0.7074,1.55273,0.5928,-1.4604,-0.0394,0.8875,nan
2084,-29.9113,886.375,-0.0239156,0.291667,0.0416667,0.0988401,0.909664,0.312036,-0.00908872,-0.0600022,5.92593e-05,0.00891659,0.244512,11988.7,0.69794,0.327027,-0.4,0.25,611.19,2.56082e+07,0.636559,0.072274,0.558626,0.00364215,-0.610371,0.886375,-0.199525,nan,nan,nan,nan,-0.032682,-0.174104,-0.0440901,nan,-0.242258,0,-0.379075,-0.549036,nan,-1.88902,-0.548457,-0.693375,1.35964,0.6815,-1.272,-0.043,1.04531,-0.5
2085,-24.2366,904.9,-0.0229889,0.333333,0.0833333,0.0995022,0.898394,0.274978,-0.00964155,-0.0638388,5.92593e-05,0.00938821,0.244418,12701.2,0.626117,0.341349,-0.4,0.25,612.159,2.56205e+07,0.725378,0.0768463,0.605787,0.00267464,-0.617038,0.9049,-0.13684,nan,nan,nan,nan,-0.0231271,-0.117194,-0.0318615,nan,-0.244469,0,-0.392334,-0.538271,nan,-1.39504,-0.539222,-0.6495,1.40983,0.4832,-1.3268,-0.035,0.72625,-0.5
2086,-26.1886,989.462,-0.022854,0.5,0.0416667,0.0987517,0.907898,0.346908,-0.00821892,-0.0684384,5.92593e-05,0.00636501,0.244359,13186.6,0.659378,0.272479,-0.4,0.25,613.093,2.56328e+07,0.799378,0.0814993,0.643054,0.00294248,-0.674312,0.989462,-0.164677,nan,nan,nan,nan,-0.0285922,-0.143873,-0.0366931,nan,-0.269097,0,-0.420834,-0.593235,nan,-1.61759,-0.604217,-0.742846,1.53901,0.584923,-1.44615,-0.0412308,0.872115,-0.5
2087,-22.5546,928.5,-0.0217008,0.541667,0.125,0.0965336,0.892079,0.273205,-0.00990713,-0.0708856,5.92593e-05,0.0126961,0.244315,14713.2,0.539465,0.295702,-0.4,0.25,613.93,2.56451e+07,0.827506,0.0781847,0.628477,0.00273176,-0.622847,0.9285,-0.158975,nan,nan,nan,nan,-0.0241763,-0.124413,-0.0335067,nan,-0.248066,0,-0.407015,-0.546876,nan,-1.43838,-0.542836,-0.671813,1.4494,0.53275,-1.337,-0.04125,0.715625,-0.5
2088,-19.0834,1000,-0.020058,0.375,0,0.0948802,0.908983,0.32916,-0.00848287,-0.0736988,5.92593e-05,0.0167117,0.244254,12034.2,0.660695,0.360394,-0.4,0.25,614.952,2.56573e+07,0.940054,0.0792109,0.646851,0.00293655,-0.678304,1,-0.149311,nan,nan,nan,nan,-0.0314437,-0.171921,-0.0371223,nan,-0.272897,0,-0.428529,-0.614157,nan,-1.45376,-0.6139,-0.773333,1.52829,0.550667,-1.46178,-0.0337778,1.01806,nan
2089,-28.9988,962.4,-0.0187945,0.541667,0.0833333,0.0929292,0.911686,0.286169,-0.00928173,-0.077855,5.92593e-05,0.0115084,0.244168,11405.7,0.72726,0.350094,-0.4,0.25,616.032,2.56696e+07,0.781303,0.0879379,0.630763,0.00314253,-0.651014,0.9624,-0.159587,nan,nan,nan,nan,-0.0243849,-0.123849,-0.0338804,nan,-0.258072,0,-0.416901,-0.562073,nan,-1.59587,-0.570344,-0.702,1.51402,0.523467,-1.4176,-0.0390667,0.668333,-0.5
2090,-31.9033,1000,-0.0216319,0.208333,0,0.0949738,0.91097,0.256109,-0.00892338,-0.082834,5.92593e-05,0.00893809,0.244085,12386,0.623723,0.368362,-0.4,0.25,617.025,2.56819e+07,0.752361,0.0866292,0.654215,0.00376562,-0.674322,1,-0.19812,nan,nan,nan,nan,-0.0278918,-0.141729,-0.0404388,nan,-0.268169,0,-0.432805,-0.587291,nan,-1.86995,-0.588812,-0.7212,1.5959,0.6816,-1.4816,-0.0448,0.7075,nan
2091,-19.5203,982.619,-0.0237047,0.833333,0.0416667,0.0963006,0.9107,0.274355,-0.00954383,-0.086345,5.92593e-05,0.00903279,0.244056,13396.2,0.621073,0.296203,-0.4,0.25,617.944,2.56942e+07,0.831829,0.0884248,0.655536,0.00247873,-0.669958,0.982619,-0.148267,nan,nan,nan,nan,-0.0280926,-0.15038,-0.0342512,nan,-0.267103,0,-0.426312,-0.594479,nan,-1.31923,-0.597573,-0.75,1.50038,0.513905,-1.42171,-0.0337143,0.91369,-0.5
2092,-23.9125,936.357,-0.0239578,0.541667,0.0416667,0.0946445,0.904265,0.341359,-0.0101505,-0.0885004,5.92593e-05,0.0149073,0.244018,14663,0.51318,0.324845,-0.4,0.25,618.784,2.57065e+07,0.814195,0.0808969,0.614724,0.00297087,-0.62791,0.936357,-0.145771,nan,nan,nan,nan,-0.0228707,-0.115478,-0.0315101,nan,-0.251937,0,-0.404226,-0.552349,nan,-1.46687,-0.557094,-0.683786,1.48403,0.485714,-1.34514,-0.0381429,0.664286,-0.5
2093,-26.787,856.3,-0.0253563,0.291667,0.125,0.0973008,0.911139,0.290927,-0.0104811,-0.0915435,5.92593e-05,0.0111548,0.243969,10417.6,0.760699,0.418839,-0.4,0.25,619.965,2.57188e+07,0.647895,0.0646767,0.528719,0.00251121,-0.588808,0.8563,-0.1502,nan,nan,nan,nan,-0.0296689,-0.149782,-0.0347521,nan,-0.235345,0,-0.362809,-0.524168,nan,-1.5185,-0.530438,-0.6372,1.29737,0.5392,-1.2376,-0.033,0.90625,-0.5
2094,-26.6494,1000,-0.0219985,0.666667,0,0.096527,0.906053,0.282265,-0.00956706,-0.0944547,5.92593e-05,0.0128551,0.243935,10547.2,0.731063,0.433988,-0.4,0.25,621.132,2.57311e+07,0.830191,0.0845462,0.651626,0.00331557,-0.678664,1,-0.177837,nan,nan,nan,nan,-0.0293403,-0.155493,-0.0381889,nan,-0.27063,0,-0.432026,-0.585638,nan,-1.72894,-0.598344,-0.747188,1.55058,0.59625,-1.45225,-0.0435,0.889062,nan
2095,-21.1668,909.083,-0.0231354,0.416667,0.0833333,0.0949044,0.890685,0.323687,-0.00922187,-0.0962495,5.92593e-05,0.013372,0.243911,9941.62,0.762321,0.473695,-0.4,0.25,622.369,2.57434e+07,0.755292,0.0763796,0.577097,0.0031634,-0.61672,0.909083,-0.169283,nan,nan,nan,nan,-0.0264632,-0.135257,-0.0367217,nan,-0.246577,0,-0.387749,-0.5492,nan,-1.40437,-0.550781,-0.673,1.42768,0.577333,-1.341,-0.041,0.877083,-0.5
2096,-28.5621,1000,-0.020902,0.333333,0,0.0949667,0.893796,0.293417,-0.00971815,-0.098346,5.92593e-05,0.0099671,0.243848,11740.1,0.656101,0.390564,-0.4,0.25,623.418,2.57556e+07,0.784237,0.0789588,0.628741,0.00332759,-0.675215,1,-0.162175,nan,nan,nan,nan,-0.0315798,-0.165247,-0.0378553,nan,-0.273148,0,-0.42315,-0.635756,nan,-1.76986,-0.622023,-0.763125,1.56089,0.584,-1.515,-0.041,1.04688,nan
2097,-18.7925,1000,-0.0210443,0.541667,0,0.0936609,0.91413,0.267785,-0.0101196,-0.101761,5.92593e-05,0.0126603,0.243778,11455.8,0.646267,0.426374,-0.4,0.25,624.492,2.57679e+07,0.869017,0.0770084,0.651377,0.00258073,-0.68135,1,-0.153046,nan,nan,nan,nan,-0.0278087,-0.147115,-0.0346825,nan,-0.271158,0,-0.431361,-0.616733,nan,-1.3749,-0.605788,-0.718615,1.54738,0.552,-1.46,-0.0366154,0.920192,nan
2098,-18.8998,1000,-0.0174108,0.291667,0,0.0929813,0.918966,0.324579,-0.0100544,-0.105427,5.92593e-05,0.00698744,0.243725,11123.6,0.670135,0.434545,-0.4,0.25,625.598,2.57802e+07,0.899876,0.0909034,0.663627,0.00219324,-0.670288,1,-0.122943,nan,nan,nan,nan,-0.0231672,-0.128588,-0.0285784,nan,-0.267941,0,-0.441684,-0.591793,nan,-1.28957,-0.58268,-0.684429,1.57165,0.452571,-1.432,-0.03,0.667857,nan
2099,-22.7539,1000,-0.0209243,0.458333,0,0.0956364,0.926153,0.287068,-0.00990095,-0.108083,5.92593e-05,0.0125384,0.243677,11249.1,0.715976,0.376382,-0.4,0.25,626.692,2.57925e+07,0.843021,0.0789169,0.648674,0.00298751,-0.68066,1,-0.176018,nan,nan,nan,nan,-0.030929,-0.164301,-0.0393749,nan,-0.269278,-9.09091e-05,-0.434111,-0.59775,nan,-1.59629,-0.599297,-0.727091,1.55185,0.608727,-1.44691,-0.0381818,0.928409,nan
2100,-24.3625,936.133,-0.0252829,0.541667,0.0833333,0.0963522,0.897108,0.365166,-0.00810486,-0.110972,5.92593e-05,0.0119742,0.243637,10619,0.804237,0.352934,-0.4,0.25,627.852,2.58048e+07,0.782687,0.0742075,0.616737,0.00305203,-0.631628,0.936133,-0.174973,nan,nan,nan,nan,-0.029707,-0.155276,-0.0382629,nan,-0.254394,0,-0.402889,-0.572152,nan,-1.59423,-0.566092,-0.6598,1.44236,0.581067,-1.3672,-0.0436,0.9025,-0.5
2101,-25.3396,1000,-0.0205927,0.291667,0,0.0952424,0.899573,0.2939,-0.00970812,-0.114267,5.92593e-05,0.0125384,0.243561,12023.3,0.674894,0.347118,-0.4,0.25,630.94,2.58171e+07,0.845199,0.0830318,0.638287,0.00396836,-0.667518,1,-0.200057,nan,nan,nan,nan,-0.0306645,-0.168405,-0.0408358,nan,-0.271386,0,-0.425926,-0.608078,nan,-1.69517,-0.609058,-0.758571,1.56085,0.635429,-1.44629,-0.0457143,0.933929,nan
2102,-25.0088,962.455,-0.0185033,0.416667,0.0416667,0.0934551,0.899798,0.258312,-0.00836447,-0.119195,5.92593e-05,0.0131793,0.243473,13293.7,0.652774,0.271576,-0.4,0.25,631.866,2.58294e+07,0.776809,0.0773336,0.615926,0.003162,-0.651458,0.962455,-0.166218,nan,nan,nan,nan,-0.0308905,-0.158827,-0.0384647,nan,-0.262158,0,-0.410572,-0.589996,nan,-1.60854,-0.58729,-0.757636,1.45943,0.598182,-1.40764,-0.0365455,1.00795,-0.5
2103,-18.0155,1000,-0.0193438,0.5,0,0.0951466,0.905867,0.253717,-0.00993391,-0.123687,5.92593e-05,0.00749046,0.243397,13631.5,0.560825,0.340613,-0.4,0.25,632.769,2.58417e+07,0.880655,0.0798989,0.654178,0.00295901,-0.675136,1,-0.1714,nan,nan,nan,nan,-0.0315506,-0.173589,-0.0400778,nan,-0.272291,0,-0.428971,-0.614526,nan,-1.46188,-0.608896,-0.72875,1.52589,0.610333,-1.46267,-0.0485,1.06354,nan
2104,-18.846,973.889,-0.0231393,0.666667,0.0833333,0.0966662,0.907814,0.327366,-0.00887275,-0.127736,5.92593e-05,0.0142768,0.243352,11780.1,0.684859,0.358256,-0.4,0.25,633.813,2.5854e+07,0.86776,0.0777731,0.631345,0.00254901,-0.656715,0.973889,-0.145578,nan,nan,nan,nan,-0.0267768,-0.141122,-0.0334199,nan,-0.263067,0,-0.418874,-0.594328,nan,-1.42806,-0.587373,-0.695,1.52064,0.517111,-1.41222,-0.0337778,0.879167,-0.5
2105,-23.2109,945.706,-0.0209761,0.666667,0.0416667,0.0963029,0.891371,0.293027,-0.0091685,-0.130114,8.88889e-05,0.00384969,0.243331,12340.8,0.659444,0.336281,-0.4,0.25,634.81,2.58662e+07,0.822468,0.0776091,0.61478,0.00310831,-0.637819,0.945706,-0.155624,nan,nan,nan,nan,-0.0242123,-0.124196,-0.0333783,nan,-0.2542,-5.88235e-05,-0.409548,-0.556516,nan,-1.50621,-0.557707,-0.695647,1.47693,0.526353,-1.35953,-0.0385882,0.755147,-0.5
2106,-21.5301,1000,-0.0206761,0.458333,0,0.0971052,0.906373,0.293706,-0.0101235,-0.133274,8.88889e-05,0.0107973,0.243261,11816.7,0.674971,0.364911,-0.4,0.25,635.852,2.58785e+07,0.869971,0.0767767,0.6605,0.00294474,-0.670694,1,-0.151945,nan,nan,nan,nan,-0.0240734,-0.120988,-0.0336195,nan,-0.267872,0,-0.430275,-0.59514,nan,-1.37551,-0.597245,-0.730636,1.56475,0.498909,-1.47382,-0.0376364,0.759091,nan
2107,-25.0125,951.143,-0.0211966,0.541667,0.0416667,0.0952581,0.899189,0.304115,-0.0111262,-0.138545,5.92593e-05,0.0212906,0.243174,13713.3,0.576088,0.319978,-0.4,0.25,636.749,2.58908e+07,0.843183,0.0882983,0.62511,0.00340618,-0.64084,0.951143,-0.163286,nan,nan,nan,nan,-0.0245539,-0.126071,-0.0345794,nan,-0.255897,0,-0.407439,-0.555189,nan,-1.68562,-0.567758,-0.709714,1.49195,0.553429,-1.39,-0.0407143,0.709821,-0.5
2108,-19.9596,917.444,-0.0235063,0.625,0.125,0.0952468,0.897659,0.242502,-0.00922232,-0.143403,5.92593e-05,0.015925,0.243087,12177.8,0.677644,0.331406,-0.4,0.25,637.76,2.59031e+07,0.765773,0.0726218,0.578472,0.00299681,-0.625345,0.917444,-0.165422,nan,nan,nan,nan,-0.0311808,-0.162263,-0.0383055,nan,-0.250646,0,-0.390654,-0.569588,nan,-1.43625,-0.568058,-0.688333,1.41493,0.578889,-1.34533,-0.0368889,1.0625,-0.5
2109,-20.9478,1000,-0.0239072,1.45833,0,0.0963028,0.886329,0.226207,-0.0101014,-0.14766,5.92593e-05,0.0091073,0.243048,11831.8,0.675863,0.362694,-0.4,0.25,638.8,2.59154e+07,0.876443,0.0789388,0.646188,0.00308956,-0.678702,1,-0.177503,nan,nan,nan,nan,-0.031521,-0.167472,-0.04055,nan,-0.271454,0,-0.428919,-0.612969,nan,-1.60735,-0.60651,-0.740314,1.53067,0.624,-1.4576,-0.0408571,1.055,nan
2110,-18.8085,975.538,-0.0218524,0.5,0.0416667,0.09522,0.896527,0.311855,-0.0107247,-0.149802,5.92593e-05,0.0133401,0.24301,11551,0.714159,0.349647,-0.4,0.25,639.866,2.59277e+07,0.854833,0.0875089,0.651785,0.00298754,-0.651958,0.975538,-0.145785,nan,nan,nan,nan,-0.0222233,-0.113579,-0.0315515,nan,-0.262296,0,-0.419648,-0.562713,nan,-1.27351,-0.580077,-0.693,1.52027,0.513846,-1.40492,-0.034,0.686538,-0.5
2111,-24.4628,978.143,-0.0198936,0.541667,0.0416667,0.0949387,0.888102,0.272048,-0.00993288,-0.152755,5.92593e-05,0.0111445,0.242949,15160.5,0.543945,0.266581,-0.4,0.25,640.678,2.594e+07,0.792003,0.0783956,0.634671,0.00320529,-0.65845,0.978143,-0.172729,nan,nan,nan,nan,-0.0288561,-0.154208,-0.0383538,nan,-0.265078,0,-0.418533,-0.58105,nan,-1.60727,-0.588243,-0.705643,1.51914,0.593143,-1.40829,-0.0415714,0.882143,-0.5
2112,-23.296,1000,-0.0204387,0.458333,0,0.0965204,0.88814,0.267386,-0.00937767,-0.156336,5.92593e-05,0.0078133,0.242912,12355.2,0.641142,0.353417,-0.4,0.25,641.674,2.59523e+07,0.895635,0.0835447,0.651075,0.00309263,-0.667197,1,-0.157727,nan,nan,nan,nan,-0.0222075,-0.110957,-0.0327487,nan,-0.265917,0,-0.432845,-0.587182,nan,-1.45067,-0.575516,-0.711818,1.58141,0.545091,-1.44182,-0.0350909,0.567045,nan
2113,-12.9466,899,-0.0220395,0.5,0.125,0.0955609,0.901453,0.2308,-0.00883707,-0.158668,5.92593e-05,0.00808228,0.242849,11535.1,0.67231,0.392965,-0.4,0.25,642.741,2.59645e+07,0.820929,0.0688207,0.584028,0.0020718,-0.611057,0.899,-0.13776,nan,nan,nan,nan,-0.0264542,-0.140329,-0.0314675,nan,-0.243507,0,-0.386294,-0.538023,nan,-1.09398,-0.546458,-0.6702,1.37048,0.4808,-1.3008,-0.0321333,0.985,-0.5
2114,-26.5888,934.4,-0.0172972,0.375,0.0416667,0.0961373,0.896571,0.313026,-0.00980085,-0.162928,5.92593e-05,0.0124892,0.242767,12685.2,0.639113,0.329578,-0.4,0.25,643.711,2.59768e+07,0.735906,0.0720656,0.614877,0.00314587,-0.629365,0.9344,-0.18044,nan,nan,nan,nan,-0.0254926,-0.126059,-0.0371329,nan,-0.251887,0,-0.399892,-0.571161,nan,-1.49548,-0.562416,-0.7176,1.44169,0.5696,-1.3688,-0.0504,0.765,-0.5
2115,-13.7205,1000,-0.0209644,0.333333,0,0.09909,0.894634,0.299356,-0.0101874,-0.166716,5.92593e-05,0.0165339,0.242704,13588.2,0.56699,0.337322,-0.4,0.25,644.616,2.59891e+07,0.908346,0.0806155,0.65527,0.00254854,-0.679381,1,-0.14615,nan,nan,nan,nan,-0.0335593,-0.185855,-0.0388292,nan,-0.273551,0,-0.428113,-0.627569,nan,-1.36772,-0.620132,-0.760875,1.52237,0.5625,-1.5075,-0.03125,1.28281,nan
2116,-18.1179,1000,-0.0218402,0.5,0,0.0979424,0.906816,0.306456,-0.00928104,-0.169214,5.92593e-05,0.0161308,0.242689,12841.9,0.617508,0.33936,-0.4,0.25,645.575,2.60014e+07,0.902478,0.0858524,0.646812,0.00263345,-0.668898,1,-0.14885,nan,nan,nan,nan,-0.0243444,-0.125902,-0.0319189,nan,-0.266846,0,-0.433059,-0.593894,nan,-1.29757,-0.583247,-0.729,1.57573,0.514667,-1.445,-0.0345,0.748958,nan
2117,-21.4711,1000,-0.0202362,0.708333,0,0.0979259,0.888385,0.271708,-0.0102197,-0.169794,5.92593e-05,0.00979798,0.242687,12832.9,0.607087,0.350453,-0.4,0.25,646.534,2.60137e+07,0.861284,0.0816542,0.654541,0.00293413,-0.674791,1,-0.175141,nan,nan,nan,nan,-0.0297117,-0.157357,-0.0399712,nan,-0.271152,0,-0.427734,-0.61614,nan,-1.57566,-0.605989,-0.728824,1.54159,0.599765,-1.43906,-0.0377647,0.963971,nan
2118,-21.1237,941.692,-0.0190687,0.5,0.0416667,0.0970798,0.90032,0.268967,-0.00938367,-0.171218,5.92593e-05,0.0114983,0.242658,13062.4,0.652362,0.288353,-0.4,0.25,647.476,2.6026e+07,0.872672,0.0796451,0.606881,0.00328936,-0.640878,0.941692,-0.172646,nan,nan,nan,nan,-0.0307038,-0.159377,-0.0385403,nan,-0.258231,-0.000153846,-0.397728,-0.577076,nan,-1.49049,-0.585435,-0.700385,1.46855,0.582769,-1.38769,-0.0444615,0.910577,-0.5
2119,-19.0228,952.286,-0.019826,0.541667,0.0416667,0.094836,0.921739,0.274459,-0.0110052,-0.17401,5.92593e-05,0.0104778,0.24261,15829.4,0.530481,0.245797,-0.4,0.25,648.254,2.60383e+07,0.827766,0.0727171,0.62311,0.00266814,-0.65032,0.952286,-0.169086,nan,nan,nan,nan,-0.0332514,-0.179802,-0.0397898,nan,-0.260333,0,-0.406759,-0.587955,nan,-1.43101,-0.594258,-0.728786,1.43099,0.594286,-1.39571,-0.0412857,1.09911,-0.5
2120,-28.1553,1000,-0.0167976,0.375,0,0.0956096,0.90254,0.325416,-0.00918634,-0.176776,5.92593e-05,0.00668823,0.242602,16229.4,0.510557,0.246586,-0.4,0.25,649.013,2.60506e+07,0.802639,0.0815073,0.651382,0.00263955,-0.675055,1,-0.158644,nan,nan,nan,nan,-0.0289577,-0.152636,-0.0364079,nan,-0.2691,0,-0.43385,-0.609313,nan,-1.67335,-0.596117,-0.780667,1.52,0.561778,-1.44489,-0.0395556,0.870833,nan
2121,-37.7632,1000,-0.016465,0.125,0,0.0969776,0.911588,0.258898,-0.00988518,-0.17738,5.92593e-05,0.0146799,0.242605,16435.5,0.505693,0.241956,-0.4,0.25,649.762,2.60628e+07,0.756194,0.079931,0.632782,0.00407196,-0.656739,1,-0.2154,nan,nan,nan,nan,-0.0225887,-0.101904,-0.0396987,nan,-0.264565,0,-0.430847,-0.549729,nan,-2.02259,-0.570324,-0.715,1.60942,0.678667,-1.42533,-0.0553333,0.420833,nan
2122,-21.9225,1000,-0.0183598,0.458333,0,0.0980372,0.906667,0.263849,-0.0102351,-0.178037,5.92593e-05,0.0164682,0.242598,16463.8,0.502323,0.244041,-0.4,0.25,650.509,2.60751e+07,0.842647,0.0901688,0.660463,0.00294972,-0.672917,1,-0.168891,nan,nan,nan,nan,-0.0299703,-0.158068,-0.0373531,nan,-0.26985,0,-0.430565,-0.594919,nan,-1.66456,-0.599754,-0.701455,1.55022,0.592,-1.45055,-0.0352727,0.979545,nan
2123,-22.5135,970.538,-0.0181206,0.5,0.0416667,0.0971697,0.909486,0.285267,-0.00996907,-0.178477,5.92593e-05,0.0132047,0.24261,16794.7,0.491435,0.240223,-0.4,0.25,651.242,2.60874e+07,0.826022,0.0792676,0.6267,0.0027636,-0.654563,0.970538,-0.168492,nan,nan,nan,nan,-0.0291172,-0.155696,-0.037457,nan,-0.263261,0,-0.414804,-0.584833,nan,-1.43309,-0.584815,-0.746769,1.46939,0.583385,-1.38862,-0.0395385,0.855769,-0.5
2124,-21.2981,976.889,-0.0183855,0.333333,0.0416667,0.094977,0.90683,0.232932,-0.0100496,-0.179905,5.92593e-05,0.00960328,0.242552,16753.7,0.492311,0.241139,-0.4,0.25,651.977,2.60997e+07,0.861833,0.0838411,0.625158,0.00262797,-0.656076,0.976889,-0.152622,nan,nan,nan,nan,-0.0258279,-0.13642,-0.033346,nan,-0.264061,0,-0.419537,-0.591163,nan,-1.31927,-0.582791,-0.741667,1.49902,0.544889,-1.38933,-0.0373333,0.745833,-0.5
2125,-24.7823,1000,-0.0184388,0.5,0,0.0965774,0.926204,0.306809,-0.0102663,-0.183215,5.92593e-05,0.0146988,0.242529,16214.1,0.503735,0.254125,-0.4,0.25,652.736,2.6112e+07,0.836995,0.0831811,0.633618,0.00341642,-0.670248,1,-0.19725,nan,nan,nan,nan,-0.0307134,-0.159232,-0.0421096,nan,-0.271412,0,-0.423648,-0.615693,nan,-1.61482,-0.610966,-0.768,1.57884,0.644667,-1.45767,-0.0518333,0.89375,nan
2126,-14.6638,1000,-0.0207324,0.333333,0,0.0984254,0.913438,0.34727,-0.00974213,-0.184279,5.92593e-05,0.0105792,0.242496,16751.1,0.49295,0.240613,-0.4,0.25,653.471,2.61243e+07,0.943599,0.0877353,0.679323,0.0028571,-0.665489,1,-0.169675,nan,nan,nan,nan,-0.0307361,-0.158758,-0.0374321,nan,-0.268655,0,-0.433762,-0.598481,nan,-1.54964,-0.590146,-0.719625,1.55789,0.633,-1.4325,-0.03425,1.05156,nan
2127,-23.362,1000,-0.018779,0.416667,0,0.0977193,0.913484,0.325659,-0.0088808,-0.186014,5.92593e-05,0.00904627,0.242497,16769.2,0.493848,0.238924,-0.4,0.25,654.205,2.61366e+07,0.854607,0.0963053,0.646839,0.00312687,-0.658639,1,-0.17858,nan,nan,nan,nan,-0.022794,-0.11186,-0.0357452,nan,-0.265746,0,-0.43452,-0.574457,nan,-1.53282,-0.575989,-0.7044,1.59523,0.5708,-1.4336,-0.0446,0.63875,nan
2128,-20.9052,998.4,-0.0190854,0.583333,0.0416667,0.099304,0.916321,0.330045,-0.00969367,-0.186917,5.92593e-05,0.0121632,0.242453,16713.5,0.495012,0.240202,-0.4,0.25,654.942,2.61489e+07,0.869324,0.0806546,0.643584,0.00252361,-0.682471,0.9984,-0.15636,nan,nan,nan,nan,-0.0305708,-0.161552,-0.0371426,nan,-0.272928,0,-0.427706,-0.622249,nan,-1.43919,-0.617693,-0.7682,1.53201,0.5488,-1.4488,-0.0365333,1.01417,-0.5
2129,-22.2216,907.545,-0.0187904,0.375,0.0833333,0.099528,0.916306,0.298855,-0.00936423,-0.189816,5.92593e-05,0.0120318,0.242413,16432.2,0.504019,0.243779,-0.4,0.25,655.691,2.61612e+07,0.772671,0.0790554,0.592567,0.00257216,-0.608448,0.907545,-0.167873,nan,nan,nan,nan,-0.025981,-0.130337,-0.0341593,nan,-0.240776,0,-0.397715,-0.551613,nan,-1.56408,-0.525653,-0.655091,1.43664,0.562909,-1.29927,-0.0401818,0.867045,-0.5
2130,-18.5181,1000,-0.0186769,0.666667,0,0.0979353,0.911867,0.290471,-0.00907796,-0.191642,5.92593e-05,0.0063572,0.242367,16160.7,0.505501,0.254862,-0.4,0.25,656.452,2.61734e+07,0.927328,0.0826667,0.641672,0.00305886,-0.666404,1,-0.1776,nan,nan,nan,nan,-0.0278972,-0.148065,-0.0371599,nan,-0.268525,-6.25e-05,-0.428112,-0.606268,nan,-1.37177,-0.598034,-0.728813,1.57739,0.581,-1.45925,-0.041375,0.820313,nan
2131,-16.9233,967.5,-0.0215096,0.291667,0.0416667,0.0969103,0.917111,0.324427,-0.00939014,-0.194716,5.92593e-05,0.0118309,0.24231,16409.4,0.501968,0.24687,-0.4,0.25,657.202,2.61857e+07,0.89137,0.0823219,0.633565,0.00222224,-0.659665,0.9675,-0.1466,nan,nan,nan,nan,-0.0329212,-0.188555,-0.0370571,nan,-0.26335,0,-0.41686,-0.631673,nan,-1.38397,-0.598836,-0.74925,1.45765,0.5535,-1.4115,-0.03125,1.17969,-0.5
2132,-17.1836,953.5,-0.0232248,0.5,0.0833333,0.0969363,0.924381,0.268737,-0.00893124,-0.198681,5.92593e-05,0.00852697,0.242223,16750.8,0.494359,0.239216,-0.4,0.25,657.937,2.6198e+07,0.822468,0.0835011,0.618484,0.0019581,-0.645832,0.9535,-0.136343,nan,nan,nan,nan,-0.0293112,-0.156376,-0.033104,nan,-0.259325,0,-0.409169,-0.597208,nan,-1.27823,-0.581113,-0.700071,1.45346,0.494286,-1.37229,-0.0268571,1.00982,-0.5
2133,-25.1593,940.688,-0.0238411,0.541667,0.125,0.0975886,0.904052,0.347063,-0.00830208,-0.203706,5.92593e-05,0.0105457,0.242142,16508.5,0.500276,0.244069,-0.4,0.25,658.683,2.62103e+07,0.825683,0.0755212,0.589454,0.00261295,-0.634079,0.940687,-0.1748,nan,nan,nan,nan,-0.028266,-0.145559,-0.038039,nan,-0.254986,0,-0.404095,-0.592625,nan,-1.45441,-0.566612,-0.7185,1.45389,0.5875,-1.368,-0.041625,0.782031,-0.5
2134,-14.9742,954.529,-0.0200922,0.666667,0.0416667,0.0966303,0.898145,0.341554,-0.00964622,-0.20743,5.92593e-05,0.00816341,0.242116,16804.8,0.4925,0.23872,-0.4,0.25,659.415,2.62226e+07,0.847635,0.0732702,0.61999,0.00263124,-0.636833,0.954529,-0.160694,nan,nan,nan,nan,-0.0281743,-0.155569,-0.0368709,nan,-0.256651,0,-0.411786,-0.599392,nan,-1.27922,-0.571992,-0.698647,1.48645,0.563059,-1.36118,-0.0382353,0.968382,-0.5
2135,-19.1922,958.533,-0.0250271,0.583333,0.0416667,0.101744,0.923483,0.369121,-0.00927356,-0.209364,5.92593e-05,0.0079574,0.242081,16544.1,0.497717,0.245023,-0.4,0.25,660.159,2.62349e+07,0.777651,0.0916865,0.624073,0.00263382,-0.640062,0.958533,-0.170827,nan,nan,nan,nan,-0.0285016,-0.15122,-0.036621,nan,-0.258542,-0.0002,-0.414376,-0.5825,nan,-1.4365,-0.572102,-0.712,1.45846,0.583733,-1.37227,-0.0373333,0.99,-0.5
2136,-15.3365,1000,-0.0218142,0.333333,0,0.0997786,0.912663,0.338394,-0.0100929,-0.211654,5.92593e-05,0.0140168,0.242053,16693.3,0.497141,0.238962,-0.4,0.25,660.897,2.62472e+07,0.92487,0.0891191,0.65046,0.00239819,-0.674494,1,-0.140275,nan,nan,nan,nan,-0.0290762,-0.157847,-0.0360212,nan,-0.269607,0,-0.429821,-0.631344,nan,-1.3301,-0.607722,-0.75825,1.55507,0.5195,-1.452,-0.03075,1.03906,nan
2137,-18.4888,921.417,-0.0228069,0.458333,0.0416667,0.0983299,0.907553,0.319899,-0.00886981,-0.213444,8.88889e-05,0.00471807,0.242018,16890.9,0.487886,0.239607,-0.4,0.25,661.626,2.62595e+07,0.880307,0.0763096,0.593111,0.00299196,-0.622493,0.921417,-0.163283,nan,nan,nan,nan,-0.0300881,-0.159295,-0.0362233,nan,-0.249068,0,-0.396663,-0.559876,nan,-1.33652,-0.556092,-0.7225,1.40948,0.564333,-1.34733,-0.0398333,0.888542,-0.5
2138,-19.7506,912.5,-0.0234116,0.291667,0.0416667,0.0979859,0.893883,0.345283,-0.0104797,-0.216526,8.88889e-05,0.0125717,0.241951,16097.8,0.522533,0.2408,-0.4,0.25,662.39,2.62717e+07,0.787401,0.0717896,0.590499,0.00197473,-0.627587,0.9125,-0.1366,nan,nan,nan,nan,-0.0306653,-0.169077,-0.034664,nan,-0.251599,0,-0.388445,-0.580388,nan,-1.30674,-0.569168,-0.679125,1.35212,0.5085,-1.3345,-0.035,0.99375,-0.5
2139,-25.9295,976.818,-0.0262566,0.416667,0.0416667,0.0988343,0.912116,0.26164,-0.0104683,-0.220774,8.88889e-05,0.00737953,0.24189,16669.9,0.491779,0.245358,-0.4,0.25,663.129,2.6284e+07,0.828454,0.0735156,0.598487,0.00274975,-0.66043,0.976818,-0.179182,nan,nan,nan,nan,-0.0344879,-0.185801,-0.0416169,nan,-0.267855,0,-0.413587,-0.619652,nan,-1.63066,-0.607017,-0.790909,1.48087,0.634182,-1.404,-0.0472727,1.03636,-0.5
2140,-19.158,931.667,-0.022583,0.416667,0.0833333,0.0986926,0.909964,0.29851,-0.0108793,-0.225382,8.88889e-05,0.0123068,0.241799,16416.6,0.508295,0.240215,-0.4,0.25,663.879,2.62963e+07,0.797815,0.0811575,0.584832,0.0023519,-0.619988,0.931667,-0.14185,nan,nan,nan,nan,-0.0259415,-0.134061,-0.0324805,nan,-0.249642,-8.33333e-05,-0.402028,-0.576698,nan,-1.30517,-0.552054,-0.70425,1.44481,0.502333,-1.332,-0.0318333,0.888542,-0.5
2141,-18.1073,923.75,-0.0193128,0.458333,0.0416667,0.0941643,0.899667,0.251305,-0.009919,-0.229832,8.88889e-05,0.0103668,0.241762,16240,0.50828,0.24837,-0.4,0.25,664.636,2.63086e+07,0.790878,0.071268,0.600918,0.00269206,-0.615208,0.92375,-0.154533,nan,nan,nan,nan,-0.0269668,-0.143223,-0.0343842,nan,-0.248659,0,-0.399074,-0.562901,nan,-1.31079,-0.550866,-0.691,1.4227,0.535,-1.31067,-0.0386667,0.876042,-0.5
2142,-19.7455,924.182,-0.0206569,0.416667,0.0416667,0.0953433,0.891546,0.347156,-0.0101723,-0.231975,8.88889e-05,0.0177223,0.241751,12890.2,0.596717,0.356564,-0.4,0.25,665.591,2.63209e+07,0.756315,0.0733145,0.572519,0.00250434,-0.617059,0.924182,-0.159436,nan,nan,nan,nan,-0.0316038,-0.174083,-0.0377297,nan,-0.251086,0,-0.396167,-0.590891,nan,-1.37879,-0.563136,-0.705273,1.39397,0.572727,-1.32545,-0.0361818,1.02955,-0.5
2143,-25.2539,1000,-0.0216617,0.333333,0,0.0962008,0.909342,0.265528,-0.0109766,-0.23506,8.88889e-05,0.0150065,0.241664,12753,0.660298,0.30324,-0.4,0.25,666.557,2.63332e+07,0.783649,0.0845115,0.637673,0.00290487,-0.665038,1,-0.1685,nan,nan,nan,nan,-0.029446,-0.151078,-0.0378106,nan,-0.27007,0,-0.429444,-0.609361,nan,-1.57102,-0.600592,-0.760875,1.52886,0.616,-1.4325,-0.039,0.848437,nan
2144,-22.1067,1000,-0.0131234,0.541667,0,0.092956,0.894527,0.355037,-0.00869089,-0.241449,8.88889e-05,0.0110432,0.241555,12785.9,0.620653,0.340409,-0.4,0.25,667.519,2.63455e+07,0.843295,0.0803023,0.649363,0.00288674,-0.666891,1,-0.176015,nan,nan,nan,nan,-0.0293002,-0.159432,-0.038658,nan,-0.269831,0,-0.429709,-0.60893,nan,-1.60842,-0.600853,-0.756231,1.54702,0.602154,-1.41969,-0.0375385,0.971154,nan
2145,-15.8735,977.8,-0.0189639,0.375,0.0416667,0.0933999,0.897207,0.280657,-0.0101587,-0.247917,8.88889e-05,0.00756812,0.241434,13650.7,0.594527,0.305644,-0.4,0.25,668.421,2.63578e+07,0.814515,0.0727461,0.628786,0.00263046,-0.675026,0.9778,-0.1366,nan,nan,nan,nan,-0.0354883,-0.205289,-0.0385673,nan,-0.268239,0,-0.420675,-0.649087,nan,-1.35032,-0.616219,-0.7431,1.48676,0.5412,-1.4368,-0.0302,1.3375,-0.5
2146,-21.0629,957,-0.0171705,0.791667,0.0833333,0.0915545,0.896422,0.269725,-0.0108668,-0.253406,8.88889e-05,0.0137087,0.241356,14154.2,0.553473,0.314678,-0.4,0.25,669.291,2.637e+07,0.829299,0.0840394,0.626702,0.00242217,-0.640126,0.957,-0.161276,nan,nan,nan,nan,-0.0275459,-0.145427,-0.0355673,nan,-0.256319,-0.00104762,-0.415475,-0.571779,nan,-1.40221,-0.567445,-0.719429,1.46931,0.56,-1.37829,-0.0367619,0.824405,-0.5
2147,-24.638,946.444,-0.0178625,0.708333,0.0416667,0.0938492,0.888672,0.307146,-0.00990465,-0.256289,8.88889e-05,0.00882483,0.241367,13275.4,0.607398,0.318225,-0.4,0.25,670.218,2.63823e+07,0.779136,0.0837373,0.601366,0.00257702,-0.628116,0.946444,-0.1654,nan,nan,nan,nan,-0.0261328,-0.134594,-0.034879,nan,-0.252895,0,-0.410134,-0.581881,nan,-1.46057,-0.555763,-0.7225,1.45612,0.562222,-1.35778,-0.0446667,0.739583,-0.5
2148,-15.818,949.643,-0.0185887,0.541667,0.0416667,0.0935969,0.891893,0.204674,-0.0107303,-0.258268,8.88889e-05,0.010361,0.241285,13049.6,0.612249,0.329388,-0.4,0.25,671.161,2.63946e+07,0.865471,0.0840696,0.629371,0.00227986,-0.637367,0.949643,-0.136586,nan,nan,nan,nan,-0.0270936,-0.151226,-0.0321366,nan,-0.25486,0,-0.411277,-0.585872,nan,-1.25575,-0.568045,-0.711643,1.47787,0.486,-1.37057,-0.0315714,0.924107,-0.5
2149,-20.63,1000,-0.0167572,0.5,0,0.0940409,0.896555,0.258362,-0.010559,-0.264279,8.88889e-05,0.0159391,0.241175,12567.4,0.649635,0.328135,-0.4,0.25,672.14,2.64069e+07,0.856932,0.0829939,0.643319,0.00237763,-0.675384,1,-0.163567,nan,nan,nan,nan,-0.0345444,-0.18754,-0.0399014,nan,-0.274472,-0.000166667,-0.423555,-0.635481,nan,-1.50373,-0.624208,-0.8135,1.48485,0.604333,-1.42333,-0.0381667,1.13125,nan
2150,-19.303,1000,-0.0200893,1.41667,0,0.0936211,0.88997,0.379766,-0.011007,-0.268956,8.88889e-05,0.0130926,0.241144,15337.1,0.551262,0.249934,-0.4,0.25,672.943,2.64192e+07,0.858942,0.0800318,0.653403,0.00251384,-0.666633,1,-0.177606,nan,nan,nan,nan,-0.0314349,-0.169606,-0.039192,nan,-0.268608,0,-0.434447,-0.613717,nan,-1.51163,-0.593978,-0.736941,1.53467,0.622471,-1.42624,-0.0405294,0.993382,nan
2151,-23.1649,878.733,-0.0208234,0.5,0.125,0.0903067,0.895872,0.250597,-0.0103924,-0.270357,8.88889e-05,0.0149543,0.241122,15790.8,0.519834,0.258341,-0.4,0.25,673.722,2.64315e+07,0.726028,0.073281,0.564924,0.00252056,-0.585835,0.878733,-0.144427,nan,nan,nan,nan,-0.0254975,-0.133065,-0.0329317,nan,-0.236543,-0.000266667,-0.379202,-0.551761,nan,-1.40519,-0.52339,-0.6442,1.35244,0.5272,-1.24427,-0.0334667,0.756667,-0.5
2152,-18.7824,1000,-0.0182742,0.416667,0,0.0898759,0.892996,0.233998,-0.0113905,-0.273903,8.88889e-05,0.0164609,0.241013,12862.6,0.585036,0.370293,-0.4,0.25,674.679,2.64438e+07,0.871686,0.0847412,0.640124,0.00264013,-0.669976,1,-0.18412,nan,nan,nan,nan,-0.0311415,-0.166366,-0.042678,nan,-0.268693,0,-0.432869,-0.620682,nan,-1.49151,-0.59233,-0.7734,1.54716,0.6608,-1.426,-0.044,0.9975,nan
2153,-14.5865,929.889,-0.0175068,0.666667,0.0833333,0.0901189,0.888266,0.26298,-0.0114365,-0.281423,8.88889e-05,0.0127541,0.240866,12082.9,0.659315,0.35766,-0.4,0.25,675.697,2.64561e+07,0.87128,0.0763172,0.615456,0.00202971,-0.615049,0.929889,-0.129144,nan,nan,nan,nan,-0.0231324,-0.122216,-0.0294885,nan,-0.247707,0,-0.407281,-0.567664,nan,-1.13953,-0.541058,-0.662167,1.45908,0.460222,-1.31089,-0.0302222,0.7375,-0.5
2154,-23.1768,934.333,-0.0162582,0.583333,0.0416667,0.0911031,0.889692,0.307247,-0.0104722,-0.28885,8.88889e-05,0.0103899,0.240743,12514.6,0.651115,0.330775,-0.4,0.25,676.681,2.64684e+07,0.773844,0.0776739,0.595663,0.00265672,-0.628544,0.934333,-0.16368,nan,nan,nan,nan,-0.0291174,-0.157849,-0.0365193,nan,-0.251283,0,-0.405883,-0.585581,nan,-1.61996,-0.556137,-0.6994,1.44721,0.565333,-1.34427,-0.044,1,-0.5
2155,-12.9353,881.444,-0.019706,0.291667,0.0833333,0.0943333,0.871633,0.263719,-0.0108648,-0.29518,8.88889e-05,0.011557,0.240608,12325,0.634652,0.362348,-0.4,0.25,677.679,2.64806e+07,0.821584,0.0781142,0.577993,0.00180764,-0.590729,0.881444,-0.121133,nan,nan,nan,nan,-0.0268116,-0.148573,-0.0293907,nan,-0.237391,-0.000111111,-0.383514,-0.542919,nan,-1.26224,-0.52886,-0.62,1.3456,0.443556,-1.24667,-0.0293333,0.941667,-0.5
2156,-23.0415,927,-0.0192087,0.458333,0.0416667,0.0932329,0.878631,0.291019,-0.00976092,-0.300894,8.88889e-05,0.0116983,0.240548,14143,0.563642,0.3052,-0.4,0.25,678.55,2.64929e+07,0.769758,0.0741823,0.592128,0.00257918,-0.618666,0.927,-0.16485,nan,nan,nan,nan,-0.0283963,-0.149003,-0.0366566,nan,-0.249671,0,-0.40023,-0.58546,nan,-1.54974,-0.554234,-0.68875,1.4118,0.586667,-1.31833,-0.0378333,0.907292,-0.5
2157,-21.3149,1000,-0.0180499,0.416667,0,0.0938853,0.875208,0.209253,-0.0107119,-0.304925,8.88889e-05,0.0142764,0.240454,11991.9,0.649685,0.375011,-0.4,0.25,679.576,2.65052e+07,0.84857,0.0849081,0.650424,0.00298471,-0.670051,1,-0.1765,nan,nan,nan,nan,-0.0338493,-0.183859,-0.0406967,nan,-0.270057,0,-0.43236,-0.619968,nan,-1.53395,-0.608815,-0.7872,1.52143,0.6112,-1.4232,-0.046,1.04125,nan
2158,-19.2232,1000,-0.01777,0.5,0,0.0935762,0.888982,0.334472,-0.0101918,-0.310688,8.88889e-05,0.00961606,0.240386,11969.1,0.665774,0.360866,-0.4,0.25,680.605,2.65175e+07,0.901362,0.0787146,0.637988,0.00226099,-0.659218,1,-0.135667,nan,nan,nan,nan,-0.0253685,-0.139681,-0.0315491,nan,-0.265449,0,-0.440317,-0.614924,nan,-1.33413,-0.579086,-0.72875,1.55486,0.478333,-1.425,-0.0345,0.798958,nan
2159,-18.4782,1000,-0.0172374,0.75,0,0.0954239,0.8866,0.314174,-0.0105259,-0.313288,8.88889e-05,0.0154847,0.240341,11811.2,0.666403,0.373963,-0.4,0.25,681.646,2.65298e+07,0.797632,0.082473,0.6419,0.00279663,-0.680982,1,-0.162944,nan,nan,nan,nan,-0.0359799,-0.201713,-0.0413039,nan,-0.272562,-0.000166667,-0.431201,-0.63831,nan,-1.43797,-0.618758,-0.786833,1.48312,0.604222,-1.43111,-0.0378889,1.24167,nan
2160,-19.2944,1000,-0.0191226,0.5,0,0.0957715,0.873539,0.259704,-0.0096672,-0.317412,8.88889e-05,0.0172352,0.240196,13087.1,0.618878,0.320061,-0.4,0.25,682.587,2.65421e+07,0.812784,0.0856258,0.62175,0.00272641,-0.657969,1,-0.166133,nan,nan,nan,nan,-0.0290892,-0.157361,-0.0369111,nan,-0.265634,-0.000333333,-0.438064,-0.606835,nan,-1.50519,-0.580357,-0.72225,1.56761,0.602667,-1.39567,-0.0398333,0.94375,nan
2161,-17.984,1000,-0.0210092,0.541667,0,0.0956486,0.891149,0.327746,-0.00938532,-0.324268,8.88889e-05,0.0131085,0.240081,16432.1,0.511307,0.236499,-0.4,0.25,683.336,2.65544e+07,0.897351,0.0864125,0.649508,0.00273106,-0.666438,1,-0.180754,nan,nan,nan,nan,-0.0308339,-0.17286,-0.0395467,nan,-0.267759,0,-0.433996,-0.616891,nan,-1.63404,-0.594642,-0.721385,1.56791,0.615077,-1.41415,-0.0458462,1.10096,nan
2162,-21.3662,796,-0.0205277,0.208333,0.0833333,0.0939352,0.884072,0.296006,-0.00960865,-0.329837,8.88889e-05,0.0146081,0.240009,12596.7,0.585769,0.389724,-0.4,0.25,684.313,2.65667e+07,0.652306,0.0632442,0.498406,0.00260615,-0.523463,0.796,-0.147743,nan,nan,nan,nan,-0.0240949,-0.126493,-0.0316786,nan,-0.21208,0,-0.345936,-0.483679,nan,-1.32017,-0.469171,-0.599143,1.23578,0.515429,-1.14,-0.0405714,0.775,-0.5
2163,-14.8346,1000,-0.0174266,0.208333,0,0.0921409,0.899829,0.234167,-0.00942255,-0.333079,8.88889e-05,0.0132611,0.24001,11930.9,0.694796,0.335137,-0.4,0.25,685.347,2.65789e+07,0.904937,0.0818784,0.670699,0.00224889,-0.683542,1,-0.17416,nan,nan,nan,nan,-0.0388557,-0.226014,-0.0413665,nan,-0.273334,-0.0006,-0.435483,-0.694611,nan,-1.44159,-0.627728,-0.7902,1.51109,0.6352,-1.452,-0.0308,1.3625,nan
2164,-22.851,926.462,-0.017607,0.458333,0.0833333,0.0922253,0.887179,0.299688,-0.00873081,-0.333447,8.88889e-05,0.01618,0.240009,12486.8,0.667629,0.316451,-0.4,0.25,686.332,2.65912e+07,0.82988,0.0808704,0.613796,0.00272867,-0.608462,0.926462,-0.172862,nan,nan,nan,nan,-0.0243847,-0.124345,-0.0335536,nan,-0.244366,0,-0.409319,-0.549998,nan,-1.49339,-0.525278,-0.663231,1.44286,0.570462,-1.30585,-0.0478462,0.670192,-0.5
2165,-14.9033,1000,-0.0159412,0.625,0,0.0899506,0.880128,0.262808,-0.0119345,-0.335992,8.88889e-05,0.0120207,0.239931,11738.8,0.723851,0.32293,-0.4,0.25,687.381,2.66035e+07,0.936529,0.0856449,0.658214,0.00246929,-0.662241,1,-0.166533,nan,nan,nan,nan,-0.0279606,-0.151204,-0.0364625,nan,-0.266056,0,-0.44093,-0.611273,nan,-1.40317,-0.580657,-0.7324,1.55143,0.600267,-1.39707,-0.0396,0.935833,nan
2166,-19.778,1000,-0.0173131,0.208333,0,0.0928948,0.895337,0.325361,-0.0106821,-0.340942,8.88889e-05,0.0151624,0.239858,11428.2,0.624085,0.451152,-0.4,0.25,688.458,2.66158e+07,0.862166,0.0751055,0.655007,0.00281571,-0.666622,1,-0.16288,nan,nan,nan,nan,-0.0333942,-0.188083,-0.0400866,nan,-0.270561,0,-0.433297,-0.632396,nan,-1.64571,-0.608551,-0.7338,1.52388,0.5984,-1.428,-0.0404,1.1775,nan
2167,-24.8497,952.7,-0.0203755,0.375,0.0416667,0.0922807,0.885089,0.245518,-0.0105963,-0.344731,8.88889e-05,0.0134487,0.239804,11844.9,0.687461,0.349944,-0.4,0.25,689.497,2.66281e+07,0.809592,0.0806582,0.592796,0.00290968,-0.630633,0.9527,-0.16964,nan,nan,nan,nan,-0.0288144,-0.143348,-0.037463,nan,-0.25384,0,-0.417074,-0.585201,nan,-1.66985,-0.5568,-0.6912,1.48702,0.6036,-1.3776,-0.0428,0.8825,-0.5
2168,-7.34246,1000,-0.0157579,0.375,0,0.0895042,0.881343,0.268387,-0.0107175,-0.347545,8.88889e-05,0.0119782,0.239781,10745.6,0.71414,0.4294,-0.4,0.25,690.642,2.66404e+07,0.985477,0.0890614,0.665136,0.00176255,-0.65217,1,-0.106156,nan,nan,nan,nan,-0.0215162,-0.118884,-0.0251955,nan,-0.262816,0,-0.442733,-0.603431,nan,-1.10389,-0.566675,-0.693,1.58464,0.394222,-1.42356,-0.022,0.831944,nan
2169,-20.8479,948.6,-0.0169137,0.375,0.0416667,0.0908401,0.887854,0.212822,-0.0106586,-0.349955,8.88889e-05,0.0136504,0.239734,10310.1,0.695728,0.496108,-0.4,0.25,691.836,2.66527e+07,0.853667,0.0746196,0.604676,0.00273335,-0.627952,0.9486,-0.17562,nan,nan,nan,nan,-0.0310221,-0.161385,-0.0376933,nan,-0.252681,-0.0001,-0.417007,-0.58135,nan,-1.44426,-0.556292,-0.7101,1.44092,0.6168,-1.372,-0.0432,0.87625,-0.5
2170,-22.0671,1000,-0.0152909,0.75,0,0.0927525,0.888093,0.301738,-0.0103552,-0.353221,8.88889e-05,0.0131809,0.239705,12682.2,0.636997,0.331917,-0.4,0.25,692.806,2.6665e+07,0.875332,0.0833366,0.627347,0.00319402,-0.660134,1,-0.170256,nan,nan,nan,nan,-0.0302932,-0.164654,-0.0386379,nan,-0.267256,0,-0.436941,-0.610204,nan,-1.71737,-0.586377,-0.753333,1.55229,0.612,-1.424,-0.0393333,0.946528,nan
2171,-22.7686,881.75,-0.0159998,0.291667,0.0416667,0.0927875,0.879864,0.323585,-0.00944327,-0.356297,8.88889e-05,0.0154741,0.239625,12739.6,0.64162,0.322934,-0.4,0.25,693.772,2.66772e+07,0.75317,0.079257,0.561209,0.0026022,-0.575671,0.88175,-0.16475,nan,nan,nan,nan,-0.0253949,-0.128442,-0.0344637,nan,-0.233062,0,-0.387577,-0.530563,nan,-1.45429,-0.502343,-0.6885,1.37646,0.5635,-1.2275,-0.03975,0.698438,-0.5
2172,-17.0523,1000,-0.0169474,0.625,0,0.0909499,0.873111,0.310687,-0.00947915,-0.361272,8.88889e-05,0.0120301,0.239588,12488.4,0.643193,0.340761,-0.4,0.25,694.757,2.66895e+07,0.939973,0.0911817,0.682211,0.00293114,-0.649212,1,-0.188867,nan,nan,nan,nan,-0.024702,-0.127819,-0.0360231,nan,-0.261207,0,-0.44164,-0.579734,nan,-1.50785,-0.559545,-0.7004,1.59006,0.608,-1.40027,-0.0472,0.7575,nan
2173,-26.1381,925.375,-0.0158071,0.291667,0.0416667,0.0917052,0.878984,0.284675,-0.00861716,-0.362036,8.88889e-05,0.0161607,0.239617,13152.9,0.626302,0.307941,-0.4,0.25,695.693,2.67018e+07,0.741171,0.0777697,0.600901,0.00337207,-0.604389,0.925375,-0.2055,nan,nan,nan,nan,-0.0269339,-0.13334,-0.0394899,nan,-0.245895,0,-0.402098,-0.538049,nan,-1.61999,-0.533178,-0.6945,1.43037,0.671,-1.285,-0.0535,0.6875,-0.5
2174,-20.1183,979,-0.0166022,0.833333,0.0416667,0.0921284,0.885637,0.322115,-0.0111925,-0.361289,8.88889e-05,0.0110836,0.239632,15650.7,0.537162,0.24798,-0.4,0.25,696.48,2.67141e+07,0.898942,0.088749,0.644918,0.00305522,-0.639894,0.979,-0.178924,nan,nan,nan,nan,-0.0276274,-0.142684,-0.0362733,nan,-0.258408,0,-0.428205,-0.59255,nan,-1.56074,-0.562964,-0.691143,1.53645,0.609524,-1.38229,-0.0434286,0.802381,-0.5
2175,-17.6552,937.667,-0.0195709,0.583333,0.0416667,0.092353,0.885421,0.371028,-0.01099,-0.362027,8.88889e-05,0.0100319,0.239599,16617.8,0.490799,0.248651,-0.4,0.25,697.22,2.67264e+07,0.857529,0.0856466,0.609515,0.00228863,-0.611495,0.937667,-0.127587,nan,nan,nan,nan,-0.0216599,-0.109501,-0.0276873,nan,-0.247091,0,-0.412679,-0.567175,nan,-1.32739,-0.534576,-0.6854,1.47491,0.452267,-1.31547,-0.0292,0.659167,-0.5
2176,-15.0362,989.647,-0.0177494,0.666667,0.0416667,0.0926655,0.889819,0.339469,-0.00811534,-0.364738,8.88889e-05,0.00962556,0.23954,16229.1,0.502613,0.254546,-0.4,0.25,697.979,2.67387e+07,0.940307,0.0908006,0.648875,0.00209953,-0.64579,0.989647,-0.142259,nan,nan,nan,nan,-0.0233542,-0.124384,-0.0301967,nan,-0.260546,0,-0.437063,-0.597564,nan,-1.23725,-0.559769,-0.703235,1.56858,0.492235,-1.38635,-0.0365882,0.729412,-0.5
2177,-16.5373,898.308,-0.0171923,0.458333,0.0833333,0.092885,0.895035,0.274315,-0.0107837,-0.368039,8.88889e-05,0.0144793,0.239502,12285.7,0.654407,0.345778,-0.4,0.25,698.98,2.6751e+07,0.855774,0.0841539,0.586134,0.00255092,-0.58947,0.898308,-0.145615,nan,nan,nan,nan,-0.0216992,-0.111786,-0.0297026,nan,-0.236239,0,-0.396283,-0.531142,nan,-1.16322,-0.514626,-0.643615,1.41177,0.460923,-1.25231,-0.0369231,0.623077,-0.5
2178,-22.7057,848.4,-0.0160768,0.291667,0.125,0.0898491,0.873319,0.300907,-0.00951371,-0.369969,8.88889e-05,0.00940817,0.239468,12275.6,0.659957,0.341052,-0.4,0.25,699.983,2.67633e+07,0.728657,0.0732521,0.553964,0.00250989,-0.55996,0.8484,-0.14506,nan,nan,nan,nan,-0.0272401,-0.141423,-0.0325839,nan,-0.227006,0,-0.371326,-0.532947,nan,-1.38538,-0.499461,-0.6765,1.30372,0.5048,-1.1888,-0.0354,0.8225,-0.5
2179,-15.7395,913.417,-0.016299,0.416667,0.0833333,0.0922547,0.883561,0.310921,-0.0124133,-0.373343,8.88889e-05,0.0183648,0.239394,13272.3,0.613044,0.312794,-0.4,0.25,700.91,2.67756e+07,0.867301,0.0828558,0.610804,0.00234634,-0.602543,0.913417,-0.13365,nan,nan,nan,nan,-0.0233836,-0.118912,-0.0301689,nan,-0.243092,0,-0.400604,-0.55348,nan,-1.25508,-0.531947,-0.64325,1.4297,0.471333,-1.282,-0.0351667,0.771875,-0.5
2180,-17.6815,847.636,-0.0200421,0.333333,0.125,0.0922629,0.895178,0.325933,-0.0110424,-0.377328,8.88889e-05,0.0164303,0.239334,14533.2,0.557162,0.28835,-0.4,0.25,701.757,2.67878e+07,0.780264,0.0662476,0.558656,0.00250456,-0.563443,0.847636,-0.141909,nan,nan,nan,nan,-0.0257762,-0.128981,-0.0315123,nan,-0.227426,0,-0.367486,-0.533785,nan,-1.20437,-0.503248,-0.627545,1.31273,0.493455,-1.21309,-0.0383636,0.797727,-0.5
2181,-24.647,1000,-0.0154232,0.25,0,0.0919266,0.880542,0.245053,-0.0113672,-0.381645,8.88889e-05,0.0183406,0.239263,15970.5,0.530268,0.239153,-0.4,0.25,702.528,2.68001e+07,0.78166,0.0862537,0.666436,0.00303048,-0.647694,1,-0.207333,nan,nan,nan,nan,-0.0257024,-0.133706,-0.0387274,nan,-0.262978,0,-0.439123,-0.577471,nan,-1.75776,-0.558022,-0.6825,1.56529,0.7,-1.37267,-0.048,0.716667,nan
2182,-17.2522,993.25,-0.0173117,0.625,0.0416667,0.09487,0.886632,0.35602,-0.00953244,-0.385734,8.88889e-05,0.0109193,0.239208,16794.4,0.49332,0.238351,-0.4,0.25,703.261,2.68124e+07,0.934955,0.0953223,0.657539,0.00316911,-0.645574,0.99325,-0.1792,nan,nan,nan,nan,-0.0233096,-0.113467,-0.0346507,nan,-0.260501,0,-0.438002,-0.568342,nan,-1.38302,-0.558228,-0.724875,1.58508,0.57425,-1.38975,-0.0435,0.6875,-0.5
2183,-17.136,932.273,-0.0191422,0.416667,0.0416667,0.0954402,0.87829,0.299332,-0.00935949,-0.3883,8.88889e-05,0.0197577,0.239164,11901.6,0.690456,0.342006,-0.4,0.25,704.295,2.68247e+07,0.813983,0.0852829,0.608339,0.00231313,-0.618212,0.932273,-0.153618,nan,nan,nan,nan,-0.0238831,-0.128412,-0.0327305,nan,-0.248676,0,-0.405059,-0.571379,nan,-1.29386,-0.542479,-0.664091,1.45464,0.514909,-1.31127,-0.0396364,0.810227,-0.5
2184,-19.7829,929.455,-0.0172688,0.416667,0.0416667,0.0949867,0.890665,0.336577,-0.0103928,-0.391669,8.88889e-05,0.0156721,0.239093,12491.1,0.65291,0.330834,-0.4,0.25,705.28,2.6837e+07,0.813118,0.0749591,0.596592,0.00295811,-0.620493,0.929455,-0.174091,nan,nan,nan,nan,-0.0325719,-0.177757,-0.039868,nan,-0.250978,0,-0.399062,-0.592638,nan,-1.57169,-0.560849,-0.737455,1.42345,0.606545,-1.32873,-0.0443636,1.13977,-0.5
2185,-10.0981,979.111,-0.0149452,0.333333,0.0416667,0.091607,0.888773,0.261016,-0.012151,-0.396406,8.88889e-05,0.0161103,0.239007,12920.3,0.622303,0.328758,-0.4,0.25,706.233,2.68493e+07,0.969667,0.088226,0.655141,0.00253629,-0.642043,0.979111,-0.146733,nan,nan,nan,nan,-0.0241371,-0.129733,-0.0316289,nan,-0.258416,0,-0.42966,-0.600663,nan,-1.14876,-0.561433,-0.685333,1.5599,0.537778,-1.36267,-0.0357778,0.815278,-0.5
2186,-15.063,1000,-0.0122437,0.5,0,0.0922341,0.88569,0.31266,-0.0102196,-0.400894,8.88889e-05,0.0141137,0.238938,13679.8,0.629769,0.268491,-0.4,0.25,707.133,2.68616e+07,1.01827,0.0962788,0.673278,0.00281398,-0.649647,1,-0.171983,nan,nan,nan,nan,-0.021817,-0.112328,-0.0320606,nan,-0.261199,0,-0.440605,-0.563709,nan,-1.37867,-0.55549,-0.7075,1.60601,0.555667,-1.37533,-0.0403333,0.605208,nan
2187,-23.0131,938.467,-0.0137315,0.541667,0.0833333,0.0914935,0.882352,0.231114,-0.0108674,-0.406416,8.88889e-05,0.0137222,0.238801,15422.2,0.544698,0.252075,-0.4,0.25,707.93,2.68739e+07,0.831592,0.0774523,0.628553,0.00295721,-0.618482,0.938467,-0.175987,nan,nan,nan,nan,-0.0264701,-0.138462,-0.0353104,nan,-0.249168,0,-0.407612,-0.570894,nan,-1.5189,-0.542331,-0.6942,1.4581,0.607733,-1.31813,-0.0437333,0.710833,-0.5
2188,-11.0236,957.1,-0.0138754,0.791667,0.0416667,0.0900557,0.870376,0.327124,-0.0101365,-0.413303,8.88889e-05,0.0141911,0.238721,16434,0.493983,0.253737,-0.4,0.25,708.68,2.68861e+07,0.961627,0.0825955,0.646767,0.00249124,-0.626479,0.9571,-0.14624,nan,nan,nan,nan,-0.0245732,-0.128263,-0.0315759,nan,-0.253662,0,-0.419071,-0.576137,nan,-1.13981,-0.555442,-0.67515,1.4921,0.5174,-1.3368,-0.0368,0.76375,-0.5
2189,-12.2191,952,-0.0147095,0.458333,0.0416667,0.09134,0.879027,0.249865,-0.0120635,-0.417354,8.88889e-05,0.0190052,0.238612,12116.1,0.644372,0.369816,-0.4,0.25,709.695,2.68984e+07,0.904881,0.080882,0.634298,0.00284677,-0.62802,0.952,-0.161067,nan,nan,nan,nan,-0.025992,-0.132583,-0.0354104,nan,-0.254438,-0.00075,-0.412229,-0.570231,nan,-1.24839,-0.55697,-0.691,1.48901,0.574,-1.332,-0.0383333,0.880208,-0.5
2190,-16.2138,890.846,-0.0167876,0.458333,0.0833333,0.0929855,0.867422,0.354942,-0.0113236,-0.423177,8.88889e-05,0.0160175,0.238528,11244.8,0.694168,0.398608,-0.4,0.25,710.79,2.69107e+07,0.882168,0.0778745,0.582346,0.00228436,-0.585896,0.890846,-0.125908,nan,nan,nan,nan,-0.0229855,-0.124108,-0.0281636,nan,-0.236912,0,-0.386232,-0.537263,nan,-1.14072,-0.51889,-0.667615,1.37814,0.444615,-1.27569,-0.0310769,0.689423,-0.5
2191,-18.7417,951.278,-0.0180324,0.708333,0.0416667,0.091189,0.874633,0.258542,-0.0113283,-0.427947,8.88889e-05,0.0120731,0.238415,12869.3,0.635521,0.319307,-0.4,0.25,711.746,2.6923e+07,0.850037,0.0859227,0.621221,0.00298598,-0.622358,0.951278,-0.167256,nan,nan,nan,nan,-0.0282039,-0.151681,-0.0365039,nan,-0.252709,0,-0.412246,-0.569278,nan,-1.54241,-0.552179,-0.717167,1.48277,0.579778,-1.34,-0.0392222,0.947917,-0.5
2192,-20.4755,1000,-0.0187243,1.25,0,0.0928365,0.879525,0.397457,-0.0103408,-0.433384,8.88889e-05,0.0136087,0.238357,14834.7,0.544271,0.284058,-0.4,0.25,712.576,2.69353e+07,0.889569,0.0843937,0.652273,0.00310849,-0.656163,1,-0.17692,nan,nan,nan,nan,-0.026077,-0.135391,-0.0362139,nan,-0.264438,-0.000166667,-0.435545,-0.591983,nan,-1.54497,-0.573501,-0.7381,1.58478,0.5832,-1.3952,-0.0422667,0.795833,nan
2193,-14.8084,966.643,-0.0161057,0.541667,0.0416667,0.0914097,0.870527,0.208282,-0.0111123,-0.437302,8.88889e-05,0.0157387,0.238269,16496.4,0.498546,0.246346,-0.4,0.25,713.322,2.69476e+07,0.910229,0.0872412,0.642396,0.00274665,-0.637661,0.966643,-0.163243,nan,nan,nan,nan,-0.0257485,-0.134472,-0.0348621,nan,-0.257368,0,-0.419828,-0.570527,nan,-1.26423,-0.566116,-0.717857,1.51052,0.541143,-1.348,-0.04,0.814286,-0.5
2194,-15.1125,898.812,-0.0185455,0.583333,0.0833333,0.09309,0.873734,0.32452,-0.0108008,-0.44188,8.88889e-05,0.0123303,0.238237,12033.9,0.650479,0.370636,-0.4,0.25,714.344,2.69599e+07,0.919479,0.0823311,0.599757,0.00272344,-0.580961,0.898812,-0.165337,nan,nan,nan,nan,-0.0254381,-0.131687,-0.0329752,nan,-0.237779,0,-0.391884,-0.544397,nan,-1.35265,-0.514671,-0.624938,1.42584,0.54875,-1.24625,-0.041375,0.719531,-0.5
2195,-17.2053,916.182,-0.014369,0.416667,0.0416667,0.0929421,0.895407,0.305004,-0.0119513,-0.443072,8.88889e-05,0.0170648,0.23824,12638.1,0.644867,0.327429,-0.4,0.25,715.318,2.69722e+07,0.914737,0.0827942,0.614792,0.00309762,-0.586361,0.916182,-0.181418,nan,nan,nan,nan,-0.023139,-0.110814,-0.0333692,nan,-0.238994,0,-0.402426,-0.523235,nan,-1.38964,-0.508477,-0.637636,1.47387,0.570182,-1.28,-0.0465455,0.571591,-0.5
2196,-18.1213,944.333,-0.0166352,0.791667,0.0833333,0.0914431,0.879569,0.246737,-0.0113089,-0.444702,8.88889e-05,0.0147983,0.238201,12783.9,0.635077,0.32613,-0.4,0.25,716.281,2.69844e+07,0.799253,0.0841682,0.619381,0.00290584,-0.621392,0.944333,-0.164095,nan,nan,nan,nan,-0.0289835,-0.160084,-0.036107,nan,-0.252936,0,-0.408381,-0.585338,nan,-1.46997,-0.555741,-0.695429,1.44954,0.56819,-1.34171,-0.0367619,0.960714,-0.5
2197,-14.8562,1000,-0.0130777,0.333333,0,0.0904269,0.87338,0.237882,-0.0101715,-0.448582,8.88889e-05,0.0119508,0.238141,14677.7,0.551509,0.28568,-0.4,0.25,717.119,2.69967e+07,0.976127,0.0914619,0.660323,0.00303857,-0.655254,1,-0.173075,nan,nan,nan,nan,-0.0312203,-0.170564,-0.0378963,nan,-0.265836,0,-0.437074,-0.597946,nan,-1.45886,-0.583232,-0.74625,1.56626,0.5925,-1.3775,-0.04625,0.948438,nan
2198,-16.4506,1000,-0.0168322,0.375,0,0.0919696,0.875439,0.252083,-0.0115158,-0.45294,8.88889e-05,0.0169122,0.238064,16243.9,0.517807,0.238663,-0.4,0.25,717.877,2.7009e+07,0.904927,0.09188,0.672604,0.00317385,-0.658762,1,-0.188378,nan,nan,nan,nan,-0.0323596,-0.177427,-0.0394804,nan,-0.267351,0,-0.430555,-0.615936,nan,-1.59478,-0.595859,-0.721667,1.53411,0.643111,-1.38756,-0.04,1.07778,nan
2199,-13.9942,946,-0.0113575,0.458333,0.0416667,0.091031,0.865762,0.332412,-0.00994113,-0.457161,8.88889e-05,0.0104817,0.238034,13146.4,0.55642,0.378282,-0.4,0.25,718.813,2.70213e+07,0.881364,0.0848243,0.61516,0.00273432,-0.613663,0.946,-0.158633,nan,nan,nan,nan,-0.0262563,-0.138568,-0.0331496,nan,-0.251409,0,-0.412351,-0.569043,nan,-1.21911,-0.542222,-0.68,1.49161,0.547667,-1.325,-0.0371667,0.779167,-0.5
2200,-17.8743,968.444,-0.0190642,0.708333,0.0416667,0.0941209,0.872437,0.259407,-0.0097138,-0.460129,8.88889e-05,0.0171487,0.23797,12136.7,0.676917,0.335548,-0.4,0.25,719.831,2.70336e+07,0.920784,0.0840914,0.628707,0.00298695,-0.624278,0.968444,-0.160889,nan,nan,nan,nan,-0.02441,-0.126984,-0.0329814,nan,-0.254858,0,-0.420598,-0.572398,nan,-1.45344,-0.549146,-0.694667,1.52745,0.556667,-1.34044,-0.0395556,0.739583,-0.5
2201,-12.7681,1000,-0.0178252,0.416667,0,0.0944938,0.860874,0.252345,-0.0113071,-0.464057,8.88889e-05,0.010039,0.237947,15203.5,0.547719,0.260517,-0.4,0.25,722.579,2.70459e+07,0.958379,0.0900261,0.663664,0.00274875,-0.653473,1,-0.16598,nan,nan,nan,nan,-0.0281881,-0.159841,-0.0352267,nan,-0.266376,0,-0.43046,-0.599456,nan,-1.32228,-0.587587,-0.7197,1.56139,0.5528,-1.4084,-0.0392,0.94875,nan
2202,-10.6884,1000,-0.0147028,0.541667,0,0.092944,0.872341,0.272851,-0.0108131,-0.467093,8.88889e-05,0.0128574,0.237905,16420,0.50098,0.247375,-0.4,0.25,723.329,2.70582e+07,0.953537,0.0893171,0.670718,0.00275608,-0.650547,1,-0.170215,nan,nan,nan,nan,-0.0277766,-0.152197,-0.0357711,nan,-0.264742,0,-0.436557,-0.594973,nan,-1.31636,-0.576081,-0.709385,1.55508,0.602769,-1.39108,-0.0406154,0.957692,nan
2203,-11.9482,934.083,-0.0134201,0.458333,0.0416667,0.0948475,0.882218,0.253695,-0.0104537,-0.470255,8.88889e-05,0.0105371,0.237842,16477.5,0.503697,0.242045,-0.4,0.25,724.076,2.70705e+07,0.853735,0.0805283,0.613271,0.00241239,-0.616993,0.934083,-0.150867,nan,nan,nan,nan,-0.0285122,-0.154183,-0.0340152,nan,-0.249211,0,-0.402304,-0.576939,nan,-1.1777,-0.55314,-0.7,1.43851,0.537333,-1.30567,-0.0348333,0.96875,-0.5
2204,-13.3117,894,-0.013907,0.25,0.0416667,0.0939805,0.878724,0.271042,-0.010478,-0.47406,8.88889e-05,0.0109655,0.237797,11732.2,0.620374,0.427,-0.4,0.25,725.125,2.70828e+07,0.867897,0.0928793,0.617265,0.00196933,-0.574797,0.894,-0.132343,nan,nan,nan,nan,-0.0190211,-0.0946096,-0.0254932,nan,-0.231986,0,-0.392766,-0.514382,nan,-1.1049,-0.498491,-0.578143,1.41905,0.416571,-1.252,-0.0348571,0.55,-0.5
2205,-7.66197,962,-0.0144975,0.25,0.0416667,0.0938264,0.875612,0.292964,-0.0115269,-0.477695,8.88889e-05,0.014089,0.237703,11422.1,0.711835,0.363974,-0.4,0.25,726.202,2.7095e+07,1.02505,0.091017,0.655063,0.00211149,-0.630231,0.962,-0.112914,nan,nan,nan,nan,-0.0234554,-0.123389,-0.0270726,nan,-0.256013,0,-0.415876,-0.57151,nan,-0.97205,-0.565305,-0.654429,1.53055,0.402857,-1.41143,-0.022,0.805357,-0.5
2206,-11.1209,1000,-0.0174353,0.541667,0,0.0961001,0.880208,0.34609,-0.011599,-0.481782,8.88889e-05,0.0172723,0.237679,12202.2,0.633423,0.373606,-0.4,0.25,727.211,2.71073e+07,0.934483,0.0878479,0.666337,0.00300483,-0.652717,1,-0.169092,nan,nan,nan,nan,-0.0280621,-0.150875,-0.0364241,nan,-0.264285,0,-0.434814,-0.590013,nan,-1.41049,-0.574883,-0.690692,1.57282,0.595385,-1.38954,-0.0423077,1.01827,nan
2207,-15.3158,971.538,-0.0174867,0.5,0.0416667,0.0956681,0.891581,0.313041,-0.0100832,-0.48456,8.88889e-05,0.0116763,0.237576,12255.1,0.649141,0.353547,-0.4,0.25,728.215,2.71196e+07,0.890535,0.0852847,0.647142,0.00296856,-0.638863,0.971538,-0.1654,nan,nan,nan,nan,-0.0299531,-0.15916,-0.0360271,nan,-0.259437,0,-0.418695,-0.586295,nan,-1.38619,-0.569455,-0.717692,1.50795,0.569231,-1.34923,-0.0423077,0.956731,-0.5
2208,-15.5556,967,-0.0162149,0.375,0.0416667,0.0957429,0.873081,0.249536,-0.0109286,-0.490595,8.88889e-05,0.0150481,0.237472,14500.6,0.556368,0.291047,-0.4,0.25,729.064,2.71319e+07,0.805207,0.0766715,0.636802,0.00298908,-0.646703,0.967,-0.17208,nan,nan,nan,nan,-0.0338366,-0.183966,-0.0396382,nan,-0.261053,0,-0.411781,-0.586804,nan,-1.39943,-0.585448,-0.7353,1.49354,0.6124,-1.394,-0.0436,1.17125,-0.5
2209,-23.6427,1000,-0.0158558,0.208333,0,0.0964905,0.872197,0.256763,-0.0105531,-0.495862,8.88889e-05,0.0123643,0.237394,13177.3,0.624074,0.308439,-0.4,0.25,729.998,2.71442e+07,0.873218,0.0861913,0.657218,0.00307112,-0.650881,1,-0.203,nan,nan,nan,nan,-0.0285369,-0.153229,-0.0378716,nan,-0.264646,0,-0.430362,-0.583962,nan,-1.54396,-0.580838,-0.7086,1.54115,0.6208,-1.4192,-0.0512,0.6925,nan
2210,-16.8435,1000,-0.0175145,0.416667,0,0.0964812,0.859265,0.342906,-0.0114535,-0.499152,8.88889e-05,0.0153571,0.237363,15287.7,0.541873,0.26191,-0.4,0.25,730.803,2.71565e+07,0.996699,0.0924119,0.672487,0.00327612,-0.639985,1,-0.2127,nan,nan,nan,nan,-0.0231163,-0.115124,-0.0371462,nan,-0.2599,0,-0.439435,-0.548753,nan,-1.58386,-0.546204,-0.6939,1.59602,0.67,-1.3712,-0.048,0.64625,nan
2211,-15.1697,1000,-0.0182777,0.416667,0,0.0982926,0.873479,0.369529,-0.0107631,-0.500478,5.92593e-05,0.0200723,0.237347,15401.2,0.542136,0.255724,-0.4,0.25,731.602,2.71688e+07,0.958809,0.0884162,0.657517,0.00322007,-0.650163,1,-0.17532,nan,nan,nan,nan,-0.0285289,-0.154455,-0.0373731,nan,-0.264811,-0.0003,-0.431867,-0.588769,nan,-1.71259,-0.572409,-0.6984,1.57983,0.596,-1.4048,-0.04,0.94625,nan
2212,-18.5656,925.118,-0.0212897,0.583333,0.125,0.0962919,0.883166,0.323841,-0.0100733,-0.502326,5.92593e-05,0.0147952,0.237318,13769.7,0.600693,0.291702,-0.4,0.25,732.497,2.71811e+07,0.788243,0.0796356,0.619942,0.00273848,-0.605153,0.925118,-0.153788,nan,nan,nan,nan,-0.0252909,-0.129462,-0.0320086,nan,-0.245406,-5.88235e-05,-0.396317,-0.541574,nan,-1.2799,-0.537927,-0.683471,1.45034,0.516235,-1.30329,-0.0342353,0.745588,-0.5
2213,-16.9783,943.556,-0.0146821,0.333333,0.0416667,0.0963454,0.869456,0.295426,-0.00999101,-0.50439,5.92593e-05,0.00943362,0.237283,14593.5,0.582783,0.259234,-0.4,0.25,733.34,2.71933e+07,0.874754,0.087289,0.645168,0.00302908,-0.622403,0.943556,-0.187,nan,nan,nan,nan,-0.0291787,-0.157702,-0.0381215,nan,-0.251616,0,-0.40659,-0.561193,nan,-1.34612,-0.557025,-0.672,1.45557,0.608,-1.37333,-0.0417778,0.833333,-0.5
2214,-16.021,909.875,-0.0212885,0.583333,0.0833333,0.0978207,0.877652,0.279328,-0.00940988,-0.507209,5.92593e-05,0.0141884,0.237222,14959.7,0.565463,0.255944,-0.4,0.25,734.163,2.72056e+07,0.754315,0.0769555,0.576787,0.00268726,-0.615793,0.909875,-0.137675,nan,nan,nan,nan,-0.0363631,-0.207146,-0.0378288,nan,-0.249432,0,-0.382682,-0.591636,nan,-1.34145,-0.577161,-0.719813,1.36909,0.532,-1.3305,-0.032,1.29922,-0.5
2215,-20.6475,992.556,-0.0134351,0.333333,0.0416667,0.0931258,0.8726,0.302606,-0.00936746,-0.511117,5.92593e-05,0.0137902,0.237147,15363.1,0.555816,0.244021,-0.4,0.25,734.964,2.72179e+07,0.928597,0.0847976,0.659207,0.00306087,-0.644645,0.992556,-0.169622,nan,nan,nan,nan,-0.0257641,-0.131246,-0.034221,nan,-0.261641,-0.000444444,-0.430339,-0.591536,nan,-1.44633,-0.567399,-0.712,1.54998,0.561778,-1.39067,-0.044,0.693056,-0.5
2216,-10.2315,1000,-0.0163209,0.833333,0,0.094036,0.863272,0.302158,-0.00953655,-0.515051,8.88889e-05,0.00317555,0.237095,16057.1,0.511168,0.254099,-0.4,0.25,735.731,2.72302e+07,0.921611,0.0921607,0.664576,0.00240284,-0.66318,1,-0.12848,nan,nan,nan,nan,-0.0292863,-0.162867,-0.0324259,nan,-0.267829,0,-0.428898,-0.60114,nan,-1.15326,-0.597311,-0.7407,1.5518,0.4732,-1.4026,-0.0331,1.02375,nan
2217,-13.0098,993.176,-0.0172355,0.666667,0.0416667,0.0898292,0.864927,0.270529,-0.0103799,-0.517855,8.88889e-05,0.0113584,0.237015,16071.5,0.504552,0.260033,-0.4,0.25,736.496,2.72425e+07,0.839712,0.0877441,0.645577,0.00301719,-0.65132,0.993176,-0.153106,nan,nan,nan,nan,-0.0302387,-0.16284,-0.0350734,nan,-0.264677,-0.000529412,-0.425893,-0.597648,nan,-1.21649,-0.585711,-0.737118,1.54084,0.535529,-1.41482,-0.0375294,1.04632,-0.5
2218,-20.8929,986.818,-0.0155883,0.416667,0.0416667,0.093482,0.884998,0.256585,-0.010768,-0.521893,8.88889e-05,0.0126865,0.236945,15926.7,0.51818,0.253356,-0.4,0.25,737.27,2.72548e+07,0.88295,0.0879783,0.641982,0.00344551,-0.643752,0.986818,-0.191618,nan,nan,nan,nan,-0.0308849,-0.156991,-0.040079,nan,-0.261186,0,-0.425832,-0.567845,nan,-1.65118,-0.570364,-0.716182,1.53918,0.668364,-1.38545,-0.0458182,0.877273,-0.5
2219,-18.4149,932.846,-0.0157413,0.458333,0.0833333,0.0930842,0.875539,0.37254,-0.0109698,-0.526363,5.92593e-05,0.025479,0.23685,16213.7,0.504441,0.253438,-0.4,0.25,738.029,2.72671e+07,0.816027,0.0849806,0.621591,0.00320829,-0.598986,0.932846,-0.186492,nan,nan,nan,nan,-0.0259835,-0.134458,-0.035876,nan,-0.244356,-0.000153846,-0.405592,-0.524178,nan,-1.54267,-0.52669,-0.656308,1.46165,0.626154,-1.27292,-0.0452308,0.809615,-0.5
2220,-20.6358,954.75,-0.0145264,0.583333,0.0833333,0.0924301,0.865343,0.318563,-0.00897916,-0.530232,5.92593e-05,0.00954982,0.236835,16291.9,0.508311,0.245927,-0.4,0.25,738.784,2.72794e+07,0.81242,0.0838145,0.628932,0.00344285,-0.625173,0.95475,-0.190062,nan,nan,nan,nan,-0.0302577,-0.162018,-0.0399405,nan,-0.254699,0,-0.408101,-0.549077,nan,-1.58808,-0.562182,-0.713063,1.46579,0.62625,-1.3385,-0.048375,0.964844,-0.5
2221,-15.6059,1000,-0.0101272,0.208333,0,0.0920718,0.863449,0.284261,-0.00827633,-0.531531,5.92593e-05,0.00822417,0.236802,14478.4,0.572721,0.27599,-0.4,0.25,739.635,2.72916e+07,0.875993,0.0832808,0.631603,0.00253171,-0.663077,1,-0.16684,nan,nan,nan,nan,-0.0359021,-0.202592,-0.040777,nan,-0.269367,0,-0.425578,-0.646296,nan,-1.33248,-0.610028,-0.8088,1.53873,0.612,-1.4296,-0.0456,1.1525,nan
2222,-9.35629,976.333,-0.0117862,0.458333,0.0416667,0.0921606,0.877983,0.277542,-0.0102222,-0.533819,5.92593e-05,0.0104547,0.236758,16017.3,0.508845,0.258326,-0.4,0.25,740.403,2.73039e+07,1.05847,0.107773,0.673056,0.00269005,-0.61794,0.976333,-0.15055,nan,nan,nan,nan,-0.0195319,-0.0980364,-0.0282341,nan,-0.251227,0,-0.430957,-0.515129,nan,-1.36021,-0.523833,-0.63825,1.57778,0.474667,-1.342,-0.0416667,0.607292,-0.5
2223,-15.138,1000,-0.00937499,0.208333,0,0.092281,0.873777,0.365636,-0.00945758,-0.53668,5.92593e-05,0.0060217,0.236693,16147.5,0.521579,0.239405,-0.4,0.25,741.166,2.73162e+07,0.804647,0.0908179,0.644786,0.00290288,-0.656873,1,-0.16796,nan,nan,nan,nan,-0.0359348,-0.197701,-0.0397291,nan,-0.269259,0,-0.426967,-0.595106,nan,-1.29791,-0.600917,-0.7596,1.52741,0.5912,-1.4088,-0.0444,1.0825,nan
2224,-14.0453,957.462,-0.0139945,0.5,0.0416667,0.0928401,0.853226,0.277157,-0.00968414,-0.539663,5.92593e-05,0.0110756,0.236661,16082.7,0.521398,0.242652,-0.4,0.25,741.931,2.73285e+07,0.86863,0.0841226,0.62573,0.00271566,-0.627288,0.957462,-0.171108,nan,nan,nan,nan,-0.0296917,-0.159927,-0.0361454,nan,-0.254576,0,-0.411866,-0.565448,nan,-1.33636,-0.560869,-0.720692,1.48023,0.578769,-1.35477,-0.0375385,1.00481,-0.5
2225,-13.7007,988,-0.0116527,0.583333,0.0416667,0.0901049,0.861136,0.304174,-0.00919883,-0.540912,5.92593e-05,0.0110273,0.236637,16584.8,0.49266,0.248257,-0.4,0.25,742.673,2.73408e+07,0.887278,0.0904242,0.658667,0.00284697,-0.642423,0.988,-0.17316,nan,nan,nan,nan,-0.0249435,-0.131921,-0.0349743,nan,-0.258405,0,-0.430384,-0.562963,nan,-1.31347,-0.552159,-0.6784,1.55521,0.569867,-1.37387,-0.0436,0.816667,-0.5
2226,-23.3383,1000,-0.0123143,0.291667,0,0.093136,0.855361,0.351442,-0.00949115,-0.543273,5.92593e-05,0.00780886,0.236577,16545.3,0.498759,0.243931,-0.4,0.25,743.417,2.73531e+07,0.773132,0.0805146,0.627169,0.00348627,-0.655217,1,-0.200914,nan,nan,nan,nan,-0.0332639,-0.182775,-0.0433278,nan,-0.266585,0,-0.42953,-0.596607,nan,-1.65411,-0.581188,-0.739714,1.56337,0.696571,-1.39429,-0.0497143,0.916071,nan
2227,-14.7092,1000,-0.0136965,0.375,0,0.0938627,0.869737,0.239344,-0.00903593,-0.547155,5.92593e-05,0.00867738,0.236494,16743.7,0.489479,0.244409,-0.4,0.25,744.152,2.73654e+07,0.901095,0.100598,0.649082,0.00363976,-0.638826,1,-0.211311,nan,nan,nan,nan,-0.0272758,-0.14005,-0.0395626,nan,-0.259412,0,-0.436298,-0.549476,nan,-1.47389,-0.550689,-0.737,1.58064,0.694667,-1.35244,-0.0531111,0.804167,nan
2228,-16.1031,1000,-0.0129724,0.541667,0,0.0940202,0.85299,0.225516,-0.00990348,-0.551536,5.92593e-05,0.0175952,0.23644,15585.1,0.54058,0.247866,-0.4,0.25,744.942,2.73777e+07,0.933867,0.0994976,0.672266,0.00316491,-0.637339,1,-0.192815,nan,nan,nan,nan,-0.0232637,-0.119135,-0.0348194,nan,-0.258152,0,-0.439442,-0.544973,nan,-1.50465,-0.542361,-0.662769,1.60315,0.615692,-1.38246,-0.0444615,0.653846,nan
2229,-14.4383,1000,-0.0141686,0.708333,0,0.0942326,0.852658,0.284182,-0.0104325,-0.554478,5.92593e-05,0.00758911,0.236402,15708.5,0.527188,0.255063,-0.4,0.25,745.726,2.739e+07,0.95428,0.0912576,0.669902,0.0027122,-0.642597,1,-0.156188,nan,nan,nan,nan,-0.0248936,-0.134251,-0.0321722,nan,-0.260874,0,-0.43473,-0.561882,nan,-1.38039,-0.557156,-0.700059,1.58883,0.539059,-1.40894,-0.0341176,0.760294,nan
2230,-8.33885,1000,-0.0117806,0.625,0,0.0923869,0.873992,0.313887,-0.00826288,-0.55758,5.92593e-05,0.0129413,0.23636,16593.2,0.49612,0.244426,-0.4,0.25,746.468,2.74022e+07,1.00526,0.0904941,0.667942,0.00254005,-0.647438,1,-0.144893,nan,nan,nan,nan,-0.0256642,-0.138878,-0.0314417,nan,-0.262769,0,-0.434754,-0.568091,nan,-1.16242,-0.568075,-0.6854,1.58071,0.4968,-1.41093,-0.0382667,0.858333,nan
2231,-7.09358,935.6,-0.0125415,0.583333,0.0416667,0.0908498,0.862678,0.280562,-0.0101849,-0.560925,5.92593e-05,0.00858995,0.236294,16953.9,0.488195,0.236596,-0.4,0.25,747.194,2.74145e+07,0.94355,0.0873602,0.638537,0.00267908,-0.59826,0.9356,-0.148573,nan,nan,nan,nan,-0.0238406,-0.127024,-0.0304675,nan,-0.244381,0,-0.408205,-0.518072,nan,-1.17054,-0.521174,-0.5962,1.50543,0.5184,-1.30907,-0.0329333,0.775833,-0.5
2232,-9.27003,1000,-0.0110812,0.5,0,0.0909427,0.870994,0.301295,-0.00981319,-0.564095,5.92593e-05,0.0106612,0.236286,12803.2,0.599839,0.359923,-0.4,0.25,748.155,2.74268e+07,1.03768,0.0888243,0.676156,0.0031103,-0.643295,1,-0.164817,nan,nan,nan,nan,-0.0255647,-0.135949,-0.034384,nan,-0.260434,0,-0.439292,-0.554287,nan,-1.43886,-0.549873,-0.655,1.60685,0.599667,-1.38367,-0.0393333,0.848958,nan
2233,-13.4058,887.389,-0.0140532,0.583333,0.166667,0.0906602,0.8574,0.331537,-0.0096604,-0.564746,5.92593e-05,0.01393,0.23629,12779.5,0.643763,0.317776,-0.4,0.25,749.118,2.74391e+07,0.833767,0.0748226,0.593678,0.002718,-0.573426,0.887389,-0.157278,nan,nan,nan,nan,-0.025909,-0.13671,-0.0322143,nan,-0.233083,0,-0.386677,-0.514161,nan,-1.23642,-0.505466,-0.6165,1.38735,0.528,-1.24333,-0.039,0.764583,-0.5
2234,-11.7184,952.393,-0.0145502,1.08333,0.0833333,0.0898225,0.855323,0.323946,-0.00962676,-0.566478,5.92593e-05,0.00970993,0.236255,13146.9,0.5947,0.339967,-0.4,0.25,750.054,2.74514e+07,0.93915,0.095847,0.628252,0.0028672,-0.612457,0.952393,-0.164757,nan,nan,nan,nan,-0.0248591,-0.134745,-0.0327629,nan,-0.248576,0,-0.414567,-0.536996,nan,-1.27322,-0.531908,-0.65925,1.52165,0.551286,-1.31471,-0.0397143,0.746875,-0.5
2235,-18.8255,1000,-0.0109042,0.5,0,0.090049,0.864095,0.24857,-0.0113638,-0.570004,5.92593e-05,0.0108861,0.236168,11965.3,0.624597,0.402376,-0.4,0.25,751.083,2.74637e+07,0.894629,0.0899568,0.680504,0.00315668,-0.646521,1,-0.172767,nan,nan,nan,nan,-0.0275894,-0.149984,-0.0348849,nan,-0.261651,0,-0.433537,-0.575093,nan,-1.57929,-0.566399,-0.672,1.56023,0.58,-1.395,-0.0381667,0.803125,nan
2236,-11.5039,1000,-0.0105011,0.625,0,0.0897884,0.856292,0.282507,-0.00861285,-0.574657,5.92593e-05,0.0127391,0.236106,14386.7,0.559183,0.294939,-0.4,0.25,751.939,2.7476e+07,0.888054,0.0952641,0.668213,0.00242577,-0.650122,1,-0.133613,nan,nan,nan,nan,-0.0278811,-0.156183,-0.0313676,nan,-0.264378,0,-0.43231,-0.586155,nan,-1.05951,-0.580425,-0.7154,1.53793,0.466667,-1.42507,-0.0313333,0.86,nan
2237,-21.763,1000,-0.00919344,0.416667,0,0.0906712,0.853167,0.273277,-0.00934551,-0.577949,5.92593e-05,0.00959641,0.236052,13444.9,0.601477,0.312476,-0.4,0.25,752.854,2.74883e+07,0.838706,0.090788,0.669635,0.00295086,-0.630792,1,-0.18326,nan,nan,nan,nan,-0.0223719,-0.110731,-0.0346468,nan,-0.257351,0,-0.44045,-0.545734,nan,-1.50551,-0.542584,-0.6957,1.56405,0.5936,-1.406,-0.044,0.57125,nan
2238,-10.3948,1000,-0.0122824,0.708333,0,0.0915988,0.85403,0.227457,-0.00906505,-0.581249,5.92593e-05,0.0161551,0.235972,13062.6,0.617081,0.323618,-0.4,0.25,753.796,2.75005e+07,0.941069,0.0919565,0.663372,0.00318922,-0.65442,1,-0.179094,nan,nan,nan,nan,-0.0333279,-0.183515,-0.0411543,nan,-0.264417,-5.88235e-05,-0.431432,-0.600572,nan,-1.49308,-0.577381,-0.702529,1.56125,0.638118,-1.42659,-0.0414118,1.21029,nan
2239,-20.5046,891.333,-0.0126776,0.416667,0.0833333,0.0916268,0.856462,0.294867,-0.0103492,-0.584709,5.92593e-05,0.0127745,0.235929,13475.6,0.604062,0.307808,-0.4,0.25,754.709,2.75128e+07,0.828944,0.0820033,0.585506,0.00302816,-0.573543,0.891333,-0.17345,nan,nan,nan,nan,-0.0271591,-0.142982,-0.0349466,nan,-0.233952,0,-0.385367,-0.510772,nan,-1.49048,-0.505587,-0.671,1.37756,0.596,-1.271,-0.0391667,0.753125,-0.5
2240,-18.1061,1000,-0.0148931,0.291667,0,0.0947175,0.855745,0.267487,-0.0101997,-0.586775,5.92593e-05,0.00908099,0.235917,14696.3,0.53382,0.30231,-0.4,0.25,755.547,2.75251e+07,0.849536,0.073886,0.671227,0.00297839,-0.635969,1,-0.178857,nan,nan,nan,nan,-0.0304818,-0.167296,-0.038272,nan,-0.261383,0,-0.433791,-0.579343,nan,-1.58128,-0.566278,-0.734143,1.55552,0.602857,-1.408,-0.048,1.00179,nan
2241,-15.9848,1000,-0.0123654,0.583333,0,0.0924698,0.860968,0.286735,-0.00959006,-0.588681,5.92593e-05,0.00603435,0.235875,16896.5,0.491341,0.235912,-0.4,0.25,756.275,2.75374e+07,0.821369,0.0880521,0.654084,0.00288128,-0.643972,1,-0.165486,nan,nan,nan,nan,-0.0305039,-0.171633,-0.0372327,nan,-0.262983,0,-0.434575,-0.581254,nan,-1.51474,-0.568247,-0.701357,1.57449,0.582286,-1.40286,-0.0432857,1.03571,nan
2242,-10.4645,970.632,-0.0144351,0.708333,0.0833333,0.0920809,0.86486,0.307955,-0.00967923,-0.591875,5.92593e-05,0.0126798,0.235833,16822.3,0.487507,0.242951,-0.4,0.25,757.007,2.75497e+07,0.875087,0.088315,0.6259,0.00267711,-0.63055,0.970632,-0.1504,nan,nan,nan,nan,-0.0287313,-0.159274,-0.033696,nan,-0.255318,0,-0.420882,-0.568522,nan,-1.26976,-0.553366,-0.686211,1.52975,0.523789,-1.37347,-0.0348421,1.07829,-0.5
2243,-16.4993,1000,-0.0101021,0.541667,0,0.091815,0.85284,0.317759,-0.00913869,-0.594748,5.92593e-05,0.0124406,0.235773,17205.8,0.481468,0.232708,-0.4,0.25,757.723,2.7562e+07,0.839871,0.0934658,0.672564,0.00303194,-0.641192,1,-0.172954,nan,nan,nan,nan,-0.0295363,-0.159362,-0.0364799,nan,-0.262621,0,-0.435234,-0.567575,nan,-1.52253,-0.563622,-0.683538,1.5529,0.62,-1.384,-0.0404615,0.892308,nan
2244,-12.1586,964,-0.0111913,0.5,0.0416667,0.0939467,0.84947,0.256406,-0.00980795,-0.597937,5.92593e-05,0.0157471,0.235719,17156.8,0.483976,0.23224,-0.4,0.25,758.44,2.75743e+07,0.880718,0.0912792,0.633685,0.00268838,-0.626539,0.964,-0.144738,nan,nan,nan,nan,-0.0299249,-0.169012,-0.0340855,nan,-0.25358,0,-0.416847,-0.563321,nan,-1.32459,-0.555138,-0.681692,1.50886,0.517846,-1.36831,-0.0353846,1.03462,-0.5
2245,-17.1334,1000,-0.0113622,0.416667,0,0.0931835,0.848226,0.284392,-0.0102063,-0.600667,5.92593e-05,0.00709294,0.235689,16446.8,0.47743,0.269708,-0.4,0.25,759.188,2.75866e+07,0.904744,0.0812511,0.66139,0.00296893,-0.641732,1,-0.1794,nan,nan,nan,nan,-0.0297698,-0.163955,-0.0380749,nan,-0.262988,0,-0.435338,-0.584342,nan,-1.47067,-0.565848,-0.7014,1.53365,0.6084,-1.41,-0.0418,0.87625,nan
2246,-23.1994,841,-0.0125501,0.208333,0.0416667,0.0944731,0.842655,0.325723,-0.0088312,-0.602915,5.92593e-05,0.0132268,0.23566,12885.6,0.587346,0.36628,-0.4,0.25,760.144,2.75988e+07,0.672334,0.0844881,0.556223,0.00288473,-0.529069,0.841,-0.185733,nan,nan,nan,nan,-0.0218093,-0.108907,-0.0321848,nan,-0.217057,0,-0.370196,-0.45161,nan,-1.47668,-0.458,-0.603,1.31135,0.604,-1.17067,-0.049,0.525,-0.5
2247,-16.2563,909.6,-0.00933126,0.375,0.0416667,0.0917516,0.842748,0.300173,-0.00943017,-0.605093,5.92593e-05,0.00768111,0.235636,11949.1,0.661954,0.366408,-0.4,0.25,761.174,2.76111e+07,0.805034,0.0884575,0.61068,0.00268162,-0.584795,0.9096,-0.15198,nan,nan,nan,nan,-0.0244861,-0.132461,-0.031211,nan,-0.23383,0,-0.400216,-0.516642,nan,-1.49629,-0.498677,-0.6174,1.45957,0.5168,-1.3008,-0.0356,0.86875,-0.5
2248,-11.3593,1000,-0.0141039,0.458333,0,0.0932797,0.850178,0.27012,-0.00844457,-0.606762,8.88889e-05,0.00473175,0.235627,13810.9,0.565234,0.324498,-0.4,0.25,762.066,2.76234e+07,0.94861,0.090244,0.680575,0.00327913,-0.631869,1,-0.174818,nan,nan,nan,nan,-0.0235906,-0.122319,-0.0341216,nan,-0.257625,0,-0.438822,-0.563222,nan,-1.37513,-0.543452,-0.675818,1.60189,0.586545,-1.36509,-0.0425455,0.769318,nan
2249,-11.7787,1000,-0.00899518,0.375,0,0.0918021,0.864101,0.233804,-0.0095558,-0.609472,8.88889e-05,0.00994286,0.235575,15236.4,0.52357,0.282919,-0.4,0.25,762.873,2.76357e+07,0.904274,0.090676,0.667446,0.00317652,-0.64073,1,-0.179956,nan,nan,nan,nan,-0.0307602,-0.164627,-0.0383668,nan,-0.262862,0,-0.433062,-0.587045,nan,-1.44808,-0.569515,-0.713,1.53394,0.639556,-1.384,-0.0371111,1.06111,nan
2250,-14.6548,986.667,-0.0116573,0.458333,0.0416667,0.0924413,0.857412,0.312548,-0.0113188,-0.613751,8.88889e-05,0.0164122,0.235485,16793.8,0.487069,0.244629,-0.4,0.25,763.607,2.7648e+07,0.894255,0.0995658,0.664008,0.00309892,-0.621351,0.986667,-0.18085,nan,nan,nan,nan,-0.0250502,-0.126356,-0.0343756,nan,-0.254162,0,-0.434672,-0.542106,nan,-1.56211,-0.533204,-0.66225,1.56228,0.626,-1.354,-0.0433333,0.846875,-0.5
2251,-11.0946,1000,-0.00844495,0.291667,0,0.0944118,0.855144,0.291857,-0.0117484,-0.617501,8.88889e-05,0.0143135,0.235476,13216.7,0.578388,0.351347,-0.4,0.25,764.538,2.76603e+07,0.842917,0.0763252,0.654588,0.0024213,-0.660082,1,-0.135771,nan,nan,nan,nan,-0.0388244,-0.21787,-0.0393224,nan,-0.269707,-0.000142857,-0.425246,-0.611845,nan,-1.36457,-0.601989,-0.756,1.50674,0.533143,-1.41314,-0.0345714,1.39821,nan
2252,-15.1254,954.6,-0.0131751,0.375,0.0416667,0.0966198,0.844795,0.427951,-0.0101227,-0.618428,8.88889e-05,0.0174287,0.235481,13197.3,0.592476,0.338625,-0.4,0.25,765.47,2.76726e+07,0.864636,0.0945888,0.62682,0.0029906,-0.612027,0.9546,-0.18296,nan,nan,nan,nan,-0.0280486,-0.148479,-0.0370537,nan,-0.248997,0,-0.413697,-0.545758,nan,-1.45067,-0.536055,-0.675,1.51694,0.5976,-1.3324,-0.0458,0.8925,-0.5
2253,-12.9871,924.857,-0.0144277,0.5,0.0833333,0.0981727,0.850677,0.351007,-0.0107944,-0.619781,5.92593e-05,0.0209782,0.235494,12850.5,0.585531,0.370696,-0.4,0.25,766.428,2.76849e+07,0.875418,0.0854413,0.616998,0.00271844,-0.597937,0.924857,-0.159629,nan,nan,nan,nan,-0.0301222,-0.162749,-0.0354623,nan,-0.242472,0,-0.401866,-0.53605,nan,-1.49589,-0.523413,-0.607286,1.43898,0.586571,-1.3,-0.033,1.01696,-0.5
2254,-13.1774,1000,-0.0115125,0.625,0,0.0932096,0.855348,0.311548,-0.00869609,-0.621518,5.92593e-05,0.0110168,0.235456,15240.5,0.544098,0.262177,-0.4,0.25,767.235,2.76972e+07,0.86655,0.090906,0.669615,0.00294676,-0.64209,1,-0.15616,nan,nan,nan,nan,-0.0290795,-0.165194,-0.0344913,nan,-0.262025,-6.66667e-05,-0.433975,-0.584484,nan,-1.37489,-0.566942,-0.6908,1.57148,0.5432,-1.40827,-0.0376,0.9825,nan
2255,-9.39115,1000,-0.0126377,0.583333,0,0.0923342,0.861199,0.21027,-0.00986063,-0.625751,5.92593e-05,0.0132424,0.235366,16591.6,0.50469,0.235926,-0.4,0.25,767.977,2.77094e+07,1.01939,0.0976872,0.677315,0.00293338,-0.638575,1,-0.157886,nan,nan,nan,nan,-0.0259245,-0.142614,-0.0319148,nan,-0.258829,0,-0.441762,-0.563479,nan,-1.35178,-0.549438,-0.656143,1.608,0.543714,-1.404,-0.0328571,0.836607,nan
2256,-15.1776,1000,-0.0120428,0.333333,0,0.0934231,0.85895,0.302923,-0.00986278,-0.63074,8.88889e-05,0.00372179,0.235275,17258.5,0.479585,0.232412,-0.4,0.25,768.691,2.77217e+07,0.870834,0.0979389,0.671389,0.00273864,-0.653379,1,-0.154425,nan,nan,nan,nan,-0.0296911,-0.160254,-0.0362531,nan,-0.262867,0,-0.433303,-0.588345,nan,-1.52211,-0.572138,-0.68025,1.54998,0.5675,-1.372,-0.02925,0.975,nan
2257,-12.0117,1000,-0.011928,0.541667,0,0.0935111,0.855319,0.288439,-0.00917766,-0.636421,8.88889e-05,0.0170075,0.235185,17052.2,0.483372,0.237237,-0.4,0.25,769.413,2.7734e+07,0.90339,0.0919379,0.665871,0.00282791,-0.642248,1,-0.172,nan,nan,nan,nan,-0.0306098,-0.169709,-0.0379863,nan,-0.261338,0,-0.436126,-0.584932,nan,-1.54888,-0.565529,-0.702231,1.55429,0.618154,-1.41231,-0.0404615,1.16731,nan
2258,-11.4516,1000,-0.0102745,0.666667,0,0.0923898,0.838511,0.24219,-0.0106429,-0.640585,8.88889e-05,0.0105588,0.235144,13363.3,0.555138,0.364398,-0.4,0.25,770.334,2.77463e+07,0.935308,0.0931433,0.666711,0.00272096,-0.640755,1,-0.166938,nan,nan,nan,nan,-0.0276274,-0.154082,-0.0351517,nan,-0.258264,0,-0.442921,-0.571484,nan,-1.37171,-0.548125,-0.696375,1.57775,0.57475,-1.37425,-0.04075,0.905469,nan
2259,-11.7345,1000,-0.0123545,0.708333,0,0.0927593,0.837388,0.382601,-0.0112542,-0.642543,8.88889e-05,0.0156501,0.235135,12635.6,0.637754,0.334734,-0.4,0.25,771.308,2.77586e+07,0.940822,0.101017,0.673794,0.00274043,-0.640319,1,-0.173235,nan,nan,nan,nan,-0.0272256,-0.149373,-0.0349479,nan,-0.258541,0,-0.441347,-0.563141,nan,-1.43691,-0.546709,-0.700765,1.59194,0.600235,-1.39647,-0.0415294,0.913235,nan
2260,-13.0539,880.667,-0.0124401,0.541667,0.0833333,0.0927933,0.846804,0.305478,-0.0109582,-0.644173,8.88889e-05,0.0150494,0.235096,13484.2,0.586483,0.324804,-0.4,0.25,772.221,2.77709e+07,0.806566,0.0858519,0.582601,0.00259675,-0.563752,0.880667,-0.151187,nan,nan,nan,nan,-0.0257973,-0.14325,-0.0312707,nan,-0.229939,0,-0.387249,-0.504804,nan,-1.29467,-0.490734,-0.6158,1.40484,0.5176,-1.22933,-0.0348,0.835833,-0.5
2261,-8.77165,1000,-0.0113048,0.458333,0,0.0919367,0.845995,0.237452,-0.00943679,-0.646621,8.88889e-05,0.0119898,0.235067,15214.2,0.546153,0.261511,-0.4,0.25,773.03,2.77832e+07,0.993222,0.0990637,0.676864,0.00278768,-0.633954,1,-0.156436,nan,nan,nan,nan,-0.0273293,-0.152042,-0.0336127,nan,-0.257915,0,-0.441922,-0.563209,nan,-1.37832,-0.550974,-0.657818,1.60561,0.550182,-1.38255,-0.0381818,0.907955,nan
2262,-20.3666,1000,-0.0118158,0.458333,0,0.0920502,0.862188,0.3282,-0.0100217,-0.648133,8.88889e-05,0.0107112,0.235084,13649.5,0.546852,0.353401,-0.4,0.25,773.931,2.77955e+07,0.877565,0.098183,0.68009,0.00374484,-0.628967,1,-0.216945,nan,nan,nan,nan,-0.0260137,-0.13119,-0.0389999,nan,-0.255499,0,-0.442463,-0.539845,nan,-1.77622,-0.533732,-0.670636,1.61351,0.718182,-1.38945,-0.046,0.686364,nan
2263,-15.6307,939.286,-0.011154,0.25,0.0416667,0.090169,0.842675,0.240622,-0.0110244,-0.649706,8.88889e-05,0.0131868,0.235013,12881.2,0.606575,0.347374,-0.4,0.25,774.887,2.78077e+07,0.821066,0.087634,0.650719,0.00263475,-0.587151,0.939286,-0.162829,nan,nan,nan,nan,-0.0234825,-0.115039,-0.0323369,nan,-0.241633,0,-0.417078,-0.52691,nan,-1.39906,-0.507161,-0.648857,1.48952,0.552571,-1.296,-0.0388571,0.742857,-0.5
2264,-15.1189,1000,-0.00919605,0.375,0,0.0917529,0.841074,0.252233,-0.0107239,-0.654899,8.88889e-05,0.0150967,0.234899,13512,0.575712,0.333705,-0.4,0.25,775.798,2.782e+07,0.865587,0.0898735,0.686727,0.00239699,-0.638935,1,-0.177556,nan,nan,nan,nan,-0.0258305,-0.132468,-0.035376,nan,-0.259291,0,-0.440592,-0.560298,nan,-1.47257,-0.545974,-0.667333,1.57536,0.592444,-1.35333,-0.0448889,0.786111,nan
2265,-9.97971,920.111,-0.00839457,0.291667,0.0833333,0.0920073,0.844827,0.266057,-0.00984207,-0.660959,8.88889e-05,0.0127238,0.234811,14675.4,0.577661,0.259659,-0.4,0.25,776.637,2.78323e+07,0.942321,0.0928484,0.621319,0.0028619,-0.59376,0.920111,-0.159711,nan,nan,nan,nan,-0.0262222,-0.138132,-0.032166,nan,-0.239138,0,-0.408023,-0.516904,nan,-1.22981,-0.502541,-0.654333,1.46924,0.551556,-1.296,-0.04,0.848611,-0.5
2266,-6.41645,1000,-0.0097199,0.583333,0,0.0927097,0.850998,0.228595,-0.0103361,-0.66468,8.88889e-05,0.0128994,0.234806,16004.1,0.531946,0.235859,-0.4,0.25,777.406,2.78446e+07,0.952768,0.0962189,0.678633,0.00256109,-0.631012,1,-0.145029,nan,nan,nan,nan,-0.0254745,-0.141442,-0.0314201,nan,-0.258005,0,-0.442998,-0.544488,nan,-1.25675,-0.54584,-0.661929,1.60028,0.523714,-1.39143,-0.0375714,0.938393,nan
2267,-8.85627,935.214,-0.00765795,0.5,0.0833333,0.0890467,0.842263,0.36341,-0.0102434,-0.666416,8.88889e-05,0.0178751,0.234736,17195.5,0.479485,0.23512,-0.4,0.25,778.122,2.78569e+07,0.913796,0.0882965,0.621535,0.00239611,-0.597593,0.935214,-0.141614,nan,nan,nan,nan,-0.0262732,-0.142241,-0.0315429,nan,-0.241849,0,-0.413761,-0.53214,nan,-1.18827,-0.5147,-0.639,1.47643,0.500286,-1.31171,-0.034,0.905357,-0.5
2268,-7.6051,1000,-0.00694201,0.25,0,0.0884159,0.851204,0.337812,-0.0103377,-0.671518,8.88889e-05,0.0110063,0.234673,14599.7,0.501742,0.339918,-0.4,0.25,778.964,2.78692e+07,0.931914,0.0928595,0.664255,0.00282092,-0.651737,1,-0.172133,nan,nan,nan,nan,-0.0343385,-0.197736,-0.0393758,nan,-0.261559,0,-0.437682,-0.598001,nan,-1.34413,-0.568977,-0.732,1.56256,0.624,-1.414,-0.0403333,1.23333,nan
2269,-18.1726,993.154,-0.012479,0.5,0.0416667,0.0908236,0.854126,0.329185,-0.010261,-0.674904,8.88889e-05,0.00943742,0.234596,13228.4,0.602064,0.326848,-0.4,0.25,779.895,2.78815e+07,0.874946,0.0942673,0.640603,0.00315361,-0.638385,0.993154,-0.207815,nan,nan,nan,nan,-0.0345649,-0.191559,-0.043362,nan,-0.260415,0,-0.436334,-0.577672,nan,-1.77421,-0.560102,-0.703846,1.55505,0.710154,-1.39723,-0.0544615,1.13846,-0.5
2270,-8.87956,965.4,-0.00892041,0.375,0.0416667,0.0917324,0.825243,0.362672,-0.0108319,-0.680063,8.88889e-05,0.0160553,0.234491,13378.3,0.568141,0.350362,-0.4,0.25,780.815,2.78938e+07,0.979556,0.096158,0.653146,0.00254245,-0.621093,0.9654,-0.16256,nan,nan,nan,nan,-0.0259649,-0.139732,-0.0330102,nan,-0.24913,0,-0.427126,-0.531609,nan,-1.26894,-0.529396,-0.6795,1.53228,0.5416,-1.3488,-0.0428,0.895,-0.5
2271,-16.3138,952.524,-0.0124316,0.791667,0.0833333,0.0934031,0.843117,0.276254,-0.0101418,-0.685045,8.88889e-05,0.0127138,0.234425,14823,0.564863,0.26412,-0.4,0.25,781.645,2.7906e+07,0.84395,0.0946702,0.635673,0.00276011,-0.607374,0.952524,-0.175848,nan,nan,nan,nan,-0.0253609,-0.135977,-0.0343567,nan,-0.245479,0,-0.423375,-0.539766,nan,-1.45464,-0.519764,-0.672429,1.52162,0.583429,-1.308,-0.0448571,0.784524,-0.5
2272,-4.68638,1000,-0.0110579,0.625,0,0.0923571,0.838688,0.305278,-0.0102295,-0.689072,8.88889e-05,0.014517,0.234396,15165.5,0.53791,0.272352,-0.4,0.25,782.457,2.79183e+07,1.04106,0.0957285,0.693111,0.00291055,-0.638067,1,-0.173227,nan,nan,nan,nan,-0.0266297,-0.143763,-0.0339382,nan,-0.258034,0,-0.442162,-0.556948,nan,-1.27102,-0.546167,-0.6814,1.58229,0.587467,-1.37627,-0.0409333,0.951667,nan
2273,-10.1766,1000,-0.00851121,0.5,0,0.0929632,0.834981,0.29512,-0.010508,-0.692561,8.88889e-05,0.0159281,0.234331,15315.7,0.512129,0.290185,-0.4,0.25,783.26,2.79306e+07,0.943826,0.0989868,0.693921,0.00251658,-0.647395,1,-0.170517,nan,nan,nan,nan,-0.0291313,-0.162369,-0.0360701,nan,-0.260064,0,-0.44208,-0.565049,nan,-1.44061,-0.558087,-0.7005,1.56304,0.594,-1.38733,-0.0371667,1.03125,nan
2274,-6.92138,952.533,-0.0110077,0.541667,0.0833333,0.0913295,0.851574,0.323024,-0.0105152,-0.698852,8.88889e-05,0.013148,0.234224,12761.6,0.595146,0.367745,-0.4,0.25,784.224,2.79429e+07,0.931779,0.0957852,0.642446,0.00208362,-0.610278,0.952533,-0.13336,nan,nan,nan,nan,-0.0242573,-0.131001,-0.0302242,nan,-0.247871,0,-0.41888,-0.552445,nan,-1.0835,-0.52593,-0.6624,1.49868,0.486667,-1.30427,-0.0308,0.865833,-0.5
2275,-18.9381,1000,-0.0089583,1.25,0,0.0943722,0.840588,0.296352,-0.0085896,-0.704363,8.88889e-05,0.0169174,0.234155,13069,0.591294,0.348945,-0.4,0.25,785.166,2.79552e+07,0.833029,0.0980137,0.665267,0.00291905,-0.634282,1,-0.186887,nan,nan,nan,nan,-0.0264395,-0.140069,-0.0365276,nan,-0.257562,0,-0.443905,-0.54869,nan,-1.5623,-0.541818,-0.7081,1.58341,0.622267,-1.39667,-0.0494,0.780833,nan
2276,-8.40484,971.667,-0.00953045,0.583333,0.0416667,0.0922221,0.845251,0.263026,-0.011204,-0.709321,8.88889e-05,0.0164314,0.234046,13033.3,0.57829,0.364528,-0.4,0.25,786.111,2.79675e+07,0.916913,0.087748,0.648215,0.00240103,-0.622797,0.971667,-0.142533,nan,nan,nan,nan,-0.0258235,-0.143887,-0.0312453,nan,-0.251621,0,-0.430863,-0.558385,nan,-1.15151,-0.533959,-0.6766,1.54834,0.492533,-1.36373,-0.0342667,0.9125,-0.5
2277,-6.46128,1000,-0.00840763,0.333333,0,0.095287,0.837332,0.252787,-0.011342,-0.716411,8.88889e-05,0.0132927,0.23395,16014.3,0.521869,0.245446,-0.4,0.25,786.879,2.79798e+07,1.02124,0.101366,0.689021,0.00237676,-0.636375,1,-0.143525,nan,nan,nan,nan,-0.0195116,-0.101649,-0.0284642,nan,-0.255133,0,-0.444971,-0.54134,nan,-1.04234,-0.533155,-0.67725,1.62196,0.4765,-1.387,-0.0295,0.604688,nan
2278,-10.5117,1000,-0.00935882,0.708333,0,0.0935149,0.855389,0.234498,-0.00856066,-0.721431,8.88889e-05,0.0134999,0.233906,16910.9,0.488921,0.23771,-0.4,0.25,787.607,2.79921e+07,0.90353,0.0953674,0.660718,0.00281141,-0.643855,1,-0.169541,nan,nan,nan,nan,-0.0302611,-0.166217,-0.037983,nan,-0.260722,0,-0.440843,-0.562368,nan,-1.46307,-0.556395,-0.722647,1.57127,0.611765,-1.39247,-0.0401176,1.11544,nan
2279,-12.6414,981.75,-0.00760084,0.625,0.0416667,0.0922499,0.841089,0.276249,-0.0106929,-0.726159,8.88889e-05,0.012817,0.233815,17212.1,0.480607,0.233309,-0.4,0.25,788.322,2.80044e+07,0.85521,0.0967831,0.642293,0.00287425,-0.635066,0.98175,-0.176038,nan,nan,nan,nan,-0.0325611,-0.182575,-0.0392252,nan,-0.25792,0,-0.431797,-0.579506,nan,-1.46837,-0.556284,-0.703313,1.52536,0.65575,-1.357,-0.0365,1.09531,-0.5
2280,-5.44305,1000,-0.00977595,0.375,0,0.090578,0.853683,0.333095,-0.0104238,-0.731923,8.88889e-05,0.0146349,0.233731,14963,0.489713,0.331515,-0.4,0.25,789.145,2.80166e+07,1.03632,0.101869,0.678369,0.00213248,-0.641165,1,-0.142733,nan,nan,nan,nan,-0.0250787,-0.145245,-0.0300536,nan,-0.257336,0,-0.445653,-0.566928,nan,-1.06838,-0.543828,-0.689667,1.57961,0.475111,-1.40089,-0.0344444,0.845833,nan
2281,-16.6767,923,-0.0102412,0.458333,0.0416667,0.0932313,0.847544,0.240392,-0.0115053,-0.736956,8.88889e-05,0.0116291,0.233601,13187.6,0.590021,0.341764,-0.4,0.25,790.078,2.80289e+07,0.784728,0.086297,0.611445,0.00280936,-0.603568,0.923,-0.170167,nan,nan,nan,nan,-0.0301244,-0.167937,-0.0373247,nan,-0.242066,0,-0.402263,-0.550157,nan,-1.50596,-0.52618,-0.6875,1.4338,0.597667,-1.29933,-0.0385,1.02917,-0.5
2282,-8.34559,1000,-0.007162,0.416667,0,0.0931173,0.849,0.31954,-0.00913095,-0.742636,8.88889e-05,0.0175759,0.233558,13101.6,0.595491,0.342411,-0.4,0.25,791.018,2.80412e+07,0.909812,0.0938593,0.671743,0.00230825,-0.646149,1,-0.13422,nan,nan,nan,nan,-0.0290424,-0.166239,-0.0313105,nan,-0.260606,0,-0.444931,-0.571718,nan,-1.16773,-0.563213,-0.7152,1.56761,0.4828,-1.3928,-0.031,1.00875,nan
2283,-6.32248,943.125,-0.0112121,0.583333,0.0833333,0.0954118,0.852298,0.345862,-0.00994128,-0.74474,8.88889e-05,0.0139693,0.233529,14365.5,0.587905,0.267479,-0.4,0.25,791.874,2.80535e+07,0.864601,0.0896932,0.635759,0.00236297,-0.618115,0.943125,-0.139363,nan,nan,nan,nan,-0.0300508,-0.169724,-0.0333836,nan,-0.24974,0,-0.411737,-0.565386,nan,-1.1583,-0.545202,-0.680063,1.46512,0.52325,-1.328,-0.027375,1.17891,-0.5
2284,-8.68517,999.789,-0.0112154,0.75,0.0416667,0.0935385,0.845962,0.257358,-0.0114186,-0.748414,8.88889e-05,0.0140896,0.233433,15979.2,0.51706,0.25194,-0.4,0.25,792.645,2.80658e+07,0.929883,0.101833,0.68629,0.00262814,-0.634556,0.999789,-0.163463,nan,nan,nan,nan,-0.0251184,-0.134603,-0.03424,nan,-0.257279,0,-0.443655,-0.561533,nan,-1.26981,-0.541282,-0.669632,1.59886,0.556211,-1.38884,-0.0370526,0.877632,-0.5
2285,-9.04028,1000,-0.00513186,0.375,0,0.0910291,0.841673,0.333823,-0.010405,-0.754811,8.88889e-05,0.0171435,0.233336,15839.5,0.485649,0.290135,-0.4,0.25,793.422,2.80781e+07,0.816089,0.0991175,0.666575,0.00253867,-0.648611,1,-0.153489,nan,nan,nan,nan,-0.032447,-0.186673,-0.0375244,nan,-0.262981,0,-0.43867,-0.588332,nan,-1.32608,-0.574308,-0.728333,1.54978,0.553333,-1.40578,-0.034,1.27778,nan
2286,-14.4068,948.429,-0.00914069,0.5,0.0833333,0.0940208,0.844204,0.257556,-0.0104494,-0.760606,8.88889e-05,0.015607,0.233235,11974.9,0.617087,0.409057,-0.4,0.25,794.449,2.80904e+07,0.86725,0.098413,0.641025,0.00299469,-0.606073,0.948429,-0.1797,nan,nan,nan,nan,-0.0285541,-0.15337,-0.0364769,nan,-0.245461,0,-0.422818,-0.528713,nan,-1.52538,-0.514533,-0.658929,1.49145,0.639714,-1.29029,-0.0434286,0.895536,-0.5
2287,-10.227,1000,-0.00602475,0.333333,0,0.0910299,0.82423,0.374404,-0.0108518,-0.766312,8.88889e-05,0.0131938,0.233171,13476.8,0.585873,0.325913,-0.4,0.25,795.363,2.81027e+07,0.90316,0.087255,0.656164,0.00226843,-0.656903,1,-0.1507,nan,nan,nan,nan,-0.0356094,-0.206598,-0.0394453,nan,-0.26415,0,-0.436455,-0.605547,nan,-1.44133,-0.581614,-0.723375,1.53928,0.5565,-1.4335,-0.037,1.35625,nan
2288,-18.8768,1000,-0.00625158,0.333333,0,0.0869737,0.837023,0.329001,-0.0102222,-0.770241,8.88889e-05,0.0161878,0.233123,13922.1,0.565497,0.317128,-0.4,0.25,796.247,2.81149e+07,0.853156,0.0880621,0.65879,0.00362588,-0.638355,1,-0.219425,nan,nan,nan,nan,-0.0304739,-0.152177,-0.0427735,nan,-0.259185,0,-0.443469,-0.571273,nan,-1.75129,-0.549875,-0.714,1.55976,0.752,-1.386,-0.0525,0.951563,nan
2289,-5.3841,1000,-0.00371688,0.416667,0,0.0892366,0.819323,0.293132,-0.0111296,-0.775024,8.88889e-05,0.0191492,0.232996,15879.3,0.53145,0.24239,-0.4,0.25,797.022,2.81272e+07,1.02817,0.10015,0.694301,0.00298714,-0.641441,1,-0.18888,nan,nan,nan,nan,-0.0270028,-0.148402,-0.0362895,nan,-0.255368,0,-0.444206,-0.554336,nan,-1.29488,-0.539101,-0.6888,1.59274,0.6176,-1.3632,-0.042,0.91875,nan
2290,-8.88396,952.071,-0.00852316,0.541667,0.0416667,0.09139,0.832719,0.306984,-0.0104859,-0.781818,8.88889e-05,0.0154537,0.232914,16951.3,0.485532,0.239368,-0.4,0.25,797.748,2.81395e+07,0.80506,0.087306,0.627982,0.00199024,-0.632226,0.952071,-0.1366,nan,nan,nan,nan,-0.0325465,-0.187289,-0.0346368,nan,-0.252542,0,-0.414686,-0.575314,nan,-1.26927,-0.557748,-0.713786,1.45093,0.525143,-1.34914,-0.0308571,1.32768,-0.5
2291,-11.0064,955.333,-0.00859938,0.208333,0.0416667,0.090089,0.836558,0.354822,-0.00940076,-0.784798,5.92593e-05,0.0217632,0.23289,16841.1,0.489169,0.240473,-0.4,0.25,798.479,2.81518e+07,0.870491,0.105236,0.666717,0.00272465,-0.615558,0.955333,-0.153733,nan,nan,nan,nan,-0.0288436,-0.15754,-0.0341018,nan,-0.246984,0,-0.427822,-0.552592,nan,-1.35643,-0.523995,-0.683,1.51395,0.529333,-1.37333,-0.036,1.07917,-0.5
2292,-5.45197,1000,-0.0089942,0.375,0,0.0906793,0.849531,0.25912,-0.00919555,-0.786759,5.92593e-05,0.00913765,0.232854,15184.3,0.481676,0.327583,-0.4,0.25,799.29,2.81641e+07,0.989602,0.101555,0.676043,0.00270363,-0.638721,1,-0.180933,nan,nan,nan,nan,-0.0300452,-0.168078,-0.0384043,nan,-0.258208,-0.000222222,-0.444167,-0.565663,nan,-1.26842,-0.551344,-0.719,1.58226,0.639556,-1.38178,-0.0471111,1.02778,nan
2293,-14.6697,1000,-0.00926633,0.333333,0,0.0905454,0.829011,0.250319,-0.0086736,-0.790021,8.88889e-05,0.00367006,0.232789,12984.3,0.592601,0.353771,-0.4,0.25,800.238,2.81764e+07,0.898219,0.106595,0.674572,0.00325256,-0.633644,1,-0.1795,nan,nan,nan,nan,-0.0251963,-0.131311,-0.0367186,nan,-0.254742,0,-0.449891,-0.55197,nan,-1.61491,-0.531555,-0.670125,1.5975,0.6305,-1.376,-0.04325,0.854688,nan
2294,-4.14607,1000,-0.00540489,0.375,0,0.0894351,0.816619,0.239588,-0.0102917,-0.794829,8.88889e-05,0.0180723,0.232724,13608.2,0.566851,0.336135,-0.4,0.25,801.142,2.81887e+07,0.995129,0.101425,0.680777,0.00236215,-0.63052,1,-0.141756,nan,nan,nan,nan,-0.0233372,-0.127912,-0.0291663,nan,-0.255216,-0.000111111,-0.446193,-0.537496,nan,-1.19778,-0.528395,-0.665333,1.6045,0.488444,-1.37289,-0.0335556,0.909722,nan
2295,-6.22378,1000,-0.00732085,0.791667,0,0.0893012,0.829687,0.260455,-0.00981354,-0.79779,8.88889e-05,0.0135458,0.232708,14519.4,0.580715,0.265601,-0.4,0.25,801.99,2.8201e+07,0.938024,0.0998987,0.685311,0.00217371,-0.647511,1,-0.136032,nan,nan,nan,nan,-0.0288585,-0.164687,-0.0326866,nan,-0.259942,0,-0.443237,-0.578622,nan,-1.30852,-0.560476,-0.707526,1.57184,0.497263,-1.404,-0.0301053,1.12763,nan
2296,1.90522,1000,-0.00891608,0.25,0,0.0907339,0.84134,0.286502,-0.00987822,-0.799816,8.88889e-05,0.0173472,0.232662,15681.5,0.543916,0.239681,-0.4,0.25,802.775,2.82132e+07,1.04918,0.108161,0.696053,0.00230406,-0.643364,1,-0.1269,nan,nan,nan,nan,-0.0273173,-0.157335,-0.0304073,nan,-0.25862,0,-0.443707,-0.559839,nan,-0.96413,-0.548306,-0.6595,1.60741,0.462667,-1.42,-0.0306667,1.03958,nan
2297,-6.103,1000,-0.00687809,0.666667,0,0.0905847,0.832708,0.239012,-0.0100218,-0.802114,8.88889e-05,0.0169021,0.23266,14826.8,0.49839,0.33038,-0.4,0.25,803.605,2.82255e+07,0.980854,0.101189,0.674443,0.00265821,-0.638935,1,-0.17185,nan,nan,nan,nan,-0.031529,-0.173297,-0.038685,nan,-0.258046,0,-0.444018,-0.57629,nan,-1.39738,-0.55054,-0.692438,1.58353,0.60825,-1.422,-0.043875,1.18281,nan
2298,-4.04291,898.429,-0.00966969,0.25,0.0416667,0.0895736,0.85083,0.340029,-0.0114825,-0.802674,5.92593e-05,0.0249485,0.232636,13125.4,0.591167,0.345033,-0.4,0.25,804.542,2.82378e+07,0.822998,0.0976161,0.599913,0.00262056,-0.575861,0.898429,-0.148429,nan,nan,nan,nan,-0.0288413,-0.15091,-0.032518,nan,-0.234203,0,-0.394673,-0.516697,nan,-1.11782,-0.499935,-0.626143,1.39445,0.562286,-1.26229,-0.0314286,1.11071,-0.5
2299,-6.5252,993.412,-0.00810787,0.666667,0.0416667,0.0882738,0.850557,0.263238,-0.0090216,-0.804721,5.92593e-05,0.00708787,0.232587,13584.9,0.57609,0.328442,-0.4,0.25,805.448,2.82501e+07,1.00634,0.10088,0.689571,0.00241672,-0.635359,0.993412,-0.156224,nan,nan,nan,nan,-0.0274869,-0.147772,-0.0334102,nan,-0.255868,0,-0.443291,-0.559705,nan,-1.32412,-0.536791,-0.662294,1.57168,0.550353,-1.36188,-0.0378824,0.970588,-0.5
2300,-7.55503,969.688,-0.00621952,0.625,0.0416667,0.0876598,0.855995,0.260757,-0.00973207,-0.807748,5.92593e-05,0.014226,0.232563,15043.1,0.559105,0.257749,-0.4,0.25,806.267,2.82624e+07,0.9423,0.101115,0.661741,0.00254772,-0.625484,0.969687,-0.176737,nan,nan,nan,nan,-0.0306993,-0.171086,-0.0379682,nan,-0.25159,0,-0.431657,-0.557563,nan,-1.36942,-0.538426,-0.659063,1.50383,0.63575,-1.34475,-0.040125,1.07109,-0.5
2301,-7.34468,973.059,-0.0055779,0.666667,0.0416667,0.0892526,0.836032,0.293698,-0.00963089,-0.808837,5.92593e-05,0.00607489,0.232537,16278.9,0.493992,0.260848,-0.4,0.25,808.728,2.82747e+07,0.953604,0.0974627,0.663819,0.00251888,-0.623074,0.973059,-0.160459,nan,nan,nan,nan,-0.0281179,-0.152892,-0.0344811,nan,-0.251181,0,-0.432361,-0.536366,nan,-1.32411,-0.534982,-0.644647,1.54839,0.567765,-1.35882,-0.0394118,0.976471,-0.5
2302,-10.7068,963.286,-0.00807649,0.541667,0.0416667,0.0885582,0.855387,0.246091,-0.00919059,-0.811444,5.92593e-05,0.0137201,0.232512,17249,0.480769,0.23162,-0.4,0.25,809.441,2.8287e+07,0.916606,0.100052,0.664358,0.00246319,-0.616149,0.963286,-0.158229,nan,nan,nan,nan,-0.026335,-0.143389,-0.0318006,nan,-0.247557,0,-0.428359,-0.53252,nan,-1.28124,-0.520403,-0.660214,1.54281,0.533143,-1.336,-0.0401429,0.8,-0.5
2303,-10.2469,990.9,-0.00667983,0.375,0.0416667,0.0893576,0.834468,0.295705,-0.00950106,-0.814097,5.92593e-05,0.012362,0.232467,17107.4,0.480957,0.23733,-0.4,0.25,810.161,2.82993e+07,1.08034,0.105435,0.692732,0.00337387,-0.619197,0.9909,-0.1931,nan,nan,nan,nan,-0.0237024,-0.119361,-0.0362154,nan,-0.25007,0,-0.445308,-0.525993,nan,-1.43282,-0.514044,-0.6519,1.60118,0.6324,-1.3612,-0.0458,0.65,-0.5
2304,-2.021,1000,-0.0043011,0.375,0,0.0901687,0.843842,0.331342,-0.00932345,-0.817273,5.92593e-05,0.0116889,0.232419,16775.6,0.495518,0.236976,-0.4,0.25,810.894,2.83116e+07,1.10524,0.100376,0.696143,0.00225366,-0.637387,1,-0.145578,nan,nan,nan,nan,-0.0263946,-0.142988,-0.0318757,nan,-0.255326,0,-0.446164,-0.552757,nan,-1.11553,-0.536575,-0.659333,1.6058,0.522222,-1.41556,-0.0328889,0.865278,nan
2305,0.968526,1000,-0.00399402,0.375,0,0.0867481,0.828556,0.352031,-0.00950016,-0.820524,5.92593e-05,0.0103987,0.232373,17164.3,0.475844,0.24006,-0.4,0.25,811.612,2.83238e+07,1.06306,0.102603,0.7063,0.00212262,-0.644982,1,-0.140111,nan,nan,nan,nan,-0.0276063,-0.156026,-0.0323015,nan,-0.259158,0,-0.446161,-0.571891,nan,-1.18138,-0.545773,-0.635,1.56323,0.513778,-1.34933,-0.0282222,1.11528,nan
2306,-8.10974,972.714,-0.00541451,0.25,0.0416667,0.0895933,0.845224,0.310548,-0.00967653,-0.824028,5.92593e-05,0.0088265,0.232307,17156.3,0.481905,0.234332,-0.4,0.25,812.329,2.83361e+07,0.996626,0.10783,0.684419,0.00241489,-0.606333,0.972714,-0.141914,nan,nan,nan,nan,-0.0194194,-0.103903,-0.0258763,nan,-0.245635,-0.000142857,-0.436191,-0.508512,nan,-1.27347,-0.502707,-0.664286,1.57276,0.442857,-1.34229,-0.0374286,0.6125,-0.5
2307,-14.8831,938.077,-0.00530814,0.5,0.0416667,0.088963,0.847936,0.316247,-0.0099583,-0.828772,5.92593e-05,0.0128763,0.232216,15279.3,0.477443,0.326784,-0.4,0.25,813.135,2.83484e+07,0.881735,0.0987152,0.623807,0.00315165,-0.596825,0.938077,-0.178231,nan,nan,nan,nan,-0.0251144,-0.134635,-0.0349789,nan,-0.24075,0,-0.415921,-0.51086,nan,-1.45387,-0.505304,-0.664154,1.48462,0.604923,-1.28462,-0.0396923,0.744231,-0.5
2308,-9.82452,1000,-0.00861154,0.5,0,0.0922178,0.840662,0.288229,-0.00884222,-0.833121,5.92593e-05,0.0147077,0.232166,12493.8,0.602147,0.381381,-0.4,0.25,814.12,2.83607e+07,0.881893,0.101689,0.663354,0.00300124,-0.646644,1,-0.1893,nan,nan,nan,nan,-0.0335056,-0.188497,-0.0412484,nan,-0.261446,0,-0.442293,-0.58665,nan,-1.55537,-0.556987,-0.71975,1.54711,0.693333,-1.38267,-0.0418333,1.26458,nan
2309,-12.9943,1000,-0.00648339,0.458333,0,0.0911295,0.841684,0.254761,-0.00804774,-0.836431,5.92593e-05,0.0108097,0.232069,13171.3,0.590612,0.342324,-0.4,0.25,815.054,2.8373e+07,0.933912,0.0979488,0.692055,0.00306686,-0.632824,1,-0.205636,nan,nan,nan,nan,-0.0277985,-0.14234,-0.0387507,nan,-0.254992,0,-0.447023,-0.539631,nan,-1.8293,-0.530401,-0.678818,1.58461,0.678909,-1.37636,-0.0503636,0.947727,nan
2310,-10.4079,1000,-0.00706651,0.291667,0,0.0940109,0.852005,0.31113,-0.00968657,-0.84189,5.92593e-05,0.0118554,0.232009,13881.7,0.567994,0.317202,-0.4,0.25,815.941,2.83853e+07,0.875172,0.0972507,0.686785,0.0030012,-0.638206,1,-0.1906,nan,nan,nan,nan,-0.0290083,-0.152779,-0.0373389,nan,-0.257616,0,-0.443947,-0.559123,nan,-1.46668,-0.537298,-0.688714,1.55392,0.653714,-1.388,-0.042,1.04107,nan
2311,-8.86445,1000,-0.0101077,0.5,0,0.0893914,0.851586,0.257372,-0.0089314,-0.844668,5.92593e-05,0.010429,0.231978,14505.2,0.540136,0.307006,-0.4,0.25,816.789,2.83976e+07,0.942485,0.0955454,0.677343,0.00287526,-0.638566,1,-0.193617,nan,nan,nan,nan,-0.0299982,-0.164562,-0.0398694,nan,-0.258479,0,-0.441284,-0.553341,nan,-1.45078,-0.552288,-0.6895,1.56735,0.651,-1.388,-0.0451667,1.06563,nan
2312,-9.38061,1000,-0.00709983,0.625,0,0.0908072,0.860397,0.276357,-0.0096503,-0.847265,5.92593e-05,0.0150437,0.231935,13357.8,0.567235,0.352675,-0.4,0.25,817.711,2.84099e+07,0.964121,0.102661,0.692149,0.00287286,-0.62866,1,-0.172947,nan,nan,nan,nan,-0.0254679,-0.135751,-0.0344087,nan,-0.255114,0,-0.44568,-0.549301,nan,-1.38914,-0.533202,-0.6614,1.58874,0.576267,-1.3752,-0.0404,0.850833,nan
2313,-7.29064,1000,-0.0100116,0.833333,0,0.0926158,0.849707,0.231305,-0.010487,-0.850227,5.92593e-05,0.0135076,0.231888,13365.8,0.578716,0.340642,-0.4,0.25,818.632,2.84221e+07,0.976282,0.098385,0.681751,0.00263916,-0.635972,1,-0.15144,nan,nan,nan,nan,-0.0265852,-0.146576,-0.0325324,nan,-0.256711,-5e-05,-0.444061,-0.56135,nan,-1.25953,-0.542553,-0.7113,1.57792,0.5246,-1.3872,-0.0365,0.96625,nan
2314,-7.67552,1000,-0.00526014,0.375,0,0.0915755,0.840454,0.297844,-0.0079767,-0.852083,5.92593e-05,0.0142878,0.231873,13010.8,0.595626,0.348818,-0.4,0.25,819.578,2.84344e+07,1.00647,0.105481,0.682661,0.00267933,-0.633878,1,-0.163311,nan,nan,nan,nan,-0.0270208,-0.154357,-0.0338578,nan,-0.256943,0,-0.44581,-0.560988,nan,-1.39186,-0.542645,-0.665,1.5991,0.567111,-1.37467,-0.0344444,0.9375,nan
2315,-8.8709,1000,-0.00676584,0.583333,0,0.092882,0.852196,0.254019,-0.00823649,-0.853241,5.92593e-05,0.00873046,0.23186,15033,0.534932,0.282467,-0.4,0.25,820.397,2.84467e+07,1.00616,0.101198,0.70218,0.00304496,-0.632415,1,-0.1955,nan,nan,nan,nan,-0.0273814,-0.148785,-0.038116,nan,-0.25509,0,-0.445444,-0.546288,nan,-1.53228,-0.53194,-0.663429,1.56447,0.651714,-1.37429,-0.0474286,0.966071,nan
2316,-8.45953,960.65,-0.00770315,0.791667,0.0416667,0.0886342,0.842193,0.295499,-0.00952495,-0.855266,5.92593e-05,0.013102,0.231842,13750.5,0.561891,0.331751,-0.4,0.25,821.292,2.8459e+07,0.833579,0.0877031,0.634421,0.00298728,-0.628083,0.96065,-0.18041,nan,nan,nan,nan,-0.0352165,-0.194674,-0.0423712,nan,-0.253573,0,-0.420325,-0.576086,nan,-1.47582,-0.54931,-0.73005,1.46305,0.6806,-1.3082,-0.0456,1.37875,-0.5
2317,-8.06524,1000,-0.00673017,1.16667,0,0.0896893,0.855838,0.41794,-0.00968349,-0.857022,5.92593e-05,0.0122227,0.231828,13710,0.566613,0.329668,-0.4,0.25,822.19,2.84713e+07,0.96608,0.100941,0.688393,0.00287994,-0.634769,1,-0.1716,nan,nan,nan,nan,-0.0285279,-0.153012,-0.0364367,nan,-0.257243,0,-0.443662,-0.555518,nan,-1.41722,-0.546317,-0.699536,1.56703,0.601,-1.39457,-0.0417857,1,nan
2318,-11.9125,892,-0.00954217,0.458333,0.0833333,0.0900131,0.847364,0.322504,-0.0101452,-0.859624,5.92593e-05,0.00949441,0.231748,13835.7,0.60412,0.28402,-0.4,0.25,823.079,2.84836e+07,0.801114,0.0851598,0.617699,0.00257163,-0.567098,0.892,-0.163708,nan,nan,nan,nan,-0.0270357,-0.145458,-0.0342515,nan,-0.230173,0,-0.393746,-0.513552,nan,-1.33462,-0.491079,-0.630231,1.37351,0.568,-1.23938,-0.0393846,0.950962,-0.5
2319,-1.54198,953.429,-0.00870655,0.541667,0.0416667,0.0895437,0.849242,0.294121,-0.00947525,-0.864574,5.92593e-05,0.0142176,0.231665,14212.3,0.53622,0.328383,-0.4,0.25,823.945,2.84959e+07,1.01765,0.105095,0.663624,0.00219594,-0.593531,0.953429,-0.131943,nan,nan,nan,nan,-0.0226114,-0.121737,-0.0274693,nan,-0.241989,-0.000142857,-0.425748,-0.518351,nan,-1.12315,-0.501129,-0.626786,1.53627,0.476,-1.29857,-0.032,0.789286,-0.5
2320,-10.9166,904.889,-0.0109181,0.333333,0.0416667,0.0929355,0.840027,0.218509,-0.00891815,-0.869722,5.92593e-05,0.0125584,0.231577,12197,0.607973,0.399489,-0.4,0.25,824.954,2.85082e+07,0.850599,0.0995546,0.627843,0.00275496,-0.574573,0.904889,-0.172911,nan,nan,nan,nan,-0.0243469,-0.133649,-0.0351721,nan,-0.231247,0,-0.402961,-0.498413,nan,-1.44594,-0.482464,-0.622667,1.44576,0.606667,-1.24756,-0.0397778,0.883333,-0.5
2321,-8.13319,1000,-0.00839734,0.875,0,0.0914982,0.840864,0.223528,-0.0106238,-0.875038,5.92593e-05,0.00951106,0.231493,13201.6,0.586882,0.343913,-0.4,0.25,825.887,2.85204e+07,0.938568,0.104161,0.678291,0.00309374,-0.635402,1,-0.188876,nan,nan,nan,nan,-0.0287143,-0.154322,-0.038096,nan,-0.256389,0,-0.445566,-0.554142,nan,-1.46376,-0.540572,-0.690143,1.59545,0.644,-1.37162,-0.0442857,1.04167,nan
2322,-5.10013,903.444,-0.00712669,0.333333,0.0416667,0.0912673,0.841275,0.311585,-0.00870485,-0.879802,5.92593e-05,0.0178954,0.231442,14582.4,0.574857,0.267803,-0.4,0.25,826.731,2.85327e+07,0.922333,0.0875122,0.632308,0.00265269,-0.568464,0.903444,-0.142378,nan,nan,nan,nan,-0.024975,-0.126694,-0.0293636,nan,-0.232682,0,-0.401386,-0.509717,nan,-1.10804,-0.490831,-0.623667,1.42205,0.501333,-1.25244,-0.0326667,0.872222,-0.5
2323,0.862959,1000,-0.00495945,0.416667,0,0.0905314,0.826991,0.274969,-0.00967654,-0.883029,5.92593e-05,0.010255,0.23142,14380.7,0.530124,0.324356,-0.4,0.25,827.586,2.8545e+07,1.18167,0.105072,0.699344,0.00260515,-0.622914,1,-0.16248,nan,nan,nan,nan,-0.0213584,-0.110682,-0.0309208,nan,-0.250449,0,-0.448577,-0.53508,nan,-1.03206,-0.517471,-0.6534,1.6426,0.528,-1.3484,-0.0386,0.65625,nan
2324,-6.3255,1000,-0.00675874,0.5,0,0.0922767,0.843414,0.351154,-0.00900406,-0.885986,5.92593e-05,0.0179621,0.23138,12960.4,0.58628,0.361836,-0.4,0.25,828.536,2.85573e+07,1.00374,0.105322,0.689311,0.00277064,-0.625236,1,-0.1617,nan,nan,nan,nan,-0.0227589,-0.11827,-0.0309616,nan,-0.251846,0,-0.447618,-0.521714,nan,-1.29001,-0.518785,-0.6445,1.62523,0.537333,-1.34933,-0.0401667,0.635417,nan
2325,-6.38724,1000,-0.00465651,0.833333,0.0416667,0.0903101,0.837545,0.348837,-0.0105616,-0.888282,5.92593e-05,0.0103027,0.231375,12714.5,0.62023,0.346223,-0.4,0.25,829.505,2.85696e+07,0.942901,0.0966555,0.683533,0.00279726,-0.640443,1,-0.167638,nan,nan,nan,nan,-0.0300965,-0.166919,-0.0364895,nan,-0.259022,0,-0.440865,-0.571265,nan,-1.35049,-0.553182,-0.696429,1.5554,0.59981,-1.352,-0.040381,1.12857,-0.5
2326,-8.83723,1000,-0.00471352,0.375,0,0.0891179,0.843054,0.260794,-0.00854517,-0.889346,5.92593e-05,0.0101196,0.231347,14083.3,0.616754,0.255766,-0.4,0.25,830.378,2.85819e+07,0.935111,0.0988519,0.681584,0.00298257,-0.626156,1,-0.185756,nan,nan,nan,nan,-0.0265098,-0.141681,-0.034434,nan,-0.254385,0,-0.445478,-0.543949,nan,-1.28044,-0.530342,-0.685667,1.57174,0.611556,-1.36178,-0.0437778,0.816667,nan
2327,-3.5763,1000,-0.00495663,0.458333,0,0.0900272,0.836745,0.231334,-0.0104464,-0.892823,5.92593e-05,0.0080971,0.231248,14082.7,0.546077,0.326483,-0.4,0.25,831.252,2.85942e+07,0.928792,0.104095,0.698211,0.00266162,-0.635643,1,-0.167855,nan,nan,nan,nan,-0.0329698,-0.185071,-0.0376338,nan,-0.258254,0,-0.442765,-0.57139,nan,-1.38184,-0.552359,-0.680727,1.5752,0.623636,-1.40582,-0.0363636,1.27727,nan
2328,-8.36425,1000,-0.00411187,0.5,0,0.0917237,0.83822,0.264478,-0.0101208,-0.89882,5.92593e-05,0.00928151,0.231158,13306.5,0.58846,0.335001,-0.4,0.25,832.177,2.86065e+07,0.956288,0.0976214,0.668971,0.00303357,-0.63202,1,-0.185,nan,nan,nan,nan,-0.0292049,-0.160106,-0.0380357,nan,-0.256042,0,-0.441525,-0.556359,nan,-1.50792,-0.539479,-0.665,1.58093,0.652,-1.37167,-0.0478333,1.05313,nan
2329,-15.1575,916.875,-0.00531881,0.291667,0.0416667,0.0904697,0.836349,0.249542,-0.00821672,-0.904366,5.92593e-05,0.0108801,0.231067,12861.8,0.592993,0.362396,-0.4,0.25,833.134,2.86188e+07,0.78558,0.0839396,0.598489,0.00301465,-0.581953,0.916875,-0.180425,nan,nan,nan,nan,-0.0324027,-0.171728,-0.0371757,nan,-0.239991,0,-0.398341,-0.543049,nan,-1.40231,-0.515009,-0.745125,1.35211,0.598,-1.2615,-0.04625,1.12187,-0.5
2330,-13.5226,968.727,-0.00751722,0.375,0.0833333,0.0929682,0.827034,0.301978,-0.00868686,-0.909464,5.92593e-05,0.00830669,0.230987,15145,0.55475,0.256609,-0.4,0.25,833.948,2.8631e+07,0.954438,0.102877,0.630933,0.00301954,-0.605052,0.968727,-0.198382,nan,nan,nan,nan,-0.0289423,-0.155153,-0.0384577,nan,-0.247552,0,-0.429602,-0.553512,nan,-1.54168,-0.518007,-0.707727,1.52717,0.701818,-1.33127,-0.0472727,0.928409,-0.5
2331,-7.65884,1000,-0.00485331,0.5,0,0.0903929,0.846572,0.329319,-0.00802702,-0.913451,5.92593e-05,0.00809788,0.230903,14393.8,0.536413,0.317287,-0.4,0.25,834.803,2.86433e+07,0.941581,0.0976373,0.69191,0.00290547,-0.630331,1,-0.19185,nan,nan,nan,nan,-0.0290854,-0.161074,-0.0382073,nan,-0.257083,0,-0.44167,-0.563561,nan,-1.41372,-0.542744,-0.698,1.55894,0.635,-1.35233,-0.0475,1.05625,nan
2332,-4.20909,1000,-0.00831842,0.5,0,0.0920725,0.843197,0.291411,-0.00943149,-0.91776,5.92593e-05,0.00915023,0.230841,12570.1,0.623522,0.354036,-0.4,0.25,835.782,2.86556e+07,0.94737,0.102016,0.699807,0.00296372,-0.633648,1,-0.183467,nan,nan,nan,nan,-0.0303149,-0.169571,-0.0383301,nan,-0.2572,0,-0.442444,-0.571586,nan,-1.33193,-0.543186,-0.7185,1.56811,0.638,-1.38267,-0.044,1.17812,nan
2333,-4.65432,1000,-0.00649871,0.458333,0,0.0927166,0.842906,0.337658,-0.0100445,-0.920783,5.92593e-05,0.0116685,0.230809,13716.6,0.571837,0.324012,-0.4,0.25,836.679,2.86679e+07,1.07026,0.0938711,0.707078,0.00227079,-0.623648,1,-0.168545,nan,nan,nan,nan,-0.0247011,-0.134004,-0.0329718,nan,-0.252686,0,-0.446382,-0.546346,nan,-1.29942,-0.521987,-0.675273,1.57954,0.553818,-1.36436,-0.0412727,0.892045,nan
2334,-7.657,723.6,-0.00504531,0.125,0.0833333,0.0927906,0.838054,0.289103,-0.00917008,-0.922696,5.92593e-05,0.0119518,0.230793,12553.5,0.654199,0.32465,-0.4,0.25,837.66,2.86802e+07,0.76369,0.0830711,0.487477,0.00184946,-0.457141,0.7236,-0.08244,nan,nan,nan,nan,-0.0207706,-0.106927,-0.0215866,nan,-0.18688,0,-0.316515,-0.40199,nan,-0.836151,-0.402707,-0.5106,1.13667,0.2984,-1.0048,-0.0216,0.6925,-0.5
2335,-7.76011,1000,-0.00406317,0.416667,0,0.093238,0.853171,0.304661,-0.0088063,-0.925406,5.92593e-05,0.012993,0.230733,13587.5,0.562288,0.342071,-0.4,0.25,838.565,2.86925e+07,0.908627,0.0972123,0.682625,0.00312342,-0.632199,1,-0.18746,nan,nan,nan,nan,-0.0314621,-0.170975,-0.0401489,nan,-0.258174,0,-0.440163,-0.572033,nan,-1.45259,-0.55559,-0.7347,1.57865,0.6664,-1.4088,-0.0466,1.20625,nan
2336,-8.97477,1000,-0.00146964,0.416667,0,0.0919872,0.834875,0.263205,-0.00930503,-0.929507,5.92593e-05,0.00821515,0.230653,11845.8,0.641855,0.395479,-0.4,0.25,839.604,2.87048e+07,1.01805,0.104038,0.688547,0.00326971,-0.613152,1,-0.21932,nan,nan,nan,nan,-0.0234592,-0.117059,-0.0365391,nan,-0.250094,0,-0.449193,-0.51827,nan,-1.51395,-0.504852,-0.6432,1.6073,0.6932,-1.3548,-0.048,0.72875,nan
2337,-4.31216,994.824,-0.0045821,0.666667,0.0416667,0.0904787,0.837423,0.325728,-0.0098829,-0.933895,5.92593e-05,0.0107454,0.230582,11297.1,0.632036,0.455676,-0.4,0.25,840.693,2.87171e+07,0.909622,0.0947197,0.693378,0.00240012,-0.626368,0.994824,-0.157294,nan,nan,nan,nan,-0.0288494,-0.164242,-0.0344313,nan,-0.255853,0,-0.439977,-0.572543,nan,-1.21372,-0.547077,-0.703588,1.56045,0.549647,-1.37906,-0.0329412,1.16471,-0.5
2338,-1.21773,1000,-0.00401892,0.291667,0,0.0920684,0.850064,0.332589,-0.0081548,-0.937181,5.92593e-05,0.0146271,0.230564,13102.9,0.629236,0.308571,-0.4,0.25,841.633,2.87293e+07,0.98556,0.0871782,0.665916,0.00206319,-0.639436,1,-0.149686,nan,nan,nan,nan,-0.0317056,-0.177298,-0.0354737,nan,-0.25739,0,-0.444359,-0.569271,nan,-1.23557,-0.550297,-0.693429,1.59102,0.549714,-1.39371,-0.0325714,1.26786,nan
2339,-10.323,1000,-0.00479046,0.666667,0,0.0921717,0.833454,0.365616,-0.0103888,-0.939474,5.92593e-05,0.0128938,0.230529,15951.6,0.528505,0.241826,-0.4,0.25,842.405,2.87416e+07,0.901791,0.0954087,0.674141,0.00310304,-0.639909,1,-0.19105,nan,nan,nan,nan,-0.0319089,-0.174818,-0.0407042,nan,-0.258401,0,-0.44062,-0.58341,nan,-1.54744,-0.552552,-0.720375,1.56472,0.67825,-1.388,-0.0425,1.17813,nan
2340,-6.14163,883.625,-0.00561854,0.291667,0.0416667,0.0932123,0.835315,0.349041,-0.00917946,-0.941697,5.92593e-05,0.00787481,0.230525,16844.4,0.48656,0.242942,-0.4,0.25,843.136,2.87539e+07,0.800801,0.0862463,0.607712,0.00260335,-0.563461,0.883625,-0.15175,nan,nan,nan,nan,-0.0295606,-0.165081,-0.0336785,nan,-0.229338,0,-0.389115,-0.514265,nan,-1.27175,-0.491747,-0.610125,1.36999,0.574,-1.2305,-0.0345,1.14531,-0.5
2341,-4.44785,979.895,-0.00502143,0.75,0.0416667,0.0912488,0.831822,0.261278,-0.00998092,-0.942819,5.92593e-05,0.0164484,0.230494,14654.5,0.493479,0.345036,-0.4,0.25,843.976,2.87662e+07,0.943788,0.0989545,0.675378,0.00272037,-0.614391,0.979895,-0.160063,nan,nan,nan,nan,-0.0290677,-0.162818,-0.0337472,nan,-0.250233,0,-0.434387,-0.552437,nan,-1.2956,-0.53277,-0.680053,1.55288,0.554316,-1.35158,-0.0355789,1.06053,-0.5
2342,-9.65029,1000,-0.0028642,0.708333,0,0.0900186,0.845224,0.309504,-0.00893772,-0.945978,5.92593e-05,0.0162383,0.230411,12762.7,0.613409,0.349395,-0.4,0.25,844.94,2.87785e+07,0.936227,0.105968,0.672246,0.00312404,-0.628268,1,-0.187153,nan,nan,nan,nan,-0.0293359,-0.16327,-0.0381533,nan,-0.255038,0,-0.442638,-0.560997,nan,-1.4449,-0.5373,-0.731824,1.58061,0.662118,-1.36824,-0.0454118,0.989706,nan
2343,0.778593,1000,-0.00395251,0.416667,0,0.092034,0.844925,0.328023,-0.0103588,-0.951155,5.92593e-05,0.0121796,0.23032,13515.4,0.585576,0.323607,-0.4,0.25,845.851,2.87908e+07,0.963543,0.0912248,0.685324,0.00287147,-0.635628,1,-0.1731,nan,nan,nan,nan,-0.0339598,-0.188521,-0.0385194,nan,-0.258613,0,-0.442422,-0.574649,nan,-1.22053,-0.557338,-0.6969,1.56894,0.622,-1.3744,-0.0404,1.34,nan
2344,-10.4825,861.526,-0.00875477,0.583333,0.208333,0.0918207,0.839089,0.418313,-0.00876626,-0.954824,5.92593e-05,0.0121137,0.23029,10365.4,0.634338,0.551139,-0.4,0.25,847.038,2.88031e+07,0.778277,0.0842279,0.585398,0.00265872,-0.537185,0.861526,-0.152653,nan,nan,nan,nan,-0.0250009,-0.135946,-0.0305565,nan,-0.219799,0,-0.381788,-0.475184,nan,-1.16271,-0.461467,-0.601579,1.36632,0.500842,-1.18063,-0.0408421,0.833553,-0.5
2345,-7.80302,1000,-0.00424975,0.583333,0,0.091431,0.846025,0.290419,-0.00959518,-0.955429,5.92593e-05,0.0130781,0.23032,13808,0.646433,0.243487,-0.4,0.25,847.93,2.88154e+07,1.02981,0.102156,0.705771,0.00302822,-0.613999,1,-0.194029,nan,nan,nan,nan,-0.0250226,-0.130651,-0.0355623,nan,-0.25066,0,-0.448169,-0.521106,nan,-1.51545,-0.514124,-0.650143,1.61257,0.652,-1.336,-0.0462857,0.785714,nan
2346,-0.383358,909.333,-0.00359691,0.208333,0.0416667,0.0909442,0.835983,0.275067,-0.0102177,-0.955436,5.92593e-05,0.011362,0.230339,16991.3,0.479098,0.244095,-0.4,0.25,848.654,2.88276e+07,0.91229,0.0946063,0.639731,0.00204555,-0.574129,0.909333,-0.110833,nan,nan,nan,nan,-0.0281652,-0.15105,-0.0275354,nan,-0.234079,0,-0.402524,-0.512374,nan,-1.0947,-0.495523,-0.59,1.43432,0.444667,-1.28067,-0.0233333,1.15208,-0.5
2347,-10.8042,909.385,-0.00702569,0.416667,0.125,0.0895623,0.833641,0.271813,-0.00932596,-0.956801,5.92593e-05,0.0153929,0.230308,13450.7,0.536275,0.377284,-0.4,0.25,849.569,2.88399e+07,0.762761,0.0843879,0.593965,0.00263789,-0.581296,0.909385,-0.154892,nan,nan,nan,nan,-0.0303221,-0.166105,-0.0342586,nan,-0.235067,0,-0.399529,-0.520485,nan,-1.22735,-0.505239,-0.677077,1.40154,0.533231,-1.26123,-0.042,1.12212,-0.5
2348,-8.91248,1000,-0.00306846,0.25,0,0.0914669,0.826911,0.328361,-0.00826864,-0.959512,5.92593e-05,0.00815102,0.230284,13431.4,0.596357,0.318514,-0.4,0.25,850.486,2.88522e+07,0.82185,0.0921573,0.675184,0.00374897,-0.641247,1,-0.202467,nan,nan,nan,nan,-0.0329575,-0.172711,-0.0422475,nan,-0.260476,0,-0.440305,-0.561273,nan,-1.55218,-0.554478,-0.7155,1.51694,0.710667,-1.35333,-0.0536667,1.31667,nan
2349,-10.7037,1000,-0.00420055,0.541667,0,0.0932417,0.839746,0.335628,-0.00885486,-0.961002,5.92593e-05,0.00674847,0.230261,13799.1,0.56851,0.321984,-0.4,0.25,851.378,2.88645e+07,0.86412,0.0924482,0.68154,0.00320144,-0.623234,1,-0.178508,nan,nan,nan,nan,-0.0280897,-0.155419,-0.0356261,nan,-0.254184,0,-0.444912,-0.554847,nan,-1.40699,-0.532836,-0.707308,1.58215,0.612923,-1.35354,-0.0441538,0.948077,nan
2350,-4.27914,945.706,-0.0037682,0.666667,0.0416667,0.0920572,0.844606,0.366546,-0.0102019,-0.962634,5.92593e-05,0.0139757,0.230232,14071,0.568211,0.305072,-0.4,0.25,852.252,2.88768e+07,0.937787,0.0958103,0.643118,0.0028253,-0.595454,0.945706,-0.161682,nan,nan,nan,nan,-0.0295832,-0.164501,-0.0335496,nan,-0.241968,0,-0.41941,-0.540982,nan,-1.20314,-0.511971,-0.645882,1.51828,0.551529,-1.29788,-0.0409412,1.00735,-0.5
2351,-9.72434,1000,-0.00219302,0.208333,0,0.0930528,0.826681,0.365109,-0.00981762,-0.964866,5.92593e-05,0.0117743,0.230199,15256,0.554435,0.251021,-0.4,0.25,853.06,2.88891e+07,0.827209,0.0988304,0.676511,0.0033574,-0.634207,1,-0.17208,nan,nan,nan,nan,-0.0310874,-0.170807,-0.0401857,nan,-0.258442,0,-0.439748,-0.569505,nan,-1.5038,-0.553918,-0.7224,1.55185,0.6096,-1.3496,-0.0428,1.235,nan
2352,5.27712,1000,-0.00352359,0.375,0,0.0937154,0.843253,0.389283,-0.00976835,-0.966607,5.92593e-05,0.0178666,0.230189,16408.7,0.494383,0.254487,-0.4,0.25,853.81,2.89014e+07,1.02045,0.100649,0.675288,0.00278747,-0.637307,1,-0.166578,nan,nan,nan,nan,-0.0330371,-0.191101,-0.0382544,nan,-0.257639,0,-0.441959,-0.585129,nan,-1.15492,-0.552145,-0.681,1.60008,0.601333,-1.36178,-0.0386667,1.40278,nan
2353,-7.78247,1000,-0.00586701,0.5,0,0.0947779,0.848816,0.382077,-0.00854554,-0.967199,5.92593e-05,0.011812,0.230181,13171.9,0.578971,0.353923,-0.4,0.25,854.744,2.89137e+07,0.946532,0.105983,0.677423,0.00334369,-0.615589,1,-0.191317,nan,nan,nan,nan,-0.0274053,-0.147766,-0.036608,nan,-0.253074,-0.000166667,-0.444495,-0.54101,nan,-1.44925,-0.52362,-0.67375,1.61253,0.635667,-1.35933,-0.0436667,0.936458,nan
2354,-4.53973,967.412,-0.00534247,0.666667,0.0416667,0.0913081,0.837723,0.297339,-0.00875345,-0.968499,5.92593e-05,0.0119498,0.230147,12995.8,0.609265,0.33627,-0.4,0.25,855.691,2.8926e+07,0.939997,0.101019,0.684926,0.00263884,-0.604484,0.967412,-0.156459,nan,nan,nan,nan,-0.026243,-0.138784,-0.0328289,nan,-0.245543,0,-0.431172,-0.53121,nan,-1.18348,-0.512606,-0.631412,1.52621,0.559765,-1.32682,-0.0342353,0.875735,-0.5
2355,-3.02123,996.6,-0.00300333,0.583333,0.0416667,0.089943,0.832189,0.352334,-0.0101606,-0.970995,5.92593e-05,0.0151877,0.230108,13777.2,0.565982,0.325928,-0.4,0.25,856.585,2.89382e+07,0.922349,0.102298,0.663199,0.00310378,-0.619944,0.9966,-0.18976,nan,nan,nan,nan,-0.0282347,-0.147647,-0.0370595,nan,-0.252957,0,-0.442106,-0.549171,nan,-1.27269,-0.526508,-0.6744,1.5932,0.642133,-1.344,-0.0461333,1.09,-0.5
2356,-7.79089,1000,-0.00338306,0.5,0,0.091789,0.842598,0.284445,-0.00934324,-0.973632,5.92593e-05,0.011951,0.230065,14555.6,0.546191,0.298018,-0.4,0.25,857.431,2.89505e+07,0.957743,0.0971637,0.68427,0.0032492,-0.614268,1,-0.218167,nan,nan,nan,nan,-0.0277931,-0.149482,-0.0389846,nan,-0.250799,-0.000166667,-0.448244,-0.549025,nan,-1.53533,-0.517233,-0.67075,1.58782,0.732,-1.349,-0.0481667,0.965625,nan
2357,0.0993391,1000,-0.00335198,0.5,0,0.0912969,0.838094,0.295657,-0.00938061,-0.976691,5.92593e-05,0.00796415,0.230003,16880,0.490171,0.237791,-0.4,0.25,858.16,2.89628e+07,1.06299,0.0956002,0.700095,0.0028007,-0.612239,1,-0.157033,nan,nan,nan,nan,-0.0236777,-0.12866,-0.0302064,nan,-0.249355,0,-0.45001,-0.541109,nan,-1.06685,-0.512309,-0.64775,1.61356,0.528,-1.34133,-0.0365,0.798958,nan
2358,-4.36288,1000,-0.00188064,0.708333,0,0.0907311,0.841552,0.222793,-0.009077,-0.981167,5.92593e-05,0.0157593,0.22992,12915.1,0.560388,0.391056,-0.4,0.25,859.113,2.89751e+07,0.9537,0.105487,0.675685,0.00286666,-0.620003,1,-0.176459,nan,nan,nan,nan,-0.0271449,-0.147884,-0.0360083,nan,-0.253722,0,-0.447193,-0.556314,nan,-1.26844,-0.530675,-0.709235,1.60446,0.622588,-1.35059,-0.0394118,0.980147,nan
2359,-4.19157,1000,-0.00242265,1.125,0,0.0913053,0.83492,0.245652,-0.00829146,-0.98497,5.92593e-05,0.0100684,0.229874,12227.7,0.618342,0.386592,-0.4,0.25,860.122,2.89874e+07,0.906398,0.0991636,0.680185,0.00328043,-0.620331,1,-0.189089,nan,nan,nan,nan,-0.0290152,-0.156737,-0.0378643,nan,-0.253764,-7.40741e-05,-0.444926,-0.556349,nan,-1.34263,-0.529667,-0.685556,1.59473,0.65763,-1.34859,-0.0471111,1.09074,nan
2360,-8.63236,974.5,-0.00146216,0.458333,0.0416667,0.0897922,0.846066,0.358308,-0.00951238,-0.987256,5.92593e-05,0.0169474,0.229844,13344.4,0.582823,0.338016,-0.4,0.25,861.044,2.89997e+07,0.929803,0.101651,0.657248,0.0029475,-0.601292,0.9745,-0.181683,nan,nan,nan,nan,-0.0274384,-0.14596,-0.0348817,nan,-0.245486,0,-0.435934,-0.527452,nan,-1.35161,-0.506253,-0.663,1.58393,0.607333,-1.34633,-0.0498333,0.869792,-0.5
2361,-4.36477,945.562,-0.00400244,0.625,0.0416667,0.0909441,0.828691,0.330598,-0.00946449,-0.989514,5.92593e-05,0.0124087,0.229783,14903.8,0.553777,0.27071,-0.4,0.25,861.87,2.9012e+07,0.920652,0.113879,0.66252,0.00262756,-0.580851,0.945562,-0.152825,nan,nan,nan,nan,-0.0231077,-0.12272,-0.0290084,nan,-0.236121,0,-0.423398,-0.510865,nan,-1.14862,-0.485391,-0.618375,1.52065,0.52325,-1.2755,-0.03575,0.766406,-0.5
2362,-4.87482,906.7,-0.00226321,0.375,0.0416667,0.0881899,0.821394,0.286743,-0.00933624,-0.992795,5.92593e-05,0.0150749,0.229746,16168,0.524274,0.235746,-0.4,0.25,862.631,2.90243e+07,0.881676,0.0852297,0.62927,0.00245311,-0.559028,0.9067,-0.16898,nan,nan,nan,nan,-0.0278963,-0.152994,-0.0340916,nan,-0.230248,0,-0.403991,-0.50688,nan,-1.18505,-0.482793,-0.6102,1.41873,0.5604,-1.2336,-0.0412,0.95875,-0.5
2363,-2.56828,916.118,-0.00596903,0.625,0.0833333,0.0889277,0.831533,0.349215,-0.00941233,-0.994984,5.92593e-05,0.0134541,0.229731,14899.1,0.521999,0.302747,-0.4,0.25,863.457,2.90365e+07,0.886281,0.0920019,0.629173,0.00225526,-0.569203,0.916118,-0.144047,nan,nan,nan,nan,-0.0265412,-0.150425,-0.0305303,nan,-0.232806,0,-0.407889,-0.518694,nan,-1.09425,-0.490329,-0.630882,1.43848,0.495059,-1.24047,-0.0355294,1.04265,-0.5
2364,-3.05919,988.643,-0.0056375,0.541667,0.0416667,0.0885822,0.845102,0.222041,-0.0100256,-0.997552,5.92593e-05,0.0112718,0.229684,13163.2,0.589849,0.343665,-0.4,0.25,864.393,2.90488e+07,0.966374,0.094006,0.67085,0.00278857,-0.615915,0.988643,-0.188186,nan,nan,nan,nan,-0.0313798,-0.174414,-0.0377806,nan,-0.2509,0,-0.441052,-0.557645,nan,-1.40088,-0.523986,-0.664071,1.56216,0.671714,-1.35229,-0.0424286,1.20714,-0.5
2365,-1.05086,1000,-0.00525976,0.25,0,0.0905675,0.829136,0.24363,-0.00971773,-1.00135,5.92593e-05,0.00783051,0.229639,12785.1,0.585788,0.375334,-0.4,0.25,865.355,2.90611e+07,0.789907,0.0924337,0.66861,0.00268203,-0.636006,1,-0.179733,nan,nan,nan,nan,-0.0370838,-0.21316,-0.0423197,nan,-0.261688,0,-0.439488,-0.59561,nan,-1.32591,-0.564457,-0.7065,1.54495,0.658667,-1.364,-0.048,1.60417,nan
2366,-4.50849,1000,-0.00322421,0.583333,0,0.0912101,0.828647,0.35674,-0.0105665,-1.00477,5.92593e-05,0.00977161,0.229615,14408.5,0.579704,0.273125,-0.4,0.25,866.21,2.90734e+07,0.912392,0.0925153,0.667333,0.00292724,-0.6261,1,-0.172286,nan,nan,nan,nan,-0.0325269,-0.187457,-0.0379556,nan,-0.256866,0,-0.443043,-0.568546,nan,-1.30601,-0.543676,-0.714643,1.55848,0.605429,-1.38686,-0.043,1.25446,nan
2367,-2.31011,966.636,-0.00356503,0.875,0.0416667,0.0882579,0.839487,0.248609,-0.00960948,-1.00731,5.92593e-05,0.00920863,0.229561,15487.3,0.538675,0.25475,-0.4,0.25,867.004,2.90857e+07,0.88068,0.0937222,0.650828,0.00281247,-0.605063,0.966636,-0.160591,nan,nan,nan,nan,-0.03173,-0.181693,-0.0359689,nan,-0.248829,0,-0.426513,-0.55208,nan,-1.23389,-0.530203,-0.693,1.49742,0.588,-1.33036,-0.035,1.29205,-0.5
2368,-12.6254,942.545,-0.00138716,0.416667,0.0416667,0.0871721,0.813664,0.267482,-0.0090434,-1.011,5.92593e-05,0.0153057,0.229509,16524.1,0.506943,0.236696,-0.4,0.25,867.749,2.9098e+07,0.851861,0.0885479,0.620715,0.0034124,-0.58579,0.942545,-0.185655,nan,nan,nan,nan,-0.029865,-0.165715,-0.036361,nan,-0.239913,0,-0.418189,-0.529543,nan,-1.5528,-0.502817,-0.670636,1.50043,0.617455,-1.27309,-0.042,1.02159,-0.5
2369,0.845706,994.917,-0.00217598,0.458333,0.0416667,0.0885762,0.824515,0.368437,-0.00907214,-1.01439,5.92593e-05,0.0126272,0.229458,16081.7,0.479408,0.284688,-0.4,0.25,868.515,2.91103e+07,0.958513,0.0962225,0.674001,0.00235694,-0.627059,0.994917,-0.153183,nan,nan,nan,nan,-0.0340893,-0.195374,-0.0373565,nan,-0.256321,0,-0.441772,-0.586266,nan,-1.16675,-0.548376,-0.71,1.53353,0.595,-1.34667,-0.0371667,1.36979,-0.5
2370,-6.41503,1000,-0.000896362,0.416667,0,0.0887008,0.839268,0.291651,-0.00861162,-1.01694,5.92593e-05,0.00909573,0.229433,12668.2,0.607813,0.362178,-0.4,0.25,869.486,2.91226e+07,1.06468,0.119038,0.694865,0.00353186,-0.610138,1,-0.19468,nan,nan,nan,nan,-0.0217265,-0.113134,-0.033444,nan,-0.247679,0,-0.450779,-0.510993,nan,-1.43761,-0.498526,-0.6267,1.65459,0.6064,-1.35,-0.0472,0.67875,nan
2371,-2.51331,1000,-0.00100182,0.25,0,0.0896829,0.839303,0.256273,-0.0100155,-1.01819,5.92593e-05,0.0109946,0.229416,13534.2,0.583762,0.324161,-0.4,0.25,870.396,2.91348e+07,1.0232,0.0979491,0.680499,0.00320066,-0.622511,1,-0.170433,nan,nan,nan,nan,-0.0254938,-0.137846,-0.0334045,nan,-0.252187,0,-0.445826,-0.548625,nan,-1.16571,-0.520822,-0.6595,1.61443,0.58,-1.33733,-0.0406667,0.835417,nan
2372,3.35268,1000,-0.00238663,0.458333,0,0.0898755,0.819645,0.290416,-0.0117632,-1.02036,5.92593e-05,0.0156209,0.229393,12425,0.622757,0.366213,-0.4,0.25,871.386,2.91471e+07,1.0307,0.103567,0.697969,0.00257539,-0.617012,1,-0.152491,nan,nan,nan,nan,-0.0275897,-0.154025,-0.0324157,nan,-0.252946,0,-0.446806,-0.537994,nan,-1.11291,-0.523428,-0.655091,1.58717,0.554909,-1.34473,-0.0336364,1.08182,nan
2373,-4.43238,1000,-0.000568553,0.416667,0,0.0888894,0.819344,0.292004,-0.00847775,-1.02283,5.92593e-05,0.0135147,0.229361,14562.1,0.544549,0.299284,-0.4,0.25,872.231,2.91594e+07,0.980447,0.0936192,0.659963,0.00275567,-0.618353,1,-0.18066,nan,nan,nan,nan,-0.0323376,-0.181615,-0.0380994,nan,-0.25562,0,-0.444999,-0.575893,nan,-1.3644,-0.536125,-0.7014,1.57774,0.6404,-1.3676,-0.0382,1.15875,nan
2374,-9.952,929,-0.00532817,0.375,0.0833333,0.0903973,0.839738,0.249208,-0.00961384,-1.02521,5.92593e-05,0.015668,0.229358,16483.6,0.507486,0.237981,-0.4,0.25,872.978,2.91717e+07,0.858189,0.0936478,0.598596,0.00301905,-0.577344,0.929,-0.157909,nan,nan,nan,nan,-0.0294166,-0.157674,-0.0330328,nan,-0.235521,0,-0.412495,-0.50783,nan,-1.27702,-0.495974,-0.695182,1.47157,0.547273,-1.264,-0.0407273,0.976136,-0.5
2375,-0.488202,907.6,-0.00178891,0.5,0.125,0.088867,0.822676,0.383271,-0.010523,-1.02473,5.92593e-05,0.0166817,0.229422,15438.6,0.556078,0.239847,-0.4,0.25,873.775,2.9184e+07,0.920403,0.0947896,0.61695,0.00245195,-0.55751,0.9076,-0.14704,nan,nan,nan,nan,-0.0254701,-0.139312,-0.0303423,nan,-0.227787,0,-0.406255,-0.502855,nan,-1.06237,-0.475545,-0.613,1.44065,0.510133,-1.22373,-0.032,1.02583,-0.5
2376,-2.8141,902,-0.000700292,0.25,0.0416667,0.0880784,0.820195,0.29499,-0.01001,-1.02417,5.92593e-05,0.00724357,0.22938,16278,0.497066,0.257819,-0.4,0.25,874.532,2.91963e+07,0.930825,0.0942625,0.612222,0.00209488,-0.562416,0.902,-0.142229,nan,nan,nan,nan,-0.0239763,-0.128762,-0.0286567,nan,-0.228609,0,-0.40126,-0.491525,nan,-1.10255,-0.475563,-0.617571,1.41066,0.491429,-1.22457,-0.0368571,0.951786,-0.5
2377,-15.412,915.111,-0.000890848,0.333333,0.0416667,0.0898515,0.817673,0.30014,-0.00978534,-1.02804,5.92593e-05,0.00685215,0.229325,16167,0.513398,0.246669,-0.4,0.25,875.293,2.92086e+07,0.719735,0.0902026,0.574506,0.00398957,-0.566882,0.915111,-0.193467,nan,nan,nan,nan,-0.0285013,-0.148421,-0.0375497,nan,-0.233266,0,-0.405304,-0.504381,nan,-1.54482,-0.487675,-0.641333,1.45768,0.649778,-1.26222,-0.0444444,0.972222,-0.5
2378,5.07518,1000,-0.00165167,0.541667,0,0.0883049,0.823277,0.270631,-0.00844844,-1.03132,5.92593e-05,0.0125091,0.229246,16500.8,0.503855,0.240836,-0.4,0.25,876.039,2.92209e+07,1.03255,0.0993975,0.6982,0.00211934,-0.618918,1,-0.132508,nan,nan,nan,nan,-0.0285355,-0.166336,-0.0318633,nan,-0.253841,0,-0.446561,-0.563139,nan,-1.04703,-0.534684,-0.676846,1.57421,0.497846,-1.36031,-0.0323077,1.24231,nan
2379,-8.15338,886.706,-0.00317452,0.541667,0.166667,0.0875901,0.807889,0.407922,-0.00963178,-1.035,5.92593e-05,0.0131947,0.229216,16835.1,0.487031,0.242871,-0.4,0.25,876.77,2.92332e+07,0.852564,0.0915523,0.596455,0.00291656,-0.547069,0.886706,-0.162059,nan,nan,nan,nan,-0.0241497,-0.12562,-0.0311854,nan,-0.223239,0,-0.394577,-0.482726,nan,-1.19785,-0.462766,-0.617118,1.42382,0.541412,-1.18235,-0.0398824,0.805147,-0.5
2380,-0.262926,1000,-0.00163903,0.541667,0,0.088773,0.819286,0.271864,-0.00999738,-1.03629,5.92593e-05,0.0107866,0.22919,16039.1,0.524236,0.241894,-0.4,0.25,877.538,2.92454e+07,0.945889,0.103904,0.664904,0.00250174,-0.613063,1,-0.138708,nan,nan,nan,nan,-0.0251467,-0.142962,-0.030244,nan,-0.250862,0,-0.447567,-0.55194,nan,-1.11426,-0.521974,-0.682385,1.63077,0.495077,-1.36308,-0.0355385,1.06154,nan
2381,-3.94981,1000,0.000273959,0.416667,0,0.0892139,0.81361,0.254126,-0.00898387,-1.03928,5.92593e-05,0.00928631,0.22912,16651.5,0.492383,0.245567,-0.4,0.25,878.277,2.92577e+07,0.995199,0.1086,0.681965,0.00293787,-0.614177,1,-0.17586,nan,nan,nan,nan,-0.0266378,-0.14862,-0.0352653,nan,-0.250628,0,-0.447688,-0.540061,nan,-1.27121,-0.513137,-0.672,1.61774,0.5976,-1.3572,-0.0478,0.89875,nan
2382,-6.31481,959,-0.000784919,0.416667,0.0416667,0.0884403,0.823494,0.201578,-0.0095147,-1.0441,5.92593e-05,0.0108211,0.229037,16137.4,0.515273,0.24619,-0.4,0.25,879.04,2.927e+07,0.896354,0.101677,0.640963,0.00356429,-0.591192,0.959,-0.176,nan,nan,nan,nan,-0.0272307,-0.145562,-0.0345142,nan,-0.241992,0,-0.426046,-0.52329,nan,-1.3057,-0.497998,-0.643909,1.53541,0.616,-1.296,-0.0410909,0.927273,-0.5
2383,-2.37571,1000,-0.00119472,0.666667,0,0.0886797,0.823113,0.260734,-0.0103358,-1.04921,5.92593e-05,0.0116007,0.228968,16688.7,0.49469,0.241615,-0.4,0.25,879.777,2.92823e+07,1.03841,0.112,0.685685,0.00301456,-0.604743,1,-0.175837,nan,nan,nan,nan,-0.0243341,-0.128393,-0.0325775,nan,-0.24943,0,-0.447586,-0.531525,nan,-1.35877,-0.507962,-0.658125,1.62891,0.606,-1.35875,-0.041875,0.842187,nan
2384,0.782471,962,-0.00129004,0.666667,0.0416667,0.0866331,0.81432,0.239549,-0.00975705,-1.05275,5.92593e-05,0.0130754,0.22892,16413.5,0.504937,0.243713,-0.4,0.25,880.527,2.92946e+07,0.889922,0.0998115,0.634302,0.00224588,-0.600228,0.962,-0.131682,nan,nan,nan,nan,-0.0315424,-0.178826,-0.0325311,nan,-0.24634,0,-0.426039,-0.553764,nan,-1.04105,-0.525015,-0.693882,1.49674,0.5,-1.32941,-0.0305882,1.30441,-0.5
2385,-2.50313,1000,0.00130756,0.666667,0,0.0872703,0.806137,0.194902,-0.00938615,-1.05659,5.92593e-05,0.00973294,0.228877,16442.5,0.500247,0.247083,-0.4,0.25,881.276,2.93069e+07,0.900714,0.102266,0.682071,0.00265798,-0.614817,1,-0.14575,nan,nan,nan,nan,-0.0274412,-0.152719,-0.0320571,nan,-0.253136,0,-0.446473,-0.544424,nan,-1.16675,-0.52847,-0.684563,1.57876,0.52825,-1.33925,-0.036375,1.05234,nan
2386,-8.78719,1000,-0.000950797,0.5,0,0.0889816,0.829625,0.346315,-0.0102292,-1.05948,5.92593e-05,0.010241,0.228876,16331.4,0.506095,0.246321,-0.4,0.25,882.03,2.93192e+07,0.858986,0.102731,0.659417,0.00299991,-0.619965,1,-0.162183,nan,nan,nan,nan,-0.0264911,-0.139578,-0.0334017,nan,-0.251603,0,-0.446499,-0.537426,nan,-1.27034,-0.525,-0.70775,1.58233,0.561,-1.336,-0.0401667,0.889583,nan
2387,-0.265818,875.25,-0.00554656,0.416667,0.0833333,0.0915789,0.808397,0.353173,-0.00933353,-1.061,5.92593e-05,0.00761317,0.22885,16507.7,0.500253,0.244125,-0.4,0.25,882.775,2.93315e+07,0.834991,0.0920362,0.597086,0.00237358,-0.537816,0.87525,-0.1317,nan,nan,nan,nan,-0.0254548,-0.13884,-0.0291567,nan,-0.22066,0,-0.389962,-0.483913,nan,-0.96151,-0.466143,-0.5825,1.3773,0.482,-1.19033,-0.033,1,-0.5
2388,-3.63992,1000,-0.00313057,0.375,0,0.0925381,0.815409,0.331823,-0.00916993,-1.0646,5.92593e-05,0.0100986,0.228782,16242.6,0.503921,0.252609,-0.4,0.25,883.533,2.93437e+07,0.918095,0.0984981,0.684768,0.00294001,-0.615992,1,-0.176578,nan,nan,nan,nan,-0.029745,-0.166422,-0.0356305,nan,-0.25305,0,-0.443796,-0.558599,nan,-1.35268,-0.526807,-0.697667,1.56378,0.627556,-1.35911,-0.0448889,1.18333,nan
2389,-4.79605,965.9,-0.00316345,0.375,0.0416667,0.0901104,0.826678,0.262416,-0.00879512,-1.06985,5.92593e-05,0.0124664,0.228676,15010.7,0.506057,0.312559,-0.4,0.25,884.353,2.9356e+07,0.954271,0.0993594,0.641694,0.00376051,-0.590907,0.9659,-0.18794,nan,nan,nan,nan,-0.0277047,-0.147613,-0.0359739,nan,-0.242083,0,-0.432016,-0.513921,nan,-1.18931,-0.502322,-0.6879,1.55615,0.6272,-1.316,-0.0532,0.88875,-0.5
2390,-3.09785,1000,-0.001253,0.375,0,0.09074,0.815152,0.305665,-0.00910141,-1.0757,5.92593e-05,0.0114735,0.228602,16392.3,0.502538,0.247083,-0.4,0.25,885.104,2.93683e+07,0.931113,0.101577,0.666486,0.00294811,-0.605816,1,-0.170733,nan,nan,nan,nan,-0.0268103,-0.142015,-0.0341663,nan,-0.252114,0,-0.446455,-0.550488,nan,-1.273,-0.523185,-0.704333,1.58382,0.590667,-1.36667,-0.0426667,1.10694,nan
2391,-0.127626,968.4,-0.00247145,0.583333,0.0416667,0.0900418,0.808725,0.318264,-0.0094384,-1.07845,5.92593e-05,0.0116377,0.228591,16483.4,0.495272,0.250204,-0.4,0.25,885.851,2.93806e+07,1.03167,0.104867,0.683246,0.00230629,-0.587966,0.9684,-0.154493,nan,nan,nan,nan,-0.0237099,-0.130836,-0.0303025,nan,-0.241143,0,-0.435563,-0.509226,nan,-1.15711,-0.493618,-0.6032,1.5619,0.533867,-1.29493,-0.0338667,0.836667,-0.5
2392,0.59203,977.933,-0.0010141,0.583333,0.0416667,0.0908543,0.81223,0.295122,-0.00934901,-1.08007,5.92593e-05,0.0152168,0.228553,17042.8,0.485936,0.235071,-0.4,0.25,886.573,2.93929e+07,0.96802,0.100617,0.672075,0.0022391,-0.598277,0.977933,-0.145867,nan,nan,nan,nan,-0.0279978,-0.157519,-0.0319075,nan,-0.247694,0,-0.437811,-0.549794,nan,-1.13568,-0.515693,-0.649,1.55222,0.522933,-1.31893,-0.0336,1.11667,-0.5
2393,-2.70014,879,-0.00194606,0.166667,0.0833333,0.0902944,0.823262,0.345261,-0.0102858,-1.08333,5.92593e-05,0.0112212,0.228507,17099.4,0.48244,0.236181,-0.4,0.25,887.293,2.94052e+07,0.863557,0.0982531,0.603933,0.00278041,-0.540625,0.879,-0.154033,nan,nan,nan,nan,-0.0274813,-0.151304,-0.0322947,nan,-0.221913,0,-0.393937,-0.491617,nan,-1.1774,-0.470204,-0.599,1.39253,0.541333,-1.19133,-0.034,1.13542,-0.5
2394,-7.78028,1000,-0.00289302,0.5,0,0.0935159,0.82331,0.266245,-0.00804792,-1.08581,5.92593e-05,0.011569,0.228473,13698.3,0.547301,0.349745,-0.4,0.25,888.191,2.94175e+07,0.903201,0.109063,0.652208,0.00285997,-0.60852,1,-0.1568,nan,nan,nan,nan,-0.0271107,-0.147197,-0.0331114,nan,-0.250506,0,-0.448326,-0.52186,nan,-1.29517,-0.517453,-0.69425,1.60342,0.566333,-1.34733,-0.0378333,0.859375,nan
2395,1.96276,1000,-0.00205321,0.375,0,0.0941332,0.805381,0.284537,-0.00879718,-1.08844,5.92593e-05,0.0114839,0.228447,12043.2,0.651208,0.36912,-0.4,0.25,889.213,2.94298e+07,0.980624,0.097778,0.668264,0.00280523,-0.6181,1,-0.167067,nan,nan,nan,nan,-0.03145,-0.177939,-0.0354332,nan,-0.255042,0,-0.442733,-0.555691,nan,-1.14887,-0.537304,-0.674667,1.57236,0.593778,-1.37378,-0.0368889,1.2375,nan
2396,-4.06428,1000,-0.00230582,0.791667,0,0.0928802,0.811899,0.307984,-0.00906287,-1.09193,5.92593e-05,0.0159199,0.228374,13232.7,0.608506,0.320101,-0.4,0.25,890.143,2.9442e+07,0.955467,0.104408,0.661436,0.00284612,-0.609675,1,-0.181063,nan,nan,nan,nan,-0.0282349,-0.152471,-0.0365052,nan,-0.251782,0,-0.446624,-0.536154,nan,-1.32246,-0.516351,-0.673263,1.59016,0.634316,-1.35158,-0.0456842,1,nan
2397,-5.2209,977.5,-0.00216529,0.541667,0.0416667,0.0924992,0.808856,0.269547,-0.00945005,-1.09656,5.92593e-05,0.0133528,0.228311,13810.7,0.596209,0.293536,-0.4,0.25,891.035,2.94543e+07,0.942034,0.104176,0.659535,0.00301092,-0.602093,0.9775,-0.1708,nan,nan,nan,nan,-0.0261108,-0.141205,-0.0337079,nan,-0.244965,0,-0.436296,-0.523437,nan,-1.29159,-0.505039,-0.653786,1.57219,0.587429,-1.33771,-0.0428571,0.938393,-0.5
2398,1.19944,1000,0.000735644,0.375,0,0.0906358,0.826483,0.237491,-0.010086,-1.10012,5.92593e-05,0.0109336,0.228239,14086.7,0.554884,0.31743,-0.4,0.25,891.908,2.94666e+07,0.991293,0.107437,0.66962,0.00251569,-0.609626,1,-0.140778,nan,nan,nan,nan,-0.0241467,-0.129577,-0.0298205,nan,-0.249343,0,-0.449579,-0.534064,nan,-1.06739,-0.509909,-0.677,1.61145,0.513333,-1.33422,-0.0302222,0.95,nan
2399,-0.929237,991.286,0.00128821,0.541667,0.0416667,0.089077,0.801221,0.282563,-0.00863124,-1.10449,5.92593e-05,0.00645919,0.228173,13869.2,0.583244,0.302751,-0.4,0.25,892.796,2.94789e+07,1.06474,0.109667,0.679949,0.00298582,-0.603696,0.991286,-0.184486,nan,nan,nan,nan,-0.026447,-0.143722,-0.0353935,nan,-0.24562,0,-0.445519,-0.52264,nan,-1.2711,-0.507208,-0.6435,1.59135,0.598571,-1.354,-0.0454286,0.979464,-0.5
2400,-3.01539,1000,0.00127561,1.08333,0,0.0911606,0.819313,0.245813,-0.0100499,-1.10795,5.92593e-05,0.0102101,0.228131,13088.2,0.614535,0.324329,-0.4,0.25,893.736,2.94912e+07,0.982508,0.10716,0.683668,0.00305197,-0.605309,1,-0.189154,nan,nan,nan,nan,-0.0253214,-0.138225,-0.034756,nan,-0.248086,0,-0.45037,-0.529912,nan,-1.2901,-0.506479,-0.661615,1.60328,0.642154,-1.33631,-0.0425385,0.885577,nan
2401,-8.53789,979.667,-0.00111742,0.583333,0.0416667,0.0910427,0.817447,0.283083,-0.00933618,-1.11208,5.92593e-05,0.0134561,0.228049,16496.7,0.491435,0.253439,-0.4,0.25,896.308,2.95035e+07,0.940279,0.108758,0.670469,0.00268351,-0.588557,0.979667,-0.171827,nan,nan,nan,nan,-0.0232328,-0.110911,-0.0301048,nan,-0.240694,0,-0.442744,-0.497915,nan,-1.29128,-0.481476,-0.6516,1.60179,0.5664,-1.30987,-0.0450667,0.621667,-0.5
2402,-3.01029,959.1,0.000112832,0.375,0.0416667,0.0922395,0.809696,0.299892,-0.00826385,-1.11661,5.92593e-05,0.0137324,0.22802,16590.8,0.496316,0.244335,-0.4,0.25,897.051,2.95158e+07,0.846918,0.0987433,0.628384,0.00298448,-0.599326,0.9591,-0.17552,nan,nan,nan,nan,-0.0324314,-0.1715,-0.0386731,nan,-0.245463,0,-0.427438,-0.535203,nan,-1.2383,-0.521125,-0.7041,1.47069,0.6188,-1.3,-0.0458,1.30875,-0.5
2403,-1.61206,975.412,0.000782079,0.666667,0.0416667,0.0904486,0.802935,0.221378,-0.00826106,-1.11836,5.92593e-05,0.0153303,0.227989,16779.6,0.488588,0.243731,-0.4,0.25,897.784,2.95281e+07,0.987998,0.107075,0.656126,0.00280149,-0.594983,0.975412,-0.176388,nan,nan,nan,nan,-0.0266052,-0.139653,-0.0343013,nan,-0.243725,0,-0.438465,-0.526816,nan,-1.24536,-0.499937,-0.631941,1.5414,0.623294,-1.29153,-0.0411765,0.945588,-0.5
2404,-7.50848,996,-0.000727227,0.416667,0.0416667,0.0910914,0.820113,0.368893,-0.00923099,-1.12049,5.92593e-05,0.013377,0.228003,16799.5,0.491208,0.24024,-0.4,0.25,898.517,2.95404e+07,0.96159,0.113079,0.67248,0.00308902,-0.596414,0.996,-0.196873,nan,nan,nan,nan,-0.024123,-0.121218,-0.0341502,nan,-0.245907,0,-0.449292,-0.507425,nan,-1.4001,-0.494513,-0.654,1.61776,0.657091,-1.32,-0.0490909,0.742045,-0.5
2405,-0.624345,977.769,-0.00259517,0.5,0.0416667,0.0915563,0.821864,0.323367,-0.0087772,-1.12108,5.92593e-05,0.00654888,0.227952,16808.2,0.487613,0.24346,-0.4,0.25,899.249,2.95526e+07,0.958603,0.103762,0.652136,0.00272183,-0.588404,0.977769,-0.163523,nan,nan,nan,nan,-0.0268412,-0.14962,-0.0330473,nan,-0.241753,0,-0.442079,-0.517609,nan,-1.29754,-0.494533,-0.648692,1.5742,0.587385,-1.30892,-0.0406154,1.10385,-0.5
2406,-3.78475,1000,-0.000547125,0.458333,0,0.087983,0.816727,0.273517,-0.0086873,-1.12582,5.92593e-05,0.0183068,0.227865,12611.3,0.620301,0.35406,-0.4,0.25,900.225,2.95649e+07,0.951957,0.108321,0.688953,0.00247488,-0.621505,1,-0.148073,nan,nan,nan,nan,-0.029521,-0.171246,-0.0338263,nan,-0.253465,0,-0.449671,-0.556852,nan,-1.21647,-0.529527,-0.707727,1.56375,0.544727,-1.35345,-0.0349091,1.05682,nan
2407,3.27545,1000,-0.000687693,0.375,0,0.08822,0.819047,0.291601,-0.00997746,-1.13084,5.92593e-05,0.00876723,0.227782,12350.1,0.672589,0.322385,-0.4,0.25,901.222,2.95772e+07,1.01706,0.122533,0.69013,0.00260417,-0.600046,1,-0.175311,nan,nan,nan,nan,-0.0233176,-0.124769,-0.0320431,nan,-0.244965,0,-0.453962,-0.520532,nan,-1.19949,-0.49278,-0.611667,1.63377,0.575556,-1.344,-0.0411111,0.986111,nan
2408,2.55851,1000,-0.000155542,0.666667,0,0.0901161,0.796747,0.314987,-0.00898275,-1.13459,5.92593e-05,0.00900716,0.227749,13437.3,0.58793,0.326541,-0.4,0.25,902.138,2.95895e+07,1.03761,0.108412,0.700165,0.00238873,-0.612971,1,-0.16855,nan,nan,nan,nan,-0.0281529,-0.16011,-0.0338971,nan,-0.249433,0,-0.451512,-0.546477,nan,-1.26406,-0.516866,-0.66075,1.59888,0.57675,-1.3345,-0.040875,1.17188,nan
2409,-4.8983,1000,-0.000458209,0.791667,0,0.0913677,0.815573,0.266142,-0.0102458,-1.13662,5.92593e-05,0.0113957,0.227713,12859.5,0.625307,0.330252,-0.4,0.25,903.095,2.96018e+07,0.940365,0.108682,0.678857,0.00262404,-0.609046,1,-0.163474,nan,nan,nan,nan,-0.0258602,-0.140205,-0.0328651,nan,-0.249972,0,-0.451241,-0.536644,nan,-1.35792,-0.513323,-0.682263,1.58161,0.576421,-1.30968,-0.0396842,0.907237,nan
2410,-1.6548,1000,0.00214083,0.333333,0,0.0875331,0.804946,0.230808,-0.00968641,-1.13903,5.92593e-05,0.0155785,0.227678,14637,0.555339,0.284177,-0.4,0.25,903.936,2.96141e+07,1.00189,0.102548,0.688392,0.00248471,-0.60913,1,-0.17615,nan,nan,nan,nan,-0.0284611,-0.159856,-0.0354723,nan,-0.249295,0,-0.452354,-0.54896,nan,-1.4017,-0.515928,-0.644625,1.58387,0.616,-1.3105,-0.0455,1.1,nan
2411,-1.14745,1000,-2.47117e-05,0.5,0,0.08969,0.796528,0.332536,-0.0102118,-1.14153,5.92593e-05,0.0167336,0.227642,13542.7,0.608836,0.298515,-0.4,0.25,904.844,2.96264e+07,0.916245,0.103492,0.666587,0.00283985,-0.612346,1,-0.16565,nan,nan,nan,nan,-0.0303294,-0.166495,-0.0358352,nan,-0.251273,0,-0.449452,-0.541206,nan,-1.24226,-0.519026,-0.7055,1.57621,0.602333,-1.336,-0.0395,1.16979,nan
2412,-2.92869,1000,-0.00159569,0.291667,0,0.0888919,0.810173,0.277945,-0.00948323,-1.14376,5.92593e-05,0.0136126,0.227624,12894.5,0.640761,0.312202,-0.4,0.25,905.799,2.96387e+07,1.03942,0.119862,0.722668,0.00211721,-0.605592,1,-0.160314,nan,nan,nan,nan,-0.0244341,-0.132515,-0.0293442,nan,-0.247657,0,-0.453955,-0.516155,nan,-1.40401,-0.498827,-0.633857,1.61802,0.530286,-1.30686,-0.0402857,0.875,nan
2413,-3.88468,1000,0.000617438,0.291667,0,0.0900061,0.813054,0.244706,-0.00942905,-1.14523,5.92593e-05,0.00924827,0.227584,13096,0.597074,0.341227,-0.4,0.25,906.739,2.96509e+07,0.827483,0.0957642,0.682538,0.00267989,-0.612035,1,-0.169314,nan,nan,nan,nan,-0.0317984,-0.181859,-0.0379924,nan,-0.25189,0,-0.44876,-0.563356,nan,-1.38715,-0.528738,-0.657857,1.5527,0.652,-1.34457,-0.0402857,1.24821,nan
2414,2.99934,987.182,-0.00402709,0.416667,0.0416667,0.0903695,0.813648,0.238875,-0.00899217,-1.14722,5.92593e-05,0.00838659,0.22756,14101.4,0.578291,0.293113,-0.4,0.25,907.611,2.96632e+07,0.99771,0.100804,0.687819,0.00208305,-0.608924,0.987182,-0.149727,nan,nan,nan,nan,-0.0290544,-0.162045,-0.0327291,nan,-0.247956,0,-0.445349,-0.54179,nan,-1.04808,-0.522103,-0.659455,1.55967,0.535636,-1.32655,-0.0312727,1.12955,-0.5
2415,6.22672,1000,-0.00174865,0.5,0,0.0918349,0.798957,0.27986,-0.00955079,-1.14997,5.92593e-05,0.0108049,0.227478,13786.5,0.549419,0.341887,-0.4,0.25,908.504,2.96755e+07,1.05817,0.115654,0.719275,0.00211235,-0.608587,1,-0.1349,nan,nan,nan,nan,-0.0221545,-0.12516,-0.0278325,nan,-0.246328,0,-0.454985,-0.529705,nan,-0.931477,-0.502222,-0.6105,1.61065,0.466667,-1.32633,-0.0326667,0.891667,nan
2416,0.410389,1000,-0.00112822,0.291667,0,0.0859162,0.801917,0.238482,-0.00905747,-1.15533,5.92593e-05,0.0112368,0.227382,12988.8,0.636512,0.309533,-0.4,0.25,909.452,2.96878e+07,0.883795,0.111839,0.678658,0.0026063,-0.629687,1,-0.181029,nan,nan,nan,nan,-0.0319862,-0.182375,-0.0395193,nan,-0.252967,0,-0.451576,-0.544764,nan,-1.30496,-0.533053,-0.690857,1.56818,0.664,-1.356,-0.0451429,1.35536,nan
2417,-1.55485,1000,-0.00100978,0.541667,0,0.0883307,0.802508,0.288068,-0.00789702,-1.16116,5.92593e-05,0.00868692,0.227293,12915.9,0.582285,0.369097,-0.4,0.25,910.405,2.97001e+07,1.03822,0.112208,0.699792,0.00285672,-0.607037,1,-0.171215,nan,nan,nan,nan,-0.0237278,-0.132902,-0.0313524,nan,-0.244936,0,-0.455362,-0.522427,nan,-1.22159,-0.493989,-0.662769,1.63306,0.564308,-1.35969,-0.0444615,0.843269,nan
2418,-2.94263,1000,0.00166594,0.333333,0,0.08738,0.806902,0.246822,-0.0100525,-1.16652,5.92593e-05,0.0139598,0.227203,13881.3,0.605456,0.279766,-0.4,0.25,911.292,2.97124e+07,0.840596,0.104426,0.677073,0.00290649,-0.617015,1,-0.1923,nan,nan,nan,nan,-0.03169,-0.171376,-0.0390624,nan,-0.252244,0,-0.450308,-0.549187,nan,-1.3976,-0.521359,-0.663375,1.55195,0.701,-1.3495,-0.0385,1.24844,nan
2419,-0.892115,1000,-0.00203807,0.333333,0,0.0885023,0.802171,0.275067,-0.00978183,-1.17132,5.92593e-05,0.0076338,0.227152,15646.7,0.531734,0.253605,-0.4,0.25,912.079,2.97247e+07,1.15638,0.10838,0.703951,0.00228163,-0.591572,1,-0.161275,nan,nan,nan,nan,-0.0188418,-0.103155,-0.0273847,nan,-0.241502,0,-0.458966,-0.506628,nan,-1.1496,-0.474794,-0.60525,1.65875,0.5335,-1.313,-0.0465,0.490625,nan
2420,1.45847,1000,-0.00263539,0.708333,0,0.0895519,0.802379,0.277488,-0.00990646,-1.17454,5.92593e-05,0.00714492,0.227096,16568.1,0.500129,0.241539,-0.4,0.25,912.822,2.9737e+07,1.01387,0.108776,0.687668,0.00243575,-0.611466,1,-0.166035,nan,nan,nan,nan,-0.0266984,-0.145821,-0.0336278,nan,-0.248837,0,-0.452873,-0.540552,nan,-1.23231,-0.511437,-0.684176,1.59622,0.572706,-1.34612,-0.0371765,1.05588,nan
2421,0.308749,955.667,-0.00224043,0.333333,0.0416667,0.0880553,0.811173,0.328189,-0.0104679,-1.17844,5.92593e-05,0.0134457,0.22704,16515,0.498632,0.245418,-0.4,0.25,913.567,2.97492e+07,0.87234,0.09802,0.653004,0.00201238,-0.600259,0.955667,-0.157533,nan,nan,nan,nan,-0.0328212,-0.190603,-0.0350624,nan,-0.241759,0,-0.431791,-0.53941,nan,-1.14916,-0.514468,-0.65,1.48131,0.583556,-1.328,-0.036,1.33194,-0.5
2422,-0.598981,961.5,-0.00344026,0.625,0.0416667,0.0889896,0.815411,0.355098,-0.0104059,-1.18189,5.92593e-05,0.0104321,0.226983,15593.3,0.530616,0.257417,-0.4,0.25,914.356,2.97615e+07,1.00816,0.111335,0.683402,0.00200559,-0.581944,0.9615,-0.150062,nan,nan,nan,nan,-0.0229202,-0.128162,-0.0291507,nan,-0.2373,0,-0.437968,-0.513082,nan,-1.14067,-0.478783,-0.632063,1.55244,0.52775,-1.2825,-0.031,0.820312,-0.5
2423,-0.755308,1000,-0.00244446,0.333333,0,0.0888041,0.811076,0.345434,-0.0101945,-1.18569,5.92593e-05,0.00877349,0.226931,12965.9,0.606661,0.341053,-0.4,0.25,915.305,2.97738e+07,1.01946,0.102569,0.710435,0.00241397,-0.601165,1,-0.174025,nan,nan,nan,nan,-0.0247026,-0.131395,-0.0326921,nan,-0.245245,0,-0.455774,-0.519668,nan,-1.26723,-0.49613,-0.680625,1.61539,0.5815,-1.3375,-0.044,0.940625,nan
2424,-1.82038,986.5,-0.00336015,0.625,0.0416667,0.0892821,0.806857,0.252042,-0.00910809,-1.18862,5.92593e-05,0.0138385,0.226906,12808.5,0.655093,0.304269,-0.4,0.25,916.266,2.97861e+07,0.961604,0.105525,0.677284,0.00217053,-0.60948,0.9865,-0.1775,nan,nan,nan,nan,-0.0308169,-0.175729,-0.0364043,nan,-0.246886,0,-0.446555,-0.54606,nan,-1.32866,-0.509547,-0.683625,1.54979,0.63225,-1.31425,-0.044375,1.175,-0.5
2425,-0.281187,981.118,-0.00179644,0.666667,0.0416667,0.088732,0.792155,0.286789,-0.00858403,-1.19124,5.92593e-05,0.0118411,0.226853,13624.8,0.582673,0.319212,-0.4,0.25,917.169,2.97984e+07,0.953717,0.101314,0.673805,0.00206188,-0.602535,0.981118,-0.162506,nan,nan,nan,nan,-0.0284171,-0.156939,-0.0336766,nan,-0.245444,0,-0.445011,-0.539171,nan,-1.25627,-0.506927,-0.679235,1.54539,0.58,-1.31271,-0.0374118,1.11029,-0.5
2426,-0.992068,990.167,-0.000333699,0.708333,0.0416667,0.087828,0.801287,0.289181,-0.00964107,-1.19456,5.92593e-05,0.00946595,0.226811,14706.1,0.5587,0.276872,-0.4,0.25,918.006,2.98107e+07,0.96919,0.10851,0.696807,0.00236544,-0.600673,0.990167,-0.1793,nan,nan,nan,nan,-0.0270385,-0.148676,-0.0336854,nan,-0.244991,0,-0.449525,-0.529817,nan,-1.24575,-0.497842,-0.643667,1.58069,0.604222,-1.31711,-0.0411111,0.985417,-0.5
2427,4.16913,1000,-0.00160248,0.666667,0,0.0889602,0.812321,0.304882,-0.00934428,-1.19804,5.92593e-05,0.0120695,0.226756,16286.2,0.516704,0.237802,-0.4,0.25,918.762,2.9823e+07,1.07922,0.110989,0.70823,0.00222641,-0.59838,1,-0.154212,nan,nan,nan,nan,-0.0217057,-0.1154,-0.0286982,nan,-0.24421,0,-0.458384,-0.52291,nan,-1.03162,-0.487863,-0.632813,1.63367,0.52125,-1.3155,-0.037,0.801562,nan
2428,-0.586878,1000,-0.00101738,0.458333,0,0.0896059,0.798189,0.290798,-0.00976615,-1.20255,5.92593e-05,0.0120911,0.226667,15619.4,0.504496,0.282218,-0.4,0.25,919.55,2.98353e+07,1.01167,0.117098,0.696026,0.00254643,-0.606474,1,-0.168982,nan,nan,nan,nan,-0.0241685,-0.129057,-0.033058,nan,-0.243836,0,-0.457166,-0.528994,nan,-1.20328,-0.491793,-0.650455,1.60554,0.570545,-1.34036,-0.0403636,0.885227,nan
2429,-7.08389,1000,0.000342098,0.458333,0,0.0863607,0.804893,0.192909,-0.00852208,-1.20753,5.92593e-05,0.0143931,0.226593,13190.8,0.591926,0.339632,-0.4,0.25,920.483,2.98476e+07,0.891409,0.100984,0.67679,0.00263003,-0.617326,1,-0.187018,nan,nan,nan,nan,-0.029401,-0.170034,-0.0363181,nan,-0.249672,0,-0.45296,-0.533495,nan,-1.39666,-0.513122,-0.705545,1.5605,0.624727,-1.34473,-0.0465455,1.07159,nan
2430,-5.29397,1000,-0.00267744,0.458333,0,0.0889019,0.816227,0.414849,-0.009026,-1.21081,5.92593e-05,0.0102046,0.226587,12580,0.657786,0.319,-0.4,0.25,921.462,2.98598e+07,0.955709,0.129727,0.692477,0.00328579,-0.596537,1,-0.207145,nan,nan,nan,nan,-0.0227951,-0.123548,-0.0338816,nan,-0.242012,0,-0.457787,-0.489246,nan,-1.59192,-0.478876,-0.643636,1.64235,0.658545,-1.316,-0.0529091,0.764773,nan
2431,-0.468163,905.556,-0.00174415,0.291667,0.0833333,0.0891779,0.802262,0.306681,-0.00910703,-1.21121,5.92593e-05,0.0108837,0.226577,13848.7,0.575492,0.311814,-0.4,0.25,922.35,2.98721e+07,0.984341,0.103044,0.647368,0.00245474,-0.54676,0.905556,-0.153511,nan,nan,nan,nan,-0.021297,-0.108043,-0.0284817,nan,-0.220805,0,-0.414819,-0.471646,nan,-1.06294,-0.442623,-0.575333,1.47926,0.482667,-1.20356,-0.0435556,0.776389,-0.5
2432,-4.25099,897.933,-0.00468108,0.5,0.125,0.090243,0.810174,0.335757,-0.0096816,-1.21316,5.92593e-05,0.0116988,0.22654,14469.8,0.576411,0.272805,-0.4,0.25,923.201,2.98844e+07,0.861436,0.0974492,0.618973,0.00216325,-0.545885,0.897933,-0.150067,nan,nan,nan,nan,-0.0266186,-0.143599,-0.0303272,nan,-0.222961,0,-0.408745,-0.498262,nan,-1.21048,-0.45543,-0.6116,1.43464,0.526667,-1.20907,-0.0362667,0.9975,-0.5
2433,2.10474,1000,-0.00166388,0.5,0,0.0890684,0.822691,0.333684,-0.00967885,-1.2165,5.92593e-05,0.00697039,0.226508,13074.2,0.581682,0.358187,-0.4,0.25,924.142,2.98967e+07,0.987114,0.113454,0.693202,0.00252041,-0.61628,1,-0.160083,nan,nan,nan,nan,-0.0296563,-0.16746,-0.0340401,nan,-0.247937,0,-0.454121,-0.545823,nan,-1.31254,-0.508304,-0.6655,1.60382,0.593,-1.328,-0.0358333,1.21771,nan
2434,2.91711,1000,0.000186998,0.5,0,0.091864,0.810063,0.236016,-0.00897784,-1.22036,5.92593e-05,0.0101735,0.226431,13220.5,0.592878,0.336588,-0.4,0.25,925.074,2.9909e+07,1.08711,0.109826,0.699607,0.00224915,-0.600263,1,-0.167633,nan,nan,nan,nan,-0.0225555,-0.117222,-0.0307694,nan,-0.243057,0,-0.458361,-0.511817,nan,-1.14637,-0.486666,-0.6095,1.63615,0.564667,-1.318,-0.0405,0.798958,nan
2435,-7.20425,1000,0.00189716,0.333333,0,0.0912385,0.806974,0.343005,-0.0098053,-1.22497,5.92593e-05,0.0149916,0.226397,13734.7,0.586404,0.308266,-0.4,0.25,925.97,2.99213e+07,0.879349,0.102111,0.692716,0.00357763,-0.608395,1,-0.21415,nan,nan,nan,nan,-0.0278359,-0.146041,-0.0393228,nan,-0.247152,0,-0.453518,-0.535848,nan,-1.57177,-0.5015,-0.706875,1.61144,0.7265,-1.301,-0.0475,1.025,nan
2436,-6.22588,1000,-0.00163527,0.458333,0,0.090839,0.82153,0.316678,-0.00903763,-1.22787,5.92593e-05,0.013945,0.226315,13836.5,0.623754,0.264329,-0.4,0.25,926.859,2.99336e+07,0.910647,0.10802,0.678273,0.00252279,-0.613346,1,-0.166127,nan,nan,nan,nan,-0.0273241,-0.154405,-0.0334826,nan,-0.247103,0,-0.45404,-0.531032,nan,-1.40301,-0.506823,-0.666818,1.59676,0.580727,-1.31818,-0.0392727,0.972727,nan
2437,-4.30149,985,-0.000983695,0.583333,0.0416667,0.0890421,0.81267,0.244707,-0.00883526,-1.23209,5.92593e-05,0.0144796,0.226277,15989.1,0.527739,0.240783,-0.4,0.25,927.629,2.99459e+07,0.912554,0.109933,0.667874,0.00266819,-0.593208,0.985,-0.18004,nan,nan,nan,nan,-0.0275909,-0.147979,-0.0350017,nan,-0.241887,0,-0.448322,-0.515811,nan,-1.36142,-0.488593,-0.674,1.57891,0.616267,-1.3224,-0.0478667,1.02917,-0.5
2438,0.858056,945.611,0.00140315,0.708333,0.0416667,0.0882085,0.820212,0.336189,-0.00984644,-1.23318,5.92593e-05,0.0120552,0.226264,16879.9,0.491848,0.23612,-0.4,0.25,928.358,2.99581e+07,0.900971,0.101629,0.641662,0.00236037,-0.580767,0.945611,-0.165689,nan,nan,nan,nan,-0.0285854,-0.16233,-0.0340856,nan,-0.236178,-5.55556e-05,-0.427153,-0.52946,nan,-1.19441,-0.486002,-0.646167,1.48644,0.578889,-1.28978,-0.0395556,1.23333,-0.5
2439,4.41683,1000,0.00260014,0.333333,0,0.0884363,0.814334,0.362467,-0.00924634,-1.23387,5.92593e-05,0.00744387,0.226257,13545.8,0.564,0.343143,-0.4,0.25,929.267,2.99704e+07,1.02731,0.0971809,0.692828,0.00274598,-0.613043,1,-0.1942,nan,nan,nan,nan,-0.0348647,-0.194717,-0.0405335,nan,-0.251558,0,-0.455626,-0.569044,nan,-1.31249,-0.518164,-0.643875,1.58276,0.7185,-1.3045,-0.046,1.27812,nan
2440,0.371161,985.083,-0.000712942,0.458333,0.0416667,0.0903789,0.815558,0.295856,-0.008638,-1.23543,5.92593e-05,0.0146992,0.226223,12428.2,0.645211,0.343508,-0.4,0.25,930.257,2.99827e+07,0.961187,0.114564,0.689129,0.00199629,-0.584757,0.985083,-0.144133,nan,nan,nan,nan,-0.0206672,-0.112021,-0.0265946,nan,-0.239605,0,-0.45151,-0.503064,nan,-1.13088,-0.47506,-0.63475,1.60344,0.492333,-1.28833,-0.036,0.765625,-0.5
2441,-6.94224,992.944,-0.000855619,0.708333,0.0416667,0.0909833,0.823166,0.277532,-0.00959905,-1.23827,5.92593e-05,0.0148307,0.226159,13414.3,0.58613,0.329907,-0.4,0.25,931.175,2.9995e+07,0.944833,0.107607,0.682271,0.0030187,-0.598469,0.992944,-0.217244,nan,nan,nan,nan,-0.0284437,-0.15348,-0.0388085,nan,-0.245475,0,-0.453279,-0.519847,nan,-1.5016,-0.493742,-0.671,1.5893,0.698,-1.30089,-0.056,0.940972,-0.5
2442,-0.288247,972.692,-0.00262905,0.958333,0.125,0.0889922,0.818856,0.315865,-0.0088019,-1.24199,5.92593e-05,0.0154123,0.226097,13407.1,0.627368,0.289164,-0.4,0.25,932.092,3.00073e+07,0.932106,0.106003,0.666254,0.00251646,-0.588968,0.972692,-0.167531,nan,nan,nan,nan,-0.0268128,-0.145528,-0.0329039,nan,-0.24028,0,-0.441826,-0.518593,nan,-1.1583,-0.487833,-0.6435,1.55342,0.582154,-1.294,-0.0387692,1.01298,-0.5
2443,-5.77831,975.923,0.000612282,0.5,0.0416667,0.0904104,0.817642,0.292064,-0.00917223,-1.24514,5.92593e-05,0.0105066,0.226056,15452.5,0.533201,0.262012,-0.4,0.25,932.889,3.00196e+07,0.976977,0.11513,0.668876,0.00318494,-0.580154,0.975923,-0.204938,nan,nan,nan,nan,-0.0235182,-0.126458,-0.0351382,nan,-0.236745,0,-0.447565,-0.486195,nan,-1.43583,-0.46435,-0.641308,1.5955,0.645538,-1.29292,-0.0526154,0.796154,-0.5
2444,1.76455,1000,0.000760227,0.75,0,0.0928895,0.812848,0.297839,-0.00994092,-1.24788,5.92593e-05,0.0172219,0.226019,14744.9,0.496026,0.337346,-0.4,0.25,933.724,3.00319e+07,0.959987,0.105373,0.698501,0.00248969,-0.607177,1,-0.170178,nan,nan,nan,nan,-0.0282094,-0.158291,-0.0344976,nan,-0.248236,0,-0.454053,-0.53553,nan,-1.2227,-0.511771,-0.664667,1.58874,0.571778,-1.32378,-0.0406667,1.16111,nan
2445,-0.694867,1000,0.00124935,0.333333,0,0.0900927,0.797534,0.277592,-0.00976009,-1.2504,5.92593e-05,0.0113658,0.225992,12832.9,0.635361,0.32218,-0.4,0.25,934.683,3.00442e+07,1.01205,0.115802,0.704631,0.00281375,-0.597733,1,-0.185325,nan,nan,nan,nan,-0.0253633,-0.137737,-0.0336346,nan,-0.245222,0,-0.455507,-0.509292,nan,-1.32074,-0.490785,-0.6315,1.6178,0.6115,-1.3455,-0.046,0.925,nan
2446,0.570551,937.2,-0.00072663,0.583333,0.0416667,0.089045,0.79882,0.26493,-0.00860237,-1.25173,5.92593e-05,0.0113981,0.226005,12896.7,0.631312,0.321487,-0.4,0.25,935.637,3.00564e+07,0.851145,0.0952216,0.637091,0.00260421,-0.573767,0.9372,-0.18108,nan,nan,nan,nan,-0.0308636,-0.171796,-0.0365866,nan,-0.234851,0,-0.425704,-0.519418,nan,-1.31363,-0.485204,-0.632,1.47317,0.637867,-1.26853,-0.044,1.345,-0.5
2447,0.00859093,972.6,0.000538462,0.375,0.0416667,0.0890505,0.807711,0.255373,-0.00938287,-1.25332,5.92593e-05,0.00924724,0.225986,13806.9,0.587932,0.302056,-0.4,0.25,936.528,3.00687e+07,0.896243,0.10273,0.673602,0.00273627,-0.594721,0.9726,-0.17496,nan,nan,nan,nan,-0.0322944,-0.184087,-0.0376043,nan,-0.244763,0,-0.440555,-0.547488,nan,-1.38135,-0.510947,-0.6774,1.50424,0.6316,-1.2924,-0.041,1.42625,-0.5
2448,0.0941459,959.111,-0.00107147,0.333333,0.0416667,0.0895011,0.798525,0.334305,-0.00828792,-1.25569,5.92593e-05,0.0117271,0.225963,14377.5,0.565246,0.289425,-0.4,0.25,937.384,3.0081e+07,0.989431,0.0990011,0.655304,0.00266754,-0.587335,0.959111,-0.180333,nan,nan,nan,nan,-0.0281362,-0.153572,-0.033561,nan,-0.236584,0,-0.438867,-0.498845,nan,-1.23209,-0.480057,-0.627,1.54757,0.612444,-1.29022,-0.0408889,1.02222,-0.5
2449,-2.73856,951.615,-0.000850999,0.5,0.0416667,0.0897381,0.80532,0.265944,-0.00983396,-1.25828,5.92593e-05,0.00938146,0.225916,16653.8,0.492821,0.245027,-0.4,0.25,938.124,3.00933e+07,0.913867,0.102121,0.636242,0.00312508,-0.566287,0.951615,-0.196308,nan,nan,nan,nan,-0.0256319,-0.138406,-0.0349119,nan,-0.232965,0,-0.43439,-0.49346,nan,-1.35927,-0.463603,-0.601154,1.56557,0.646154,-1.27262,-0.0481538,0.95,-0.5
2450,-0.879387,1000,0.00243755,0.791667,0,0.0873624,0.806418,0.355669,-0.00825834,-1.26154,5.92593e-05,0.0143054,0.225887,13219.4,0.560765,0.368777,-0.4,0.25,939.054,3.01056e+07,0.976144,0.112499,0.688068,0.00272409,-0.60475,1,-0.186611,nan,nan,nan,nan,-0.0274585,-0.152482,-0.0349813,nan,-0.246501,0,-0.456986,-0.528316,nan,-1.32605,-0.496751,-0.652105,1.60979,0.618947,-1.32779,-0.0482105,1.03684,nan
2451,-1.15151,950.692,0.000402236,0.458333,0.0833333,0.086636,0.80091,0.307399,-0.0107211,-1.26349,5.92593e-05,0.0117985,0.225873,12831.7,0.647977,0.309648,-0.4,0.25,940.014,3.01179e+07,0.956177,0.106759,0.663864,0.00242688,-0.574519,0.950692,-0.169292,nan,nan,nan,nan,-0.0252315,-0.137341,-0.0319703,nan,-0.233475,0,-0.43297,-0.490577,nan,-1.20174,-0.469593,-0.589615,1.53136,0.561846,-1.24523,-0.0387692,0.886538,-0.5
2452,-3.16507,963.6,0.00185681,0.375,0.0416667,0.0880233,0.790838,0.297825,-0.00882996,-1.26546,5.92593e-05,0.00921976,0.225823,13146.7,0.62127,0.31341,-0.4,0.25,940.95,3.01302e+07,0.851101,0.0967839,0.67472,0.00244161,-0.588653,0.9636,-0.1716,nan,nan,nan,nan,-0.0310851,-0.169914,-0.0358374,nan,-0.241206,0,-0.435715,-0.520588,nan,-1.38173,-0.499208,-0.672,1.50104,0.6044,-1.2952,-0.0396,1.28,-0.5
2453,2.34684,1000,0.00198319,0.416667,0,0.0878544,0.802787,0.364527,-0.00934232,-1.2687,5.92593e-05,0.0115619,0.225795,13808.2,0.628231,0.261678,-0.4,0.25,941.841,3.01425e+07,0.878758,0.0937957,0.666947,0.0025352,-0.618481,1,-0.17168,nan,nan,nan,nan,-0.0335649,-0.191595,-0.038445,nan,-0.251427,0,-0.451913,-0.569362,nan,-1.26769,-0.52676,-0.7182,1.59707,0.6256,-1.3636,-0.0434,1.49875,nan
2454,-4.27055,917,-0.000640961,0.208333,0.0833333,0.0886946,0.814532,0.311646,-0.00926453,-1.27014,5.92593e-05,0.0131188,0.225787,14904.7,0.55702,0.267416,-0.4,0.25,942.667,3.01548e+07,0.980038,0.103693,0.626579,0.00294861,-0.545797,0.917,-0.174714,nan,nan,nan,nan,-0.0246966,-0.134681,-0.032127,nan,-0.222867,0,-0.419583,-0.470011,nan,-1.2091,-0.448765,-0.582857,1.48878,0.592,-1.22057,-0.0405714,0.744643,-0.5
2455,0.0214012,931.556,0.0029102,0.291667,0.0833333,0.0877327,0.808972,0.267877,-0.0094764,-1.27084,5.92593e-05,0.0107941,0.225808,15456.5,0.489503,0.305504,-0.4,0.25,943.463,3.0167e+07,0.956665,0.111228,0.642215,0.00219324,-0.557929,0.931556,-0.1456,nan,nan,nan,nan,-0.0231884,-0.122865,-0.0283255,nan,-0.229207,0,-0.425083,-0.497654,nan,-1.05862,-0.462125,-0.605,1.50547,0.499556,-1.22089,-0.0324444,0.872222,-0.5
2456,2.95564,1000,0.00273329,0.458333,0,0.0878129,0.795689,0.264475,-0.00851022,-1.27139,5.92593e-05,0.00766594,0.225761,12850.7,0.617912,0.338303,-0.4,0.25,944.421,3.01793e+07,0.996713,0.115063,0.706878,0.0022272,-0.60568,1,-0.154218,nan,nan,nan,nan,-0.023829,-0.132929,-0.0308877,nan,-0.245151,0,-0.455427,-0.522289,nan,-1.14531,-0.496276,-0.666,1.61844,0.529091,-1.31964,-0.0389091,1.01591,nan
2457,-0.731551,1000,0.00196939,0.458333,0,0.085268,0.807784,0.292,-0.00992876,-1.27481,5.92593e-05,0.0177063,0.225712,12730.1,0.644619,0.320651,-0.4,0.25,945.387,3.01916e+07,0.95681,0.118809,0.694779,0.00273471,-0.603005,1,-0.170091,nan,nan,nan,nan,-0.0249809,-0.137405,-0.0319199,nan,-0.245383,0,-0.454585,-0.526347,nan,-1.29898,-0.492536,-0.646909,1.60707,0.564364,-1.32255,-0.0423636,1.01591,nan
2458,-0.613961,982.4,0.00241841,0.583333,0.0416667,0.0875045,0.809316,0.28906,-0.0085452,-1.27799,5.92593e-05,0.00644837,0.225656,13751.4,0.581632,0.311947,-0.4,0.25,946.282,3.02039e+07,1.04476,0.113551,0.694826,0.00255066,-0.588012,0.9824,-0.15776,nan,nan,nan,nan,-0.0235057,-0.128509,-0.0296942,nan,-0.240074,0,-0.449963,-0.500397,nan,-1.31197,-0.480666,-0.6308,1.6077,0.5368,-1.32053,-0.0372,0.831667,-0.5
2459,1.05143,1000,0.00363341,0.208333,0,0.0871565,0.809157,0.293585,-0.00867921,-1.28176,5.92593e-05,0.0146636,0.225602,13590.9,0.60559,0.298542,-0.4,0.25,947.188,3.02162e+07,0.976893,0.113347,0.683564,0.00251189,-0.586961,1,-0.18636,nan,nan,nan,nan,-0.0221528,-0.117505,-0.0328619,nan,-0.244697,0,-0.459449,-0.502419,nan,-1.11451,-0.477332,-0.6084,1.6338,0.5912,-1.316,-0.0476,0.7675,nan
2460,-1.61766,879.273,-0.000597045,0.375,0.0833333,0.0896103,0.807933,0.29362,-0.0103734,-1.28482,5.92593e-05,0.0101248,0.22559,15820.3,0.537059,0.239663,-0.4,0.25,947.966,3.02285e+07,0.94602,0.104455,0.612645,0.0029419,-0.528119,0.879273,-0.170709,nan,nan,nan,nan,-0.0236084,-0.125912,-0.0300204,nan,-0.215614,0,-0.40044,-0.461173,nan,-1.20283,-0.433293,-0.541091,1.44346,0.526182,-1.19891,-0.0470909,0.873864,-0.5
2461,-6.06487,902.364,-0.00169078,0.375,0.0833333,0.0904657,0.821228,0.384659,-0.00889435,-1.28536,5.92593e-05,0.0140637,0.225604,16664.9,0.496328,0.241031,-0.4,0.25,948.705,3.02408e+07,0.856498,0.100206,0.613839,0.0027272,-0.533658,0.902364,-0.192491,nan,nan,nan,nan,-0.0243781,-0.130263,-0.0343245,nan,-0.21992,0,-0.412534,-0.464269,nan,-1.2818,-0.436038,-0.595364,1.45543,0.644727,-1.21018,-0.0483636,0.795455,-0.5
2462,-2.73543,942.824,-0.00105723,0.625,0.0833333,0.0877975,0.816468,0.291338,-0.00968032,-1.28631,5.92593e-05,0.00551891,0.225569,16622.6,0.498906,0.240327,-0.4,0.25,949.445,3.02531e+07,0.895519,0.0986617,0.654646,0.00254664,-0.570112,0.942824,-0.1642,nan,nan,nan,nan,-0.0264287,-0.146881,-0.0324651,nan,-0.232162,0,-0.428958,-0.498406,nan,-1.28393,-0.473181,-0.607059,1.51523,0.563294,-1.27365,-0.0411765,1.02794,-0.5
2463,0.79628,886.077,-0.00228432,0.458333,0.0833333,0.0914564,0.817636,0.358117,-0.0105111,-1.28911,5.92593e-05,0.0104019,0.225535,16351.8,0.498849,0.252626,-0.4,0.25,950.198,3.02653e+07,0.879372,0.0968622,0.611927,0.00243086,-0.53216,0.886077,-0.141831,nan,nan,nan,nan,-0.0242739,-0.130849,-0.0296397,nan,-0.217662,0,-0.40326,-0.472908,nan,-1.14924,-0.443279,-0.570692,1.44091,0.504,-1.18554,-0.0313846,1.02788,-0.5
2464,-0.431364,963.688,-0.000261591,0.625,0.0416667,0.0888766,0.81433,0.289535,-0.00974741,-1.29148,5.92593e-05,0.0194447,0.225488,16644.6,0.494251,0.244006,-0.4,0.25,950.938,3.02776e+07,0.969509,0.110778,0.676565,0.0029101,-0.570865,0.963687,-0.173375,nan,nan,nan,nan,-0.0220839,-0.115722,-0.0312761,nan,-0.234394,0,-0.440953,-0.481458,nan,-1.24476,-0.468111,-0.586313,1.58341,0.58475,-1.27125,-0.041375,0.8,-0.5
2465,-6.02368,1000,0.00156009,0.333333,0,0.0883484,0.820575,0.288986,-0.0102553,-1.29368,5.92593e-05,0.0161386,0.225477,16435.1,0.506802,0.240868,-0.4,0.25,951.687,3.02899e+07,0.962307,0.105252,0.709304,0.00245816,-0.594439,1,-0.16875,nan,nan,nan,nan,-0.022203,-0.116491,-0.0307469,nan,-0.243344,0,-0.454298,-0.51772,nan,-1.3769,-0.484482,-0.622125,1.60368,0.563,-1.339,-0.04075,0.764062,nan
2466,1.03502,1000,-9.54809e-05,0.708333,0,0.0908144,0.818717,0.264088,-0.0093383,-1.2962,5.92593e-05,0.0100397,0.225407,16535.5,0.492493,0.250634,-0.4,0.25,952.431,3.03022e+07,0.99195,0.109099,0.679901,0.00325092,-0.601908,1,-0.186341,nan,nan,nan,nan,-0.0268838,-0.14597,-0.0353579,nan,-0.246985,0,-0.453763,-0.534995,nan,-1.30341,-0.499485,-0.619588,1.63035,0.628471,-1.30635,-0.042,1.01176,nan
2467,-2.1868,945.833,-0.000929282,0.708333,0.0416667,0.0909914,0.81065,0.379615,-0.00877398,-1.30066,5.92593e-05,0.0104265,0.225351,16405.1,0.501236,0.247799,-0.4,0.25,953.182,3.03145e+07,0.847669,0.101701,0.643927,0.00295055,-0.575908,0.945833,-0.187567,nan,nan,nan,nan,-0.0303926,-0.166043,-0.037512,nan,-0.235318,0,-0.427684,-0.505969,nan,-1.46678,-0.488236,-0.63,1.50372,0.649111,-1.26867,-0.049,1.21111,-0.5
2468,-3.05066,952.636,0.00246074,0.416667,0.0416667,0.0884911,0.816049,0.255048,-0.0095261,-1.30328,5.92593e-05,0.0106847,0.225296,16571.8,0.490627,0.250875,-0.4,0.25,953.924,3.03268e+07,0.957529,0.109017,0.661799,0.00279648,-0.568877,0.952636,-0.171782,nan,nan,nan,nan,-0.0231732,-0.123811,-0.0303949,nan,-0.231841,0,-0.435533,-0.481064,nan,-1.20884,-0.46143,-0.600273,1.55766,0.559273,-1.25564,-0.0458182,0.730682,-0.5
2469,3.11609,949.824,0.00387869,0.666667,0.0416667,0.0877168,0.816907,0.239486,-0.0101462,-1.3076,5.92593e-05,0.0141261,0.225205,16557.2,0.498777,0.243377,-0.4,0.25,954.668,3.03391e+07,1.01162,0.10994,0.664792,0.00276372,-0.562506,0.949824,-0.164929,nan,nan,nan,nan,-0.0229912,-0.124815,-0.0311497,nan,-0.230746,0,-0.433354,-0.493539,nan,-1.13983,-0.464947,-0.584647,1.55399,0.557412,-1.27388,-0.04,0.902206,-0.5
2470,1.83026,981.812,-0.00168234,0.625,0.0416667,0.0859708,0.812435,0.248836,-0.00989568,-1.31186,5.92593e-05,0.0109536,0.225161,16036.1,0.496021,0.270252,-0.4,0.25,955.436,3.03514e+07,0.949385,0.106409,0.677656,0.00280447,-0.585664,0.981812,-0.165688,nan,nan,nan,nan,-0.0274139,-0.149684,-0.0335234,nan,-0.240764,0,-0.444767,-0.516194,nan,-1.24806,-0.491521,-0.617438,1.58873,0.5925,-1.316,-0.041375,1.10156,-0.5
2471,0.427506,957.714,0.00308161,0.25,0.0416667,0.0852491,0.820528,0.324372,-0.00968938,-1.31422,5.92593e-05,0.00903184,0.225129,16514.2,0.501921,0.242165,-0.4,0.25,956.184,3.03636e+07,0.945633,0.0994032,0.671226,0.00267699,-0.568685,0.957714,-0.194314,nan,nan,nan,nan,-0.0240204,-0.120317,-0.0338005,nan,-0.230457,0,-0.439067,-0.483347,nan,-1.21808,-0.456161,-0.583714,1.59226,0.623429,-1.264,-0.0442857,0.860714,-0.5
2472,3.22541,1000,0.00373165,0.583333,0,0.0870119,0.817137,0.28021,-0.00959138,-1.31731,5.92593e-05,0.0101562,0.225079,16237.1,0.514107,0.242679,-0.4,0.25,956.942,3.03759e+07,1.05895,0.108075,0.712802,0.0029162,-0.595863,1,-0.182329,nan,nan,nan,nan,-0.0277177,-0.154645,-0.0345422,nan,-0.246197,0,-0.454795,-0.519251,nan,-1.25972,-0.498969,-0.617786,1.6243,0.602,-1.332,-0.0462857,1.02232,nan
2473,3.34485,938,0.00541992,0.333333,0.0416667,0.0874427,0.81612,0.250139,-0.00956636,-1.32166,5.92593e-05,0.0161685,0.22498,16509.6,0.497961,0.246333,-0.4,0.25,957.687,3.03882e+07,0.954545,0.110613,0.657196,0.00273045,-0.565641,0.938,-0.164289,nan,nan,nan,nan,-0.0262621,-0.144349,-0.0319256,nan,-0.230912,0,-0.42547,-0.48964,nan,-1.17014,-0.472723,-0.602333,1.52712,0.568,-1.25867,-0.0377778,1.08472,-0.5
2474,4.472,1000,0.00542627,0.625,0,0.0851339,0.814919,0.291173,-0.0101598,-1.32762,5.92593e-05,0.0117656,0.224897,16748.5,0.491018,0.242658,-0.4,0.25,958.422,3.04005e+07,1.04725,0.111635,0.700939,0.00252922,-0.598989,1,-0.156067,nan,nan,nan,nan,-0.0260405,-0.13885,-0.0322167,nan,-0.244653,0,-0.455288,-0.521279,nan,-1.22922,-0.494009,-0.637,1.63206,0.5504,-1.34613,-0.0414667,1.1,nan
2475,-2.88377,993.25,0.00217174,0.625,0.0416667,0.0859285,0.818695,0.365234,-0.00878778,-1.33104,5.92593e-05,0.00745091,0.22489,16587.8,0.497782,0.243005,-0.4,0.25,959.165,3.04128e+07,0.972068,0.110964,0.682918,0.00319729,-0.592064,0.99325,-0.191637,nan,nan,nan,nan,-0.0267329,-0.145146,-0.0352176,nan,-0.242397,0,-0.452864,-0.510615,nan,-1.43556,-0.486808,-0.625313,1.62767,0.636,-1.3205,-0.048375,0.974219,-0.5
2476,8.36082,1000,0.00357868,0.25,0,0.0843095,0.821582,0.264434,-0.00907501,-1.33153,5.92593e-05,0.0139322,0.224906,16639.9,0.498045,0.24042,-0.4,0.25,959.904,3.04251e+07,1.14603,0.135081,0.71876,0.00236258,-0.581387,1,-0.144333,nan,nan,nan,nan,-0.0193208,-0.112304,-0.0259298,nan,-0.238545,0,-0.460544,-0.49021,nan,-1.0412,-0.466495,-0.604,1.65891,0.504,-1.324,-0.0346667,0.795833,nan
2477,-6.54016,943,0.00514172,0.416667,0.0416667,0.0833659,0.808952,0.338308,-0.00850903,-1.33315,5.92593e-05,0.00748009,0.224871,17068.4,0.486707,0.23322,-0.4,0.25,960.626,3.04374e+07,0.800329,0.0947582,0.612418,0.00329092,-0.574868,0.943,-0.189364,nan,nan,nan,nan,-0.0330995,-0.189944,-0.0395232,nan,-0.238029,0,-0.422036,-0.5165,nan,-1.39726,-0.499355,-0.670364,1.46886,0.645455,-1.27491,-0.0487273,1.24432,-0.5
2478,1.41466,921.444,0.00264363,0.333333,0.0416667,0.0836599,0.806365,0.24488,-0.00917289,-1.33601,5.92593e-05,0.0102766,0.224842,17149.7,0.480181,0.236331,-0.4,0.25,961.343,3.04497e+07,0.905613,0.101281,0.637645,0.00250955,-0.548564,0.921444,-0.179222,nan,nan,nan,nan,-0.026365,-0.143147,-0.0340332,nan,-0.226951,0,-0.420487,-0.486326,nan,-1.225,-0.459279,-0.574,1.50062,0.624889,-1.22222,-0.036,1.01389,-0.5
2479,7.83658,945.812,0.0045339,0.625,0.0416667,0.0832331,0.799092,0.32359,-0.00928672,-1.33772,5.92593e-05,0.00754326,0.224811,17136.3,0.482847,0.234226,-0.4,0.25,962.062,3.0462e+07,1.00054,0.11076,0.679061,0.00216323,-0.567409,0.945812,-0.121363,nan,nan,nan,nan,-0.0236173,-0.130043,-0.0263964,nan,-0.231809,0,-0.430916,-0.491738,nan,-0.932312,-0.468101,-0.576938,1.52073,0.447,-1.26225,-0.03025,1.01016,-0.5
2480,5.5897,1000,0.00605115,0.583333,0,0.0816782,0.805478,0.284339,-0.00946976,-1.34073,5.92593e-05,0.0145938,0.224747,15441,0.485409,0.310392,-0.4,0.25,962.859,3.04742e+07,0.983513,0.11418,0.693612,0.00258724,-0.598804,1,-0.157257,nan,nan,nan,nan,-0.0272898,-0.151335,-0.032679,nan,-0.246623,0,-0.452756,-0.519965,nan,-1.11534,-0.505781,-0.635357,1.6156,0.562,-1.32,-0.0368571,1.10804,nan
2481,-1.4456,1000,0.00564804,0.333333,0,0.0846525,0.800387,0.250265,-0.00946237,-1.34522,5.92593e-05,0.0104577,0.224679,11866.6,0.653401,0.382112,-0.4,0.25,963.896,3.04865e+07,1.03853,0.103068,0.689434,0.00324574,-0.583538,1,-0.207125,nan,nan,nan,nan,-0.0227961,-0.118995,-0.0338957,nan,-0.242903,0,-0.454262,-0.496298,nan,-1.3775,-0.479246,-0.60825,1.63982,0.6525,-1.3145,-0.05175,0.792188,nan
2482,2.18711,1000,0.0046248,0.5,0,0.0853677,0.802791,0.321051,-0.0103449,-1.34867,5.92593e-05,0.00962056,0.224661,12737.9,0.64655,0.318133,-0.4,0.25,964.862,3.04988e+07,1.10471,0.110311,0.703723,0.0023072,-0.586337,1,-0.14895,nan,nan,nan,nan,-0.0205874,-0.114607,-0.0280451,nan,-0.241026,0,-0.457614,-0.502415,nan,-1.06433,-0.476634,-0.621,1.64467,0.503,-1.34033,-0.0366667,0.679167,nan
2483,-0.91543,1000,0.00154661,0.791667,0,0.087128,0.800867,0.354865,-0.00909882,-1.3488,5.92593e-05,0.0111853,0.224695,13934.3,0.580412,0.301442,-0.4,0.25,965.745,3.05111e+07,1.02956,0.105683,0.694929,0.00297834,-0.595586,1,-0.181758,nan,nan,nan,nan,-0.0271183,-0.153444,-0.034541,nan,-0.244843,0,-0.453554,-0.522983,nan,-1.28863,-0.495092,-0.636316,1.62891,0.605895,-1.34358,-0.0474737,0.911184,nan
2484,3.93924,973.423,8.81472e-05,1,0.0833333,0.0856263,0.795872,0.268514,-0.010311,-1.34808,5.92593e-05,0.0107162,0.224725,13456.9,0.564694,0.348441,-0.4,0.25,966.66,3.05234e+07,1.03182,0.112048,0.678576,0.00247947,-0.578151,0.973423,-0.1642,nan,nan,nan,nan,-0.0236599,-0.128417,-0.0303424,nan,-0.237348,0,-0.444445,-0.493419,nan,-1.155,-0.473359,-0.616731,1.58094,0.551385,-1.28154,-0.0385385,0.925481,-0.5
2485,2.23693,953.333,0.000248029,0.541667,0.0833333,0.0855786,0.79189,0.322171,-0.00987836,-1.34926,5.92593e-05,0.0112297,0.224688,14115.3,0.555257,0.315287,-0.4,0.25,967.532,3.05357e+07,0.947307,0.110079,0.659961,0.00286422,-0.562489,0.953333,-0.163507,nan,nan,nan,nan,-0.0255799,-0.141586,-0.0324039,nan,-0.232483,-0.0006,-0.433244,-0.495843,nan,-1.17638,-0.471831,-0.5994,1.53292,0.5848,-1.27093,-0.0381333,1.03167,-0.5
2486,4.30702,950.067,0.00157825,0.541667,0.0833333,0.0845507,0.782606,0.330046,-0.00917055,-1.35288,5.92593e-05,0.00864352,0.224658,13198.6,0.584397,0.346612,-0.4,0.25,968.464,3.0548e+07,1.09124,0.112791,0.675098,0.00208652,-0.552919,0.950067,-0.150653,nan,nan,nan,nan,-0.0231026,-0.128654,-0.0282645,nan,-0.229094,0,-0.435365,-0.47873,nan,-1.12149,-0.453776,-0.5634,1.55582,0.529333,-1.25813,-0.0366667,0.825833,-0.5
2487,7.78208,1000,0.00290927,0.375,0,0.0875379,0.807364,0.334966,-0.00933201,-1.35536,5.92593e-05,0.0144663,0.224632,13305.3,0.587069,0.336473,-0.4,0.25,969.389,3.05603e+07,1.05209,0.11074,0.707248,0.00238134,-0.597322,1,-0.141533,nan,nan,nan,nan,-0.0265539,-0.154137,-0.0303734,nan,-0.246078,0,-0.453487,-0.530656,nan,-1.05331,-0.503289,-0.642,1.59344,0.510222,-1.308,-0.0322222,1.13194,nan
2488,-1.87021,957.846,0.00263558,0.5,0.0416667,0.0863778,0.792542,0.255572,-0.0101601,-1.35708,5.92593e-05,0.0128022,0.224603,13130.5,0.619146,0.316691,-0.4,0.25,970.326,3.05725e+07,0.921504,0.0988094,0.651724,0.00278336,-0.576358,0.957846,-0.184046,nan,nan,nan,nan,-0.0299472,-0.158523,-0.0357496,nan,-0.236726,0,-0.433093,-0.506678,nan,-1.32856,-0.488056,-0.632769,1.52137,0.629538,-1.27692,-0.0406154,1.08942,-0.5
2489,-0.41449,1000,0.00563289,0.458333,0,0.0864705,0.790972,0.304377,-0.0093105,-1.35939,5.92593e-05,0.0133855,0.224565,12979,0.629249,0.317511,-0.4,0.25,971.274,3.05848e+07,0.959121,0.103196,0.69763,0.00313786,-0.606168,1,-0.206564,nan,nan,nan,nan,-0.0339408,-0.191372,-0.041177,nan,-0.247654,0,-0.450579,-0.540905,nan,-1.53634,-0.513982,-0.666273,1.6076,0.685455,-1.36582,-0.0465455,1.37045,nan
2490,-2.66023,881.375,0.00475833,0.291667,0.0416667,0.0849246,0.796552,0.28004,-0.00861892,-1.3631,5.92593e-05,0.0151118,0.224492,13482,0.593362,0.318073,-0.4,0.25,972.187,3.05971e+07,0.779132,0.0925936,0.591866,0.00322517,-0.540046,0.881375,-0.18065,nan,nan,nan,nan,-0.0314608,-0.173309,-0.0364752,nan,-0.219862,0,-0.395367,-0.472481,nan,-1.38226,-0.456434,-0.609375,1.3997,0.6235,-1.196,-0.0435,1.29531,-0.5
2491,2.20068,1000,0.00503143,0.583333,0,0.0848171,0.81782,0.328308,-0.00939647,-1.36808,5.92593e-05,0.0147569,0.224428,13324.8,0.61084,0.311351,-0.4,0.25,973.111,3.06094e+07,1.03236,0.110361,0.703322,0.00228626,-0.592398,1,-0.151943,nan,nan,nan,nan,-0.0254653,-0.146388,-0.0311228,nan,-0.245122,0,-0.453419,-0.508221,nan,-1.17005,-0.497521,-0.6045,1.60953,0.532,-1.326,-0.0392857,0.911607,nan
2492,-0.00885255,910.522,6.98434e-05,0.833333,0.125,0.0859616,0.810698,0.346336,-0.01008,-1.37135,5.92593e-05,0.0146941,0.224404,13224.3,0.593639,0.335561,-0.4,0.25,974.041,3.06217e+07,0.938702,0.0999409,0.644894,0.00240683,-0.537135,0.910522,-0.157417,nan,nan,nan,nan,-0.0241385,-0.131269,-0.0298843,nan,-0.222244,0,-0.413954,-0.458606,nan,-1.18985,-0.446524,-0.578348,1.46168,0.562609,-1.22887,-0.0377391,0.9,-0.5
2493,0.159533,857,0.000841246,0.416667,0.0833333,0.08803,0.808083,0.424634,-0.0101137,-1.3732,5.92593e-05,0.0115089,0.224399,12964.1,0.623692,0.324155,-0.4,0.25,974.99,3.0634e+07,0.873204,0.0951194,0.597601,0.00208614,-0.51267,0.857,-0.134,nan,nan,nan,nan,-0.021492,-0.121811,-0.0269935,nan,-0.209853,0,-0.390734,-0.439307,nan,-1.04194,-0.424204,-0.56275,1.36101,0.488333,-1.128,-0.0328333,0.863542,-0.5
2494,-3.94616,975.917,0.00290117,0.458333,0.0416667,0.0862034,0.795176,0.310096,-0.00957266,-1.37485,5.92593e-05,0.0119869,0.224379,13267.8,0.609178,0.316977,-0.4,0.25,975.918,3.06463e+07,0.983208,0.112586,0.696508,0.00353896,-0.571782,0.975917,-0.210517,nan,nan,nan,nan,-0.0263458,-0.141489,-0.0374176,nan,-0.237068,0,-0.442916,-0.482795,nan,-1.59196,-0.473734,-0.6305,1.581,0.713667,-1.292,-0.0533333,0.969792,-0.5
2495,5.11517,1000,0.00149477,0.291667,0,0.0865873,0.808396,0.349127,-0.00977546,-1.37821,5.92593e-05,0.0150201,0.224311,13543,0.604368,0.302966,-0.4,0.25,976.827,3.06586e+07,1.03134,0.1106,0.697575,0.00247623,-0.596552,1,-0.161457,nan,nan,nan,nan,-0.0287711,-0.168052,-0.0340064,nan,-0.247227,0,-0.454004,-0.543615,nan,-1.2715,-0.511032,-0.651429,1.6012,0.577714,-1.328,-0.0391429,1.26964,nan
2496,0.0220201,846.333,0.000595728,0.291667,0.0833333,0.0847271,0.819036,0.301359,-0.0102221,-1.38278,5.92593e-05,0.0166736,0.224263,14836.2,0.554261,0.273985,-0.4,0.25,977.656,3.06708e+07,0.825892,0.0854565,0.582167,0.00257665,-0.505508,0.846333,-0.1434,nan,nan,nan,nan,-0.0284259,-0.155434,-0.0306464,nan,-0.209569,0,-0.382055,-0.457585,nan,-1.1904,-0.434092,-0.598,1.31296,0.541778,-1.12756,-0.032,1.20972,-0.5
2497,0.2859,1000,0.00408558,0.375,0,0.0865136,0.824394,0.327886,-0.00802237,-1.38539,5.92593e-05,0.0055254,0.224226,15900.9,0.53239,0.240395,-0.4,0.25,978.43,3.06831e+07,1.05406,0.116037,0.711615,0.00297911,-0.586427,1,-0.168156,nan,nan,nan,nan,-0.024971,-0.13956,-0.0325514,nan,-0.242203,0,-0.455278,-0.513497,nan,-1.34129,-0.486167,-0.622,1.61104,0.601778,-1.33244,-0.0442222,0.905556,nan
2498,15.243,1000,0.00256946,0.375,0,0.0838687,0.812709,0.345408,-0.0096917,-1.38825,5.92593e-05,0.0123857,0.224176,15406.8,0.492492,0.30508,-0.4,0.25,979.229,3.06954e+07,1.18655,0.121182,0.726812,0.00194624,-0.59251,1,-0.126578,nan,nan,nan,nan,-0.0237362,-0.132769,-0.0277377,nan,-0.242113,0,-0.453942,-0.505042,nan,-0.85848,-0.494375,-0.613667,1.62716,0.466667,-1.32133,-0.0342222,1.05833,nan
2499,-2.18588,919.846,0.00090387,0.458333,0.0833333,0.0858835,0.81956,0.316229,-0.0100647,-1.39186,5.92593e-05,0.0117069,0.224118,12311.9,0.644651,0.353411,-0.4,0.25,980.229,3.07077e+07,0.978403,0.0994947,0.645454,0.00248859,-0.539532,0.919846,-0.159062,nan,nan,nan,nan,-0.0211813,-0.114389,-0.027636,nan,-0.223438,0,-0.417143,-0.459576,nan,-1.1307,-0.444241,-0.580846,1.48446,0.537538,-1.22,-0.0392308,0.676923,-0.5
2500,-1.41547,913.267,0.00249908,0.541667,0.0833333,0.0858969,0.825293,0.35713,-0.00993564,-1.3943,5.92593e-05,0.0113412,0.224115,13544.3,0.603904,0.303338,-0.4,0.25,981.138,3.072e+07,0.910377,0.100059,0.638332,0.00231051,-0.544138,0.913267,-0.14796,nan,nan,nan,nan,-0.022903,-0.125529,-0.027788,nan,-0.223634,0,-0.414054,-0.465087,nan,-1.0949,-0.449714,-0.5904,1.47446,0.505867,-1.20027,-0.0390667,0.796667,-0.5
2501,-7.80087,966.429,0.00134056,0.25,0.0416667,0.086079,0.805891,0.324306,-0.00838704,-1.39554,5.92593e-05,0.0101995,0.22409,14259.6,0.525534,0.336202,-0.4,0.25,983.788,3.07323e+07,0.829306,0.105525,0.659514,0.00322452,-0.591862,0.966429,-0.195686,nan,nan,nan,nan,-0.0330374,-0.188241,-0.0390304,nan,-0.239848,0,-0.435275,-0.520856,nan,-1.60231,-0.496308,-0.677143,1.4967,0.694286,-1.32343,-0.0448571,1.31429,-0.5
2502,3.59454,1000,0.00588366,0.416667,0,0.0878384,0.808378,0.39363,-0.0100431,-1.39893,5.92593e-05,0.0126531,0.224033,13049.5,0.606374,0.335271,-0.4,0.25,984.73,3.07446e+07,1.01148,0.110691,0.714096,0.00237799,-0.596613,1,-0.15906,nan,nan,nan,nan,-0.0259578,-0.148051,-0.0325081,nan,-0.244522,0,-0.453847,-0.531368,nan,-1.35784,-0.497955,-0.6411,1.59801,0.5944,-1.3204,-0.0396,1.1975,nan
2503,9.94133,981.571,0.00430729,0.541667,0.0416667,0.0868457,0.830849,0.407666,-0.0100508,-1.40304,5.92593e-05,0.0117701,0.224005,12673.7,0.639589,0.329979,-0.4,0.25,985.702,3.07569e+07,1.09979,0.0998116,0.689371,0.00278754,-0.584644,0.981571,-0.183443,nan,nan,nan,nan,-0.0297616,-0.175373,-0.0358284,nan,-0.242791,0,-0.445028,-0.525013,nan,-1.21417,-0.491655,-0.613286,1.58233,0.654857,-1.26714,-0.0401429,1.27054,-0.5
2504,-2.64663,901.286,0.00101351,0.708333,0.166667,0.0867737,0.813786,0.391073,-0.00952856,-1.40536,5.92593e-05,0.0152218,0.224001,12107,0.599679,0.415274,-0.4,0.25,986.718,3.07692e+07,0.877831,0.102835,0.61422,0.00280703,-0.535068,0.901286,-0.176419,nan,nan,nan,nan,-0.0278161,-0.158369,-0.0346382,nan,-0.221179,0,-0.408711,-0.475767,nan,-1.33536,-0.454268,-0.602143,1.4473,0.629333,-1.20267,-0.044,1.06369,-0.5
2505,-9.61574,898.667,0.00176775,0.583333,0.166667,0.0855164,0.82403,0.295726,-0.00871333,-1.40776,5.92593e-05,0.0119391,0.223951,14033.2,0.596813,0.278823,-0.4,0.25,987.596,3.07814e+07,0.857626,0.0965216,0.62572,0.00282509,-0.532381,0.898667,-0.162311,nan,nan,nan,nan,-0.0244784,-0.130527,-0.0300994,nan,-0.219385,0,-0.407232,-0.458724,nan,-1.31986,-0.443339,-0.604,1.43133,0.525111,-1.19956,-0.0415556,0.765972,-0.5
2506,5.29078,862.9,0.00295049,0.333333,0.0833333,0.0874205,0.812292,0.345724,-0.0089422,-1.41178,5.92593e-05,0.00805855,0.223891,13365.1,0.578288,0.341118,-0.4,0.25,988.517,3.07937e+07,0.951993,0.099603,0.619995,0.00223108,-0.496392,0.8629,-0.14648,nan,nan,nan,nan,-0.0180611,-0.0945373,-0.024423,nan,-0.20586,0,-0.395172,-0.425647,nan,-0.933947,-0.406885,-0.5094,1.42328,0.4668,-1.1328,-0.0298,0.66375,-0.5
2507,13.5826,1000,0.00759619,0.416667,0,0.0849436,0.816733,0.330199,-0.00912734,-1.41526,5.92593e-05,0.00937837,0.223841,13409.6,0.584256,0.332101,-0.4,0.25,989.434,3.0806e+07,1.17195,0.117608,0.712649,0.00239205,-0.594345,1,-0.1379,nan,nan,nan,nan,-0.0269357,-0.160523,-0.0296017,nan,-0.243719,0,-0.451757,-0.524119,nan,-1.01069,-0.497501,-0.615,1.63388,0.5412,-1.3016,-0.0306,1.12375,nan
2508,2.16338,953.462,0.00604817,0.5,0.0416667,0.0851097,0.800875,0.370876,-0.0096591,-1.41759,5.92593e-05,0.0156245,0.223818,13055.8,0.563,0.378192,-0.4,0.25,990.377,3.08183e+07,1.04853,0.109579,0.681981,0.00288,-0.56069,0.953462,-0.189446,nan,nan,nan,nan,-0.0238058,-0.130215,-0.0323194,nan,-0.230806,0,-0.432827,-0.475707,nan,-1.27955,-0.45899,-0.569077,1.55336,0.612923,-1.224,-0.0461538,0.8375,-0.5
2509,1.385,965.167,0.00554314,0.666667,0.0833333,0.0858405,0.795186,0.347152,-0.0107832,-1.41934,5.92593e-05,0.0126264,0.223767,14315.9,0.601275,0.25707,-0.4,0.25,991.237,3.08306e+07,1.05162,0.111872,0.678597,0.00256479,-0.564932,0.965167,-0.157089,nan,nan,nan,nan,-0.0233179,-0.130951,-0.0289367,nan,-0.234088,0,-0.439748,-0.474514,nan,-1.12321,-0.465841,-0.6075,1.57036,0.533111,-1.24711,-0.0405556,0.749306,-0.5
2510,8.53503,953,0.00712874,0.666667,0.0416667,0.0844425,0.798831,0.261084,-0.00920652,-1.42279,5.92593e-05,0.0118101,0.223707,13733.9,0.557669,0.337051,-0.4,0.25,992.133,3.08429e+07,1.08925,0.105402,0.681593,0.00198069,-0.56391,0.953,-0.121424,nan,nan,nan,nan,-0.0254928,-0.139011,-0.0273199,nan,-0.234793,0,-0.429606,-0.488383,nan,-0.926586,-0.480855,-0.611647,1.53538,0.442353,-1.25529,-0.0278824,0.979412,-0.5
2511,6.12663,979.727,0.00518363,0.416667,0.0416667,0.0847398,0.796827,0.352956,-0.00864144,-1.42604,5.92593e-05,0.00968215,0.223663,14024.5,0.559578,0.316602,-0.4,0.25,993.011,3.08552e+07,1.10116,0.11218,0.715984,0.00243396,-0.57148,0.979727,-0.168545,nan,nan,nan,nan,-0.0228854,-0.122426,-0.0296701,nan,-0.235747,0,-0.448612,-0.490101,nan,-1.11599,-0.465649,-0.589636,1.62404,0.572364,-1.29709,-0.0414545,0.843182,-0.5
2512,3.58208,956.077,0.00434995,0.5,0.0416667,0.083708,0.792318,0.322449,-0.00850418,-1.42816,5.92593e-05,0.0102081,0.223671,14793.2,0.555725,0.274927,-0.4,0.25,993.843,3.08675e+07,0.864841,0.0877761,0.642365,0.00224585,-0.591794,0.956077,-0.137646,nan,nan,nan,nan,-0.0355188,-0.218391,-0.0355667,nan,-0.242075,0,-0.42527,-0.541411,nan,-1.19981,-0.520876,-0.688846,1.47697,0.550769,-1.30123,-0.0298462,1.60481,-0.5
2513,4.59037,1000,0.00564516,0.416667,0,0.0843113,0.784717,0.350595,-0.00911438,-1.42879,5.92593e-05,0.00643821,0.223655,14374.3,0.52647,0.328391,-0.4,0.25,994.699,3.08797e+07,1.14207,0.124412,0.726827,0.00281049,-0.573159,1,-0.17128,nan,nan,nan,nan,-0.0205916,-0.112373,-0.0283849,nan,-0.237994,0,-0.459265,-0.475236,nan,-1.24226,-0.464087,-0.5856,1.64583,0.5536,-1.2972,-0.0436,0.745,nan
2514,2.97583,963,0.00215737,0.5,0.0416667,0.087714,0.786469,0.26432,-0.0102354,-1.43135,5.92593e-05,0.0130652,0.223594,13381.4,0.584699,0.333592,-0.4,0.25,995.619,3.0892e+07,0.986517,0.105881,0.686574,0.00260147,-0.560234,0.963,-0.169062,nan,nan,nan,nan,-0.024766,-0.140536,-0.0301305,nan,-0.230599,0,-0.439659,-0.478887,nan,-1.18769,-0.459984,-0.588231,1.57784,0.576923,-1.27569,-0.0381538,0.911538,-0.5
2515,10.1335,1000,0.00653123,0.375,0,0.0863326,0.792061,0.24839,-0.00971646,-1.43547,5.92593e-05,0.011832,0.22354,13622.4,0.58512,0.316921,-0.4,0.25,996.522,3.09043e+07,1.06799,0.115847,0.708902,0.00229345,-0.592887,1,-0.150778,nan,nan,nan,nan,-0.0280082,-0.162726,-0.0312461,nan,-0.2444,0,-0.455505,-0.508418,nan,-1.05564,-0.49926,-0.652,1.60879,0.549333,-1.32622,-0.038,1.19861,nan
2516,0.0762956,966.471,0.00237056,0.666667,0.0416667,0.0864475,0.791819,0.277958,-0.0101422,-1.43821,5.92593e-05,0.0125246,0.22354,14153.3,0.57096,0.297248,-0.4,0.25,997.392,3.09166e+07,1.00229,0.112597,0.676943,0.00306278,-0.564385,0.966471,-0.178647,nan,nan,nan,nan,-0.0242775,-0.131529,-0.0323697,nan,-0.233831,0,-0.439231,-0.489782,nan,-1.37477,-0.469964,-0.608647,1.58223,0.609882,-1.26188,-0.0462353,0.935294,-0.5
2517,2.30546,1000,0.00493393,0.541667,0,0.0858419,0.798166,0.393613,-0.00824832,-1.43823,5.92593e-05,0.0136257,0.223536,14719.8,0.545979,0.288813,-0.4,0.25,998.228,3.09289e+07,0.953731,0.104717,0.698147,0.00257338,-0.583581,1,-0.168169,nan,nan,nan,nan,-0.0291555,-0.164471,-0.0345688,nan,-0.245503,0,-0.451081,-0.517203,nan,-1.32847,-0.499801,-0.663231,1.59395,0.611692,-1.32923,-0.0427692,1.20769,nan
2518,6.97173,1000,0.00553681,0.25,0,0.0842198,0.773788,0.321188,-0.00760744,-1.43971,5.92593e-05,0.00966974,0.223496,13181.6,0.58677,0.345441,-0.4,0.25,999.161,3.09412e+07,0.945843,0.0932888,0.681807,0.00252859,-0.613965,1,-0.170133,nan,nan,nan,nan,-0.0353483,-0.207215,-0.038049,nan,-0.250465,0,-0.451004,-0.564667,nan,-1.13875,-0.529287,-0.7045,1.57684,0.648667,-1.32267,-0.041,1.46667,nan
2519,2.24923,945.917,0.0029297,0.458333,0.0416667,0.0854475,0.778137,0.231867,-0.0104095,-1.44271,5.92593e-05,0.014587,0.223461,13968.1,0.558194,0.321524,-0.4,0.25,1000.04,3.09535e+07,1.00093,0.107553,0.684347,0.00266363,-0.554987,0.945917,-0.16475,nan,nan,nan,nan,-0.0241054,-0.133495,-0.0298905,nan,-0.228345,0,-0.428458,-0.48303,nan,-1.21243,-0.458849,-0.602,1.5239,0.543333,-1.25967,-0.0453333,0.970833,-0.5
2520,2.04024,1000,0.00384715,0.416667,0,0.0852209,0.773117,0.213325,-0.00826938,-1.44531,5.92593e-05,0.00777006,0.223431,13869.1,0.564953,0.321046,-0.4,0.25,1000.93,3.09658e+07,0.974906,0.112882,0.698605,0.00298315,-0.584225,1,-0.19336,nan,nan,nan,nan,-0.0273176,-0.157067,-0.0363197,nan,-0.242977,0,-0.451882,-0.508557,nan,-1.31806,-0.489517,-0.6552,1.63217,0.6628,-1.3116,-0.045,1.03875,nan
2521,7.83956,1000,0.00403798,0.625,0,0.0851976,0.778908,0.25047,-0.00928447,-1.44777,5.92593e-05,0.0159741,0.223383,14806.8,0.541571,0.28832,-0.4,0.25,1001.76,3.0978e+07,1.11675,0.122386,0.737005,0.00235876,-0.581343,1,-0.159547,nan,nan,nan,nan,-0.0234093,-0.132274,-0.0294361,nan,-0.240132,0,-0.458195,-0.490543,nan,-1.16837,-0.477366,-0.5986,1.63593,0.552533,-1.28053,-0.0377333,0.9025,nan
2522,3.11946,953.154,0.00277894,0.458333,0.0833333,0.0847892,0.779768,0.317333,-0.00995086,-1.45154,5.92593e-05,0.0145725,0.223319,14070.5,0.555104,0.318213,-0.4,0.25,1002.64,3.09903e+07,1.03354,0.111042,0.677844,0.00267439,-0.556166,0.953154,-0.172108,nan,nan,nan,nan,-0.0231227,-0.128368,-0.0301676,nan,-0.229956,0,-0.434531,-0.477968,nan,-1.19372,-0.461402,-0.573923,1.55257,0.569538,-1.21846,-0.0435385,0.875962,-0.5
2523,-1.04234,1000,0.00484632,0.333333,0,0.0844275,0.777645,0.282012,-0.00857221,-1.45541,5.92593e-05,0.00862864,0.223288,13880,0.564036,0.321269,-0.4,0.25,1003.52,3.10026e+07,1.01079,0.122269,0.689237,0.00321121,-0.58923,1,-0.184825,nan,nan,nan,nan,-0.0271574,-0.148733,-0.0350392,nan,-0.242713,0,-0.453115,-0.512833,nan,-1.43387,-0.488278,-0.638625,1.61936,0.636,-1.337,-0.04625,1.00469,nan
2524,4.05622,902.312,0.00370597,0.583333,0.0833333,0.0860969,0.782672,0.37147,-0.0107376,-1.45724,5.92593e-05,0.0196397,0.22327,13057.8,0.598425,0.342619,-0.4,0.25,1004.47,3.10149e+07,0.958202,0.10004,0.644098,0.00258377,-0.525791,0.902312,-0.16745,nan,nan,nan,nan,-0.0246246,-0.133779,-0.0303561,nan,-0.217971,0,-0.412052,-0.464457,nan,-1.15208,-0.436365,-0.557438,1.4656,0.55825,-1.1695,-0.03875,0.964844,-0.5
2525,0.31135,983.148,0.00185559,1.08333,0.0416667,0.086639,0.785243,0.260502,-0.0099252,-1.45943,5.92593e-05,0.0173252,0.223231,14707.7,0.528865,0.306614,-0.4,0.25,1005.3,3.10272e+07,0.986358,0.110098,0.69944,0.00286585,-0.572059,0.983148,-0.185341,nan,nan,nan,nan,-0.0248838,-0.136451,-0.0330918,nan,-0.237293,0,-0.445837,-0.499414,nan,-1.31624,-0.479127,-0.620667,1.59788,0.615556,-1.27067,-0.042963,0.902778,-0.5
2526,5.05891,1000,0.00231207,0.75,0,0.0836841,0.775902,0.275535,-0.00894614,-1.46243,5.92593e-05,0.0111006,0.223194,13740.1,0.576746,0.31757,-0.4,0.25,1006.2,3.10395e+07,1.10372,0.125276,0.721615,0.00265415,-0.578378,1,-0.172278,nan,nan,nan,nan,-0.0238182,-0.136314,-0.0311092,nan,-0.239981,0,-0.456076,-0.493187,nan,-1.25023,-0.474854,-0.580333,1.6464,0.573778,-1.286,-0.0437778,0.845833,nan
2527,-0.287267,1000,0.00229981,0.375,0,0.0868137,0.776993,0.358257,-0.0100942,-1.46363,5.92593e-05,0.0108964,0.223222,12999.6,0.582294,0.362963,-0.4,0.25,1007.14,3.10518e+07,1.02814,0.108456,0.695521,0.00328165,-0.577294,1,-0.201111,nan,nan,nan,nan,-0.0250858,-0.13528,-0.0352497,nan,-0.243226,0,-0.454693,-0.500509,nan,-1.4402,-0.484479,-0.651667,1.59947,0.664444,-1.31333,-0.0515556,1,nan
2528,6.32772,944.467,0.00103744,0.583333,0.0416667,0.0844596,0.783523,0.272746,-0.00918544,-1.46293,5.92593e-05,0.0118764,0.223231,14369.1,0.587143,0.268028,-0.4,0.25,1008,3.10641e+07,0.980681,0.10624,0.670454,0.00242773,-0.562847,0.944467,-0.14948,nan,nan,nan,nan,-0.0299951,-0.173737,-0.032642,nan,-0.232903,0,-0.425814,-0.506257,nan,-1.16852,-0.484727,-0.6324,1.49957,0.547467,-1.23947,-0.0328,1.27,-0.5
2529,5.9422,917.875,0.00517647,0.291667,0.0416667,0.0846232,0.777784,0.309858,-0.0100585,-1.46478,5.92593e-05,0.0135433,0.223186,14990.3,0.536258,0.283471,-0.4,0.25,1008.82,3.10764e+07,0.920247,0.101618,0.632728,0.00259442,-0.553637,0.917875,-0.1621,nan,nan,nan,nan,-0.0302801,-0.176479,-0.033882,nan,-0.227207,0,-0.413268,-0.50366,nan,-1.19912,-0.478237,-0.595875,1.46804,0.583,-1.208,-0.03475,1.35,-0.5
2530,2.81994,1000,0.00497892,0.416667,0,0.0840614,0.770995,0.225153,-0.00921239,-1.46839,5.92593e-05,0.0106079,0.223123,12571.1,0.598616,0.378865,-0.4,0.25,1009.8,3.10886e+07,1.00558,0.11087,0.697249,0.00329434,-0.584688,1,-0.21122,nan,nan,nan,nan,-0.0279674,-0.152117,-0.0377232,nan,-0.244062,0,-0.452394,-0.516153,nan,-1.26813,-0.493193,-0.6519,1.62121,0.7264,-1.2852,-0.0526,0.95375,nan
2531,2.73565,1000,0.0046489,0.375,0,0.0831868,0.779299,0.325695,-0.00939044,-1.47185,5.92593e-05,0.0143978,0.223062,13421.3,0.586452,0.329109,-0.4,0.25,1010.72,3.11009e+07,1.03393,0.108959,0.698702,0.00302263,-0.586134,1,-0.183133,nan,nan,nan,nan,-0.0269859,-0.150703,-0.0343227,nan,-0.243946,0,-0.448682,-0.51831,nan,-1.28497,-0.501881,-0.650667,1.62812,0.601333,-1.35467,-0.0417778,1.08889,nan
2532,7.98032,1000,0.00670104,0.458333,0,0.0818387,0.782898,0.247416,-0.00869819,-1.47535,5.92593e-05,0.00649346,0.223008,13977.3,0.571427,0.307714,-0.4,0.25,1011.6,3.11132e+07,1.01559,0.122123,0.70716,0.00298989,-0.591477,1,-0.1876,nan,nan,nan,nan,-0.0290887,-0.165243,-0.0348512,nan,-0.242886,0,-0.451341,-0.517627,nan,-1.30223,-0.491982,-0.620727,1.63721,0.626909,-1.32509,-0.0414545,1.28864,nan
2533,5.70455,1000,0.00428702,0.625,0,0.0841635,0.79464,0.286482,-0.00940601,-1.47929,5.92593e-05,0.00970164,0.222952,15070.8,0.545824,0.269526,-0.4,0.25,1012.42,3.11255e+07,1.1318,0.123729,0.714211,0.00303665,-0.576678,1,-0.187107,nan,nan,nan,nan,-0.0234599,-0.133214,-0.0320656,nan,-0.239153,-6.66667e-05,-0.45595,-0.495851,nan,-1.28704,-0.474729,-0.6026,1.67263,0.601067,-1.31493,-0.0484,0.91,nan
2534,1.30251,932.05,-0.000405816,0.75,0.0833333,0.0860284,0.788032,0.3433,-0.0100528,-1.48253,5.92593e-05,0.0112407,0.222911,17060.4,0.486715,0.23355,-0.4,0.25,1013.14,3.11378e+07,0.919638,0.104502,0.660231,0.00271107,-0.552374,0.93205,-0.17078,nan,nan,nan,nan,-0.0264288,-0.150087,-0.033009,nan,-0.2273,0,-0.42143,-0.486555,nan,-1.28138,-0.464475,-0.5883,1.49831,0.5928,-1.2102,-0.0403,1.0575,-0.5
2535,4.2337,1000,0.00380004,0.416667,0,0.0854152,0.785257,0.285045,-0.00838226,-1.48386,5.92593e-05,0.00780407,0.222931,14201.1,0.509311,0.355974,-0.4,0.25,1014,3.11501e+07,0.981483,0.112618,0.712227,0.00273898,-0.58441,1,-0.16282,nan,nan,nan,nan,-0.026062,-0.156044,-0.0319768,nan,-0.241623,0,-0.458495,-0.519527,nan,-1.25878,-0.486077,-0.6321,1.61688,0.5684,-1.2872,-0.0388,1.10125,nan
2536,-1.09751,1000,0.00604997,0.416667,0,0.0846742,0.805134,0.354572,-0.00837366,-1.48265,5.92593e-05,0.00643748,0.222976,13579.3,0.589505,0.315403,-0.4,0.25,1014.91,3.11624e+07,1.02564,0.115156,0.723663,0.00322066,-0.578779,1,-0.20246,nan,nan,nan,nan,-0.0239796,-0.131586,-0.0337513,nan,-0.24022,0,-0.455049,-0.494429,nan,-1.39956,-0.472894,-0.6117,1.65275,0.6556,-1.2868,-0.0572,0.7575,nan
2537,7.54669,922.857,0.006767,0.25,0.0416667,0.0855004,0.793683,0.317327,-0.0101645,-1.48221,5.92593e-05,0.0162465,0.222969,13843,0.567085,0.320584,-0.4,0.25,1015.8,3.11747e+07,1.04384,0.106772,0.655175,0.00275381,-0.528094,0.922857,-0.179371,nan,nan,nan,nan,-0.0250551,-0.136547,-0.0321303,nan,-0.223132,0,-0.419373,-0.451296,nan,-1.14239,-0.445056,-0.522857,1.51182,0.637714,-1.17657,-0.0431429,0.892857,-0.5
2538,5.91765,908.615,0.00314937,0.458333,0.0833333,0.084499,0.811192,0.24751,-0.010446,-1.48479,5.92593e-05,0.00812654,0.222919,15008.5,0.561581,0.257155,-0.4,0.25,1016.62,3.11869e+07,0.919284,0.101227,0.635992,0.00230842,-0.541012,0.908615,-0.137431,nan,nan,nan,nan,-0.0271988,-0.156928,-0.0300286,nan,-0.22379,0,-0.411452,-0.479684,nan,-0.981627,-0.462598,-0.598385,1.44751,0.501231,-1.21723,-0.0298462,1.15385,-0.5
2539,5.46162,965.667,0.00423241,0.333333,0.0416667,0.0838981,0.808593,0.380319,-0.0101784,-1.48853,5.92593e-05,0.0153177,0.222873,15566.8,0.527066,0.262307,-0.4,0.25,1017.41,3.11992e+07,1.08448,0.119844,0.696359,0.00255647,-0.564488,0.965667,-0.159178,nan,nan,nan,nan,-0.0252982,-0.147672,-0.0286343,nan,-0.234035,0,-0.440157,-0.494192,nan,-1.22305,-0.468623,-0.585,1.58962,0.540444,-1.29111,-0.0422222,1.03333,-0.5
2540,10.3714,958.917,0.00251684,0.458333,0.0416667,0.0850375,0.80037,0.388917,-0.010043,-1.49076,5.92593e-05,0.012546,0.22287,16950.8,0.492109,0.232812,-0.4,0.25,1018.14,3.12115e+07,1.10177,0.112516,0.668832,0.00271184,-0.549181,0.958917,-0.175983,nan,nan,nan,nan,-0.0255587,-0.14247,-0.032385,nan,-0.229263,0,-0.437864,-0.476466,nan,-1.06602,-0.454479,-0.59175,1.57508,0.609,-1.22467,-0.0458333,0.983333,-0.5
2541,4.87428,885.615,0.00482528,0.416667,0.125,0.0845011,0.802049,0.320639,-0.00911136,-1.49158,5.92593e-05,0.0149936,0.222839,14262.3,0.52218,0.339393,-0.4,0.25,1019,3.12238e+07,0.93607,0.0927037,0.606075,0.00284589,-0.526357,0.885615,-0.171815,nan,nan,nan,nan,-0.0280709,-0.159395,-0.0331743,nan,-0.216285,0,-0.400424,-0.472882,nan,-1.2158,-0.445433,-0.558923,1.42746,0.595692,-1.16708,-0.0446154,1.25288,-0.5
2542,2.92172,961.167,0.00581485,0.458333,0.0416667,0.0851989,0.797465,0.295709,-0.00987183,-1.49416,5.92593e-05,0.00946722,0.222805,13057.3,0.624955,0.316127,-0.4,0.25,1019.94,3.12361e+07,1.0885,0.120979,0.695274,0.00254349,-0.55323,0.961167,-0.169183,nan,nan,nan,nan,-0.0199105,-0.107836,-0.0288382,nan,-0.227074,0,-0.439153,-0.473871,nan,-1.15369,-0.44748,-0.572,1.60685,0.558667,-1.25367,-0.043,0.642708,-0.5
2543,3.4272,964.111,0.00444972,0.333333,0.0416667,0.0857713,0.785553,0.269522,-0.00985245,-1.49626,5.92593e-05,0.0133769,0.222773,13918.7,0.564569,0.318271,-0.4,0.25,1020.83,3.12484e+07,0.954865,0.108359,0.675525,0.00254721,-0.558228,0.964111,-0.164822,nan,nan,nan,nan,-0.0248038,-0.145553,-0.0312052,nan,-0.231198,0,-0.439745,-0.47981,nan,-1.15826,-0.464803,-0.616667,1.58499,0.564,-1.26622,-0.0364444,0.990278,-0.5
2544,3.14472,926.5,0.00496189,0.375,0.0416667,0.0845223,0.785092,0.386599,-0.00974536,-1.49912,5.92593e-05,0.0138298,0.222738,15219.5,0.556966,0.250417,-0.4,0.25,1021.63,3.12607e+07,1.07458,0.109847,0.673681,0.00249026,-0.523185,0.9265,-0.15938,nan,nan,nan,nan,-0.0197079,-0.106585,-0.0268594,nan,-0.219488,0,-0.423472,-0.439151,nan,-1.24429,-0.42979,-0.5322,1.54231,0.514,-1.2104,-0.0436,0.6175,-0.5
2545,2.73305,964.81,0.00811294,0.833333,0.0416667,0.080817,0.77169,0.250692,-0.00954518,-1.50072,5.92593e-05,0.0109507,0.222727,15949.6,0.532793,0.237636,-0.4,0.25,1022.41,3.1273e+07,1.04569,0.115838,0.662423,0.00325643,-0.559568,0.96481,-0.2006,nan,nan,nan,nan,-0.0243617,-0.13155,-0.0343267,nan,-0.230878,0,-0.438894,-0.473445,nan,-1.25445,-0.458908,-0.609286,1.60747,0.670095,-1.2379,-0.0454286,0.790476,-0.5
2546,5.02931,1000,0.00901385,0.541667,0,0.0817579,0.792366,0.271909,-0.00877137,-1.50177,5.92593e-05,0.00963358,0.222739,16513.3,0.504645,0.239484,-0.4,0.25,1023.15,3.12852e+07,1.10236,0.117875,0.715509,0.00297036,-0.573003,1,-0.1826,nan,nan,nan,nan,-0.023022,-0.127262,-0.0310802,nan,-0.23763,0,-0.456798,-0.487114,nan,-1.26571,-0.464626,-0.590077,1.66664,0.624,-1.30185,-0.0476923,0.810577,nan
2547,7.07133,1000,0.00652034,0.708333,0,0.084291,0.789204,0.358878,-0.00924343,-1.50298,5.92593e-05,0.013168,0.222716,16669.4,0.499201,0.237959,-0.4,0.25,1023.89,3.12975e+07,1.07753,0.118947,0.69563,0.00291504,-0.576804,1,-0.182541,nan,nan,nan,nan,-0.024573,-0.130596,-0.0320875,nan,-0.240151,0,-0.454038,-0.496771,nan,-1.11221,-0.481139,-0.637588,1.65611,0.613176,-1.30871,-0.0423529,0.908824,nan
2548,4.83432,974.444,0.00361605,0.333333,0.0416667,0.0854912,0.794738,0.302039,-0.0084773,-1.50569,5.92593e-05,0.0146423,0.222666,16903.6,0.488001,0.238944,-0.4,0.25,1024.62,3.13098e+07,1.03503,0.109266,0.657375,0.00321955,-0.56833,0.974444,-0.210667,nan,nan,nan,nan,-0.0293068,-0.157671,-0.0381195,nan,-0.237935,0,-0.438241,-0.498773,nan,-1.30592,-0.483318,-0.625333,1.58966,0.706222,-1.26,-0.0493333,1.125,-0.5
2549,1.86333,1000,0.00431895,0.5,0,0.0847347,0.803188,0.307073,-0.0101508,-1.50877,5.92593e-05,0.0131129,0.222625,16664.4,0.493178,0.244204,-0.4,0.25,1025.36,3.13221e+07,1.01902,0.115793,0.710648,0.00286312,-0.577974,1,-0.182583,nan,nan,nan,nan,-0.0240184,-0.137481,-0.0330982,nan,-0.238742,0,-0.454165,-0.49794,nan,-1.38911,-0.479024,-0.60525,1.64019,0.621,-1.29033,-0.0451667,0.938542,nan
2550,5.42729,919.833,0.00123264,0.666667,0.0833333,0.0871845,0.797366,0.300817,-0.00963729,-1.51146,5.92593e-05,0.0110674,0.222577,16507.2,0.492328,0.252075,-0.4,0.25,1026.1,3.13344e+07,1.00565,0.113352,0.664984,0.0022123,-0.532724,0.919833,-0.143167,nan,nan,nan,nan,-0.0216945,-0.122698,-0.0272307,nan,-0.221035,0,-0.41826,-0.463798,nan,-1.09645,-0.439592,-0.533667,1.5089,0.519556,-1.20467,-0.0346667,0.852083,-0.5
2551,6.92744,1000,0.00595432,0.666667,0,0.081668,0.797674,0.197456,-0.00988317,-1.51441,5.92593e-05,0.0143618,0.22253,16388.9,0.511765,0.23801,-0.4,0.25,1026.85,3.13467e+07,1.08085,0.118118,0.708892,0.00294471,-0.580559,1,-0.183425,nan,nan,nan,nan,-0.0276598,-0.157453,-0.0338576,nan,-0.241079,0,-0.454089,-0.504112,nan,-1.31459,-0.485966,-0.6255,1.62683,0.6295,-1.28775,-0.047375,1.12266,nan
2552,5.80956,1000,0.00618179,0.625,0,0.0838231,0.794029,0.318116,-0.00886842,-1.51803,5.92593e-05,0.0118693,0.222478,16689.3,0.490405,0.245875,-0.4,0.25,1027.59,3.1359e+07,1.0553,0.128936,0.710908,0.00290494,-0.57538,1,-0.182067,nan,nan,nan,nan,-0.0257957,-0.144833,-0.0336871,nan,-0.240786,0,-0.454406,-0.495004,nan,-1.2753,-0.481858,-0.599,1.64774,0.626133,-1.29893,-0.0444,0.97,nan
2553,6.16456,935.167,0.00480282,0.458333,0.0416667,0.0851348,0.802961,0.371843,-0.00989531,-1.5219,5.92593e-05,0.0185728,0.222425,16664,0.496339,0.241058,-0.4,0.25,1028.33,3.13713e+07,1.04314,0.115508,0.644907,0.00296104,-0.54256,0.935167,-0.162717,nan,nan,nan,nan,-0.0246311,-0.13663,-0.0308779,nan,-0.22427,0,-0.425102,-0.46168,nan,-1.28445,-0.450139,-0.57575,1.54835,0.57,-1.21967,-0.0401667,0.961458,-0.5
2554,6.76911,975.25,0.00724732,0.458333,0.0416667,0.0828834,0.802336,0.338857,-0.00939859,-1.52557,5.92593e-05,0.00924663,0.22235,16777.9,0.483056,0.249338,-0.4,0.25,1029.06,3.13836e+07,1.10299,0.115727,0.699181,0.00283911,-0.566941,0.97525,-0.169767,nan,nan,nan,nan,-0.0250534,-0.139273,-0.0311953,nan,-0.234219,0,-0.443797,-0.492044,nan,-1.14156,-0.470552,-0.604,1.60263,0.578667,-1.287,-0.0396667,0.947917,-0.5
2555,4.79536,958.846,0.00510547,0.5,0.0416667,0.0830392,0.79448,0.325983,-0.00913089,-1.53032,5.92593e-05,0.0145817,0.222292,16444.8,0.507306,0.239923,-0.4,0.25,1029.81,3.13958e+07,1.00485,0.101341,0.649501,0.00318864,-0.563224,0.958846,-0.182215,nan,nan,nan,nan,-0.0292371,-0.16853,-0.0359526,nan,-0.232103,-0.000230769,-0.432948,-0.495296,nan,-1.39269,-0.472434,-0.576462,1.56802,0.637846,-1.24554,-0.0444615,1.22596,-0.5
2556,5.95798,916.7,0.00549709,0.375,0.0416667,0.0845409,0.790865,0.314351,-0.00867863,-1.53269,5.92593e-05,0.00918956,0.222273,16812.5,0.493024,0.237859,-0.4,0.25,1030.54,3.14081e+07,0.951186,0.11191,0.655054,0.00287795,-0.53928,0.9167,-0.1762,nan,nan,nan,nan,-0.0270284,-0.15104,-0.035002,nan,-0.223861,0,-0.416775,-0.462761,nan,-1.1556,-0.453821,-0.5949,1.45029,0.6456,-1.1588,-0.0394,1.04875,-0.5
2557,5.67435,1000,0.0058907,0.5,0,0.0875514,0.816896,0.341065,-0.010409,-1.53426,5.92593e-05,0.00962976,0.222279,16851.7,0.490586,0.238598,-0.4,0.25,1031.28,3.14204e+07,1.12007,0.121926,0.723154,0.00279942,-0.575966,1,-0.162317,nan,nan,nan,nan,-0.0243471,-0.137173,-0.0301335,nan,-0.238554,0,-0.455396,-0.497425,nan,-1.3032,-0.470186,-0.58825,1.64608,0.586,-1.289,-0.0433333,0.898958,nan
2558,1.10173,1000,0.00679605,0.5,0,0.0819363,0.796969,0.265408,-0.00930883,-1.53569,3.95062e-05,0.020153,0.22226,16947.2,0.484919,0.240156,-0.4,0.25,1032,3.14327e+07,0.995942,0.114893,0.716548,0.0030876,-0.579289,1,-0.189567,nan,nan,nan,nan,-0.0250978,-0.139899,-0.0334538,nan,-0.240858,0,-0.454725,-0.502796,nan,-1.41006,-0.481926,-0.61,1.63058,0.641667,-1.28,-0.0468333,0.946875,nan
2559,-2.66229,982.417,0.00796882,0.458333,0.0416667,0.0830832,0.802307,0.357049,-0.00784919,-1.53761,3.95062e-05,0.0102018,0.222232,16785.5,0.487694,0.244368,-0.4,0.25,1032.73,3.1445e+07,1.06902,0.133985,0.702896,0.00357786,-0.562234,0.982417,-0.21905,nan,nan,nan,nan,-0.022561,-0.121976,-0.0334963,nan,-0.230657,0,-0.448992,-0.470835,nan,-1.58821,-0.449122,-0.55975,1.64358,0.727667,-1.261,-0.0523333,0.665625,-0.5
2560,4.52039,908.857,0.00768091,0.25,0.0416667,0.0832519,0.812349,0.24537,-0.00903924,-1.53997,3.95062e-05,0.00792886,0.222191,16737.3,0.491218,0.242952,-0.4,0.25,1033.47,3.14573e+07,0.956265,0.10986,0.6232,0.00251656,-0.530641,0.908857,-0.153086,nan,nan,nan,nan,-0.0265097,-0.144805,-0.0314159,nan,-0.2193,0,-0.414104,-0.478509,nan,-1.1347,-0.44746,-0.568714,1.46313,0.539429,-1.20686,-0.0354286,1.08571,-0.5
2561,4.73112,1000,0.00888627,0.416667,0,0.0822917,0.799628,0.295018,-0.00913421,-1.54279,3.95062e-05,0.012809,0.222152,16237.3,0.51174,0.245035,-0.4,0.25,1034.23,3.14696e+07,1.05165,0.115253,0.701934,0.00336827,-0.570371,1,-0.19946,nan,nan,nan,nan,-0.0267214,-0.152648,-0.0351131,nan,-0.240101,0,-0.456296,-0.497991,nan,-1.36305,-0.476503,-0.6189,1.64436,0.6996,-1.2924,-0.0488,0.99875,nan
2562,5.07061,1000,0.00791654,0.583333,0,0.0807563,0.794873,0.251913,-0.0077318,-1.5459,3.95062e-05,0.0101704,0.222095,16178.6,0.515008,0.244514,-0.4,0.25,1034.99,3.14819e+07,1.0544,0.1205,0.705178,0.00281553,-0.575955,1,-0.174343,nan,nan,nan,nan,-0.025409,-0.147653,-0.0320603,nan,-0.238924,0,-0.455536,-0.50271,nan,-1.34337,-0.477125,-0.613071,1.6518,0.575429,-1.286,-0.0415714,1.05714,nan
2563,8.70604,946.769,0.00850431,0.5,0.0416667,0.0838162,0.781055,0.348723,-0.00963207,-1.54925,3.95062e-05,0.0107444,0.222058,16792.5,0.492361,0.239395,-0.4,0.25,1035.72,3.14941e+07,1.07708,0.118496,0.678713,0.00268717,-0.535475,0.946769,-0.165462,nan,nan,nan,nan,-0.0218728,-0.119534,-0.0287369,nan,-0.22523,0,-0.432359,-0.454246,nan,-1.00812,-0.44242,-0.528,1.56362,0.564,-1.19815,-0.0372308,0.719231,-0.5
2564,0.575651,914.4,0.00812794,0.375,0.0416667,0.0811755,0.79693,0.387362,-0.00949797,-1.55126,3.95062e-05,0.00552618,0.22202,16734.3,0.49313,0.24117,-0.4,0.25,1036.46,3.15064e+07,0.90663,0.105092,0.634659,0.00309373,-0.530651,0.9144,-0.17806,nan,nan,nan,nan,-0.0250616,-0.138573,-0.031722,nan,-0.218296,0,-0.414945,-0.461295,nan,-1.37688,-0.433353,-0.5508,1.50379,0.6232,-1.2048,-0.0414,0.99375,-0.5
2565,3.2341,907.357,0.00497829,0.458333,0.125,0.0854708,0.796726,0.308378,-0.00758773,-1.55282,3.95062e-05,0.0083214,0.222005,16923.4,0.485815,0.240282,-0.4,0.25,1037.19,3.15187e+07,0.960363,0.109625,0.62128,0.00286151,-0.525765,0.907357,-0.162657,nan,nan,nan,nan,-0.0262056,-0.140046,-0.0311907,nan,-0.2201,0,-0.413071,-0.463148,nan,-1.11152,-0.444548,-0.583071,1.47147,0.575714,-1.16914,-0.0375714,0.948214,-0.5
2566,6.22879,1000,0.0108877,0.708333,0,0.0819819,0.801509,0.329266,-0.00800998,-1.55444,3.95062e-05,0.0114232,0.221965,16836.8,0.488796,0.241036,-0.4,0.25,1037.92,3.1531e+07,1.03572,0.119526,0.68579,0.00295871,-0.569601,1,-0.176129,nan,nan,nan,nan,-0.0264392,-0.148033,-0.0334723,nan,-0.239516,0,-0.456794,-0.50003,nan,-1.23611,-0.477053,-0.620824,1.63483,0.615059,-1.30188,-0.0414118,1.04485,nan
2567,3.59643,992.519,0.00583779,1.08333,0.0416667,0.0822723,0.80984,0.374904,-0.00920133,-1.55722,3.95062e-05,0.00929177,0.221935,16679.3,0.498664,0.238057,-0.4,0.25,1038.65,3.15433e+07,1.06925,0.118049,0.692566,0.00317831,-0.571693,0.992519,-0.191304,nan,nan,nan,nan,-0.0239595,-0.130464,-0.0329513,nan,-0.236745,0,-0.452799,-0.48898,nan,-1.28076,-0.466994,-0.609333,1.64264,0.632593,-1.2843,-0.0520741,0.869907,-0.5
2568,6.17073,1000,0.00828665,0.583333,0,0.0848932,0.794699,0.31727,-0.00854575,-1.55857,3.95062e-05,0.00786252,0.221917,17006.5,0.484038,0.238511,-0.4,0.25,1039.38,3.15556e+07,1.09874,0.113076,0.694002,0.00307727,-0.575326,1,-0.186086,nan,nan,nan,nan,-0.0251633,-0.140315,-0.0332032,nan,-0.239956,0,-0.454963,-0.494314,nan,-1.30059,-0.475078,-0.606214,1.64149,0.634571,-1.28943,-0.0432857,0.9875,nan
2569,5.62964,930.933,0.00755578,0.541667,0.0833333,0.0838631,0.791732,0.238531,-0.00816544,-1.56052,3.95062e-05,0.00744232,0.221902,17071.5,0.4811,0.238697,-0.4,0.25,1040.1,3.15679e+07,0.935823,0.105476,0.638954,0.00272869,-0.542953,0.930933,-0.15608,nan,nan,nan,nan,-0.0295726,-0.172859,-0.0333016,nan,-0.226047,0,-0.422851,-0.484725,nan,-1.22149,-0.460278,-0.5972,1.50576,0.5864,-1.22267,-0.0370667,1.24917,-0.5
2570,3.81203,927.818,0.00666232,0.375,0.0833333,0.0830053,0.806035,0.339083,-0.00879472,-1.56294,3.95062e-05,0.0142096,0.221846,16892.4,0.486348,0.241078,-0.4,0.25,1040.83,3.15802e+07,1.00566,0.100706,0.626006,0.0027874,-0.540635,0.927818,-0.1596,nan,nan,nan,nan,-0.0254735,-0.139315,-0.0309399,nan,-0.222598,0,-0.421675,-0.489693,nan,-1.23431,-0.448833,-0.581727,1.52697,0.574182,-1.24909,-0.0387273,1.1,-0.5
2571,2.3727,879.538,0.00239681,0.458333,0.0833333,0.0849577,0.799496,0.304487,-0.00814814,-1.56673,3.95062e-05,0.0127529,0.221802,16689.8,0.483971,0.252286,-0.4,0.25,1041.57,3.15924e+07,0.858498,0.0994716,0.59207,0.00282319,-0.512277,0.879538,-0.156292,nan,nan,nan,nan,-0.0289812,-0.163269,-0.0330198,nan,-0.214906,-0.000153846,-0.399389,-0.46076,nan,-1.25868,-0.438971,-0.574615,1.41636,0.579385,-1.14677,-0.0396923,1.19519,-0.5
2572,1.88391,1000,0.00786105,0.375,0,0.0844189,0.802056,0.308926,-0.00889363,-1.56874,3.95062e-05,0.00894529,0.221784,16969.6,0.480469,0.24365,-0.4,0.25,1042.29,3.16047e+07,0.978607,0.107841,0.689882,0.00292822,-0.58307,1,-0.169356,nan,nan,nan,nan,-0.0282653,-0.162335,-0.034426,nan,-0.242395,0,-0.453227,-0.527469,nan,-1.35516,-0.493066,-0.651333,1.63243,0.612889,-1.312,-0.0391111,1.12083,nan
2573,2.93607,986.625,0.0115192,0.291667,0.0416667,0.0825014,0.803462,0.325727,-0.00774266,-1.5697,3.95062e-05,0.00673141,0.221786,16837.1,0.487456,0.242361,-0.4,0.25,1043.02,3.1617e+07,1.00757,0.118069,0.693488,0.00230261,-0.568456,0.986625,-0.142925,nan,nan,nan,nan,-0.0247606,-0.144694,-0.0294081,nan,-0.23623,0,-0.452336,-0.506373,nan,-1.24201,-0.476718,-0.621,1.61197,0.5145,-1.278,-0.03825,1.03594,-0.5
2574,6.36276,1000,0.00795872,0.5,0,0.0833583,0.799297,0.341691,-0.00824059,-1.56936,3.95062e-05,0.0103195,0.221817,16881,0.489062,0.238855,-0.4,0.25,1043.75,3.16293e+07,1.01834,0.110989,0.67996,0.00289827,-0.592547,1,-0.1552,nan,nan,nan,nan,-0.0321881,-0.192604,-0.0355911,nan,-0.245067,0,-0.45221,-0.541221,nan,-1.2972,-0.511543,-0.65625,1.60079,0.59,-1.317,-0.0385,1.38229,nan
2575,11.1587,954.611,0.00619446,0.708333,0.0416667,0.0826702,0.776453,0.257649,-0.00783023,-1.56814,3.95062e-05,0.0100941,0.221839,16785.6,0.495137,0.236917,-0.4,0.25,1044.49,3.16416e+07,1.09085,0.115963,0.677546,0.00300739,-0.548435,0.954611,-0.169756,nan,nan,nan,nan,-0.0262102,-0.148907,-0.0319511,nan,-0.228399,0,-0.435957,-0.477371,nan,-1.16546,-0.455428,-0.5935,1.57051,0.612667,-1.24244,-0.0392222,1.12361,-0.5
2576,8.13895,1000,0.0105289,0.5,0,0.0825374,0.785566,0.308972,-0.00824322,-1.56873,3.95062e-05,0.011097,0.221816,16492.8,0.487189,0.257863,-0.4,0.25,1045.23,3.16539e+07,1.12145,0.116614,0.714393,0.00284383,-0.570099,1,-0.175667,nan,nan,nan,nan,-0.0236337,-0.127652,-0.0326567,nan,-0.237435,0,-0.456322,-0.493158,nan,-1.21026,-0.468626,-0.60625,1.66366,0.597,-1.306,-0.045,0.94375,nan
2577,9.99786,970.6,0.00794039,0.375,0.0416667,0.0841108,0.789802,0.42691,-0.00782748,-1.57116,3.95062e-05,0.008506,0.221793,13672.1,0.547087,0.351676,-0.4,0.25,1046.13,3.16662e+07,1.02097,0.109242,0.654885,0.00259277,-0.56223,0.9706,-0.1461,nan,nan,nan,nan,-0.0296137,-0.165381,-0.0315041,nan,-0.235046,0,-0.442297,-0.510026,nan,-1.16771,-0.479493,-0.6279,1.5876,0.5436,-1.276,-0.0338,1.3675,-0.5
2578,8.01049,927,0.0074458,0.25,0.0833333,0.0839683,0.789016,0.390986,-0.0089068,-1.57234,3.95062e-05,0.0100092,0.22179,13340.4,0.59762,0.323491,-0.4,0.25,1047.05,3.16785e+07,1.04363,0.103654,0.636842,0.0028497,-0.535632,0.927,-0.16605,nan,nan,nan,nan,-0.0267118,-0.149649,-0.031875,nan,-0.222474,0,-0.423452,-0.473777,nan,-1.04585,-0.449314,-0.619875,1.52758,0.6135,-1.202,-0.036,1.05313,-0.5
2579,10.1405,997.8,0.0074131,0.375,0.0416667,0.0835375,0.792446,0.228852,-0.00878796,-1.57323,3.95062e-05,0.00597652,0.221789,13859.8,0.55217,0.334424,-0.4,0.25,1047.94,3.16908e+07,1.08092,0.113247,0.685595,0.00300285,-0.57929,0.9978,-0.1797,nan,nan,nan,nan,-0.0291227,-0.158345,-0.0349303,nan,-0.240068,0,-0.451879,-0.51664,nan,-1.13029,-0.48578,-0.6528,1.60276,0.6532,-1.3188,-0.0406,1.23875,-0.5
2580,8.08818,957.8,0.00712224,0.375,0.0416667,0.0837947,0.791537,0.399516,-0.00759111,-1.57421,3.95062e-05,0.0143849,0.221784,14713.2,0.567843,0.267327,-0.4,0.25,1048.78,3.1703e+07,1.0342,0.0985261,0.655062,0.00272115,-0.554145,0.9578,-0.1548,nan,nan,nan,nan,-0.0291343,-0.162034,-0.0336545,nan,-0.232945,0,-0.436541,-0.488319,nan,-1.15153,-0.472527,-0.6249,1.54608,0.5824,-1.2508,-0.0398,1.20875,-0.5
2581,8.12642,910.6,0.00591792,0.5,0.125,0.0841084,0.789296,0.414452,-0.00861886,-1.57522,3.95062e-05,0.00970122,0.221771,13501.8,0.569357,0.340744,-0.4,0.25,1049.69,3.17153e+07,0.965603,0.105835,0.61817,0.00251154,-0.52752,0.9106,-0.139973,nan,nan,nan,nan,-0.0291802,-0.163465,-0.0323125,nan,-0.222676,0,-0.412732,-0.489035,nan,-1.01575,-0.461499,-0.6034,1.44408,0.5392,-1.22507,-0.0337333,1.27667,-0.5
2582,1.07179,937.643,0.00830523,0.5,0.0833333,0.0858678,0.788369,0.398068,-0.00837884,-1.57657,3.95062e-05,0.0110564,0.221747,13997.5,0.561058,0.316815,-0.4,0.25,1050.57,3.17276e+07,0.986918,0.113786,0.644999,0.00280364,-0.543341,0.937643,-0.167557,nan,nan,nan,nan,-0.0244362,-0.135644,-0.031181,nan,-0.224348,-0.000142857,-0.428167,-0.459026,nan,-1.28933,-0.446108,-0.587786,1.52644,0.595143,-1.21,-0.041,0.905357,-0.5
2583,5.20615,1000,0.00978897,0.625,0,0.0848026,0.784746,0.419998,-0.00848752,-1.57838,3.95062e-05,0.0104746,0.221733,13145.5,0.616549,0.318219,-0.4,0.25,1051.51,3.17399e+07,1.09219,0.1199,0.717579,0.00284091,-0.570804,1,-0.17816,nan,nan,nan,nan,-0.0228866,-0.126371,-0.0312006,nan,-0.236565,0,-0.456415,-0.48584,nan,-1.29173,-0.463354,-0.6086,1.65215,0.6248,-1.29333,-0.0397333,0.855833,nan
2584,-4.46661,990.429,0.00369511,0.25,0.0416667,0.0861553,0.7882,0.383229,-0.00851659,-1.57903,3.95062e-05,0.0103521,0.221721,15033.3,0.543792,0.273591,-0.4,0.25,1052.32,3.17522e+07,0.925,0.113101,0.68657,0.00360476,-0.570473,0.990429,-0.207543,nan,nan,nan,nan,-0.0292752,-0.163959,-0.0379027,nan,-0.237165,0,-0.452032,-0.490085,nan,-1.57642,-0.474744,-0.667286,1.6242,0.686857,-1.30057,-0.0474286,1.07321,-0.5
2585,11.1078,923.273,0.00617537,0.416667,0.0416667,0.0834678,0.783865,0.377755,-0.00873653,-1.57992,3.95062e-05,0.00834956,0.22171,16890.8,0.492431,0.235065,-0.4,0.25,1053.05,3.17645e+07,1.07215,0.101276,0.630516,0.00209324,-0.527259,0.923273,-0.140691,nan,nan,nan,nan,-0.0243304,-0.139532,-0.0289862,nan,-0.222825,0,-0.421982,-0.487048,nan,-1.0585,-0.446842,-0.575182,1.51603,0.513455,-1.21636,-0.0305455,1.06591,-0.5
2586,16.3501,1000,0.00713671,0.333333,0,0.0857022,0.799568,0.289663,-0.00842274,-1.58052,3.95062e-05,0.0125381,0.2217,13328.6,0.561272,0.360657,-0.4,0.25,1053.98,3.17768e+07,1.14632,0.1131,0.706372,0.00249338,-0.578532,1,-0.1261,nan,nan,nan,nan,-0.026641,-0.15895,-0.0292087,nan,-0.241987,0,-0.451454,-0.527359,nan,-0.976951,-0.491265,-0.608625,1.62717,0.4795,-1.3465,-0.02825,1.33438,nan
2587,8.7592,958.062,0.00783514,0.625,0.0416667,0.0847998,0.786707,0.267236,-0.00752708,-1.58221,3.95062e-05,0.00685274,0.221675,13621.7,0.581361,0.320728,-0.4,0.25,1054.88,3.17891e+07,1.15135,0.123252,0.688783,0.00287497,-0.542626,0.958062,-0.165937,nan,nan,nan,nan,-0.0217389,-0.12097,-0.0290085,nan,-0.225273,0,-0.440004,-0.464443,nan,-1.10981,-0.439961,-0.584813,1.58806,0.53925,-1.24775,-0.044,0.853906,-0.5
2588,5.64866,1000,0.0102821,0.583333,0,0.0839561,0.78989,0.217332,-0.00790336,-1.58512,3.95062e-05,0.0104671,0.221621,13886,0.557661,0.32726,-0.4,0.25,1055.77,3.18013e+07,1.02855,0.115532,0.673579,0.00314152,-0.579679,1,-0.182171,nan,nan,nan,nan,-0.0297782,-0.170303,-0.0354285,nan,-0.241365,0,-0.455892,-0.519893,nan,-1.31795,-0.486405,-0.651857,1.62896,0.666286,-1.31714,-0.0412857,1.19554,nan
2589,6.22167,1000,0.00903544,0.708333,0,0.0856874,0.801501,0.342459,-0.00857982,-1.58926,3.95062e-05,0.0109289,0.221571,15166.8,0.538163,0.272027,-0.4,0.25,1056.58,3.18136e+07,1.0576,0.115588,0.68698,0.00317199,-0.572251,1,-0.1784,nan,nan,nan,nan,-0.0275919,-0.156453,-0.035142,nan,-0.239661,0,-0.455142,-0.506489,nan,-1.30827,-0.480002,-0.625588,1.63641,0.645176,-1.30141,-0.0408235,1.09338,nan
2590,2.63373,920.25,0.00664059,0.291667,0.0416667,0.0863073,0.802695,0.279803,-0.00780966,-1.59136,3.95062e-05,0.00952061,0.221547,16418.7,0.495515,0.252899,-0.4,0.25,1057.33,3.18259e+07,1.0944,0.113548,0.65348,0.00319751,-0.52714,0.92025,-0.1997,nan,nan,nan,nan,-0.0219009,-0.110932,-0.0311441,nan,-0.217737,0,-0.421538,-0.42759,nan,-1.22777,-0.424192,-0.565875,1.53214,0.654,-1.156,-0.04375,0.598437,-0.5
2591,9.41331,965.588,0.00887025,0.666667,0.0416667,0.0866384,0.800415,0.361811,-0.00841885,-1.59246,3.95062e-05,0.0113091,0.221531,17030.2,0.485334,0.236207,-0.4,0.25,1058.05,3.18382e+07,1.07803,0.122311,0.682522,0.00249647,-0.554185,0.965588,-0.151894,nan,nan,nan,nan,-0.0231281,-0.132869,-0.0288703,nan,-0.230172,0,-0.440823,-0.479168,nan,-1.1653,-0.458445,-0.589765,1.58985,0.544,-1.24165,-0.0349412,0.977941,-0.5
2592,13.544,978.222,0.00590167,0.708333,0.0416667,0.0847157,0.780961,0.2392,-0.00905081,-1.59296,3.95062e-05,0.0122938,0.221534,16786.2,0.48558,0.246449,-0.4,0.25,1058.78,3.18505e+07,0.976683,0.111697,0.67327,0.00264061,-0.574754,0.978222,-0.146733,nan,nan,nan,nan,-0.0323835,-0.192543,-0.0348474,nan,-0.238213,0,-0.44419,-0.515663,nan,-1.14902,-0.490399,-0.652667,1.56638,0.598222,-1.29,-0.0365556,1.59583,-0.5
2593,7.37236,943.091,0.00394529,0.416667,0.0416667,0.0832817,0.785282,0.23511,-0.0090245,-1.59366,3.95062e-05,0.0104485,0.221513,13442.4,0.569678,0.344442,-0.4,0.25,1059.7,3.18628e+07,1.01867,0.10948,0.671361,0.00239388,-0.54237,0.943091,-0.142691,nan,nan,nan,nan,-0.0264972,-0.156456,-0.0295127,nan,-0.226026,0,-0.431131,-0.484178,nan,-1.12741,-0.455954,-0.590182,1.53008,0.530909,-1.24618,-0.0321818,1.09886,-0.5
2594,9.65657,976.6,0.00433264,0.583333,0.0416667,0.0850222,0.784692,0.320252,-0.00746995,-1.59552,3.95062e-05,0.00587678,0.221497,13583.8,0.584347,0.320261,-0.4,0.25,1060.61,3.18751e+07,1.02904,0.106492,0.674803,0.00282112,-0.560486,0.9766,-0.154773,nan,nan,nan,nan,-0.0269573,-0.152135,-0.0322151,nan,-0.234036,0,-0.445472,-0.498663,nan,-1.18597,-0.467546,-0.6258,1.59426,0.5752,-1.272,-0.0386667,1.25167,-0.5
2595,10.2054,1000,0.00694318,0.666667,0,0.0826857,0.803238,0.358556,-0.00788912,-1.59721,3.95062e-05,0.0106554,0.221467,14029.4,0.556556,0.319316,-0.4,0.25,1061.48,3.18874e+07,1.08552,0.118573,0.706969,0.00247544,-0.569396,1,-0.143775,nan,nan,nan,nan,-0.024849,-0.144787,-0.0295532,nan,-0.237501,0,-0.457806,-0.493959,nan,-1.1034,-0.469079,-0.629625,1.63122,0.546,-1.29125,-0.0355,1.05,nan
2596,4.05048,913.1,0.00428778,0.375,0.0416667,0.0862279,0.799372,0.333714,-0.0081666,-1.59945,3.95062e-05,0.00933233,0.221441,15033,0.533681,0.283723,-0.4,0.25,1062.3,3.18996e+07,1.01321,0.118092,0.629829,0.00311974,-0.522017,0.9131,-0.16288,nan,nan,nan,nan,-0.0207535,-0.11186,-0.0284425,nan,-0.215539,0,-0.419869,-0.439473,nan,-1.09931,-0.420879,-0.5712,1.52734,0.5732,-1.1708,-0.0436,0.70125,-0.5
2597,5.83533,922.857,0.0043189,0.5,0.0833333,0.084438,0.781222,0.266252,-0.00830943,-1.60163,3.95062e-05,0.00884219,0.221401,16152,0.518757,0.242015,-0.4,0.25,1063.06,3.19119e+07,0.994571,0.106138,0.639872,0.00251291,-0.529773,0.922857,-0.148757,nan,nan,nan,nan,-0.0252053,-0.145617,-0.0286811,nan,-0.220573,0,-0.420327,-0.464103,nan,-1.16113,-0.441448,-0.587571,1.51643,0.550571,-1.206,-0.037,1.04643,-0.5
2598,11.8806,1000,0.00654545,0.291667,0,0.0836579,0.794604,0.319661,-0.00769344,-1.60425,3.95062e-05,0.0102914,0.221378,14243,0.510872,0.35187,-0.4,0.25,1063.93,3.19242e+07,1.1347,0.13025,0.705805,0.00257137,-0.575024,1,-0.146971,nan,nan,nan,nan,-0.0257078,-0.152832,-0.0287427,nan,-0.235814,0,-0.457709,-0.482348,nan,-0.980347,-0.470419,-0.627857,1.63641,0.537714,-1.32743,-0.0368571,0.994643,nan
2599,8.43268,1000,0.0103095,0.541667,0,0.082303,0.788377,0.32595,-0.00880339,-1.60585,3.95062e-05,0.0119605,0.221368,13484.4,0.581784,0.329494,-0.4,0.25,1064.84,3.19365e+07,1.07904,0.118462,0.702093,0.00243572,-0.577122,1,-0.136508,nan,nan,nan,nan,-0.0261773,-0.148509,-0.0292845,nan,-0.23914,0,-0.455493,-0.491131,nan,-1.16862,-0.482622,-0.642231,1.61797,0.499385,-1.32215,-0.0364615,1.15769,nan
2600,13.1169,1000,0.00739142,0.625,0,0.0833078,0.789034,0.331346,-0.00815018,-1.60721,3.95062e-05,0.00783529,0.221365,13788.7,0.569331,0.321835,-0.4,0.25,1065.73,3.19488e+07,1.13036,0.118394,0.711382,0.00282982,-0.581898,1,-0.15836,nan,nan,nan,nan,-0.0282842,-0.165252,-0.0327782,nan,-0.240799,0,-0.455556,-0.511038,nan,-1.11768,-0.487069,-0.6154,1.62826,0.581867,-1.3312,-0.0369333,1.245,nan
2601,6.15276,917.833,0.00691914,0.208333,0.0416667,0.0834294,0.798656,0.25527,-0.00784676,-1.608,3.95062e-05,0.0112072,0.221355,16551.9,0.50749,0.234902,-0.4,0.25,1068.18,3.19611e+07,1.03026,0.127879,0.665855,0.00212389,-0.518623,0.917833,-0.114967,nan,nan,nan,nan,-0.0145124,-0.0728812,-0.020582,nan,-0.213497,0,-0.421718,-0.416886,nan,-1.05815,-0.40344,-0.514,1.5205,0.418,-1.16133,-0.031,0.49375,-0.5
2602,6.45389,1000,0.00796183,0.458333,0,0.0823174,0.783725,0.263702,-0.00846514,-1.60988,3.95062e-05,0.00810966,0.221324,13915.8,0.507892,0.375134,-0.4,0.25,1069.07,3.19734e+07,1.02574,0.111435,0.687006,0.00309553,-0.5861,1,-0.172745,nan,nan,nan,nan,-0.0310722,-0.188561,-0.0363671,nan,-0.241822,0,-0.452508,-0.515326,nan,-1.22864,-0.496662,-0.669818,1.62131,0.608,-1.34436,-0.0403636,1.27045,nan
2603,-1.15624,1000,0.00830659,0.333333,0,0.0812065,0.803225,0.272962,-0.00804034,-1.6125,3.95062e-05,0.00971805,0.221287,13515.2,0.580874,0.328327,-0.4,0.25,1069.98,3.19857e+07,0.915833,0.120372,0.676695,0.00376809,-0.56649,1,-0.218125,nan,nan,nan,nan,-0.0253752,-0.133978,-0.0377908,nan,-0.23874,0,-0.456947,-0.485632,nan,-1.35694,-0.464667,-0.667125,1.61658,0.731,-1.269,-0.06375,0.8625,nan
2604,3.54395,970.786,0.00642702,0.5,0.0833333,0.0817141,0.78812,0.375194,-0.00763669,-1.61522,3.95062e-05,0.0079572,0.221239,13987.3,0.555299,0.323209,-0.4,0.25,1070.86,3.1998e+07,0.905372,0.110706,0.664314,0.00297097,-0.563781,0.970786,-0.170129,nan,nan,nan,nan,-0.028593,-0.168358,-0.0339182,nan,-0.234159,0,-0.440604,-0.511351,nan,-1.22531,-0.475873,-0.657,1.56241,0.598,-1.26943,-0.0445714,1.25714,-0.5
2605,0.902272,982.438,0.00388433,0.625,0.0416667,0.0839536,0.797611,0.359134,-0.00839326,-1.61725,3.95062e-05,0.00944662,0.221237,14004.2,0.581926,0.295526,-0.4,0.25,1071.74,3.20102e+07,0.981832,0.105898,0.670656,0.00315993,-0.566112,0.982437,-0.19815,nan,nan,nan,nan,-0.0286301,-0.157409,-0.0357942,nan,-0.234329,0,-0.448272,-0.493609,nan,-1.37822,-0.469839,-0.675563,1.57537,0.678,-1.28325,-0.053375,1.10156,-0.5
2606,-3.19471,972.4,0.0064323,0.375,0.0416667,0.0858071,0.780653,0.259077,-0.0075962,-1.61737,3.95062e-05,0.0106901,0.221233,14353.2,0.533298,0.322815,-0.4,0.25,1072.59,3.20225e+07,0.98391,0.117235,0.685839,0.00345311,-0.551763,0.9724,-0.21386,nan,nan,nan,nan,-0.026196,-0.144247,-0.0347591,nan,-0.23169,0,-0.444107,-0.476677,nan,-1.51741,-0.455978,-0.6072,1.60411,0.6816,-1.2396,-0.0548,0.84,-0.5
2607,10.5416,1000,0.00663479,0.541667,0,0.0839157,0.793719,0.291206,-0.00747561,-1.61863,3.95062e-05,0.00970013,0.221228,13100,0.596711,0.341302,-0.4,0.25,1073.53,3.20348e+07,1.03869,0.108557,0.689341,0.00299152,-0.580419,1,-0.171954,nan,nan,nan,nan,-0.0312848,-0.191121,-0.0344069,nan,-0.241065,0,-0.456251,-0.511639,nan,-1.17883,-0.492571,-0.677308,1.60342,0.626769,-1.324,-0.0441538,1.39231,nan
2608,12.6466,1000,0.00436336,0.75,0,0.0862151,0.794156,0.332671,-0.00893225,-1.62005,3.95062e-05,0.00988243,0.221206,13296.8,0.582345,0.341787,-0.4,0.25,1074.46,3.20471e+07,1.15543,0.119528,0.731644,0.00282718,-0.575275,1,-0.155633,nan,nan,nan,nan,-0.0265345,-0.154979,-0.0307627,nan,-0.23768,0,-0.455316,-0.493155,nan,-1.27913,-0.476169,-0.605833,1.644,0.574889,-1.32267,-0.0393333,1.18542,nan
2609,4.95281,962.462,0.00434969,1,0.0833333,0.0839332,0.802003,0.293457,-0.00908768,-1.62239,3.95062e-05,0.0104915,0.221174,14049.1,0.542803,0.331842,-0.4,0.25,1075.33,3.20594e+07,1.00975,0.109786,0.666358,0.0025737,-0.553773,0.962462,-0.165392,nan,nan,nan,nan,-0.0258942,-0.144999,-0.0311595,nan,-0.230034,-3.84615e-05,-0.438703,-0.487731,nan,-1.14374,-0.460042,-0.627692,1.56337,0.570308,-1.25846,-0.0443077,1.01346,-0.5
2610,9.64898,939.143,0.00867415,0.541667,0.0416667,0.0849542,0.801501,0.451397,-0.00793985,-1.62438,3.95062e-05,0.0067134,0.22115,13456.7,0.573119,0.340031,-0.4,0.25,1076.25,3.20717e+07,1.00688,0.116421,0.651742,0.00260605,-0.53813,0.939143,-0.150943,nan,nan,nan,nan,-0.0261689,-0.153198,-0.0297766,nan,-0.224682,0,-0.426527,-0.475233,nan,-1.10603,-0.451203,-0.596357,1.52434,0.549429,-1.22829,-0.0372857,1.17143,-0.5
2611,3.49165,967.692,0.00773472,0.5,0.0416667,0.0855674,0.801392,0.316599,-0.00812426,-1.62646,3.95062e-05,0.00742766,0.221118,13850.6,0.569078,0.318107,-0.4,0.25,1077.14,3.2084e+07,1.03084,0.117967,0.673677,0.00285184,-0.551386,0.967692,-0.183954,nan,nan,nan,nan,-0.0263703,-0.152416,-0.0316129,nan,-0.228269,0,-0.440679,-0.470566,nan,-1.34022,-0.453175,-0.601846,1.59352,0.620615,-1.25631,-0.0476923,0.990385,-0.5
2612,-7.40173,941.9,0.00778471,0.375,0.0416667,0.0862887,0.797029,0.354245,-0.00889194,-1.62929,3.95062e-05,0.00962863,0.221081,15204.8,0.547504,0.26066,-0.4,0.25,1077.95,3.20963e+07,0.878366,0.102031,0.639227,0.00330813,-0.549506,0.9419,-0.19342,nan,nan,nan,nan,-0.0287438,-0.166612,-0.0357396,nan,-0.227579,0,-0.426631,-0.473601,nan,-1.51268,-0.462704,-0.6618,1.48805,0.6688,-1.2636,-0.0454,1.00625,-0.5
2613,-2.7252,1000,0.00877938,0.583333,0,0.0841235,0.79523,0.331317,-0.00839254,-1.63201,3.95062e-05,0.0112491,0.221054,12909.5,0.600559,0.351297,-0.4,0.25,1078.9,3.21085e+07,1.05044,0.125486,0.692986,0.00331265,-0.567658,1,-0.219743,nan,nan,nan,nan,-0.0245781,-0.132444,-0.0349811,nan,-0.235066,0,-0.456882,-0.469267,nan,-1.46841,-0.458248,-0.646286,1.63165,0.71,-1.28514,-0.0585714,0.707143,nan
2614,2.34706,973.727,0.00969811,0.416667,0.0416667,0.0825595,0.797367,0.318636,-0.0085672,-1.63408,3.95062e-05,0.00546442,0.221026,13482.5,0.585601,0.325804,-0.4,0.25,1079.81,3.21208e+07,0.897038,0.103326,0.634095,0.00311801,-0.571846,0.973727,-0.179364,nan,nan,nan,nan,-0.0345622,-0.20207,-0.0390663,nan,-0.237134,0,-0.440741,-0.510683,nan,-1.40166,-0.490969,-0.694364,1.55159,0.673455,-1.32327,-0.0432727,1.49545,-0.5
2615,-5.36405,843.5,0.00690678,0.25,0.0833333,0.0838727,0.807197,0.325128,-0.00845528,-1.63559,3.95062e-05,0.0100907,0.221005,14573.8,0.559398,0.283758,-0.4,0.25,1080.66,3.21331e+07,0.845508,0.0954152,0.573006,0.00282261,-0.4801,0.8435,-0.182625,nan,nan,nan,nan,-0.0216992,-0.112394,-0.030157,nan,-0.198688,0,-0.385403,-0.409287,nan,-1.31273,-0.386468,-0.51825,1.36616,0.6145,-1.069,-0.0445,0.667188,-0.5
2616,13.1347,1000,0.00981756,0.375,0,0.083186,0.802609,0.286483,-0.00958812,-1.63669,3.95062e-05,0.0111419,0.221005,14105.2,0.529178,0.341989,-0.4,0.25,1081.53,3.21454e+07,1.15617,0.115067,0.718647,0.00324596,-0.577058,1,-0.183556,nan,nan,nan,nan,-0.0279772,-0.162361,-0.0335419,nan,-0.238532,0,-0.455477,-0.501393,nan,-1.16538,-0.476697,-0.631667,1.63397,0.641778,-1.31778,-0.0448889,1.20417,nan
2617,14.4674,963.19,0.0114891,0.833333,0.0416667,0.0828569,0.793342,0.256013,-0.00788274,-1.63775,3.95062e-05,0.00999292,0.220988,14047.3,0.55531,0.319449,-0.4,0.25,1082.41,3.21577e+07,1.05579,0.112932,0.673958,0.00240042,-0.562853,0.96319,-0.135952,nan,nan,nan,nan,-0.0295636,-0.177908,-0.0316914,nan,-0.232308,0,-0.439141,-0.508892,nan,-1.1287,-0.473265,-0.636,1.54548,0.51581,-1.27257,-0.0318095,1.48452,-0.5
2618,5.04242,1000,0.007748,0.375,0,0.0829952,0.792441,0.269936,-0.00747546,-1.63958,3.95062e-05,0.00920381,0.220963,14042.5,0.553222,0.321837,-0.4,0.25,1083.28,3.217e+07,1.12526,0.126224,0.707338,0.00295897,-0.56738,1,-0.179489,nan,nan,nan,nan,-0.0218871,-0.113434,-0.0301097,nan,-0.234403,0,-0.457834,-0.467461,nan,-1.23629,-0.450719,-0.593667,1.65068,0.610667,-1.25111,-0.0477778,0.680556,nan
2619,6.96362,1000,0.0122984,0.333333,0,0.0829141,0.797915,0.418194,-0.00788498,-1.64099,3.95062e-05,0.010277,0.220958,14296.3,0.552015,0.307508,-0.4,0.25,1084.14,3.21823e+07,1.08286,0.135485,0.726891,0.00303129,-0.558154,1,-0.18565,nan,nan,nan,nan,-0.0199082,-0.108724,-0.0298415,nan,-0.231337,0,-0.459007,-0.45046,nan,-1.26722,-0.445949,-0.573375,1.68829,0.6115,-1.2805,-0.046,0.75625,nan
2620,-0.280457,945.571,0.0106476,0.25,0.0416667,0.0821559,0.800588,0.410542,-0.00870258,-1.64144,3.95062e-05,0.00945333,0.220957,13744.7,0.555525,0.338493,-0.4,0.25,1085.04,3.21946e+07,0.996113,0.116252,0.653873,0.0034584,-0.541336,0.945571,-0.203543,nan,nan,nan,nan,-0.0267131,-0.152286,-0.0345493,nan,-0.224029,0,-0.431504,-0.472414,nan,-1.38058,-0.443866,-0.596143,1.5346,0.666286,-1.20571,-0.0585714,0.9125,-0.5
2621,9.11401,890.5,0.00598268,0.416667,0.0833333,0.0834387,0.806364,0.327169,-0.00939635,-1.64232,3.95062e-05,0.0092193,0.220935,13991.6,0.554108,0.324134,-0.4,0.25,1085.92,3.22068e+07,1.04149,0.112064,0.638244,0.00236599,-0.507918,0.8905,-0.136033,nan,nan,nan,nan,-0.0215456,-0.118169,-0.0258922,nan,-0.209574,0,-0.407876,-0.440899,nan,-0.942208,-0.41436,-0.55325,1.47105,0.482333,-1.16233,-0.0308333,0.871875,-0.5
2622,6.65647,997.25,0.00937266,0.458333,0.0416667,0.0827467,0.805939,0.314404,-0.00738711,-1.64364,3.95062e-05,0.0114535,0.220922,13661.4,0.576793,0.322673,-0.4,0.25,1086.82,3.22191e+07,1.08553,0.112626,0.700286,0.00289715,-0.5873,0.99725,-0.181667,nan,nan,nan,nan,-0.0303972,-0.176242,-0.0346086,nan,-0.23856,0,-0.452099,-0.514382,nan,-1.36894,-0.484054,-0.6405,1.61149,0.632,-1.31333,-0.0455,1.3,-0.5
2623,2.55923,983.692,0.0120867,0.5,0.0416667,0.0834503,0.798859,0.28317,-0.00836025,-1.64545,3.95062e-05,0.0152606,0.220858,14953.1,0.554501,0.267266,-0.4,0.25,1087.64,3.22314e+07,1.01335,0.120037,0.697475,0.00296576,-0.555869,0.983692,-0.173738,nan,nan,nan,nan,-0.0214723,-0.11868,-0.0293518,nan,-0.230558,-0.000230769,-0.449164,-0.465115,nan,-1.14627,-0.450537,-0.597923,1.6252,0.546462,-1.28031,-0.0458462,0.742308,-0.5
2624,3.76227,965.941,0.00762211,0.666667,0.0416667,0.0839021,0.77512,0.334686,-0.00820153,-1.64911,3.95062e-05,0.00915807,0.220803,15451.9,0.495584,0.299658,-0.4,0.25,1088.44,3.22437e+07,0.961394,0.113294,0.661219,0.00339191,-0.556445,0.965941,-0.206529,nan,nan,nan,nan,-0.0274525,-0.154921,-0.0361316,nan,-0.230548,0,-0.440054,-0.485061,nan,-1.37473,-0.458502,-0.628941,1.56092,0.693176,-1.26753,-0.0536471,1.17868,-0.5
2625,1.84328,990.143,0.00806779,0.541667,0.0416667,0.082876,0.793381,0.286314,-0.00818521,-1.65143,3.95062e-05,0.0127889,0.220762,13348.9,0.582828,0.3377,-0.4,0.25,1089.36,3.2256e+07,1.01751,0.117768,0.687994,0.00360618,-0.56959,0.990143,-0.213729,nan,nan,nan,nan,-0.0276528,-0.150067,-0.0370587,nan,-0.234824,0,-0.4504,-0.483371,nan,-1.40108,-0.467764,-0.658714,1.61296,0.696857,-1.27171,-0.0544286,1.02143,-0.5
2626,18.3657,1000,0.00976311,0.25,0,0.0831097,0.792181,0.297654,-0.00797437,-1.65401,3.95062e-05,0.0101663,0.220728,12684.5,0.569536,0.399206,-0.4,0.25,1090.33,3.22683e+07,1.09265,0.115403,0.736552,0.00151727,-0.577177,1,-0.0883,nan,nan,nan,nan,-0.0263397,-0.155261,-0.0242968,nan,-0.239183,0,-0.453926,-0.516798,nan,-0.835722,-0.489729,-0.5965,1.59448,0.388667,-1.33467,-0.021,1.34792,nan
2627,9.8585,931.667,0.00960459,0.333333,0.0416667,0.0818158,0.78187,0.349557,-0.00813848,-1.65618,3.95062e-05,0.00763654,0.220709,14193.6,0.560313,0.305427,-0.4,0.25,1091.2,3.22806e+07,0.956468,0.104051,0.638908,0.00221421,-0.538369,0.931667,-0.133333,nan,nan,nan,nan,-0.0237367,-0.134306,-0.0287726,nan,-0.222049,0,-0.426804,-0.46865,nan,-1.00302,-0.44263,-0.578333,1.52057,0.510667,-1.21244,-0.03,1.12639,-0.5
2628,10.0232,915.8,0.00423362,0.541667,0.0833333,0.0838337,0.793965,0.441204,-0.00750891,-1.65778,3.95062e-05,0.00844879,0.220695,15459.5,0.534338,0.260515,-0.4,0.25,1092,3.22929e+07,0.976164,0.10431,0.64949,0.00240338,-0.537567,0.9158,-0.145773,nan,nan,nan,nan,-0.0280857,-0.163502,-0.0311186,nan,-0.220402,0,-0.416281,-0.478091,nan,-1.06147,-0.450958,-0.5864,1.46597,0.545067,-1.21573,-0.036,1.28,-0.5
2629,13.0081,1000,0.00514789,0.666667,0,0.0877037,0.793314,0.349678,-0.00781089,-1.65894,3.95062e-05,0.00735882,0.22069,16727.6,0.486041,0.248552,-0.4,0.25,1092.73,3.23052e+07,1.08116,0.114541,0.708443,0.00241955,-0.577151,1,-0.1506,nan,nan,nan,nan,-0.0271738,-0.16207,-0.031138,nan,-0.238127,0,-0.457352,-0.510841,nan,-1.07152,-0.483175,-0.640125,1.61615,0.546,-1.32175,-0.034,1.28672,nan
2630,9.79653,951.118,0.0052184,0.666667,0.0416667,0.0851289,0.798293,0.223344,-0.00915463,-1.66015,3.95062e-05,0.00931079,0.220663,17142.1,0.481542,0.23529,-0.4,0.25,1093.45,3.23174e+07,1.08835,0.122513,0.686084,0.00274847,-0.546312,0.951118,-0.147482,nan,nan,nan,nan,-0.0231094,-0.131791,-0.0281638,nan,-0.224734,0,-0.432851,-0.456088,nan,-1.02556,-0.446966,-0.570706,1.55462,0.518118,-1.25012,-0.0358824,0.915441,-0.5
2631,14.9097,1000,0.00438829,0.375,0,0.0860394,0.801439,0.271378,-0.00952031,-1.66282,3.95062e-05,0.00947047,0.220624,13193.7,0.581923,0.349428,-0.4,0.25,1094.38,3.23297e+07,1.15008,0.113163,0.726546,0.00269717,-0.591014,1,-0.164178,nan,nan,nan,nan,-0.032608,-0.202125,-0.0342206,nan,-0.241234,0,-0.454115,-0.524551,nan,-1.1592,-0.502076,-0.654,1.62716,0.570667,-1.33689,-0.0444444,1.49583,nan
2632,5.41451,1000,0.00473719,0.375,0,0.0855048,0.79086,0.356066,-0.00865173,-1.66516,3.95062e-05,0.01147,0.220606,13534.9,0.578317,0.329558,-0.4,0.25,1095.29,3.2342e+07,1.07952,0.119013,0.712542,0.00303634,-0.582268,1,-0.178289,nan,nan,nan,nan,-0.0290546,-0.169585,-0.0350865,nan,-0.238252,0,-0.45781,-0.504017,nan,-1.41651,-0.483302,-0.652,1.60834,0.654222,-1.28622,-0.0457778,1.17222,nan
2633,-0.184932,1000,0.00760259,0.625,0,0.0820801,0.79034,0.388072,-0.00879828,-1.66685,3.95062e-05,0.0107134,0.220576,13747.6,0.569643,0.324184,-0.4,0.25,1096.19,3.23543e+07,1.01903,0.11616,0.696793,0.00332725,-0.577506,1,-0.1996,nan,nan,nan,nan,-0.0279071,-0.155547,-0.0355465,nan,-0.23822,0,-0.45437,-0.497959,nan,-1.4988,-0.480011,-0.6646,1.59388,0.690133,-1.2984,-0.0509333,1.05083,nan
2634,3.92472,942.85,0.00290896,0.75,0.0833333,0.0870763,0.796429,0.431294,-0.0088979,-1.66875,3.95062e-05,0.0175512,0.220557,14626.2,0.569027,0.271107,-0.4,0.25,1097.03,3.23666e+07,0.996868,0.108823,0.654576,0.00316772,-0.540531,0.94285,-0.17911,nan,nan,nan,nan,-0.0246926,-0.130559,-0.0315278,nan,-0.223372,0,-0.428559,-0.460147,nan,-1.26792,-0.441419,-0.60945,1.51726,0.6172,-1.2078,-0.0488,0.999375,-0.5
2635,9.99,909,0.00297022,0.583333,0.125,0.0872117,0.798773,0.331991,-0.00967699,-1.67019,3.95062e-05,0.00893655,0.220541,17018.5,0.486647,0.235393,-0.4,0.25,1097.75,3.23789e+07,1.01867,0.10397,0.645127,0.0022534,-0.529547,0.909,-0.125612,nan,nan,nan,nan,-0.0262221,-0.157211,-0.0282343,nan,-0.217378,0,-0.413754,-0.458616,nan,-0.961345,-0.445027,-0.606529,1.44958,0.477882,-1.22165,-0.0312941,1.20368,-0.5
2636,10.1047,1000,0.00949362,0.333333,0,0.0861734,0.794233,0.284447,-0.00808701,-1.67234,3.95062e-05,0.00872487,0.220491,14870.8,0.488359,0.33796,-0.4,0.25,1098.58,3.23912e+07,1.21458,0.126977,0.739519,0.0026698,-0.564108,1,-0.1609,nan,nan,nan,nan,-0.0204894,-0.111112,-0.0267525,nan,-0.233426,0,-0.45716,-0.467597,nan,-1.25743,-0.448843,-0.577125,1.64087,0.5465,-1.275,-0.0425,0.876562,nan
2637,9.41408,951.125,0.00775426,0.625,0.0416667,0.0818522,0.794211,0.276963,-0.00858202,-1.67602,3.95062e-05,0.00905758,0.220453,13342.6,0.582966,0.337996,-0.4,0.25,1099.5,3.24035e+07,1.02547,0.118046,0.665225,0.00288818,-0.55087,0.951125,-0.16715,nan,nan,nan,nan,-0.0273896,-0.156519,-0.0323786,nan,-0.227061,0,-0.431869,-0.489536,nan,-1.24694,-0.459908,-0.591188,1.54208,0.5975,-1.26075,-0.041625,1.28281,-0.5
2638,-2.87113,947.643,0.00943741,0.541667,0.0416667,0.0818018,0.785499,0.350913,-0.00856091,-1.67772,3.95062e-05,0.0107172,0.220463,13865.9,0.562654,0.323547,-0.4,0.25,1100.39,3.24157e+07,0.897434,0.110849,0.653758,0.00351663,-0.546656,0.947643,-0.2131,nan,nan,nan,nan,-0.0271278,-0.151323,-0.037138,nan,-0.225723,0,-0.430257,-0.462129,nan,-1.51161,-0.449468,-0.629143,1.52731,0.707714,-1.22686,-0.0535714,1.00804,-0.5
2639,12.6423,1000,0.00931338,0.541667,0,0.083022,0.783754,0.283219,-0.0086892,-1.6786,3.95062e-05,0.00997241,0.22045,14301.2,0.579825,0.279406,-0.4,0.25,1101.25,3.2428e+07,1.08522,0.106128,0.709796,0.00307614,-0.581417,1,-0.193692,nan,nan,nan,nan,-0.0296107,-0.171257,-0.0373636,nan,-0.24097,0,-0.453163,-0.513065,nan,-1.23998,-0.487933,-0.648,1.60181,0.662769,-1.32646,-0.0464615,1.43269,nan
2640,-3.42876,1000,0.00912189,0.291667,0,0.0848966,0.788195,0.340444,-0.00821354,-1.68033,3.95062e-05,0.00736467,0.220433,16266.5,0.521613,0.233806,-0.4,0.25,1102.01,3.24403e+07,0.888564,0.111296,0.684376,0.0039081,-0.577636,1,-0.238886,nan,nan,nan,nan,-0.0287976,-0.160501,-0.0406299,nan,-0.239135,0,-0.45379,-0.501469,nan,-1.63934,-0.480238,-0.669429,1.60684,0.774286,-1.29714,-0.0637143,1.15,nan
2641,8.77176,962.143,0.00783414,0.541667,0.0416667,0.0848522,0.79701,0.319555,-0.00845766,-1.68174,3.95062e-05,0.0112648,0.220412,16879.2,0.487159,0.240836,-0.4,0.25,1102.74,3.24526e+07,1.03039,0.114789,0.672735,0.00261781,-0.550921,0.962143,-0.150671,nan,nan,nan,nan,-0.0264308,-0.153587,-0.0305105,nan,-0.229995,0,-0.43863,-0.473539,nan,-1.07102,-0.462357,-0.592071,1.565,0.535429,-1.27429,-0.0387143,1.08393,-0.5
2642,8.16933,952.667,0.00583187,0.583333,0.0416667,0.0865995,0.799543,0.354046,-0.00874372,-1.68322,3.95062e-05,0.0119259,0.220408,14583.7,0.497812,0.344773,-0.4,0.25,1103.58,3.24649e+07,1.03428,0.11459,0.684617,0.0027279,-0.548234,0.952667,-0.163413,nan,nan,nan,nan,-0.0230413,-0.123818,-0.0305577,nan,-0.224144,0,-0.436599,-0.462539,nan,-1.11614,-0.442794,-0.594,1.54167,0.564,-1.21867,-0.0421333,0.973333,-0.5
2643,11.5401,1000,0.00755671,0.25,0,0.0852843,0.778978,0.316657,-0.00676731,-1.68408,3.95062e-05,0.0094975,0.220404,13355.7,0.583481,0.336578,-0.4,0.25,1104.5,3.24772e+07,1.17941,0.125285,0.727815,0.00347163,-0.574304,1,-0.200767,nan,nan,nan,nan,-0.0289921,-0.165048,-0.0366069,nan,-0.235909,0,-0.458531,-0.496726,nan,-1.34913,-0.471947,-0.607,1.66532,0.693333,-1.30533,-0.0456667,1.15833,nan
2644,3.06357,944.167,0.00934661,0.458333,0.0416667,0.0864624,0.793818,0.422737,-0.00874662,-1.68542,3.95062e-05,0.00826339,0.220385,13785.1,0.55832,0.333077,-0.4,0.25,1105.4,3.24895e+07,0.976045,0.110126,0.652118,0.00322969,-0.544939,0.944167,-0.189767,nan,nan,nan,nan,-0.0277172,-0.157037,-0.0348211,nan,-0.225786,0,-0.429443,-0.472865,nan,-1.32842,-0.453658,-0.622,1.53007,0.629667,-1.22133,-0.0521667,1.10938,-0.5
2645,10.7965,998.3,0.00986204,0.375,0.0416667,0.0863253,0.808576,0.321115,-0.00729534,-1.68687,3.95062e-05,0.0082707,0.220374,13660.6,0.56999,0.329532,-0.4,0.25,1106.3,3.25018e+07,1.12797,0.120415,0.707716,0.00258037,-0.569999,0.9983,-0.14652,nan,nan,nan,nan,-0.0229525,-0.132654,-0.0283914,nan,-0.235744,0,-0.454812,-0.482143,nan,-1.12617,-0.467541,-0.6309,1.62697,0.5176,-1.2812,-0.0352,1.1025,-0.5
2646,17.6547,1000,0.0100655,0.5,0,0.0856518,0.809603,0.346849,-0.00817573,-1.68795,3.95062e-05,0.0153289,0.220369,15384,0.558024,0.240726,-0.4,0.25,1107.1,3.2514e+07,1.14726,0.114941,0.709491,0.00215461,-0.585193,1,-0.136333,nan,nan,nan,nan,-0.0297157,-0.172382,-0.03134,nan,-0.239753,0,-0.452375,-0.513413,nan,-1.00043,-0.494089,-0.64575,1.58908,0.517333,-1.299,-0.0331667,1.43542,nan
2647,8.14746,1000,0.0103026,0.625,0,0.0843566,0.800085,0.360225,-0.00801345,-1.68899,3.95062e-05,0.00503543,0.220362,16636,0.495652,0.242985,-0.4,0.25,1107.84,3.25263e+07,1.09979,0.125019,0.730321,0.00339736,-0.573351,1,-0.196933,nan,nan,nan,nan,-0.0261719,-0.150313,-0.0339622,nan,-0.235535,0,-0.45386,-0.488968,nan,-1.4094,-0.46843,-0.602,1.6355,0.653067,-1.3008,-0.05,1.15,nan
2648,10.6433,909.091,0.0072911,0.375,0.0833333,0.0848286,0.802621,0.325381,-0.00928958,-1.69025,3.95062e-05,0.0114723,0.220358,16693.1,0.488391,0.247721,-0.4,0.25,1108.57,3.25386e+07,1.01349,0.101914,0.663194,0.00239816,-0.519674,0.909091,-0.145182,nan,nan,nan,nan,-0.0233471,-0.131987,-0.0283794,nan,-0.214899,0,-0.416673,-0.454706,nan,-1.05034,-0.427341,-0.528818,1.47787,0.533091,-1.17564,-0.0314545,1.07045,-0.5
2649,10.1732,1000,0.00750233,0.541667,0,0.0864969,0.79775,0.364785,-0.00872929,-1.69167,3.95062e-05,0.0124566,0.220339,16935.6,0.484639,0.240933,-0.4,0.25,1109.3,3.25509e+07,1.09014,0.11228,0.707077,0.00280058,-0.57912,1,-0.171215,nan,nan,nan,nan,-0.0300187,-0.174591,-0.0341679,nan,-0.239403,0,-0.452464,-0.512094,nan,-1.30583,-0.483961,-0.636692,1.59942,0.625846,-1.32554,-0.0386154,1.35481,nan
2650,10.1122,966.667,0.00531531,0.958333,0.0416667,0.0848676,0.788896,0.274005,-0.00833844,-1.69346,3.95062e-05,0.0115672,0.22031,16744.5,0.493893,0.239961,-0.4,0.25,1110.04,3.25632e+07,1.05677,0.11376,0.701578,0.00280186,-0.556975,0.966667,-0.169317,nan,nan,nan,nan,-0.0252683,-0.140951,-0.0318924,nan,-0.228672,0,-0.440172,-0.477184,nan,-1.22199,-0.455907,-0.594875,1.58019,0.585833,-1.26267,-0.043,1.16771,-0.5
2651,9.46081,1000,0.00904209,0.708333,0,0.0858592,0.795526,0.382777,-0.00814295,-1.69477,3.95062e-05,0.00689597,0.220304,16088.9,0.520367,0.243389,-0.4,0.25,1110.8,3.25755e+07,1.08932,0.119817,0.722203,0.00262824,-0.576145,1,-0.152741,nan,nan,nan,nan,-0.0251955,-0.146915,-0.0301392,nan,-0.237383,0,-0.454417,-0.486802,nan,-1.13159,-0.474144,-0.628059,1.61707,0.528235,-1.31247,-0.0410588,1.02426,nan
2652,6.18408,961.214,0.00423831,0.5,0.0833333,0.0864389,0.799002,0.360013,-0.00820644,-1.69599,3.95062e-05,0.00543226,0.220268,16759.3,0.489075,0.244129,-0.4,0.25,1111.54,3.25878e+07,0.979922,0.10469,0.676208,0.00296455,-0.566704,0.961214,-0.177457,nan,nan,nan,nan,-0.0314703,-0.182823,-0.0350538,nan,-0.231101,0,-0.434922,-0.502715,nan,-1.28348,-0.472932,-0.631714,1.53408,0.629429,-1.25829,-0.0402857,1.34107,-0.5
2653,11.4703,942.692,0.00315172,0.5,0.0416667,0.0870781,0.79098,0.289661,-0.00768996,-1.69871,3.95062e-05,0.0110278,0.220243,16837.1,0.488101,0.241715,-0.4,0.25,1112.27,3.26001e+07,1.02689,0.110199,0.674771,0.00284966,-0.535137,0.942692,-0.175908,nan,nan,nan,nan,-0.0248411,-0.141592,-0.031793,nan,-0.223247,0,-0.429815,-0.474595,nan,-1.16221,-0.442326,-0.573923,1.549,0.607385,-1.20154,-0.0396923,1.15481,-0.5
2654,9.16442,1000,0.00729328,0.458333,0,0.0878725,0.786724,0.330074,-0.007917,-1.70069,3.95062e-05,0.00673907,0.220218,16800.3,0.493216,0.238199,-0.4,0.25,1113,3.26124e+07,1.11532,0.114514,0.69819,0.00313463,-0.575652,1,-0.181655,nan,nan,nan,nan,-0.0292298,-0.173399,-0.0343372,nan,-0.23795,0,-0.454031,-0.495653,nan,-1.26674,-0.47518,-0.671727,1.6138,0.634545,-1.31236,-0.0474545,1.23409,nan
2655,3.5808,930.615,0.00710566,0.458333,0.0833333,0.082871,0.796894,0.411292,-0.00793577,-1.70229,3.95062e-05,0.00876385,0.220205,16858.6,0.488962,0.239924,-0.4,0.25,1113.73,3.26246e+07,1.01939,0.124711,0.677353,0.00273827,-0.525432,0.930615,-0.1554,nan,nan,nan,nan,-0.0190132,-0.0990959,-0.0267952,nan,-0.217281,0,-0.424755,-0.429753,nan,-1.10813,-0.421974,-0.546231,1.53713,0.519077,-1.18831,-0.04,0.647115,-0.5
2656,6.57299,967.615,0.00908981,0.416667,0.125,0.082009,0.789999,0.33592,-0.00952602,-1.70353,3.95062e-05,0.00888558,0.220182,16967,0.486535,0.237693,-0.4,0.25,1114.46,3.26369e+07,1.0225,0.11365,0.671594,0.00287802,-0.558173,0.967615,-0.168508,nan,nan,nan,nan,-0.0290117,-0.162049,-0.0345345,nan,-0.232866,0,-0.437123,-0.492498,nan,-1.22895,-0.47209,-0.646846,1.53168,0.628308,-1.26369,-0.0409231,1.27308,-0.5
2657,7.6079,1000,0.0142594,0.375,0,0.0833785,0.778525,0.264876,-0.0075167,-1.70553,3.95062e-05,0.00991254,0.220151,15830.3,0.502332,0.273902,-0.4,0.25,1115.23,3.26492e+07,1.08793,0.118806,0.719858,0.00269953,-0.570654,1,-0.146578,nan,nan,nan,nan,-0.0212523,-0.117063,-0.0277122,nan,-0.236603,0,-0.456482,-0.47137,nan,-1.20541,-0.463794,-0.605667,1.62297,0.546667,-1.27956,-0.0308889,0.780556,nan
2658,11.97,1000,0.0124437,0.5,0,0.0817321,0.772211,0.297213,-0.00835311,-1.70757,3.95062e-05,0.0118372,0.220139,16605.3,0.49882,0.241183,-0.4,0.25,1115.97,3.26615e+07,1.15886,0.135323,0.731232,0.00281162,-0.567588,1,-0.1719,nan,nan,nan,nan,-0.024836,-0.134236,-0.031913,nan,-0.235179,0,-0.45772,-0.475983,nan,-1.20362,-0.458799,-0.5945,1.63172,0.622,-1.27867,-0.0443333,0.995833,nan
2659,9.45948,1000,0.0122351,0.625,0,0.0843528,0.782596,0.279591,-0.00909866,-1.70796,3.95062e-05,0.00948095,0.220142,16874.2,0.487493,0.240721,-0.4,0.25,1116.7,3.26738e+07,0.939494,0.103424,0.684282,0.00321877,-0.587583,1,-0.18472,nan,nan,nan,nan,-0.0316123,-0.187234,-0.0385767,nan,-0.243376,0,-0.454078,-0.520213,nan,-1.23719,-0.496885,-0.6628,1.59449,0.657067,-1.34053,-0.0458667,1.52167,nan
2660,13.224,1000,0.0116988,0.25,0,0.0876771,0.789235,0.394631,-0.00858148,-1.70833,5.92593e-05,0.00494348,0.22013,16773.2,0.488547,0.244049,-0.4,0.25,1117.44,3.26861e+07,1.01432,0.126044,0.702809,0.00260328,-0.575702,1,-0.160633,nan,nan,nan,nan,-0.0257131,-0.144158,-0.033346,nan,-0.238733,0,-0.453212,-0.493676,nan,-1.06781,-0.482566,-0.652,1.62956,0.586667,-1.298,-0.044,1.26875,nan
2661,8.12452,1000,0.00613881,0.375,0,0.0861652,0.793685,0.34769,-0.00940358,-1.70999,5.92593e-05,0.0121218,0.220085,16697.4,0.498196,0.237728,-0.4,0.25,1118.18,3.26984e+07,0.996323,0.102968,0.674181,0.00324096,-0.595367,1,-0.190356,nan,nan,nan,nan,-0.0341329,-0.196742,-0.0390312,nan,-0.242706,0,-0.453406,-0.52614,nan,-1.38412,-0.4998,-0.704667,1.58954,0.691111,-1.32311,-0.0448889,1.58333,nan
2662,1.44311,863.75,0.00951982,0.375,0.125,0.0827571,0.782167,0.48433,-0.0083776,-1.7125,5.92593e-05,0.0166265,0.220066,16943.9,0.487052,0.238165,-0.4,0.25,1118.9,3.27107e+07,0.951443,0.0991161,0.613474,0.00270421,-0.498086,0.86375,-0.1648,nan,nan,nan,nan,-0.0267199,-0.145733,-0.0306714,nan,-0.208079,0,-0.390991,-0.42903,nan,-1.17591,-0.421652,-0.58,1.39171,0.553,-1.136,-0.0401667,0.969792,-0.5
2663,2.87333,968.692,0.010881,0.5,0.0416667,0.084686,0.784721,0.411111,-0.00966007,-1.71275,5.92593e-05,0.00814466,0.220084,16806.6,0.4928,0.23834,-0.4,0.25,1119.63,3.27229e+07,0.913251,0.116945,0.670278,0.00336377,-0.562952,0.968692,-0.191569,nan,nan,nan,nan,-0.03022,-0.173482,-0.0376411,nan,-0.232385,0,-0.438518,-0.479787,nan,-1.42524,-0.473435,-0.63,1.55825,0.671692,-1.25262,-0.0453846,1.25288,-0.5
2664,3.30211,884.154,0.00827994,0.416667,0.125,0.0846893,0.785151,0.26471,-0.0107821,-1.71301,5.92593e-05,0.014601,0.220058,16602.1,0.494329,0.245818,-0.4,0.25,1120.38,3.27352e+07,1.00825,0.115641,0.616301,0.00304403,-0.496356,0.884154,-0.169677,nan,nan,nan,nan,-0.0205713,-0.10269,-0.0270593,nan,-0.20566,0,-0.403551,-0.406335,nan,-1.05016,-0.401528,-0.533538,1.47287,0.549231,-1.15323,-0.0438462,0.645192,-0.5
2665,11.7472,1000,0.0110228,0.541667,0,0.0841156,0.778229,0.286789,-0.0101302,-1.71593,5.92593e-05,0.0068246,0.219991,16647.1,0.494895,0.243253,-0.4,0.25,1121.12,3.27475e+07,1.10401,0.1116,0.703654,0.00280981,-0.595539,1,-0.154985,nan,nan,nan,nan,-0.0327466,-0.193076,-0.0349138,nan,-0.242523,0,-0.453207,-0.517042,nan,-1.24331,-0.504674,-0.672692,1.57607,0.597846,-1.30462,-0.0381538,1.47885,nan
2666,4.00399,969,0.0113208,0.625,0.0416667,0.0847472,0.784347,0.344633,-0.00986137,-1.71972,5.92593e-05,0.00837477,0.219959,16683.5,0.491142,0.245393,-0.4,0.25,1121.85,3.27598e+07,1.02894,0.118918,0.674002,0.00329719,-0.552974,0.969,-0.1653,nan,nan,nan,nan,-0.0242562,-0.136878,-0.031194,nan,-0.229009,0,-0.439426,-0.476864,nan,-1.21025,-0.457092,-0.612563,1.6015,0.557,-1.29175,-0.042875,0.949219,-0.5
2667,11.3967,1000,0.0115923,0.416667,0,0.0863336,0.797419,0.242557,-0.0104944,-1.7211,5.92593e-05,0.0134621,0.21996,16960.7,0.486906,0.237591,-0.4,0.25,1122.58,3.27721e+07,1.05724,0.123833,0.72489,0.00258811,-0.580019,1,-0.14642,nan,nan,nan,nan,-0.0247876,-0.143078,-0.0313576,nan,-0.239562,0,-0.453476,-0.495772,nan,-1.11595,-0.479603,-0.6342,1.62371,0.5352,-1.3168,-0.0316,1.195,nan
2668,16.5328,1000,0.0112177,0.291667,0,0.0858656,0.80313,0.204664,-0.0104399,-1.72326,5.92593e-05,0.012645,0.219918,16679.5,0.497198,0.239513,-0.4,0.25,1123.32,3.27844e+07,1.21614,0.117965,0.716217,0.00266031,-0.587247,1,-0.143143,nan,nan,nan,nan,-0.0292691,-0.172867,-0.0312671,nan,-0.239373,0,-0.451905,-0.502101,nan,-1.06158,-0.492457,-0.643286,1.62358,0.549714,-1.3,-0.0308571,1.28571,nan
2669,-1.40165,881.75,0.0114918,0.291667,0.0416667,0.0839785,0.802208,0.329976,-0.00938541,-1.72711,5.92593e-05,0.00867243,0.219871,16947.7,0.48253,0.242525,-0.4,0.25,1124.04,3.27967e+07,0.889862,0.103284,0.605378,0.00332451,-0.506762,0.88175,-0.18665,nan,nan,nan,nan,-0.02406,-0.131682,-0.0333181,nan,-0.210791,0,-0.399404,-0.426342,nan,-1.35104,-0.422315,-0.580875,1.45225,0.616,-1.1295,-0.04575,0.889063,-0.5
2670,5.31278,981.529,0.00879809,0.666667,0.0416667,0.0842974,0.791961,0.365638,-0.00843759,-1.7301,5.92593e-05,0.0150544,0.219854,16900.6,0.487526,0.23955,-0.4,0.25,1124.77,3.2809e+07,0.992511,0.112549,0.689138,0.00315713,-0.573656,0.981529,-0.182176,nan,nan,nan,nan,-0.0285244,-0.161125,-0.0356487,nan,-0.23636,0,-0.443608,-0.490642,nan,-1.31694,-0.480933,-0.622941,1.57278,0.654824,-1.29247,-0.0478824,1.20147,-0.5
2671,11.7133,1000,0.00873846,0.458333,0,0.0829121,0.78884,0.292934,-0.00861036,-1.73223,5.92593e-05,0.0172487,0.219817,16894.8,0.489256,0.238069,-0.4,0.25,1125.5,3.28212e+07,1.06742,0.115534,0.69909,0.00294506,-0.580776,1,-0.152673,nan,nan,nan,nan,-0.0275281,-0.169915,-0.0325528,nan,-0.237803,0,-0.453534,-0.488969,nan,-1.10473,-0.481754,-0.636818,1.63137,0.549455,-1.308,-0.0369091,1.23182,nan
2672,6.52137,998.5,0.00736468,0.625,0.0416667,0.0856314,0.777069,0.302134,-0.00990821,-1.73551,5.92593e-05,0.0130279,0.21977,16847.2,0.480391,0.248988,-0.4,0.25,1126.23,3.28335e+07,1.00815,0.123012,0.689272,0.00328314,-0.574929,0.9985,-0.189912,nan,nan,nan,nan,-0.0282096,-0.161286,-0.0347699,nan,-0.240011,0,-0.452216,-0.493928,nan,-1.28845,-0.48259,-0.636563,1.60062,0.65575,-1.3015,-0.05175,1.21484,-0.5
2673,5.44731,1000,0.00906306,0.333333,0,0.0846416,0.789054,0.275618,-0.00880582,-1.73841,5.92593e-05,0.0121386,0.219749,16980.3,0.484701,0.238962,-0.4,0.25,1126.96,3.28458e+07,1.03624,0.130194,0.689754,0.00375097,-0.579477,1,-0.2195,nan,nan,nan,nan,-0.0280446,-0.160566,-0.0379299,nan,-0.237659,0,-0.453364,-0.479107,nan,-1.44383,-0.474619,-0.62325,1.64265,0.7205,-1.286,-0.0555,1.12813,nan
2674,13.7491,966.3,0.0144061,0.375,0.0416667,0.0829026,0.781808,0.257132,-0.00851369,-1.73984,5.92593e-05,0.0123501,0.219752,17080.5,0.480819,0.238597,-0.4,0.25,1127.68,3.28581e+07,1.02631,0.110915,0.687666,0.0022981,-0.573166,0.9663,-0.1378,nan,nan,nan,nan,-0.0296241,-0.178701,-0.0319323,nan,-0.23234,0,-0.438343,-0.492186,nan,-1.10773,-0.480146,-0.6081,1.57393,0.5292,-1.2492,-0.0324,1.4325,-0.5
2675,4.26518,947.35,0.00961384,0.708333,0.125,0.0832853,0.77041,0.426273,-0.00903631,-1.7404,5.92593e-05,0.00961982,0.219762,16884.2,0.488445,0.239334,-0.4,0.25,1128.41,3.28704e+07,0.993225,0.107743,0.661355,0.00333909,-0.540935,0.94735,-0.19121,nan,nan,nan,nan,-0.0253893,-0.134934,-0.0329814,nan,-0.223621,0,-0.432563,-0.45387,nan,-1.1493,-0.443062,-0.58905,1.56346,0.6346,-1.233,-0.0529,0.88,-0.5
2676,9.0075,1000,0.0113414,0.75,0,0.0839636,0.795413,0.266294,-0.00930589,-1.74119,5.92593e-05,0.00535832,0.219736,13159.7,0.560164,0.373599,-0.4,0.25,1129.34,3.28827e+07,1.05738,0.119268,0.671189,0.00324449,-0.572838,1,-0.179267,nan,nan,nan,nan,-0.0257176,-0.14129,-0.0335471,nan,-0.239689,0,-0.450983,-0.489154,nan,-1.15819,-0.477832,-0.634667,1.62793,0.622,-1.29689,-0.0443333,1.09375,nan
2677,16.1921,1000,0.0116147,0.625,0,0.0851224,0.789695,0.341864,-0.00950007,-1.74431,5.92593e-05,0.0118245,0.219667,13040.9,0.609089,0.333174,-0.4,0.25,1130.28,3.2895e+07,1.11236,0.111517,0.696732,0.0028756,-0.583219,1,-0.161867,nan,nan,nan,nan,-0.0293984,-0.175898,-0.0332322,nan,-0.240739,0,-0.451344,-0.50548,nan,-1.06595,-0.490187,-0.629,1.61487,0.5896,-1.316,-0.0418667,1.40583,nan
2678,9.54804,931.167,0.00947084,0.458333,0.0416667,0.0843613,0.791941,0.337839,-0.0102388,-1.74749,5.92593e-05,0.0118014,0.219645,12188.5,0.621112,0.387052,-0.4,0.25,1131.29,3.29073e+07,0.913079,0.0961485,0.635114,0.00356363,-0.552468,0.931167,-0.186117,nan,nan,nan,nan,-0.0292195,-0.164847,-0.0361408,nan,-0.225485,0,-0.417643,-0.476167,nan,-1.05369,-0.460961,-0.60975,1.48744,0.628667,-1.231,-0.0461667,1.31354,-0.5
2679,6.20653,976.857,0.00878283,0.541667,0.0416667,0.0839191,0.763637,0.330191,-0.00818672,-1.74935,5.92593e-05,0.0107588,0.219615,13507.2,0.606237,0.303497,-0.4,0.25,1132.21,3.29196e+07,1.08167,0.122617,0.688278,0.00339086,-0.547761,0.976857,-0.195329,nan,nan,nan,nan,-0.0243918,-0.126362,-0.0340172,nan,-0.230259,0,-0.442913,-0.45734,nan,-1.3128,-0.450757,-0.586071,1.60566,0.661714,-1.26343,-0.0512857,0.928571,-0.5
2680,8.22098,1000,0.00833582,0.583333,0,0.0843959,0.778633,0.288769,-0.0100811,-1.75284,5.92593e-05,0.0114536,0.219553,13909.4,0.555629,0.327801,-0.4,0.25,1133.09,3.29318e+07,1.06368,0.119098,0.684887,0.00321854,-0.578419,1,-0.175243,nan,nan,nan,nan,-0.0252974,-0.142463,-0.0326811,nan,-0.238612,0,-0.451141,-0.485303,nan,-1.15009,-0.479175,-0.6255,1.63509,0.573714,-1.30771,-0.0412857,1.06429,nan
2681,5.26299,1000,0.013651,0.333333,0,0.081687,0.78274,0.296006,-0.0067778,-1.75683,5.92593e-05,0.0133845,0.219493,13665.8,0.57987,0.319308,-0.4,0.25,1133.99,3.29441e+07,1.16114,0.133919,0.691553,0.00351131,-0.566203,1,-0.207775,nan,nan,nan,nan,-0.0241015,-0.123587,-0.0342125,nan,-0.234802,0,-0.45422,-0.457094,nan,-1.41052,-0.456511,-0.612,1.6553,0.703,-1.229,-0.05025,0.775,nan
2682,14.6713,1000,0.00959222,0.5,0,0.0860613,0.786351,0.430003,-0.00930602,-1.76008,5.92593e-05,0.00847662,0.219431,13363.8,0.605924,0.313576,-0.4,0.25,1134.91,3.29564e+07,1.12081,0.128546,0.678833,0.00269754,-0.576123,1,-0.156483,nan,nan,nan,nan,-0.0274894,-0.162299,-0.0316018,nan,-0.23883,0,-0.452378,-0.490974,nan,-0.954658,-0.479924,-0.647,1.62173,0.564,-1.31367,-0.0401667,1.18854,nan
2683,6.13627,930.455,0.00722224,0.416667,0.0416667,0.0846891,0.780579,0.301176,-0.0100807,-1.7631,5.92593e-05,0.0141309,0.219379,13955.9,0.610516,0.269972,-0.4,0.25,1135.79,3.29687e+07,1.0115,0.1086,0.620135,0.00283161,-0.537645,0.930455,-0.166509,nan,nan,nan,nan,-0.0257096,-0.1427,-0.032107,nan,-0.22254,0,-0.420885,-0.462257,nan,-1.07777,-0.44834,-0.615545,1.50376,0.557818,-1.20727,-0.0394545,1.01591,-0.5
2684,11.9186,1000,0.0100973,0.5,0,0.0809693,0.774837,0.285366,-0.0103964,-1.76502,5.92593e-05,0.0139054,0.219386,16326.1,0.513452,0.239208,-0.4,0.25,1136.55,3.2981e+07,1.08649,0.129355,0.709822,0.00274231,-0.569746,1,-0.162367,nan,nan,nan,nan,-0.0239098,-0.14174,-0.030306,nan,-0.234796,0,-0.455474,-0.483799,nan,-1.0973,-0.466353,-0.581,1.65394,0.549333,-1.277,-0.038,1.02604,nan
2685,5.94015,997.375,0.00769802,0.291667,0.0416667,0.0843099,0.771898,0.362494,-0.00987474,-1.76584,5.92593e-05,0.00868534,0.21936,16746.8,0.492726,0.241026,-0.4,0.25,1137.28,3.29933e+07,1.12566,0.123069,0.683866,0.00299296,-0.571843,0.997375,-0.184725,nan,nan,nan,nan,-0.0274798,-0.154343,-0.0334037,nan,-0.23711,0,-0.452377,-0.476976,nan,-1.18941,-0.474515,-0.634125,1.63866,0.615,-1.311,-0.047,0.967187,-0.5
2686,6.20592,1000,0.0093348,0.416667,0,0.0838252,0.778863,0.279419,-0.0100986,-1.76832,5.92593e-05,0.00978579,0.219329,15343.7,0.501074,0.299776,-0.4,0.25,1138.09,3.30056e+07,1.08452,0.120703,0.667169,0.00344479,-0.563176,1,-0.18034,nan,nan,nan,nan,-0.0213814,-0.11155,-0.0306121,nan,-0.235122,0,-0.452943,-0.461454,nan,-1.13259,-0.45813,-0.6144,1.6773,0.6148,-1.276,-0.0512,0.73125,nan
2687,12.6185,1000,0.00946548,0.541667,0,0.0832713,0.789373,0.36307,-0.0102159,-1.7708,5.92593e-05,0.01691,0.219288,16001.4,0.51767,0.250261,-0.4,0.25,1138.85,3.30179e+07,1.06538,0.11975,0.720239,0.00280844,-0.572195,1,-0.140585,nan,nan,nan,nan,-0.0234919,-0.133073,-0.0285855,nan,-0.237572,0,-0.453453,-0.476898,nan,-1.03272,-0.472822,-0.577154,1.65503,0.503077,-1.31385,-0.0335385,1.06058,nan
2688,9.4864,1000,0.00756126,0.416667,0,0.085386,0.786087,0.263597,-0.00987722,-1.77438,5.92593e-05,0.012907,0.219229,15252,0.511887,0.293775,-0.4,0.25,1139.66,3.30301e+07,1.1013,0.10868,0.725203,0.00300768,-0.566889,1,-0.17514,nan,nan,nan,nan,-0.0244149,-0.132491,-0.032533,nan,-0.235764,0,-0.456426,-0.478711,nan,-1.14887,-0.470611,-0.5991,1.64458,0.5544,-1.3144,-0.045,1.0175,nan
2689,2.86531,983.286,0.0113203,0.541667,0.0416667,0.0822136,0.778457,0.453682,-0.00888724,-1.779,5.92593e-05,0.00634729,0.219159,16229.5,0.514998,0.24214,-0.4,0.25,1140.42,3.30424e+07,0.999967,0.11748,0.656458,0.0038865,-0.558207,0.983286,-0.218571,nan,nan,nan,nan,-0.0274422,-0.149298,-0.037124,nan,-0.234652,0,-0.443072,-0.47259,nan,-1.36676,-0.467996,-0.625071,1.61076,0.728857,-1.27629,-0.0535714,1.00893,-0.5
2690,8.64281,899.167,0.00993538,0.416667,0.0833333,0.0839073,0.782546,0.285623,-0.00920587,-1.78358,5.92593e-05,0.0127394,0.2191,16383.9,0.49779,0.252214,-0.4,0.25,1141.17,3.30547e+07,0.888469,0.103707,0.614107,0.00295798,-0.532817,0.899167,-0.14885,nan,nan,nan,nan,-0.0304194,-0.171583,-0.0328805,nan,-0.218834,0,-0.405833,-0.472225,nan,-1.03684,-0.45155,-0.61175,1.43802,0.55,-1.21733,-0.0365,1.38646,-0.5
2691,10.4412,940.188,0.00970181,0.625,0.0416667,0.0837496,0.790073,0.393368,-0.00840116,-1.78607,5.92593e-05,0.0122117,0.219106,12359.5,0.639358,0.35486,-0.4,0.25,1142.17,3.3067e+07,0.956438,0.105835,0.641366,0.00263365,-0.549028,0.940187,-0.14765,nan,nan,nan,nan,-0.0283107,-0.167241,-0.0321963,nan,-0.227768,-0.000125,-0.421242,-0.4678,nan,-1.0372,-0.468059,-0.611813,1.51665,0.55425,-1.24,-0.0375,1.27188,-0.5
2692,13.7967,986.875,0.010524,0.958333,0.0416667,0.0823873,0.782145,0.276398,-0.0105237,-1.78661,5.92593e-05,0.0100294,0.219083,12555.4,0.664911,0.313791,-0.4,0.25,1143.15,3.30793e+07,1.10715,0.121431,0.701404,0.00296517,-0.568188,0.986875,-0.163392,nan,nan,nan,nan,-0.0262441,-0.152567,-0.031929,nan,-0.233892,0,-0.448877,-0.47774,nan,-1.04494,-0.471576,-0.61275,1.61802,0.572,-1.30333,-0.0408333,1.17708,-0.5
2693,9.55188,956.733,0.0109242,0.583333,0.0416667,0.0813063,0.768992,0.215648,-0.00934811,-1.78909,5.92593e-05,0.0108269,0.219073,13174.3,0.616048,0.316675,-0.4,0.25,1144.08,3.30916e+07,1.01409,0.120818,0.657129,0.00256916,-0.543124,0.956733,-0.13692,nan,nan,nan,nan,-0.0220809,-0.123845,-0.0269419,nan,-0.225889,0,-0.432845,-0.454413,nan,-1.04442,-0.447722,-0.5632,1.59543,0.467467,-1.2552,-0.0358667,1.00917,-0.5
2694,7.68222,967,0.0102609,0.75,0.0416667,0.0807244,0.777396,0.326373,-0.00956088,-1.79031,5.92593e-05,0.0167762,0.21911,13965.3,0.612361,0.267537,-0.4,0.25,1144.96,3.31039e+07,1.06097,0.114222,0.658069,0.00315,-0.549929,0.967,-0.169663,nan,nan,nan,nan,-0.0229885,-0.125114,-0.0302133,nan,-0.22859,0,-0.438489,-0.461191,nan,-1.13382,-0.449983,-0.600158,1.60569,0.569053,-1.24695,-0.0466316,0.876316,-0.5
2695,7.71565,1000,0.0125139,0.416667,0,0.0813283,0.772306,0.320998,-0.00891209,-1.79061,5.92593e-05,0.0104815,0.219087,15658.9,0.535212,0.249517,-0.4,0.25,1145.75,3.31162e+07,1.07511,0.116188,0.688433,0.00316213,-0.575868,1,-0.17806,nan,nan,nan,nan,-0.0287108,-0.164561,-0.0336822,nan,-0.239639,0,-0.448393,-0.48538,nan,-1.2338,-0.488905,-0.6378,1.63004,0.6128,-1.3008,-0.0406,1.11625,nan
2696,7.90406,966.067,0.0107295,0.583333,0.0416667,0.0809745,0.785984,0.336991,-0.0100591,-1.7929,5.92593e-05,0.0168846,0.219064,15959.4,0.51734,0.252612,-0.4,0.25,1146.52,3.31284e+07,1.05679,0.123005,0.664761,0.00301306,-0.554334,0.966067,-0.16544,nan,nan,nan,nan,-0.0231405,-0.12411,-0.0300455,nan,-0.230047,0,-0.435596,-0.460971,nan,-1.15642,-0.457168,-0.611,1.58104,0.553867,-1.2576,-0.0404,0.949167,-0.5
2697,11.0172,1000,0.0107746,0.416667,0,0.0808501,0.776356,0.245651,-0.0102237,-1.79474,5.92593e-05,0.0105146,0.219027,15877.5,0.518107,0.255816,-0.4,0.25,1147.3,3.31407e+07,1.11135,0.121018,0.705152,0.00271258,-0.569716,1,-0.15948,nan,nan,nan,nan,-0.0225528,-0.125689,-0.0295434,nan,-0.234085,0,-0.45557,-0.472788,nan,-1.01586,-0.461635,-0.6075,1.64884,0.56,-1.2988,-0.04,0.895,nan
2698,14.1558,987.727,0.0105593,0.416667,0.0416667,0.0812428,0.776778,0.273456,-0.00848721,-1.7983,5.92593e-05,0.00965343,0.218995,16487.6,0.501532,0.243757,-0.4,0.25,1148.04,3.3153e+07,1.09088,0.112242,0.696112,0.00301972,-0.571163,0.987727,-0.172036,nan,nan,nan,nan,-0.0302243,-0.176956,-0.0342638,nan,-0.236816,0,-0.450334,-0.49006,nan,-1.17504,-0.476195,-0.614727,1.62526,0.622909,-1.28909,-0.0407273,1.37273,-0.5
2699,16.6116,1000,0.0129535,0.416667,0,0.0807363,0.768496,0.306987,-0.0100734,-1.79993,5.92593e-05,0.0126242,0.219018,13737,0.534871,0.359645,-0.4,0.25,1148.94,3.31653e+07,1.06479,0.112338,0.700712,0.00262258,-0.571817,1,-0.13664,nan,nan,nan,nan,-0.0277941,-0.16433,-0.0302172,nan,-0.238952,0,-0.452723,-0.495854,nan,-0.962809,-0.48804,-0.6195,1.62189,0.5096,-1.3156,-0.0296,1.3525,nan
2700,12.4762,1000,0.010639,0.583333,0,0.0815832,0.76599,0.31359,-0.00903352,-1.79875,5.92593e-05,0.0140624,0.219068,12381.7,0.658682,0.333747,-0.4,0.25,1149.93,3.31776e+07,1.02885,0.125091,0.699733,0.00281165,-0.57097,1,-0.160514,nan,nan,nan,nan,-0.0239003,-0.134165,-0.0303584,nan,-0.237312,0,-0.453571,-0.482865,nan,-1.0641,-0.471586,-0.603429,1.6572,0.557714,-1.29371,-0.0398571,1.11875,nan
2701,10.3373,1000,0.0120783,0.416667,0,0.0819366,0.773016,0.178147,-0.0093808,-1.79709,5.92593e-05,0.0106515,0.219091,16161.7,0.51596,0.244357,-0.4,0.25,1152.64,3.31899e+07,1.10907,0.121251,0.68396,0.00309124,-0.569887,1,-0.191,nan,nan,nan,nan,-0.0250724,-0.141406,-0.0341506,nan,-0.238254,0,-0.449867,-0.479362,nan,-1.09231,-0.473589,-0.6093,1.6236,0.6612,-1.2852,-0.0484,0.9525,nan
2702,11.7557,1000,0.0138424,0.333333,0,0.0831537,0.776334,0.287323,-0.00843325,-1.79826,5.92593e-05,0.00977403,0.219053,15426.3,0.549541,0.247022,-0.4,0.25,1153.43,3.32022e+07,1.21418,0.134499,0.746532,0.00331669,-0.565024,1,-0.19375,nan,nan,nan,nan,-0.0201817,-0.107323,-0.0296748,nan,-0.229532,0,-0.458778,-0.453819,nan,-1.13188,-0.441661,-0.571125,1.69,0.6335,-1.2785,-0.04675,0.69375,nan
2703,19.4059,1000,0.0150057,0.333333,0,0.0818708,0.775299,0.292232,-0.00768923,-1.80008,5.92593e-05,0.0146924,0.219059,11170.5,0.700383,0.399662,-0.4,0.25,1154.54,3.32145e+07,1.18829,0.118864,0.713432,0.0022787,-0.576526,1,-0.1313,nan,nan,nan,nan,-0.0249937,-0.149339,-0.0275613,nan,-0.2357,0,-0.454642,-0.482394,nan,-0.839189,-0.471217,-0.5925,1.6401,0.4985,-1.3005,-0.02875,1.12344,nan
2704,3.74554,934.909,0.0107634,0.416667,0.0416667,0.0814138,0.776112,0.358198,-0.00830094,-1.8003,5.92593e-05,0.00953642,0.219068,12338,0.680682,0.315265,-0.4,0.25,1155.53,3.32268e+07,0.976682,0.110967,0.634757,0.00302373,-0.537821,0.934909,-0.184018,nan,nan,nan,nan,-0.0264181,-0.144714,-0.0333165,nan,-0.221736,0,-0.423252,-0.458508,nan,-1.23104,-0.446811,-0.618273,1.52607,0.614909,-1.22145,-0.0496364,1.02841,-0.5
2705,10.9156,988.071,0.0116639,0.541667,0.0416667,0.082493,0.774037,0.305581,-0.00789547,-1.80169,5.92593e-05,0.00934558,0.219037,13285.3,0.598042,0.326889,-0.4,0.25,1156.46,3.3239e+07,1.09444,0.119978,0.668874,0.00356295,-0.566424,0.988071,-0.194029,nan,nan,nan,nan,-0.0249333,-0.138274,-0.0341082,nan,-0.233841,0,-0.445507,-0.474323,nan,-1.18049,-0.465074,-0.6285,1.64128,0.661143,-1.25971,-0.0488571,1.09821,-0.5
2706,10.1099,935.286,0.0113032,0.541667,0.0416667,0.0825563,0.782226,0.302891,-0.0102616,-1.80449,5.92593e-05,0.0135186,0.219026,12779,0.642235,0.319343,-0.4,0.25,1157.42,3.32513e+07,1.01193,0.111625,0.656598,0.00312968,-0.538483,0.935286,-0.187986,nan,nan,nan,nan,-0.0258169,-0.144876,-0.033065,nan,-0.221276,0,-0.423167,-0.446443,nan,-1.11285,-0.44514,-0.5835,1.54375,0.613714,-1.21743,-0.0494286,1.09464,-0.5
2707,10.8579,944.5,0.00869698,0.625,0.0416667,0.0842661,0.772907,0.424918,-0.00867528,-1.80478,5.92593e-05,0.0116007,0.219072,13614.8,0.564323,0.338222,-0.4,0.25,1158.33,3.32636e+07,1.02048,0.111741,0.635947,0.00269995,-0.546913,0.9445,-0.162275,nan,nan,nan,nan,-0.027468,-0.158773,-0.0312655,nan,-0.225374,0,-0.425712,-0.470436,nan,-1.07628,-0.456845,-0.608813,1.55596,0.5725,-1.23675,-0.042,1.19922,-0.5
2708,14.7183,1000,0.0092899,0.625,0,0.0831097,0.782182,0.237213,-0.00955875,-1.80397,5.92593e-05,0.00838518,0.219084,12585.3,0.632222,0.344156,-0.4,0.25,1159.31,3.32759e+07,1.18175,0.113833,0.720695,0.00317785,-0.574478,1,-0.192013,nan,nan,nan,nan,-0.0274164,-0.152521,-0.0356474,nan,-0.236866,0,-0.453657,-0.491372,nan,-1.22109,-0.474909,-0.6226,1.64359,0.661067,-1.3032,-0.0482667,1.24583,nan
2709,6.70773,931.714,0.0113923,0.25,0.0416667,0.0845877,0.782135,0.442878,-0.00840654,-1.8054,5.92593e-05,0.00890158,0.219065,11747.9,0.661952,0.384024,-0.4,0.25,1160.35,3.32882e+07,0.98446,0.120293,0.645489,0.00301539,-0.533567,0.931714,-0.183229,nan,nan,nan,nan,-0.0232602,-0.121051,-0.0298321,nan,-0.218399,0,-0.426501,-0.430021,nan,-1.1889,-0.426966,-0.571714,1.56557,0.605714,-1.20286,-0.0431429,0.95,-0.5
2710,10.5503,1000,0.0094291,0.375,0,0.084513,0.775655,0.338007,-0.00850769,-1.80641,5.92593e-05,0.0128698,0.219081,11642.9,0.662001,0.393402,-0.4,0.25,1161.41,3.33005e+07,1.16066,0.132917,0.709711,0.00387349,-0.563675,1,-0.200311,nan,nan,nan,nan,-0.0243626,-0.131105,-0.0324742,nan,-0.231856,0,-0.4572,-0.459887,nan,-1.26179,-0.453176,-0.624,1.68053,0.671556,-1.31556,-0.0568889,0.980556,nan
2711,10.1963,1000,0.0103851,0.291667,0,0.0838399,0.772493,0.390131,-0.00858884,-1.80709,5.92593e-05,0.00658619,0.219054,12985.7,0.604139,0.34213,-0.4,0.25,1162.36,3.33128e+07,0.997846,0.114002,0.665216,0.00283378,-0.585321,1,-0.1838,nan,nan,nan,nan,-0.0294417,-0.17358,-0.0360475,nan,-0.240698,0,-0.452811,-0.511966,nan,-1.17232,-0.484349,-0.637714,1.61889,0.62,-1.32857,-0.042,1.36964,nan
2712,11.0321,965.667,0.0082487,0.583333,0.0416667,0.083341,0.778483,0.295911,-0.00929162,-1.80997,5.92593e-05,0.0088692,0.218997,13436,0.590451,0.324107,-0.4,0.25,1163.27,3.33251e+07,1.09935,0.130791,0.690798,0.00287797,-0.546494,0.965667,-0.160267,nan,nan,nan,nan,-0.0224312,-0.120324,-0.0296956,nan,-0.224961,0,-0.439336,-0.449437,nan,-1.0902,-0.446119,-0.5958,1.61675,0.549067,-1.25067,-0.0388,0.944167,-0.5
2713,17.9055,1000,0.0110488,0.541667,0,0.0853379,0.774322,0.320125,-0.00996613,-1.81379,5.92593e-05,0.0179306,0.218922,12257.5,0.647807,0.354681,-0.4,0.25,1164.28,3.33373e+07,1.10143,0.120451,0.699706,0.00236621,-0.57875,1,-0.143569,nan,nan,nan,nan,-0.0257144,-0.15192,-0.0284729,nan,-0.236953,0,-0.454663,-0.489482,nan,-0.981606,-0.471703,-0.630462,1.6555,0.514154,-1.292,-0.0370769,1.32404,nan
2714,10.832,1000,0.00854865,0.625,0,0.0851121,0.783453,0.313115,-0.00834203,-1.81821,5.92593e-05,0.0128305,0.218844,12223,0.638192,0.367126,-0.4,0.25,1165.29,3.33496e+07,1.03955,0.122774,0.695066,0.003006,-0.576825,1,-0.186147,nan,nan,nan,nan,-0.0277435,-0.158552,-0.0339965,nan,-0.236926,0,-0.453831,-0.486,nan,-1.18263,-0.471648,-0.6252,1.6339,0.624533,-1.29947,-0.0482667,1.21,nan
2715,-0.23522,877.125,0.00818317,0.208333,0.125,0.0830663,0.781247,0.336692,-0.00932839,-1.82221,5.92593e-05,0.0117135,0.218841,13969.6,0.59154,0.288087,-0.4,0.25,1166.17,3.33619e+07,1.02421,0.111085,0.620841,0.00330199,-0.488311,0.877125,-0.193225,nan,nan,nan,nan,-0.0189137,-0.0907512,-0.0290827,nan,-0.202932,0,-0.39834,-0.390664,nan,-1.10848,-0.391432,-0.570375,1.4788,0.621,-1.107,-0.04925,0.478125,-0.5
2716,13.7544,1000,0.0134853,0.75,0,0.081927,0.775968,0.296911,-0.00863427,-1.82254,5.92593e-05,0.0150345,0.218874,12902.2,0.587618,0.364781,-0.4,0.25,1167.12,3.33742e+07,1.15806,0.124597,0.717677,0.00285337,-0.56603,1,-0.172067,nan,nan,nan,nan,-0.0228432,-0.126184,-0.0300213,nan,-0.233173,0,-0.45553,-0.464471,nan,-1.10756,-0.456441,-0.593167,1.65983,0.588,-1.304,-0.045,1.01319,nan
2717,4.22151,999.9,0.0106089,0.791667,0.0416667,0.084101,0.779325,0.302218,-0.00933937,-1.82313,5.92593e-05,0.0115256,0.218869,12769.8,0.613681,0.348592,-0.4,0.25,1168.08,3.33865e+07,0.986944,0.11976,0.682015,0.00349439,-0.57978,0.9999,-0.20627,nan,nan,nan,nan,-0.0279034,-0.152917,-0.0366919,nan,-0.23761,0,-0.453212,-0.478167,nan,-1.35753,-0.476005,-0.6588,1.62795,0.6854,-1.3146,-0.0574,1.1675,-0.5
2718,12.6882,937.692,0.0106633,0.5,0.0416667,0.0847285,0.775929,0.243951,-0.00997014,-1.82529,5.92593e-05,0.00933665,0.218815,12530,0.634355,0.346335,-0.4,0.25,1169.07,3.33988e+07,1.00131,0.120555,0.669356,0.00259677,-0.539549,0.937692,-0.136446,nan,nan,nan,nan,-0.0253256,-0.146509,-0.0280422,nan,-0.221564,0,-0.427122,-0.45194,nan,-0.94153,-0.441841,-0.580846,1.53996,0.505231,-1.22554,-0.0327692,1.09519,-0.5
2719,9.24757,1000,0.00895677,0.541667,0,0.0858066,0.786286,0.338257,-0.0112844,-1.82887,5.92593e-05,0.0130338,0.218764,13682.6,0.580379,0.317695,-0.4,0.25,1169.97,3.34111e+07,1.06943,0.126639,0.698973,0.00300808,-0.570846,1,-0.181123,nan,nan,nan,nan,-0.0242916,-0.135081,-0.0312239,nan,-0.234376,-0.000153846,-0.455425,-0.474985,nan,-1.26474,-0.460886,-0.618923,1.6467,0.598462,-1.292,-0.0475385,1.01346,nan
2720,10.9056,1000,0.0111208,0.541667,0,0.0840953,0.791127,0.329283,-0.00930661,-1.83222,5.92593e-05,0.0122279,0.218725,12455.5,0.638456,0.348097,-0.4,0.25,1170.95,3.34234e+07,1.08002,0.120385,0.701488,0.00357241,-0.569259,1,-0.212846,nan,nan,nan,nan,-0.0274113,-0.157385,-0.0351615,nan,-0.234136,0,-0.455506,-0.473035,nan,-1.27645,-0.463974,-0.619846,1.66637,0.691385,-1.29815,-0.0563077,1.16154,nan
2721,14.8486,904.385,0.0115233,0.458333,0.0833333,0.0821498,0.783843,0.277937,-0.00981406,-1.83466,5.92593e-05,0.00940166,0.218694,11978.2,0.671965,0.353895,-0.4,0.25,1171.98,3.34356e+07,1.11376,0.114586,0.653911,0.00283624,-0.517206,0.904385,-0.156385,nan,nan,nan,nan,-0.0226076,-0.121284,-0.0273122,nan,-0.210989,0,-0.413198,-0.420481,nan,-0.972485,-0.411734,-0.526154,1.51817,0.547385,-1.18,-0.0404615,0.984615,-0.5
2722,6.05622,1000,0.0128906,0.5,0,0.0830448,0.774728,0.339015,-0.00973514,-1.83677,5.92593e-05,0.00775946,0.218658,13120.2,0.631383,0.305189,-0.4,0.25,1172.92,3.34479e+07,1.1552,0.134958,0.682066,0.00327034,-0.55844,1,-0.206383,nan,nan,nan,nan,-0.0201054,-0.102883,-0.0315835,nan,-0.231555,0,-0.455069,-0.445028,nan,-1.38161,-0.442809,-0.5755,1.69906,0.639667,-1.269,-0.0545,0.647917,nan
2723,5.13476,991.5,0.00876479,0.291667,0.0416667,0.0851288,0.77743,0.452325,-0.00793614,-1.83804,5.92593e-05,0.0127212,0.218679,13600.3,0.57626,0.32725,-0.4,0.25,1173.83,3.34602e+07,1.11347,0.122132,0.71689,0.00304101,-0.553866,0.9915,-0.203975,nan,nan,nan,nan,-0.0175625,-0.0892891,-0.0296793,nan,-0.22779,0,-0.454915,-0.449714,nan,-1.17959,-0.435231,-0.579375,1.67551,0.616,-1.238,-0.05875,0.598437,-0.5
2724,15.9536,992.286,0.0104377,0.541667,0.0416667,0.0850466,0.780117,0.386725,-0.00938769,-1.83783,5.92593e-05,0.0154601,0.218671,12459.3,0.632338,0.353915,-0.4,0.25,1174.81,3.34725e+07,1.05168,0.112059,0.696036,0.00292548,-0.574049,0.992286,-0.162886,nan,nan,nan,nan,-0.0297698,-0.16565,-0.0335241,nan,-0.236448,0,-0.449798,-0.486422,nan,-1.0444,-0.477747,-0.634714,1.61304,0.597429,-1.296,-0.0388571,1.39821,-0.5
2725,9.87144,1000,0.0110425,0.625,0,0.0828885,0.783482,0.333523,-0.008409,-1.83975,5.92593e-05,0.00975385,0.218664,12706.2,0.630231,0.336859,-0.4,0.25,1175.78,3.34848e+07,1.13893,0.128593,0.717728,0.00318262,-0.558803,1,-0.18532,nan,nan,nan,nan,-0.0204788,-0.114151,-0.0296463,nan,-0.229989,0,-0.459206,-0.456318,nan,-1.21318,-0.438858,-0.561,1.70042,0.610667,-1.27787,-0.0428,0.781667,nan
2726,10.7617,1000,0.0090809,0.25,0,0.0843206,0.773216,0.395861,-0.00936546,-1.84031,5.92593e-05,0.0115226,0.218681,12986.3,0.612291,0.333935,-0.4,0.25,1176.73,3.34971e+07,1.00633,0.123794,0.702664,0.00337623,-0.574127,1,-0.208933,nan,nan,nan,nan,-0.0329387,-0.195643,-0.0388068,nan,-0.235527,0,-0.45623,-0.503017,nan,-1.47042,-0.471712,-0.663,1.64844,0.715333,-1.29667,-0.0523333,1.5375,nan
2727,14.5051,1000,0.012805,0.458333,0,0.0837751,0.769012,0.303602,-0.00909078,-1.84058,5.92593e-05,0.00816863,0.218694,14078.5,0.568954,0.303865,-0.4,0.25,1177.6,3.35094e+07,1.16923,0.121223,0.724266,0.00286793,-0.566536,1,-0.170291,nan,nan,nan,nan,-0.0241136,-0.139329,-0.0313523,nan,-0.233336,0,-0.458732,-0.474931,nan,-1.06171,-0.459076,-0.593455,1.65558,0.573818,-1.25018,-0.0461818,0.9875,nan
2728,15.6529,1000,0.0123822,0.333333,0,0.0821807,0.787707,0.206181,-0.00904019,-1.84174,5.92593e-05,0.0131448,0.218681,13301.7,0.577407,0.346384,-0.4,0.25,1178.53,3.35217e+07,1.09815,0.119667,0.702389,0.00334385,-0.574037,1,-0.1931,nan,nan,nan,nan,-0.027075,-0.146906,-0.0362343,nan,-0.236034,0,-0.456178,-0.478907,nan,-1.125,-0.470135,-0.626625,1.66457,0.6845,-1.303,-0.05425,1.2375,nan
2729,2.53337,1000,0.0147367,0.375,0,0.0807121,0.779831,0.346692,-0.00973715,-1.84394,5.92593e-05,0.0110576,0.218658,11688.9,0.669196,0.382057,-0.4,0.25,1179.58,3.3534e+07,0.9048,0.126636,0.677645,0.00372854,-0.586491,1,-0.217244,nan,nan,nan,nan,-0.0296789,-0.169318,-0.0371963,nan,-0.236746,0,-0.454062,-0.48485,nan,-1.5038,-0.47628,-0.649,1.66825,0.707111,-1.29111,-0.0604444,1.23472,nan
2730,11.4495,998.643,0.0114599,0.541667,0.0416667,0.0822638,0.780224,0.366515,-0.00906324,-1.84565,5.92593e-05,0.010537,0.218646,11558.8,0.64958,0.413503,-0.4,0.25,1180.65,3.35462e+07,1.1347,0.124466,0.707074,0.00292672,-0.56822,0.998643,-0.181643,nan,nan,nan,nan,-0.0239671,-0.135321,-0.0308932,nan,-0.232475,0,-0.455898,-0.465904,nan,-1.09781,-0.456443,-0.599571,1.67616,0.593714,-1.26343,-0.0447143,0.926786,-0.5
2731,12.1286,983.273,0.014335,0.416667,0.0416667,0.0806413,0.799398,0.466442,-0.00909044,-1.84656,5.92593e-05,0.0166526,0.218617,10726.6,0.727398,0.418167,-0.4,0.25,1181.79,3.35585e+07,1.07142,0.117932,0.716129,0.0031433,-0.565761,0.983273,-0.198509,nan,nan,nan,nan,-0.0251154,-0.138801,-0.0329688,nan,-0.230111,0,-0.450243,-0.470225,nan,-1.10984,-0.451895,-0.609545,1.6085,0.651636,-1.29782,-0.05,1.13068,-0.5
2732,3.3081,852.625,0.0103726,0.541667,0.125,0.0845531,0.772283,0.354667,-0.00958712,-1.84845,5.92593e-05,0.0114445,0.218591,10859.3,0.700365,0.431198,-0.4,0.25,1182.93,3.35708e+07,0.870819,0.101797,0.562945,0.00291514,-0.491367,0.852625,-0.167175,nan,nan,nan,nan,-0.0259729,-0.143017,-0.030737,nan,-0.20204,0,-0.385574,-0.414392,nan,-1.12356,-0.405916,-0.543375,1.40624,0.56,-1.13225,-0.04375,1.01094,-0.5
2733,7.27145,959.65,0.0117283,0.791667,0.0416667,0.0850751,0.780647,0.460429,-0.00806074,-1.8504,5.92593e-05,0.0114906,0.218557,10411.7,0.739633,0.440578,-0.4,0.25,1184.11,3.35831e+07,1.01737,0.117674,0.675866,0.003111,-0.548628,0.95965,-0.18911,nan,nan,nan,nan,-0.0252285,-0.145467,-0.0330531,nan,-0.223737,0,-0.438398,-0.448517,nan,-1.18573,-0.440301,-0.59715,1.59647,0.619,-1.2514,-0.0476,0.97375,-0.5
2734,14.7966,1000,0.0160169,0.916667,0,0.0810398,0.780448,0.288722,-0.00921112,-1.85269,5.92593e-05,0.00761386,0.218499,10366.7,0.708121,0.477214,-0.4,0.25,1185.3,3.35954e+07,1.13207,0.119555,0.702462,0.00301948,-0.576701,1,-0.173391,nan,nan,nan,nan,-0.0284866,-0.163409,-0.0336078,nan,-0.236886,0,-0.453439,-0.484333,nan,-1.17717,-0.475124,-0.611182,1.64125,0.630364,-1.29727,-0.0420909,1.2642,nan
2735,15.6492,1000,0.0151098,0.666667,0,0.0836741,0.771066,0.291782,-0.00955827,-1.85665,5.92593e-05,0.0130352,0.218462,11039.1,0.715796,0.397342,-0.4,0.25,1186.41,3.36077e+07,1.08179,0.117856,0.705424,0.00297931,-0.578453,1,-0.186812,nan,nan,nan,nan,-0.0291325,-0.168498,-0.0349102,nan,-0.236274,0,-0.455679,-0.490921,nan,-1.14616,-0.47392,-0.641813,1.65395,0.6525,-1.3125,-0.049625,1.37266,nan
2736,7.49451,1000,0.0131325,0.583333,0,0.0831625,0.776247,0.336121,-0.0080605,-1.85844,5.92593e-05,0.0128642,0.218463,12400.4,0.640131,0.350801,-0.4,0.25,1187.4,3.362e+07,1.05402,0.127106,0.699855,0.00298418,-0.577897,1,-0.159671,nan,nan,nan,nan,-0.0272728,-0.156505,-0.0316686,nan,-0.23617,0,-0.452536,-0.487019,nan,-1.23112,-0.47708,-0.639429,1.65173,0.538857,-1.33257,-0.0435714,1.15268,nan
2737,2.38879,974.182,0.0126238,0.416667,0.0416667,0.0828669,0.779959,0.289959,-0.00799789,-1.86031,5.92593e-05,0.0104234,0.218436,12842.1,0.622113,0.334737,-0.4,0.25,1188.36,3.36323e+07,1.01073,0.124989,0.687621,0.00310311,-0.546684,0.974182,-0.206855,nan,nan,nan,nan,-0.0224029,-0.118333,-0.0321473,nan,-0.225673,0,-0.444715,-0.446106,nan,-1.3014,-0.434888,-0.609545,1.61783,0.643636,-1.25164,-0.05,0.793182,-0.5
2738,7.87986,1000,0.0137492,0.541667,0,0.0824545,0.785541,0.245405,-0.00983669,-1.8634,5.92593e-05,0.01006,0.218386,13149.2,0.606379,0.328125,-0.4,0.25,1189.3,3.36445e+07,1.05663,0.127834,0.683875,0.00377236,-0.56386,1,-0.212754,nan,nan,nan,nan,-0.0217896,-0.114166,-0.0324336,nan,-0.230877,0,-0.457337,-0.445749,nan,-1.2087,-0.442722,-0.589615,1.69077,0.656615,-1.24123,-0.0575385,0.793269,nan
2739,16.6877,1000,0.0142168,0.5,0,0.0819301,0.786053,0.246544,-0.00863694,-1.86666,5.92593e-05,0.0143033,0.218342,13746.5,0.615765,0.278132,-0.4,0.25,1190.19,3.36568e+07,1.21995,0.137915,0.703982,0.00309443,-0.567486,1,-0.173583,nan,nan,nan,nan,-0.0226065,-0.124056,-0.0293198,nan,-0.231694,0,-0.455364,-0.455895,nan,-1.05652,-0.450521,-0.58725,1.69133,0.566333,-1.29833,-0.046,1.01042,nan
2740,3.56827,1000,0.0134909,0.375,0,0.0788027,0.785259,0.286139,-0.00940722,-1.86799,5.92593e-05,0.0138701,0.218322,13022,0.629617,0.314018,-0.4,0.25,1191.14,3.36691e+07,0.996232,0.116954,0.665492,0.00411336,-0.572869,1,-0.236667,nan,nan,nan,nan,-0.0290068,-0.1549,-0.0386982,nan,-0.235279,0,-0.4542,-0.467125,nan,-1.5033,-0.462983,-0.63,1.65432,0.799111,-1.28667,-0.0611111,1.075,nan
2741,8.48665,936.3,0.0114952,0.375,0.0416667,0.0817964,0.771763,0.318817,-0.00815248,-1.87002,5.92593e-05,0.00900789,0.218259,12620,0.63562,0.33807,-0.4,0.25,1192.11,3.36814e+07,1.02454,0.105881,0.664301,0.00347289,-0.533576,0.9363,-0.19986,nan,nan,nan,nan,-0.0279282,-0.154632,-0.0347926,nan,-0.218557,0,-0.426722,-0.447436,nan,-1.33615,-0.440251,-0.6006,1.54595,0.668,-1.2256,-0.053,1.225,-0.5
2742,11.2145,1000,0.0113663,0.75,0,0.0813594,0.773432,0.240133,-0.00837177,-1.87419,5.92593e-05,0.00754226,0.21823,12260.8,0.664988,0.337233,-0.4,0.25,1193.12,3.36937e+07,1.07709,0.11132,0.700981,0.0032838,-0.573152,1,-0.200689,nan,nan,nan,nan,-0.0299715,-0.172863,-0.0358193,nan,-0.235323,0,-0.452265,-0.481815,nan,-1.30553,-0.468902,-0.640667,1.66571,0.678444,-1.29089,-0.0493333,1.26111,nan
2743,24.0558,1000,0.0135751,0.208333,0,0.0813838,0.77454,0.312774,-0.00975692,-1.87579,5.92593e-05,0.0174193,0.218237,14284.5,0.575478,0.284755,-0.4,0.25,1193.98,3.3706e+07,1.34626,0.143562,0.7509,0.00193048,-0.570594,1,-0.07944,nan,nan,nan,nan,-0.0202102,-0.117392,-0.0183582,nan,-0.231011,0,-0.457409,-0.459014,nan,-0.7867,-0.450647,-0.5466,1.69351,0.3248,-1.2848,-0.016,0.98,nan
2744,4.12489,1000,0.0145244,0.291667,0,0.0807661,0.770035,0.285046,-0.00918767,-1.87716,5.92593e-05,0.0135994,0.218203,16306.7,0.508635,0.244922,-0.4,0.25,1194.74,3.37183e+07,1.02599,0.114812,0.68586,0.00328231,-0.565523,1,-0.195,nan,nan,nan,nan,-0.0223745,-0.124419,-0.0313331,nan,-0.231789,0,-0.458127,-0.473049,nan,-1.31667,-0.450157,-0.636857,1.67767,0.628571,-1.28114,-0.0488571,0.905357,nan
2745,4.30074,1000,0.0105975,0.375,0,0.0849757,0.76828,0.460387,-0.0102858,-1.87919,5.92593e-05,0.0168723,0.218221,16036.8,0.511572,0.254666,-0.4,0.25,1195.5,3.37306e+07,1.10336,0.143834,0.709469,0.00340074,-0.565012,1,-0.210756,nan,nan,nan,nan,-0.0213196,-0.116221,-0.0318545,nan,-0.229641,0,-0.459533,-0.449088,nan,-1.37714,-0.440915,-0.601667,1.68985,0.680889,-1.25733,-0.0622222,0.706944,nan
2746,9.25753,937.154,0.0101863,0.5,0.0416667,0.0839979,0.777206,0.226677,-0.00902504,-1.87988,5.92593e-05,0.00925518,0.218179,16054.6,0.516938,0.248451,-0.4,0.25,1196.27,3.37428e+07,0.960968,0.109458,0.647537,0.00322222,-0.544387,0.937154,-0.1994,nan,nan,nan,nan,-0.0308357,-0.172901,-0.0367408,nan,-0.223878,0,-0.425027,-0.465793,nan,-1.31398,-0.450723,-0.608769,1.53078,0.690154,-1.23538,-0.0518462,1.38173,-0.5
2747,16.0031,1000,0.0147367,0.666667,0,0.0835117,0.778938,0.320908,-0.00857973,-1.88388,5.92593e-05,0.0132276,0.218119,16117.4,0.509051,0.253354,-0.4,0.25,1197.03,3.37551e+07,1.09618,0.117905,0.678942,0.0028506,-0.578518,1,-0.169787,nan,nan,nan,nan,-0.0294494,-0.165671,-0.0349059,nan,-0.236627,0,-0.453856,-0.496129,nan,-1.1519,-0.475991,-0.641438,1.65083,0.61475,-1.304,-0.041,1.41797,nan
2748,9.04817,1000,0.0107109,0.416667,0,0.0851106,0.756526,0.422141,-0.00909209,-1.88763,5.92593e-05,0.00507159,0.218091,16316.3,0.503052,0.250062,-0.4,0.25,1197.79,3.37674e+07,1.17233,0.125251,0.722717,0.00315836,-0.562203,1,-0.17356,nan,nan,nan,nan,-0.0202396,-0.112988,-0.0285305,nan,-0.229262,0,-0.45979,-0.441728,nan,-1.16225,-0.441822,-0.6018,1.68603,0.562,-1.2592,-0.0532,0.7275,nan
2749,6.3406,927.632,0.0085628,0.708333,0.0833333,0.0845932,0.775246,0.315746,-0.0105776,-1.89009,5.92593e-05,0.0172339,0.218078,16305.3,0.508209,0.245409,-0.4,0.25,1198.54,3.37797e+07,0.956823,0.108963,0.65242,0.00294569,-0.530422,0.927632,-0.171189,nan,nan,nan,nan,-0.0227097,-0.124382,-0.0295094,nan,-0.215926,0,-0.423389,-0.434916,nan,-1.10743,-0.421323,-0.567474,1.54434,0.564842,-1.19979,-0.0464211,0.906579,-0.5
2750,15.4726,1000,0.0121658,0.458333,0,0.0857516,0.781663,0.330781,-0.0102878,-1.89283,5.92593e-05,0.0171789,0.218056,8854.13,0.866397,0.521429,-0.4,0.25,1199.93,3.3792e+07,1.16202,0.128798,0.697453,0.0028016,-0.568533,1,-0.148345,nan,nan,nan,nan,-0.0235116,-0.134427,-0.0279052,nan,-0.233014,0,-0.455971,-0.47431,nan,-1.02991,-0.461039,-0.601909,1.6967,0.512364,-1.29564,-0.0356364,1.06364,nan
2751,5.73844,970.286,0.0131259,0.25,0.0416667,0.0849676,0.781874,0.263998,-0.00970806,-1.89576,5.92593e-05,0.0117267,0.218012,12347.4,0.650588,0.344603,-0.4,0.25,1200.93,3.38043e+07,1.0517,0.102989,0.679522,0.0030749,-0.561912,0.970286,-0.195057,nan,nan,nan,nan,-0.0264516,-0.14603,-0.0344013,nan,-0.227864,0,-0.44103,-0.463827,nan,-1.30917,-0.44824,-0.601714,1.58569,0.676571,-1.25086,-0.0531429,1.04821,-0.5
2752,8.94871,997.714,0.0134959,0.25,0.0416667,0.0842841,0.777071,0.297787,-0.00778413,-1.89964,5.92593e-05,0.0102796,0.217961,13702.6,0.643206,0.25356,-0.4,0.25,1201.83,3.38166e+07,0.988978,0.0995468,0.668788,0.00365896,-0.584174,0.997714,-0.199686,nan,nan,nan,nan,-0.0374579,-0.214094,-0.0413237,nan,-0.243112,0,-0.446,-0.516129,nan,-1.32573,-0.502704,-0.699429,1.62088,0.707429,-1.37143,-0.0582857,1.67143,-0.5
2753,10.4984,1000,0.0148912,0.541667,0,0.0826461,0.792272,0.260963,-0.00958502,-1.90415,5.92593e-05,0.010834,0.217881,15266.9,0.553227,0.251653,-0.4,0.25,1202.64,3.38289e+07,1.10191,0.125165,0.718355,0.00329434,-0.564488,1,-0.202877,nan,nan,nan,nan,-0.0229975,-0.123197,-0.0319949,nan,-0.229948,0,-0.458465,-0.451555,nan,-1.3889,-0.440495,-0.579923,1.69155,0.659385,-1.25754,-0.0493846,0.920192,nan
2754,10.5587,964,0.0165915,0.541667,0.0416667,0.0818276,0.778109,0.264092,-0.0104265,-1.9096,5.92593e-05,0.0139935,0.217799,16157.9,0.514012,0.246485,-0.4,0.25,1203.4,3.38412e+07,1.02453,0.115491,0.64898,0.00313521,-0.550916,0.964,-0.171629,nan,nan,nan,nan,-0.024857,-0.134429,-0.0317224,nan,-0.225789,0,-0.437523,-0.460029,nan,-1.08212,-0.442683,-0.627429,1.60075,0.605143,-1.238,-0.0507143,1.07946,-0.5
2755,14.0235,1000,0.0152479,0.625,0,0.083041,0.773456,0.386925,-0.00998517,-1.91464,5.92593e-05,0.0118199,0.217741,16223.2,0.508581,0.248855,-0.4,0.25,1204.16,3.38534e+07,1.09659,0.121145,0.682531,0.00324703,-0.568203,1,-0.173867,nan,nan,nan,nan,-0.0239755,-0.131102,-0.0303986,nan,-0.233156,0,-0.454688,-0.469802,nan,-1.04221,-0.45278,-0.5974,1.67791,0.6072,-1.26053,-0.046,0.996667,nan
2756,9.9239,1000,0.0142051,0.416667,0,0.0840802,0.773358,0.366081,-0.00927447,-1.91815,5.92593e-05,0.00792237,0.21769,16440.8,0.502793,0.244618,-0.4,0.25,1204.91,3.38657e+07,1.09586,0.127424,0.71365,0.00313622,-0.565178,1,-0.17858,nan,nan,nan,nan,-0.0249155,-0.14111,-0.0317322,nan,-0.233573,0,-0.454589,-0.47647,nan,-1.27473,-0.45949,-0.6051,1.66394,0.5984,-1.286,-0.046,1.07125,nan
2757,10.3782,1000,0.0150467,0.458333,0,0.0847725,0.787775,0.293476,-0.00880303,-1.92045,5.92593e-05,0.00923787,0.217662,15875.4,0.515695,0.258331,-0.4,0.25,1205.68,3.3878e+07,1.06613,0.128963,0.699889,0.00353657,-0.56891,1,-0.192618,nan,nan,nan,nan,-0.027653,-0.158273,-0.0346764,nan,-0.234283,0,-0.455048,-0.482034,nan,-1.43814,-0.461086,-0.614727,1.67529,0.662909,-1.28255,-0.0496364,1.28182,nan
2758,13.802,1000,0.011866,0.666667,0,0.0873214,0.774753,0.389737,-0.00967071,-1.92189,5.92593e-05,0.0120869,0.217656,16064.1,0.505255,0.259681,-0.4,0.25,1206.45,3.38903e+07,1.122,0.113661,0.708265,0.00338567,-0.567162,1,-0.194187,nan,nan,nan,nan,-0.0255792,-0.138226,-0.0326241,nan,-0.232498,0,-0.456191,-0.467123,nan,-1.18625,-0.454452,-0.61275,1.6797,0.64175,-1.30625,-0.05225,1.14688,nan
2759,19.6914,1000,0.0141084,0.791667,0,0.083765,0.769596,0.317587,-0.00940339,-1.92299,5.92593e-05,0.0171117,0.217628,15261.5,0.548702,0.256463,-0.4,0.25,1207.26,3.39026e+07,1.2073,0.129037,0.716957,0.00259197,-0.570557,1,-0.147926,nan,nan,nan,nan,-0.0240262,-0.137971,-0.0284045,nan,-0.232439,0,-0.453227,-0.47121,nan,-0.988457,-0.456181,-0.568421,1.67869,0.533263,-1.28147,-0.0354737,1.1125,nan
2760,9.67615,1000,0.0131347,0.708333,0,0.0838577,0.775764,0.323476,-0.00948247,-1.92594,5.92593e-05,0.0110015,0.21756,15920.1,0.52086,0.250996,-0.4,0.25,1208.03,3.39149e+07,1.08413,0.125476,0.687847,0.00342964,-0.561967,1,-0.193824,nan,nan,nan,nan,-0.023511,-0.128972,-0.0319585,nan,-0.231817,0,-0.455894,-0.455777,nan,-1.24576,-0.445711,-0.601235,1.68156,0.649647,-1.24259,-0.0535294,0.924265,nan
2761,10.9388,1000,0.0144953,0.291667,0,0.0847143,0.772578,0.347187,-0.00931556,-1.92896,5.92593e-05,0.0122344,0.217533,16180.5,0.508721,0.250711,-0.4,0.25,1208.79,3.39272e+07,1.16143,0.127351,0.691295,0.00308608,-0.564168,1,-0.179943,nan,nan,nan,nan,-0.0212814,-0.11184,-0.0299156,nan,-0.230753,0,-0.456728,-0.454365,nan,-1.1599,-0.441277,-0.586286,1.70009,0.609714,-1.27943,-0.0408571,0.810714,nan
2762,14.6416,1000,0.0152919,0.625,0,0.0834152,0.7869,0.33156,-0.00988725,-1.93004,5.92593e-05,0.0124962,0.217546,16215.2,0.508365,0.249443,-0.4,0.25,1209.55,3.39395e+07,1.0391,0.121116,0.709324,0.0032032,-0.578746,1,-0.183733,nan,nan,nan,nan,-0.028015,-0.162331,-0.0347807,nan,-0.23392,0,-0.453596,-0.478395,nan,-1.24855,-0.467226,-0.6364,1.65413,0.645067,-1.3152,-0.0481333,1.42917,nan
2763,20.9302,1000,0.0121764,0.583333,0,0.0866578,0.795313,0.424775,-0.00953902,-1.93078,5.92593e-05,0.0154098,0.217519,16281.1,0.500987,0.253753,-0.4,0.25,1210.3,3.39517e+07,1.13598,0.113226,0.689986,0.00270445,-0.581498,1,-0.152186,nan,nan,nan,nan,-0.0327526,-0.191307,-0.0344991,nan,-0.239069,0,-0.448781,-0.499985,nan,-1.05918,-0.488257,-0.644571,1.61888,0.587429,-1.33086,-0.0407143,1.64196,nan
2764,11.1302,928.357,0.0127309,0.5,0.0833333,0.0831759,0.778516,0.396526,-0.010137,-1.93235,5.92593e-05,0.00926408,0.217505,16659.2,0.498008,0.239603,-0.4,0.25,1211.04,3.3964e+07,1.06841,0.111542,0.645345,0.00275371,-0.529988,0.928357,-0.162957,nan,nan,nan,nan,-0.0254952,-0.143445,-0.0293282,nan,-0.217722,0,-0.421731,-0.441212,nan,-1.16234,-0.427117,-0.571286,1.53355,0.574857,-1.19371,-0.04,1.12946,-0.5
2765,9.97597,976.333,0.0132094,0.333333,0.0416667,0.0841679,0.79146,0.375086,-0.0102306,-1.93368,5.92593e-05,0.0126579,0.217469,16429,0.508137,0.239809,-0.4,0.25,1211.79,3.39763e+07,0.982568,0.125457,0.677629,0.00330302,-0.561975,0.976333,-0.195778,nan,nan,nan,nan,-0.0285739,-0.159468,-0.0354611,nan,-0.229855,0,-0.441205,-0.460172,nan,-1.31359,-0.456508,-0.623333,1.59821,0.671111,-1.26489,-0.0511111,1.34167,-0.5
2766,12.6813,1000,0.0156173,0.666667,0,0.0832849,0.792775,0.391247,-0.00926063,-1.93602,5.92593e-05,0.00997552,0.217431,11723.1,0.667554,0.380629,-0.4,0.25,1212.84,3.39886e+07,1.09523,0.123456,0.700961,0.00301538,-0.564457,1,-0.1764,nan,nan,nan,nan,-0.023861,-0.137193,-0.0306953,nan,-0.231059,0,-0.455044,-0.458244,nan,-1.25265,-0.448365,-0.5955,1.70168,0.596,-1.26275,-0.045375,1.09531,nan
2767,12.3659,1000,0.0160545,0.375,0,0.0835754,0.782884,0.276821,-0.0108978,-1.93832,5.92593e-05,0.0114836,0.217407,12263.2,0.683405,0.31862,-0.4,0.25,1213.85,3.40009e+07,1.0774,0.113667,0.683462,0.00281357,-0.589126,1,-0.148756,nan,nan,nan,nan,-0.0311088,-0.184513,-0.0318692,nan,-0.237598,0,-0.447635,-0.502607,nan,-1.15773,-0.488393,-0.658667,1.6304,0.512889,-1.34844,-0.0397778,1.46389,nan
2768,9.35156,873.875,0.012527,0.25,0.0833333,0.0843063,0.782134,0.340022,-0.0102411,-1.93987,5.92593e-05,0.0151292,0.217411,13169.9,0.599933,0.3331,-0.4,0.25,1214.78,3.40132e+07,0.962904,0.110216,0.60707,0.00284695,-0.487985,0.873875,-0.16315,nan,nan,nan,nan,-0.019093,-0.0996791,-0.0262704,nan,-0.200659,0,-0.397693,-0.398219,nan,-0.993347,-0.384679,-0.52425,1.47169,0.5685,-1.0895,-0.03875,0.81875,-0.5
2769,14.289,1000,0.0159022,0.458333,0,0.0812321,0.772493,0.23434,-0.00805734,-1.94078,5.92593e-05,0.00891563,0.217378,13000.4,0.635026,0.310176,-0.4,0.25,1215.73,3.40255e+07,1.13582,0.140679,0.702279,0.00331847,-0.564273,1,-0.203782,nan,nan,nan,nan,-0.025521,-0.14015,-0.0333644,nan,-0.231228,0,-0.457903,-0.462163,nan,-1.331,-0.444976,-0.582273,1.68743,0.686182,-1.26727,-0.0496364,1.15227,nan
2770,18.252,1000,0.0151331,0.291667,0,0.0822779,0.790772,0.337062,-0.00876725,-1.94384,5.92593e-05,0.0139317,0.217307,14046,0.55558,0.319263,-0.4,0.25,1216.61,3.40378e+07,1.14184,0.122784,0.694287,0.0032388,-0.572173,1,-0.181486,nan,nan,nan,nan,-0.0275719,-0.156613,-0.0327506,nan,-0.231905,0,-0.455658,-0.472352,nan,-1.19753,-0.45754,-0.602571,1.6696,0.654857,-1.32571,-0.0422857,1.38214,nan
2771,19.2184,1000,0.0163831,0.375,0,0.0835869,0.789061,0.259669,-0.00963643,-1.9476,5.92593e-05,0.0103086,0.21726,13227.7,0.618053,0.310906,-0.4,0.25,1217.54,3.405e+07,1.05632,0.113891,0.695379,0.00259287,-0.589278,1,-0.147778,nan,nan,nan,nan,-0.0315526,-0.183179,-0.0332133,nan,-0.238852,0,-0.447641,-0.503625,nan,-1.08779,-0.490289,-0.651667,1.62033,0.564889,-1.34844,-0.0322222,1.69306,nan
2772,12.0028,962.556,0.0119406,0.708333,0.0416667,0.0876563,0.792509,0.527167,-0.0110015,-1.94906,5.92593e-05,0.00852803,0.21726,12700.4,0.618059,0.349472,-0.4,0.25,1218.51,3.40623e+07,1.06329,0.116856,0.670462,0.00304579,-0.53946,0.962556,-0.161689,nan,nan,nan,nan,-0.0226056,-0.123158,-0.0289584,nan,-0.221931,0,-0.439269,-0.447377,nan,-1.06357,-0.429975,-0.587833,1.61273,0.573111,-1.24867,-0.0408889,0.98125,-0.5
2773,8.11093,899.933,0.00910304,0.5,0.125,0.0877827,0.794606,0.346901,-0.0105514,-1.94914,5.92593e-05,0.00815762,0.217271,12939.6,0.615264,0.334376,-0.4,0.25,1219.46,3.40746e+07,0.944812,0.106744,0.617209,0.00332316,-0.511894,0.899933,-0.179627,nan,nan,nan,nan,-0.0255189,-0.137126,-0.031707,nan,-0.209986,0,-0.407328,-0.422061,nan,-1.21435,-0.415329,-0.5582,1.50768,0.637333,-1.1696,-0.0429333,1.11417,-0.5
2774,7.61258,993.385,0.0117266,0.5,0.0416667,0.084718,0.779493,0.331571,-0.00795582,-1.94908,5.92593e-05,0.0118009,0.217283,14444.5,0.567942,0.28276,-0.4,0.25,1220.31,3.40869e+07,0.940788,0.115247,0.656401,0.00354505,-0.573645,0.993385,-0.181615,nan,nan,nan,nan,-0.0301449,-0.169041,-0.0349536,nan,-0.234409,0,-0.448085,-0.479635,nan,-1.27789,-0.470233,-0.651692,1.63522,0.633231,-1.29662,-0.0492308,1.33846,-0.5
2775,10.4424,983.87,0.0120181,0.916667,0.0416667,0.0846849,0.767342,0.411644,-0.00882355,-1.9502,5.92593e-05,0.00977774,0.217262,13139.5,0.618095,0.317099,-0.4,0.25,1221.25,3.40992e+07,1.05374,0.121374,0.68318,0.00341155,-0.558512,0.98387,-0.184687,nan,nan,nan,nan,-0.0264912,-0.14391,-0.0333962,nan,-0.228713,0,-0.447504,-0.464082,nan,-1.27499,-0.448945,-0.612391,1.6373,0.669043,-1.268,-0.0446957,1.12826,-0.5
2776,12.5374,994.526,0.0135072,0.75,0.0416667,0.0845408,0.777674,0.253894,-0.0100348,-1.95252,5.92593e-05,0.0143134,0.217223,12835.2,0.630398,0.32697,-0.4,0.25,1222.2,3.41115e+07,1.07877,0.129325,0.678224,0.00325755,-0.563762,0.994526,-0.164611,nan,nan,nan,nan,-0.0261157,-0.142459,-0.0311318,nan,-0.231359,0,-0.450641,-0.469834,nan,-1.18647,-0.456292,-0.618,1.65242,0.603789,-1.30379,-0.0393684,1.19671,-0.5
2777,14.4532,1000,0.0152278,0.625,0,0.0831749,0.790803,0.306586,-0.00884205,-1.95648,5.92593e-05,0.0101332,0.217157,13298.1,0.607234,0.316805,-0.4,0.25,1223.13,3.41238e+07,1.1033,0.129894,0.689496,0.00330214,-0.569798,1,-0.18388,nan,nan,nan,nan,-0.0248865,-0.132992,-0.0319159,nan,-0.231768,0,-0.454957,-0.455208,nan,-1.17844,-0.451741,-0.6186,1.66515,0.644533,-1.25173,-0.0462667,1.11917,nan
2778,4.79181,1000,0.0141521,0.541667,0,0.0850529,0.785752,0.321924,-0.00903189,-1.96117,5.92593e-05,0.0113914,0.21708,12831.9,0.583161,0.37445,-0.4,0.25,1224.09,3.41361e+07,1.0319,0.12651,0.660259,0.00351936,-0.561226,1,-0.209154,nan,nan,nan,nan,-0.0242,-0.132092,-0.0338239,nan,-0.230304,0,-0.455673,-0.448073,nan,-1.28716,-0.445975,-0.649615,1.67982,0.656,-1.30462,-0.0586154,0.922115,nan
2779,15.2853,937.75,0.0127034,0.458333,0.0416667,0.0830572,0.785155,0.312819,-0.00938531,-1.96613,8.88889e-05,0.00406187,0.217002,13343.6,0.613398,0.30749,-0.4,0.25,1225.01,3.41484e+07,1.08134,0.113014,0.658503,0.00323702,-0.541458,0.93775,-0.167967,nan,nan,nan,nan,-0.0270491,-0.151617,-0.0305403,nan,-0.220784,0,-0.420777,-0.432569,nan,-1.05048,-0.438829,-0.5835,1.5457,0.602667,-1.20933,-0.0395,1.17812,-0.5
2780,13.1099,1000,0.0177453,0.416667,0,0.0820626,0.779787,0.284489,-0.00987489,-1.97202,8.88889e-05,0.0125095,0.216931,12750.2,0.633085,0.330667,-0.4,0.25,1225.98,3.41606e+07,1.06835,0.129941,0.687663,0.00376212,-0.570702,1,-0.21282,nan,nan,nan,nan,-0.0289861,-0.169076,-0.0362036,nan,-0.233457,0,-0.453236,-0.464753,nan,-1.30507,-0.465435,-0.6255,1.67137,0.708,-1.3204,-0.0542,1.32625,nan
2781,7.29371,1000,0.0198008,0.541667,0,0.08289,0.782556,0.261196,-0.00985545,-1.97566,8.88889e-05,0.0134115,0.21694,13022.1,0.620182,0.323443,-0.4,0.25,1226.92,3.41729e+07,1.08541,0.124559,0.686486,0.00356839,-0.566982,1,-0.202862,nan,nan,nan,nan,-0.0246706,-0.130367,-0.034364,nan,-0.230619,0,-0.454845,-0.453755,nan,-1.40201,-0.448285,-0.628385,1.67647,0.688308,-1.28154,-0.0558462,1.01442,nan
2782,7.38287,916.444,0.0146114,0.333333,0.0416667,0.0845276,0.786351,0.346096,-0.00988355,-1.97529,8.88889e-05,0.0124502,0.216971,14236.6,0.573511,0.289614,-0.4,0.25,1227.79,3.41852e+07,0.991571,0.103452,0.620842,0.00337079,-0.526053,0.916444,-0.169978,nan,nan,nan,nan,-0.0247755,-0.134733,-0.0305481,nan,-0.214165,0,-0.41289,-0.429939,nan,-1.1981,-0.42575,-0.602667,1.52512,0.594222,-1.19689,-0.0457778,1.08194,-0.5
2783,14.0352,1000,0.0144168,0.416667,0,0.0835108,0.790843,0.332208,-0.0101179,-1.97538,8.88889e-05,0.00953864,0.216958,15919.9,0.505677,0.266186,-0.4,0.25,1228.56,3.41975e+07,1.04966,0.109823,0.668492,0.00337593,-0.58453,1,-0.16294,nan,nan,nan,nan,-0.0314095,-0.184613,-0.0337155,nan,-0.238529,0,-0.447072,-0.49446,nan,-1.0973,-0.487858,-0.6663,1.63904,0.5928,-1.3124,-0.0428,1.4225,nan
2784,18.33,1000,0.0137754,0.625,0,0.0839398,0.778601,0.360345,-0.00957036,-1.97804,5.92593e-05,0.0201794,0.216906,12211.2,0.61876,0.387528,-0.4,0.25,1229.57,3.42098e+07,1.07153,0.116263,0.688918,0.0033968,-0.575522,1,-0.166533,nan,nan,nan,nan,-0.028496,-0.159137,-0.0324677,nan,-0.23466,0,-0.45008,-0.48058,nan,-1.09011,-0.469749,-0.631,1.65953,0.605867,-1.29627,-0.0410667,1.42667,nan
2785,8.11913,1000,0.0157069,0.166667,0,0.0831047,0.781101,0.346416,-0.0100241,-1.98224,5.92593e-05,0.00942272,0.216852,13027.4,0.619619,0.323621,-0.4,0.25,1230.51,3.42221e+07,1.05287,0.106525,0.674125,0.00324395,-0.577616,1,-0.17115,nan,nan,nan,nan,-0.0268784,-0.140297,-0.0352218,nan,-0.233134,0,-0.456917,-0.482663,nan,-1.17637,-0.45858,-0.6495,1.63664,0.609,-1.278,-0.0495,1.05937,nan
2786,13.7104,956.889,0.0148441,0.333333,0.0416667,0.0836245,0.785124,0.369271,-0.0076489,-1.986,5.92593e-05,0.0089105,0.216839,13157.6,0.60835,0.325556,-0.4,0.25,1231.45,3.42344e+07,1.11378,0.134488,0.688527,0.00296018,-0.537149,0.956889,-0.160556,nan,nan,nan,nan,-0.0206408,-0.108213,-0.0268531,nan,-0.219078,0,-0.435704,-0.428764,nan,-1.09412,-0.421883,-0.543667,1.60517,0.555111,-1.22311,-0.0377778,0.941667,-0.5
2787,13.6337,938.5,0.0146285,0.541667,0.0416667,0.0859979,0.775416,0.330636,-0.0094566,-1.98821,5.92593e-05,0.0130016,0.216797,13556.9,0.632678,0.273726,-0.4,0.25,1232.36,3.42467e+07,0.981848,0.107704,0.643239,0.00298623,-0.539153,0.9385,-0.164814,nan,nan,nan,nan,-0.0280194,-0.156713,-0.0317333,nan,-0.221303,0,-0.422507,-0.452348,nan,-1.16713,-0.443533,-0.599571,1.54566,0.600857,-1.22829,-0.0411429,1.39286,-0.5
2788,15.0174,1000,0.0137595,0.458333,0,0.0839978,0.77544,0.326702,-0.0101871,-1.99072,5.92593e-05,0.0171263,0.216737,15478.1,0.539875,0.254019,-0.4,0.25,1233.15,3.42589e+07,0.998144,0.107167,0.658473,0.00290227,-0.574744,1,-0.155564,nan,nan,nan,nan,-0.0305496,-0.168795,-0.0337346,nan,-0.238379,0,-0.44851,-0.479228,nan,-1.0341,-0.480662,-0.639818,1.62522,0.588,-1.304,-0.0398182,1.39886,nan
2789,18.4123,1000,0.011298,0.625,0,0.0850901,0.789056,0.354339,-0.0099771,-1.99338,5.92593e-05,0.00836059,0.216702,12620.1,0.581564,0.39212,-0.4,0.25,1234.13,3.42712e+07,1.13569,0.120473,0.706747,0.00273589,-0.567876,1,-0.153,nan,nan,nan,nan,-0.0250404,-0.136799,-0.0308311,nan,-0.230813,0,-0.454025,-0.462371,nan,-1.02601,-0.455557,-0.6114,1.65763,0.558667,-1.296,-0.0382667,1.22667,nan
2790,10.5318,932.692,0.0139755,0.5,0.0416667,0.0849014,0.780072,0.280957,-0.0106148,-1.99629,5.92593e-05,0.0149633,0.216651,12228,0.675691,0.329215,-0.4,0.25,1235.13,3.42835e+07,0.979099,0.111057,0.640248,0.00327577,-0.533514,0.932692,-0.179938,nan,nan,nan,nan,-0.0247481,-0.132262,-0.0323288,nan,-0.216363,0,-0.424188,-0.429739,nan,-1.2292,-0.421995,-0.586154,1.53173,0.633231,-1.19015,-0.0464615,1.18077,-0.5
2791,12.512,1000,0.0155524,0.708333,0,0.0841598,0.777615,0.245133,-0.010709,-1.99992,5.92593e-05,0.011435,0.216592,12658.2,0.640961,0.329797,-0.4,0.25,1236.1,3.42958e+07,1.07171,0.128236,0.676794,0.00321662,-0.568184,1,-0.186918,nan,nan,nan,nan,-0.0261012,-0.14392,-0.033225,nan,-0.232068,0,-0.45351,-0.470897,nan,-1.22921,-0.455515,-0.638824,1.66351,0.651765,-1.26541,-0.0489412,1.18309,nan
2792,7.27368,1000,0.0130409,0.333333,0,0.082117,0.778649,0.277747,-0.00951168,-2.00386,5.92593e-05,0.0128803,0.216527,12594.8,0.663614,0.312025,-0.4,0.25,1237.08,3.43081e+07,1.05206,0.126352,0.669998,0.00322489,-0.557063,1,-0.188625,nan,nan,nan,nan,-0.0199304,-0.102129,-0.0301729,nan,-0.228209,0,-0.458612,-0.438795,nan,-1.20446,-0.431426,-0.6195,1.67635,0.6495,-1.2335,-0.04825,0.746875,nan
2793,19.1992,941.333,0.0137171,0.333333,0.0416667,0.0850933,0.77543,0.55663,-0.00912538,-2.00842,5.92593e-05,0.0101209,0.216456,15088,0.563851,0.250572,-0.4,0.25,1237.9,3.43204e+07,1.08954,0.113467,0.66383,0.00245639,-0.540609,0.941333,-0.128378,nan,nan,nan,nan,-0.026076,-0.159955,-0.0279178,nan,-0.220373,0,-0.426123,-0.455712,nan,-0.898445,-0.441812,-0.552,1.56896,0.486222,-1.212,-0.0331111,1.27222,-0.5
2794,11.8866,894.333,0.0126378,0.291667,0.0833333,0.0852816,0.772377,0.329792,-0.0106756,-2.01244,5.92593e-05,0.0114711,0.216404,15454.3,0.504956,0.290165,-0.4,0.25,1238.69,3.43327e+07,0.992744,0.107498,0.607136,0.003039,-0.507399,0.894333,-0.155178,nan,nan,nan,nan,-0.0238769,-0.133381,-0.0286361,nan,-0.207829,0,-0.406536,-0.422191,nan,-0.997811,-0.41049,-0.550667,1.48352,0.561333,-1.164,-0.0375556,1.10139,-0.5
2795,15.7898,974.25,0.0134692,0.625,0.0416667,0.0857384,0.773663,0.33868,-0.00908608,-2.01621,5.92593e-05,0.0105692,0.216347,12549.9,0.626566,0.352564,-0.4,0.25,1239.67,3.4345e+07,1.09159,0.122477,0.655259,0.00347466,-0.554005,0.97425,-0.185787,nan,nan,nan,nan,-0.0268096,-0.143823,-0.0330134,nan,-0.227196,0,-0.444653,-0.465703,nan,-1.13136,-0.444887,-0.617625,1.6254,0.66275,-1.2655,-0.043625,1.26953,-0.5
2796,12.6707,920.2,0.0139939,0.375,0.0416667,0.0849793,0.777237,0.355814,-0.0089189,-2.02017,5.92593e-05,0.00838639,0.216306,12013.7,0.691204,0.331631,-0.4,0.25,1240.7,3.43572e+07,1.02064,0.113991,0.640494,0.00298619,-0.515006,0.9202,-0.16112,nan,nan,nan,nan,-0.0214093,-0.113349,-0.027617,nan,-0.210257,0,-0.421682,-0.424323,nan,-1.08084,-0.406235,-0.5448,1.54866,0.5568,-1.1536,-0.04,1,-0.5
2797,4.09822,967.647,0.012497,0.625,0.0833333,0.0839471,0.77608,0.25526,-0.0102623,-2.02228,5.92593e-05,0.0174521,0.21628,12801.7,0.621027,0.338842,-0.4,0.25,1241.66,3.43695e+07,0.966244,0.120994,0.646134,0.00380368,-0.546903,0.967647,-0.209353,nan,nan,nan,nan,-0.0277559,-0.14639,-0.0352489,nan,-0.223342,0,-0.441995,-0.453719,nan,-1.48572,-0.433667,-0.595412,1.59503,0.735765,-1.22706,-0.0563529,1.11103,-0.5
2798,26.762,1000,0.0169608,0.375,0,0.0829309,0.768889,0.314735,-0.00921104,-2.02436,5.92593e-05,0.0104582,0.216226,13991.7,0.589973,0.288262,-0.4,0.25,1242.54,3.43818e+07,1.22717,0.125168,0.71369,0.00224863,-0.569203,1,-0.114689,nan,nan,nan,nan,-0.02504,-0.148814,-0.0260869,nan,-0.232167,0,-0.455145,-0.474428,nan,-0.880814,-0.460078,-0.571667,1.66017,0.488444,-1.30667,-0.0251111,1.41111,nan
2799,11.1541,1000,0.0180552,0.458333,0,0.07923,0.777017,0.286748,-0.00976634,-2.0274,5.92593e-05,0.00981803,0.21619,16366.3,0.503102,0.247707,-0.4,0.25,1243.29,3.43941e+07,1.05504,0.118647,0.665857,0.00307953,-0.560469,1,-0.178873,nan,nan,nan,nan,-0.0239823,-0.125967,-0.0318129,nan,-0.229559,0,-0.459762,-0.461983,nan,-1.11349,-0.441757,-0.613364,1.6676,0.609818,-1.27527,-0.0494545,1.00341,nan
2800,14.4863,987.15,0.0160717,0.791667,0.0416667,0.0812065,0.780999,0.424487,-0.0091526,-2.02877,5.92593e-05,0.00849527,0.216193,12327.4,0.632097,0.364707,-0.4,0.25,1244.29,3.44064e+07,1.09136,0.12318,0.664212,0.00307383,-0.559835,0.98715,-0.18318,nan,nan,nan,nan,-0.0266751,-0.148827,-0.0331088,nan,-0.228437,0,-0.449863,-0.465689,nan,-1.26509,-0.446911,-0.5904,1.62909,0.648,-1.2654,-0.0466,1.25,-0.5
2801,13.9715,1000,0.0198003,0.666667,0,0.0826332,0.766021,0.305984,-0.00855174,-2.02989,5.92593e-05,0.00716901,0.216186,13530.1,0.603529,0.304669,-0.4,0.25,1247.13,3.44187e+07,1.02799,0.128956,0.681254,0.00273949,-0.566938,1,-0.161187,nan,nan,nan,nan,-0.0257369,-0.146211,-0.0304773,nan,-0.231742,0,-0.453926,-0.472553,nan,-1.12421,-0.455769,-0.611063,1.65485,0.58375,-1.295,-0.042875,1.23672,nan
2802,14.808,1000,0.0202322,0.541667,0,0.0818322,0.759706,0.277478,-0.0085504,-2.03234,5.92593e-05,0.00833757,0.21615,15116.2,0.559783,0.253122,-0.4,0.25,1247.95,3.4431e+07,1.13578,0.134623,0.685893,0.00345454,-0.554034,1,-0.177723,nan,nan,nan,nan,-0.0196152,-0.101067,-0.028336,nan,-0.226389,0,-0.460647,-0.448341,nan,-1.10776,-0.426448,-0.570923,1.69503,0.568,-1.26338,-0.0483077,0.865385,nan
2803,18.0268,1000,0.0181446,0.375,0,0.0809786,0.77088,0.414427,-0.00905779,-2.03453,5.92593e-05,0.0111516,0.216151,15331.7,0.563548,0.237928,-0.4,0.25,1248.75,3.44433e+07,1.22995,0.143218,0.715752,0.00295018,-0.553208,1,-0.181467,nan,nan,nan,nan,-0.0189074,-0.102629,-0.0270288,nan,-0.224868,0,-0.461842,-0.440493,nan,-1.02695,-0.419086,-0.543667,1.70496,0.591556,-1.22844,-0.0473333,0.788889,nan
2804,20.9728,915.444,0.0151627,0.666667,0.0833333,0.0812849,0.772221,0.236917,-0.0103915,-2.03666,5.92593e-05,0.0135844,0.216106,16780.8,0.49211,0.240156,-0.4,0.25,1249.48,3.44556e+07,1.03253,0.105774,0.626173,0.00240442,-0.525392,0.915444,-0.128267,nan,nan,nan,nan,-0.0275153,-0.15844,-0.0293217,nan,-0.214881,0,-0.413729,-0.454056,nan,-0.88049,-0.431836,-0.580833,1.5011,0.51,-1.18644,-0.0295556,1.47153,-0.5
2805,19.0322,1000,0.016779,0.583333,0,0.0802504,0.77652,0.200437,-0.00951101,-2.04111,5.92593e-05,0.014057,0.216043,13487,0.55308,0.358018,-0.4,0.25,1250.4,3.44678e+07,1.04554,0.111145,0.673623,0.00268797,-0.584465,1,-0.147114,nan,nan,nan,nan,-0.0311095,-0.182739,-0.0325312,nan,-0.236179,0,-0.452879,-0.494587,nan,-1.06161,-0.476302,-0.648,1.62492,0.594571,-1.31914,-0.036,1.60179,nan
2806,10.8374,1000,0.0176144,0.5,0,0.082085,0.774438,0.305989,-0.0094612,-2.04566,5.92593e-05,0.00514926,0.216001,12948.1,0.60544,0.34358,-0.4,0.25,1251.35,3.44801e+07,1.10472,0.123855,0.687735,0.00287401,-0.570053,1,-0.181633,nan,nan,nan,nan,-0.0255097,-0.138807,-0.0333996,nan,-0.230514,0,-0.455566,-0.463123,nan,-1.1987,-0.455252,-0.6385,1.65846,0.623667,-1.29967,-0.0468333,1.07812,nan
2807,14.1575,1000,0.0184396,0.541667,0,0.0788446,0.781521,0.26927,-0.00924582,-2.04918,5.92593e-05,0.0124231,0.215987,12271.7,0.585417,0.415913,-0.4,0.25,1252.35,3.44924e+07,1.03645,0.118204,0.67971,0.00295568,-0.566772,1,-0.162246,nan,nan,nan,nan,-0.0252259,-0.140718,-0.0304625,nan,-0.232449,0,-0.453794,-0.460963,nan,-1.0815,-0.45582,-0.617077,1.65527,0.566769,-1.28369,-0.0446154,1.20385,nan
2808,12.2952,939.75,0.0188274,0.458333,0.0416667,0.0792686,0.771289,0.238135,-0.00966518,-2.05147,5.92593e-05,0.00955468,0.215943,13071.5,0.623446,0.316614,-0.4,0.25,1253.29,3.45047e+07,0.992292,0.109731,0.637251,0.0026192,-0.538617,0.93975,-0.1452,nan,nan,nan,nan,-0.0255971,-0.139595,-0.0293879,nan,-0.221073,0,-0.425629,-0.452464,nan,-1.09563,-0.436239,-0.589,1.52742,0.544,-1.218,-0.0375,1.25729,-0.5
2809,19.3219,1000,0.0234019,0.291667,0,0.0787026,0.770783,0.288705,-0.00792586,-2.05433,5.92593e-05,0.0116638,0.215931,12756.8,0.603105,0.360143,-0.4,0.25,1254.26,3.4517e+07,1.03535,0.11385,0.673278,0.00297275,-0.572697,1,-0.169714,nan,nan,nan,nan,-0.0308057,-0.173723,-0.036178,nan,-0.235751,0,-0.451267,-0.492328,nan,-1.28038,-0.468469,-0.621857,1.63911,0.660571,-1.28171,-0.0405714,1.69643,nan
2810,12.9465,1000,0.0201129,0.375,0,0.0785181,0.778864,0.311207,-0.0100094,-2.05568,5.92593e-05,0.00763153,0.21593,12839.2,0.594733,0.362338,-0.4,0.25,1255.21,3.45293e+07,1.10356,0.127165,0.690805,0.00315471,-0.569477,1,-0.183111,nan,nan,nan,nan,-0.0267752,-0.148701,-0.0324266,nan,-0.231444,0,-0.457397,-0.472245,nan,-1.18466,-0.451578,-0.628,1.64595,0.624889,-1.28311,-0.0473333,1.16806,nan
2811,9.67037,1000,0.019552,0.375,0,0.0782511,0.75772,0.212473,-0.00921215,-2.05678,5.92593e-05,0.0109169,0.215921,10419.5,0.807529,0.371795,-0.4,0.25,1256.4,3.45416e+07,1.08082,0.120162,0.67061,0.00360421,-0.557814,1,-0.225156,nan,nan,nan,nan,-0.0241033,-0.129706,-0.03633,nan,-0.229,0,-0.458739,-0.452574,nan,-1.35835,-0.438685,-0.586,1.67178,0.747111,-1.25556,-0.0557778,0.997222,nan
2812,19.8887,1000,0.0195769,0.416667,0,0.0784905,0.755592,0.280398,-0.00863696,-2.05893,5.92593e-05,0.00868504,0.215908,14074.2,0.59166,0.281427,-0.4,0.25,1257.27,3.45539e+07,1.17637,0.129008,0.686613,0.00224788,-0.566781,1,-0.12798,nan,nan,nan,nan,-0.0244278,-0.138719,-0.0270183,nan,-0.231177,0,-0.456804,-0.473904,nan,-0.913407,-0.452472,-0.6126,1.66229,0.5172,-1.2724,-0.0316,1.15,nan
2813,19.3278,1000,0.0175139,0.333333,0,0.0798571,0.772107,0.281644,-0.0089683,-2.06157,5.92593e-05,0.0120952,0.215885,13291.4,0.547995,0.376516,-0.4,0.25,1258.2,3.45661e+07,1.15939,0.143762,0.715743,0.00255806,-0.553161,1,-0.13595,nan,nan,nan,nan,-0.0190561,-0.106029,-0.0241719,nan,-0.224235,0,-0.460269,-0.435269,nan,-0.984237,-0.422981,-0.56625,1.69529,0.4875,-1.2325,-0.03625,0.9625,nan
2814,17.7141,1000,0.0184102,0.666667,0,0.0821934,0.766633,0.32144,-0.00938256,-2.06507,5.92593e-05,0.0106444,0.215833,11791.9,0.684326,0.357746,-0.4,0.25,1259.24,3.45784e+07,1.16319,0.123002,0.676077,0.00260816,-0.560451,1,-0.143225,nan,nan,nan,nan,-0.0243897,-0.135892,-0.0283718,nan,-0.23046,0,-0.458188,-0.463215,nan,-1.10185,-0.442261,-0.573938,1.65076,0.54575,-1.26975,-0.035875,1.19219,nan
2815,18.2888,989.5,0.0142858,0.541667,0.0416667,0.0831054,0.768491,0.293287,-0.00944212,-2.06872,5.92593e-05,0.0119562,0.215774,11716,0.675364,0.373456,-0.4,0.25,1260.29,3.45907e+07,1.09507,0.121877,0.696021,0.0027901,-0.561514,0.9895,-0.156714,nan,nan,nan,nan,-0.026447,-0.148814,-0.0310961,nan,-0.229209,0,-0.453489,-0.475065,nan,-1.10579,-0.44811,-0.563571,1.63215,0.597143,-1.27686,-0.0362857,1.32857,-0.5
2816,14.9019,1000,0.0148865,0.625,0,0.0839296,0.776619,0.21441,-0.00908873,-2.0717,5.92593e-05,0.0154659,0.215724,13682.4,0.622089,0.275997,-0.4,0.25,1261.19,3.4603e+07,1.15487,0.131462,0.688898,0.00287927,-0.553731,1,-0.167667,nan,nan,nan,nan,-0.022186,-0.119701,-0.0282228,nan,-0.225851,0,-0.461021,-0.450721,nan,-1.10378,-0.431149,-0.563,1.68318,0.5904,-1.25547,-0.0416,0.9175,nan
2817,21.4201,1000,0.0197714,1,0,0.0786881,0.766638,0.200365,-0.00987443,-2.07462,5.92593e-05,0.00829786,0.215658,15129.7,0.559582,0.252595,-0.4,0.25,1262,3.46153e+07,1.10753,0.113319,0.674226,0.00286939,-0.569723,1,-0.16615,nan,nan,nan,nan,-0.0303663,-0.172007,-0.034135,nan,-0.234208,0,-0.45575,-0.48386,nan,-1.0281,-0.46732,-0.626375,1.63369,0.624833,-1.2985,-0.0408333,1.52188,nan
2818,17.9156,1000,0.0180395,0.625,0,0.0823821,0.777196,0.297747,-0.00910958,-2.07755,5.92593e-05,0.00979058,0.215626,16541.3,0.498305,0.244561,-0.4,0.25,1262.75,3.46276e+07,1.09848,0.121478,0.657503,0.002851,-0.569194,1,-0.17116,nan,nan,nan,nan,-0.0300191,-0.171336,-0.0340777,nan,-0.233176,0,-0.458432,-0.488614,nan,-1.10132,-0.462798,-0.6264,1.6314,0.645333,-1.26,-0.0397333,1.385,nan
2819,19.1323,1000,0.0173503,0.75,0,0.0841297,0.759569,0.218701,-0.00876608,-2.07877,5.92593e-05,0.0121086,0.215615,16321.5,0.510192,0.24268,-0.4,0.25,1263.5,3.46399e+07,1.09495,0.126405,0.684502,0.0024654,-0.571234,1,-0.1418,nan,nan,nan,nan,-0.0255899,-0.146599,-0.0292361,nan,-0.23114,0,-0.458849,-0.466805,nan,-1.01353,-0.450996,-0.603333,1.64721,0.548222,-1.28667,-0.029,1.30764,nan
2820,14.9115,1000,0.0166254,0.458333,0,0.0805717,0.775894,0.315965,-0.00828913,-2.08066,8.88889e-05,0.00286441,0.21558,12696.5,0.586924,0.380902,-0.4,0.25,1264.47,3.46522e+07,1.17317,0.114484,0.648486,0.00316735,-0.563633,1,-0.197691,nan,nan,nan,nan,-0.0262776,-0.142543,-0.0358548,nan,-0.230873,0,-0.460985,-0.459846,nan,-1.23082,-0.44295,-0.631636,1.66469,0.723636,-1.26255,-0.0498182,1.15341,nan
2821,14.8747,1000,0.0170141,0.541667,0,0.0786141,0.7599,0.221771,-0.0111169,-2.08523,8.88889e-05,0.00975543,0.21552,12394.8,0.634875,0.356505,-0.4,0.25,1265.46,3.46644e+07,1.07927,0.114941,0.668217,0.0027838,-0.562353,1,-0.178338,nan,nan,nan,nan,-0.0275064,-0.154202,-0.0327183,nan,-0.231753,0,-0.458764,-0.484316,nan,-1.08188,-0.450455,-0.629077,1.62785,0.655385,-1.25015,-0.0449231,1.18173,nan
2822,16.7291,1000,0.0172932,0.291667,0,0.0801443,0.765184,0.275253,-0.00989354,-2.09085,8.88889e-05,0.0127294,0.215458,12318.8,0.624619,0.372879,-0.4,0.25,1266.46,3.46767e+07,1.10812,0.123478,0.677965,0.00274056,-0.561415,1,-0.165086,nan,nan,nan,nan,-0.0242504,-0.132483,-0.0300228,nan,-0.22864,0,-0.4599,-0.476921,nan,-1.10869,-0.438823,-0.582,1.65946,0.578286,-1.28229,-0.0391429,1.21607,nan
2823,18.7039,1000,0.0162449,0.416667,0,0.0839058,0.77017,0.259848,-0.0104024,-2.09448,8.88889e-05,0.01439,0.215472,12473.5,0.601578,0.383548,-0.4,0.25,1267.45,3.4689e+07,1.12697,0.12764,0.695916,0.00248332,-0.56722,1,-0.1537,nan,nan,nan,nan,-0.0259936,-0.146572,-0.0301319,nan,-0.231025,0,-0.459791,-0.452016,nan,-0.957449,-0.452972,-0.6111,1.63546,0.5568,-1.3084,-0.0362,1.2225,nan
2824,22.5176,1000,0.0189743,0.416667,0,0.0813038,0.75447,0.260249,-0.0102237,-2.09653,8.88889e-05,0.00645517,0.215443,14430.6,0.561486,0.290036,-0.4,0.25,1268.3,3.47013e+07,1.15614,0.128866,0.686996,0.00238425,-0.570933,1,-0.1459,nan,nan,nan,nan,-0.0263872,-0.147519,-0.0301735,nan,-0.233262,0,-0.457583,-0.466853,nan,-1.10416,-0.453341,-0.5793,1.64965,0.562,-1.2664,-0.0346,1.45625,nan
2825,23.0101,1000,0.0174331,0.583333,0,0.0804616,0.766439,0.301746,-0.0107389,-2.10014,8.88889e-05,0.0193807,0.215401,12964,0.573186,0.37467,-0.4,0.25,1269.25,3.47136e+07,1.15471,0.127654,0.696536,0.0024561,-0.562666,1,-0.153886,nan,nan,nan,nan,-0.0245987,-0.133276,-0.0294868,nan,-0.230953,0,-0.457497,-0.45616,nan,-0.945855,-0.446193,-0.571714,1.66558,0.579429,-1.28086,-0.0362857,1.25357,nan
2826,18.0999,1000,0.01713,0.375,0,0.0805634,0.764048,0.249904,-0.00962527,-2.10323,8.88889e-05,0.0162181,0.215402,12816.7,0.625489,0.333263,-0.4,0.25,1270.21,3.47259e+07,1.05473,0.1254,0.674555,0.0025479,-0.569639,1,-0.159222,nan,nan,nan,nan,-0.029754,-0.167958,-0.033695,nan,-0.233704,0,-0.458316,-0.474232,nan,-1.09707,-0.461092,-0.628,1.62028,0.629333,-1.32489,-0.0406667,1.47639,nan
2827,19.4217,1000,0.0157505,0.291667,0,0.0816777,0.777409,0.330421,-0.00850764,-2.10542,8.88889e-05,0.0116694,0.215346,12141.8,0.625086,0.386952,-0.4,0.25,1271.23,3.47382e+07,1.15952,0.129105,0.687954,0.00254764,-0.552577,1,-0.157686,nan,nan,nan,nan,-0.0229397,-0.123619,-0.0292084,nan,-0.226756,0,-0.459779,-0.459462,nan,-0.985475,-0.43449,-0.615429,1.67288,0.595429,-1.23429,-0.0371429,1.0625,nan
2828,17.6063,1000,0.0157878,0.333333,0,0.0822497,0.774167,0.307003,-0.00989999,-2.10943,8.88889e-05,0.0159174,0.215331,14138,0.567206,0.30194,-0.4,0.25,1272.1,3.47505e+07,1.18965,0.143789,0.681122,0.00223765,-0.560047,1,-0.137775,nan,nan,nan,nan,-0.0200778,-0.113907,-0.0243591,nan,-0.227179,0,-0.46323,-0.448187,nan,-0.872611,-0.431353,-0.589875,1.65749,0.4955,-1.247,-0.03825,0.884375,nan
2829,21.9836,1000,0.0201713,0.416667,0,0.0804712,0.763641,0.234389,-0.0104054,-2.11053,8.88889e-05,0.00546399,0.215333,15780.8,0.533011,0.245655,-0.4,0.25,1272.88,3.47628e+07,1.01659,0.113134,0.703092,0.00274595,-0.58053,1,-0.15838,nan,nan,nan,nan,-0.0326317,-0.192309,-0.0343028,nan,-0.234569,0,-0.456198,-0.502161,nan,-1.21234,-0.470082,-0.6321,1.60762,0.6424,-1.3076,-0.0382,1.865,nan
2830,11.6668,963.6,0.0208831,0.583333,0.0416667,0.079541,0.776644,0.258387,-0.00898344,-2.11209,8.88889e-05,0.0108842,0.215313,14941.5,0.555415,0.26699,-0.4,0.25,1273.7,3.4775e+07,1.0272,0.111247,0.616084,0.00264291,-0.539681,0.9636,-0.17464,nan,nan,nan,nan,-0.0254425,-0.136864,-0.0323262,nan,-0.223219,0,-0.442911,-0.447614,nan,-1.12398,-0.433539,-0.594,1.60215,0.6288,-1.21813,-0.0452,1.1025,-0.5
2831,19.9886,1000,0.0206594,0.625,0,0.0790696,0.779979,0.242825,-0.00986563,-2.11443,8.88889e-05,0.0159457,0.215316,13974.2,0.617976,0.261357,-0.4,0.25,1274.58,3.47873e+07,1.10356,0.118475,0.687666,0.00262386,-0.567914,1,-0.15624,nan,nan,nan,nan,-0.0254943,-0.1419,-0.0310084,nan,-0.23117,0,-0.458672,-0.466638,nan,-0.932452,-0.451907,-0.5988,1.63473,0.594133,-1.24933,-0.0410667,1.21083,nan
2832,21.4003,1000,0.0174029,0.583333,0,0.0804536,0.772799,0.224143,-0.0104164,-2.11586,8.88889e-05,0.0132079,0.215299,15896,0.517582,0.255442,-0.4,0.25,1275.36,3.47996e+07,1.15662,0.127153,0.702091,0.00258155,-0.565075,1,-0.156,nan,nan,nan,nan,-0.0235151,-0.129761,-0.0286454,nan,-0.229364,0,-0.460059,-0.454792,nan,-0.901324,-0.442056,-0.586929,1.66505,0.577429,-1.25543,-0.036,1.10804,nan
2833,14.7152,1000,0.0198984,0.625,0,0.0806335,0.780969,0.331633,-0.0107812,-2.11811,8.88889e-05,0.0191904,0.215291,15956.3,0.519146,0.250959,-0.4,0.25,1276.13,3.48119e+07,1.1238,0.122276,0.693803,0.00277887,-0.555544,1,-0.173787,nan,nan,nan,nan,-0.021834,-0.116969,-0.0291012,nan,-0.226473,0,-0.463841,-0.444881,nan,-1.0992,-0.429879,-0.5752,1.68261,0.6064,-1.22693,-0.0422667,0.91,nan
2834,13.034,959.75,0.0167772,0.291667,0.0416667,0.0813821,0.769463,0.352004,-0.00873711,-2.11949,8.88889e-05,0.0158486,0.215314,16402.8,0.500782,0.248359,-0.4,0.25,1276.88,3.48242e+07,1.08482,0.115213,0.625058,0.00320368,-0.535511,0.95975,-0.2007,nan,nan,nan,nan,-0.0274261,-0.150441,-0.0335266,nan,-0.221709,0,-0.442604,-0.454575,nan,-1.2281,-0.426083,-0.606,1.58539,0.683,-1.21,-0.054,1.24844,-0.5
2835,13.1552,1000,0.0194097,0.5,0,0.0803513,0.774203,0.306406,-0.00990391,-2.12093,8.88889e-05,0.0130505,0.215295,16272.6,0.501545,0.253588,-0.4,0.25,1277.63,3.48365e+07,1.0941,0.134586,0.658724,0.00288689,-0.558625,1,-0.186233,nan,nan,nan,nan,-0.0245739,-0.137248,-0.0316399,nan,-0.229839,0,-0.459982,-0.455684,nan,-1.13261,-0.441587,-0.62575,1.66161,0.638333,-1.251,-0.0466667,1.04896,nan
2836,24.7445,968.571,0.018267,0.25,0.0416667,0.0786297,0.78515,0.334685,-0.00979839,-2.12412,8.88889e-05,0.0145377,0.215247,16164.7,0.501213,0.258962,-0.4,0.25,1278.4,3.48488e+07,1.04604,0.117445,0.653278,0.00253304,-0.552522,0.968571,-0.1542,nan,nan,nan,nan,-0.0291929,-0.161477,-0.0312495,nan,-0.226694,0,-0.442403,-0.463061,nan,-0.933247,-0.447528,-0.595286,1.58443,0.574286,-1.20343,-0.0351429,1.6375,-0.5
2837,14.1992,1000,0.019067,0.583333,0,0.081127,0.787257,0.239868,-0.00996324,-2.12881,8.88889e-05,0.0151739,0.215166,16253.5,0.506823,0.249199,-0.4,0.25,1279.15,3.48611e+07,1.07322,0.123313,0.659491,0.00323175,-0.562417,1,-0.192729,nan,nan,nan,nan,-0.0279738,-0.15111,-0.0343367,nan,-0.230554,0,-0.460629,-0.47052,nan,-1.20813,-0.447226,-0.621214,1.65676,0.696571,-1.25514,-0.0531429,1.2125,nan
2838,10.2566,1000,0.0205853,0.541667,0,0.0811324,0.775808,0.214197,-0.0106303,-2.13569,8.88889e-05,0.0147262,0.21507,16343,0.504464,0.247417,-0.4,0.25,1279.91,3.48733e+07,1.04758,0.12122,0.643451,0.00302025,-0.559227,1,-0.189215,nan,nan,nan,nan,-0.0257996,-0.144016,-0.0312269,nan,-0.228982,0,-0.463686,-0.458515,nan,-1.24165,-0.436195,-0.614308,1.64473,0.666769,-1.26062,-0.048,1.0875,nan
2839,18.619,1000,0.0187095,0.625,0,0.0783566,0.790129,0.315856,-0.0102032,-2.14198,8.88889e-05,0.0125667,0.215022,16071.2,0.516902,0.247696,-0.4,0.25,1280.67,3.48856e+07,1.20188,0.132491,0.673901,0.00278517,-0.547227,1,-0.162253,nan,nan,nan,nan,-0.0201995,-0.109487,-0.0269413,nan,-0.223938,0,-0.464293,-0.438409,nan,-1.02131,-0.417108,-0.5632,1.6962,0.578667,-1.23067,-0.0405333,0.8425,nan
2840,17.6206,1000,0.0222275,0.333333,0,0.0795499,0.776736,0.225679,-0.00987883,-2.14474,8.88889e-05,0.0199033,0.21504,16130.7,0.513301,0.248475,-0.4,0.25,1281.44,3.48979e+07,1.16589,0.126428,0.669248,0.00336994,-0.559391,1,-0.193825,nan,nan,nan,nan,-0.0241818,-0.136038,-0.0329121,nan,-0.226838,0,-0.460608,-0.454043,nan,-1.05969,-0.436496,-0.600375,1.684,0.6745,-1.25,-0.05175,1.04375,nan
2841,21.7438,1000,0.0213741,0.75,0,0.0797024,0.778298,0.34474,-0.00997831,-2.14421,8.88889e-05,0.00751165,0.215055,16035.3,0.517807,0.248502,-0.4,0.25,1282.2,3.49102e+07,1.15342,0.133481,0.694044,0.00282624,-0.56376,1,-0.158633,nan,nan,nan,nan,-0.0263563,-0.153617,-0.0317451,nan,-0.228604,0,-0.460584,-0.461913,nan,-1.07796,-0.440215,-0.580833,1.66772,0.611778,-1.26267,-0.041,1.31181,nan
2842,25.8689,1000,0.0198301,0.833333,0,0.0782423,0.782857,0.217521,-0.0110068,-2.14522,8.88889e-05,0.0129202,0.214992,16425.9,0.503886,0.244203,-0.4,0.25,1282.95,3.49225e+07,1.20415,0.127828,0.698722,0.00250221,-0.562402,1,-0.14945,nan,nan,nan,nan,-0.0253317,-0.138924,-0.0298523,nan,-0.228345,0,-0.461825,-0.462658,nan,-0.973337,-0.44181,-0.56775,1.66075,0.591,-1.2466,-0.0351,1.33187,nan
2843,13.7868,1000,0.0207469,0.458333,0,0.0779346,0.775401,0.287003,-0.0104686,-2.14968,8.88889e-05,0.0132666,0.214944,15844.7,0.532914,0.242614,-0.4,0.25,1283.73,3.49348e+07,1.03372,0.128622,0.673132,0.00296958,-0.560518,1,-0.173818,nan,nan,nan,nan,-0.0255755,-0.143423,-0.0317483,nan,-0.228603,0,-0.461281,-0.457801,nan,-1.15158,-0.442135,-0.584727,1.66974,0.614182,-1.25455,-0.0445455,1.12727,nan
2844,20.6347,1000,0.0170069,0.541667,0,0.0812167,0.777089,0.33787,-0.0104212,-2.15202,8.88889e-05,0.0176867,0.214917,16196.1,0.509718,0.248985,-0.4,0.25,1284.49,3.49471e+07,1.16555,0.129147,0.662321,0.00229074,-0.566694,1,-0.136185,nan,nan,nan,nan,-0.0241624,-0.135405,-0.0272511,nan,-0.229645,0,-0.460635,-0.467081,nan,-0.890704,-0.448983,-0.584769,1.67544,0.509231,-1.24615,-0.0301538,1.13558,nan
2845,18.1991,1000,0.015984,0.541667,0,0.0777523,0.785885,0.216968,-0.00891899,-2.15433,5.92593e-05,0.0226315,0.214876,16314.2,0.499616,0.253593,-0.4,0.25,1285.25,3.49594e+07,1.12133,0.127033,0.652862,0.0029106,-0.561528,1,-0.168508,nan,nan,nan,nan,-0.0263031,-0.143918,-0.0318954,nan,-0.229327,0,-0.460245,-0.463693,nan,-1.11933,-0.44603,-0.602077,1.65303,0.643385,-1.26892,-0.0409231,1.27212,nan
2846,21.2697,1000,0.0189084,0.541667,0,0.080161,0.778754,0.333568,-0.00842825,-2.15531,5.92593e-05,0.0105036,0.214875,16361.1,0.501232,0.249818,-0.4,0.25,1286,3.49716e+07,1.12702,0.122479,0.669894,0.00259969,-0.560492,1,-0.154446,nan,nan,nan,nan,-0.0264649,-0.151476,-0.0303722,nan,-0.230234,0,-0.461178,-0.475094,nan,-0.930117,-0.450003,-0.617077,1.6396,0.575385,-1.25477,-0.0413846,1.30962,nan
2847,13.073,1000,0.0176763,0.541667,0,0.079626,0.780489,0.208288,-0.00749208,-2.15619,5.92593e-05,0.00811973,0.214862,16174.6,0.515006,0.244706,-0.4,0.25,1286.76,3.49839e+07,1.11048,0.118383,0.663498,0.00338363,-0.560092,1,-0.215077,nan,nan,nan,nan,-0.0285224,-0.156827,-0.036037,nan,-0.229282,0,-0.459294,-0.464136,nan,-1.34533,-0.443595,-0.604846,1.6556,0.729846,-1.25108,-0.0555385,1.22212,nan
2848,12.5546,996.5,0.0159145,0.375,0.0416667,0.0800256,0.774732,0.262698,-0.00866308,-2.15839,5.92593e-05,0.00659318,0.214828,14877.2,0.570317,0.255645,-0.4,0.25,1287.59,3.49962e+07,1.08626,0.117189,0.671128,0.00314745,-0.552207,0.9965,-0.1869,nan,nan,nan,nan,-0.0238695,-0.129013,-0.0308298,nan,-0.224479,0,-0.46217,-0.448253,nan,-1.12399,-0.426,-0.6012,1.67536,0.626,-1.2576,-0.0476,1.01625,-0.5
2849,20.1868,1000,0.0190332,0.625,0,0.0791759,0.762456,0.241295,-0.00954554,-2.16104,5.92593e-05,0.0174061,0.214805,16286,0.512957,0.241558,-0.4,0.25,1288.34,3.50085e+07,1.11406,0.119942,0.672812,0.00252993,-0.559387,1,-0.149,nan,nan,nan,nan,-0.0264121,-0.153085,-0.0301963,nan,-0.228538,0,-0.46129,-0.473361,nan,-1.02559,-0.44181,-0.6008,1.6529,0.5688,-1.2528,-0.0369333,1.3175,nan
2850,15.7529,1000,0.0186118,0.458333,0,0.0771434,0.786499,0.380043,-0.00921741,-2.16334,5.92593e-05,0.0081839,0.214793,16689.7,0.494801,0.241461,-0.4,0.25,1289.08,3.50208e+07,1.13013,0.12273,0.654951,0.00319608,-0.560224,1,-0.186691,nan,nan,nan,nan,-0.0252875,-0.143039,-0.0327324,nan,-0.226535,0,-0.462,-0.460202,nan,-1.10524,-0.435373,-0.587727,1.6756,0.641091,-1.28255,-0.0483636,1.11591,nan
2851,11.6963,1000,0.017649,0.25,0,0.079632,0.775954,0.318114,-0.00959087,-2.16503,5.92593e-05,0.0130417,0.214776,16746.2,0.492867,0.240913,-0.4,0.25,1289.81,3.50331e+07,1.10047,0.123969,0.624109,0.0026286,-0.564384,1,-0.181833,nan,nan,nan,nan,-0.0300918,-0.163678,-0.0343071,nan,-0.230795,0,-0.459027,-0.491154,nan,-1.26526,-0.460285,-0.662,1.63379,0.703333,-1.28133,-0.046,1.26667,nan
2852,14.3692,1000,0.0183584,0.416667,0,0.0798051,0.776419,0.332175,-0.00857773,-2.16763,5.92593e-05,0.0132522,0.214759,16073.7,0.520152,0.244328,-0.4,0.25,1290.58,3.50454e+07,1.0674,0.13644,0.652458,0.00266146,-0.554953,1,-0.17606,nan,nan,nan,nan,-0.0246919,-0.136844,-0.0310061,nan,-0.226267,0,-0.460784,-0.454175,nan,-1.18932,-0.435602,-0.5949,1.67455,0.6068,-1.2364,-0.0496,1.14875,nan
2853,8.01547,995.125,0.0200186,0.291667,0.0416667,0.0795965,0.777776,0.348798,-0.00862353,-2.17041,5.92593e-05,0.00979606,0.214703,16780.6,0.490803,0.24147,-0.4,0.25,1291.31,3.50577e+07,1.04762,0.126901,0.645216,0.00331986,-0.548608,0.995125,-0.218475,nan,nan,nan,nan,-0.0242131,-0.130316,-0.034594,nan,-0.224641,0,-0.459645,-0.447515,nan,-1.31149,-0.424403,-0.5865,1.68137,0.719,-1.2235,-0.05575,0.934375,-0.5
2854,19.967,1000,0.0197375,0.291667,0,0.0796115,0.772235,0.297966,-0.00907626,-2.1747,5.92593e-05,0.0113031,0.214637,15727.5,0.507008,0.2743,-0.4,0.25,1292.1,3.507e+07,1.18589,0.143541,0.722215,0.00241152,-0.55331,1,-0.151857,nan,nan,nan,nan,-0.0184361,-0.0995761,-0.0259158,nan,-0.221992,0,-0.464108,-0.433381,nan,-1.10131,-0.411265,-0.526286,1.67944,0.534286,-1.208,-0.0397143,0.985714,nan
2855,20.0213,948.571,0.019581,0.541667,0.0416667,0.0770299,0.767237,0.315146,-0.008918,-2.17805,5.92593e-05,0.0144834,0.214593,16406,0.496764,0.25223,-0.4,0.25,1292.85,3.50822e+07,1.18168,0.128292,0.686597,0.00214282,-0.52459,0.948571,-0.128929,nan,nan,nan,nan,-0.0199021,-0.112728,-0.0236418,nan,-0.213698,0,-0.43753,-0.420702,nan,-0.877291,-0.404761,-0.543429,1.58441,0.474857,-1.15914,-0.032,0.928571,-0.5
2856,13.2284,1000,0.0164215,0.5,0,0.080517,0.779031,0.252536,-0.0100976,-2.18015,5.92593e-05,0.0144552,0.214596,15002.8,0.570566,0.248484,-0.4,0.25,1293.67,3.50945e+07,1.15764,0.12631,0.659254,0.0029968,-0.557867,1,-0.17995,nan,nan,nan,nan,-0.023736,-0.122532,-0.0305454,nan,-0.227581,0,-0.459986,-0.468547,nan,-1.16443,-0.43206,-0.58175,1.69124,0.654,-1.25033,-0.0463333,0.915625,nan
2857,18.0451,1000,0.0184522,0.666667,0,0.0781277,0.765136,0.202878,-0.00909723,-2.18151,5.92593e-05,0.0135385,0.214545,16188.7,0.513517,0.245531,-0.4,0.25,1294.43,3.51068e+07,1.18453,0.131827,0.66299,0.00261415,-0.557647,1,-0.171637,nan,nan,nan,nan,-0.0225667,-0.126446,-0.028318,nan,-0.225096,0,-0.461612,-0.45411,nan,-1.00753,-0.424808,-0.56925,1.68885,0.5965,-1.228,-0.040375,0.952344,nan
2858,16.8492,1000,0.0199056,0.875,0,0.07787,0.771833,0.307917,-0.0100455,-2.18524,5.92593e-05,0.015547,0.214503,15887.2,0.496163,0.27729,-0.4,0.25,1295.2,3.51191e+07,1.10912,0.120707,0.652588,0.00277736,-0.563291,1,-0.167971,nan,nan,nan,nan,-0.0254006,-0.143134,-0.0310729,nan,-0.228703,0,-0.45772,-0.461688,nan,-1.06448,-0.442029,-0.606,1.67777,0.620762,-1.25962,-0.0413333,1.15119,nan
2859,17.1761,960.273,0.0173458,0.875,0.0416667,0.0789959,0.781438,0.281681,-0.00974379,-2.18761,5.92593e-05,0.0120411,0.21446,16297.9,0.498113,0.255851,-0.4,0.25,1295.96,3.51314e+07,1.17717,0.119443,0.655476,0.00283585,-0.529924,0.960273,-0.171191,nan,nan,nan,nan,-0.0210706,-0.112172,-0.0282825,nan,-0.216715,0,-0.442132,-0.430804,nan,-1.01362,-0.409974,-0.551591,1.61783,0.592182,-1.17727,-0.0440909,0.859091,-0.5
2860,16.025,1000,0.0189114,0.666667,0,0.0797664,0.772558,0.365251,-0.0101622,-2.19133,5.92593e-05,0.0125374,0.214412,16173,0.516512,0.243274,-0.4,0.25,1296.72,3.51437e+07,1.17171,0.114346,0.69048,0.00291482,-0.557733,1,-0.17245,nan,nan,nan,nan,-0.0242691,-0.131859,-0.0299162,nan,-0.228035,0,-0.458672,-0.452669,nan,-1.09754,-0.435884,-0.577313,1.66605,0.6115,-1.268,-0.0425,1.02109,nan
2861,18.7751,930.071,0.0196243,0.541667,0.0416667,0.0797046,0.770678,0.253712,-0.00941922,-2.19556,5.92593e-05,0.0161938,0.214362,16030.6,0.514387,0.252149,-0.4,0.25,1297.49,3.5156e+07,1.07663,0.122968,0.61323,0.00241468,-0.511462,0.930071,-0.140529,nan,nan,nan,nan,-0.0210624,-0.115818,-0.0263115,nan,-0.209142,0,-0.429603,-0.4324,nan,-0.920601,-0.397776,-0.560357,1.58218,0.514,-1.15657,-0.032,1.08661,-0.5
2862,15.6862,943.667,0.0182832,0.458333,0.0416667,0.0778203,0.771657,0.375323,-0.00877641,-2.19954,5.92593e-05,0.0143582,0.21433,14615,0.513973,0.326804,-0.4,0.25,1298.33,3.51683e+07,1.17499,0.142013,0.677779,0.00251763,-0.514879,0.943667,-0.152517,nan,nan,nan,nan,-0.0158414,-0.0847042,-0.0228535,nan,-0.208438,0,-0.438727,-0.394086,nan,-0.853094,-0.383969,-0.54225,1.62012,0.492,-1.16867,-0.0408333,0.59375,-0.5
2863,22.5504,978,0.0197496,0.458333,0.0416667,0.0784311,0.776156,0.27146,-0.0100766,-2.20106,5.92593e-05,0.0139845,0.214331,12192.6,0.653855,0.353969,-0.4,0.25,1299.34,3.51805e+07,1.2127,0.121773,0.646566,0.00200273,-0.541659,0.978,-0.128667,nan,nan,nan,nan,-0.0217028,-0.117714,-0.0248562,nan,-0.220747,0,-0.450061,-0.44975,nan,-0.797181,-0.424563,-0.56375,1.65226,0.484,-1.21,-0.0285,1.05104,-0.5
2864,16.2473,1000,0.0241392,0.416667,0,0.0766301,0.757954,0.299038,-0.010007,-2.20176,5.92593e-05,0.0151174,0.21432,12781.9,0.644642,0.316721,-0.4,0.25,1300.3,3.51928e+07,1.16698,0.116447,0.650719,0.00273275,-0.568458,1,-0.157,nan,nan,nan,nan,-0.0289378,-0.169044,-0.0324803,nan,-0.229785,0,-0.457863,-0.483003,nan,-1.07834,-0.45961,-0.6729,1.63256,0.584,-1.3152,-0.0372,1.34875,nan
2865,19.0589,1000,0.0205694,0.375,0,0.0811647,0.780496,0.298965,-0.0086321,-2.20406,5.92593e-05,0.0115524,0.214289,13381.1,0.599202,0.319108,-0.4,0.25,1301.22,3.52051e+07,1.16562,0.121213,0.667764,0.00233455,-0.55747,1,-0.149022,nan,nan,nan,nan,-0.0240143,-0.138919,-0.0286218,nan,-0.226765,0,-0.460952,-0.463396,nan,-0.944104,-0.436175,-0.606667,1.65995,0.555556,-1.24978,-0.0433333,1.10972,nan
2866,10.7821,913.9,0.0204441,0.375,0.0416667,0.0797567,0.77683,0.335866,-0.00933208,-2.20637,5.92593e-05,0.0111352,0.214278,13580.8,0.611132,0.293672,-0.4,0.25,1302.13,3.52174e+07,0.990119,0.116837,0.60065,0.00277975,-0.505103,0.9139,-0.17354,nan,nan,nan,nan,-0.0234238,-0.128365,-0.0288574,nan,-0.208251,0,-0.418319,-0.433396,nan,-1.08886,-0.399194,-0.5304,1.51873,0.5948,-1.1108,-0.0502,0.95,-0.5
2867,20.0611,1000,0.0198892,0.75,0,0.0807227,0.772147,0.330974,-0.00908145,-2.20751,5.92593e-05,0.0115858,0.21428,15233,0.558035,0.248634,-0.4,0.25,1302.94,3.52297e+07,1.16156,0.128584,0.699892,0.00291896,-0.55918,1,-0.179322,nan,nan,nan,nan,-0.0253234,-0.144361,-0.0306775,nan,-0.226975,0,-0.458731,-0.463757,nan,-1.11422,-0.436598,-0.591833,1.66149,0.624,-1.25022,-0.0448889,1.25069,nan
2868,9.26907,1000,0.0176392,0.166667,0,0.0825122,0.781352,0.390195,-0.00863253,-2.20942,5.92593e-05,0.0119489,0.214245,16807.5,0.492581,0.23852,-0.4,0.25,1303.67,3.5242e+07,1.078,0.153091,0.632389,0.00232228,-0.544332,1,-0.16735,nan,nan,nan,nan,-0.0186098,-0.0996431,-0.0264963,nan,-0.221113,0,-0.461884,-0.438419,nan,-0.963908,-0.4177,-0.5955,1.69511,0.522,-1.192,-0.0475,0.575,nan
2869,26.2296,1000,0.0211288,0.333333,0,0.0805918,0.783558,0.307757,-0.0106438,-2.21157,5.92593e-05,0.0123871,0.214248,16588,0.501689,0.239086,-0.4,0.25,1304.41,3.52543e+07,1.12791,0.112777,0.684391,0.00321284,-0.576781,1,-0.17005,nan,nan,nan,nan,-0.0307191,-0.172098,-0.0347069,nan,-0.234022,0,-0.45179,-0.487571,nan,-0.9452,-0.468353,-0.619875,1.64074,0.6455,-1.265,-0.04375,1.59687,nan
2870,17.1602,1000,0.0170938,0.416667,0,0.082905,0.779543,0.382451,-0.0090663,-2.21256,5.92593e-05,0.0176258,0.214248,16523.1,0.501705,0.241979,-0.4,0.25,1305.16,3.52666e+07,1.24545,0.131759,0.713994,0.00326241,-0.552643,1,-0.18252,nan,nan,nan,nan,-0.0199644,-0.11247,-0.0271532,nan,-0.222145,0,-0.463066,-0.443767,nan,-1.11006,-0.415515,-0.552,1.69135,0.5996,-1.2532,-0.0504,0.8775,nan
2871,24.8182,970.462,0.0194436,0.5,0.0416667,0.0785159,0.758206,0.301564,-0.00958614,-2.21433,5.92593e-05,0.00924067,0.21424,16327.7,0.509714,0.242874,-0.4,0.25,1305.91,3.52788e+07,1.22482,0.137709,0.69945,0.00234343,-0.535396,0.970462,-0.121492,nan,nan,nan,nan,-0.0233109,-0.130948,-0.0250784,nan,-0.21898,0,-0.444674,-0.435671,nan,-0.843782,-0.421603,-0.530538,1.6326,0.481846,-1.24092,-0.0301538,1.13269,-0.5
2872,16.2571,941.778,0.0138644,0.666667,0.0833333,0.0828433,0.768061,0.359158,-0.0101646,-2.21523,5.92593e-05,0.009532,0.214257,16597.3,0.500249,0.240114,-0.4,0.25,1306.65,3.52911e+07,1.06779,0.123259,0.630927,0.00245639,-0.533327,0.941778,-0.141756,nan,nan,nan,nan,-0.0247338,-0.135979,-0.0274351,nan,-0.214736,0,-0.429953,-0.437765,nan,-1.01647,-0.418082,-0.585333,1.55891,0.510444,-1.19044,-0.0354444,1.22431,-0.5
2873,22.0679,930.167,0.0189369,0.458333,0.0416667,0.0818329,0.781214,0.28878,-0.00919794,-2.21537,5.92593e-05,0.0135688,0.21424,16518.4,0.501242,0.242656,-0.4,0.25,1307.4,3.53034e+07,1.04163,0.110432,0.642133,0.00233719,-0.527942,0.930167,-0.135383,nan,nan,nan,nan,-0.0253847,-0.141616,-0.0280298,nan,-0.213701,0,-0.424866,-0.449067,nan,-0.829141,-0.423304,-0.5755,1.52592,0.511,-1.21567,-0.03,1.40104,-0.5
2874,16.151,1000,0.0167065,0.666667,0,0.0811802,0.78207,0.410279,-0.00835219,-2.21739,5.92593e-05,0.0148505,0.214236,16538.3,0.499659,0.243344,-0.4,0.25,1308.14,3.53157e+07,1.18322,0.128915,0.678161,0.00312069,-0.556428,1,-0.1858,nan,nan,nan,nan,-0.0234785,-0.127884,-0.0318438,nan,-0.226003,0,-0.45943,-0.454314,nan,-1.20985,-0.432777,-0.6015,1.68444,0.64425,-1.2555,-0.046625,1.09687,nan
2875,16.0747,927.929,0.0182413,0.5,0.0833333,0.0804255,0.767572,0.289269,-0.00918339,-2.21893,5.92593e-05,0.0120166,0.214211,15533.4,0.50709,0.28398,-0.4,0.25,1308.93,3.5328e+07,1.0478,0.11606,0.604905,0.00264254,-0.519597,0.927929,-0.148643,nan,nan,nan,nan,-0.0247354,-0.135363,-0.0293454,nan,-0.21301,0,-0.42345,-0.445588,nan,-1.1006,-0.416585,-0.562929,1.53592,0.559429,-1.20171,-0.0408571,1.26429,-0.5
2876,23.8608,986.5,0.0181066,0.291667,0.0416667,0.0812264,0.778388,0.359653,-0.00883039,-2.22177,5.92593e-05,0.0161786,0.21422,11862,0.654711,0.381201,-0.4,0.25,1309.97,3.53403e+07,1.15025,0.137049,0.718351,0.00242807,-0.55821,0.9865,-0.13475,nan,nan,nan,nan,-0.0203261,-0.113935,-0.0249032,nan,-0.222611,0,-0.452536,-0.454837,nan,-0.847248,-0.426988,-0.533625,1.66043,0.4935,-1.212,-0.0285,1.1375,-0.5
2877,15.2401,1000,0.0177611,0.416667,0,0.0820119,0.765281,0.292136,-0.00929521,-2.22295,5.92593e-05,0.011675,0.214212,12355.7,0.669425,0.325097,-0.4,0.25,1310.97,3.53526e+07,1.08152,0.115691,0.678999,0.003345,-0.554621,1,-0.17876,nan,nan,nan,nan,-0.0272827,-0.147575,-0.0345464,nan,-0.228829,0,-0.458306,-0.470979,nan,-1.31198,-0.442808,-0.6135,1.67019,0.6776,-1.2664,-0.046,1.31625,nan
2878,25.1523,1000,0.0176059,0.583333,0,0.0823884,0.779427,0.355357,-0.00999544,-2.22524,5.92593e-05,0.0114186,0.214158,12945.3,0.617983,0.331242,-0.4,0.25,1311.92,3.53649e+07,1.22863,0.135563,0.693516,0.00270753,-0.556717,1,-0.146971,nan,nan,nan,nan,-0.0236222,-0.132788,-0.0270075,nan,-0.226402,0,-0.459063,-0.455817,nan,-0.867581,-0.434395,-0.567857,1.68489,0.541429,-1.24771,-0.0394286,1.15625,nan
2879,20.8538,991.769,0.0142261,0.5,0.0416667,0.0814521,0.767798,0.382571,-0.00927893,-2.22801,5.92593e-05,0.0124418,0.214163,13292.8,0.606031,0.318377,-0.4,0.25,1312.84,3.53772e+07,1.15037,0.13761,0.696029,0.00329912,-0.555437,0.991769,-0.163138,nan,nan,nan,nan,-0.0249708,-0.142248,-0.0299467,nan,-0.224183,0,-0.454695,-0.452972,nan,-1.0393,-0.4363,-0.576692,1.66272,0.590462,-1.29508,-0.0407692,1.28462,-0.5
2880,13.6479,1000,0.0180103,0.583333,0,0.0818891,0.76343,0.318147,-0.00975918,-2.22902,5.92593e-05,0.0122589,0.214123,15558.7,0.517067,0.272716,-0.4,0.25,1313.63,3.53894e+07,1.11707,0.14136,0.673137,0.00349561,-0.552539,1,-0.192886,nan,nan,nan,nan,-0.0224465,-0.124235,-0.0300786,nan,-0.223724,0,-0.461812,-0.438388,nan,-1.22229,-0.419327,-0.5625,1.68074,0.645429,-1.23886,-0.0531429,0.963393,nan
2881,11.2523,1000,0.0195982,0.416667,0,0.0774687,0.782644,0.291689,-0.00908924,-2.23322,5.92593e-05,0.0122709,0.214049,12911.7,0.612857,0.33884,-0.4,0.25,1314.59,3.54017e+07,1.08433,0.129177,0.663812,0.00329791,-0.545366,1,-0.20168,nan,nan,nan,nan,-0.0229479,-0.12029,-0.0334151,nan,-0.225369,0,-0.460844,-0.452704,nan,-1.29295,-0.423337,-0.582,1.67015,0.7024,-1.2272,-0.0462,0.94375,nan
2882,22.1033,941.25,0.0193295,0.458333,0.0416667,0.0801373,0.773399,0.374968,-0.00865121,-2.23728,5.92593e-05,0.00754989,0.214004,12781.6,0.642799,0.318583,-0.4,0.25,1315.55,3.5414e+07,1.1084,0.121224,0.657758,0.00251265,-0.532312,0.94125,-0.138983,nan,nan,nan,nan,-0.024625,-0.136905,-0.0280503,nan,-0.215417,0,-0.427758,-0.447824,nan,-0.995351,-0.424056,-0.57725,1.56206,0.546,-1.199,-0.0323333,1.3875,-0.5
2883,19.5966,1000,0.0205344,0.666667,0,0.0796369,0.75863,0.269284,-0.0101921,-2.2413,3.95062e-05,0.0200451,0.213948,13004.4,0.600584,0.34433,-0.4,0.25,1316.5,3.54263e+07,1.12033,0.116242,0.674641,0.00322273,-0.560819,1,-0.175825,nan,nan,nan,nan,-0.0259358,-0.14383,-0.0324945,nan,-0.227747,0,-0.457838,-0.456906,nan,-1.10794,-0.438967,-0.595313,1.65398,0.65825,-1.255,-0.044,1.27578,nan
2884,21.6151,1000,0.0214473,0.75,0,0.0777711,0.771571,0.309631,-0.00770689,-2.24499,3.95062e-05,0.00720273,0.213905,13352.2,0.625374,0.294925,-0.4,0.25,1317.42,3.54386e+07,1.19395,0.128941,0.692124,0.00333056,-0.556237,1,-0.182222,nan,nan,nan,nan,-0.0248732,-0.134708,-0.0317059,nan,-0.226231,0,-0.456779,-0.454995,nan,-1.04712,-0.434126,-0.579,1.67279,0.645333,-1.23756,-0.0443333,1.15417,nan
2885,17.26,1000,0.0195002,0.625,0,0.0798762,0.786513,0.28749,-0.00852894,-2.24762,3.95062e-05,0.00897554,0.213878,16186.8,0.513214,0.245921,-0.4,0.25,1318.18,3.54509e+07,1.23183,0.134221,0.707991,0.00304637,-0.538133,1,-0.174653,nan,nan,nan,nan,-0.0189804,-0.0990274,-0.0265918,nan,-0.222147,0,-0.461261,-0.432896,nan,-1.17617,-0.409499,-0.537,1.70369,0.5832,-1.228,-0.0492,0.794167,nan
2886,7.90811,988.25,0.0190002,0.291667,0.0416667,0.0787582,0.764703,0.271569,-0.00779231,-2.24957,3.95062e-05,0.0111084,0.213866,14011.7,0.531418,0.345561,-0.4,0.25,1319.06,3.54632e+07,1.15091,0.128884,0.645884,0.00381461,-0.534604,0.98825,-0.210225,nan,nan,nan,nan,-0.021842,-0.108109,-0.0320326,nan,-0.220523,0,-0.454287,-0.438361,nan,-1.29511,-0.405695,-0.566625,1.66644,0.695,-1.195,-0.06075,0.721875,-0.5
2887,28.015,1000,0.0182387,0.583333,0,0.0772418,0.765977,0.280056,-0.00878789,-2.25137,3.95062e-05,0.0103049,0.213837,13289.7,0.622813,0.301814,-0.4,0.25,1319.98,3.54755e+07,1.15906,0.119304,0.683403,0.00338337,-0.570317,1,-0.165486,nan,nan,nan,nan,-0.0320144,-0.186705,-0.0351549,nan,-0.230686,0,-0.455133,-0.480828,nan,-1.04503,-0.458234,-0.616714,1.65854,0.650571,-1.298,-0.0402857,1.74107,nan
2888,6.86868,1000,0.0194483,0.541667,0,0.0807506,0.752964,0.484506,-0.00900891,-2.25382,3.95062e-05,0.0107254,0.213835,12374.1,0.627754,0.36529,-0.4,0.25,1320.98,3.54877e+07,1.04298,0.11361,0.637879,0.00418595,-0.553334,1,-0.230431,nan,nan,nan,nan,-0.0274694,-0.146003,-0.0385208,nan,-0.227479,0,-0.456478,-0.466456,nan,-1.51539,-0.439656,-0.635308,1.65619,0.802769,-1.24769,-0.0616923,1.13173,nan
2889,22.1632,980.286,0.0159666,0.541667,0.0416667,0.0803891,0.749904,0.271297,-0.00853088,-2.25466,3.95062e-05,0.0131713,0.213819,13165.8,0.635051,0.298276,-0.4,0.25,1321.91,3.55e+07,1.2211,0.122634,0.677062,0.00265259,-0.550099,0.980286,-0.143686,nan,nan,nan,nan,-0.0258575,-0.142902,-0.0289749,nan,-0.223279,0,-0.448567,-0.463116,nan,-1.0299,-0.433467,-0.581357,1.63171,0.557429,-1.25086,-0.0358571,1.30893,-0.5
2890,27.321,1000,0.0209935,0.375,0,0.0776287,0.756138,0.269729,-0.00832613,-2.25732,3.95062e-05,0.00887983,0.213765,15692.9,0.54084,0.242187,-0.4,0.25,1322.7,3.55123e+07,1.24204,0.138269,0.712213,0.00263632,-0.556394,1,-0.134422,nan,nan,nan,nan,-0.0247733,-0.141642,-0.027236,nan,-0.226568,0,-0.456319,-0.472542,nan,-0.890779,-0.442004,-0.565,1.64252,0.551556,-1.26267,-0.0353333,1.3125,nan
2891,22.7195,1000,0.0196066,0.625,0,0.0788985,0.775376,0.333554,-0.00829659,-2.26109,5.92593e-05,0.00404987,0.213727,14729.2,0.502828,0.331433,-0.4,0.25,1323.53,3.55246e+07,1.2109,0.119303,0.65138,0.00313607,-0.566128,1,-0.169547,nan,nan,nan,nan,-0.0292629,-0.158605,-0.0341005,nan,-0.232087,0,-0.452026,-0.484877,nan,-1.04757,-0.456636,-0.6292,1.6434,0.647467,-1.27467,-0.0424,1.4375,nan
2892,20.3197,1000,0.021545,0.333333,0,0.0800318,0.772876,0.286414,-0.00858405,-2.26359,5.92593e-05,0.0121422,0.213722,12727.2,0.645447,0.320048,-0.4,0.25,1324.5,3.55369e+07,1.15518,0.13468,0.70506,0.00346723,-0.551393,1,-0.177275,nan,nan,nan,nan,-0.0221237,-0.117555,-0.0298668,nan,-0.22406,0,-0.461109,-0.444268,nan,-1.18677,-0.419963,-0.53925,1.70767,0.663,-1.2245,-0.044,1.08906,nan
2893,12.7275,896,0.018841,0.291667,0.0416667,0.0794592,0.776613,0.27831,-0.00987616,-2.26606,5.92593e-05,0.00883579,0.213683,12821.7,0.623322,0.33505,-0.4,0.25,1325.46,3.55492e+07,1.06147,0.119975,0.608157,0.00283288,-0.490905,0.896,-0.1615,nan,nan,nan,nan,-0.0195754,-0.104263,-0.0260632,nan,-0.20076,0,-0.412553,-0.407898,nan,-1.07741,-0.379351,-0.49725,1.48259,0.554,-1.118,-0.04625,0.915625,-0.5
2894,16.7665,1000,0.0205279,0.375,0,0.0800978,0.776243,0.321806,-0.00927635,-2.26923,5.92593e-05,0.00938791,0.21368,13100.6,0.618487,0.319484,-0.4,0.25,1326.4,3.55615e+07,1.22048,0.137198,0.675548,0.00345376,-0.553109,1,-0.186933,nan,nan,nan,nan,-0.0226389,-0.123465,-0.0298973,nan,-0.225095,0,-0.45722,-0.449994,nan,-1.18348,-0.426196,-0.557,1.69618,0.662667,-1.21378,-0.0464444,0.918056,nan
2895,22.502,1000,0.0202996,0.333333,0,0.0811708,0.77326,0.346648,-0.00883171,-2.27076,5.92593e-05,0.015509,0.213649,14077.3,0.587468,0.285429,-0.4,0.25,1327.28,3.55738e+07,1.2071,0.125716,0.683295,0.00258499,-0.546008,1,-0.130625,nan,nan,nan,nan,-0.0206577,-0.110736,-0.0259283,nan,-0.224405,0,-0.459379,-0.464768,nan,-1.00157,-0.426241,-0.552375,1.69528,0.5155,-1.279,-0.033,1.17031,nan
2896,21.2616,1000,0.0185255,0.208333,0,0.0823144,0.774441,0.374685,-0.00923523,-2.27345,5.92593e-05,0.0119588,0.213647,16439.8,0.498485,0.248971,-0.4,0.25,1328.02,3.5586e+07,1.13189,0.131709,0.700339,0.00361102,-0.564641,1,-0.19368,nan,nan,nan,nan,-0.0261828,-0.152165,-0.0336864,nan,-0.227092,0,-0.459319,-0.478085,nan,-1.21773,-0.445205,-0.5886,1.68862,0.6616,-1.2704,-0.0404,1.4425,nan
2897,16.0793,1000,0.0200432,0.708333,0,0.0820743,0.772674,0.342204,-0.00886907,-2.27459,5.92593e-05,0.0108655,0.213656,13681,0.540882,0.357295,-0.4,0.25,1328.92,3.55983e+07,1.22309,0.145089,0.689938,0.00339419,-0.548807,1,-0.186941,nan,nan,nan,nan,-0.0230164,-0.123244,-0.0301652,nan,-0.222078,0,-0.460922,-0.436363,nan,-1.22974,-0.418321,-0.570176,1.68446,0.657882,-1.23976,-0.0515294,0.941176,nan
2898,12.5517,1000,0.0211525,0.625,0,0.0802199,0.779483,0.289069,-0.00921663,-2.27632,5.92593e-05,0.0120428,0.213634,12743.8,0.651757,0.31248,-0.4,0.25,1329.89,3.56106e+07,1.0618,0.132995,0.642044,0.00381474,-0.553251,1,-0.2126,nan,nan,nan,nan,-0.0258607,-0.138463,-0.0358089,nan,-0.226626,0,-0.45997,-0.45192,nan,-1.37354,-0.432762,-0.6014,1.6636,0.743467,-1.24693,-0.056,1.195,nan
2899,18.4648,1000,0.0230883,0.541667,0,0.0793198,0.769656,0.3657,-0.00969372,-2.27837,5.92593e-05,0.0138176,0.213613,12268.2,0.63049,0.371123,-0.4,0.25,1330.89,3.56229e+07,1.18729,0.13297,0.692326,0.00318507,-0.555174,1,-0.164323,nan,nan,nan,nan,-0.0232071,-0.132752,-0.0290372,nan,-0.225472,0,-0.459226,-0.448307,nan,-1.14617,-0.428488,-0.578077,1.68582,0.569231,-1.23138,-0.0423077,1.11635,nan
2900,22.0912,1000,0.0194312,0.875,0,0.0810347,0.782723,0.328132,-0.00881752,-2.27991,5.92593e-05,0.0156535,0.213584,13202.9,0.647279,0.283423,-0.4,0.25,1331.82,3.56352e+07,1.14178,0.132908,0.69034,0.00303263,-0.556989,1,-0.148905,nan,nan,nan,nan,-0.0244151,-0.138344,-0.0283213,nan,-0.22566,0,-0.460022,-0.451351,nan,-1.07564,-0.428091,-0.572714,1.67202,0.566667,-1.24914,-0.0372381,1.29464,nan
2901,17.6485,907.857,0.0175081,0.791667,0.0833333,0.0803858,0.785726,0.338241,-0.00941914,-2.28129,5.92593e-05,0.0193361,0.213586,12026.4,0.685785,0.335966,-0.4,0.25,1334.71,3.56475e+07,1.04658,0.120711,0.625123,0.00282377,-0.502234,0.907857,-0.144867,nan,nan,nan,nan,-0.0210215,-0.113634,-0.0262677,nan,-0.204701,0,-0.416087,-0.414099,nan,-1.06897,-0.390616,-0.509571,1.50578,0.53981,-1.1381,-0.0372381,1.11786,-0.5
2902,19.9372,1000,0.0212983,0.583333,0,0.0808568,0.777693,0.440882,-0.00936831,-2.28204,5.92593e-05,0.0178505,0.213598,14654.2,0.568024,0.270507,-0.4,0.25,1335.55,3.56598e+07,1.13552,0.129091,0.644257,0.00337953,-0.55539,1,-0.183643,nan,nan,nan,nan,-0.0270412,-0.151296,-0.0324346,nan,-0.226821,0,-0.456351,-0.459066,nan,-1.10137,-0.439265,-0.611786,1.67204,0.660857,-1.25,-0.044,1.29018,nan
2903,21.3921,914.214,0.0214299,0.5,0.0833333,0.0798048,0.779832,0.359248,-0.00848988,-2.28345,5.92593e-05,0.0134977,0.213569,13259.7,0.597208,0.329507,-0.4,0.25,1336.48,3.56721e+07,1.12256,0.124656,0.651311,0.0024855,-0.503906,0.914214,-0.122357,nan,nan,nan,nan,-0.0198711,-0.108797,-0.02295,nan,-0.20329,-7.14286e-05,-0.420801,-0.417807,nan,-0.802894,-0.384734,-0.513643,1.54361,0.484857,-1.14457,-0.0271429,0.990179,-0.5
2904,24.507,1000,0.0236725,0.541667,0,0.0783445,0.773347,0.297984,-0.0106854,-2.28617,5.92593e-05,0.00966764,0.213536,12650.1,0.604474,0.366901,-0.4,0.25,1337.45,3.56844e+07,1.19806,0.115994,0.701138,0.00313121,-0.563216,1,-0.155292,nan,nan,nan,nan,-0.0281193,-0.15742,-0.0311319,nan,-0.229625,0,-0.454846,-0.483527,nan,-1.13114,-0.44976,-0.579692,1.66972,0.6,-1.25077,-0.0404615,1.49231,nan
2905,16.9928,928.455,0.021013,0.416667,0.0416667,0.0808174,0.756384,0.247217,-0.0091741,-2.2885,5.92593e-05,0.0137732,0.213501,12590.4,0.636883,0.339098,-0.4,0.25,1338.43,3.56966e+07,1.04444,0.119928,0.60788,0.00294827,-0.523513,0.928455,-0.168982,nan,nan,nan,nan,-0.025115,-0.137967,-0.0311836,nan,-0.212481,0,-0.424903,-0.435712,nan,-1.1073,-0.409223,-0.576273,1.52405,0.631636,-1.15345,-0.0365455,1.27841,-0.5
2906,14.6459,1000,0.0208028,0.5,0,0.0783627,0.760698,0.302927,-0.00841148,-2.29198,5.92593e-05,0.0144973,0.213437,14026.8,0.575848,0.300192,-0.4,0.25,1339.31,3.57089e+07,1.08935,0.12784,0.669355,0.00343148,-0.555371,1,-0.17185,nan,nan,nan,nan,-0.0249649,-0.131786,-0.0308228,nan,-0.226836,0,-0.458978,-0.461598,nan,-1.23612,-0.432024,-0.58825,1.65442,0.633,-1.23433,-0.0463333,1.15417,nan
2907,7.44247,1000,0.0240602,0.375,0,0.0791188,0.780844,0.313721,-0.00996899,-2.29608,5.92593e-05,0.0112274,0.213375,13443.5,0.580572,0.333473,-0.4,0.25,1340.22,3.57212e+07,0.966127,0.116868,0.61777,0.00340356,-0.56057,1,-0.195778,nan,nan,nan,nan,-0.0308976,-0.175839,-0.036515,nan,-0.230106,0,-0.456325,-0.483811,nan,-1.36805,-0.452087,-0.657667,1.5971,0.729333,-1.29244,-0.0475556,1.32917,nan
2908,22.6946,1000,0.0220465,0.416667,0,0.0819276,0.773279,0.340471,-0.00913548,-2.29973,5.92593e-05,0.0135786,0.213342,13343.4,0.584907,0.336,-0.4,0.25,1341.15,3.57335e+07,1.21527,0.130453,0.682342,0.00275047,-0.551794,1,-0.1498,nan,nan,nan,nan,-0.0230932,-0.124419,-0.026899,nan,-0.225735,0,-0.456502,-0.443137,nan,-0.985882,-0.427818,-0.5646,1.6544,0.5864,-1.222,-0.0402,1.105,nan
2909,16.063,979.467,0.0195696,0.583333,0.0416667,0.0818904,0.777574,0.428517,-0.00957691,-2.3016,5.92593e-05,0.00976878,0.213335,13179.9,0.612857,0.319475,-0.4,0.25,1342.08,3.57458e+07,1.03733,0.123232,0.673572,0.00344746,-0.541675,0.979467,-0.183467,nan,nan,nan,nan,-0.0243742,-0.128997,-0.0316604,nan,-0.219495,0,-0.452962,-0.442298,nan,-1.19286,-0.416461,-0.5806,1.61239,0.682133,-1.20373,-0.044,1.1875,-0.5
2910,11.3845,845.6,0.0206817,0.166667,0.0416667,0.0794138,0.78562,0.407501,-0.00869863,-2.30237,5.92593e-05,0.0153831,0.213347,13527.5,0.597805,0.310564,-0.4,0.25,1342.99,3.57581e+07,0.954776,0.10621,0.556105,0.00232293,-0.469352,0.8456,-0.11024,nan,nan,nan,nan,-0.0223225,-0.115898,-0.0234105,nan,-0.192729,0,-0.388263,-0.396504,nan,-0.93309,-0.373637,-0.4776,1.38436,0.456,-1.0768,-0.0288,0.9725,-0.5
2911,17.6263,1000,0.0213856,0.333333,0,0.0773297,0.787098,0.312193,-0.00953439,-2.30267,5.92593e-05,0.0100926,0.213367,12400.2,0.620624,0.370326,-0.4,0.25,1343.98,3.57704e+07,1.09992,0.114829,0.688757,0.00376258,-0.556124,1,-0.185275,nan,nan,nan,nan,-0.025786,-0.135746,-0.0332482,nan,-0.227722,0,-0.459244,-0.464961,nan,-1.2331,-0.436918,-0.602625,1.61217,0.6945,-1.232,-0.043,1.30313,nan
2912,14.8925,1000,0.023369,0.583333,0,0.0777046,0.781641,0.377277,-0.00905975,-2.30275,5.92593e-05,0.0149762,0.213365,12118.3,0.694478,0.319528,-0.4,0.25,1345,3.57827e+07,1.07671,0.124766,0.644653,0.00311049,-0.55763,1,-0.177186,nan,nan,nan,nan,-0.0253259,-0.135193,-0.0317159,nan,-0.227035,0,-0.459447,-0.474135,nan,-1.21361,-0.432921,-0.607071,1.62662,0.670571,-1.24514,-0.0448571,1.22946,nan
2913,24.8146,940.308,0.0197149,0.5,0.0416667,0.0796289,0.786292,0.246593,-0.00957006,-2.30363,5.92593e-05,0.0155644,0.21335,12476,0.65367,0.331263,-0.4,0.25,1345.98,3.57949e+07,1.23768,0.136558,0.681603,0.00227385,-0.51548,0.940308,-0.107446,nan,nan,nan,nan,-0.0192328,-0.105063,-0.02101,nan,-0.209122,0,-0.432621,-0.420709,nan,-0.714267,-0.397235,-0.51,1.58422,0.415385,-1.18215,-0.0258462,0.941346,-0.5
2914,17.4617,948.889,0.0206707,0.708333,0.0416667,0.0797411,0.774677,0.388043,-0.0104961,-2.3061,5.92593e-05,0.0143983,0.213321,13385.2,0.622345,0.295681,-0.4,0.25,1346.9,3.58072e+07,1.08916,0.120663,0.629505,0.00334397,-0.530479,0.948889,-0.181933,nan,nan,nan,nan,-0.0268132,-0.14364,-0.0321359,nan,-0.216803,0,-0.431706,-0.439784,nan,-1.10783,-0.421591,-0.565667,1.56252,0.669111,-1.19222,-0.0442222,1.2125,-0.5
2915,21.6088,1000,0.0185238,0.583333,0,0.0818658,0.771057,0.285539,-0.00964192,-2.30834,5.92593e-05,0.00831361,0.213326,12902.2,0.603767,0.348629,-0.4,0.25,1347.86,3.58195e+07,1.1498,0.12472,0.664399,0.0031097,-0.561098,1,-0.163286,nan,nan,nan,nan,-0.0273678,-0.152148,-0.0315629,nan,-0.228251,0,-0.457292,-0.469159,nan,-1.10112,-0.442536,-0.616071,1.64362,0.628286,-1.22771,-0.0407143,1.38482,nan
2916,18.6159,987.688,0.0183226,0.625,0.0416667,0.0826649,0.775835,0.341661,-0.00932667,-2.30933,5.92593e-05,0.0121882,0.213329,12556.7,0.639713,0.338888,-0.4,0.25,1348.84,3.58318e+07,1.19354,0.135957,0.676065,0.00269054,-0.53516,0.987687,-0.158825,nan,nan,nan,nan,-0.0204031,-0.108137,-0.0256428,nan,-0.21891,0,-0.455979,-0.427148,nan,-1.02783,-0.405249,-0.542437,1.64711,0.579,-1.1885,-0.041875,0.896094,-0.5
2917,18.1854,1000,0.0164667,0.416667,0,0.0813643,0.778523,0.295746,-0.00974497,-2.31196,5.92593e-05,0.0116245,0.213306,12466.5,0.627903,0.357775,-0.4,0.25,1349.83,3.58441e+07,1.14572,0.127165,0.698199,0.00287278,-0.550414,1,-0.15646,nan,nan,nan,nan,-0.0204162,-0.107837,-0.0278394,nan,-0.22126,0,-0.463525,-0.433609,nan,-1.07735,-0.411422,-0.564,1.66535,0.5892,-1.2484,-0.0342,0.9975,nan
2918,24.6825,1000,0.0219908,0.416667,0,0.0791976,0.78461,0.234319,-0.00882166,-2.31535,5.92593e-05,0.0159755,0.213268,13326.6,0.625014,0.297051,-0.4,0.25,1350.75,3.58564e+07,1.05201,0.117839,0.673625,0.00275137,-0.566206,1,-0.13828,nan,nan,nan,nan,-0.0287137,-0.159922,-0.0312039,nan,-0.229169,0,-0.456707,-0.489464,nan,-1.01703,-0.452021,-0.6393,1.61622,0.5868,-1.2716,-0.038,1.7025,nan
2919,23.1382,1000,0.022503,0.375,0,0.0800315,0.785356,0.440686,-0.00955785,-2.31835,5.92593e-05,0.0137769,0.213266,14542.8,0.584725,0.260231,-0.4,0.25,1351.6,3.58687e+07,1.20824,0.141655,0.693193,0.00284881,-0.553439,1,-0.149178,nan,nan,nan,nan,-0.0222692,-0.117491,-0.0272501,nan,-0.225462,0,-0.458656,-0.447279,nan,-0.966683,-0.425338,-0.582333,1.64846,0.574222,-1.20667,-0.038,1.10833,nan
2920,15.4849,947.167,0.0200364,0.708333,0.0416667,0.0809005,0.790125,0.348177,-0.00975354,-2.31924,5.92593e-05,0.00836793,0.213267,13740.2,0.586182,0.308131,-0.4,0.25,1352.49,3.5881e+07,1.08209,0.113642,0.64522,0.00315408,-0.530108,0.947167,-0.176811,nan,nan,nan,nan,-0.0252555,-0.139561,-0.0308379,nan,-0.216218,0,-0.433786,-0.442441,nan,-1.11259,-0.418987,-0.5715,1.54317,0.622444,-1.17356,-0.0471111,1.16389,-0.5
2921,17.4913,1000,0.0220134,0.416667,0,0.0799285,0.779347,0.346915,-0.00945216,-2.32095,5.92593e-05,0.0110481,0.213249,12147.2,0.664318,0.347272,-0.4,0.25,1353.51,3.58932e+07,1.1261,0.13513,0.698849,0.00323495,-0.549204,1,-0.164,nan,nan,nan,nan,-0.0205559,-0.112793,-0.0269353,nan,-0.223464,0,-0.461483,-0.443264,nan,-1.04537,-0.418936,-0.5664,1.65806,0.59,-1.2068,-0.0376,0.94,nan
2922,15.5619,1000,0.0243693,0.625,0,0.0774211,0.762123,0.287856,-0.00972598,-2.32225,5.92593e-05,0.0100407,0.213242,12128.1,0.648472,0.364711,-0.4,0.25,1354.52,3.59055e+07,1.06711,0.116206,0.662552,0.00389516,-0.563441,1,-0.20016,nan,nan,nan,nan,-0.0293763,-0.163522,-0.0356941,nan,-0.229165,0,-0.456082,-0.473491,nan,-1.31478,-0.447717,-0.6378,1.62416,0.7456,-1.25467,-0.0505333,1.415,nan
2923,13.0377,1000,0.0258424,0.333333,0,0.0761162,0.772677,0.371132,-0.00926192,-2.32285,5.92593e-05,0.0110484,0.213236,13480.9,0.645825,0.26569,-0.4,0.25,1355.43,3.59178e+07,1.07565,0.129467,0.675077,0.00322082,-0.549203,1,-0.182,nan,nan,nan,nan,-0.0235379,-0.127826,-0.030977,nan,-0.224868,0,-0.461799,-0.450834,nan,-1.3328,-0.421763,-0.59325,1.65627,0.6755,-1.2175,-0.0485,1.10156,nan
2924,14.5072,961.077,0.0212666,0.458333,0.0833333,0.0773317,0.758976,0.319185,-0.00937638,-2.32401,5.92593e-05,0.0143488,0.213226,12638.6,0.615046,0.357215,-0.4,0.25,1356.41,3.59301e+07,1.14342,0.133178,0.648561,0.0029103,-0.530158,0.961077,-0.146338,nan,nan,nan,nan,-0.0208672,-0.11354,-0.0254942,nan,-0.214917,0,-0.442741,-0.428191,nan,-1.07783,-0.403416,-0.574846,1.58448,0.548308,-1.17262,-0.036,0.967308,-0.5
2925,23.7152,1000,0.0220692,0.833333,0,0.0778222,0.771133,0.345275,-0.00951894,-2.32596,5.92593e-05,0.00977227,0.2132,13112.7,0.616209,0.320898,-0.4,0.25,1357.35,3.59424e+07,1.26444,0.140259,0.693185,0.00266499,-0.547281,1,-0.15689,nan,nan,nan,nan,-0.0222156,-0.117933,-0.0270472,nan,-0.223717,-0.0002,-0.460511,-0.442601,nan,-1.00144,-0.419578,-0.5619,1.66371,0.58,-1.1982,-0.0378,1.00875,nan
2926,15.3324,969.625,0.0235671,0.625,0.0416667,0.0760075,0.770595,0.308966,-0.00946072,-2.32709,5.92593e-05,0.0116651,0.213204,11086.5,0.74087,0.367505,-0.4,0.25,1358.46,3.59547e+07,1.02029,0.135554,0.655154,0.00283832,-0.53839,0.969625,-0.151075,nan,nan,nan,nan,-0.0214601,-0.119274,-0.025994,nan,-0.2177,0,-0.446776,-0.440188,nan,-1.00678,-0.411264,-0.573188,1.59974,0.5485,-1.18225,-0.033875,1.03437,-0.5
2927,22.76,1000,0.022181,0.458333,0,0.0774875,0.774057,0.408256,-0.00966594,-2.32747,5.92593e-05,0.0139375,0.213223,12493.2,0.62611,0.357464,-0.4,0.25,1359.44,3.5967e+07,1.18765,0.12588,0.686676,0.00321048,-0.554747,1,-0.161691,nan,nan,nan,nan,-0.0251957,-0.139082,-0.0308515,nan,-0.224766,0,-0.460528,-0.454558,nan,-1.1256,-0.430049,-0.574091,1.6668,0.601091,-1.25564,-0.0430909,1.34659,nan
2928,18.6109,908.9,0.0205126,0.375,0.0416667,0.0811928,0.780069,0.292963,-0.00988676,-2.32768,5.92593e-05,0.00972136,0.213235,14419.4,0.584523,0.267662,-0.4,0.25,1360.3,3.59793e+07,1.06782,0.116128,0.620568,0.00296509,-0.506477,0.9089,-0.14726,nan,nan,nan,nan,-0.0248832,-0.132224,-0.0292919,nan,-0.206479,0,-0.417192,-0.436407,nan,-1.09324,-0.395261,-0.552,1.46894,0.5636,-1.1236,-0.0378,1.33375,-0.5
2929,16.02,953.812,0.0209721,0.625,0.0416667,0.0802236,0.782058,0.435348,-0.00996439,-2.32909,5.92593e-05,0.0116743,0.213241,15419.2,0.547246,0.249681,-0.4,0.25,1361.09,3.59916e+07,1.0234,0.118014,0.635559,0.00348115,-0.534822,0.953812,-0.1807,nan,nan,nan,nan,-0.0277967,-0.149895,-0.0329849,nan,-0.21788,0,-0.436198,-0.451111,nan,-1.19312,-0.420093,-0.593438,1.54086,0.68125,-1.21125,-0.044375,1.36953,-0.5
2930,22.8282,952.5,0.0228455,0.541667,0.0416667,0.0777779,0.789819,0.221399,-0.00955891,-2.33086,5.92593e-05,0.00748709,0.213217,14949.3,0.559222,0.262758,-0.4,0.25,1361.92,3.60038e+07,1.06061,0.119282,0.666452,0.0029062,-0.538929,0.9525,-0.146786,nan,nan,nan,nan,-0.0271792,-0.151226,-0.0296789,nan,-0.216301,0,-0.438232,-0.453435,nan,-1.06903,-0.419819,-0.559929,1.56105,0.590571,-1.19343,-0.0358571,1.50357,-0.5
2931,16.1248,1000,0.0228545,0.541667,0,0.0795168,0.783009,0.232885,-0.0105565,-2.33438,5.92593e-05,0.00842496,0.213183,15818.8,0.537252,0.239547,-0.4,0.25,1362.7,3.60161e+07,1.09453,0.130288,0.677,0.00314936,-0.554832,1,-0.186446,nan,nan,nan,nan,-0.0240718,-0.130091,-0.0319797,nan,-0.224532,0,-0.459628,-0.456147,nan,-1.21968,-0.421348,-0.589385,1.65287,0.693846,-1.22277,-0.0456923,1.12115,nan
2932,20.492,1000,0.0235114,0.5,0,0.0794239,0.77265,0.322842,-0.0097557,-2.33678,5.92593e-05,0.0115392,0.213163,16060,0.528665,0.236465,-0.4,0.25,1363.46,3.60284e+07,1.13275,0.124036,0.66268,0.00282281,-0.561061,1,-0.158883,nan,nan,nan,nan,-0.0251474,-0.13597,-0.0299877,nan,-0.225227,0,-0.459794,-0.474783,nan,-1.07206,-0.433722,-0.598,1.64919,0.607333,-1.23867,-0.0388333,1.29792,nan
2933,24.4917,934.917,0.0210559,0.458333,0.0416667,0.0773677,0.766055,0.351246,-0.0100173,-2.33877,5.92593e-05,0.0145826,0.213166,16482,0.505989,0.239551,-0.4,0.25,1364.21,3.60407e+07,1.10456,0.117663,0.648553,0.00233118,-0.517614,0.934917,-0.129633,nan,nan,nan,nan,-0.024977,-0.138653,-0.0257923,nan,-0.21232,0,-0.427783,-0.43819,nan,-0.872058,-0.409635,-0.563,1.53751,0.524667,-1.17333,-0.0303333,1.35938,-0.5
2934,14.2691,979.444,0.0217602,0.333333,0.0416667,0.0788158,0.772573,0.303664,-0.00903166,-2.3402,5.92593e-05,0.0122806,0.213135,15726.7,0.530356,0.250989,-0.4,0.25,1364.99,3.6053e+07,1.10567,0.117887,0.665581,0.00315056,-0.54538,0.979444,-0.177644,nan,nan,nan,nan,-0.0260496,-0.139533,-0.0317371,nan,-0.221375,0,-0.449298,-0.454837,nan,-1.20004,-0.42486,-0.615333,1.60081,0.677333,-1.23022,-0.0395556,1.175,-0.5
2935,24.5904,1000,0.0223519,0.375,0,0.0797584,0.772782,0.38278,-0.0102374,-2.34226,5.92593e-05,0.0123049,0.213105,15738,0.532853,0.247931,-0.4,0.25,1365.77,3.60653e+07,1.21436,0.12946,0.688536,0.00330156,-0.556225,1,-0.173933,nan,nan,nan,nan,-0.0256568,-0.139927,-0.0307616,nan,-0.222874,0,-0.461625,-0.470174,nan,-1.19519,-0.420506,-0.541,1.66245,0.670222,-1.23244,-0.0393333,1.37083,nan
2936,24.9161,924.778,0.0197497,0.333333,0.0416667,0.0805406,0.773091,0.311358,-0.0102308,-2.34407,5.92593e-05,0.0123833,0.213098,16166.6,0.516332,0.243755,-0.4,0.25,1366.54,3.60776e+07,1.14169,0.119348,0.655204,0.00273647,-0.511016,0.924778,-0.125489,nan,nan,nan,nan,-0.022751,-0.124157,-0.0247516,nan,-0.207825,0,-0.421335,-0.407806,nan,-0.753296,-0.398355,-0.546667,1.551,0.512889,-1.13733,-0.0324444,1.10694,-0.5
2937,21.5211,1000,0.0221525,0.375,0,0.0799845,0.781765,0.357684,-0.00983534,-2.34516,5.92593e-05,0.0155009,0.213085,15591.7,0.543202,0.244908,-0.4,0.25,1367.32,3.60899e+07,1.09685,0.126461,0.697052,0.00268926,-0.554625,1,-0.156156,nan,nan,nan,nan,-0.025131,-0.13747,-0.0287244,nan,-0.225795,0,-0.459521,-0.465362,nan,-0.883555,-0.433735,-0.588,1.59396,0.567111,-1.22311,-0.0435556,1.21667,nan
2938,8.03853,806.125,0.020725,0.25,0.0833333,0.0782289,0.78178,0.344353,-0.00848528,-2.3468,5.92593e-05,0.0177419,0.213077,16367.7,0.497923,0.252826,-0.4,0.25,1368.08,3.61021e+07,0.86122,0.0918451,0.506537,0.00355867,-0.442997,0.806125,-0.170625,nan,nan,nan,nan,-0.023782,-0.116958,-0.028204,nan,-0.183822,0,-0.367464,-0.363367,nan,-1.02857,-0.347773,-0.535875,1.30164,0.6455,-1.007,-0.0465,0.973438,-0.5
2939,26.2234,1000,0.0254016,0.625,0,0.0768317,0.764554,0.269964,-0.00911005,-2.3484,5.92593e-05,0.0110725,0.213079,16382.4,0.504743,0.245332,-0.4,0.25,1368.83,3.61144e+07,1.21533,0.130339,0.701561,0.00290094,-0.555173,1,-0.150893,nan,nan,nan,nan,-0.0253857,-0.141656,-0.0282061,nan,-0.224018,0,-0.460495,-0.459471,nan,-0.963593,-0.428304,-0.6072,1.6377,0.580533,-1.24827,-0.0345333,1.37,nan
2940,20.3933,1000,0.0239809,0.583333,0,0.0768405,0.75477,0.33155,-0.00957668,-2.34914,5.92593e-05,0.0111905,0.213089,16494.6,0.502621,0.242351,-0.4,0.25,1369.57,3.61267e+07,1.23806,0.128412,0.687707,0.00369077,-0.552117,1,-0.191043,nan,nan,nan,nan,-0.0241322,-0.125659,-0.0323482,nan,-0.222798,0,-0.459802,-0.453577,nan,-1.25049,-0.415817,-0.597214,1.66487,0.701143,-1.22629,-0.044,1.19107,nan
2941,24.9236,1000,0.021632,0.541667,0,0.0768557,0.772486,0.287686,-0.0105564,-2.34978,5.92593e-05,0.0110418,0.213062,16026,0.499971,0.266783,-0.4,0.25,1370.34,3.6139e+07,1.21833,0.123999,0.696411,0.00323382,-0.556075,1,-0.165815,nan,nan,nan,nan,-0.024938,-0.134779,-0.0297712,nan,-0.224886,-7.69231e-05,-0.461055,-0.460851,nan,-0.9802,-0.429308,-0.590308,1.63231,0.625538,-1.24708,-0.0398462,1.29135,nan
2942,19.1604,1000,0.0211998,0.833333,0,0.0761487,0.779465,0.249596,-0.00924709,-2.35132,5.92593e-05,0.0128555,0.213061,16140.4,0.515153,0.246166,-0.4,0.25,1371.11,3.61513e+07,1.09822,0.118725,0.665651,0.00355487,-0.555723,1,-0.18976,nan,nan,nan,nan,-0.0261973,-0.139383,-0.0326382,nan,-0.224716,0,-0.459542,-0.458069,nan,-1.23364,-0.425141,-0.5937,1.64623,0.7074,-1.2368,-0.0477,1.34125,nan
2943,25.4656,1000,0.0193563,0.666667,0,0.0758015,0.770276,0.278595,-0.00887221,-2.35151,5.92593e-05,0.0117639,0.2131,16693.6,0.494696,0.241393,-0.4,0.25,1371.84,3.61636e+07,1.29925,0.128348,0.690396,0.00298381,-0.550542,1,-0.16345,nan,nan,nan,nan,-0.0240177,-0.13457,-0.0287556,nan,-0.224103,0,-0.460891,-0.465148,nan,-1.10562,-0.424798,-0.585938,1.65219,0.59,-1.23675,-0.038,1.28359,nan
2944,25.529,1000,0.019061,0.791667,0,0.0771656,0.759834,0.263444,-0.00952265,-2.35103,5.92593e-05,0.00978042,0.213097,16314.7,0.504915,0.248273,-0.4,0.25,1372.6,3.61759e+07,1.13918,0.122305,0.686446,0.00253986,-0.563877,1,-0.140653,nan,nan,nan,nan,-0.027908,-0.159875,-0.0296679,nan,-0.226642,0,-0.459288,-0.475563,nan,-0.9516,-0.443106,-0.615632,1.62821,0.554316,-1.26842,-0.0337895,1.53947,nan
2945,28.2279,1000,0.0246637,0.458333,0,0.0748731,0.766058,0.315063,-0.00921292,-2.35322,5.92593e-05,0.015363,0.213086,16592.4,0.496796,0.243786,-0.4,0.25,1373.34,3.61882e+07,1.17976,0.124278,0.690184,0.00316042,-0.557403,1,-0.154491,nan,nan,nan,nan,-0.0278322,-0.150415,-0.0313145,nan,-0.227553,0,-0.457877,-0.475817,nan,-0.812821,-0.446277,-0.631909,1.6584,0.619636,-1.24182,-0.0314545,1.38295,nan
2946,19.0262,1000,0.0232626,0.583333,0,0.0767603,0.764456,0.25413,-0.00925957,-2.3557,5.92593e-05,0.0110176,0.213015,15809.6,0.532206,0.245041,-0.4,0.25,1374.12,3.62004e+07,1.16828,0.137311,0.698579,0.00285892,-0.554905,1,-0.1638,nan,nan,nan,nan,-0.0239665,-0.134237,-0.0291435,nan,-0.22341,0,-0.460423,-0.46098,nan,-1.08807,-0.420681,-0.585214,1.64647,0.618,-1.21714,-0.0421429,1.08393,nan
2947,28.2024,1000,0.0233306,0.333333,0,0.0761556,0.774066,0.279602,-0.0108217,-2.36153,5.92593e-05,0.0133591,0.21293,16512.4,0.4999,0.244267,-0.4,0.25,1374.86,3.62127e+07,1.28427,0.135333,0.702317,0.00284529,-0.554426,1,-0.14495,nan,nan,nan,nan,-0.0257296,-0.155138,-0.0279528,nan,-0.222779,0,-0.458142,-0.453758,nan,-0.882966,-0.429446,-0.566625,1.65283,0.553,-1.2565,-0.03425,1.29219,nan
2948,18.9375,1000,0.0241602,0.416667,0,0.0757462,0.775655,0.26155,-0.00865871,-2.36665,5.92593e-05,0.0124939,0.212879,16301.6,0.507679,0.24611,-0.4,0.25,1375.62,3.6225e+07,1.17729,0.126087,0.698973,0.00362752,-0.553132,1,-0.18326,nan,nan,nan,nan,-0.0241748,-0.128549,-0.0310254,nan,-0.223586,0,-0.46004,-0.437418,nan,-1.32309,-0.418176,-0.5715,1.66254,0.6732,-1.2248,-0.0484,1.1,nan
2949,23.4522,1000,0.0194222,0.458333,0,0.0781253,0.777656,0.315125,-0.00953736,-2.36927,5.92593e-05,0.0137144,0.212876,16420.6,0.503637,0.244693,-0.4,0.25,1376.37,3.62373e+07,1.24491,0.14142,0.718535,0.0028232,-0.540112,1,-0.167382,nan,nan,nan,nan,-0.0188748,-0.0979734,-0.0268496,nan,-0.21827,0,-0.462565,-0.43196,nan,-0.843267,-0.40151,-0.534545,1.66786,0.591273,-1.20036,-0.0414545,0.790909,nan
2950,20.4133,958.733,0.0198661,0.541667,0.0833333,0.0784353,0.772094,0.378397,-0.0101808,-2.36996,5.92593e-05,0.0112227,0.212891,16402,0.499874,0.249305,-0.4,0.25,1377.12,3.62496e+07,1.1772,0.115982,0.674959,0.0023215,-0.529329,0.958733,-0.12608,nan,nan,nan,nan,-0.0215052,-0.11829,-0.0241906,nan,-0.214386,0,-0.440121,-0.429886,nan,-0.899017,-0.405135,-0.5224,1.59378,0.511733,-1.1808,-0.0304,0.994167,-0.5
2951,24.9151,1000,0.0214713,0.416667,0,0.077309,0.777189,0.278341,-0.00808411,-2.37125,5.92593e-05,0.0114953,0.212848,16621.3,0.497917,0.241375,-0.4,0.25,1377.86,3.62619e+07,1.23655,0.14501,0.69989,0.00276467,-0.542566,1,-0.1498,nan,nan,nan,nan,-0.0194022,-0.102577,-0.0252206,nan,-0.220143,0,-0.461184,-0.425242,nan,-0.914414,-0.405401,-0.5469,1.6784,0.5572,-1.1932,-0.033,0.965,nan
2952,26.8392,1000,0.0259336,0.291667,0,0.0762617,0.778332,0.328439,-0.00829573,-2.37495,5.92593e-05,0.00957812,0.212822,16268,0.510176,0.245172,-0.4,0.25,1378.62,3.62742e+07,1.23857,0.13475,0.719963,0.00377949,-0.549679,1,-0.1908,nan,nan,nan,nan,-0.0258652,-0.141642,-0.0309564,nan,-0.223182,0,-0.459786,-0.448476,nan,-1.11853,-0.421141,-0.560571,1.67174,0.696571,-1.24971,-0.0477143,1.34464,nan
2953,20.1394,1000,0.0219726,0.291667,0,0.0782059,0.775684,0.211454,-0.0103105,-2.37858,5.92593e-05,0.00993774,0.212749,16750.8,0.493943,0.239636,-0.4,0.25,1379.35,3.62865e+07,1.13239,0.12651,0.663568,0.00359584,-0.555601,1,-0.188457,nan,nan,nan,nan,-0.0258922,-0.145122,-0.0318596,nan,-0.224083,0,-0.458836,-0.469011,nan,-1.14955,-0.425039,-0.639429,1.65092,0.703429,-1.21829,-0.0422857,1.3,nan
2954,23.2896,1000,0.0239167,0.416667,0,0.0783854,0.766757,0.374502,-0.00919894,-2.38342,5.92593e-05,0.010896,0.212714,16503.3,0.490141,0.254435,-0.4,0.25,1380.1,3.62988e+07,1.18173,0.119205,0.67418,0.00291862,-0.551616,1,-0.16086,nan,nan,nan,nan,-0.0257273,-0.141444,-0.0300115,nan,-0.226226,0,-0.457818,-0.471315,nan,-0.995414,-0.429747,-0.5988,1.63357,0.6232,-1.2276,-0.04,1.28625,nan
2955,18.4623,966.4,0.0207961,0.791667,0.0416667,0.077757,0.78336,0.369406,-0.010097,-2.38531,5.92593e-05,0.0118738,0.212676,16664.5,0.495987,0.241387,-0.4,0.25,1380.84,3.6311e+07,1.10444,0.118859,0.64493,0.00294826,-0.536995,0.9664,-0.17175,nan,nan,nan,nan,-0.0253331,-0.139452,-0.0301429,nan,-0.218227,0,-0.443059,-0.442298,nan,-1.20972,-0.416607,-0.5784,1.5695,0.6362,-1.1826,-0.0437,1.34313,-0.5
2956,24.1385,1000,0.0212222,0.625,0,0.0778963,0.783797,0.266529,-0.0101037,-2.38763,5.92593e-05,0.0146807,0.212644,15282.6,0.502138,0.301915,-0.4,0.25,1381.64,3.63233e+07,1.19706,0.122661,0.6805,0.00317883,-0.551916,1,-0.17912,nan,nan,nan,nan,-0.0262448,-0.143907,-0.030974,nan,-0.225816,0,-0.459127,-0.457637,nan,-1.09248,-0.426254,-0.5748,1.62593,0.674667,-1.2208,-0.0446667,1.33667,nan
2957,21.8037,1000,0.0224467,0.625,0,0.077396,0.765694,0.280734,-0.0100961,-2.39018,5.92593e-05,0.010526,0.212633,12033.6,0.638019,0.383123,-0.4,0.25,1382.66,3.63356e+07,1.21333,0.11824,0.684094,0.00289501,-0.559699,1,-0.163227,nan,nan,nan,nan,-0.0256945,-0.144346,-0.0296216,nan,-0.225526,0,-0.456975,-0.468004,nan,-1.01932,-0.434106,-0.6086,1.65221,0.612267,-1.248,-0.0364,1.22667,nan
2958,19.2358,1000,0.0233272,0.666667,0,0.0796539,0.761492,0.365526,-0.00900257,-2.39241,5.92593e-05,0.01199,0.212608,12162.4,0.662745,0.347582,-0.4,0.25,1383.68,3.63479e+07,1.07636,0.126335,0.680734,0.00328668,-0.552912,1,-0.177825,nan,nan,nan,nan,-0.0248687,-0.135704,-0.0307395,nan,-0.223626,0,-0.458503,-0.457607,nan,-1.17499,-0.424362,-0.603938,1.63206,0.67125,-1.2275,-0.041125,1.30547,nan
2959,31.6529,1000,0.0243537,0.25,0,0.0764815,0.749282,0.273203,-0.00870948,-2.39556,5.92593e-05,0.00712324,0.212551,13870.1,0.572859,0.313074,-0.4,0.25,1384.56,3.63602e+07,1.20925,0.134479,0.707357,0.00227025,-0.552673,1,-0.119933,nan,nan,nan,nan,-0.0212915,-0.118868,-0.0242011,nan,-0.222731,0,-0.46047,-0.452298,nan,-0.852173,-0.422959,-0.5565,1.6708,0.458667,-1.21267,-0.0313333,1.44792,nan
2960,22.1927,934.385,0.0244314,0.5,0.0416667,0.0765509,0.749626,0.286695,-0.00933509,-2.39923,5.92593e-05,0.0145825,0.212521,13272,0.604886,0.320973,-0.4,0.25,1385.49,3.63725e+07,1.21544,0.1359,0.661245,0.00250911,-0.505028,0.934385,-0.1422,nan,nan,nan,nan,-0.0192204,-0.104558,-0.0235378,nan,-0.203656,0,-0.433446,-0.404503,nan,-0.866386,-0.376056,-0.511615,1.56798,0.502462,-1.13723,-0.0347692,0.890385,-0.5
2961,18.6825,925.5,0.0227569,0.333333,0.0833333,0.0768301,0.760049,0.26784,-0.0103119,-2.40171,5.92593e-05,0.0110273,0.212487,13288.2,0.590887,0.333844,-0.4,0.25,1386.42,3.63848e+07,1.14835,0.12201,0.654779,0.0026564,-0.503631,0.9255,-0.1435,nan,nan,nan,nan,-0.0197608,-0.107536,-0.0241556,nan,-0.205061,0,-0.427058,-0.403627,nan,-0.853274,-0.383364,-0.5244,1.52275,0.5144,-1.1384,-0.0388,0.91625,-0.5
2962,20.9712,1000,0.0228369,0.583333,0,0.0770633,0.75973,0.32789,-0.00862662,-2.40492,5.92593e-05,0.0144933,0.212456,12186,0.610543,0.397824,-0.4,0.25,1387.43,3.63971e+07,1.17603,0.141339,0.680361,0.00292157,-0.546301,1,-0.166657,nan,nan,nan,nan,-0.0223412,-0.122306,-0.0281778,nan,-0.221449,0,-0.461268,-0.450287,nan,-1.1278,-0.414718,-0.569143,1.65716,0.612857,-1.20371,-0.0417143,1.07321,nan
2963,21.262,1000,0.0247182,0.583333,0,0.0773148,0.768602,0.315719,-0.00821375,-2.40783,5.92593e-05,0.0165573,0.212419,12661.3,0.614791,0.355725,-0.4,0.25,1388.4,3.64093e+07,1.22268,0.133385,0.687317,0.00293813,-0.547715,1,-0.1714,nan,nan,nan,nan,-0.0225693,-0.126005,-0.0279382,nan,-0.221821,0,-0.461112,-0.444947,nan,-1.14278,-0.411607,-0.572786,1.64367,0.645429,-1.20886,-0.0431429,1.13036,nan
2964,24.3474,1000,0.0259396,0.458333,0,0.077652,0.77016,0.212958,-0.00954317,-2.41155,5.92593e-05,0.00862519,0.212365,9745.59,0.887439,0.373439,-0.4,0.25,1389.66,3.64216e+07,1.22609,0.133413,0.707741,0.0025705,-0.550405,1,-0.141273,nan,nan,nan,nan,-0.0207251,-0.112728,-0.024453,nan,-0.221288,0,-0.462801,-0.445827,nan,-0.884302,-0.415317,-0.581455,1.63673,0.528727,-1.21564,-0.036,1.09432,nan
2965,15.1742,1000,0.022892,0.375,0,0.0777285,0.762206,0.364614,-0.00881062,-2.41509,5.92593e-05,0.0117588,0.212353,13537.1,0.563414,0.344315,-0.4,0.25,1390.57,3.64339e+07,1.10736,0.128971,0.66909,0.00327696,-0.551913,1,-0.197422,nan,nan,nan,nan,-0.0245243,-0.131221,-0.0328295,nan,-0.221972,0,-0.46083,-0.44334,nan,-1.23229,-0.417441,-0.613,1.62679,0.690222,-1.20533,-0.0571111,1.12222,nan
2966,20.1084,983.944,0.0249297,0.708333,0.0416667,0.0771819,0.751699,0.254694,-0.0100618,-2.41702,5.92593e-05,0.019673,0.212338,13663.5,0.571753,0.327575,-0.4,0.25,1391.47,3.64462e+07,1.19,0.128659,0.670398,0.0029992,-0.541777,0.983944,-0.169356,nan,nan,nan,nan,-0.0227477,-0.127911,-0.0281355,nan,-0.218829,0,-0.452595,-0.443155,nan,-1.03493,-0.413361,-0.5855,1.61343,0.621333,-1.198,-0.0454444,1.10417,-0.5
2967,22.1154,1000,0.0249633,0.75,0,0.0771596,0.765924,0.317163,-0.00930669,-2.42011,5.92593e-05,0.0118321,0.212275,14570.2,0.552314,0.291051,-0.4,0.25,1392.32,3.64585e+07,1.18488,0.137815,0.671161,0.00311157,-0.547777,1,-0.190733,nan,nan,nan,nan,-0.0239481,-0.132758,-0.0304982,nan,-0.221175,0,-0.461228,-0.448088,nan,-1.14663,-0.411073,-0.554667,1.65732,0.705111,-1.20578,-0.0473333,1.16806,nan
2968,20.8724,966.833,0.0239741,0.458333,0.0416667,0.0765243,0.770353,0.276824,-0.00861926,-2.42425,5.92593e-05,0.01127,0.212241,14772.4,0.549866,0.281956,-0.4,0.25,1393.15,3.64708e+07,1.17851,0.131744,0.669547,0.00305304,-0.527525,0.966833,-0.177433,nan,nan,nan,nan,-0.0232565,-0.124366,-0.0291233,nan,-0.213392,0,-0.446009,-0.427964,nan,-1.03762,-0.403404,-0.57175,1.59341,0.657333,-1.198,-0.0405,1.10521,-0.5
2969,20.0219,1000,0.0240778,0.541667,0,0.0763377,0.765323,0.263161,-0.00863565,-2.42628,5.92593e-05,0.010369,0.212221,11940.5,0.614747,0.41436,-0.4,0.25,1394.18,3.64831e+07,1.14935,0.12996,0.660071,0.00341242,-0.556453,1,-0.1822,nan,nan,nan,nan,-0.0262277,-0.144362,-0.0309956,nan,-0.224714,0,-0.457608,-0.471969,nan,-1.12094,-0.429186,-0.618462,1.62196,0.692308,-1.22892,-0.0466154,1.28269,nan
2970,24.772,1000,0.0234995,0.5,0,0.0761697,0.767146,0.245886,-0.00861357,-2.42748,5.92593e-05,0.00798008,0.212209,12781.3,0.629578,0.331828,-0.4,0.25,1395.14,3.64954e+07,1.16204,0.127049,0.679824,0.00249033,-0.558569,1,-0.131667,nan,nan,nan,nan,-0.025965,-0.145843,-0.0279611,nan,-0.227283,0,-0.456064,-0.471225,nan,-0.819553,-0.442709,-0.621,1.60608,0.539333,-1.23433,-0.0316667,1.31563,nan
2971,25.6503,1000,0.0253529,0.5,0,0.0782731,0.788101,0.251803,-0.00979157,-2.43,5.92593e-05,0.00992752,0.212151,13279.9,0.594111,0.331194,-0.4,0.25,1396.07,3.65076e+07,1.23169,0.145057,0.70921,0.00243035,-0.545332,1,-0.152583,nan,nan,nan,nan,-0.0226076,-0.125674,-0.0260932,nan,-0.222268,0,-0.459615,-0.452168,nan,-0.868285,-0.421972,-0.586,1.64148,0.563333,-1.228,-0.0355,1.13542,nan
2972,27.7059,1000,0.0270704,0.625,0,0.0787196,0.766128,0.295835,-0.00947573,-2.4349,5.92593e-05,0.0138336,0.212097,14839.8,0.556057,0.271988,-0.4,0.25,1396.9,3.65199e+07,1.16723,0.123216,0.683049,0.00302366,-0.559287,1,-0.164693,nan,nan,nan,nan,-0.0260272,-0.141476,-0.0300763,nan,-0.224633,0,-0.456706,-0.464554,nan,-0.968208,-0.43084,-0.6052,1.61425,0.657067,-1.22853,-0.0414667,1.47917,nan
2973,21.3148,965.909,0.021631,0.375,0.0833333,0.0798211,0.774554,0.401929,-0.00956026,-2.43866,5.92593e-05,0.0122842,0.212057,16352.6,0.49365,0.257789,-0.4,0.25,1397.65,3.65322e+07,1.1071,0.132007,0.656159,0.00245895,-0.534768,0.965909,-0.132945,nan,nan,nan,nan,-0.0240937,-0.13015,-0.0260892,nan,-0.217299,0,-0.442363,-0.447951,nan,-0.856321,-0.418864,-0.587182,1.59077,0.544364,-1.18,-0.0327273,1.18864,-0.5
2974,22.8975,1000,0.0245373,0.583333,0,0.076523,0.754152,0.253649,-0.00927537,-2.44215,5.92593e-05,0.0106133,0.212031,14681.9,0.53889,0.298059,-0.4,0.25,1398.49,3.65445e+07,1.2067,0.125075,0.659095,0.00296208,-0.556815,1,-0.179686,nan,nan,nan,nan,-0.0265363,-0.148562,-0.0313741,nan,-0.223986,0,-0.458844,-0.466927,nan,-0.99739,-0.427346,-0.608143,1.63473,0.672857,-1.24143,-0.0448571,1.25536,nan
2975,28.6265,1000,0.0259237,0.5,0,0.0774422,0.759465,0.348383,-0.00815142,-2.44487,5.92593e-05,0.0054092,0.212015,12453.8,0.602755,0.38393,-0.4,0.25,1399.48,3.65568e+07,1.24084,0.121907,0.670959,0.00279807,-0.552577,1,-0.144267,nan,nan,nan,nan,-0.0258037,-0.147526,-0.0281614,nan,-0.22492,0,-0.458475,-0.464229,nan,-0.827137,-0.436045,-0.61,1.62833,0.602333,-1.25967,-0.0351667,1.37813,nan
2976,21.0721,887,0.0208317,0.291667,0.0416667,0.0782538,0.763269,0.370558,-0.00872383,-2.44748,5.92593e-05,0.0141878,0.211977,12424.8,0.655767,0.33322,-0.4,0.25,1400.47,3.65691e+07,1.19367,0.125939,0.611055,0.00247658,-0.483189,0.887,-0.153175,nan,nan,nan,nan,-0.019382,-0.108297,-0.0250662,nan,-0.195439,0,-0.407719,-0.393557,nan,-0.854523,-0.367982,-0.504,1.47711,0.544,-1.069,-0.036,0.892188,-0.5
2977,24.1297,912.4,0.021667,0.375,0.0416667,0.0777516,0.758886,0.289167,-0.00911392,-2.45068,5.92593e-05,0.0117844,0.211941,14374.8,0.577753,0.277079,-0.4,0.25,1401.33,3.65814e+07,1.07272,0.115133,0.624044,0.00274025,-0.507271,0.9124,-0.13508,nan,nan,nan,nan,-0.025512,-0.136488,-0.0279201,nan,-0.205541,0,-0.417723,-0.429188,nan,-0.916581,-0.399536,-0.5724,1.47424,0.532,-1.16,-0.0348,1.49125,-0.5
2978,18.1799,1000,0.0234434,0.333333,0,0.0779035,0.759516,0.252112,-0.0102376,-2.45372,5.92593e-05,0.0176257,0.211912,16025,0.532373,0.234429,-0.4,0.25,1402.09,3.65937e+07,1.19045,0.142323,0.696661,0.00351859,-0.542009,1,-0.20595,nan,nan,nan,nan,-0.0212373,-0.110923,-0.0303901,nan,-0.218522,0,-0.46139,-0.420222,nan,-1.12699,-0.397199,-0.549,1.66882,0.739,-1.1685,-0.056,0.776562,nan
2979,32.4981,1000,0.0254646,0.291667,0,0.0751568,0.765062,0.195961,-0.00837868,-2.45747,5.92593e-05,0.014054,0.211859,16856.6,0.490199,0.238774,-0.4,0.25,1402.82,3.6606e+07,1.24165,0.119665,0.694498,0.00292857,-0.555831,1,-0.167314,nan,nan,nan,nan,-0.0271421,-0.150021,-0.0319614,nan,-0.223493,0,-0.459415,-0.462619,nan,-0.893562,-0.435236,-0.603429,1.66198,0.648,-1.24286,-0.0391429,1.54821,nan
2980,28.4206,1000,0.0217086,0.458333,0,0.0777843,0.778634,0.423213,-0.00840839,-2.46155,5.92593e-05,0.0172102,0.21183,14266.4,0.513938,0.347389,-0.4,0.25,1403.69,3.66182e+07,1.16842,0.122217,0.684228,0.00261382,-0.550496,1,-0.151073,nan,nan,nan,nan,-0.0271725,-0.153433,-0.0292272,nan,-0.223107,0,-0.462636,-0.477052,nan,-0.929623,-0.425831,-0.615545,1.63952,0.596727,-1.25709,-0.0347273,1.54432,nan
2981,16.2937,982.538,0.0228777,0.5,0.0416667,0.0786804,0.778025,0.387436,-0.00947978,-2.46286,5.92593e-05,0.0120052,0.211862,13187.4,0.584448,0.34735,-0.4,0.25,1404.62,3.66305e+07,1.05029,0.131394,0.636687,0.00300957,-0.533725,0.982538,-0.174354,nan,nan,nan,nan,-0.0209764,-0.106983,-0.0283524,nan,-0.217436,0,-0.452357,-0.421803,nan,-1.09625,-0.401732,-0.583846,1.60722,0.62,-1.17415,-0.0455385,0.995192,-0.5
2982,19.0815,1000,0.0218745,0.666667,0,0.0803223,0.782753,0.267886,-0.00939198,-2.46254,5.92593e-05,0.0102811,0.211882,13318.1,0.588546,0.334107,-0.4,0.25,1405.54,3.66428e+07,1.10421,0.126507,0.663478,0.00289788,-0.551876,1,-0.172475,nan,nan,nan,nan,-0.0243424,-0.132252,-0.0297744,nan,-0.224275,0,-0.45785,-0.45566,nan,-1.07519,-0.427766,-0.61425,1.64457,0.62875,-1.21275,-0.041,1.20312,nan
2983,25.3091,979.176,0.0216655,0.666667,0.0416667,0.0796969,0.791653,0.197457,-0.0101945,-2.46445,5.92593e-05,0.00934109,0.211864,13709,0.552371,0.343978,-0.4,0.25,1406.44,3.66551e+07,1.18082,0.123433,0.667317,0.00291385,-0.541488,0.979176,-0.166329,nan,nan,nan,nan,-0.0265978,-0.144519,-0.0297946,nan,-0.218967,0,-0.447574,-0.444306,nan,-0.955315,-0.419774,-0.591882,1.60351,0.649412,-1.19153,-0.0395294,1.30588,-0.5
2984,23.3815,1000,0.027509,0.791667,0,0.0761709,0.785157,0.324822,-0.0092918,-2.46722,5.92593e-05,0.0139207,0.211856,16471.6,0.508655,0.237358,-0.4,0.25,1407.19,3.66674e+07,1.18003,0.135391,0.67959,0.00263506,-0.547958,1,-0.160074,nan,nan,nan,nan,-0.0214367,-0.114493,-0.0271311,nan,-0.220751,0,-0.461727,-0.443556,nan,-0.903062,-0.412533,-0.589895,1.64367,0.597684,-1.20042,-0.0392632,1.07237,nan
2985,9.82511,971.4,0.0277468,0.583333,0.0416667,0.0771922,0.773035,0.271548,-0.00966435,-2.46948,5.92593e-05,0.0071544,0.211824,16652.4,0.493076,0.244836,-0.4,0.25,1407.93,3.66797e+07,1.03019,0.131995,0.604058,0.00358606,-0.532886,0.9714,-0.216693,nan,nan,nan,nan,-0.0228347,-0.116232,-0.0329367,nan,-0.21584,-0.000133333,-0.445398,-0.426288,nan,-1.25094,-0.40175,-0.5972,1.5985,0.763733,-1.15547,-0.0576,0.893333,-0.5
2986,22.5699,945.688,0.0225109,0.625,0.0416667,0.0789475,0.78735,0.270023,-0.00987067,-2.47275,5.92593e-05,0.0126052,0.211764,13017.2,0.583076,0.360904,-0.4,0.25,1408.87,3.6692e+07,1.15544,0.118826,0.630978,0.0028848,-0.514914,0.945687,-0.1657,nan,nan,nan,nan,-0.0226641,-0.123973,-0.0276302,nan,-0.209617,0,-0.436179,-0.424736,nan,-0.94386,-0.391334,-0.530625,1.56838,0.63275,-1.1455,-0.037375,1.07891,-0.5
2987,23.4517,965.25,0.0244386,0.458333,0.0416667,0.0765468,0.785187,0.444689,-0.0089925,-2.47605,5.92593e-05,0.0103583,0.211758,13485.6,0.588942,0.322249,-0.4,0.25,1409.79,3.67043e+07,1.23721,0.137925,0.67587,0.00209957,-0.526706,0.96525,-0.122433,nan,nan,nan,nan,-0.0180257,-0.0985926,-0.0206652,nan,-0.210806,0,-0.444562,-0.421538,nan,-0.78699,-0.394524,-0.5445,1.60766,0.453667,-1.15267,-0.0265,0.8375,-0.5
2988,31.0738,1000,0.02619,0.458333,0,0.0773012,0.7687,0.248325,-0.00984043,-2.47703,5.92593e-05,0.0103977,0.211732,13452.1,0.577914,0.335546,-0.4,0.25,1410.7,3.67165e+07,1.13986,0.118441,0.675008,0.00248798,-0.557705,1,-0.135527,nan,nan,nan,nan,-0.027843,-0.164983,-0.029496,nan,-0.225167,0,-0.45691,-0.488414,nan,-0.883236,-0.444542,-0.607091,1.65422,0.564364,-1.26145,-0.0330909,1.71477,nan
2989,19.3005,933.667,0.0259253,0.458333,0.0416667,0.0761253,0.765633,0.315982,-0.00967384,-2.47981,5.92593e-05,0.0125117,0.211666,14580.7,0.553464,0.289294,-0.4,0.25,1411.55,3.67288e+07,1.1535,0.137316,0.6397,0.00260108,-0.499953,0.933667,-0.162533,nan,nan,nan,nan,-0.016545,-0.0870781,-0.0236389,nan,-0.201769,0,-0.434423,-0.394348,nan,-0.906248,-0.36542,-0.49875,1.5852,0.553,-1.11333,-0.0421667,0.747917,-0.5
2990,18.9528,1000,0.0253642,0.333333,0,0.0751525,0.774255,0.284099,-0.00887215,-2.48327,5.92593e-05,0.0115565,0.211645,16769.5,0.498415,0.234342,-0.4,0.25,1412.28,3.67411e+07,1.15722,0.129307,0.679607,0.00343855,-0.534999,1,-0.197275,nan,nan,nan,nan,-0.0198185,-0.100737,-0.0288678,nan,-0.218515,0,-0.462873,-0.430057,nan,-1.07474,-0.396164,-0.5445,1.66536,0.7015,-1.1565,-0.04875,0.825,nan
2991,26.3879,1000,0.027366,0.458333,0,0.0759782,0.758649,0.262184,-0.0093176,-2.48444,5.92593e-05,0.0129436,0.211635,16123.9,0.524702,0.237395,-0.4,0.25,1413.04,3.67534e+07,1.18221,0.127441,0.671192,0.00284352,-0.554124,1,-0.1702,nan,nan,nan,nan,-0.0269472,-0.150066,-0.0310553,nan,-0.22523,0,-0.458948,-0.468261,nan,-0.88379,-0.434667,-0.614727,1.62581,0.677091,-1.22473,-0.0403636,1.31591,nan
2992,32.9452,1000,0.0283381,0.791667,0,0.0769385,0.782111,0.383647,-0.00926603,-2.48601,5.92593e-05,0.0115154,0.211632,14987.4,0.487225,0.332661,-0.4,0.25,1413.86,3.67657e+07,1.26271,0.131557,0.703829,0.00267452,-0.551738,1,-0.156326,nan,nan,nan,nan,-0.0240581,-0.134334,-0.0278507,nan,-0.22026,0,-0.46225,-0.453488,nan,-0.819378,-0.417308,-0.557368,1.668,0.6,-1.20716,-0.0373684,1.34737,nan
2993,8.58477,1000,0.027739,0.166667,0,0.0755829,0.783888,0.351144,-0.00926352,-2.48734,5.92593e-05,0.0125041,0.211612,12846.7,0.587833,0.368678,-0.4,0.25,1414.82,3.6778e+07,1.10294,0.127668,0.631009,0.00374278,-0.545693,1,-0.2334,nan,nan,nan,nan,-0.0239533,-0.116017,-0.0344046,nan,-0.220507,0,-0.460698,-0.43109,nan,-1.39094,-0.406044,-0.59025,1.66075,0.815,-1.189,-0.0605,0.790625,nan
2994,19.8755,1000,0.0277413,0.333333,0,0.0771122,0.784416,0.255846,-0.0101205,-2.49048,5.92593e-05,0.0143718,0.21157,13087.2,0.583953,0.354979,-0.4,0.25,1415.76,3.67903e+07,1.20054,0.130905,0.671872,0.0029555,-0.539379,1,-0.17995,nan,nan,nan,nan,-0.0217058,-0.122304,-0.0287362,nan,-0.218943,0,-0.462467,-0.437755,nan,-1.10265,-0.40911,-0.565125,1.6715,0.6175,-1.212,-0.04825,1.04688,nan
2995,19.7,929.273,0.0257206,0.375,0.0833333,0.076535,0.768647,0.340746,-0.00993912,-2.49324,5.92593e-05,0.0128488,0.211591,14298.5,0.566647,0.292746,-0.4,0.25,1416.62,3.68026e+07,1.078,0.129625,0.624782,0.00289162,-0.515011,0.929273,-0.1696,nan,nan,nan,nan,-0.0257424,-0.143725,-0.028252,nan,-0.204451,0,-0.42915,-0.424592,nan,-1.04581,-0.394977,-0.550091,1.56287,0.593818,-1.15855,-0.0383636,1.28295,-0.5
2996,23.0098,1000,0.0281454,0.583333,0,0.0771771,0.75133,0.312343,-0.00935219,-2.49207,5.92593e-05,0.0164974,0.211652,16166.3,0.524605,0.235493,-0.4,0.25,1417.39,3.68148e+07,1.20948,0.141764,0.692785,0.00293665,-0.548482,1,-0.158586,nan,nan,nan,nan,-0.0232613,-0.133372,-0.0273769,nan,-0.220187,0,-0.461646,-0.449216,nan,-1.06691,-0.416628,-0.568929,1.67326,0.556857,-1.20771,-0.0407143,1.19643,nan
2997,17.7099,979.789,0.025219,0.75,0.0416667,0.0764491,0.774599,0.211513,-0.00978374,-2.49231,5.92593e-05,0.00808055,0.211636,16151.4,0.520465,0.240337,-0.4,0.25,1418.15,3.68271e+07,1.14355,0.134583,0.652426,0.00321498,-0.527038,0.979789,-0.181379,nan,nan,nan,nan,-0.0200402,-0.104891,-0.0278771,nan,-0.213881,0,-0.452111,-0.415234,nan,-1.0126,-0.394281,-0.570632,1.64347,0.638316,-1.15832,-0.0473684,0.842105,-0.5
2998,22.0039,1000,0.0270005,0.458333,0,0.0752428,0.78353,0.42861,-0.00874179,-2.49477,5.92593e-05,0.0173188,0.211664,13511,0.545261,0.364217,-0.4,0.25,1419.06,3.68394e+07,1.16083,0.136174,0.66216,0.00250476,-0.550933,1,-0.155564,nan,nan,nan,nan,-0.0234557,-0.132359,-0.0276092,nan,-0.220903,0,-0.460796,-0.449459,nan,-0.991219,-0.418502,-0.601909,1.65228,0.570909,-1.22764,-0.0345455,1.21023,nan
2999,28.9444,1000,0.0269348,0.666667,0,0.077088,0.788255,0.358335,-0.00796076,-2.49316,5.92593e-05,0.0117411,0.211706,13081.9,0.608414,0.330896,-0.4,0.25,1420,3.68517e+07,1.28372,0.132457,0.687149,0.00271207,-0.542519,1,-0.158213,nan,nan,nan,nan,-0.0224413,-0.12156,-0.0273389,nan,-0.218115,0,-0.462906,-0.443899,nan,-0.869299,-0.408295,-0.53175,1.67911,0.58925,-1.21075,-0.042125,1.13203,nan
3000,25.9561,1000,0.0269135,0.583333,0,0.0763328,0.782072,0.259306,-0.00896465,-2.49363,5.92593e-05,0.0153018,0.2117,13247.1,0.579256,0.348342,-0.4,0.25,1420.93,3.6864e+07,1.16089,0.132012,0.684723,0.0023262,-0.546086,1,-0.143414,nan,nan,nan,nan,-0.0232931,-0.133912,-0.0259386,nan,-0.220638,0,-0.46229,-0.4535,nan,-0.80469,-0.419316,-0.5715,1.65147,0.538,-1.202,-0.0355714,1.17054,nan
