iteration,Train/mean_reward,Train/mean_episode_length,Train/mean_step_reward,Episode_Termination/time_out,Episode_Termination/fell_over,Metrics/twist/error_vel_xy,Metrics/twist/error_vel_yaw,Loss/value,Loss/surrogate,Loss/entropy,Loss/learning_rate,Loss/kl,Policy/mean_std,Perf/total_fps,Perf/collection_time,Perf/learning_time,Curriculum/action_rate_weight,Curriculum/standing_envs,time_s,env_steps,Episode_Reward/track_linear_velocity,Episode_Reward/track_angular_velocity,Episode_Reward/upright,Episode_Reward/pose,Episode_Reward/action_rate_l2,Episode_Reward/alive,Episode_Reward/air_time,Episode_Reward/single_stance,Episode_Reward/foot_lift,Episode_Reward/foot_alternation,Episode_Reward/foot_symmetry,Episode_Reward/foot_clearance,Episode_Reward/foot_swing_height,Episode_Reward/foot_slip,Episode_Reward/trot,Episode_Reward/joint_torque,Episode_Reward/self_collisions,Episode_Reward/dof_pos_limits,Episode_Reward/body_ang_vel,Episode_Reward/angular_momentum
1,-0.651908,17.7951,-0.0154314,0,5.08333,0.151879,1.38738,0.0381734,0.213533,2.59453,0.000666667,3.02605,0.301705,6712.28,1.27624,0.554435,-0.1,0.02,1.83088,12288,0.0103203,0.00113021,0.00552468,0.00229677,-0.00402186,nan,0.00062541,nan,nan,nan,nan,-0.00125854,-0.00174523,-0.000781578,0.00108197,-0.00713314,-0.000590164,-0.000185819,-0.0378584,nan
2,-0.856209,32.3105,-0.0204496,0,7.91667,0.183496,1.4427,0.0292588,-0.00154822,2.65756,0.000444444,0.0310528,0.30181,7650.87,1.09821,0.507884,-0.1,0.02,3.43876,24576,0.0180465,0.00182601,0.0118595,0.00425559,-0.00765592,nan,0.00259211,nan,nan,nan,nan,-0.00229047,-0.00494274,-0.00163227,0.0018,-0.0131436,-0.000478947,-0.000334688,-0.0527116,nan
3,-1.01886,45.574,-0.0203356,0,7.04167,0.184059,1.43741,0.0274823,-0.0130712,2.63743,0.000296296,0.0334561,0.301129,6954.15,1.25982,0.507186,-0.1,0.02,5.20746,36864,0.0230576,0.00283273,0.0193319,0.00566423,-0.011251,nan,0.00486331,nan,nan,nan,nan,-0.00301386,-0.00798878,-0.0023956,0.0030355,-0.0186689,-0.000497041,-0.000486676,-0.0654265,nan
4,-1.12947,54.9137,-0.0187886,0,5.79167,0.183654,1.41763,0.0252076,-0.0160651,2.61296,0.000197531,0.0207947,0.30054,7402.17,1.20534,0.454717,-0.1,0.02,6.86916,49152,0.0292681,0.00377028,0.0239149,0.0069443,-0.0134592,nan,0.00623022,nan,nan,nan,nan,-0.00337032,-0.0105249,-0.00306062,0.00361151,-0.0224174,-0.000402878,-0.000611025,-0.0763663,nan
5,-1.27365,66.0331,-0.0189015,0,6.29167,0.190831,1.39917,0.0240113,-0.0160017,2.59196,0.000197531,0.0181984,0.300082,7498.07,1.14306,0.495764,-0.1,0.02,8.50927,61440,0.0363733,0.00442747,0.030092,0.00801715,-0.0162709,nan,0.00809139,nan,nan,nan,nan,-0.00384117,-0.0122685,-0.00349925,0.00423179,-0.0270806,-0.000675497,-0.000684458,-0.0905952,nan
6,-1.45167,68.561,-0.0174813,0,5.125,0.192766,1.40741,0.0212732,-0.0151445,2.57143,0.000197531,0.0165074,0.299519,7112.02,1.07683,0.650945,-0.1,0.02,10.2387,73728,0.03114,0.00440841,0.0311698,0.00822563,-0.016842,nan,0.00825691,nan,nan,nan,nan,-0.00391014,-0.0130416,-0.00368396,0.00421138,-0.0280553,-0.000463415,-0.000746079,-0.0932533,nan
7,-1.31635,72.4925,-0.0168513,0,5.58333,0.189429,1.40314,0.0198038,-0.0150319,2.54843,0.000197531,0.0187726,0.298949,13700.9,0.578973,0.317902,-0.1,0.02,11.1373,86016,0.0362257,0.00548853,0.0341757,0.00903609,-0.0178881,nan,0.0084097,nan,nan,nan,nan,-0.00407717,-0.0134992,-0.00396221,0.00519403,-0.0296193,-0.000574627,-0.000783211,-0.0939435,nan
8,-1.49187,84.5608,-0.0170908,0,6.16667,0.194323,1.41263,0.0194204,-0.0147522,2.52529,0.000197531,0.0199876,0.298377,12873.2,0.578746,0.375795,-0.1,0.02,12.0931,98304,0.0418081,0.00546796,0.0398498,0.0104789,-0.0206781,nan,0.0106946,nan,nan,nan,nan,-0.0044763,-0.0165723,-0.00454959,0.00556081,-0.034444,-0.000635135,-0.000894713,-0.106204,nan
9,-1.46901,85.918,-0.0153074,0,5.08333,0.192731,1.36061,0.0197753,-0.0146631,2.5021,0.000197531,0.017946,0.297774,11828.7,0.621059,0.417772,-0.1,0.02,13.1333,110592,0.0413741,0.00564192,0.0419627,0.0105464,-0.020936,nan,0.0105533,nan,nan,nan,nan,-0.00452796,-0.015974,-0.00463977,0.00595082,-0.034952,-0.000696721,-0.000856262,-0.106897,nan
10,-1.51034,84.1118,-0.0153936,0,6.33333,0.189693,1.38023,0.0211321,-0.0159041,2.47944,0.000197531,0.0175868,0.297307,8990.4,0.63489,0.731901,-0.1,0.02,14.5015,122880,0.03596,0.00627803,0.0402756,0.009851,-0.0203733,nan,0.00987039,nan,nan,nan,nan,-0.00427641,-0.0153986,-0.00421986,0.00606579,-0.0341727,-0.0005,-0.000816705,-0.10406,nan
11,-1.45145,88.1391,-0.0149489,0,6.29167,0.184841,1.38214,0.0194522,-0.0160047,2.4629,0.000197531,0.0176583,0.296914,7301.72,0.776877,0.906015,-0.1,0.02,16.186,135168,0.0398901,0.00601422,0.0435935,0.0111209,-0.0212564,nan,0.0110483,nan,nan,nan,nan,-0.00433196,-0.0157362,-0.00470256,0.00593377,-0.0357083,-0.000529801,-0.000992624,-0.106916,nan
12,-1.26397,73.7343,-0.0139487,0,5.95833,0.182301,1.40631,0.0200934,-0.0143061,2.44665,0.000197531,0.0163646,0.296516,7320.38,0.799063,0.879538,-0.1,0.02,17.8666,147456,0.0319909,0.00548783,0.0369736,0.00934177,-0.0175699,nan,0.00839301,nan,nan,nan,nan,-0.00368801,-0.0127144,-0.00398882,0.00518182,-0.0297601,-0.000531469,-0.00083936,-0.0914753,nan
13,-1.31831,83.6036,-0.0137408,0,7.04167,0.180947,1.40333,0.0190707,-0.0157697,2.42938,0.000197531,0.0172731,0.296051,8533.51,0.836736,0.603235,-0.1,0.02,19.3089,159744,0.0379002,0.0063017,0.0417279,0.0106668,-0.0202557,nan,0.00998047,nan,nan,nan,nan,-0.00416418,-0.0146997,-0.00446385,0.00613018,-0.0338015,-0.000556213,-0.000921412,-0.09976,nan
14,-1.29581,82.0838,-0.0142438,0,7.45833,0.179792,1.36808,0.0193275,-0.0160361,2.41223,0.000197531,0.0164013,0.295694,7766.6,0.833908,0.748251,-0.1,0.02,20.8931,172032,0.0378335,0.00546504,0.0406348,0.0100943,-0.0195655,nan,0.00958994,nan,nan,nan,nan,-0.0040272,-0.0143236,-0.00427072,0.00602235,-0.0331282,-0.000782123,-0.00086247,-0.0974707,nan
15,-1.03173,66.901,-0.014058,0,8.41667,0.175967,1.35048,0.018127,-0.0141556,2.39739,0.000197531,0.0173268,0.295309,7480.39,0.898025,0.744671,-0.1,0.02,22.5382,184320,0.0306442,0.0048122,0.0328335,0.00828447,-0.0158872,nan,0.00721931,nan,nan,nan,nan,-0.00338787,-0.0107656,-0.00350628,0.00518812,-0.0268748,-0.000663366,-0.000734853,-0.0787484,nan
16,-0.974632,63.3369,-0.0116306,0,7.79167,0.167111,1.35518,0.0159492,-0.0148774,2.38197,0.000197531,0.0170286,0.294949,6476.19,1.61344,0.283972,-0.1,0.02,24.4377,196608,0.0296684,0.00479953,0.0306278,0.00785281,-0.0149397,nan,0.00700909,nan,nan,nan,nan,-0.00319727,-0.0097946,-0.00327484,0.00464171,-0.025411,-0.000438503,-0.000682153,-0.0755928,nan
17,-0.866866,66.1376,-0.0120212,0,9.08333,0.163444,1.37485,0.0175628,-0.0145599,2.3646,0.000197531,0.0136042,0.294431,12932.9,0.595762,0.354374,-0.1,0.02,25.3893,208896,0.0369999,0.0049176,0.0322054,0.0083162,-0.0155873,nan,0.00740183,nan,nan,nan,nan,-0.00331352,-0.010716,-0.00347831,0.00518349,-0.026589,-0.000275229,-0.000692292,-0.077716,nan
18,-0.844237,62.9099,-0.0117141,0,9.25,0.161931,1.34096,0.0152796,-0.0133535,2.34138,0.000197531,0.017174,0.293842,13550.5,0.584587,0.322243,-0.1,0.02,26.2977,221184,0.034021,0.00489078,0.0313639,0.00790412,-0.0147835,nan,0.00680495,nan,nan,nan,nan,-0.00301211,-0.00958015,-0.00326265,0.00481081,-0.0252464,-0.000527027,-0.000703549,-0.0748921,nan
19,-0.788405,60.6293,-0.011211,0,8.54167,0.160639,1.33891,0.0152466,-0.015897,2.31693,0.000131687,0.0236807,0.293228,14488.8,0.57692,0.271183,-0.1,0.02,27.1471,233472,0.0345716,0.00485468,0.0297314,0.00744205,-0.0141128,nan,0.00640683,nan,nan,nan,nan,-0.00292599,-0.00951226,-0.00299739,0.00458049,-0.0242542,-0.000634146,-0.000679782,-0.0718907,nan
20,-0.664092,58.4202,-0.00967643,0,7.83333,0.155333,1.30526,0.0152174,-0.014278,2.29521,0.000131687,0.0181349,0.292777,13405.4,0.581289,0.335354,-0.1,0.02,28.0652,245760,0.036365,0.00469577,0.0288986,0.00752339,-0.0135843,nan,0.00636543,nan,nan,nan,nan,-0.00289623,-0.00900048,-0.00302125,0.00467553,-0.0233236,-0.000441489,-0.000633573,-0.0688274,nan
21,-0.669352,59.9803,-0.00953504,0,8.45833,0.158995,1.33146,0.0140733,-0.014748,2.27724,0.000131687,0.017215,0.292399,12442.3,0.650512,0.337085,-0.1,0.02,29.054,258048,0.0372386,0.00476842,0.0301224,0.00764031,-0.0140016,nan,0.00613596,nan,nan,nan,nan,-0.00298522,-0.0091897,-0.00309042,0.00466502,-0.0239946,-0.000482759,-0.000687904,-0.0696061,nan
22,-0.724089,59.75,-0.00921377,0,7.5,0.159274,1.31704,0.0155874,-0.0141518,2.26256,0.000131687,0.0173789,0.292017,12930.3,0.600535,0.349792,-0.1,0.02,30.0056,270336,0.0337416,0.00458438,0.0295863,0.00764163,-0.0138679,nan,0.00642222,nan,nan,nan,nan,-0.0029662,-0.00914059,-0.00301278,0.00531111,-0.0238042,-0.000344444,-0.000668388,-0.0696871,nan
23,-0.652672,59.5,-0.00852447,0,8.16667,0.155753,1.32008,0.0149761,-0.0133926,2.24562,8.77915e-05,0.0206705,0.291605,14006.1,0.572825,0.304506,-0.1,0.02,30.8846,282624,0.0355741,0.00473878,0.0294832,0.00759465,-0.0136443,nan,0.00624439,nan,nan,nan,nan,-0.00304643,-0.00912939,-0.00301672,0.00477551,-0.023695,-0.000418367,-0.000719622,-0.0673743,nan
24,-0.519276,55.1833,-0.00683577,0,7.5,0.149461,1.30909,0.0173895,-0.0148137,2.23112,8.77915e-05,0.0185316,0.291307,14915.3,0.534376,0.289478,-0.1,0.02,31.7097,294912,0.0373126,0.00438938,0.0281678,0.00710143,-0.0125709,nan,0.00514444,nan,nan,nan,nan,-0.0026772,-0.0082449,-0.00265953,0.00445,-0.0218986,-0.000388889,-0.00051004,-0.0635795,nan
25,-0.587805,67.2288,-0.0069015,0,6.375,0.152855,1.29655,0.0179312,-0.0127931,2.21859,5.85277e-05,0.0236024,0.291001,13916.8,0.553771,0.32919,-0.1,0.02,32.5939,307200,0.0422907,0.00586477,0.0353397,0.00826675,-0.0153612,nan,0.00696471,nan,nan,nan,nan,-0.00311011,-0.0100957,-0.00333606,0.00539869,-0.0266386,-0.00045098,-0.000680601,-0.0738423,nan
26,-0.622084,66.2733,-0.00675649,0,6.70833,0.155504,1.29326,0.0173961,-0.0118225,2.20769,5.85277e-05,0.013235,0.290785,12953.1,0.608189,0.340465,-0.1,0.02,33.5439,319488,0.0392404,0.005912,0.0341252,0.00835978,-0.0149997,nan,0.00673478,nan,nan,nan,nan,-0.00317214,-0.0101948,-0.00319718,0.00559006,-0.0262101,-0.000273292,-0.000690981,-0.0723282,nan
27,-0.573741,69.7895,-0.00606453,0,6.33333,0.152388,1.29436,0.0154241,-0.0105446,2.19818,5.85277e-05,0.0117558,0.290536,13305.1,0.575541,0.348015,-0.1,0.02,34.4687,331776,0.0436398,0.00596995,0.0365963,0.00904149,-0.0160011,nan,0.00681513,nan,nan,nan,nan,-0.00324146,-0.0103694,-0.00351332,0.00603947,-0.0276669,-0.000414474,-0.000718975,-0.0748636,nan
28,-0.501076,72.3665,-0.00502588,0,6.70833,0.146889,1.28788,0.0160198,-0.0131907,2.18861,5.85277e-05,0.0134494,0.290348,12576.3,0.617015,0.360062,-0.1,0.02,35.4473,344064,0.0489796,0.00619592,0.0380195,0.00921071,-0.0165831,nan,0.00764596,nan,nan,nan,nan,-0.00340924,-0.010734,-0.00354313,0.00608696,-0.0287139,-0.000236025,-0.000758238,-0.0772148,nan
29,-0.57473,60.2769,-0.00310935,0,5.41667,0.144401,1.2696,0.0172162,-0.0115883,2.18129,5.85277e-05,0.0157115,0.290166,15071.9,0.544412,0.270881,-0.1,0.02,36.2639,356352,0.0357612,0.00519183,0.0310183,0.00769625,-0.0138103,nan,0.00607769,nan,nan,nan,nan,-0.00296318,-0.00849935,-0.00291733,0.00475385,-0.0239081,-0.000461538,-0.000611749,-0.0660641,nan
30,-0.467664,68.8169,-0.00418954,0,5.91667,0.145092,1.27236,0.017325,-0.0104549,2.17369,5.85277e-05,0.0148883,0.289991,13692.9,0.571696,0.325702,-0.1,0.02,37.1629,368640,0.0460758,0.00626129,0.0367228,0.00874326,-0.0156983,nan,0.00689577,nan,nan,nan,nan,-0.00314208,-0.00950975,-0.00335211,0.00583803,-0.0273012,-0.000253521,-0.00066614,-0.0739969,nan
31,-0.383909,74.2748,-0.00423591,0,5.45833,0.148768,1.2466,0.0173276,-0.0121823,2.16594,5.85277e-05,0.0139141,0.289787,13083.1,0.578607,0.360623,-0.1,0.02,38.1034,380928,0.0539495,0.00641278,0.0401821,0.00942791,-0.0169405,nan,0.00726947,nan,nan,nan,nan,-0.00321888,-0.0111344,-0.00372703,0.00673282,-0.029368,-0.000274809,-0.000683386,-0.0778231,nan
32,-0.464173,90.9756,-0.0030904,0,5.125,0.147567,1.24925,0.0173388,-0.0110475,2.15807,5.85277e-05,0.0120358,0.289631,13880.1,0.577419,0.30788,-0.1,0.02,38.9901,393216,0.0612335,0.00873381,0.0497262,0.0112881,-0.0207777,nan,0.00994309,nan,nan,nan,nan,-0.0038954,-0.0142292,-0.00445179,0.0082439,-0.0360377,-0.000349593,-0.000834767,-0.0918011,nan
33,-0.53596,82.8641,-0.00235088,0,4.29167,0.145957,1.25658,0.0168971,-0.0114803,2.15212,5.85277e-05,0.0198805,0.289491,15362.6,0.536804,0.263062,-0.1,0.02,39.7913,405504,0.0516749,0.00758984,0.0454652,0.0104771,-0.0187418,nan,0.00833592,nan,nan,nan,nan,-0.00353348,-0.012171,-0.00397128,0.00690291,-0.0328295,-0.000563107,-0.000790791,-0.084643,nan
34,-0.383459,91.7327,-0.0016437,0,4.20833,0.144489,1.26749,0.0164865,-0.0123727,2.14612,5.85277e-05,0.0137876,0.289345,17143.5,0.474487,0.242288,-0.1,0.02,40.5094,417792,0.061142,0.0081132,0.0517804,0.0111802,-0.0210253,nan,0.00911683,nan,nan,nan,nan,-0.00364283,-0.0123042,-0.00435481,0.00806931,-0.0362972,-5.94059e-05,-0.000760838,-0.0901303,nan
35,-0.363855,97.7714,-0.00214796,0,4.375,0.149746,1.23963,0.016839,-0.0116339,2.14008,5.85277e-05,0.00954959,0.289205,17435.2,0.470693,0.23409,-0.1,0.02,41.2154,430080,0.0685734,0.00918228,0.0546535,0.0119576,-0.0221663,nan,0.00964952,nan,nan,nan,nan,-0.00401014,-0.0138477,-0.00474881,0.00819048,-0.0385482,-0.000104762,-0.000790955,-0.0961827,nan
36,-0.396288,94.5046,-0.00127944,0,4.54167,0.148045,1.24653,0.0186391,-0.0108752,2.13405,5.85277e-05,0.013506,0.289053,17385.7,0.467084,0.239703,-0.1,0.02,41.9235,442368,0.062648,0.00902406,0.0541031,0.0115215,-0.0215439,nan,0.00898073,nan,nan,nan,nan,-0.00385765,-0.0131788,-0.00470014,0.00777064,-0.0372761,-0.000110092,-0.000798111,-0.0923977,nan
37,-0.27227,103.689,-0.00163583,0,3.75,0.147922,1.25129,0.0182113,-0.0117188,2.12791,3.90184e-05,0.0223748,0.288929,17658.7,0.46286,0.233,-0.1,0.02,42.6207,454656,0.0737582,0.00902021,0.0598484,0.0132618,-0.0237144,nan,0.01051,nan,nan,nan,nan,-0.0041818,-0.0145545,-0.00517654,0.00937778,-0.0411097,-0.000433333,-0.000985488,-0.0992341,nan
38,-0.256645,98.9341,-0.00210425,0,3.79167,0.148167,1.28265,0.0177593,-0.0100109,2.12312,3.90184e-05,0.0147754,0.2888,17009.8,0.47519,0.247216,-0.1,0.02,43.3443,466944,0.0721498,0.00924619,0.0563376,0.0122379,-0.022621,nan,0.0104022,nan,nan,nan,nan,-0.00396171,-0.0143556,-0.0047397,0.00893407,-0.0391912,-0.000131868,-0.000955132,-0.096184,nan
39,-0.426626,112.283,-0.000809331,0,3.83333,0.144,1.24825,0.0200241,-0.0103363,2.11712,3.90184e-05,0.0108722,0.288664,17304.9,0.47039,0.239697,-0.1,0.02,44.0557,479232,0.0717845,0.0105683,0.0637748,0.0140972,-0.0256132,nan,0.0114261,nan,nan,nan,nan,-0.00449076,-0.0163057,-0.0054137,0.0101957,-0.0444581,-0.000434783,-0.000930597,-0.105531,nan
40,-0.228985,116.915,-0.000141732,0,3.41667,0.143716,1.22659,0.0198477,-0.00924505,2.112,3.90184e-05,0.0120252,0.288545,16631.3,0.491195,0.247652,-0.1,0.02,44.7959,491520,0.0817658,0.0107813,0.0690486,0.0148036,-0.0267418,nan,0.0119573,nan,nan,nan,nan,-0.00465331,-0.0165958,-0.00555427,0.010061,-0.0462593,-9.7561e-05,-0.00102632,-0.108938,nan
41,-0.48191,110.84,-0.000535603,0,3.375,0.146654,1.23698,0.020816,-0.0103295,2.10712,3.90184e-05,0.0159632,0.288438,15477.1,0.483621,0.310326,-0.1,0.02,45.5911,503808,0.070058,0.0102383,0.0644984,0.0136235,-0.0254265,nan,0.0112025,nan,nan,nan,nan,-0.00440994,-0.0164788,-0.00527243,0.00939506,-0.0437088,-0.00045679,-0.00102858,-0.106329,nan
42,-0.255208,147.449,0.000767368,0,2.875,0.14336,1.21474,0.0180625,-0.00957076,2.10253,3.90184e-05,0.0158094,0.288317,15441.2,0.528995,0.266796,-0.1,0.02,46.389,516096,0.0996358,0.013626,0.0893023,0.0184666,-0.0335696,nan,0.0163826,nan,nan,nan,nan,-0.00578328,-0.0220713,-0.00736961,0.0143478,-0.0580461,-7.24638e-05,-0.00141019,-0.136199,nan
43,0.0142323,135.311,0.000313792,0,3.08333,0.146717,1.22593,0.0185628,-0.00925256,2.09741,3.90184e-05,0.0148923,0.288205,16661.9,0.495865,0.241626,-0.1,0.02,47.1277,528384,0.102541,0.0144388,0.0794738,0.0173452,-0.0308058,nan,0.014627,nan,nan,nan,nan,-0.00531952,-0.0206422,-0.00657079,0.0127297,-0.0535845,-0.000256757,-0.00123367,-0.122031,nan
44,0.0617983,178.446,0.000955036,0,2.33333,0.143008,1.21925,0.02146,-0.00872723,2.09318,3.90184e-05,0.0127119,0.288114,16658.6,0.478272,0.259364,-0.1,0.02,47.8666,540672,0.124926,0.0187593,0.11237,0.0211749,-0.0405167,nan,0.0186054,nan,nan,nan,nan,-0.00642738,-0.0271835,-0.00860844,0.016875,-0.0702663,-0.000303571,-0.00136375,-0.154951,nan
45,-0.0402744,176.387,0.00070541,0,2.58333,0.146616,1.223,0.018749,-0.00878809,2.08973,3.90184e-05,0.00794013,0.288046,13989.2,0.509625,0.368768,-0.1,0.02,48.7463,552960,0.124537,0.0175294,0.110865,0.0202644,-0.0402598,nan,0.0177226,nan,nan,nan,nan,-0.00657629,-0.0271309,-0.00833648,0.0171129,-0.0693757,-0.000112903,-0.00118263,-0.15707,nan
46,-0.14017,151.845,0.00159629,0,2.41667,0.148149,1.2081,0.0191908,-0.0095195,2.08729,3.90184e-05,0.0085485,0.287993,12647.9,0.550975,0.420567,-0.1,0.02,49.7192,565248,0.10263,0.0146167,0.0933038,0.0181181,-0.034757,nan,0.0160483,nan,nan,nan,nan,-0.00570635,-0.0227198,-0.00748286,0.0148621,-0.0597046,-8.62069e-05,-0.00132807,-0.134802,nan
47,-0.108795,160.689,0.00296138,0,1.875,0.144538,1.19671,0.0211826,-0.010022,2.08491,3.90184e-05,0.0141673,0.287933,12288.5,0.597515,0.402448,-0.1,0.02,50.7205,577536,0.109456,0.0159771,0.0997656,0.0190808,-0.0365933,nan,0.0160978,nan,nan,nan,nan,-0.00581893,-0.0237864,-0.0076133,0.0158444,-0.0632164,-0.000133333,-0.0012456,-0.143254,nan
48,-0.399351,150.077,0.00300791,0,1.625,0.141506,1.21275,0.020501,-0.00983806,2.08231,3.90184e-05,0.0165753,0.287874,12409.3,0.606849,0.383374,-0.1,0.02,51.7124,589824,0.0831469,0.0147375,0.0954031,0.01789,-0.0342193,nan,0.0153974,nan,nan,nan,nan,-0.00561612,-0.0212425,-0.00740059,0.014641,-0.0589337,-0.000153846,-0.00138971,-0.132228,nan
49,-0.122905,191.178,0.00268627,0,1.875,0.140538,1.18815,0.018516,-0.00905525,2.0793,3.90184e-05,0.0135516,0.287782,14556.2,0.553232,0.290945,-0.1,0.02,52.5581,602112,0.127753,0.0188033,0.120515,0.0225266,-0.0432368,nan,0.01962,nan,nan,nan,nan,-0.00692715,-0.0297819,-0.00940432,0.0191778,-0.0751287,-0.000244444,-0.00128704,-0.168531,nan
50,0.334529,222,0.00270057,0,1.66667,0.145635,1.18397,0.0214436,-0.00875673,2.07463,3.90184e-05,0.00904396,0.287653,13407.4,0.554538,0.361971,-0.1,0.02,53.476,614400,0.155878,0.0233009,0.145412,0.0257753,-0.0505544,nan,0.0229125,nan,nan,nan,nan,-0.00772565,-0.0332235,-0.0107054,0.02245,-0.0872062,-2.5e-05,-0.00139458,-0.188167,nan
51,-0.129995,196.69,0.00284439,0,1.20833,0.147783,1.20164,0.0215759,-0.00916016,2.06943,3.90184e-05,0.010225,0.287546,12407.5,0.581233,0.409137,-0.1,0.02,54.4678,626688,0.124349,0.0191667,0.128961,0.0235021,-0.0446214,nan,0.020169,nan,nan,nan,nan,-0.00711905,-0.030307,-0.0100036,0.0204828,-0.0768913,-3.44828e-05,-0.00154135,-0.172612,nan
52,0.106599,237.375,0.00195704,0,1.66667,0.148077,1.20892,0.0211586,-0.00891753,2.06543,3.90184e-05,0.0110778,0.287465,12066.2,0.61075,0.407628,-0.1,0.02,55.4878,638976,0.162902,0.0234584,0.152469,0.0285747,-0.0538361,nan,0.0265225,nan,nan,nan,nan,-0.00846254,-0.0375301,-0.0113621,0.0244,-0.0930308,-0.00015,-0.00185821,-0.206766,nan
53,-0.0485121,169.128,0.00179963,0,1.95833,0.151495,1.21212,0.0211538,-0.00988262,2.06241,3.90184e-05,0.0138072,0.287398,14281.2,0.572663,0.287768,-0.1,0.02,56.3499,651264,0.113879,0.0170818,0.106812,0.0195197,-0.03835,nan,0.0162149,nan,nan,nan,nan,-0.00617201,-0.0245143,-0.00780668,0.0173404,-0.0662258,-0.000170213,-0.00130396,-0.148731,nan
54,0.020903,225.156,0.001816,0,1.875,0.15422,1.20717,0.0174117,-0.00943366,2.0593,3.90184e-05,0.0150776,0.287316,13001.6,0.57776,0.367353,-0.1,0.02,57.2964,663552,0.143882,0.0241722,0.146995,0.0236145,-0.0509559,nan,0.0223022,nan,nan,nan,nan,-0.00759082,-0.031896,-0.0100779,0.0205778,-0.0882416,-8.88889e-05,-0.001734,-0.189913,nan
55,-0.00714914,192.618,0.0022867,0,1.41667,0.152651,1.18395,0.0234555,-0.00907507,2.05619,3.90184e-05,0.0137679,0.287259,12559.6,0.610873,0.367501,-0.1,0.02,58.2769,675840,0.128965,0.020066,0.121816,0.0226601,-0.0435676,nan,0.0196588,nan,nan,nan,nan,-0.0070439,-0.0292491,-0.00934578,0.0172059,-0.0758322,0,-0.0016502,-0.16404,nan
56,0.344197,240.812,0.00391892,0,1.33333,0.147387,1.18264,0.0221448,-0.0105464,2.05404,3.90184e-05,0.0158058,0.287211,13002.6,0.590722,0.354322,-0.1,0.02,59.2232,688128,0.166059,0.0241734,0.15892,0.0250263,-0.0546385,nan,0.0229688,nan,nan,nan,nan,-0.00813873,-0.0347257,-0.010961,0.024375,-0.0943177,-3.125e-05,-0.00142043,-0.200079,nan
57,-0.00508685,234.219,0.0029879,0,1.33333,0.15192,1.20613,0.0203149,-0.00883992,2.05109,3.90184e-05,0.0143249,0.287104,14326.1,0.563409,0.294325,-0.1,0.02,60.0825,700416,0.142245,0.0273863,0.155328,0.0260489,-0.0534344,nan,0.0229094,nan,nan,nan,nan,-0.00805642,-0.0350362,-0.0107622,0.023125,-0.0921374,0,-0.00136335,-0.196507,nan
58,-0.125255,220.914,0.00331557,0,1.45833,0.151167,1.18495,0.0262872,-0.0100927,2.0463,3.90184e-05,0.0159299,0.287008,13867.6,0.536345,0.34975,-0.1,0.02,60.9699,712704,0.130551,0.0220522,0.14354,0.0226522,-0.0507547,nan,0.0230971,nan,nan,nan,nan,-0.00767863,-0.0330782,-0.0101846,0.0235143,-0.0867367,-8.57143e-05,-0.00173389,-0.181417,nan
59,0.232678,272.739,0.00243681,0,1.91667,0.156478,1.16947,0.0215933,-0.00998962,2.0429,3.90184e-05,0.00931232,0.286936,13003.5,0.588191,0.356787,-0.1,0.02,61.9162,724992,0.174875,0.0275082,0.181117,0.0306394,-0.0622116,nan,0.0287087,nan,nan,nan,nan,-0.0093466,-0.0424931,-0.0127936,0.0288261,-0.106956,-6.52174e-05,-0.00182764,-0.224347,nan
60,0.0383748,350,0.00307095,0.0416667,1.125,0.150719,1.18371,0.0213311,-0.00918487,2.04013,3.90184e-05,0.00893149,0.286882,12817.6,0.592296,0.366384,-0.1,0.02,62.8764,737280,0.2078,0.0367466,0.233651,0.0376886,-0.0793389,nan,0.0346036,nan,nan,nan,nan,-0.0109951,-0.0526676,-0.0156278,0.0337857,-0.136801,-0.000214286,-0.0022634,-0.284449,nan
61,0.0741801,241.846,0.00446256,0,1.08333,0.148338,1.17458,0.0209615,-0.00947638,2.03763,3.90184e-05,0.0105315,0.286808,14724.2,0.55294,0.281606,-0.1,0.02,63.7124,749568,0.154878,0.0232166,0.155226,0.0258747,-0.0553981,nan,0.0252731,nan,nan,nan,nan,-0.00807246,-0.0362211,-0.0108247,0.0241538,-0.0946811,-0.000230769,-0.00211832,-0.197367,nan
62,0.689615,365.56,0.00434177,0.0416667,1,0.148653,1.16827,0.0203256,-0.0102479,2.0343,3.90184e-05,0.0166449,0.286733,12514.7,0.575696,0.406191,-0.1,0.02,64.6956,761856,0.239832,0.0401063,0.246489,0.038531,-0.0825869,nan,0.039348,nan,nan,nan,nan,-0.0121872,-0.05736,-0.0166011,0.03876,-0.143016,-8e-05,-0.00208538,-0.294669,nan
63,0.500098,291.152,0.00495827,0.0416667,1.33333,0.146138,1.13306,0.0230546,-0.00962516,2.03137,3.90184e-05,0.0112453,0.286663,12895.1,0.592436,0.360481,-0.1,0.02,65.6501,774144,0.190338,0.0315048,0.196455,0.0323614,-0.0663325,nan,0.0307697,nan,nan,nan,nan,-0.00943728,-0.0433266,-0.0131345,0.031303,-0.114125,-0.000181818,-0.00192866,-0.239261,nan
64,0.939407,335.87,0.00496619,0.0416667,0.916667,0.146316,1.15313,0.0216142,-0.00911884,2.02785,3.90184e-05,0.011997,0.286566,13802.4,0.556281,0.333996,-0.1,0.02,66.5417,786432,0.224079,0.0336792,0.234064,0.0369722,-0.0762776,nan,0.0326522,nan,nan,nan,nan,-0.0104323,-0.0493941,-0.0154096,0.0342609,-0.131288,-0.000434783,-0.00146479,-0.264036,nan
65,0.733514,291.56,0.00396582,0.0416667,1,0.150508,1.15297,0.0257672,-0.0100678,2.02457,3.90184e-05,0.0137158,0.286524,13949.9,0.543586,0.33728,-0.1,0.02,67.4239,798720,0.202619,0.0331098,0.195618,0.0305193,-0.0659341,nan,0.030572,nan,nan,nan,nan,-0.00978263,-0.044271,-0.0132619,0.03228,-0.114114,-0.00016,-0.00156517,-0.238954,nan
66,0.923053,334.15,0.00510795,0,0.833333,0.147983,1.15398,0.02378,-0.0100532,2.02288,3.90184e-05,0.0163406,0.286471,13117.1,0.570592,0.366202,-0.1,0.02,68.3621,811008,0.231488,0.0316017,0.227258,0.0351427,-0.0748521,nan,0.03236,nan,nan,nan,nan,-0.0109608,-0.0492807,-0.0152132,0.0374,-0.130263,0,-0.00194392,-0.266583,nan
67,1.57683,365.333,0.00462148,0,0.75,0.151472,1.15702,0.0216286,-0.00984717,2.01989,3.90184e-05,0.0118884,0.286384,12801.8,0.607799,0.352069,-0.1,0.02,69.3232,823296,0.263177,0.0416914,0.253949,0.0375136,-0.0822605,nan,0.0346833,nan,nan,nan,nan,-0.0114636,-0.0507589,-0.015904,0.0381667,-0.142666,0,-0.00184952,-0.285436,nan
68,0.689631,420.211,0.00379789,0,0.791667,0.153328,1.17916,0.0264422,-0.00983478,2.01659,3.90184e-05,0.0122835,0.286329,13468.4,0.568341,0.344017,-0.1,0.02,70.237,835584,0.270442,0.040854,0.288968,0.0412683,-0.095693,nan,0.0436579,nan,nan,nan,nan,-0.0138573,-0.0672465,-0.0182699,0.0476316,-0.164414,-0.000421053,-0.00189801,-0.33654,nan
69,0.852526,411,0.00408356,0,0.958333,0.151594,1.18607,0.0208942,-0.0095671,2.01443,3.90184e-05,0.0110767,0.286268,13891.2,0.524237,0.360354,-0.1,0.02,71.1228,847872,0.246701,0.0453959,0.289942,0.0404272,-0.0926784,nan,0.0394957,nan,nan,nan,nan,-0.0124942,-0.0595423,-0.0178171,0.0453913,-0.161012,-8.69565e-05,-0.00201179,-0.319084,nan
70,2.38471,442.35,0.00428249,0.0416667,0.791667,0.150333,1.15637,0.0237085,-0.00958939,2.01162,3.90184e-05,0.00832521,0.286205,13749.8,0.561887,0.331801,-0.1,0.02,72.018,860160,0.328983,0.0538062,0.310835,0.0430551,-0.0997945,nan,0.044875,nan,nan,nan,nan,-0.0137298,-0.0635801,-0.0196279,0.04905,-0.17259,-0.0001,-0.0019736,-0.339974,nan
71,1.59168,444.1,0.0040069,0.0833333,1.16667,0.153138,1.17456,0.0237381,-0.00906317,2.00934,3.90184e-05,0.016943,0.28616,13703.8,0.550783,0.345905,-0.1,0.02,72.9158,872448,0.308334,0.0499171,0.315588,0.0421286,-0.100832,nan,0.04561,nan,nan,nan,nan,-0.0142646,-0.0694952,-0.0191841,0.0475667,-0.173246,-3.33333e-05,-0.00168708,-0.350818,nan
72,1.749,460.136,0.00469506,0.0833333,0.833333,0.153827,1.153,0.023256,-0.0086656,2.00743,3.90184e-05,0.0121398,0.286113,14024.6,0.571719,0.304457,-0.1,0.02,73.7935,884736,0.303854,0.0515754,0.331893,0.0443768,-0.10451,nan,0.0483818,nan,nan,nan,nan,-0.0146081,-0.0730259,-0.0203226,0.0536818,-0.179075,0,-0.00196644,-0.352806,nan
73,2.14384,402.071,0.00461425,0.0416667,0.541667,0.156475,1.1573,0.0253653,-0.00887365,2.0046,3.90184e-05,0.011308,0.286021,14393.8,0.507409,0.346294,-0.1,0.02,74.6485,897024,0.302908,0.0488114,0.283626,0.0353027,-0.0917594,nan,0.04175,nan,nan,nan,nan,-0.0127993,-0.060394,-0.016652,0.0434286,-0.156872,-0.000571429,-0.00160066,-0.307986,nan
74,1.67415,443.261,0.00491687,0.125,0.833333,0.153975,1.17599,0.0260262,-0.0102162,2.00065,3.90184e-05,0.0153394,0.285936,13431.9,0.546448,0.368389,-0.1,0.02,75.5646,909312,0.299433,0.0463354,0.315292,0.043844,-0.100529,nan,0.0483043,nan,nan,nan,nan,-0.0140531,-0.0683582,-0.0195303,0.0509565,-0.173078,-8.69565e-05,-0.00180074,-0.343021,nan
75,2.08919,483.64,0.00469004,0.208333,0.833333,0.153125,1.16257,0.0242222,-0.00946734,1.99726,3.90184e-05,0.0125462,0.285861,12600,0.586533,0.388709,-0.1,0.02,76.5415,921600,0.340545,0.0493435,0.348494,0.0471125,-0.110024,nan,0.052724,nan,nan,nan,nan,-0.0155227,-0.0766622,-0.0214366,0.05444,-0.188419,-0.00016,-0.00200016,-0.373974,nan
76,1.82758,584.588,0.00528034,0.166667,0.541667,0.151139,1.18545,0.0220086,-0.00887749,1.99434,3.90184e-05,0.00979575,0.285793,14841.9,0.557257,0.270672,-0.1,0.02,77.3709,933888,0.394855,0.0591495,0.414408,0.0563701,-0.132683,nan,0.0599412,nan,nan,nan,nan,-0.0179665,-0.0922131,-0.025475,0.0645294,-0.227898,-0.000294118,-0.00212151,-0.459223,nan
77,2.50529,576.68,0.00378602,0.291667,0.75,0.156005,1.17641,0.0245488,-0.00979158,1.99131,3.90184e-05,0.0157773,0.285714,13360.2,0.535179,0.384567,-0.1,0.02,78.2921,946176,0.396384,0.0668204,0.418692,0.0552432,-0.131943,nan,0.05948,nan,nan,nan,nan,-0.0180313,-0.0920358,-0.0256368,0.06648,-0.224702,0,-0.00234978,-0.443136,nan
78,0.879578,396.029,0.00492207,0.125,1.29167,0.153394,1.16371,0.0215292,-0.00849831,1.98758,3.90184e-05,0.0106804,0.285609,13200.6,0.580076,0.350792,-0.1,0.02,79.2243,958464,0.237128,0.0435698,0.279993,0.0374044,-0.0907067,nan,0.0412765,nan,nan,nan,nan,-0.0121775,-0.0596692,-0.0165658,0.0429706,-0.154497,0,-0.0016798,-0.303068,nan
79,2.15824,577.684,0.00522607,0.208333,0.583333,0.155335,1.15661,0.0220314,-0.0092154,1.98262,3.90184e-05,0.00883738,0.285487,13148.9,0.569829,0.364697,-0.1,0.02,80.1603,970752,0.370092,0.0698506,0.418543,0.0496491,-0.130867,nan,0.0583316,nan,nan,nan,nan,-0.0175083,-0.0882846,-0.0241284,0.0623158,-0.224767,0,-0.00225806,-0.433057,nan
80,1.2878,345.2,0.00648981,0.0416667,0.791667,0.150792,1.1529,0.0230798,-0.00868187,1.97745,3.90184e-05,0.0134652,0.285364,14867.5,0.530429,0.296074,-0.1,0.02,80.9882,983040,0.223681,0.0387332,0.250713,0.0324799,-0.0781061,nan,0.035205,nan,nan,nan,nan,-0.0113713,-0.0553756,-0.0147304,0.0383,-0.133985,0,-0.00139915,-0.259755,nan
81,1.79611,522.765,0.00621036,0.166667,0.541667,0.149166,1.15764,0.0261949,-0.00913782,1.97243,3.90184e-05,0.0123205,0.28526,11674.3,0.569471,0.483099,-0.1,0.02,82.0422,995328,0.326591,0.0532293,0.385909,0.0467527,-0.119188,nan,0.0558941,nan,nan,nan,nan,-0.0166047,-0.0849214,-0.0225944,0.0604118,-0.203536,-0.000117647,-0.00178347,-0.390236,nan
82,3.10666,591.125,0.00642347,0.25,0.416667,0.148645,1.16726,0.0234197,-0.00955174,1.96868,3.90184e-05,0.0162299,0.285185,9722.23,0.729245,0.534663,-0.1,0.02,83.3078,1.00762e+06,0.414135,0.0641287,0.4379,0.0524158,-0.134612,nan,0.0591688,nan,nan,nan,nan,-0.0178509,-0.0914871,-0.0245415,0.068625,-0.229826,-0.0014375,-0.0018211,-0.439464,nan
83,2.86033,533.367,0.00627295,0.291667,0.958333,0.150464,1.12569,0.0281287,-0.00910662,1.96526,3.90184e-05,0.00750979,0.285091,9751.75,0.717353,0.542728,-0.1,0.02,84.5697,1.0199e+06,0.379278,0.0613525,0.389694,0.0478065,-0.121081,nan,0.0557133,nan,nan,nan,nan,-0.0161646,-0.0824062,-0.0220341,0.0624333,-0.20705,-6.66667e-05,-0.00176619,-0.402692,nan
84,3.45064,600.032,0.00691057,0.333333,0.958333,0.147826,1.11407,0.0303631,-0.00939279,1.96094,3.90184e-05,0.00997685,0.284992,10951.7,0.715493,0.406528,-0.1,0.02,85.6937,1.03219e+06,0.435633,0.0720253,0.442088,0.0535526,-0.137108,nan,0.0588613,nan,nan,nan,nan,-0.0179723,-0.092019,-0.024774,0.0679032,-0.23324,-9.67742e-05,-0.00230429,-0.450018,nan
85,3.8307,687.455,0.00673789,0.375,0.541667,0.148465,1.14949,0.0258831,-0.00858678,1.95711,3.90184e-05,0.0137122,0.284907,13722.2,0.558985,0.336496,-0.1,0.02,86.5908,1.04448e+06,0.482495,0.0789301,0.509834,0.0621169,-0.154892,nan,0.0768136,nan,nan,nan,nan,-0.0214981,-0.112551,-0.0290704,0.0803182,-0.266917,-0.000227273,-0.00222932,-0.511588,nan
86,2.66583,566.375,0.00628417,0.375,0.625,0.149406,1.1558,0.022453,-0.00956521,1.95379,3.90184e-05,0.0131269,0.284843,10713.2,0.644845,0.502155,-0.1,0.02,87.7396,1.05677e+06,0.396222,0.0622492,0.415024,0.0494184,-0.128593,nan,0.0619375,nan,nan,nan,nan,-0.0181863,-0.094415,-0.024163,0.0654167,-0.220505,-4.16667e-05,-0.00235521,-0.428717,nan
87,3.90041,537,0.00556983,0.166667,0.541667,0.154724,1.15012,0.0224119,-0.00911049,1.95119,3.90184e-05,0.011212,0.284778,10608.5,0.65952,0.498797,-0.1,0.02,88.8999,1.06906e+06,0.414233,0.0584185,0.404218,0.0431945,-0.120619,nan,0.0522235,nan,nan,nan,nan,-0.0158846,-0.0765821,-0.0206417,0.0596471,-0.207431,0,-0.00175952,-0.393997,nan
88,2.59178,531.6,0.00574761,0.208333,0.416667,0.152059,1.15732,0.0240575,-0.0104305,1.94811,3.90184e-05,0.0117469,0.284704,10594.9,0.709821,0.449985,-0.1,0.02,90.0616,1.08134e+06,0.351532,0.062065,0.39776,0.0458451,-0.120436,nan,0.0537867,nan,nan,nan,nan,-0.0154111,-0.0821273,-0.0211136,0.0575333,-0.205508,0,-0.00179886,-0.39254,nan
89,3.62418,576.3,0.00573767,0.208333,0.625,0.154187,1.14043,0.0200283,-0.00859948,1.94486,3.90184e-05,0.010891,0.284622,11926,0.62398,0.406374,-0.1,0.02,91.0936,1.09363e+06,0.419994,0.0644861,0.427792,0.0498911,-0.130411,nan,0.05602,nan,nan,nan,nan,-0.0167676,-0.0844211,-0.021814,0.06285,-0.222899,0,-0.00192622,-0.421586,nan
90,2.19415,481.636,0.00589237,0.0833333,0.375,0.152028,1.14111,0.0256127,-0.00927576,1.94162,3.90184e-05,0.0100487,0.284566,11478.6,0.635828,0.434688,-0.1,0.02,92.1662,1.10592e+06,0.317832,0.0518066,0.354579,0.0443471,-0.108373,nan,0.0497,nan,nan,nan,nan,-0.0148574,-0.072833,-0.0201179,0.0543636,-0.185772,0,-0.00181734,-0.35915,nan
91,3.917,629.263,0.00645914,0.291667,0.5,0.148755,1.15987,0.0264772,-0.0099892,1.93946,3.90184e-05,0.0122662,0.28451,11354.6,0.658434,0.423766,-0.1,0.02,93.2499,1.11821e+06,0.430141,0.0806101,0.474899,0.0531696,-0.140747,nan,0.0616158,nan,nan,nan,nan,-0.0181396,-0.0923502,-0.0245774,0.0694737,-0.244105,0,-0.00211961,-0.45202,nan
92,3.12747,583.542,0.00631148,0.291667,0.708333,0.149407,1.17128,0.0256035,-0.00874671,1.93677,3.90184e-05,0.0100047,0.284446,11314,0.621848,0.464243,-0.1,0.02,94.3375,1.1305e+06,0.383261,0.069704,0.446237,0.0503573,-0.13258,nan,0.0599042,nan,nan,nan,nan,-0.0175218,-0.0902647,-0.0236111,0.069125,-0.226349,-0.00025,-0.00197423,-0.429664,nan
93,3.28144,552.632,0.0068071,0.125,0.666667,0.148724,1.17078,0.021745,-0.00907233,1.93391,3.90184e-05,0.0163572,0.284373,10766.7,0.672277,0.469019,-0.1,0.02,95.4808,1.14278e+06,0.378903,0.0620068,0.422515,0.0472289,-0.124564,nan,0.0550684,nan,nan,nan,nan,-0.0167285,-0.0830761,-0.0213117,0.0631579,-0.213005,0,-0.00206248,-0.404061,nan
94,3.34163,604.875,0.00690263,0.166667,0.5,0.1499,1.17114,0.0250804,-0.00959648,1.93105,3.90184e-05,0.00926061,0.28432,11186.1,0.660737,0.43777,-0.1,0.02,96.5806,1.15507e+06,0.412381,0.0691728,0.45724,0.0505459,-0.13617,nan,0.0640625,nan,nan,nan,nan,-0.0183696,-0.0953758,-0.0236887,0.0649375,-0.234896,-0.0001875,-0.00237826,-0.440193,nan
95,3.84651,655.706,0.00611292,0.291667,0.416667,0.151889,1.15024,0.0195941,-0.00984846,1.92852,3.90184e-05,0.00833277,0.284242,11375.8,0.633673,0.446515,-0.1,0.02,97.6625,1.16736e+06,0.451312,0.0773523,0.49753,0.0566365,-0.148754,nan,0.0624824,nan,nan,nan,nan,-0.0189832,-0.0961447,-0.0256859,0.0725294,-0.254007,-5.88235e-05,-0.00230201,-0.479581,nan
96,3.58185,716.769,0.00675556,0.208333,0.333333,0.150936,1.14,0.024674,-0.00927,1.92486,3.90184e-05,0.00601458,0.284153,10589.2,0.640367,0.520062,-0.1,0.02,98.8246,1.17965e+06,0.456192,0.0816718,0.545392,0.0623667,-0.160847,nan,0.0735615,nan,nan,nan,nan,-0.0217092,-0.112072,-0.0282424,0.0783846,-0.277381,-0.000153846,-0.00242977,-0.515641,nan
97,5.02551,759.143,0.00714896,0.333333,0.25,0.151372,1.14249,0.0229103,-0.00950352,1.92129,3.90184e-05,0.0118418,0.284082,9510.6,0.872683,0.419349,-0.1,0.02,100.118,1.19194e+06,0.536555,0.0830462,0.576168,0.0675515,-0.172969,nan,0.0743929,nan,nan,nan,nan,-0.0218789,-0.116906,-0.0310909,0.0882857,-0.292923,0,-0.00291794,-0.536038,nan
98,4.89715,673.524,0.00630854,0.333333,0.541667,0.15377,1.13498,0.0229097,-0.0083257,1.91843,3.90184e-05,0.0128488,0.284015,12175.4,0.569957,0.439288,-0.1,0.02,101.129,1.20422e+06,0.496181,0.0794897,0.518493,0.0576951,-0.152607,nan,0.0666286,nan,nan,nan,nan,-0.0199599,-0.104425,-0.0262166,0.0754762,-0.260454,0,-0.00235762,-0.483086,nan
99,3.97258,636.238,0.00601285,0.333333,0.541667,0.152928,1.14967,0.0229002,-0.00919409,1.91546,3.90184e-05,0.0117895,0.283947,11313.5,0.63352,0.452612,-0.1,0.02,102.217,1.21651e+06,0.44482,0.0694261,0.489378,0.056194,-0.142637,nan,0.066919,nan,nan,nan,nan,-0.0196592,-0.101301,-0.0256406,0.0735238,-0.245667,0,-0.00186981,-0.464857,nan
100,4.1349,696.526,0.00696195,0.375,0.416667,0.150699,1.14466,0.0185711,-0.0100918,1.91213,3.90184e-05,0.015868,0.283847,12114.5,0.595616,0.418705,-0.1,0.02,103.233,1.2288e+06,0.44805,0.0878797,0.541496,0.0598932,-0.157291,nan,0.0718474,nan,nan,nan,nan,-0.0203872,-0.107806,-0.0281806,0.0831579,-0.268674,0,-0.0022354,-0.501005,nan
101,5.30248,804.692,0.00776772,0.25,0.291667,0.149829,1.14266,0.0211504,-0.0103948,1.90704,3.90184e-05,0.0132787,0.283715,10661.2,0.647177,0.505409,-0.1,0.02,106.491,1.24109e+06,0.566264,0.0935061,0.623068,0.0625796,-0.180932,nan,0.0761538,nan,nan,nan,nan,-0.0223624,-0.117952,-0.030283,0.0876923,-0.311378,0,-0.00298062,-0.578252,nan
102,4.41218,766.417,0.00652315,0.208333,0.291667,0.153435,1.1191,0.0271055,-0.00935723,1.90192,3.90184e-05,0.00952094,0.283618,10434,0.683977,0.493716,-0.1,0.02,107.67,1.25338e+06,0.507973,0.0854316,0.589025,0.0676436,-0.173116,nan,0.0773,nan,nan,nan,nan,-0.0221942,-0.114985,-0.0302106,0.0869167,-0.295128,0,-0.00276207,-0.555285,nan
103,5.03871,665,0.00663691,0.291667,0.333333,0.150649,1.14491,0.0208954,-0.00937075,1.89842,3.90184e-05,0.00793677,0.283544,10610.9,0.665865,0.492192,-0.1,0.02,108.83,1.26566e+06,0.50513,0.0728622,0.509657,0.0547422,-0.149095,nan,0.0633533,nan,nan,nan,nan,-0.0188481,-0.0940082,-0.0256725,0.0740667,-0.256892,0,-0.00214064,-0.481219,nan
104,4.995,660.625,0.00678147,0.25,0.416667,0.151061,1.14448,0.0262114,-0.00892598,1.89571,3.90184e-05,0.00620106,0.283498,11067,0.655841,0.45449,-0.1,0.02,109.943,1.27795e+06,0.477797,0.0864102,0.510236,0.0555109,-0.149188,nan,0.0678,nan,nan,nan,nan,-0.0194703,-0.098742,-0.0252644,0.07175,-0.255167,0,-0.00216235,-0.469761,nan
105,4.73578,772,0.00739362,0.541667,0.5,0.15023,1.14271,0.0283488,-0.00925708,1.89374,3.90184e-05,0.013271,0.283438,10436.8,0.675287,0.502083,-0.1,0.02,111.121,1.29024e+06,0.502049,0.0921369,0.594956,0.0685144,-0.174495,nan,0.079744,nan,nan,nan,nan,-0.0227452,-0.120056,-0.0303269,0.0916,-0.298297,0,-0.00285164,-0.543439,nan
106,4.87489,588,0.00713595,0.208333,0.333333,0.150608,1.12626,0.025879,-0.00933702,1.89075,3.90184e-05,0.010842,0.283364,10080.2,0.716218,0.502809,-0.1,0.02,112.342,1.30253e+06,0.450436,0.073996,0.455709,0.0479547,-0.132022,nan,0.064,nan,nan,nan,nan,-0.0181253,-0.0934762,-0.0233266,0.0687692,-0.227451,0,-0.00224277,-0.420478,nan
107,6.94878,777.538,0.00830145,0.333333,0.208333,0.148445,1.12233,0.0238886,-0.00915374,1.88777,3.90184e-05,0.0084974,0.283301,10548.8,0.679179,0.485691,-0.1,0.02,113.509,1.31482e+06,0.599852,0.0950975,0.610758,0.0686394,-0.174651,nan,0.0832462,nan,nan,nan,nan,-0.0235062,-0.124263,-0.0310706,0.0944615,-0.299218,-7.69231e-05,-0.00232655,-0.549502,nan
108,5.70199,752.25,0.007737,0.25,0.25,0.148756,1.13363,0.0241714,-0.00958696,1.88479,3.90184e-05,0.00825949,0.28322,11972.9,0.628134,0.398184,-0.1,0.02,114.537,1.3271e+06,0.556436,0.0881218,0.578641,0.0637968,-0.169039,nan,0.0826583,nan,nan,nan,nan,-0.0228736,-0.121308,-0.0300101,0.0861667,-0.290143,0,-0.00279442,-0.534553,nan
109,5.43802,760.889,0.00864463,0.208333,0.166667,0.146487,1.14214,0.01958,-0.00845777,1.88092,3.90184e-05,0.0107254,0.283124,12404.6,0.542764,0.447838,-0.1,0.02,115.529,1.33939e+06,0.538668,0.0930389,0.593253,0.0520453,-0.173134,nan,0.0692111,nan,nan,nan,nan,-0.0194512,-0.101369,-0.0240896,0.0767778,-0.294256,0,-0.00305167,-0.535741,nan
110,5.47944,841.933,0.00766848,0.375,0.25,0.148199,1.13517,0.0213942,-0.00926399,1.877,3.90184e-05,0.010078,0.283042,9651.75,0.773314,0.499823,-0.1,0.02,116.804,1.35168e+06,0.567365,0.0921318,0.662176,0.0656188,-0.190142,nan,0.0832867,nan,nan,nan,nan,-0.0234156,-0.124835,-0.0297527,0.0922,-0.324358,0,-0.00287303,-0.59343,nan
111,3.13128,547.2,0.00824734,0.25,0.375,0.146339,1.14071,0.0204303,-0.00927459,1.87371,3.90184e-05,0.0137981,0.28297,10829.6,0.666086,0.468587,-0.1,0.02,117.94,1.36397e+06,0.352634,0.0605788,0.425582,0.0421177,-0.122353,nan,0.0573667,nan,nan,nan,nan,-0.0165111,-0.0837523,-0.0205613,0.0622,-0.21001,0,-0.00232548,-0.388402,nan
112,4.86226,772.05,0.0084874,0.5,0.333333,0.146372,1.13541,0.0227938,-0.00950034,1.87051,3.90184e-05,0.0101024,0.282889,11120.1,0.70324,0.401787,-0.1,0.02,119.047,1.37626e+06,0.508734,0.0908357,0.605732,0.0635042,-0.174034,nan,0.08226,nan,nan,nan,nan,-0.0232909,-0.124608,-0.0305788,0.08915,-0.297328,0,-0.00291323,-0.54435,nan
113,4.43268,677.667,0.00786556,0.166667,0.208333,0.146699,1.14449,0.0202722,-0.00959802,1.86718,3.90184e-05,0.010342,0.282822,10893,0.628035,0.500029,-0.1,0.02,120.176,1.38854e+06,0.462101,0.0760194,0.531528,0.0534838,-0.151599,nan,0.0744667,nan,nan,nan,nan,-0.0207058,-0.107681,-0.0262166,0.0811111,-0.260958,0,-0.00270699,-0.487208,nan
114,5.49726,705.625,0.00920197,0.375,0.291667,0.142219,1.1225,0.0207865,-0.00857578,1.86392,3.90184e-05,0.0112982,0.282732,10552.6,0.685982,0.478468,-0.1,0.02,121.342,1.40083e+06,0.487548,0.0893176,0.558111,0.0576104,-0.15838,nan,0.07275,nan,nan,nan,nan,-0.020803,-0.108018,-0.0263991,0.082125,-0.271644,0,-0.0026203,-0.484735,nan
115,3.35336,560.444,0.00920083,0.166667,0.208333,0.142219,1.15172,0.0256919,-0.00749727,1.85986,3.90184e-05,0.0110669,0.282639,10892.6,0.644414,0.483689,-0.1,0.02,122.472,1.41312e+06,0.371805,0.0707242,0.437739,0.0476582,-0.125601,nan,0.0557889,nan,nan,nan,nan,-0.017182,-0.0904406,-0.021491,0.0665556,-0.214823,-0.00344444,-0.00266085,-0.40696,nan
116,8.10884,812.176,0.00878922,0.5,0.208333,0.144469,1.14346,0.0218488,-0.00943338,1.85585,3.90184e-05,0.010938,0.28254,11226.4,0.650449,0.444113,-0.1,0.02,123.569,1.42541e+06,0.666572,0.102088,0.63957,0.0623915,-0.183912,nan,0.0852529,nan,nan,nan,nan,-0.0237844,-0.127008,-0.0306789,0.099,-0.313043,0,-0.00308819,-0.567918,nan
117,5.95838,835.417,0.00792692,0.291667,0.208333,0.147896,1.13704,0.0222565,-0.00877923,1.85133,3.90184e-05,0.0139481,0.282435,11942.1,0.568161,0.460804,-0.1,0.02,124.599,1.4377e+06,0.553842,0.101141,0.666056,0.0660589,-0.18769,nan,0.0791,nan,nan,nan,nan,-0.0235233,-0.126992,-0.0314486,0.0991667,-0.32165,0,-0.00297053,-0.573173,nan
118,6.78866,878.364,0.00840973,0.333333,0.125,0.147603,1.11436,0.0251824,-0.00862561,1.84701,3.90184e-05,0.0155884,0.282336,10934.2,0.660436,0.463381,-0.1,0.02,125.725,1.44998e+06,0.598217,0.107775,0.702852,0.0705098,-0.197162,nan,0.0911091,nan,nan,nan,nan,-0.0253225,-0.133478,-0.0329259,0.100818,-0.337458,0,-0.003158,-0.602343,nan
119,6.14048,820.615,0.0083588,0.333333,0.208333,0.147197,1.13806,0.0194271,-0.00921891,1.84257,3.90184e-05,0.00944174,0.28222,11219.2,0.632508,0.462756,-0.1,0.02,126.822,1.46227e+06,0.570501,0.0938785,0.64969,0.0647068,-0.18531,nan,0.0893231,nan,nan,nan,nan,-0.0250838,-0.132663,-0.0317804,0.102462,-0.315466,0,-0.00325812,-0.569976,nan
120,8.14692,889.75,0.00782189,0.5,0.166667,0.150807,1.13588,0.0205995,-0.00912108,1.83752,3.90184e-05,0.0114211,0.282108,11221.4,0.620492,0.474556,-0.1,0.02,127.919,1.47456e+06,0.667832,0.111856,0.713343,0.0705345,-0.20092,nan,0.0935,nan,nan,nan,nan,-0.0265184,-0.141542,-0.0346544,0.111688,-0.342666,0,-0.00301317,-0.612094,nan
121,6.76666,818.643,0.00781426,0.416667,0.166667,0.151593,1.14662,0.0218869,-0.00860184,1.83321,3.90184e-05,0.010706,0.282019,9607.72,0.708959,0.570013,-0.1,0.02,129.2,1.48685e+06,0.599596,0.0959044,0.64588,0.0658951,-0.182923,nan,0.0854929,nan,nan,nan,nan,-0.0243658,-0.131485,-0.0309138,0.101143,-0.314366,0,-0.0035314,-0.567993,nan
122,6.32966,842,0.00728774,0.375,0.208333,0.15607,1.1248,0.0228343,-0.0092775,1.82937,3.90184e-05,0.0114396,0.28193,11379.3,0.641836,0.438016,-0.1,0.02,130.282,1.49914e+06,0.581617,0.101675,0.668449,0.0644668,-0.188395,nan,0.0904429,nan,nan,nan,nan,-0.0248803,-0.127669,-0.0309317,0.0975714,-0.323489,0,-0.00337191,-0.589003,nan
123,4.6648,708.7,0.0073701,0.25,0.166667,0.153255,1.12423,0.0236338,-0.00775931,1.82596,3.90184e-05,0.0107041,0.281866,10926.8,0.647042,0.47753,-0.1,0.02,131.408,1.51142e+06,0.424959,0.0951154,0.559925,0.0580926,-0.158234,nan,0.0805,nan,nan,nan,nan,-0.0217047,-0.110487,-0.0270267,0.0876,-0.271786,-0.0004,-0.00296011,-0.480354,nan
124,5.04741,818.467,0.00724695,0.458333,0.166667,0.156869,1.14203,0.0258354,-0.00925107,1.8226,3.90184e-05,0.0199441,0.281754,10191.7,0.708558,0.497126,-0.1,0.02,132.615,1.52371e+06,0.501919,0.0943234,0.644451,0.0632011,-0.18452,nan,0.0915,nan,nan,nan,nan,-0.0242797,-0.128808,-0.0309098,0.1002,-0.315061,0,-0.00358955,-0.556056,nan
125,5.7124,830.185,0.00725048,0.791667,0.333333,0.156238,1.1362,0.0250007,-0.00843139,1.81814,3.90184e-05,0.0133163,0.28169,12006.3,0.570153,0.453311,-0.1,0.02,133.64,1.536e+06,0.53369,0.100608,0.660102,0.0663941,-0.18565,nan,0.0899481,nan,nan,nan,nan,-0.025038,-0.13108,-0.0316187,0.100519,-0.318407,0,-0.00357375,-0.570274,nan
126,6.54463,834.76,0.00696117,0.791667,0.25,0.15834,1.1261,0.0201158,-0.00926639,1.81593,3.90184e-05,0.00997429,0.281634,10872.6,0.649459,0.48072,-0.1,0.02,134.771,1.54829e+06,0.572934,0.105006,0.667301,0.062535,-0.186315,nan,0.088564,nan,nan,nan,nan,-0.0251507,-0.132093,-0.0322807,0.10184,-0.320114,0,-0.00324552,-0.57175,nan
127,7.77816,950.8,0.00696285,0.5,0.125,0.15837,1.13587,0.0245852,-0.009597,1.8133,3.90184e-05,0.0088374,0.281573,11088,0.672621,0.435608,-0.1,0.02,135.882,1.56058e+06,0.663388,0.113219,0.756122,0.0741993,-0.212323,nan,0.104567,nan,nan,nan,nan,-0.0283989,-0.146859,-0.0363031,0.118733,-0.364841,0,-0.00436551,-0.648228,nan
128,5.83913,792.75,0.00732822,0.291667,0.375,0.157864,1.14599,0.0183034,-0.00947271,1.81108,3.90184e-05,0.00877402,0.281536,11189.8,0.665456,0.432689,-0.1,0.02,136.981,1.57286e+06,0.538028,0.0924508,0.629231,0.0601719,-0.179197,nan,0.0826625,nan,nan,nan,nan,-0.0234175,-0.123368,-0.0287956,0.0895625,-0.304273,0,-0.00364778,-0.537452,nan
129,6.04819,872.5,0.00693349,0.25,0.0833333,0.15987,1.14693,0.0204113,-0.00779984,1.80838,3.90184e-05,0.00903033,0.281431,11251.9,0.628886,0.463198,-0.1,0.02,138.075,1.58515e+06,0.551156,0.112163,0.695979,0.0678331,-0.196538,nan,0.095825,nan,nan,nan,nan,-0.026103,-0.136377,-0.0328003,0.104875,-0.335584,-0.0005,-0.00384117,-0.593678,nan
130,7.04969,705.417,0.00714307,0.291667,0.208333,0.159724,1.14503,0.0199444,-0.00807181,1.80362,3.90184e-05,0.0132756,0.281339,10162.2,0.680074,0.529113,-0.1,0.02,139.286,1.59744e+06,0.537622,0.082027,0.568045,0.0537016,-0.15596,nan,0.0695917,nan,nan,nan,nan,-0.019593,-0.0971956,-0.0236314,0.0780833,-0.269784,-8.33333e-05,-0.00279079,-0.467548,nan
131,5.01166,872.308,0.00816219,0.416667,0.125,0.154318,1.13131,0.0212144,-0.00988177,1.80003,3.90184e-05,0.00714231,0.281256,9490.72,0.719604,0.575135,-0.1,0.02,140.583,1.60973e+06,0.531352,0.0991587,0.693369,0.0656128,-0.196166,nan,0.0948769,nan,nan,nan,nan,-0.0254264,-0.135845,-0.0316265,0.103846,-0.336996,0,-0.00421242,-0.607361,nan
132,6.37446,869.684,0.0081947,0.541667,0.25,0.153602,1.13025,0.0236261,-0.00928873,1.79655,3.90184e-05,0.0109479,0.281178,12349,0.591206,0.403856,-0.1,0.02,141.579,1.62202e+06,0.552642,0.106767,0.698866,0.0664327,-0.193985,nan,0.0945263,nan,nan,nan,nan,-0.026425,-0.136632,-0.0326425,0.113316,-0.332605,0,-0.00435165,-0.587186,nan
133,7.2312,879.5,0.00877337,0.416667,0.333333,0.149195,1.11736,0.0282839,-0.00796283,1.793,3.90184e-05,0.00876186,0.281085,12916.7,0.577042,0.374281,-0.1,0.02,142.532,1.6343e+06,0.619218,0.103308,0.704254,0.0667701,-0.196868,nan,0.0915,nan,nan,nan,nan,-0.0262604,-0.134552,-0.0328295,0.108722,-0.337616,0,-0.00392023,-0.600166,nan
134,6.01675,884.75,0.0086733,0.5,0.166667,0.150359,1.1193,0.0243132,-0.0082406,1.78847,3.90184e-05,0.0111301,0.28097,12752.6,0.59596,0.367611,-0.1,0.02,143.497,1.64659e+06,0.547472,0.10734,0.711431,0.0641878,-0.19692,nan,0.0951625,nan,nan,nan,nan,-0.0260769,-0.136371,-0.0323927,0.10775,-0.338461,0,-0.00419664,-0.598088,nan
135,7.05915,821.059,0.0090747,0.5,0.208333,0.144577,1.14221,0.0213116,-0.00890704,1.7838,3.90184e-05,0.0180049,0.280873,12808.6,0.58803,0.371322,-0.1,0.02,144.459,1.65888e+06,0.563025,0.104205,0.657071,0.0609475,-0.183085,nan,0.0940235,nan,nan,nan,nan,-0.0251806,-0.130389,-0.0308005,0.105706,-0.314329,-0.000235294,-0.0039735,-0.544028,nan
136,5.30585,736.2,0.00910515,0.291667,0.333333,0.146467,1.12944,0.0290799,-0.00869473,1.78021,3.90184e-05,0.0117289,0.280809,15248.3,0.515261,0.290599,-0.1,0.02,145.266,1.67117e+06,0.463671,0.0895005,0.588173,0.0548578,-0.163662,nan,0.07934,nan,nan,nan,nan,-0.0217704,-0.108675,-0.0261322,0.0842667,-0.281301,0,-0.00343675,-0.48954,nan
137,7.05561,842.688,0.00879151,0.458333,0.208333,0.148567,1.12412,0.0203718,-0.00933461,1.7777,3.90184e-05,0.00821054,0.280747,13999.3,0.533592,0.344169,-0.1,0.02,146.145,1.68346e+06,0.592156,0.110359,0.678106,0.0588421,-0.188217,nan,0.0876563,nan,nan,nan,nan,-0.0253055,-0.135409,-0.0313754,0.107625,-0.322516,-0.0005,-0.00432301,-0.574318,nan
138,8.48467,873.667,0.00979844,0.166667,0.0833333,0.147384,1.12801,0.0235892,-0.0085156,1.77482,3.90184e-05,0.0126517,0.280679,13960.8,0.540981,0.339195,-0.1,0.02,147.026,1.69574e+06,0.685935,0.0979059,0.691031,0.063459,-0.195892,nan,0.107717,nan,nan,nan,nan,-0.0272196,-0.144651,-0.0311544,0.113,-0.333317,0,-0.00585572,-0.596725,nan
139,7.56533,821.176,0.00955597,0.5,0.208333,0.144781,1.1531,0.021215,-0.00873335,1.77173,3.90184e-05,0.0125838,0.280606,12941.2,0.58541,0.364117,-0.1,0.02,147.977,1.70803e+06,0.577321,0.114066,0.662302,0.060955,-0.18201,nan,0.0927,nan,nan,nan,nan,-0.0249149,-0.132605,-0.0301798,0.101647,-0.31371,0,-0.00363588,-0.543669,nan
140,8.64152,891.882,0.0090847,0.583333,0.125,0.147837,1.13996,0.0262051,-0.00864069,1.76828,3.90184e-05,0.0133714,0.280514,13491.8,0.563819,0.346959,-0.1,0.02,148.889,1.72032e+06,0.665876,0.108389,0.725,0.0659609,-0.198762,nan,0.0984706,nan,nan,nan,nan,-0.0264768,-0.140619,-0.0324498,0.111765,-0.340746,0,-0.0044037,-0.599929,nan
141,7.8951,909.438,0.00934724,0.583333,0.0833333,0.14904,1.12863,0.0228897,-0.00856056,1.76416,3.90184e-05,0.0113532,0.280422,13327.4,0.519835,0.402173,-0.1,0.02,149.813,1.73261e+06,0.617935,0.113955,0.73371,0.068874,-0.201635,nan,0.1019,nan,nan,nan,nan,-0.0272471,-0.142777,-0.0325796,0.118313,-0.347309,0,-0.00470981,-0.603673,nan
142,10.3789,992,0.00888432,0.416667,0.0416667,0.151428,1.11762,0.0278023,-0.00952196,1.76045,3.90184e-05,0.0162433,0.28034,12271.1,0.590673,0.410706,-0.1,0.02,150.816,1.7449e+06,0.790914,0.113886,0.808123,0.0698723,-0.218773,nan,0.0998545,nan,nan,nan,nan,-0.0284004,-0.154578,-0.036021,0.117364,-0.378886,0,-0.00506232,-0.659349,nan
143,6.46901,835.4,0.00895137,0.291667,0.125,0.150953,1.12482,0.0186108,-0.00878181,1.75696,3.90184e-05,0.0121126,0.280266,13039.1,0.60151,0.340885,-0.1,0.02,151.76,1.75718e+06,0.533734,0.106301,0.680144,0.0595197,-0.18472,nan,0.0882,nan,nan,nan,nan,-0.0250871,-0.126599,-0.0297216,0.1039,-0.318225,0,-0.00415092,-0.559845,nan
144,7.03818,965.75,0.00911961,0.25,0.0833333,0.152008,1.09676,0.0221617,-0.00975372,1.7537,3.90184e-05,0.0120933,0.280188,13778.2,0.54043,0.351412,-0.1,0.02,152.653,1.76947e+06,0.59154,0.114308,0.786603,0.0657283,-0.212215,nan,0.105163,nan,nan,nan,nan,-0.0280158,-0.144717,-0.0339176,0.119125,-0.367531,0,-0.00445097,-0.63971,nan
145,5.41323,898.625,0.00867136,0.5,0.166667,0.153027,1.10989,0.0217547,-0.00965929,1.75018,3.90184e-05,0.0192739,0.280105,14544.8,0.534262,0.310577,-0.1,0.02,153.499,1.78176e+06,0.512339,0.1017,0.725127,0.0680735,-0.198138,nan,0.0985,nan,nan,nan,nan,-0.0262092,-0.135068,-0.0318348,0.112438,-0.342078,0,-0.0047021,-0.609487,nan
146,7.02107,831.154,0.00947577,0.375,0.166667,0.149935,1.12926,0.0229468,-0.00930035,1.74695,3.90184e-05,0.00888913,0.280041,14307.2,0.521963,0.336905,-0.1,0.02,154.359,1.79405e+06,0.535427,0.115051,0.676802,0.054816,-0.182601,nan,0.0802077,nan,nan,nan,nan,-0.0224788,-0.114192,-0.0272577,0.0946923,-0.315008,0,-0.0042613,-0.540143,nan
147,8.31664,953.474,0.00957076,0.75,0.0416667,0.151582,1.10707,0.0173893,-0.00897019,1.74376,3.90184e-05,0.00871312,0.279949,13309.5,0.569615,0.353633,-0.1,0.02,155.284,1.80634e+06,0.654115,0.117364,0.769076,0.0653178,-0.210113,nan,0.103921,nan,nan,nan,nan,-0.0275065,-0.143112,-0.032928,0.117632,-0.363003,0,-0.00421699,-0.630713,nan
148,10.5088,917.333,0.00894115,0.416667,0.0833333,0.153356,1.10827,0.022416,-0.00936731,1.7399,3.90184e-05,0.0154053,0.279872,14014,0.53408,0.342759,-0.1,0.02,156.162,1.81862e+06,0.740381,0.118568,0.74976,0.0619753,-0.200779,nan,0.09865,nan,nan,nan,nan,-0.0270781,-0.14347,-0.0324889,0.11575,-0.348695,0,-0.00495263,-0.602181,nan
149,7.34804,876.214,0.0089216,0.5,0.0833333,0.152282,1.12685,0.0184805,-0.00898805,1.73618,3.90184e-05,0.013506,0.279769,15630.1,0.494914,0.291262,-0.1,0.02,156.95,1.83091e+06,0.584762,0.114772,0.708185,0.0644391,-0.191217,nan,0.0914857,nan,nan,nan,nan,-0.025399,-0.133363,-0.0307449,0.104571,-0.334056,0,-0.00409798,-0.581936,nan
150,7.74923,920,0.00931953,0.333333,0.0416667,0.150371,1.1366,0.0188084,-0.00884049,1.73209,3.90184e-05,0.0127568,0.279697,14717.9,0.488587,0.346312,-0.1,0.02,157.786,1.8432e+06,0.605244,0.110718,0.747326,0.0665869,-0.201486,nan,0.105967,nan,nan,nan,nan,-0.0281799,-0.147137,-0.0335385,0.119222,-0.350438,0,-0.00409667,-0.602726,nan
151,5.42681,795.125,0.00919696,0.25,0.0833333,0.150638,1.12203,0.0216952,-0.00949244,1.72904,3.90184e-05,0.0134182,0.279616,12240.9,0.593033,0.410811,-0.1,0.02,158.791,1.85549e+06,0.454036,0.102327,0.650175,0.0556286,-0.173968,nan,0.0887875,nan,nan,nan,nan,-0.0241182,-0.123188,-0.0279105,0.097125,-0.301352,-0.00025,-0.00497189,-0.52098,nan
152,7.30406,912.444,0.0101291,0.333333,0.0416667,0.14858,1.11527,0.022003,-0.00810343,1.72538,3.90184e-05,0.00981924,0.279532,12607.1,0.568609,0.406081,-0.1,0.02,159.768,1.86778e+06,0.599348,0.12516,0.738618,0.065867,-0.197756,nan,0.100089,nan,nan,nan,nan,-0.0278155,-0.148714,-0.0335891,0.117333,-0.347119,0,-0.00491955,-0.621299,nan
153,5.93499,813,0.00941297,0.458333,0.25,0.151754,1.10026,0.0213314,-0.00856286,1.72132,3.90184e-05,0.0101273,0.279425,12752,0.610593,0.353019,-0.1,0.02,160.732,1.88006e+06,0.520626,0.0963079,0.653045,0.0543533,-0.178874,nan,0.0890118,nan,nan,nan,nan,-0.0238606,-0.124301,-0.0283277,0.0931765,-0.309263,0,-0.00474596,-0.5404,nan
154,10.5617,1000,0.00959396,0.541667,0,0.148557,1.11793,0.0199548,-0.00872849,1.71686,3.90184e-05,0.00798064,0.279337,13795.7,0.554639,0.33607,-0.1,0.02,161.625,1.89235e+06,0.743975,0.129581,0.821178,0.0705253,-0.219536,nan,0.110923,nan,nan,nan,nan,-0.029894,-0.157592,-0.035954,0.127231,-0.380441,0,-0.00485868,-0.647054,nan
155,6.00425,796.9,0.00966597,0.291667,0.125,0.148441,1.13546,0.0251236,-0.00903506,1.71337,3.90184e-05,0.00814161,0.279265,13605.4,0.540045,0.363126,-0.1,0.02,162.53,1.90464e+06,0.490385,0.0988147,0.65059,0.054486,-0.17261,nan,0.08909,nan,nan,nan,nan,-0.0245627,-0.127505,-0.0283815,0.0996,-0.301027,0,-0.0043821,-0.524285,nan
156,8.4095,808.667,0.00965612,0.5,0.25,0.149423,1.09082,0.0262395,-0.00873136,1.71046,3.90184e-05,0.0112932,0.279201,13471.7,0.569043,0.343092,-0.1,0.02,163.443,1.91693e+06,0.598276,0.104213,0.659683,0.0587438,-0.175606,nan,0.0852444,nan,nan,nan,nan,-0.0234278,-0.120645,-0.0277897,0.0976667,-0.30651,0,-0.00379101,-0.525583,nan
157,6.01675,871.333,0.00996535,0.416667,0.208333,0.148315,1.10873,0.0247458,-0.00944973,1.70737,3.90184e-05,0.0107324,0.279116,14582.8,0.528082,0.314556,-0.1,0.02,164.287,1.92922e+06,0.505503,0.107708,0.708228,0.0622131,-0.189533,nan,0.0984733,nan,nan,nan,nan,-0.0263131,-0.134465,-0.0302699,0.104133,-0.329843,0,-0.00511652,-0.569881,nan
158,5.55718,872.833,0.00926749,0.375,0.125,0.151635,1.10764,0.0173992,-0.0088413,1.70353,3.90184e-05,0.00798342,0.279031,13797.1,0.541292,0.34933,-0.1,0.02,165.179,1.9415e+06,0.487333,0.107941,0.702886,0.0664653,-0.189089,nan,0.0989167,nan,nan,nan,nan,-0.0264917,-0.138486,-0.0312394,0.108167,-0.330542,0,-0.00429664,-0.573705,nan
159,8.84966,957.727,0.0094161,0.375,0.0833333,0.148371,1.09398,0.0223591,-0.00855068,1.69976,3.90184e-05,0.0137563,0.278939,13441.7,0.54913,0.365038,-0.1,0.02,166.095,1.95379e+06,0.658169,0.117221,0.781501,0.0694025,-0.210127,nan,0.108764,nan,nan,nan,nan,-0.0293203,-0.152948,-0.0340308,0.128909,-0.364183,0,-0.00488032,-0.625995,nan
160,7.60545,884,0.0105576,0.416667,0.125,0.145589,1.10927,0.0197448,-0.00917132,1.69562,3.90184e-05,0.0129168,0.278845,12914.4,0.59531,0.356184,-0.1,0.02,167.048,1.96608e+06,0.55257,0.124066,0.718349,0.0633999,-0.191639,nan,0.0962538,nan,nan,nan,nan,-0.0257512,-0.133432,-0.0314037,0.104923,-0.33448,0,-0.0045887,-0.557995,nan
161,7.30452,839.7,0.00982169,0.333333,0.0833333,0.147375,1.12072,0.0220009,-0.00783347,1.69166,3.90184e-05,0.0095005,0.278753,14673,0.487599,0.349859,-0.1,0.02,167.887,1.97837e+06,0.544767,0.112966,0.684313,0.0640641,-0.179552,nan,0.09288,nan,nan,nan,nan,-0.0253676,-0.12763,-0.0297207,0.1047,-0.317352,0,-0.00319639,-0.555646,nan
162,7.49004,871.571,0.0104723,0.458333,0.125,0.144393,1.08756,0.0218622,-0.00906516,1.68781,3.90184e-05,0.0115641,0.278667,14488.6,0.531253,0.31686,-0.1,0.02,168.736,1.99066e+06,0.563622,0.107258,0.715931,0.061783,-0.189216,nan,0.0918143,nan,nan,nan,nan,-0.0244595,-0.128895,-0.0295993,0.105429,-0.329368,0,-0.0037731,-0.566025,nan
163,6.48965,948.25,0.0105297,0.291667,0.0416667,0.144105,1.12234,0.0172243,-0.00917232,1.68395,3.90184e-05,0.00673239,0.278577,13609.8,0.531249,0.371632,-0.1,0.02,169.64,2.00294e+06,0.534189,0.117401,0.769962,0.0698716,-0.203051,nan,0.105025,nan,nan,nan,nan,-0.0291527,-0.152987,-0.033623,0.120625,-0.358972,0,-0.00443477,-0.610371,nan
164,8.70788,941,0.0105015,0.5,0.0833333,0.147028,1.09142,0.0205215,-0.00816388,1.68014,3.90184e-05,0.0100434,0.278497,13922.1,0.55095,0.331678,-0.1,0.02,170.524,2.01523e+06,0.641427,0.121795,0.775526,0.0655982,-0.203033,nan,0.0987214,nan,nan,nan,nan,-0.02666,-0.138015,-0.0318493,0.108286,-0.356139,0,-0.00401516,-0.616247,nan
165,9.4651,954.462,0.0106084,0.458333,0.0833333,0.142235,1.13207,0.0236927,-0.00916617,1.67661,3.90184e-05,0.0108005,0.27841,14240.6,0.501819,0.361067,-0.1,0.02,171.388,2.02752e+06,0.676864,0.118869,0.786728,0.0664347,-0.205028,nan,0.0985077,nan,nan,nan,nan,-0.0281264,-0.148827,-0.0333006,0.119308,-0.360467,0,-0.00460081,-0.613106,nan
166,8.40783,940.833,0.010197,0.625,0.125,0.145727,1.11645,0.0214084,-0.00905663,1.67283,3.90184e-05,0.0134391,0.278325,12496.4,0.61368,0.36964,-0.1,0.02,172.373,2.03981e+06,0.625763,0.122223,0.772381,0.0647861,-0.202765,nan,0.1072,nan,nan,nan,nan,-0.028379,-0.14665,-0.0330906,0.110833,-0.357202,0,-0.004295,-0.610413,nan
167,9.30526,992.8,0.0108104,0.791667,0.0416667,0.143646,1.08553,0.0198165,-0.00913494,1.66869,3.90184e-05,0.00865679,0.278216,13549.1,0.558876,0.348047,-0.1,0.02,173.281,2.0521e+06,0.657269,0.132047,0.82255,0.0684825,-0.21396,nan,0.1083,nan,nan,nan,nan,-0.0293922,-0.153494,-0.0351581,0.11915,-0.375922,-5e-05,-0.00471845,-0.629841,nan
168,8.06857,933.13,0.0112476,0.791667,0.166667,0.139565,1.10859,0.0233124,-0.0086229,1.66405,3.90184e-05,0.0104602,0.278123,14384.8,0.524533,0.329704,-0.1,0.02,174.137,2.06438e+06,0.59366,0.120865,0.76775,0.0637153,-0.200065,nan,0.0993435,nan,nan,nan,nan,-0.0271394,-0.140728,-0.0322961,0.109696,-0.352679,-0.000217391,-0.00429371,-0.594181,nan
169,7.89801,956.15,0.0108196,0.708333,0.125,0.144574,1.08482,0.0224319,-0.0090103,1.65985,3.90184e-05,0.0101024,0.278013,15001.5,0.522455,0.296665,-0.1,0.02,174.957,2.07667e+06,0.579025,0.124865,0.791331,0.0674241,-0.205255,nan,0.10824,nan,nan,nan,nan,-0.0290531,-0.15073,-0.0336281,0.1147,-0.360407,0,-0.00389134,-0.60772,nan
170,9.24539,884.222,0.0105022,0.291667,0.0833333,0.14639,1.0734,0.0196466,-0.00777484,1.65512,3.90184e-05,0.0107596,0.277915,15675.9,0.482842,0.301034,-0.1,0.02,175.743,2.08896e+06,0.650086,0.121355,0.72279,0.0610922,-0.189871,nan,0.0963444,nan,nan,nan,nan,-0.0252834,-0.131655,-0.0292461,0.100333,-0.333371,0,-0.00341701,-0.576889,nan
171,6.75183,881.167,0.0115346,0.416667,0.0833333,0.142068,1.09349,0.0184995,-0.00942515,1.6509,3.90184e-05,0.00917352,0.277814,14403.2,0.534515,0.31863,-0.1,0.02,176.597,2.10125e+06,0.509233,0.106845,0.728226,0.0622973,-0.187329,nan,0.0981583,nan,nan,nan,nan,-0.0263737,-0.136935,-0.0314239,0.109833,-0.333456,0,-0.00338751,-0.558095,nan
172,7.7582,838.154,0.0108946,0.375,0.166667,0.144872,1.09183,0.0223362,-0.00953362,1.64642,3.90184e-05,0.0116443,0.277716,12854.1,0.54521,0.410752,-0.1,0.02,177.554,2.11354e+06,0.543368,0.108958,0.691902,0.0583993,-0.178385,nan,0.0907308,nan,nan,nan,nan,-0.0247584,-0.123391,-0.028648,0.106231,-0.315604,0,-0.00397891,-0.536914,nan
173,7.98957,769.8,0.0108376,0.291667,0.125,0.143416,1.09789,0.0226789,-0.0084106,1.64254,3.90184e-05,0.00843145,0.277635,14510.4,0.549685,0.297155,-0.1,0.02,178.402,2.12582e+06,0.546321,0.0992637,0.636283,0.0556234,-0.165426,nan,0.0914,nan,nan,nan,nan,-0.0238307,-0.119713,-0.0264969,0.0941,-0.290683,0,-0.0029435,-0.49442,nan
174,9.11176,904.381,0.0105689,0.708333,0.166667,0.146747,1.09445,0.0234474,-0.00936391,1.63885,3.90184e-05,0.0106823,0.27754,14739,0.520348,0.313358,-0.1,0.02,179.237,2.13811e+06,0.626877,0.120803,0.747127,0.0649663,-0.192402,nan,0.100743,nan,nan,nan,nan,-0.0270387,-0.13927,-0.0309994,0.109381,-0.340517,0,-0.00401772,-0.580065,nan
175,8.22454,823.059,0.00990377,0.375,0.333333,0.148401,1.0899,0.0223852,-0.00876107,1.63477,3.90184e-05,0.0138674,0.27746,13369.9,0.535843,0.383234,-0.1,0.02,180.158,2.1504e+06,0.572344,0.110755,0.67759,0.0567122,-0.174737,nan,0.0842059,nan,nan,nan,nan,-0.0242113,-0.121753,-0.0270834,0.0934118,-0.309939,-0.000235294,-0.00305422,-0.522779,nan
176,6.99586,845.533,0.0111089,0.5,0.125,0.143951,1.11588,0.0244277,-0.00941098,1.6313,3.90184e-05,0.0123533,0.277369,10619.1,0.575769,0.581396,-0.1,0.02,181.316,2.16269e+06,0.528768,0.0974293,0.697073,0.0578883,-0.179542,nan,0.0942267,nan,nan,nan,nan,-0.0248131,-0.130765,-0.0282833,0.1,-0.318345,0,-0.00363862,-0.540205,nan
177,10.1187,928,0.0115256,0.625,0.0833333,0.14353,1.10681,0.0258385,-0.00815448,1.62768,3.90184e-05,0.0176634,0.277301,13783.8,0.564288,0.327194,-0.1,0.02,182.209,2.17498e+06,0.659198,0.12629,0.77312,0.066012,-0.19655,nan,0.103394,nan,nan,nan,nan,-0.0272964,-0.141211,-0.0313888,0.112882,-0.349933,-5.88235e-05,-0.00340781,-0.585113,nan
178,8.39172,767.429,0.011048,0.416667,0.166667,0.142334,1.09879,0.0242382,-0.00866468,1.62504,3.90184e-05,0.0145007,0.27725,15171.2,0.518721,0.291234,-0.1,0.02,183.021,2.18726e+06,0.552647,0.10653,0.63128,0.0551784,-0.16221,nan,0.0841071,nan,nan,nan,nan,-0.0228846,-0.112572,-0.0250578,0.0915,-0.287528,0,-0.00303014,-0.488375,nan
179,8.43367,857.786,0.0119032,0.458333,0.125,0.139999,1.09147,0.0238618,-0.00881284,1.6226,3.90184e-05,0.0139174,0.277185,13708.8,0.556961,0.339396,-0.1,0.02,183.918,2.19955e+06,0.576696,0.111652,0.709525,0.0588927,-0.181856,nan,0.0939143,nan,nan,nan,nan,-0.0248705,-0.12627,-0.0276773,0.102357,-0.323176,0,-0.00352176,-0.543982,nan
180,9.97878,843.308,0.011392,0.375,0.166667,0.141859,1.09043,0.0278125,-0.00945975,1.61917,3.90184e-05,0.00725891,0.277088,13171.4,0.577725,0.355205,-0.1,0.02,184.853,2.21184e+06,0.660978,0.0991756,0.699503,0.059732,-0.177383,nan,0.0938,nan,nan,nan,nan,-0.0254237,-0.128535,-0.0284974,0.104462,-0.317336,0,-0.00319774,-0.538339,nan
181,8.2565,894.357,0.0115636,0.458333,0.125,0.139781,1.07514,0.0206873,-0.00887125,1.61493,3.90184e-05,0.012811,0.277003,14101.4,0.571772,0.29963,-0.1,0.02,185.726,2.22413e+06,0.55455,0.131205,0.744681,0.0645167,-0.188663,nan,0.101964,nan,nan,nan,nan,-0.0275131,-0.138507,-0.0306669,0.106429,-0.336079,0,-0.003848,-0.565243,nan
182,8.85276,901.35,0.0117173,0.708333,0.125,0.140118,1.08092,0.0226917,-0.00810066,1.61112,3.90184e-05,0.0133895,0.276907,15746,0.511455,0.268933,-0.1,0.02,186.507,2.23642e+06,0.620096,0.109238,0.74425,0.0611526,-0.190885,nan,0.0972,nan,nan,nan,nan,-0.0268066,-0.137439,-0.0302127,0.1078,-0.338933,0,-0.00378799,-0.569034,nan
183,10.1127,940.429,0.0124403,0.5,0.0833333,0.139992,1.06671,0.0226965,-0.00892295,1.60702,3.90184e-05,0.00889987,0.276823,15969.4,0.460533,0.308937,-0.1,0.02,187.278,2.2487e+06,0.66584,0.124597,0.777673,0.0669384,-0.199563,nan,0.113514,nan,nan,nan,nan,-0.0293134,-0.15036,-0.0312759,0.116429,-0.354547,-0.000142857,-0.00375363,-0.590398,nan
184,9.8175,733.75,0.0128805,0.291667,0.208333,0.138235,1.09143,0.0245601,-0.00824422,1.60355,3.90184e-05,0.00951075,0.276746,12236.9,0.580651,0.423526,-0.1,0.02,188.284,2.26099e+06,0.59854,0.111228,0.60739,0.0516751,-0.15448,nan,0.0770917,nan,nan,nan,nan,-0.0222019,-0.115451,-0.0248158,0.0913333,-0.27437,0,-0.00220538,-0.452859,nan
185,9.05356,965.1,0.0125106,0.291667,0.125,0.137712,1.09962,0.0222253,-0.00882533,1.59983,3.90184e-05,0.0164825,0.276645,13440.7,0.569639,0.344597,-0.1,0.02,189.199,2.27328e+06,0.650667,0.126263,0.793433,0.0590781,-0.203692,nan,0.10335,nan,nan,nan,nan,-0.0271377,-0.142038,-0.0308002,0.1079,-0.362647,0,-0.00389416,-0.617804,nan
186,9.12789,979.417,0.0120121,0.458333,0.0416667,0.142577,1.08959,0.0189486,-0.00897254,1.59544,3.90184e-05,0.0119677,0.27656,13721.6,0.531675,0.363847,-0.1,0.02,190.096,2.28557e+06,0.611449,0.13505,0.813008,0.0693725,-0.205843,nan,0.10835,nan,nan,nan,nan,-0.0291,-0.147535,-0.0321995,0.119,-0.3678,0,-0.00337121,-0.613987,nan
187,10.6631,1000,0.0115014,0.5,0,0.141406,1.08349,0.0226294,-0.00917883,1.59206,3.90184e-05,0.0128621,0.276482,16157.9,0.501869,0.258626,-0.1,0.02,190.858,2.29786e+06,0.673465,0.1491,0.832177,0.0701405,-0.211358,nan,0.112233,nan,nan,nan,nan,-0.0286744,-0.147488,-0.0325719,0.11875,-0.376301,0,-0.00384735,-0.622473,nan
188,10.3902,954,0.0126446,0.583333,0.0416667,0.138833,1.07813,0.0251681,-0.00946055,1.58891,3.90184e-05,0.0130869,0.276425,17518.5,0.463218,0.238211,-0.1,0.02,191.56,2.31014e+06,0.670873,0.132687,0.787182,0.0688547,-0.200897,nan,0.106787,nan,nan,nan,nan,-0.0286257,-0.148982,-0.0310066,0.115533,-0.358539,0,-0.00353191,-0.590827,nan
189,8.03324,845.4,0.0124352,0.25,0.166667,0.140245,1.04879,0.0194777,-0.00887605,1.58571,3.90184e-05,0.00924304,0.276322,17905.2,0.442645,0.243637,-0.1,0.02,192.248,2.32243e+06,0.551096,0.113791,0.699818,0.0572085,-0.179838,nan,0.09178,nan,nan,nan,nan,-0.0247981,-0.125065,-0.027909,0.1017,-0.318415,0,-0.0029914,-0.534715,nan
190,11.853,959.364,0.0119911,0.416667,0.0416667,0.139607,1.08832,0.020537,-0.00939129,1.58074,3.90184e-05,0.00944145,0.276209,13712.1,0.542512,0.353633,-0.1,0.02,193.145,2.33472e+06,0.741926,0.124212,0.801316,0.0647406,-0.201343,nan,0.103709,nan,nan,nan,nan,-0.0269091,-0.136478,-0.0299253,0.111273,-0.359622,0,-0.00297941,-0.597272,nan
191,7.05834,789.692,0.0122762,0.375,0.166667,0.138363,1.07727,0.0253652,-0.00812518,1.57645,3.90184e-05,0.00904758,0.276131,13480,0.582122,0.329449,-0.1,0.02,194.058,2.34701e+06,0.48415,0.103415,0.660646,0.0547174,-0.165461,nan,0.0865923,nan,nan,nan,nan,-0.0233211,-0.118718,-0.0254399,0.0907692,-0.295308,0,-0.00313876,-0.495986,nan
192,9.00725,834,0.0120352,0.25,0.125,0.13783,1.10007,0.0247663,-0.00821412,1.57299,3.90184e-05,0.00993365,0.27604,14355,0.53175,0.32426,-0.1,0.02,194.915,2.3593e+06,0.598079,0.113611,0.687275,0.0583837,-0.175253,nan,0.0969889,nan,nan,nan,nan,-0.0257626,-0.129839,-0.0274632,0.0941111,-0.312241,0,-0.00321204,-0.524315,nan
193,9.92863,822.538,0.0124264,0.291667,0.25,0.140052,1.08147,0.0242474,-0.00976507,1.56907,3.90184e-05,0.0134053,0.275962,14529.5,0.520038,0.325692,-0.1,0.02,195.762,2.37158e+06,0.618603,0.120766,0.678751,0.0555938,-0.173686,nan,0.0844154,nan,nan,nan,nan,-0.0241812,-0.123888,-0.0264199,0.0959231,-0.308967,0,-0.00327116,-0.497207,nan
194,10.748,956.583,0.0126966,0.458333,0.0416667,0.135562,1.08477,0.0217398,-0.00883955,1.56594,3.90184e-05,0.0109612,0.275893,15266.4,0.505878,0.299026,-0.1,0.02,196.571,2.38387e+06,0.676878,0.121346,0.799046,0.0662925,-0.202591,nan,0.107608,nan,nan,nan,nan,-0.0286071,-0.143156,-0.0312657,0.116,-0.358797,0,-0.0038117,-0.581544,nan
195,11.6159,994.462,0.0126168,0.5,0.0416667,0.137503,1.07448,0.0202505,-0.00901562,1.56218,3.90184e-05,0.00850235,0.27578,17384,0.470878,0.235978,-0.1,0.02,197.28,2.39616e+06,0.725956,0.135534,0.830048,0.0677243,-0.209124,nan,0.108485,nan,nan,nan,nan,-0.0287165,-0.146213,-0.0316736,0.116692,-0.372747,0,-0.00378111,-0.611387,nan
196,10.3668,916.417,0.0121394,0.416667,0.0833333,0.138785,1.0874,0.0236134,-0.00936348,1.5576,3.90184e-05,0.00991579,0.275702,17385.8,0.450684,0.256099,-0.1,0.02,197.988,2.40845e+06,0.640834,0.131995,0.765484,0.0647898,-0.191671,nan,0.1029,nan,nan,nan,nan,-0.0273758,-0.13967,-0.0307861,0.110667,-0.34418,0,-0.00306807,-0.561579,nan
197,10.7684,907.556,0.0127122,0.625,0.125,0.138146,1.08065,0.0253414,-0.00850808,1.55441,3.90184e-05,0.0105275,0.27562,13771.9,0.533593,0.358659,-0.1,0.02,198.881,2.42074e+06,0.686458,0.115355,0.749913,0.0653044,-0.191095,nan,0.104567,nan,nan,nan,nan,-0.0272248,-0.140666,-0.0302218,0.112333,-0.340641,0,-0.00328848,-0.562372,nan
198,7.78896,827.556,0.0114208,0.25,0.125,0.142445,1.06057,0.0194143,-0.00964282,1.55093,5.85277e-05,0.00480204,0.275556,13013.6,0.579451,0.364794,-0.1,0.02,199.827,2.43302e+06,0.525757,0.106829,0.687848,0.0581664,-0.173498,nan,0.0934333,nan,nan,nan,nan,-0.0255362,-0.125446,-0.0276328,0.097,-0.309171,0,-0.0033604,-0.514942,nan
199,11.5664,907.143,0.0117521,0.458333,0.125,0.142922,1.06071,0.0213163,-0.00952618,1.54735,5.85277e-05,0.015496,0.275448,13751.2,0.54621,0.347383,-0.1,0.02,200.722,2.44531e+06,0.724332,0.12106,0.754026,0.0649987,-0.192474,nan,0.0974071,nan,nan,nan,nan,-0.026904,-0.140239,-0.0303474,0.110143,-0.33997,0,-0.00292343,-0.560786,nan
200,9.63372,865.824,0.0117775,0.541667,0.166667,0.142008,1.09647,0.0231893,-0.0108016,1.54199,5.85277e-05,0.0167035,0.275316,15877.7,0.504141,0.269777,-0.1,0.02,201.497,2.4576e+06,0.612676,0.111039,0.716758,0.0577124,-0.182475,nan,0.0979471,nan,nan,nan,nan,-0.0246832,-0.126082,-0.0265407,0.100235,-0.323636,0,-0.00356832,-0.527696,nan
201,12.5186,925.8,0.0117934,0.333333,0.0833333,0.14415,1.05293,0.0218788,-0.0103499,1.53665,5.85277e-05,0.00655392,0.275209,14263.1,0.535503,0.326021,-0.1,0.02,204.116,2.46989e+06,0.777044,0.116842,0.769154,0.0644276,-0.196444,nan,0.10681,nan,nan,nan,nan,-0.0275989,-0.142038,-0.0312746,0.1158,-0.345895,0,-0.00375411,-0.577143,nan
202,8.57481,786.455,0.0116848,0.291667,0.166667,0.142723,1.11435,0.0248348,-0.01106,1.53119,5.85277e-05,0.0144094,0.275058,13534.1,0.548203,0.359729,-0.1,0.02,205.025,2.48218e+06,0.553476,0.10327,0.647037,0.0538116,-0.16538,nan,0.0881091,nan,nan,nan,nan,-0.023038,-0.11752,-0.0252405,0.0954545,-0.294102,0,-0.0027662,-0.484371,nan
203,9.8617,824.75,0.0115132,0.541667,0.291667,0.139343,1.08767,0.0297112,-0.00960009,1.52537,5.85277e-05,0.0198107,0.274967,15652.4,0.538367,0.246689,-0.1,0.02,205.811,2.49446e+06,0.636129,0.106269,0.678628,0.0573707,-0.173642,nan,0.09031,nan,nan,nan,nan,-0.0248996,-0.126984,-0.0266539,0.10305,-0.308711,0,-0.00356839,-0.514213,nan
204,9.01758,776.85,0.0123748,0.458333,0.375,0.140171,1.0774,0.0234833,-0.0102951,1.52137,5.85277e-05,0.0138413,0.274842,17701.3,0.454536,0.239651,-0.1,0.02,206.507,2.50675e+06,0.563137,0.109112,0.638871,0.055113,-0.162974,nan,0.08686,nan,nan,nan,nan,-0.023442,-0.117851,-0.0246635,0.0955,-0.290421,0,-0.00307415,-0.475288,nan
205,9.28734,784.556,0.012372,0.25,0.125,0.138421,1.10345,0.0202718,-0.0100953,1.51438,5.85277e-05,0.0185554,0.274656,17622.5,0.459478,0.237813,-0.1,0.02,207.205,2.51904e+06,0.589285,0.100144,0.652622,0.0535084,-0.164327,nan,0.0854556,nan,nan,nan,nan,-0.0233057,-0.122067,-0.0248051,0.0884444,-0.293633,0,-0.00275177,-0.474203,nan
206,11.6195,980.727,0.012422,0.416667,0.0416667,0.13812,1.07758,0.0232458,-0.0100845,1.50671,5.85277e-05,0.0131292,0.274505,13860.8,0.530917,0.355609,-0.1,0.02,208.093,2.53133e+06,0.734568,0.128086,0.809958,0.0654942,-0.206537,nan,0.105491,nan,nan,nan,nan,-0.0286243,-0.146142,-0.0316072,0.117,-0.367743,0,-0.00360351,-0.595366,nan
207,9.84232,936.143,0.0137552,0.5,0.0833333,0.135186,1.09576,0.02078,-0.00995514,1.5003,5.85277e-05,0.00760801,0.274353,13746.6,0.534435,0.359457,-0.1,0.02,208.988,2.54362e+06,0.604314,0.133084,0.783336,0.0658009,-0.196324,nan,0.100971,nan,nan,nan,nan,-0.0274725,-0.140557,-0.03012,0.109643,-0.349506,0,-0.00359624,-0.557459,nan
208,11.9988,952.368,0.012861,0.75,0.0416667,0.138578,1.11227,0.0209214,-0.00975817,1.49416,5.85277e-05,0.013922,0.274249,13536.7,0.526617,0.38114,-0.1,0.02,209.897,2.5559e+06,0.710475,0.137223,0.7993,0.0665936,-0.200524,nan,0.106121,nan,nan,nan,nan,-0.0279584,-0.144777,-0.031313,0.117789,-0.356032,0,-0.00362843,-0.57333,nan
209,9.84251,832.19,0.0122199,0.625,0.25,0.139223,1.11407,0.0235518,-0.0113435,1.49026,5.85277e-05,0.0163716,0.274162,15247,0.531401,0.274526,-0.1,0.02,210.705,2.56819e+06,0.604503,0.117833,0.691848,0.0590711,-0.173451,nan,0.0931714,nan,nan,nan,nan,-0.025229,-0.123979,-0.0273827,0.0989524,-0.310478,0,-0.00358677,-0.509146,nan
210,10.8007,905.556,0.0128748,0.625,0.125,0.138151,1.07852,0.0215151,-0.0107447,1.48576,5.85277e-05,0.0165342,0.274044,17077.2,0.48361,0.235947,-0.1,0.02,211.425,2.58048e+06,0.677889,0.119653,0.750337,0.0621133,-0.189339,nan,0.104233,nan,nan,nan,nan,-0.0264974,-0.137557,-0.0295261,0.108944,-0.338041,0,-0.00330801,-0.558865,nan
211,10.0662,963.167,0.0134146,0.458333,0.0416667,0.134748,1.10151,0.0205959,-0.0101476,1.47955,5.85277e-05,0.0118215,0.273884,17847,0.451464,0.237054,-0.1,0.02,212.115,2.59277e+06,0.617471,0.140157,0.796648,0.0693545,-0.200992,nan,0.111558,nan,nan,nan,nan,-0.028946,-0.149649,-0.0310269,0.123917,-0.358294,0,-0.00478775,-0.582097,nan
212,8.63005,866.4,0.0127839,0.291667,0.125,0.136969,1.07454,0.0260657,-0.00960848,1.47289,5.85277e-05,0.0170715,0.273754,14352.8,0.499398,0.356743,-0.1,0.02,212.973,2.60506e+06,0.543982,0.129774,0.720319,0.0595693,-0.182539,nan,0.0975,nan,nan,nan,nan,-0.0254151,-0.126855,-0.0267492,0.1003,-0.323613,0,-0.00369316,-0.531078,nan
213,10.8085,847.125,0.0129356,0.5,0.166667,0.136652,1.08788,0.0219523,-0.0100302,1.46773,5.85277e-05,0.0132753,0.273649,14183,0.540998,0.325389,-0.1,0.02,213.84,2.61734e+06,0.637863,0.119079,0.709598,0.0594268,-0.176661,nan,0.0935563,nan,nan,nan,nan,-0.0253279,-0.126769,-0.027714,0.107125,-0.316538,0,-0.00317736,-0.510037,nan
214,12.1497,898.625,0.013123,0.25,0.0833333,0.139195,1.09099,0.0223492,-0.0107314,1.46367,5.85277e-05,0.0118113,0.273581,14240.4,0.525436,0.337464,-0.1,0.02,214.705,2.62963e+06,0.726525,0.123729,0.738489,0.0628313,-0.188249,nan,0.105938,nan,nan,nan,nan,-0.0265302,-0.132475,-0.0279497,0.107375,-0.334772,0,-0.00414845,-0.543277,nan
215,10.4737,886.833,0.0130278,0.541667,0.208333,0.137483,1.10374,0.0273751,-0.00956136,1.46039,5.85277e-05,0.0114575,0.27349,14865.1,0.548008,0.278629,-0.1,0.02,215.533,2.64192e+06,0.650235,0.119513,0.731925,0.0640864,-0.185106,nan,0.10425,nan,nan,nan,nan,-0.0261906,-0.134921,-0.0282399,0.108944,-0.33032,0,-0.00392673,-0.546564,nan
216,13.5298,1000,0.0132915,0.583333,0,0.138174,1.06832,0.0219635,-0.00917027,1.45546,3.90184e-05,0.0203092,0.27336,17547.1,0.466807,0.233479,-0.1,0.02,216.235,2.65421e+06,0.775311,0.149852,0.83886,0.0699206,-0.209119,nan,0.109379,nan,nan,nan,nan,-0.0281686,-0.148042,-0.0320425,0.123786,-0.372771,0,-0.0041653,-0.59631,nan
217,10.5208,951.5,0.0132797,0.541667,0.0416667,0.132935,1.10485,0.0226972,-0.00896509,1.45048,3.90184e-05,0.0109052,0.273271,17494.3,0.449796,0.252606,-0.1,0.02,216.939,2.6665e+06,0.645128,0.135817,0.789751,0.064541,-0.197754,nan,0.106014,nan,nan,nan,nan,-0.0271961,-0.139694,-0.0294769,0.113,-0.354884,0,-0.00500036,-0.574205,nan
218,11.0344,970.667,0.0130295,0.458333,0.0416667,0.137812,1.08768,0.0235061,-0.00874773,1.44654,3.90184e-05,0.0149264,0.273185,15051.8,0.464221,0.352159,-0.1,0.02,217.756,2.67878e+06,0.659672,0.142924,0.808953,0.0668944,-0.203685,nan,0.112267,nan,nan,nan,nan,-0.0292134,-0.147912,-0.0313554,0.116833,-0.361807,0,-0.0046579,-0.577193,nan
219,12.5667,946.462,0.0128948,0.5,0.0416667,0.138038,1.0878,0.0225324,-0.00875256,1.44248,3.90184e-05,0.00611136,0.273093,13427.1,0.556453,0.358709,-0.1,0.02,218.673,2.69107e+06,0.715036,0.14081,0.793578,0.0664193,-0.197299,nan,0.112615,nan,nan,nan,nan,-0.0283947,-0.142986,-0.0299794,0.120615,-0.353733,0,-0.00389017,-0.564456,nan
220,11.7613,898.176,0.0129951,0.541667,0.166667,0.136219,1.1037,0.0221571,-0.00823489,1.43864,3.90184e-05,0.00871899,0.273018,13694.8,0.545232,0.352046,-0.1,0.02,219.571,2.70336e+06,0.718685,0.118462,0.750523,0.0570343,-0.187695,nan,0.0884588,nan,nan,nan,nan,-0.0236946,-0.117536,-0.0256331,0.0928235,-0.334561,0,-0.00362611,-0.545178,nan
221,10.5918,848.667,0.0125478,0.416667,0.0833333,0.138274,1.11348,0.0204183,-0.00906333,1.43502,3.90184e-05,0.00896319,0.272922,14153.9,0.529049,0.339119,-0.1,0.02,220.441,2.71565e+06,0.624326,0.122876,0.708934,0.0568612,-0.176922,nan,0.0952333,nan,nan,nan,nan,-0.0248422,-0.124065,-0.0264158,0.0981667,-0.315946,0,-0.0037693,-0.504851,nan
222,10.946,917.824,0.0132748,0.625,0.0833333,0.136633,1.08452,0.0203976,-0.0089522,1.43067,3.90184e-05,0.00825347,0.27283,16099.9,0.499529,0.263708,-0.1,0.02,221.206,2.72794e+06,0.652856,0.129497,0.765663,0.0618698,-0.190633,nan,0.1003,nan,nan,nan,nan,-0.0270491,-0.138907,-0.0289843,0.115059,-0.34154,0,-0.00398298,-0.546848,nan
223,14.5828,989,0.0126728,0.375,0.0416667,0.136051,1.09548,0.0232341,-0.00920629,1.42698,3.90184e-05,0.0118076,0.272761,17217.3,0.47552,0.238181,-0.1,0.02,221.921,2.74022e+06,0.835926,0.137668,0.828018,0.0679307,-0.203331,nan,0.10975,nan,nan,nan,nan,-0.0286126,-0.146693,-0.0310919,0.1183,-0.368215,0,-0.00354336,-0.586969,nan
224,11.9485,892.35,0.0128681,0.625,0.208333,0.136724,1.09211,0.0253428,-0.00823378,1.42424,3.90184e-05,0.0120224,0.272704,17561.4,0.458531,0.241185,-0.1,0.02,222.622,2.75251e+06,0.70242,0.125219,0.743571,0.0603405,-0.184134,nan,0.097675,nan,nan,nan,nan,-0.0257463,-0.13079,-0.0277276,0.10135,-0.332778,-5e-05,-0.00370034,-0.528222,nan
225,11.2491,929.571,0.0131095,0.458333,0.125,0.135221,1.07083,0.0245391,-0.00822346,1.42126,3.90184e-05,0.00569253,0.272627,17596.8,0.444917,0.253392,-0.1,0.02,223.321,2.7648e+06,0.671934,0.120524,0.774121,0.0665525,-0.193238,nan,0.109171,nan,nan,nan,nan,-0.0278371,-0.13656,-0.0287325,0.116143,-0.345289,0,-0.0044168,-0.559915,nan
226,13.6336,966.4,0.0136713,0.375,0.0416667,0.133145,1.07704,0.021328,-0.00904752,1.41775,3.90184e-05,0.0102971,0.272549,17645,0.460457,0.235946,-0.1,0.02,224.019,2.77709e+06,0.792504,0.140675,0.804984,0.0679104,-0.201112,nan,0.10619,nan,nan,nan,nan,-0.0287452,-0.149664,-0.0314615,0.121,-0.360763,0,-0.003352,-0.576488,nan
227,13.0541,934.857,0.0132827,0.25,0.0416667,0.135312,1.07852,0.026118,-0.00801894,1.41441,3.90184e-05,0.00998387,0.272478,17206.1,0.469532,0.244635,-0.1,0.02,224.734,2.78938e+06,0.757308,0.124234,0.779037,0.0650919,-0.192577,nan,0.110457,nan,nan,nan,nan,-0.0281968,-0.145092,-0.0306836,0.121143,-0.348004,0,-0.00292916,-0.557084,nan
228,11.1737,878.308,0.0124732,0.458333,0.0833333,0.138015,1.08899,0.0243308,-0.00847264,1.4108,3.90184e-05,0.0140748,0.272377,17241.8,0.463714,0.248974,-0.1,0.02,225.448,2.80166e+06,0.673429,0.108311,0.734937,0.0612162,-0.181366,nan,0.1014,nan,nan,nan,nan,-0.0260992,-0.134044,-0.0286854,0.104,-0.326036,0,-0.00365955,-0.524716,nan
229,11.539,972.2,0.0135936,0.375,0.0416667,0.138195,1.0396,0.0222959,-0.00811717,1.40626,3.90184e-05,0.00914559,0.272287,18070.1,0.445314,0.234704,-0.1,0.02,226.13,2.81395e+06,0.67608,0.147872,0.810058,0.0633235,-0.20226,nan,0.11282,nan,nan,nan,nan,-0.0282156,-0.140434,-0.0299849,0.1152,-0.362153,0,-0.00432467,-0.581034,nan
230,10.4431,915.643,0.0135349,0.5,0.0833333,0.136224,1.0738,0.0225239,-0.00885985,1.4026,3.90184e-05,0.00939018,0.272211,17564.1,0.455433,0.244174,-0.1,0.02,226.83,2.82624e+06,0.629565,0.122245,0.764665,0.0615619,-0.189244,nan,0.1088,nan,nan,nan,nan,-0.026577,-0.131666,-0.0277538,0.106929,-0.340375,0,-0.00557088,-0.550422,nan
231,10.5047,921.889,0.0132804,0.291667,0.0833333,0.136159,1.0789,0.023141,-0.00847356,1.39946,3.90184e-05,0.00918172,0.272151,14191.8,0.513243,0.352609,-0.1,0.02,227.697,2.83853e+06,0.629548,0.12612,0.766725,0.0607795,-0.191355,nan,0.101078,nan,nan,nan,nan,-0.0265064,-0.132762,-0.0285239,0.111556,-0.341596,0,-0.00511307,-0.544716,nan
232,10.9954,832.812,0.0125829,0.458333,0.208333,0.138014,1.08384,0.0239608,-0.00891991,1.39734,3.90184e-05,0.0117259,0.272118,13404.4,0.598555,0.318158,-0.1,0.02,228.615,2.85082e+06,0.651889,0.117361,0.689311,0.0570739,-0.170543,nan,0.0914813,nan,nan,nan,nan,-0.0246199,-0.12692,-0.0266454,0.101063,-0.308591,0,-0.00296312,-0.498125,nan
233,13.7765,946.3,0.0128986,0.375,0.0416667,0.13876,1.08414,0.0203628,-0.00829833,1.39514,3.90184e-05,0.00678591,0.272044,14078.1,0.516455,0.356392,-0.1,0.02,229.49,2.8631e+06,0.771534,0.142053,0.797675,0.0653161,-0.194994,nan,0.10424,nan,nan,nan,nan,-0.0278114,-0.139692,-0.0299783,0.1128,-0.350452,0,-0.00438148,-0.557482,nan
234,12.1386,922,0.0126534,0.333333,0.166667,0.141107,1.06015,0.0270445,-0.0087718,1.3918,3.90184e-05,0.00994551,0.271977,14879.4,0.503294,0.322548,-0.1,0.02,230.317,2.87539e+06,0.706957,0.138432,0.768698,0.0628179,-0.189544,nan,0.103225,nan,nan,nan,nan,-0.0265438,-0.135952,-0.0285932,0.111833,-0.341656,0,-0.00479101,-0.557951,nan
235,10.917,895.2,0.0131724,0.5,0.125,0.137553,1.08793,0.0162989,-0.00900131,1.38869,3.90184e-05,0.0131637,0.2719,14717.5,0.506503,0.328422,-0.1,0.02,231.153,2.88768e+06,0.646709,0.125007,0.747804,0.061174,-0.182934,nan,0.0992667,nan,nan,nan,nan,-0.0266402,-0.137862,-0.0288705,0.107867,-0.332258,0,-0.00416612,-0.529248,nan
236,14.5726,988.636,0.0129147,0.416667,0.0416667,0.138,1.07633,0.0262682,-0.00794653,1.38499,3.90184e-05,0.0117933,0.271814,13717.7,0.547883,0.347896,-0.1,0.02,232.05,2.89997e+06,0.811941,0.162949,0.823124,0.0699529,-0.202476,nan,0.109064,nan,nan,nan,nan,-0.0283807,-0.144705,-0.0307676,0.114273,-0.36696,0,-0.00420082,-0.585186,nan
237,11.9237,995.786,0.012794,0.5,0.0833333,0.140118,1.05437,0.0216952,-0.00832181,1.38083,3.90184e-05,0.0095753,0.271711,14512.2,0.526221,0.320514,-0.1,0.02,232.898,2.91226e+06,0.720718,0.143351,0.822062,0.0652918,-0.202831,nan,0.113707,nan,nan,nan,nan,-0.0288365,-0.146757,-0.0304655,0.116571,-0.368397,0,-0.00603771,-0.602189,nan
238,11.8243,923.889,0.014029,0.333333,0.0416667,0.135052,1.08025,0.0188249,-0.00862228,1.37626,3.90184e-05,0.0107173,0.271615,13958.6,0.545596,0.334722,-0.1,0.02,233.78,2.92454e+06,0.693764,0.122715,0.780489,0.0592695,-0.189253,nan,0.0957111,nan,nan,nan,nan,-0.0254419,-0.132022,-0.0271605,0.103111,-0.341721,0,-0.00468102,-0.543567,nan
239,13.9787,1000,0.0139391,0.625,0,0.134696,1.0703,0.0194017,-0.00888649,1.37224,3.90184e-05,0.0140944,0.271529,13011.3,0.588344,0.356066,-0.1,0.02,234.726,2.93683e+06,0.782301,0.137853,0.843768,0.0695204,-0.204315,nan,0.113833,nan,nan,nan,nan,-0.0289069,-0.145638,-0.0309155,0.1224,-0.368135,0,-0.00477142,-0.588056,nan
240,11.7379,933,0.0133986,0.208333,0.0833333,0.136122,1.07768,0.0247128,-0.00790517,1.36837,3.90184e-05,0.00762356,0.271442,14082.3,0.535383,0.337199,-0.1,0.02,235.6,2.94912e+06,0.680026,0.134018,0.781979,0.0597951,-0.189495,nan,0.105,nan,nan,nan,nan,-0.026801,-0.130376,-0.0263401,0.103714,-0.344816,0,-0.00607468,-0.553734,nan
241,11.649,872.125,0.0133823,0.5,0.166667,0.138539,1.06743,0.0215293,-0.00929286,1.36454,3.90184e-05,0.0130601,0.271366,14546,0.528247,0.316521,-0.1,0.02,236.446,2.96141e+06,0.671896,0.127561,0.726541,0.0593688,-0.177236,nan,0.099625,nan,nan,nan,nan,-0.0254744,-0.128677,-0.0272086,0.102438,-0.32221,0,-0.00436535,-0.519809,nan
242,11.7966,888.231,0.0134564,0.416667,0.125,0.137021,1.06686,0.0255295,-0.00922435,1.36103,3.90184e-05,0.0124322,0.271286,16438,0.502391,0.245146,-0.1,0.02,237.195,2.9737e+06,0.679858,0.130598,0.742616,0.0588195,-0.182162,nan,0.1003,nan,nan,nan,nan,-0.0257837,-0.130938,-0.0279788,0.107231,-0.329133,0,-0.00411564,-0.529482,nan
243,9.9471,844.2,0.0131015,0.291667,0.125,0.139589,1.08975,0.0237122,-0.00881676,1.35775,3.90184e-05,0.0113957,0.271224,12715.4,0.54951,0.416876,-0.1,0.02,238.162,2.98598e+06,0.592034,0.126066,0.701645,0.0540689,-0.171696,nan,0.09506,nan,nan,nan,nan,-0.025212,-0.123391,-0.0251043,0.0978,-0.311003,0,-0.0047428,-0.508171,nan
244,11.2827,956.462,0.0136031,0.416667,0.125,0.136203,1.05936,0.0280932,-0.00844774,1.35525,3.90184e-05,0.0106543,0.271164,10085.8,0.729755,0.488593,-0.1,0.02,239.382,2.99827e+06,0.672507,0.118039,0.808975,0.0627,-0.194124,nan,0.101585,nan,nan,nan,nan,-0.0273772,-0.137846,-0.0290679,0.112077,-0.352873,0,-0.00465939,-0.5658,nan
245,12.9259,958.174,0.0136245,0.875,0.0833333,0.137276,1.04918,0.0267512,-0.00842348,1.35239,3.90184e-05,0.00786078,0.271109,13813.2,0.545847,0.343737,-0.1,0.02,240.273,3.01056e+06,0.723255,0.142297,0.806393,0.0638484,-0.193397,nan,0.108961,nan,nan,nan,nan,-0.0276794,-0.140289,-0.0288969,0.11313,-0.353233,0,-0.00508882,-0.563007,nan
246,11.634,958.364,0.0142262,0.416667,0.0416667,0.133828,1.03778,0.0231144,-0.00780022,1.34982,3.90184e-05,0.0111761,0.271051,15751.3,0.51042,0.269708,-0.1,0.02,241.055,3.02285e+06,0.677598,0.122049,0.807198,0.061497,-0.193215,nan,0.109318,nan,nan,nan,nan,-0.0285653,-0.141488,-0.0295133,0.111636,-0.354552,0,-0.00495412,-0.555309,nan
247,12.6371,881.25,0.013772,0.416667,0.0833333,0.138843,1.05739,0.0205777,-0.00955839,1.3468,3.90184e-05,0.013348,0.270969,17435.4,0.45757,0.247204,-0.1,0.02,241.761,3.03514e+06,0.717575,0.12373,0.740266,0.0566635,-0.179481,nan,0.100542,nan,nan,nan,nan,-0.0257127,-0.129482,-0.0265837,0.1025,-0.325555,0,-0.00435373,-0.518254,nan
248,11.8009,901.667,0.0129311,0.333333,0.0416667,0.140938,1.08218,0.0173696,-0.0084327,1.34261,3.90184e-05,0.016708,0.270875,16091.1,0.479067,0.284586,-0.1,0.02,242.526,3.04742e+06,0.670213,0.113357,0.764255,0.0595888,-0.179922,nan,0.0993667,nan,nan,nan,nan,-0.0266743,-0.137906,-0.0285493,0.109444,-0.331219,0,-0.00317254,-0.518739,nan
249,11.4409,904.2,0.013173,0.458333,0.166667,0.139911,1.06494,0.0256513,-0.00809216,1.3388,3.90184e-05,0.0080189,0.2708,13359.1,0.54177,0.378051,-0.1,0.02,243.448,3.05971e+06,0.664682,0.12482,0.760154,0.0591957,-0.183039,nan,0.10494,nan,nan,nan,nan,-0.0271558,-0.13314,-0.0280872,0.107067,-0.333229,0,-0.00519658,-0.538965,nan
250,10.3064,883.444,0.0136679,0.833333,0.291667,0.135711,1.04893,0.0223298,-0.00907502,1.33511,3.90184e-05,0.0150037,0.270702,13024.2,0.554191,0.389283,-0.1,0.02,244.392,3.072e+06,0.600904,0.128149,0.742051,0.0559088,-0.178024,nan,0.101222,nan,nan,nan,nan,-0.0261335,-0.13145,-0.0274737,0.101481,-0.325384,-0.001,-0.00468159,-0.520249,nan
251,11.3777,902.391,0.0141533,0.791667,0.166667,0.134294,1.05894,0.0238327,-0.00885143,1.33097,3.90184e-05,0.0110438,0.270631,14090.8,0.534213,0.337843,-0.1,0.02,245.266,3.08429e+06,0.650391,0.12619,0.75821,0.0577736,-0.182091,nan,0.10433,nan,nan,nan,nan,-0.0267388,-0.135042,-0.0279619,0.110304,-0.332043,0,-0.00451478,-0.529923,nan
252,13.7133,961.286,0.013824,0.458333,0.125,0.134807,1.06692,0.0190239,-0.00877091,1.32786,3.90184e-05,0.0120953,0.27055,15874.3,0.486714,0.287365,-0.1,0.02,246.042,3.09658e+06,0.771239,0.14001,0.811176,0.0604434,-0.193952,nan,0.110307,nan,nan,nan,nan,-0.0284331,-0.142837,-0.0288677,0.109857,-0.354559,0,-0.00422885,-0.564488,nan
253,11.5007,959.727,0.0138527,0.416667,0.0416667,0.136462,1.03803,0.0195764,-0.00859141,1.32353,3.90184e-05,0.00802474,0.270439,17614.1,0.463956,0.233667,-0.1,0.02,246.741,3.10886e+06,0.654371,0.14071,0.80472,0.061309,-0.194403,nan,0.110018,nan,nan,nan,nan,-0.027414,-0.140629,-0.0294203,0.114909,-0.354329,0,-0.00495887,-0.559852,nan
254,7.53089,840.125,0.0130064,0.208333,0.125,0.138993,1.06238,0.0287199,-0.0082617,1.31925,3.90184e-05,0.0100816,0.270378,16490.2,0.451616,0.293556,-0.1,0.02,247.487,3.12115e+06,0.466776,0.128938,0.687172,0.0486134,-0.171174,nan,0.103363,nan,nan,nan,nan,-0.0250761,-0.117219,-0.023737,0.093125,-0.309416,0,-0.006626,-0.498193,nan
255,13.3397,927.467,0.0128918,0.458333,0.166667,0.139276,1.09666,0.0226738,-0.00854801,1.31685,3.90184e-05,0.0102276,0.270318,13587.6,0.552034,0.352318,-0.1,0.02,248.393,3.13344e+06,0.736996,0.138657,0.788079,0.0564335,-0.187824,nan,0.10028,nan,nan,nan,nan,-0.0264452,-0.133972,-0.0268946,0.100933,-0.341433,0,-0.00501425,-0.532813,nan
256,13.583,956.091,0.0128775,0.416667,0.0416667,0.13883,1.09123,0.0208608,-0.00893114,1.31381,3.90184e-05,0.0113626,0.270241,14134.8,0.529547,0.339795,-0.1,0.02,249.263,3.14573e+06,0.750227,0.136583,0.810672,0.0633836,-0.19231,nan,0.112282,nan,nan,nan,nan,-0.0282043,-0.144503,-0.0294546,0.112364,-0.351767,0,-0.00439294,-0.555729,nan
257,12.7524,941.6,0.0140359,0.583333,0.0416667,0.137618,1.05069,0.0281554,-0.0088106,1.30993,3.90184e-05,0.0124479,0.270145,14169.8,0.544896,0.322302,-0.1,0.02,250.132,3.15802e+06,0.718379,0.144969,0.792186,0.0581583,-0.191042,nan,0.105753,nan,nan,nan,nan,-0.0267309,-0.132799,-0.0275485,0.101867,-0.34716,0,-0.00530962,-0.553101,nan
258,11.7227,883.357,0.0135764,0.5,0.0833333,0.137494,1.06899,0.0247439,-0.00835622,1.30526,3.90184e-05,0.00670418,0.270035,15496.6,0.483821,0.309129,-0.1,0.02,250.926,3.1703e+06,0.654538,0.126971,0.744726,0.0560944,-0.178184,nan,0.1065,nan,nan,nan,nan,-0.0268686,-0.131068,-0.0266839,0.1,-0.325105,0,-0.00466029,-0.510128,nan
259,12.5345,889.857,0.013265,0.708333,0.166667,0.136134,1.06653,0.0214224,-0.00885914,1.30047,3.90184e-05,0.0136868,0.269929,17015.3,0.472727,0.249447,-0.1,0.02,251.65,3.18259e+06,0.70505,0.127029,0.751459,0.0560844,-0.1794,nan,0.0988667,nan,nan,nan,nan,-0.0256751,-0.126847,-0.0271967,0.101762,-0.327565,0,-0.0040852,-0.522759,nan
260,12.772,939.889,0.0137633,0.333333,0.0416667,0.135974,1.08462,0.0208527,-0.00799361,1.29587,3.90184e-05,0.0102795,0.269834,12426.5,0.51809,0.470764,-0.1,0.02,252.64,3.19488e+06,0.717214,0.143857,0.791712,0.058523,-0.188892,nan,0.108467,nan,nan,nan,nan,-0.0282071,-0.142779,-0.0298486,0.113778,-0.345307,0,-0.00558109,-0.554336,nan
261,11.0713,837.769,0.0125863,0.375,0.166667,0.140923,1.08167,0.0224564,-0.00812242,1.29203,3.90184e-05,0.00930446,0.269763,9815.74,0.612382,0.639485,-0.1,0.02,253.893,3.20717e+06,0.617459,0.123409,0.70426,0.0536777,-0.168637,nan,0.0952462,nan,nan,nan,nan,-0.0241409,-0.119631,-0.0252078,0.098,-0.307776,0,-0.00409408,-0.489002,nan
262,12.3268,954.647,0.0130221,0.625,0.0833333,0.139257,1.09221,0.0196885,-0.0091275,1.28876,3.90184e-05,0.00742949,0.269676,14008.5,0.550876,0.326308,-0.1,0.02,254.772,3.21946e+06,0.709341,0.127296,0.805328,0.0601447,-0.191262,nan,0.111153,nan,nan,nan,nan,-0.0282469,-0.140819,-0.0290874,0.111353,-0.350639,0,-0.00498593,-0.563235,nan
263,10.2771,912.125,0.0134705,0.291667,0.0416667,0.135875,1.08204,0.0250242,-0.00910192,1.28475,3.90184e-05,0.0133636,0.269598,14116.2,0.542631,0.327856,-0.1,0.02,255.644,3.23174e+06,0.599674,0.128414,0.764983,0.0569327,-0.183856,nan,0.102875,nan,nan,nan,nan,-0.0264178,-0.132845,-0.0281695,0.105,-0.335199,0,-0.00586219,-0.531674,nan
264,12.9106,938.294,0.0137783,0.625,0.0833333,0.134704,1.09213,0.020175,-0.00789012,1.28136,3.90184e-05,0.0093172,0.269516,16527.6,0.495237,0.248245,-0.1,0.02,256.388,3.24403e+06,0.707998,0.141421,0.793884,0.0592131,-0.188468,nan,0.103076,nan,nan,nan,nan,-0.0264724,-0.133273,-0.0277454,0.104118,-0.345233,0,-0.00521087,-0.537776,nan
265,10.5927,792,0.0135878,0.541667,0.208333,0.134727,1.07536,0.0299456,-0.00774401,1.27765,3.90184e-05,0.0105615,0.269446,17507.7,0.450327,0.251537,-0.1,0.02,257.091,3.25632e+06,0.59044,0.106817,0.671678,0.0472689,-0.158092,nan,0.0913556,nan,nan,nan,nan,-0.0231863,-0.110359,-0.0229961,0.0891667,-0.290718,0,-0.00413787,-0.4576,nan
266,11.8607,881.235,0.0139566,0.583333,0.125,0.13381,1.08697,0.0240997,-0.00972118,1.27474,3.90184e-05,0.0100468,0.269383,14761.5,0.490198,0.342239,-0.1,0.02,257.925,3.26861e+06,0.662552,0.119832,0.741755,0.056431,-0.176063,nan,0.101424,nan,nan,nan,nan,-0.0258749,-0.12645,-0.0271261,0.104235,-0.322952,-5.88235e-05,-0.00485419,-0.509815,nan
267,11.2213,850.647,0.0134536,0.541667,0.166667,0.134577,1.06495,0.0267575,-0.00898608,1.27156,3.90184e-05,0.0100139,0.269302,13926.7,0.554487,0.32785,-0.1,0.02,258.809,3.2809e+06,0.632709,0.120904,0.714197,0.0539118,-0.170372,nan,0.102753,nan,nan,nan,nan,-0.0255392,-0.125688,-0.0255859,0.0999412,-0.312043,0,-0.00529844,-0.498825,nan
268,13.1012,973.714,0.0136806,0.208333,0.0833333,0.132133,1.06984,0.0223288,-0.00786838,1.26778,3.90184e-05,0.00772174,0.26922,14673.8,0.518382,0.31903,-0.1,0.02,259.648,3.29318e+06,0.725853,0.132865,0.826068,0.0553229,-0.19514,nan,0.110014,nan,nan,nan,nan,-0.0276153,-0.132292,-0.0284072,0.107143,-0.358407,0,-0.00521641,-0.555126,nan
269,11.7028,789.714,0.0141472,0.208333,0.0833333,0.132049,1.08907,0.0234943,-0.00825957,1.26448,3.90184e-05,0.00729338,0.269161,14944,0.528665,0.293605,-0.1,0.02,260.471,3.30547e+06,0.6529,0.114753,0.664557,0.0496393,-0.158084,nan,0.0965571,nan,nan,nan,nan,-0.0236247,-0.113467,-0.0246564,0.0845714,-0.289815,0,-0.00428306,-0.463907,nan
270,9.51643,803.857,0.0143377,0.416667,0.166667,0.132634,1.07039,0.021469,-0.00942309,1.2618,3.90184e-05,0.0109215,0.269093,16593.9,0.482139,0.258374,-0.1,0.02,261.213,3.31776e+06,0.550707,0.11079,0.677771,0.0504058,-0.160294,nan,0.0909643,nan,nan,nan,nan,-0.0229936,-0.113731,-0.0237636,0.0951429,-0.293998,0,-0.00488894,-0.480289,nan
271,11.6941,914,0.0143484,0.291667,0.125,0.132669,1.07807,0.0245575,-0.00917956,1.25892,3.90184e-05,0.0130583,0.269038,17216.5,0.44655,0.267183,-0.1,0.02,261.928,3.33005e+06,0.649951,0.136522,0.768397,0.0559389,-0.181263,nan,0.10548,nan,nan,nan,nan,-0.0258278,-0.125693,-0.026181,0.1011,-0.334196,0,-0.00697583,-0.532546,nan
272,12.1229,870.769,0.0146477,0.416667,0.125,0.134423,1.06154,0.019651,-0.00837216,1.25605,3.90184e-05,0.00973412,0.268959,14184,0.47528,0.391046,-0.1,0.02,262.795,3.34234e+06,0.682592,0.119037,0.734006,0.0527019,-0.173017,nan,0.100538,nan,nan,nan,nan,-0.0251408,-0.122162,-0.0252142,0.0985385,-0.320344,0,-0.00452143,-0.51087,nan
273,13.6399,913.357,0.0152273,0.5,0.0833333,0.130881,1.05506,0.0235951,-0.00859912,1.25217,3.90184e-05,0.0117895,0.26888,14023.6,0.550145,0.326094,-0.1,0.02,263.673,3.35462e+06,0.742482,0.129739,0.770912,0.0563807,-0.182183,nan,0.104236,nan,nan,nan,nan,-0.0262776,-0.130962,-0.0271048,0.110286,-0.335133,0,-0.00475138,-0.525631,nan
274,13.1225,951.769,0.0143789,0.5,0.0416667,0.134796,1.05669,0.0193127,-0.00825322,1.24876,3.90184e-05,0.014996,0.268799,14623.5,0.51745,0.322844,-0.1,0.02,264.515,3.36691e+06,0.729448,0.139648,0.803843,0.0591402,-0.191158,nan,0.110292,nan,nan,nan,nan,-0.0275305,-0.13668,-0.0281344,0.110692,-0.349731,0,-0.00478082,-0.558925,nan
275,14.2643,1000,0.0148115,0.375,0,0.134345,1.05305,0.0207641,-0.0078533,1.24511,3.90184e-05,0.00810799,0.268728,15260.7,0.520038,0.28517,-0.1,0.02,265.321,3.3792e+06,0.783107,0.150514,0.838491,0.0640407,-0.197724,nan,0.117867,nan,nan,nan,nan,-0.0291428,-0.144794,-0.0304958,0.116556,-0.366843,-0.000222222,-0.00414244,-0.583995,nan
276,13.3359,954.462,0.0139075,0.416667,0.125,0.135602,1.06956,0.022971,-0.00813087,1.24234,3.90184e-05,0.00867847,0.26868,15949,0.504866,0.265588,-0.1,0.02,266.092,3.39149e+06,0.727644,0.141062,0.803571,0.0574675,-0.189549,nan,0.1164,nan,nan,nan,nan,-0.0287241,-0.14124,-0.0286366,0.108615,-0.349654,0,-0.00534222,-0.544817,nan
277,14.0941,930.333,0.0140069,0.416667,0.0833333,0.137031,1.04547,0.0226335,-0.00791456,1.24025,3.90184e-05,0.00579253,0.26863,17857.7,0.446132,0.241974,-0.1,0.02,266.782,3.40378e+06,0.781002,0.133858,0.784574,0.0573856,-0.186094,nan,0.111817,nan,nan,nan,nan,-0.0273355,-0.140349,-0.0279133,0.106917,-0.341216,0,-0.00457451,-0.543367,nan
278,13.1821,866.867,0.0142397,0.5,0.125,0.135465,1.05922,0.022099,-0.00881603,1.23729,3.90184e-05,0.011878,0.268545,15365.7,0.452573,0.347131,-0.1,0.02,267.583,3.41606e+06,0.699436,0.132504,0.735577,0.055524,-0.171254,nan,0.0997,nan,nan,nan,nan,-0.0252664,-0.125814,-0.0265725,0.103533,-0.317036,0,-0.0034171,-0.497809,nan
279,13.6283,928.636,0.0147044,0.375,0.0833333,0.131705,1.06092,0.0266628,-0.0081859,1.23381,3.90184e-05,0.0126521,0.268496,13536.1,0.564076,0.34372,-0.1,0.02,268.493,3.42835e+06,0.741287,0.13267,0.787191,0.0569218,-0.184224,nan,0.104936,nan,nan,nan,nan,-0.0267497,-0.134227,-0.0288711,0.111455,-0.340923,0,-0.00454576,-0.533503,nan
280,12.1463,906.154,0.015518,0.416667,0.125,0.128248,1.06899,0.0220989,-0.00785728,1.23181,3.90184e-05,0.0138265,0.268436,14494.5,0.520242,0.327525,-0.1,0.02,269.342,3.44064e+06,0.652819,0.140791,0.762305,0.0547805,-0.180865,nan,0.105662,nan,nan,nan,nan,-0.0258454,-0.128755,-0.0265246,0.104385,-0.332045,0,-0.00488824,-0.514502,nan
281,11.8288,950.5,0.015473,0.583333,0.0833333,0.128444,1.04991,0.0225124,-0.00844188,1.22854,3.90184e-05,0.00924034,0.268359,12997.3,0.523094,0.422335,-0.1,0.02,270.289,3.45293e+06,0.670528,0.14202,0.796628,0.0578418,-0.188911,nan,0.110706,nan,nan,nan,nan,-0.0278806,-0.139964,-0.028997,0.106938,-0.347377,0,-0.00628322,-0.553805,nan
282,14.8774,980.571,0.0147072,0.25,0.0416667,0.132007,1.06889,0.0215848,-0.00830836,1.22473,3.90184e-05,0.0131808,0.268268,13599.6,0.539471,0.364082,-0.1,0.02,271.194,3.46522e+06,0.778278,0.155624,0.827891,0.059039,-0.194934,nan,0.115071,nan,nan,nan,nan,-0.0285364,-0.140658,-0.0294536,0.118429,-0.359478,0,-0.00562282,-0.551779,nan
283,16.2694,1000,0.0151849,0.5,0,0.130774,1.05609,0.0190852,-0.00840743,1.22045,3.90184e-05,0.00810548,0.26817,13405.4,0.597202,0.319441,-0.1,0.02,272.111,3.4775e+06,0.872125,0.150018,0.845886,0.0593775,-0.19784,nan,0.11645,nan,nan,nan,nan,-0.0284785,-0.14248,-0.0303583,0.123167,-0.3659,0,-0.0045521,-0.583944,nan
284,12.5959,925.067,0.0139274,0.5,0.125,0.136137,1.06026,0.0228442,-0.00826665,1.21682,3.90184e-05,0.00975403,0.268127,14051.5,0.486563,0.387935,-0.1,0.02,272.987,3.48979e+06,0.709663,0.124352,0.77816,0.053723,-0.184858,nan,0.115167,nan,nan,nan,nan,-0.0275026,-0.133719,-0.0269554,0.108133,-0.34011,0,-0.00579813,-0.54046,nan
285,11.5521,901,0.0137748,0.416667,0.0833333,0.135609,1.06212,0.0266053,-0.00871794,1.21494,3.90184e-05,0.0120078,0.268072,12995.6,0.596579,0.348969,-0.1,0.02,273.934,3.50208e+06,0.650852,0.125945,0.753898,0.0495104,-0.179847,nan,0.103433,nan,nan,nan,nan,-0.0258526,-0.124737,-0.0259646,0.10525,-0.330267,0,-0.00478552,-0.51983,nan
286,13.2124,933.214,0.0146642,0.5,0.0833333,0.134228,1.03762,0.0211479,-0.00881717,1.21189,3.90184e-05,0.0123887,0.267996,14369.2,0.530208,0.324953,-0.1,0.02,274.791,3.51437e+06,0.715514,0.137356,0.790772,0.0546244,-0.183343,nan,0.1099,nan,nan,nan,nan,-0.0277243,-0.138562,-0.0286868,0.112714,-0.341963,0,-0.00390458,-0.536076,nan
287,12.6035,927.933,0.0152195,0.541667,0.0833333,0.133304,1.03233,0.025809,-0.00911646,1.20787,3.90184e-05,0.0122947,0.267893,14991.7,0.521617,0.298036,-0.1,0.02,275.612,3.52666e+06,0.701944,0.139283,0.779147,0.0505442,-0.185158,nan,0.103233,nan,nan,nan,nan,-0.0261632,-0.128042,-0.0268147,0.106,-0.34018,0,-0.00471807,-0.538902,nan
288,12.1103,910.7,0.0138257,0.333333,0.0833333,0.136486,1.05143,0.0214277,-0.00867302,1.20322,3.90184e-05,0.0132163,0.267805,15611.2,0.503656,0.28347,-0.1,0.02,276.4,3.53894e+06,0.689614,0.128473,0.764264,0.0474426,-0.179336,nan,0.0974,nan,nan,nan,nan,-0.0248646,-0.125271,-0.0257839,0.0999,-0.332691,0,-0.00459594,-0.529039,nan
289,11.103,907.615,0.0140063,0.416667,0.125,0.135614,1.06623,0.0240614,-0.00727666,1.19997,3.90184e-05,0.00754779,0.267747,18248.6,0.44026,0.233106,-0.1,0.02,277.075,3.55123e+06,0.62787,0.134775,0.757455,0.0490771,-0.179888,nan,0.106754,nan,nan,nan,nan,-0.0264113,-0.126676,-0.0262283,0.109231,-0.332531,-7.69231e-05,-0.00545524,-0.532746,nan
290,12.3841,1000,0.0142269,0.333333,0,0.134925,1.07078,0.0267445,-0.00833677,1.19705,3.90184e-05,0.00872452,0.267664,18158.7,0.440976,0.235723,-0.1,0.02,277.753,3.56352e+06,0.700101,0.143808,0.83249,0.0551558,-0.197257,nan,0.126438,nan,nan,nan,nan,-0.0304987,-0.149557,-0.0300043,0.123375,-0.365588,0,-0.00553609,-0.58372,nan
291,14.4081,953.5,0.0149155,0.708333,0.0416667,0.134276,1.07022,0.0196817,-0.00935128,1.1927,3.90184e-05,0.0111553,0.26756,14174.8,0.502835,0.364058,-0.1,0.02,278.621,3.57581e+06,0.779552,0.141611,0.80531,0.0540536,-0.189023,nan,0.113683,nan,nan,nan,nan,-0.0282341,-0.138798,-0.0285735,0.116389,-0.349639,0,-0.00473336,-0.551193,nan
292,14.3921,972.174,0.0148499,0.875,0.0833333,0.132513,1.07234,0.0210283,-0.0088228,1.18825,3.90184e-05,0.0104124,0.26748,13008.8,0.569406,0.375189,-0.1,0.02,279.567,3.5881e+06,0.768897,0.142384,0.819817,0.0539105,-0.192087,nan,0.11353,nan,nan,nan,nan,-0.0275265,-0.136329,-0.0275146,0.117522,-0.355375,0,-0.00698452,-0.550639,nan
293,12.6302,1000,0.0156225,0.708333,0,0.131095,1.05938,0.0210972,-0.00774467,1.18468,3.90184e-05,0.0148791,0.267389,12933.2,0.609293,0.340818,-0.1,0.02,280.519,3.60038e+06,0.694257,0.151824,0.841091,0.051716,-0.198341,nan,0.119476,nan,nan,nan,nan,-0.0279058,-0.137553,-0.0286559,0.119471,-0.367003,0,-0.00740488,-0.579461,nan
294,14.0224,926,0.0155983,0.416667,0.0416667,0.129192,1.05857,0.0194488,-0.00842437,1.18072,3.90184e-05,0.00789036,0.267308,11727.5,0.568894,0.478898,-0.1,0.02,281.568,3.61267e+06,0.746932,0.144443,0.784658,0.0517822,-0.182944,nan,0.107273,nan,nan,nan,nan,-0.0273893,-0.141123,-0.0285865,0.112545,-0.339716,0,-0.00348133,-0.523276,nan
295,11.0263,909,0.0149351,0.333333,0.0416667,0.131726,1.0597,0.0234316,-0.0088705,1.17748,3.90184e-05,0.00812582,0.267248,13887.4,0.602769,0.282062,-0.1,0.02,282.454,3.62496e+06,0.634245,0.124418,0.762253,0.050588,-0.177424,nan,0.1042,nan,nan,nan,nan,-0.0265318,-0.129412,-0.0271937,0.109111,-0.332642,0,-0.00720434,-0.533091,nan
296,14.7266,990.3,0.014684,0.375,0.0416667,0.135073,1.04603,0.0197821,-0.00807556,1.17454,3.90184e-05,0.0074342,0.267171,13977.9,0.531231,0.347874,-0.1,0.02,283.335,3.63725e+06,0.794914,0.147123,0.827129,0.058254,-0.196079,nan,0.12383,nan,nan,nan,nan,-0.0296488,-0.148045,-0.0292846,0.126,-0.363505,0,-0.00563523,-0.568721,nan
297,15.0111,1000,0.0146407,0.5,0,0.132756,1.05247,0.0208702,-0.00817131,1.17013,3.90184e-05,0.0132716,0.267052,14014.6,0.544635,0.332162,-0.1,0.02,284.213,3.64954e+06,0.797165,0.146306,0.845512,0.0547849,-0.196321,nan,0.122125,nan,nan,nan,nan,-0.0291357,-0.147213,-0.0297223,0.119417,-0.364773,-8.33333e-05,-0.00561281,-0.561892,nan
298,11.9375,870.714,0.0147219,0.458333,0.125,0.133993,1.05143,0.0241133,-0.00797387,1.16515,3.90184e-05,0.00957333,0.266965,13456.9,0.561585,0.351552,-0.1,0.02,285.127,3.66182e+06,0.652024,0.128276,0.723587,0.0465676,-0.171231,nan,0.109393,nan,nan,nan,nan,-0.0254581,-0.1245,-0.0247716,0.105071,-0.318041,0,-0.00656416,-0.497478,nan
299,13.6499,969.308,0.0143814,0.5,0.0416667,0.134367,1.07153,0.0269859,-0.00896131,1.16158,3.90184e-05,0.0137564,0.266892,15307.9,0.524983,0.277738,-0.1,0.02,285.931,3.67411e+06,0.736689,0.143923,0.817077,0.0537862,-0.189731,nan,0.115608,nan,nan,nan,nan,-0.0284747,-0.142994,-0.0296066,0.121231,-0.354031,0,-0.00587772,-0.555104,nan
300,13.7168,1000,0.0148976,0.708333,0,0.132103,1.06567,0.0271938,-0.00921981,1.15841,3.90184e-05,0.00931559,0.266827,15295,0.540039,0.263361,-0.1,0.02,286.736,3.6864e+06,0.752394,0.15185,0.835167,0.051612,-0.196613,nan,0.120735,nan,nan,nan,nan,-0.028476,-0.141817,-0.028012,0.117059,-0.365649,0,-0.00726781,-0.575143,nan
301,13.1402,878.235,0.0154953,0.583333,0.125,0.128884,1.0488,0.0221489,-0.00821687,1.15542,3.90184e-05,0.012593,0.266758,18130.8,0.442806,0.234935,-0.1,0.02,289.016,3.69869e+06,0.714207,0.127056,0.734451,0.0456223,-0.171771,nan,0.102541,nan,nan,nan,nan,-0.0250351,-0.124385,-0.0248221,0.103941,-0.320463,0,-0.00514477,-0.499188,nan
302,12.073,800.917,0.0158263,0.333333,0.166667,0.128307,1.0321,0.0256948,-0.00784679,1.15212,3.90184e-05,0.00971366,0.266687,17156.6,0.460402,0.255825,-0.1,0.02,289.733,3.71098e+06,0.664598,0.12201,0.667098,0.0440814,-0.156251,nan,0.0938167,nan,nan,nan,nan,-0.0235699,-0.114575,-0.0238331,0.0945833,-0.293193,0,-0.0045267,-0.46659,nan
303,13.147,1000,0.0149355,0.458333,0,0.131641,1.056,0.0255834,-0.0084857,1.14892,3.90184e-05,0.0096834,0.266624,17730.6,0.461611,0.231429,-0.1,0.02,290.427,3.72326e+06,0.691836,0.162231,0.829243,0.0507741,-0.195955,nan,0.123991,nan,nan,nan,nan,-0.0288535,-0.14314,-0.02886,0.129909,-0.365008,0,-0.00808082,-0.560737,nan
304,14.5309,999.8,0.0154952,0.375,0.0416667,0.129456,1.05551,0.0213073,-0.00932624,1.14633,3.90184e-05,0.0116944,0.266576,18105.4,0.443274,0.235418,-0.1,0.02,291.107,3.73555e+06,0.786341,0.152727,0.838426,0.0530651,-0.196257,nan,0.12049,nan,nan,nan,nan,-0.0297497,-0.154161,-0.029683,0.1281,-0.366121,0,-0.00531372,-0.571321,nan
305,14.6875,994.933,0.0156687,0.583333,0.0416667,0.129854,1.03946,0.0217089,-0.00788032,1.14375,3.90184e-05,0.0104728,0.266509,18045.3,0.441176,0.239778,-0.1,0.02,291.79,3.74784e+06,0.786355,0.145938,0.83751,0.0529617,-0.194771,nan,0.12092,nan,nan,nan,nan,-0.0279883,-0.139205,-0.0283553,0.1196,-0.363711,0,-0.00566502,-0.569212,nan
306,14.5438,965.714,0.0157893,0.458333,0.125,0.127104,1.02367,0.0242582,-0.00833617,1.14046,3.90184e-05,0.0140005,0.266431,13249.9,0.556385,0.371019,-0.1,0.02,292.718,3.76013e+06,0.773627,0.13416,0.811189,0.0489357,-0.187966,nan,0.115329,nan,nan,nan,nan,-0.0273071,-0.136794,-0.0267623,0.116857,-0.351523,-7.14286e-05,-0.00596338,-0.536521,nan
307,13.3045,944.4,0.014772,0.583333,0.0416667,0.131207,1.05421,0.0224245,-0.00907066,1.13659,3.90184e-05,0.00845075,0.266341,13890.6,0.555075,0.329552,-0.1,0.02,293.605,3.77242e+06,0.706168,0.137206,0.791739,0.0493864,-0.183254,nan,0.113333,nan,nan,nan,nan,-0.0271513,-0.137452,-0.027503,0.119667,-0.343805,0,-0.00734916,-0.525762,nan
308,12.8364,936.214,0.0146303,0.5,0.0833333,0.131843,1.05413,0.0180649,-0.00848426,1.13257,3.90184e-05,0.0119018,0.266258,14731.4,0.513931,0.320207,-0.1,0.02,294.44,3.7847e+06,0.69456,0.136471,0.782554,0.0478502,-0.182895,nan,0.1131,nan,nan,nan,nan,-0.0269513,-0.133397,-0.0268252,0.113786,-0.341289,0,-0.0075058,-0.52764,nan
309,13.5908,973.733,0.0152842,0.583333,0.0416667,0.127452,1.05275,0.0243343,-0.00824844,1.12925,3.90184e-05,0.015999,0.2662,14236.5,0.506108,0.357026,-0.1,0.02,295.305,3.79699e+06,0.740327,0.141962,0.815003,0.0497238,-0.190267,nan,0.118613,nan,nan,nan,nan,-0.0283466,-0.14121,-0.0279564,0.114933,-0.354879,0,-0.0081212,-0.550244,nan
310,14.1822,900.714,0.0152694,0.25,0.0416667,0.129115,1.06153,0.0202637,-0.00759856,1.1262,3.90184e-05,0.0080285,0.266111,14558,0.520736,0.323337,-0.1,0.02,296.15,3.80928e+06,0.746134,0.128364,0.759141,0.0474408,-0.175542,nan,0.1147,nan,nan,nan,nan,-0.0270036,-0.130491,-0.0274957,0.113,-0.330113,0,-0.00490498,-0.504118,nan
311,13.725,958.538,0.0151915,0.5,0.0416667,0.129303,1.04919,0.0201742,-0.00822933,1.12194,3.90184e-05,0.00676454,0.266027,14684.1,0.516205,0.320617,-0.1,0.02,296.989,3.82157e+06,0.745233,0.133607,0.80425,0.0482579,-0.186476,nan,0.117446,nan,nan,nan,nan,-0.0274579,-0.132462,-0.0266924,0.117692,-0.349238,0,-0.00845206,-0.549458,nan
312,14.4062,1000,0.0146889,0.416667,0,0.132486,1.04606,0.029198,-0.00812972,1.11835,3.90184e-05,0.00885367,0.265955,14249.7,0.532103,0.330232,-0.1,0.02,297.852,3.83386e+06,0.75671,0.148004,0.842048,0.0520128,-0.196024,nan,0.12588,nan,nan,nan,nan,-0.0293225,-0.143859,-0.0286308,0.1328,-0.364745,0,-0.00738249,-0.567181,nan
313,15.2705,982.167,0.014223,0.458333,0.0416667,0.135732,1.05987,0.0243029,-0.00727395,1.11535,3.90184e-05,0.00795359,0.265897,16037.5,0.492846,0.27336,-0.1,0.02,298.62,3.84614e+06,0.827977,0.13973,0.822493,0.0522913,-0.190771,nan,0.123933,nan,nan,nan,nan,-0.0297155,-0.146521,-0.0293919,0.118917,-0.359369,0,-0.00569182,-0.560359,nan
314,15.0017,965.727,0.0144717,0.416667,0.0416667,0.135669,1.05001,0.0218328,-0.00917268,1.1126,3.90184e-05,0.0116905,0.265833,17400.2,0.457498,0.2487,-0.1,0.02,299.327,3.85843e+06,0.793834,0.150212,0.808991,0.0475865,-0.187431,nan,0.113536,nan,nan,nan,nan,-0.0271055,-0.136686,-0.0284111,0.119273,-0.352426,0,-0.00543883,-0.54585,nan
315,16.6391,1000,0.0147783,0.541667,0,0.134731,1.0313,0.0221502,-0.00880429,1.10966,3.90184e-05,0.00990669,0.265769,17125.5,0.449739,0.267788,-0.1,0.02,300.046,3.87072e+06,0.858105,0.152967,0.840274,0.0520497,-0.193617,nan,0.120638,nan,nan,nan,nan,-0.0283654,-0.143003,-0.0285281,0.125846,-0.363401,0,-0.00610282,-0.554907,nan
316,14.2754,992.833,0.0140754,0.458333,0.0416667,0.136729,1.04319,0.0221627,-0.00842288,1.10696,3.90184e-05,0.0120919,0.265714,16967.6,0.466488,0.257716,-0.1,0.02,300.771,3.88301e+06,0.741521,0.159287,0.826267,0.0471409,-0.193174,nan,0.117825,nan,nan,nan,nan,-0.0269589,-0.131608,-0.0269049,0.119083,-0.36206,0,-0.00739354,-0.549256,nan
317,15.2925,976.667,0.0145702,0.458333,0.0416667,0.136806,1.05278,0.0195819,-0.00915853,1.10425,3.90184e-05,0.0124652,0.265649,14601.6,0.539925,0.301626,-0.1,0.02,301.614,3.8953e+06,0.780953,0.151524,0.816685,0.0498258,-0.188333,nan,0.1152,nan,nan,nan,nan,-0.0272325,-0.131888,-0.0270489,0.120333,-0.355951,0,-0.00585705,-0.533586,nan
318,15.5621,963.692,0.0142319,0.458333,0.0833333,0.133333,1.04945,0.0197744,-0.00855269,1.10114,3.90184e-05,0.00913002,0.265574,13666.2,0.503736,0.395415,-0.1,0.02,302.515,3.90758e+06,0.801767,0.147576,0.806042,0.0481924,-0.187004,nan,0.120638,nan,nan,nan,nan,-0.0277019,-0.131493,-0.026534,0.120615,-0.350878,0,-0.00717689,-0.535937,nan
319,13.5998,914.273,0.0147225,0.416667,0.0416667,0.131988,1.05044,0.0248701,-0.00824232,1.09712,3.90184e-05,0.0128649,0.26547,11448.3,0.595808,0.477539,-0.1,0.02,303.59,3.91987e+06,0.736385,0.131044,0.764744,0.0467453,-0.176423,nan,0.113491,nan,nan,nan,nan,-0.027142,-0.132523,-0.0267361,0.117455,-0.333016,0,-0.00623548,-0.527801,nan
320,15.3793,1000,0.0143745,0.541667,0,0.1334,1.07484,0.0154324,-0.00836537,1.09193,3.90184e-05,0.00929213,0.265344,12613.9,0.573944,0.400223,-0.1,0.02,304.566,3.93216e+06,0.815187,0.158933,0.831531,0.0494748,-0.192262,nan,0.124231,nan,nan,nan,nan,-0.0291993,-0.144386,-0.0286239,0.122462,-0.363562,0,-0.00657881,-0.56824,nan
321,14.129,909,0.0154259,0.333333,0.0416667,0.132935,1.05242,0.0229053,-0.00791767,1.08701,3.90184e-05,0.0110773,0.265274,13046.6,0.575219,0.366634,-0.1,0.02,305.509,3.94445e+06,0.75309,0.132954,0.758531,0.0440418,-0.176105,nan,0.111011,nan,nan,nan,nan,-0.0249612,-0.123918,-0.0243638,0.108,-0.330321,0,-0.0076833,-0.513826,nan
322,15.6137,1000,0.0154171,0.708333,0,0.131864,1.05867,0.0237757,-0.00763948,1.08437,3.90184e-05,0.00854793,0.265211,14490.7,0.539707,0.308286,-0.1,0.02,306.359,3.95674e+06,0.818363,0.150756,0.836411,0.0488909,-0.193675,nan,0.120171,nan,nan,nan,nan,-0.0283374,-0.141996,-0.0289998,0.128,-0.363849,0,-0.00646555,-0.558584,nan
323,12.5762,1000,0.0146791,0.25,0,0.132031,1.08176,0.0153602,-0.0086891,1.08127,3.90184e-05,0.0125922,0.265147,15553.2,0.496693,0.293371,-0.1,0.02,307.15,3.96902e+06,0.665091,0.150017,0.828472,0.0491343,-0.193854,nan,0.13155,nan,nan,nan,nan,-0.0286294,-0.136378,-0.0276954,0.128,-0.363519,0,-0.0109625,-0.562418,nan
324,13.9269,990.556,0.0158521,0.333333,0.0416667,0.130153,1.06214,0.0208149,-0.00819511,1.0784,3.90184e-05,0.0146337,0.265082,10267.5,0.678139,0.518644,-0.1,0.02,308.348,3.98131e+06,0.764431,0.15436,0.819329,0.0478441,-0.192289,nan,0.124,nan,nan,nan,nan,-0.0291729,-0.149559,-0.0296665,0.128889,-0.361945,0,-0.00735849,-0.572516,nan
325,13.4118,966.2,0.0154235,0.583333,0.0416667,0.132287,1.03382,0.0234592,-0.0079982,1.07529,3.90184e-05,0.00985821,0.265007,12040.2,0.649596,0.370988,-0.1,0.02,309.371,3.9936e+06,0.711129,0.140305,0.799053,0.0484513,-0.186638,nan,0.128333,nan,nan,nan,nan,-0.0286608,-0.137324,-0.027412,0.131067,-0.350829,0,-0.0104466,-0.546437,nan
326,14.017,982.462,0.0158293,0.416667,0.125,0.130871,1.02531,0.0251556,-0.00856179,1.07186,3.90184e-05,0.0113494,0.264934,14003.1,0.543607,0.333916,-0.1,0.02,310.25,4.00589e+06,0.766623,0.139815,0.814803,0.0500353,-0.188314,nan,0.120915,nan,nan,nan,nan,-0.0291865,-0.147676,-0.0293964,0.130538,-0.356705,0,-0.00614376,-0.564458,nan
327,12.8555,982.143,0.0161481,0.5,0.0833333,0.127924,1.03562,0.0197646,-0.00761499,1.06835,3.90184e-05,0.0123839,0.26485,15454.4,0.486827,0.308286,-0.1,0.02,311.046,4.01818e+06,0.687143,0.15228,0.815022,0.047994,-0.18756,nan,0.117679,nan,nan,nan,nan,-0.0284951,-0.1366,-0.0271795,0.121286,-0.356752,-7.14286e-05,-0.00879624,-0.553174,nan
328,13.8231,903.059,0.016474,0.625,0.0833333,0.127242,1.02465,0.0209576,-0.00886256,1.06455,3.90184e-05,0.00869695,0.264777,17041.6,0.470457,0.250602,-0.1,0.02,311.769,4.03046e+06,0.724561,0.138139,0.74961,0.043933,-0.172791,nan,0.113029,nan,nan,nan,nan,-0.0262498,-0.128179,-0.0252005,0.113824,-0.328069,0,-0.00658196,-0.504871,nan
329,11.9088,852,0.0158993,0.416667,0.125,0.129616,1.0487,0.0246359,-0.00861544,1.06107,3.90184e-05,0.00714611,0.264697,14391.6,0.489415,0.364414,-0.1,0.02,312.623,4.04275e+06,0.639711,0.128223,0.706295,0.0407995,-0.163593,nan,0.105092,nan,nan,nan,nan,-0.0254593,-0.128025,-0.0254026,0.112923,-0.310706,0,-0.00584569,-0.478574,nan
330,12.1814,843.3,0.0156007,0.333333,0.0833333,0.132501,1.05751,0.0215311,-0.00754841,1.05741,3.90184e-05,0.0147377,0.264628,13491.2,0.571382,0.339432,-0.1,0.02,313.536,4.05504e+06,0.648289,0.12394,0.702611,0.039127,-0.161082,nan,0.10532,nan,nan,nan,nan,-0.0238251,-0.115847,-0.0230939,0.1077,-0.304728,0,-0.00831026,-0.481034,nan
331,13.7328,914,0.0158154,0.375,0.0833333,0.130678,1.03949,0.0261657,-0.00851176,1.05429,3.90184e-05,0.00652672,0.264557,9702.69,0.622806,0.643647,-0.1,0.02,314.803,4.06733e+06,0.705164,0.145675,0.760244,0.0442733,-0.174311,nan,0.110645,nan,nan,nan,nan,-0.0255956,-0.125147,-0.0254323,0.118364,-0.331582,0,-0.00712698,-0.50853,nan
332,15.4996,971.286,0.0165826,0.541667,0.0416667,0.130669,1.02134,0.0332545,-0.00811488,1.05119,3.90184e-05,0.0091765,0.264501,13085.8,0.636815,0.302221,-0.1,0.02,315.744,4.07962e+06,0.806907,0.154131,0.812069,0.0453134,-0.185097,nan,0.114207,nan,nan,nan,nan,-0.0275485,-0.136219,-0.0276884,0.120643,-0.352709,0,-0.00538416,-0.543642,nan
333,12.6581,794.6,0.0161036,0.625,0.208333,0.130518,1.04242,0.0187883,-0.00824298,1.04826,3.90184e-05,0.0169116,0.264415,15356.5,0.502888,0.297295,-0.1,0.02,316.546,4.0919e+06,0.668004,0.117775,0.661772,0.038183,-0.152703,nan,0.09743,nan,nan,nan,nan,-0.023463,-0.114232,-0.0232673,0.10515,-0.289486,0,-0.00523596,-0.447021,nan
334,14.4153,973.053,0.0170912,0.75,0.0416667,0.125575,1.02664,0.0251036,-0.00709482,1.04381,3.90184e-05,0.00868326,0.264318,16783,0.485545,0.246625,-0.1,0.02,317.28,4.10419e+06,0.745544,0.149586,0.806952,0.0461669,-0.185726,nan,0.123584,nan,nan,nan,nan,-0.0276669,-0.136468,-0.0264989,0.121316,-0.352054,0,-0.00815934,-0.535812,nan
335,14.1229,907.353,0.016691,0.583333,0.125,0.128874,1.02732,0.0226829,-0.00815091,1.04008,3.90184e-05,0.014755,0.264256,13086.7,0.562609,0.376361,-0.1,0.02,318.22,4.11648e+06,0.718315,0.143263,0.758856,0.0453332,-0.173154,nan,0.117747,nan,nan,nan,nan,-0.026714,-0.128556,-0.0260138,0.121647,-0.328628,0,-0.00732807,-0.508622,nan
336,16.1401,969.636,0.0159845,0.416667,0.0416667,0.129574,1.03516,0.0222084,-0.00878101,1.03752,3.90184e-05,0.0104377,0.264202,11358.9,0.673347,0.408444,-0.1,0.02,319.303,4.12877e+06,0.819831,0.145367,0.811064,0.0437385,-0.184228,nan,0.121436,nan,nan,nan,nan,-0.0261893,-0.126784,-0.0255669,0.124545,-0.350889,0,-0.0092588,-0.53606,nan
337,13.4859,869.583,0.016177,0.416667,0.0833333,0.1295,1.04606,0.0229063,-0.00833964,1.03518,3.90184e-05,0.0090525,0.264162,11459.7,0.668649,0.403631,-0.1,0.02,320.377,4.14106e+06,0.70712,0.129489,0.723919,0.0408126,-0.167222,nan,0.107683,nan,nan,nan,nan,-0.0247567,-0.117799,-0.0233683,0.107,-0.31643,-8.33333e-05,-0.00801449,-0.484054,nan
338,14.2478,1000,0.0163854,0.416667,0,0.129835,1.03348,0.0182027,-0.00932989,1.03337,3.90184e-05,0.0104784,0.264118,12315.6,0.662172,0.335584,-0.1,0.02,321.376,4.15334e+06,0.763502,0.152315,0.831203,0.0474011,-0.190995,nan,0.12314,nan,nan,nan,nan,-0.0284991,-0.14411,-0.0273717,0.1263,-0.363006,0,-0.00893218,-0.568555,nan
339,13.5584,942.182,0.0164922,0.416667,0.0416667,0.129632,1.01837,0.0201004,-0.00859116,1.03102,3.90184e-05,0.0119527,0.264058,11821.2,0.629783,0.409706,-0.1,0.02,322.417,4.16563e+06,0.699599,0.140351,0.782069,0.044691,-0.177458,nan,0.125309,nan,nan,nan,nan,-0.0277793,-0.131264,-0.0259789,0.126273,-0.339164,0,-0.0100633,-0.528666,nan
340,15.9702,968.056,0.0163348,0.708333,0.0416667,0.131208,1.02975,0.0225738,-0.00809894,1.02748,3.90184e-05,0.0101298,0.263966,12720,0.612838,0.353197,-0.1,0.02,323.385,4.17792e+06,0.808739,0.152402,0.809811,0.045906,-0.18475,nan,0.123733,nan,nan,nan,nan,-0.0282003,-0.136015,-0.0271153,0.126278,-0.35039,0,-0.00786457,-0.534023,nan
341,14.3067,945.154,0.0162837,0.5,0.0416667,0.13028,1.0215,0.0199054,-0.00786209,1.02313,3.90184e-05,0.0130964,0.263871,12295,0.640251,0.359181,-0.1,0.02,324.386,4.19021e+06,0.741371,0.138486,0.784587,0.0427803,-0.179945,nan,0.120308,nan,nan,nan,nan,-0.0272436,-0.131643,-0.025415,0.123615,-0.34161,0,-0.010497,-0.519457,nan
342,15.0965,965.611,0.0166126,0.708333,0.0416667,0.126689,1.04743,0.0192485,-0.00846157,1.01949,3.90184e-05,0.0114804,0.263823,12495.1,0.612627,0.370798,-0.1,0.02,325.371,4.2025e+06,0.779043,0.140496,0.81303,0.0462514,-0.184475,nan,0.119,nan,nan,nan,nan,-0.0276543,-0.136109,-0.0272559,0.124667,-0.349995,0,-0.00687506,-0.5353,nan
343,14.5301,1000,0.0165946,0.458333,0,0.129404,1.05148,0.0212342,-0.00878655,1.01738,3.90184e-05,0.00673336,0.263768,14162.5,0.592337,0.275309,-0.1,0.02,326.24,4.21478e+06,0.73644,0.161836,0.839516,0.0453039,-0.1902,nan,0.121791,nan,nan,nan,nan,-0.0277938,-0.133797,-0.0271782,0.127545,-0.361491,0,-0.00962143,-0.555849,nan
344,16.1083,928.588,0.0162622,0.625,0.0833333,0.130554,1.0675,0.021477,-0.00910149,1.01441,3.90184e-05,0.0104138,0.263705,14475.3,0.526985,0.321909,-0.1,0.02,327.09,4.22707e+06,0.803939,0.152649,0.779081,0.0444761,-0.177383,nan,0.1226,nan,nan,nan,nan,-0.0278326,-0.130845,-0.0263349,0.125412,-0.336319,0,-0.00707164,-0.516956,nan
345,17.0037,1000,0.0160732,0.5,0,0.130307,1.05331,0.0191151,-0.00778867,1.01135,3.90184e-05,0.0130843,0.263635,13400,0.542082,0.374932,-0.1,0.02,328.009,4.23936e+06,0.845205,0.172379,0.840456,0.0465423,-0.191069,nan,0.129283,nan,nan,nan,nan,-0.0292928,-0.14349,-0.0278249,0.133583,-0.363535,0,-0.00689833,-0.555156,nan
346,12.4808,886.4,0.0158737,0.291667,0.125,0.131191,1.05339,0.023309,-0.00791499,1.00831,3.90184e-05,0.0068697,0.263575,12157.9,0.608134,0.402563,-0.1,0.02,329.021,4.25165e+06,0.650634,0.136157,0.740124,0.0395258,-0.168697,nan,0.11249,nan,nan,nan,nan,-0.0251868,-0.121904,-0.023605,0.1154,-0.321429,0,-0.00867545,-0.500791,nan
347,15.0805,1000,0.0163127,0.708333,0,0.130989,1.04707,0.0229506,-0.00774204,1.00582,3.90184e-05,0.00956782,0.263528,12337.4,0.627866,0.368127,-0.1,0.02,330.019,4.26394e+06,0.770142,0.152754,0.839662,0.0455234,-0.187852,nan,0.127547,nan,nan,nan,nan,-0.0282787,-0.136884,-0.0266659,0.125647,-0.361389,0,-0.00856565,-0.557616,nan
348,13.3701,954.5,0.01659,0.375,0.0416667,0.131746,1.02701,0.0226525,-0.00713986,1.00338,3.90184e-05,0.00904436,0.263463,14134.4,0.551511,0.317857,-0.1,0.02,330.89,4.27622e+06,0.686818,0.132572,0.791372,0.0426107,-0.18009,nan,0.1322,nan,nan,nan,nan,-0.0286312,-0.1344,-0.0261112,0.1346,-0.343821,0,-0.0108971,-0.527716,nan
349,14.86,1000,0.0156135,0.708333,0,0.135049,1.04183,0.0228634,-0.00805055,0.999867,3.90184e-05,0.0148894,0.263384,14665.9,0.508186,0.329675,-0.1,0.02,331.729,4.28851e+06,0.765297,0.153454,0.840708,0.0453098,-0.190532,nan,0.126888,nan,nan,nan,nan,-0.0281715,-0.137837,-0.0267105,0.129294,-0.360915,0,-0.00911033,-0.564676,nan
350,17.2256,1000,0.016424,0.541667,0,0.129739,1.0339,0.0205342,-0.00873536,0.996664,3.90184e-05,0.00804569,0.263332,13204.1,0.579425,0.351192,-0.1,0.02,332.661,4.3008e+06,0.844177,0.163158,0.842232,0.0451453,-0.18775,nan,0.125077,nan,nan,nan,nan,-0.0281553,-0.134766,-0.0271399,0.136692,-0.359997,0,-0.00779717,-0.549597,nan
351,12.855,892.625,0.0165182,0.541667,0.125,0.128447,1.03394,0.0207773,-0.00933244,0.993776,3.90184e-05,0.00942222,0.263247,12220.7,0.615439,0.390072,-0.1,0.02,333.668,4.31309e+06,0.667239,0.13467,0.744034,0.0412411,-0.168576,nan,0.117844,nan,nan,nan,nan,-0.0263955,-0.125282,-0.0246918,0.121625,-0.322516,0,-0.00904407,-0.507399,nan
352,14.6877,915.143,0.0163901,0.25,0.0416667,0.129679,1.05069,0.020268,-0.00817812,0.989179,3.90184e-05,0.012115,0.263141,12711.7,0.57987,0.386802,-0.1,0.02,334.637,4.32538e+06,0.732941,0.143437,0.766308,0.0427367,-0.173355,nan,0.1286,nan,nan,nan,nan,-0.0264465,-0.124405,-0.0250666,0.125,-0.330501,0,-0.00926449,-0.515598,nan
353,15.8739,953.938,0.0166518,0.625,0.0416667,0.130192,1.04862,0.0206395,-0.008421,0.984839,3.90184e-05,0.00902047,0.263059,13956.2,0.59727,0.2832,-0.1,0.02,335.519,4.33766e+06,0.798873,0.143846,0.80112,0.0445383,-0.179994,nan,0.123888,nan,nan,nan,nan,-0.027549,-0.131083,-0.0259936,0.12775,-0.34342,-6.25e-05,-0.00910582,-0.529113,nan
354,12.6022,774.538,0.01729,0.375,0.166667,0.126718,1.02886,0.0239721,-0.00822899,0.981072,3.90184e-05,0.00705156,0.262967,13126.4,0.594944,0.341183,-0.1,0.02,336.457,4.34995e+06,0.628411,0.125542,0.65237,0.0340428,-0.14533,nan,0.0969923,nan,nan,nan,nan,-0.0220701,-0.106617,-0.0211013,0.0997692,-0.28036,0,-0.00621553,-0.425321,nan
355,16.5696,954.727,0.0169507,0.416667,0.0416667,0.127838,1.01003,0.0234611,-0.00834853,0.976582,3.90184e-05,0.0167267,0.262877,13884.9,0.572779,0.312212,-0.1,0.02,337.343,4.36224e+06,0.804847,0.151912,0.807671,0.0465034,-0.179608,nan,0.130745,nan,nan,nan,nan,-0.0286124,-0.131368,-0.0260805,0.129909,-0.34431,0,-0.00969323,-0.523434,nan
356,13.9604,906.5,0.0172703,0.333333,0.0833333,0.12791,1.01825,0.0229995,-0.00810781,0.973142,3.90184e-05,0.0132362,0.262822,12297.1,0.626286,0.372976,-0.1,0.02,338.344,4.37453e+06,0.690655,0.146528,0.762309,0.0403007,-0.17055,nan,0.12292,nan,nan,nan,nan,-0.0273159,-0.127346,-0.0247263,0.1235,-0.327466,0,-0.00811426,-0.502672,nan
357,14.1321,878.938,0.0167243,0.541667,0.125,0.129173,1.02477,0.0275769,-0.00925867,0.970337,3.90184e-05,0.0101126,0.262745,13047,0.614856,0.326967,-0.1,0.02,339.287,4.38682e+06,0.69722,0.143099,0.737237,0.0392359,-0.164435,nan,0.113319,nan,nan,nan,nan,-0.0253659,-0.118445,-0.0239228,0.116938,-0.316301,0,-0.00671759,-0.485258,nan
358,17.4372,1000,0.016884,0.333333,0,0.126612,1.03806,0.0220004,-0.00803475,0.966684,3.90184e-05,0.00921474,0.262675,14378.4,0.544823,0.309795,-0.1,0.02,340.143,4.3991e+06,0.871512,0.149062,0.84112,0.0454381,-0.187324,nan,0.126075,nan,nan,nan,nan,-0.0275796,-0.133859,-0.0268818,0.13275,-0.359364,0,-0.00790416,-0.551183,nan
359,13.9703,825.733,0.016784,0.5,0.125,0.129974,1.02862,0.0253121,-0.00777631,0.963497,3.90184e-05,0.00901315,0.262611,12889.8,0.602894,0.350417,-0.1,0.02,341.098,4.41139e+06,0.695819,0.123945,0.696673,0.0375309,-0.154041,nan,0.10886,nan,nan,nan,nan,-0.0242527,-0.115487,-0.022952,0.111333,-0.298303,0,-0.00583623,-0.454776,nan
360,15.2139,939.769,0.0161464,0.5,0.0416667,0.130438,1.04141,0.0182794,-0.00752809,0.960041,3.90184e-05,0.0117652,0.262525,12785.3,0.642174,0.318931,-0.1,0.02,342.06,4.42368e+06,0.79012,0.128134,0.785588,0.0401929,-0.177597,nan,0.127362,nan,nan,nan,nan,-0.0265137,-0.121916,-0.0241002,0.117,-0.33823,0,-0.00958618,-0.529757,nan
361,15.8239,1000,0.017091,0.5,0,0.12799,1.05252,0.0231294,-0.00820937,0.956062,3.90184e-05,0.0100168,0.262449,13529.1,0.573367,0.334896,-0.1,0.02,342.97,4.43597e+06,0.771464,0.156394,0.843831,0.046481,-0.18797,nan,0.134842,nan,nan,nan,nan,-0.0291462,-0.137457,-0.0274967,0.142167,-0.360647,0,-0.00933595,-0.551933,nan
362,17.0108,985.417,0.0170028,0.458333,0.0416667,0.129418,1.04435,0.0218858,-0.00822784,0.952629,3.90184e-05,0.00986543,0.262375,14793.8,0.557781,0.272838,-0.1,0.02,343.802,4.44826e+06,0.841715,0.158395,0.831399,0.0415778,-0.183202,nan,0.124158,nan,nan,nan,nan,-0.0269276,-0.130479,-0.0253231,0.121833,-0.354151,0,-0.00721797,-0.54124,nan
363,11.9454,839.833,0.0167015,0.375,0.125,0.127199,1.0728,0.0184094,-0.00877852,0.94923,3.90184e-05,0.00799371,0.262304,12075.7,0.573104,0.444478,-0.1,0.02,344.821,4.46054e+06,0.589688,0.131822,0.70432,0.0340638,-0.157003,nan,0.111817,nan,nan,nan,nan,-0.023165,-0.104816,-0.0214405,0.107083,-0.301263,0,-0.00993771,-0.463901,nan
364,15.9047,1000,0.0164214,0.5,0,0.132025,1.05729,0.0224326,-0.00780327,0.945844,3.90184e-05,0.0122961,0.262233,13014.9,0.605918,0.338234,-0.1,0.02,345.766,4.47283e+06,0.783672,0.14771,0.842885,0.0451316,-0.18631,nan,0.135875,nan,nan,nan,nan,-0.0285758,-0.131588,-0.0257881,0.133167,-0.360476,0,-0.0101329,-0.550333,nan
365,14.5628,957.556,0.0168791,0.333333,0.0416667,0.130836,1.05036,0.0219717,-0.00741474,0.942302,3.90184e-05,0.010337,0.262148,11836,0.622063,0.416124,-0.1,0.02,346.806,4.48512e+06,0.735888,0.149139,0.804563,0.0404855,-0.178822,nan,0.124933,nan,nan,nan,nan,-0.0273767,-0.130417,-0.0258728,0.125667,-0.343723,0,-0.0108088,-0.535517,nan
366,17.6504,1000,0.0173041,0.416667,0,0.131265,1.03661,0.0221872,-0.00806601,0.938289,3.90184e-05,0.00844967,0.262065,12500.3,0.637415,0.345601,-0.1,0.02,347.79,4.49741e+06,0.830447,0.163762,0.848259,0.0456387,-0.186697,nan,0.13895,nan,nan,nan,nan,-0.0291723,-0.13539,-0.0267099,0.1413,-0.361053,0,-0.00773428,-0.53908,nan
367,17.9831,1000,0.0166877,0.416667,0,0.132676,1.04496,0.0213734,-0.00861108,0.934482,3.90184e-05,0.00833732,0.261977,14487.8,0.55759,0.290571,-0.1,0.02,348.64,4.5097e+06,0.864067,0.155655,0.853699,0.0476215,-0.186527,nan,0.13607,nan,nan,nan,nan,-0.0294768,-0.136938,-0.0270635,0.1376,-0.361311,0,-0.00838687,-0.545853,nan
368,14.3666,974.5,0.0168287,0.375,0.0416667,0.131136,1.04267,0.0182659,-0.00878102,0.930311,3.90184e-05,0.00680877,0.261893,14777.2,0.50496,0.326592,-0.1,0.02,349.473,4.52198e+06,0.688318,0.153994,0.818922,0.0423858,-0.181227,nan,0.1399,nan,nan,nan,nan,-0.0284066,-0.130989,-0.0254211,0.1333,-0.350222,0,-0.0119264,-0.530299,nan
369,15.001,921.25,0.017092,0.458333,0.0416667,0.130718,1.04963,0.023911,-0.00828555,0.926708,3.90184e-05,0.0122265,0.261818,13050.4,0.596569,0.345011,-0.1,0.02,350.415,4.53427e+06,0.721215,0.151578,0.777543,0.0390874,-0.173115,nan,0.125967,nan,nan,nan,nan,-0.0258304,-0.115972,-0.0233951,0.114917,-0.330427,0,-0.00930877,-0.502207,nan
370,13.9632,894.2,0.0168231,0.666667,0.166667,0.130045,1.04792,0.0288824,-0.00785292,0.923509,3.90184e-05,0.0066037,0.261756,12784,0.59225,0.368954,-0.1,0.02,351.378,4.54656e+06,0.691474,0.13801,0.754059,0.0391279,-0.16736,nan,0.123305,nan,nan,nan,nan,-0.0268218,-0.126467,-0.0247318,0.12165,-0.323236,0,-0.00694087,-0.493909,nan
371,16.0303,946.429,0.0163045,0.208333,0.0833333,0.132958,1.05032,0.0255091,-0.00735743,0.920485,3.90184e-05,0.0117834,0.261687,12342.1,0.635979,0.359637,-0.1,0.02,352.375,4.55885e+06,0.76292,0.135856,0.811709,0.0419646,-0.176537,nan,0.123914,nan,nan,nan,nan,-0.0268287,-0.121949,-0.0238884,0.119857,-0.339742,0,-0.00923702,-0.496522,nan
372,14.2593,921.375,0.0161408,0.583333,0.0833333,0.129671,1.05443,0.0225175,-0.00857879,0.916778,3.90184e-05,0.00796278,0.261597,14992.8,0.509882,0.309709,-0.1,0.02,353.196,4.57114e+06,0.711883,0.14249,0.769527,0.0417045,-0.171463,nan,0.132638,nan,nan,nan,nan,-0.0276712,-0.128529,-0.0248148,0.126313,-0.330976,0,-0.010156,-0.517978,nan
373,13.8202,878.182,0.0165642,0.333333,0.125,0.129933,1.04916,0.027307,-0.00887829,0.913002,3.90184e-05,0.0136131,0.261531,12420.8,0.589543,0.399763,-0.1,0.02,354.187,4.58342e+06,0.670523,0.139828,0.736892,0.0388958,-0.162498,nan,0.128927,nan,nan,nan,nan,-0.0266712,-0.125657,-0.0242517,0.123,-0.316974,0,-0.00667923,-0.484324,nan
374,16.513,967.737,0.016158,0.708333,0.0833333,0.130389,1.05738,0.0227478,-0.00816655,0.910604,3.90184e-05,0.00977059,0.261497,11347.9,0.665019,0.417824,-0.1,0.02,355.272,4.59571e+06,0.80376,0.151754,0.812937,0.0431959,-0.179997,nan,0.133189,nan,nan,nan,nan,-0.0284251,-0.130223,-0.0257342,0.134368,-0.348716,0,-0.00788919,-0.532571,nan
375,18.5304,1000,0.0159772,0.833333,0,0.132389,1.05745,0.016541,-0.0089974,0.909051,3.90184e-05,0.010735,0.261466,13105.5,0.6115,0.326124,-0.1,0.02,356.211,4.608e+06,0.894177,0.161058,0.849283,0.0437778,-0.18594,nan,0.13099,nan,nan,nan,nan,-0.0282855,-0.135614,-0.0259963,0.1313,-0.360633,0,-0.00603698,-0.541558,nan
376,14.3747,957.118,0.0167851,0.666667,0.0416667,0.131732,1.03756,0.0231273,-0.00851884,0.90705,3.90184e-05,0.0103293,0.261408,15000.2,0.530999,0.288192,-0.1,0.02,357.032,4.62029e+06,0.710256,0.142458,0.802063,0.0427542,-0.177414,nan,0.136112,nan,nan,nan,nan,-0.0287243,-0.13072,-0.0252756,0.134941,-0.344672,0,-0.0110843,-0.531962,nan
377,14.774,910.077,0.0168431,0.458333,0.0833333,0.131421,1.04951,0.0201271,-0.00910274,0.903654,3.90184e-05,0.00758073,0.261318,12804.5,0.569485,0.390178,-0.1,0.02,357.993,4.63258e+06,0.726547,0.13761,0.771886,0.0422787,-0.169544,nan,0.126562,nan,nan,nan,nan,-0.0275577,-0.125655,-0.0245779,0.126154,-0.327437,0,-0.00893346,-0.508633,nan
378,15.4348,919,0.0164277,0.541667,0.0833333,0.132133,1.03691,0.025506,-0.00893835,0.899839,3.90184e-05,0.0090474,0.261259,11805.7,0.672097,0.368753,-0.1,0.02,359.035,4.64486e+06,0.72254,0.156493,0.774057,0.0401098,-0.170398,nan,0.13376,nan,nan,nan,nan,-0.0273785,-0.122686,-0.0238334,0.126333,-0.329433,-0.0002,-0.0102525,-0.497371,nan
379,14.6363,888.5,0.0164854,0.375,0.125,0.131352,1.05075,0.0244195,-0.00831742,0.897003,3.90184e-05,0.0084799,0.261181,13359,0.578314,0.341512,-0.1,0.02,359.956,4.65715e+06,0.705413,0.146658,0.743374,0.0372784,-0.165015,nan,0.120083,nan,nan,nan,nan,-0.0254663,-0.113626,-0.0224036,0.121583,-0.319693,-8.33333e-05,-0.00951154,-0.486776,nan
380,15.039,843.706,0.0164527,0.5,0.208333,0.131578,1.02806,0.0272091,-0.00868263,0.893098,3.90184e-05,0.0124149,0.261098,13749.3,0.609815,0.283902,-0.1,0.02,360.852,4.66944e+06,0.713163,0.132792,0.708712,0.0369912,-0.156636,nan,0.1215,nan,nan,nan,nan,-0.0251543,-0.115398,-0.0219414,0.114824,-0.303427,0,-0.00809494,-0.44538,nan
381,17.8332,963.417,0.0169393,0.458333,0.0416667,0.129791,1.04762,0.0237166,-0.00874994,0.889689,3.90184e-05,0.00786262,0.261035,16050.4,0.509493,0.256095,-0.1,0.02,361.618,4.68173e+06,0.865745,0.153165,0.811748,0.0443943,-0.178051,nan,0.129583,nan,nan,nan,nan,-0.027875,-0.131657,-0.0252523,0.13,-0.345618,0,-0.00565919,-0.528863,nan
382,15.195,989.333,0.0172375,0.458333,0.0416667,0.127641,1.03782,0.0222621,-0.00881625,0.886867,3.90184e-05,0.0106882,0.260973,16453.3,0.469353,0.277488,-0.1,0.02,362.366,4.69402e+06,0.740864,0.140906,0.828371,0.0417167,-0.182192,nan,0.143683,nan,nan,nan,nan,-0.0295835,-0.132221,-0.0256536,0.136667,-0.355258,0,-0.0108406,-0.536709,nan
383,17.1367,971.154,0.0164282,0.5,0.0416667,0.130626,1.03714,0.0243381,-0.00855571,0.883895,3.90184e-05,0.00960256,0.260921,14847.3,0.542995,0.284628,-0.1,0.02,363.195,4.7063e+06,0.811913,0.154751,0.821062,0.0440392,-0.179886,nan,0.143108,nan,nan,nan,nan,-0.0293309,-0.130655,-0.0260322,0.135692,-0.349534,0,-0.00933991,-0.528952,nan
384,15.43,956.381,0.0160627,0.791667,0.0833333,0.134784,1.04806,0.0209772,-0.00883353,0.881868,3.90184e-05,0.00793323,0.260889,14171.8,0.506895,0.36018,-0.1,0.02,364.064,4.71859e+06,0.762852,0.140334,0.802455,0.0424425,-0.177938,nan,0.1354,nan,nan,nan,nan,-0.0282887,-0.132365,-0.0255342,0.129857,-0.34402,0,-0.00953358,-0.524161,nan
385,14.3298,927.833,0.0172541,0.458333,0.0416667,0.12723,1.06051,0.0158267,-0.00958793,0.879658,3.90184e-05,0.0103847,0.260812,13089.5,0.607508,0.331263,-0.1,0.02,365.004,4.73088e+06,0.689196,0.150064,0.781722,0.0386548,-0.173572,nan,0.133367,nan,nan,nan,nan,-0.0276823,-0.127524,-0.0237893,0.129,-0.334764,0,-0.0114478,-0.506735,nan
386,17.8181,1000,0.0173572,0.375,0,0.126495,1.04465,0.0195026,-0.0076091,0.875565,3.90184e-05,0.00945844,0.260729,13019.4,0.581441,0.362382,-0.1,0.02,365.95,4.74317e+06,0.858772,0.154455,0.846158,0.041764,-0.185878,nan,0.134389,nan,nan,nan,nan,-0.0280164,-0.127586,-0.0241247,0.133333,-0.359224,-0.000222222,-0.0113001,-0.541618,nan
387,16.598,961.222,0.0168706,0.333333,0.0416667,0.128415,1.04982,0.0246321,-0.00774531,0.87235,3.90184e-05,0.00780115,0.260674,13214.3,0.59751,0.332391,-0.1,0.02,366.881,4.75546e+06,0.784616,0.160908,0.812461,0.0419482,-0.179291,nan,0.139233,nan,nan,nan,nan,-0.0278903,-0.128918,-0.0238137,0.129556,-0.344844,0,-0.011034,-0.523031,nan
388,15.8258,891,0.0165798,0.375,0.0833333,0.129314,1.04474,0.0260748,-0.00830128,0.86992,3.90184e-05,0.0134491,0.260621,14853.8,0.495759,0.331503,-0.1,0.02,367.71,4.76774e+06,0.74402,0.141401,0.752932,0.0386176,-0.165386,nan,0.128518,nan,nan,nan,nan,-0.0266483,-0.119622,-0.0228517,0.120091,-0.319741,0,-0.00832409,-0.471717,nan
389,15.8713,947.5,0.0166646,0.625,0.0416667,0.12948,1.04494,0.0241877,-0.00782568,0.867763,3.90184e-05,0.0100523,0.260594,13201.8,0.584853,0.345932,-0.1,0.02,368.642,4.78003e+06,0.765418,0.147417,0.80148,0.0429912,-0.175904,nan,0.136369,nan,nan,nan,nan,-0.0285563,-0.132046,-0.0250412,0.129,-0.340275,0,-0.0106604,-0.516627,nan
390,15.1458,922.222,0.0175246,0.666667,0.0833333,0.127734,1.03643,0.0234664,-0.00901346,0.8667,3.90184e-05,0.0130528,0.260579,12194.7,0.601356,0.406293,-0.1,0.02,369.651,4.79232e+06,0.729262,0.144296,0.777257,0.0412695,-0.17149,nan,0.133028,nan,nan,nan,nan,-0.0273428,-0.12565,-0.0236521,0.123111,-0.331385,0,-0.0107032,-0.500709,nan
391,16.8216,956.062,0.0171838,0.625,0.0416667,0.129187,1.04791,0.0235397,-0.00755417,0.865248,3.90184e-05,0.0119696,0.260526,9397.3,0.953653,0.353957,-0.1,0.02,370.96,4.80461e+06,0.773297,0.166597,0.808467,0.0427621,-0.177414,nan,0.141006,nan,nan,nan,nan,-0.0286849,-0.132395,-0.0249397,0.134063,-0.342538,0,-0.0109844,-0.508158,nan
392,14.2355,936.438,0.0176231,0.583333,0.0833333,0.127852,1.0363,0.0250517,-0.00794236,0.861733,3.90184e-05,0.0106091,0.260435,15138.3,0.544626,0.267088,-0.1,0.02,371.774,4.8169e+06,0.691007,0.136993,0.781812,0.040943,-0.174241,nan,0.1376,nan,nan,nan,nan,-0.0279597,-0.125896,-0.0242631,0.133563,-0.337089,0,-0.0133672,-0.507325,nan
393,14.2197,794.333,0.0175966,0.375,0.125,0.127036,1.0305,0.0201729,-0.00820651,0.857486,3.90184e-05,0.00595205,0.26035,15535.6,0.453197,0.33776,-0.1,0.02,372.566,4.82918e+06,0.675199,0.129954,0.66745,0.0344174,-0.147318,nan,0.115825,nan,nan,nan,nan,-0.0239671,-0.104187,-0.0201756,0.112,-0.285678,0,-0.008101,-0.434431,nan
394,14.1556,888.8,0.017291,0.291667,0.125,0.12751,1.02728,0.0221661,-0.00871425,0.85352,3.90184e-05,0.00949643,0.260261,12349.4,0.571111,0.423921,-0.1,0.02,373.562,4.84147e+06,0.671472,0.138646,0.745387,0.0398713,-0.162861,nan,0.12768,nan,nan,nan,nan,-0.0267959,-0.123198,-0.0237832,0.1262,-0.318803,0,-0.0106759,-0.475358,nan
395,15.3098,949.333,0.0175289,0.541667,0.0833333,0.126606,1.02909,0.0235548,-0.00828843,0.84926,3.90184e-05,0.00703095,0.260178,13613.2,0.571251,0.331399,-0.1,0.02,374.467,4.85376e+06,0.766943,0.146136,0.787385,0.0406182,-0.17609,nan,0.13198,nan,nan,nan,nan,-0.0279554,-0.129577,-0.0254241,0.1242,-0.342269,-6.66667e-05,-0.00979779,-0.520593,nan
396,17.6137,1000,0.0178353,0.333333,0,0.124686,1.0373,0.0251963,-0.00850577,0.845473,3.90184e-05,0.0119784,0.260093,13380.5,0.587466,0.330885,-0.1,0.02,375.386,4.86605e+06,0.84087,0.163619,0.837357,0.0427332,-0.187002,nan,0.136638,nan,nan,nan,nan,-0.0286232,-0.134681,-0.0251589,0.132625,-0.359375,0,-0.00913975,-0.52918,nan
397,13.623,829.5,0.017449,0.375,0.125,0.125777,1.01482,0.0276381,-0.00867001,0.841791,3.90184e-05,0.0126163,0.260034,15116.1,0.525137,0.287771,-0.1,0.02,376.201,4.87834e+06,0.65171,0.125513,0.698246,0.0364375,-0.153732,nan,0.122492,nan,nan,nan,nan,-0.0251751,-0.112935,-0.0219072,0.117583,-0.297393,0,-0.0108998,-0.44879,nan
398,15.3166,960.429,0.0176486,0.5,0.0833333,0.125845,1.02569,0.0253748,-0.00823255,0.839677,3.90184e-05,0.00725575,0.260003,17363.9,0.468033,0.239643,-0.1,0.02,376.909,4.89062e+06,0.734011,0.150953,0.803614,0.0396559,-0.177946,nan,0.136114,nan,nan,nan,nan,-0.0271057,-0.125474,-0.0231948,0.127571,-0.344634,0,-0.0134033,-0.514329,nan
399,16.5633,874.154,0.0179603,0.458333,0.0833333,0.125081,1.03805,0.0255086,-0.00813361,0.837289,3.90184e-05,0.00817647,0.259916,17384.2,0.459575,0.247273,-0.1,0.02,377.617,4.90291e+06,0.79813,0.132347,0.742644,0.0402434,-0.161608,nan,0.126569,nan,nan,nan,nan,-0.0264161,-0.120681,-0.0227705,0.119615,-0.313156,0,-0.0092487,-0.477504,nan
400,14.3538,870.636,0.017765,0.375,0.0833333,0.126113,1.04181,0.0261723,-0.00968684,0.832288,3.90184e-05,0.0110641,0.259809,13435,0.573469,0.341157,-0.1,0.02,378.534,4.9152e+06,0.696915,0.134583,0.724612,0.0391326,-0.160903,nan,0.123618,nan,nan,nan,nan,-0.0255711,-0.121566,-0.0222365,0.117727,-0.31191,-0.000181818,-0.00861934,-0.467911,nan
401,15.0363,880.2,0.0174339,0.541667,0.0833333,0.127049,1.04283,0.0212288,-0.00874389,0.827882,3.90184e-05,0.0114434,0.259731,12463.7,0.607686,0.378218,-0.1,0.02,381.878,4.92749e+06,0.699681,0.137975,0.748661,0.0398223,-0.163015,nan,0.134873,nan,nan,nan,nan,-0.0264085,-0.121286,-0.0228393,0.125867,-0.316581,0,-0.00983266,-0.475102,nan
402,18.6493,1000,0.0175118,0.416667,0,0.126279,1.04081,0.0175093,-0.0088897,0.824176,3.90184e-05,0.0110435,0.259636,14678.8,0.55004,0.287087,-0.1,0.02,382.718,4.93978e+06,0.883498,0.1605,0.840401,0.0462945,-0.184493,nan,0.14902,nan,nan,nan,nan,-0.0299564,-0.138737,-0.0259621,0.1399,-0.359458,0,-0.0102686,-0.538274,nan
403,17.5548,963.267,0.0174068,0.583333,0.0416667,0.128454,1.03823,0.0213665,-0.00852807,0.819961,3.90184e-05,0.00882207,0.25957,12404,0.604416,0.386236,-0.1,0.02,383.71,4.95206e+06,0.840351,0.147746,0.811575,0.0433834,-0.177527,nan,0.141973,nan,nan,nan,nan,-0.0288007,-0.131103,-0.0248839,0.130867,-0.345163,0,-0.0105229,-0.520155,nan
404,15.9269,977.667,0.0177023,0.458333,0.0416667,0.127845,1.0312,0.0326254,-0.00810644,0.81797,3.90184e-05,0.0146996,0.259548,12322.2,0.629371,0.367853,-0.1,0.02,384.709,4.96435e+06,0.756188,0.150582,0.826413,0.0450918,-0.180742,nan,0.14255,nan,nan,nan,nan,-0.0295585,-0.13369,-0.0251621,0.135917,-0.349739,0,-0.0121623,-0.529341,nan
405,16.0945,998.273,0.018413,0.416667,0.0416667,0.125452,1.02461,0.0250082,-0.00853121,0.816562,3.90184e-05,0.00683131,0.259499,13138.5,0.576983,0.358284,-0.1,0.02,385.645,4.97664e+06,0.740909,0.164569,0.838233,0.0428728,-0.184317,nan,0.155527,nan,nan,nan,nan,-0.0297606,-0.13315,-0.0252129,0.14,-0.357239,0,-0.0155443,-0.532164,nan
