iteration,Train/mean_reward,Train/mean_episode_length,Train/mean_step_reward,Episode_Termination/time_out,Episode_Termination/fell_over,Metrics/twist/error_vel_xy,Metrics/twist/error_vel_yaw,Loss/value,Loss/surrogate,Loss/entropy,Loss/learning_rate,Loss/kl,Policy/mean_std,Perf/total_fps,Perf/collection_time,Perf/learning_time,Curriculum/action_rate_weight,Curriculum/standing_envs,time_s,env_steps,Episode_Reward/track_linear_velocity,Episode_Reward/track_angular_velocity,Episode_Reward/upright,Episode_Reward/pose,Episode_Reward/action_rate_l2,Episode_Reward/alive,Episode_Reward/air_time,Episode_Reward/single_stance,Episode_Reward/foot_lift,Episode_Reward/foot_alternation,Episode_Reward/foot_symmetry,Episode_Reward/foot_clearance,Episode_Reward/foot_swing_height,Episode_Reward/foot_slip,Episode_Reward/trot,Episode_Reward/joint_torque,Episode_Reward/self_collisions,Episode_Reward/dof_pos_limits,Episode_Reward/body_ang_vel,Episode_Reward/angular_momentum
1,-0.146149,17.7951,0.00508035,0,5.08333,0.338789,2.40264,0.0307213,0.189673,2.61234,0.000666667,1.47031,0.302486,7455.38,0.966015,0.68219,-0.1,0.02,1.64836,12288,0.00170906,0.000367495,0.00552468,0.00229677,-0.00402186,nan,0.0358648,nan,nan,nan,nan,-0.0012701,-0.00176474,-0.000790997,0.000545082,-0.00713314,-0.000590164,-0.000185819,-0.0378584,nan
2,0.0458048,32.6323,0.00635449,0,9.29167,0.361208,2.45211,0.0221977,-0.00443175,2.69818,0.000444444,0.0347624,0.303206,5015.85,1.28474,1.1651,-0.1,0.02,4.1002,24576,0.00278512,0.000767767,0.0122242,0.00445508,-0.00754385,nan,0.0646009,nan,nan,nan,nan,-0.00236106,-0.00475844,-0.00162221,0.000863229,-0.0131855,-0.000502242,-0.000305471,-0.0531273,nan
3,0.200017,43.9514,0.00703568,0,7.70833,0.354307,2.41704,0.0222354,-0.0131986,2.70334,0.000296296,0.0220665,0.303063,6056.57,1.26061,0.768261,-0.1,0.02,6.13286,36864,0.00388884,0.00122238,0.0172691,0.00585492,-0.0102233,nan,0.0867405,nan,nan,nan,nan,-0.00300583,-0.00754548,-0.0022895,0.0015,-0.017883,-0.000816216,-0.000445606,-0.0642661,nan
4,0.31598,53.3021,0.0075464,0,8,0.357779,2.44705,0.0242952,-0.0161093,2.69799,0.000197531,0.0202945,0.30293,7431.44,0.988306,0.66521,-0.1,0.02,7.7883,49152,0.00502689,0.00138048,0.0233486,0.00723705,-0.0125274,nan,0.105242,nan,nan,nan,nan,-0.00341816,-0.00999485,-0.0028738,0.00176823,-0.0216959,-0.000692708,-0.000500581,-0.076501,nan
5,0.345136,55.7212,0.0081798,0,8.66667,0.357139,2.44966,0.0241962,-0.0151364,2.69113,0.000197531,0.0187353,0.302705,6514.77,0.99188,0.894295,-0.1,0.02,9.67624,61440,0.00550942,0.00140557,0.0236059,0.00780188,-0.013152,nan,0.11237,nan,nan,nan,nan,-0.00362761,-0.0110728,-0.00305461,0.00205048,-0.0227288,-0.000725962,-0.000547935,-0.0805768,nan
6,0.515935,60.3114,0.00913791,0,6.95833,0.356148,2.43453,0.0241748,-0.0150816,2.6796,0.000197531,0.0171344,0.302373,6360.63,0.950587,0.981298,-0.1,0.02,11.6317,73728,0.00635297,0.00168941,0.0267724,0.00844671,-0.0142436,nan,0.120386,nan,nan,nan,nan,-0.00383549,-0.0118928,-0.00332564,0.00198204,-0.0245581,-0.000502994,-0.000556165,-0.0809183,nan
7,0.460718,60.3614,0.00842767,0,6.91667,0.3561,2.43151,0.0277782,-0.0146609,2.66659,0.000197531,0.0194524,0.302078,6966.82,0.866793,0.896995,-0.1,0.02,13.3975,86016,0.00574682,0.00161314,0.0273418,0.00837956,-0.0143014,nan,0.118952,nan,nan,nan,nan,-0.00376124,-0.0118638,-0.00335715,0.00212349,-0.0245577,-0.000680723,-0.000663167,-0.0819356,nan
8,0.69388,70.6883,0.00956046,0,6.41667,0.356597,2.41509,0.0275192,-0.0152648,2.65627,0.000197531,0.0197103,0.301888,7026.7,0.800694,0.948065,-0.1,0.02,15.1484,98304,0.0075087,0.00202848,0.0314246,0.00987784,-0.0166026,nan,0.142062,nan,nan,nan,nan,-0.00435626,-0.0146704,-0.00393303,0.0025,-0.0287329,-0.000681818,-0.000691962,-0.0910383,nan
9,0.579875,68.7179,0.0103193,0,6.5,0.359627,2.38102,0.0287092,-0.0172725,2.64892,0.000131687,0.0227424,0.30169,6440.41,0.907527,1.00042,-0.1,0.02,17.0585,110592,0.00654818,0.0020494,0.0313561,0.00946378,-0.0162661,nan,0.133952,nan,nan,nan,nan,-0.00417964,-0.0135709,-0.00373372,0.0023141,-0.0279746,-0.000410256,-0.000746702,-0.0898079,nan
10,0.73944,77.5515,0.0112695,0,5.66667,0.350353,2.40902,0.0295009,-0.0142581,2.64062,0.000131687,0.0197589,0.301479,7315.64,1.01487,0.66482,-0.1,0.02,18.74,122880,0.00738247,0.00229292,0.0355083,0.0108398,-0.0182326,nan,0.153993,nan,nan,nan,nan,-0.00468308,-0.0157832,-0.00434788,0.00272059,-0.0316823,-0.000632353,-0.000750669,-0.0996526,nan
11,0.782116,76.5466,0.0108944,0,6.70833,0.35733,2.39373,0.0294202,-0.0153678,2.63127,0.000131687,0.019115,0.301249,6841.85,0.966652,0.829354,-0.1,0.02,20.5383,135168,0.00757094,0.00228268,0.0349268,0.0107754,-0.0179276,nan,0.152227,nan,nan,nan,nan,-0.00471656,-0.0157543,-0.00415225,0.0026118,-0.0312455,-0.00052795,-0.000786821,-0.0961775,nan
12,0.937542,86.8407,0.0113384,0,4.70833,0.355568,2.41049,0.0313551,-0.0145463,2.62182,0.000131687,0.0155199,0.301004,5296.81,0.813998,1.50589,-0.1,0.02,22.8606,147456,0.0090325,0.00280461,0.0417706,0.0118847,-0.0203166,nan,0.165465,nan,nan,nan,nan,-0.00490309,-0.016632,-0.00463406,0.00314602,-0.035236,-0.000566372,-0.000894862,-0.104043,nan
13,0.995155,87.1545,0.0116979,0,5.125,0.353463,2.40514,0.0314851,-0.0152246,2.61053,8.77915e-05,0.0209597,0.300671,6228.46,0.963542,1.00934,-0.1,0.02,24.8365,159744,0.00896522,0.00228393,0.0408549,0.012389,-0.0204941,nan,0.175012,nan,nan,nan,nan,-0.00532699,-0.0187559,-0.00478316,0.00288618,-0.0354829,-0.000463415,-0.000896843,-0.10643,nan
14,0.730684,77.8261,0.0116549,0,4.79167,0.354251,2.34062,0.0285335,-0.0140759,2.60044,8.77915e-05,0.0148151,0.300551,7193.79,0.826453,0.881687,-0.1,0.02,26.5467,172032,0.00761446,0.00250852,0.0362569,0.010056,-0.018364,nan,0.14627,nan,nan,nan,nan,-0.00454158,-0.0148652,-0.0039744,0.00275652,-0.0316567,-0.000686957,-0.000824553,-0.0940144,nan
15,1.07514,93.6559,0.0132299,0,3.875,0.35864,2.36685,0.0317966,-0.0135242,2.59652,8.77915e-05,0.018653,0.300462,6814.05,0.90199,0.901344,-0.1,0.02,28.352,184320,0.00998313,0.00275627,0.0456889,0.0127753,-0.021983,nan,0.18121,nan,nan,nan,nan,-0.00536903,-0.0197237,-0.00524583,0.00345161,-0.037992,-0.000569892,-0.000913204,-0.110311,nan
16,1.20252,98.7453,0.0134251,0,4.41667,0.353439,2.34755,0.0319161,-0.0133719,2.59069,8.77915e-05,0.0145528,0.300239,7018.45,0.965372,0.785441,-0.1,0.02,30.105,196608,0.00872105,0.00286976,0.0488168,0.01354,-0.0234743,nan,0.192524,nan,nan,nan,nan,-0.00562794,-0.0203291,-0.00568979,0.00389151,-0.040119,-0.000339623,-0.0010199,-0.113637,nan
17,1.42179,110.989,0.0133431,0,3.75,0.349411,2.36253,0.0365555,-0.0120649,2.58067,5.85277e-05,0.0218338,0.3,7097.13,1.0317,0.699708,-0.1,0.02,31.8381,208896,0.0103643,0.00346717,0.055282,0.0153301,-0.0258842,nan,0.22055,nan,nan,nan,nan,-0.00637368,-0.0247503,-0.00644514,0.00427778,-0.0451559,-0.000522222,-0.00103695,-0.128014,nan
18,1.52938,115.493,0.0140007,0,2.95833,0.345073,2.35681,0.032541,-0.0122343,2.57325,3.90184e-05,0.0203436,0.29986,6509.98,1.0403,0.847262,-0.1,0.02,33.7279,221184,0.0116878,0.00325989,0.0595274,0.0159778,-0.0270424,nan,0.228444,nan,nan,nan,nan,-0.00646596,-0.0245922,-0.00652855,0.00443662,-0.0469854,-0.000676056,-0.00117139,-0.133403,nan
19,1.28898,105.246,0.0141993,0,2.375,0.344525,2.33052,0.0352058,-0.00990093,2.56856,3.90184e-05,0.0138307,0.299785,7373.44,0.964805,0.701718,-0.1,0.02,35.3961,233472,0.0107029,0.00313105,0.0533858,0.0138979,-0.0244991,nan,0.203605,nan,nan,nan,nan,-0.00594247,-0.0219204,-0.00565047,0.00372807,-0.0427207,-0.000368421,-0.00098558,-0.121915,nan
20,1.25022,115.678,0.014156,0,2.45833,0.344504,2.33894,0.030168,-0.0106089,2.5658,3.90184e-05,0.0156764,0.299719,7202.04,0.903232,0.802952,-0.1,0.02,37.1042,245760,0.0114454,0.00385486,0.0601544,0.0151183,-0.0270525,nan,0.21,nan,nan,nan,nan,-0.00602038,-0.0238662,-0.00615803,0.00420339,-0.0468894,-6.77966e-05,-0.00112137,-0.13109,nan
21,1.66552,122.457,0.0151039,0,2.91667,0.349647,2.32725,0.0307168,-0.0109422,2.56382,3.90184e-05,0.0142046,0.299701,6769.37,1.01594,0.799299,-0.1,0.02,38.9218,258048,0.0129087,0.00385553,0.0651687,0.0159664,-0.0285235,nan,0.234321,nan,nan,nan,nan,-0.00660484,-0.0254005,-0.0066255,0.00452857,-0.0497084,-0.000314286,-0.00113084,-0.135166,nan
22,2.09171,145.775,0.0153396,0,1.66667,0.346389,2.31317,0.0308126,-0.0106942,2.56242,3.90184e-05,0.0185016,0.299634,8381.8,0.803748,0.662286,-0.1,0.02,40.3897,270336,0.0152729,0.00456733,0.0775737,0.0198433,-0.0338554,nan,0.280612,nan,nan,nan,nan,-0.00774975,-0.0307004,-0.00881459,0.0057,-0.0590952,-0.00025,-0.00144287,-0.157076,nan
23,2.54692,180.909,0.0154503,0,1.83333,0.345837,2.31767,0.0303749,-0.00929831,2.55944,3.90184e-05,0.00909345,0.299568,7572.17,0.85385,0.768935,-0.1,0.02,42.0143,282624,0.0218395,0.00665372,0.0967526,0.0232848,-0.0423528,nan,0.339511,nan,nan,nan,nan,-0.00901938,-0.0371876,-0.00972584,0.00695455,-0.0735431,-0.000204545,-0.0019445,-0.193673,nan
24,2.404,168.686,0.0160868,0,2.125,0.348494,2.31327,0.0304369,-0.0102796,2.55696,3.90184e-05,0.0139395,0.299513,7404.98,0.864416,0.795008,-0.1,0.02,43.6754,294912,0.0166499,0.00531471,0.0907334,0.0222725,-0.0390525,nan,0.322559,nan,nan,nan,nan,-0.00864948,-0.0365876,-0.00933995,0.00654902,-0.0685113,-0.000607843,-0.00182149,-0.179308,nan
25,2.72202,173.532,0.0158622,0,1.95833,0.355597,2.31497,0.030539,-0.00982738,2.55458,3.90184e-05,0.0129484,0.299452,7909.49,0.835732,0.717845,-0.1,0.02,45.2309,307200,0.0172029,0.00521819,0.0945288,0.0225815,-0.0401804,nan,0.342926,nan,nan,nan,nan,-0.00929174,-0.0377473,-0.0096654,0.00708511,-0.0702868,-0.000319149,-0.00194438,-0.184006,nan
26,2.84761,195.75,0.0165993,0,1.66667,0.34589,2.28952,0.0301344,-0.0101077,2.5521,3.90184e-05,0.018023,0.299396,7499.8,0.916775,0.721668,-0.1,0.02,46.8712,319488,0.0193412,0.00616892,0.104202,0.0254711,-0.0454148,nan,0.379837,nan,nan,nan,nan,-0.0105314,-0.043616,-0.0110571,0.0083375,-0.0795716,-5e-05,-0.00213086,-0.208606,nan
27,2.82267,195.857,0.0163706,0,1.75,0.34667,2.33774,0.0305861,-0.00998269,2.5496,3.90184e-05,0.0119505,0.299332,7412.66,0.878317,0.779388,-0.1,0.02,48.5309,331776,0.0190076,0.00703668,0.106506,0.024856,-0.0456094,nan,0.370179,nan,nan,nan,nan,-0.0099596,-0.0414687,-0.0109854,0.00757143,-0.079228,-0.000238095,-0.0021509,-0.204382,nan
28,2.71402,205.484,0.0169388,0,1.29167,0.346731,2.33204,0.0311592,-0.0102953,2.5465,2.60123e-05,0.0202094,0.299233,7639.34,0.988689,0.619828,-0.1,0.02,50.1414,344064,0.0219005,0.0073803,0.115445,0.025064,-0.0480962,nan,0.374129,nan,nan,nan,nan,-0.0102482,-0.0421258,-0.0109969,0.00832258,-0.0834608,-9.67742e-05,-0.00214565,-0.21937,nan
29,3.00168,204.282,0.0170282,0,1.625,0.351454,2.30036,0.032162,-0.00736864,2.54329,3.90184e-05,0.00293202,0.299188,5299,1.35465,0.964279,-0.1,0.02,52.4622,356352,0.0186619,0.00664053,0.110279,0.0256026,-0.0478563,nan,0.395462,nan,nan,nan,nan,-0.0111921,-0.0469403,-0.0117201,0.00861538,-0.0831,-2.5641e-05,-0.00264562,-0.211696,nan
30,3.41299,212.114,0.0178765,0,1.45833,0.348292,2.29724,0.0335839,-0.00892176,2.54118,3.90184e-05,0.012978,0.299125,6447.92,1.08423,0.821502,-0.1,0.02,54.3697,368640,0.0215965,0.00684374,0.120741,0.0267843,-0.0496112,nan,0.415029,nan,nan,nan,nan,-0.0111504,-0.0463706,-0.0117268,0.00922857,-0.0860245,-5.71429e-05,-0.00248104,-0.222152,nan
31,3.5192,218.865,0.0175996,0,1.54167,0.348632,2.29603,0.0336835,-0.00868559,2.53826,3.90184e-05,0.0132712,0.299038,7125.42,0.945399,0.779131,-0.1,0.02,56.096,380928,0.0233704,0.00688687,0.127839,0.0279069,-0.0508619,nan,0.422797,nan,nan,nan,nan,-0.0112651,-0.0483286,-0.0126146,0.00921622,-0.08869,-0.000324324,-0.00268459,-0.227287,nan
32,4.2784,284.095,0.0176094,0,0.875,0.345798,2.32692,0.0372695,-0.0102698,2.53479,3.90184e-05,0.0146874,0.298963,7422.87,0.812263,0.843162,-0.1,0.02,57.7536,393216,0.0307575,0.0105964,0.164675,0.0349895,-0.0656314,nan,0.519071,nan,nan,nan,nan,-0.0133426,-0.0584723,-0.0159311,0.0121429,-0.114888,-0.000190476,-0.00266677,-0.28719,nan
33,3.60897,219.52,0.0169506,0,1.04167,0.343889,2.27552,0.0305368,-0.0111969,2.53218,3.90184e-05,0.0147576,0.298912,7108.17,0.897773,0.830942,-0.1,0.02,59.4843,405504,0.02562,0.00740285,0.122748,0.0273886,-0.0511079,nan,0.43404,nan,nan,nan,nan,-0.0117549,-0.053324,-0.0120379,0.00952,-0.0890309,-0.00052,-0.0024435,-0.226052,nan
34,4.55042,279.457,0.017455,0,1.45833,0.348809,2.26522,0.0377989,-0.0108729,2.53035,3.90184e-05,0.015811,0.298877,5818.23,1.01285,1.09914,-0.1,0.02,61.5985,417792,0.0331482,0.00941298,0.162784,0.0356805,-0.0651321,nan,0.525086,nan,nan,nan,nan,-0.0136808,-0.0607347,-0.0164854,0.0129714,-0.113442,-0.000114286,-0.0032089,-0.278764,nan
35,4.99174,291.679,0.0177595,0,1.16667,0.345728,2.27961,0.0337519,-0.00937248,2.52814,3.90184e-05,0.0121409,0.298787,6322.59,0.951884,0.991625,-0.1,0.02,63.5442,430080,0.0285528,0.0100366,0.170024,0.0368099,-0.0676275,nan,0.570964,nan,nan,nan,nan,-0.0143478,-0.0656114,-0.016117,0.0129286,-0.118314,-0.00025,-0.00330381,-0.294158,nan
36,4.34742,263.152,0.0175244,0,1.375,0.349491,2.26666,0.0399908,-0.0101714,2.52459,3.90184e-05,0.0144754,0.298737,6220.99,0.873113,1.10213,-0.1,0.02,65.5213,442368,0.0248663,0.0104328,0.15154,0.0318892,-0.0618142,nan,0.508273,nan,nan,nan,nan,-0.0133867,-0.0603984,-0.0150775,0.0116818,-0.106819,-9.09091e-05,-0.00287583,-0.260849,nan
37,5.71074,341,0.0170745,0,1.16667,0.34996,2.27413,0.0329992,-0.00931534,2.52298,3.90184e-05,0.00724571,0.298682,6834.94,0.909488,0.888334,-0.1,0.02,67.3224,454656,0.0327854,0.0117444,0.200272,0.04197,-0.0794616,nan,0.655875,nan,nan,nan,nan,-0.0165155,-0.0748695,-0.0190863,0.015,-0.138179,-0.00110714,-0.0038673,-0.339023,nan
38,4.81141,273.857,0.0170107,0,0.875,0.344376,2.2485,0.0327793,-0.00986635,2.52023,3.90184e-05,0.017113,0.298618,7144.58,0.699898,1.02001,-0.1,0.02,69.0441,466944,0.0285218,0.00928879,0.161042,0.034054,-0.0645981,nan,0.539071,nan,nan,nan,nan,-0.0140022,-0.0637935,-0.0152836,0.0121429,-0.111411,-9.52381e-05,-0.00313651,-0.271231,nan
39,4.89564,294.304,0.0174599,0,0.958333,0.343327,2.27641,0.0353692,-0.00981154,2.51788,3.90184e-05,0.0119722,0.298568,6282.71,0.900823,1.05502,-0.1,0.02,71.0024,479232,0.0283749,0.00917143,0.172136,0.0357992,-0.0690691,nan,0.566348,nan,nan,nan,nan,-0.0150969,-0.0657628,-0.0164931,0.0132826,-0.119633,0,-0.0035556,-0.290719,nan
40,4.85017,277.562,0.018203,0,0.666667,0.345538,2.31359,0.0335693,-0.00922502,2.51562,3.90184e-05,0.0151494,0.2985,6481.36,0.822094,1.07381,-0.1,0.02,72.9009,491520,0.0261196,0.0102036,0.165054,0.033336,-0.0645273,nan,0.544687,nan,nan,nan,nan,-0.0141028,-0.0638236,-0.0155768,0.0130625,-0.112318,-0.00075,-0.00318251,-0.275674,nan
41,4.33451,305.292,0.0180874,0,1,0.347907,2.25657,0.0396974,-0.0104836,2.51227,3.90184e-05,0.0178516,0.298412,7062.68,0.832462,0.907387,-0.1,0.02,74.6427,503808,0.0313063,0.0107533,0.175465,0.0339514,-0.0710415,nan,0.557312,nan,nan,nan,nan,-0.0148539,-0.0695529,-0.0159298,0.0131875,-0.123793,-0.000208333,-0.00334755,-0.306524,nan
42,5.09731,288.786,0.017666,0,1.16667,0.344908,2.29709,0.0378985,-0.00890376,2.50895,3.90184e-05,0.0130519,0.29834,6682.89,0.762488,1.07624,-0.1,0.02,76.4839,516096,0.0327842,0.00980497,0.169426,0.0357069,-0.0674154,nan,0.552375,nan,nan,nan,nan,-0.0147477,-0.063878,-0.0161655,0.0135,-0.117278,-7.14286e-05,-0.00353854,-0.275637,nan
43,3.77812,246.739,0.0179334,0,0.958333,0.341346,2.27765,0.0304697,-0.00955956,2.50585,3.90184e-05,0.0145717,0.298253,6413.21,0.859638,1.05641,-0.1,0.02,78.4016,528384,0.0226982,0.00951419,0.140811,0.028357,-0.0571575,nan,0.459783,nan,nan,nan,nan,-0.0128902,-0.0541102,-0.0125976,0.0108261,-0.10027,-8.69565e-05,-0.00254307,-0.243427,nan
44,7.28572,426.214,0.0183451,0.0416667,0.541667,0.341101,2.28507,0.032311,-0.0100367,2.5025,3.90184e-05,0.0134162,0.298188,7157.62,0.798328,0.918443,-0.1,0.02,80.1209,540672,0.0433695,0.0166367,0.264661,0.0512107,-0.0993213,nan,0.800464,nan,nan,nan,nan,-0.0194127,-0.0913023,-0.0233272,0.0176429,-0.172851,-0.00128571,-0.00486505,-0.417334,nan
45,4.92619,337.478,0.0175582,0.0416667,0.916667,0.336249,2.27049,0.0390586,-0.00994205,2.50021,3.90184e-05,0.0135547,0.298137,6441.82,0.745356,1.16218,-0.1,0.02,82.0311,552960,0.0350231,0.0129641,0.196769,0.0385707,-0.0797085,nan,0.615652,nan,nan,nan,nan,-0.0157951,-0.0743603,-0.0177756,0.0145652,-0.137491,-0.00026087,-0.003726,-0.338118,nan
46,5.59442,322.619,0.0187284,0,0.875,0.342859,2.24567,0.0331624,-0.0101331,2.49816,3.90184e-05,0.0107165,0.29809,6713.35,0.827306,1.00308,-0.1,0.02,83.8638,565248,0.0348071,0.0104579,0.193323,0.0373947,-0.074636,nan,0.6275,nan,nan,nan,nan,-0.0159127,-0.0726644,-0.0181941,0.0154524,-0.131079,-0.000714286,-0.0033086,-0.322705,nan
47,6.04184,378.421,0.0188404,0.0416667,0.75,0.341012,2.25423,0.0342319,-0.00993441,2.49611,3.90184e-05,0.0101146,0.298036,7181.56,0.831012,0.880037,-0.1,0.02,85.5772,577536,0.0421795,0.0147064,0.230908,0.0408966,-0.0886078,nan,0.684158,nan,nan,nan,nan,-0.0173365,-0.0811275,-0.0202352,0.0183684,-0.152755,-0.000210526,-0.00408111,-0.364771,nan
48,9.5619,547.095,0.0187191,0.0833333,0.791667,0.339991,2.2673,0.0362353,-0.0103773,2.49356,3.90184e-05,0.0156205,0.297971,7895.71,0.780569,0.775719,-0.1,0.02,87.1362,589824,0.0609572,0.0195233,0.333063,0.0639588,-0.128627,nan,1.05493,nan,nan,nan,nan,-0.0252883,-0.127171,-0.0304443,0.0269762,-0.222065,-0.000666667,-0.00548941,-0.541561,nan
49,8.91055,505.357,0.0185495,0.0416667,0.541667,0.339324,2.22692,0.0316156,-0.0101954,2.49134,3.90184e-05,0.0152322,0.297937,7623.7,0.772653,0.839163,-0.1,0.02,88.7512,602112,0.0452996,0.0176976,0.306079,0.0581846,-0.117963,nan,0.979286,nan,nan,nan,nan,-0.0244704,-0.115744,-0.0279147,0.0239643,-0.205842,0,-0.00552316,-0.487526,nan
50,8.6637,514.312,0.0190495,0.0833333,0.583333,0.335714,2.25363,0.0304585,-0.00957074,2.4899,3.90184e-05,0.0107459,0.297888,6308.62,0.981853,0.965958,-0.1,0.02,90.7007,614400,0.0506677,0.0192131,0.311426,0.0577995,-0.120176,nan,0.977719,nan,nan,nan,nan,-0.0241624,-0.118903,-0.0272563,0.0250938,-0.20865,-0.001125,-0.00501912,-0.503443,nan
51,8.5151,471.5,0.019345,0.0833333,0.5,0.335843,2.24324,0.031579,-0.00903063,2.48751,3.90184e-05,0.0121552,0.297829,9751.06,0.868749,0.391422,-0.1,0.02,91.9758,626688,0.0468881,0.0171029,0.285603,0.0540437,-0.111412,nan,0.910393,nan,nan,nan,nan,-0.0225877,-0.10609,-0.025994,0.025,-0.192207,-0.001,-0.00459187,-0.449393,nan
52,8.98775,516.083,0.0188787,0.0833333,0.416667,0.336117,2.24697,0.0291207,-0.0105388,2.4853,3.90184e-05,0.0112566,0.297785,12595,0.568707,0.406919,-0.1,0.02,92.953,638976,0.0574716,0.0179853,0.312482,0.0572149,-0.120126,nan,0.983375,nan,nan,nan,nan,-0.0241646,-0.11834,-0.0282313,0.02575,-0.20993,-0.000583333,-0.0052739,-0.498243,nan
53,8.40516,461.733,0.0199231,0.0416667,0.583333,0.339031,2.24715,0.0328794,-0.0100469,2.48359,3.90184e-05,0.00980671,0.297748,11242.8,0.644507,0.44846,-0.1,0.02,94.0479,651264,0.0528786,0.016927,0.281924,0.0510973,-0.107967,nan,0.8919,nan,nan,nan,nan,-0.0226406,-0.108706,-0.0257849,0.0242,-0.187866,-0.0006,-0.00507546,-0.440029,nan
54,12.2311,684.333,0.0199437,0.166667,0.333333,0.335966,2.25093,0.036326,-0.00976673,2.48215,3.90184e-05,0.00837605,0.297717,10544,0.691014,0.474384,-0.1,0.02,95.2155,663552,0.0732145,0.0236634,0.420066,0.0763032,-0.160542,nan,1.3215,nan,nan,nan,nan,-0.0321233,-0.167285,-0.0377836,0.036625,-0.277427,0,-0.00679154,-0.657862,nan
55,11.9235,669.125,0.0192895,0.375,0.958333,0.338071,2.2542,0.0295438,-0.0103412,2.48048,3.90184e-05,0.0160241,0.29766,5682.5,1.18936,0.973067,-0.1,0.02,97.3795,675840,0.0770712,0.024983,0.413558,0.0734162,-0.156739,nan,1.27069,nan,nan,nan,nan,-0.0301474,-0.154221,-0.0352262,0.0341094,-0.272271,-0.000625,-0.00668199,-0.641739,nan
56,13.5155,719.167,0.019563,0.166667,0.333333,0.334357,2.24013,0.0307052,-0.00948242,2.47745,3.90184e-05,0.0107453,0.297573,6898.41,0.906025,0.875255,-0.1,0.02,99.1624,688128,0.0785534,0.0261796,0.445461,0.0809666,-0.168457,nan,1.40688,nan,nan,nan,nan,-0.0333869,-0.177902,-0.0393832,0.0385833,-0.291923,0,-0.00697406,-0.682817,nan
57,11.3777,645.72,0.0200453,0.291667,0.75,0.335192,2.23444,0.0370131,-0.0101086,2.47359,3.90184e-05,0.0100622,0.297476,4778.84,0.954407,1.61693,-0.1,0.02,101.736,700416,0.0721808,0.0237233,0.404648,0.069348,-0.150993,nan,1.19892,nan,nan,nan,nan,-0.0283213,-0.144076,-0.033458,0.03138,-0.261898,-0.0004,-0.00638925,-0.605779,nan
58,11.1945,606.429,0.0203013,0.166667,0.416667,0.335906,2.23312,0.0336334,-0.01023,2.46975,3.90184e-05,0.013886,0.297389,6086.25,0.953223,1.06575,-0.1,0.02,103.758,712704,0.0684255,0.0233981,0.385587,0.0648136,-0.141605,nan,1.15446,nan,nan,nan,nan,-0.027359,-0.138733,-0.0317827,0.0328571,-0.24614,-0.000285714,-0.00553657,-0.578381,nan
59,11.5084,594.952,0.0206233,0.333333,0.541667,0.335009,2.22866,0.0276226,-0.0106983,2.4664,3.90184e-05,0.0106243,0.297312,5642.13,0.909301,1.2686,-0.1,0.02,105.938,724992,0.0629458,0.0224197,0.374477,0.0662188,-0.138205,nan,1.16293,nan,nan,nan,nan,-0.0270917,-0.136374,-0.0315074,0.0327143,-0.24093,0,-0.00597598,-0.5662,nan
60,15.4784,810.286,0.0210204,0.291667,0.291667,0.333697,2.21536,0.0310388,-0.00967628,2.46379,3.90184e-05,0.0117355,0.297268,6024.27,0.865876,1.17387,-0.1,0.02,107.98,737280,0.0883868,0.0290839,0.509498,0.0863136,-0.189857,nan,1.58164,nan,nan,nan,nan,-0.037096,-0.195285,-0.0434159,0.0453929,-0.329273,-0.000285714,-0.00785957,-0.763327,nan
61,14.6636,744.714,0.0217531,0.208333,0.375,0.337995,2.22068,0.0294029,-0.0095238,2.46212,3.90184e-05,0.0119769,0.297227,6682.28,0.864566,0.974328,-0.1,0.02,109.823,749568,0.0817002,0.029398,0.470863,0.0807597,-0.172712,nan,1.42971,nan,nan,nan,nan,-0.0335782,-0.172795,-0.0397679,0.0431786,-0.301192,-0.000142857,-0.00732026,-0.674925,nan
62,11.1977,626.833,0.0209062,0.208333,0.291667,0.330713,2.22042,0.0274154,-0.009225,2.45978,3.90184e-05,0.00857929,0.29715,5524.02,0.898838,1.32563,-0.1,0.02,112.049,761856,0.0594661,0.0243975,0.388655,0.0643744,-0.147642,nan,1.21925,nan,nan,nan,nan,-0.0299666,-0.158838,-0.0326722,0.0365833,-0.254528,-0.000333333,-0.00558222,-0.603277,nan
63,11.4209,631.952,0.0214542,0.375,0.5,0.327796,2.24369,0.0353077,-0.0104628,2.45645,3.90184e-05,0.00944069,0.297078,5454.94,1.08343,1.16921,-0.1,0.02,114.304,774144,0.0677643,0.0231728,0.392393,0.0632568,-0.148582,nan,1.20407,nan,nan,nan,nan,-0.029503,-0.15149,-0.0329934,0.0369762,-0.257332,-0.000809524,-0.00582544,-0.590055,nan
64,10.0432,579.75,0.0213523,0.25,0.416667,0.329596,2.23723,0.0280884,-0.00975752,2.4533,3.90184e-05,0.0111928,0.29699,4681.98,0.932683,1.69185,-0.1,0.02,116.931,786432,0.0585322,0.021093,0.370502,0.0561956,-0.13532,nan,1.07063,nan,nan,nan,nan,-0.0262145,-0.13551,-0.0287548,0.0314375,-0.23503,-0.0005,-0.00541634,-0.539482,nan
65,13.5301,727.143,0.020044,0.291667,0.291667,0.328385,2.2688,0.0276448,-0.00975965,2.44953,3.90184e-05,0.0144492,0.296902,10703.1,0.680073,0.468003,-0.1,0.02,118.081,798720,0.0824296,0.0258664,0.459589,0.0711819,-0.170239,nan,1.35921,nan,nan,nan,nan,-0.0326294,-0.16697,-0.0358387,0.0423571,-0.294999,-0.000285714,-0.00604686,-0.657124,nan
66,16.5102,881.643,0.0216612,0.375,0.208333,0.328279,2.20099,0.0241974,-0.00937476,2.44602,3.90184e-05,0.0152227,0.296816,5139.04,0.760293,1.63082,-0.1,0.02,120.474,811008,0.0917493,0.0329052,0.566118,0.0866145,-0.206838,nan,1.66864,nan,nan,nan,nan,-0.0379089,-0.201433,-0.0453223,0.0532857,-0.357621,-0.000214286,-0.00810621,-0.81636,nan
67,15.7224,798.783,0.0215111,0.625,0.333333,0.329506,2.19609,0.0296094,-0.00943812,2.44271,3.90184e-05,0.0127579,0.296753,4906,1.40503,1.09966,-0.1,0.02,122.981,823296,0.0950037,0.0301516,0.513625,0.0795827,-0.186789,nan,1.53378,nan,nan,nan,nan,-0.0356204,-0.194595,-0.040739,0.0477174,-0.322914,-4.34783e-05,-0.00697028,-0.726072,nan
68,13.5422,695.2,0.021512,0.541667,0.5,0.330868,2.20922,0.0339091,-0.00960077,2.44037,3.90184e-05,0.0130316,0.296696,4194.42,1.49515,1.43446,-0.1,0.02,126.078,835584,0.0857257,0.0251257,0.444445,0.068361,-0.162201,nan,1.31754,nan,nan,nan,nan,-0.0312653,-0.168707,-0.0355171,0.0444,-0.282004,-4e-05,-0.0061533,-0.622601,nan
69,11.5603,569.632,0.0213907,0.208333,0.583333,0.336473,2.21983,0.0352555,-0.0103551,2.43816,5.85277e-05,0.00431548,0.296661,10617.2,0.710176,0.447186,-0.1,0.02,127.248,847872,0.0603348,0.0237615,0.366737,0.0551304,-0.133234,nan,1.1085,nan,nan,nan,nan,-0.0264185,-0.134603,-0.0288432,0.0361842,-0.23045,0,-0.00429315,-0.51479,nan
70,12.7307,684.6,0.0215348,0.25,0.375,0.334302,2.20279,0.0302292,-0.0122799,2.43598,5.85277e-05,0.0078744,0.296578,9990.68,0.699219,0.530727,-0.1,0.02,128.48,860160,0.0784595,0.0275405,0.441616,0.063482,-0.16116,nan,1.2554,nan,nan,nan,nan,-0.0298473,-0.151768,-0.0335639,0.0421333,-0.277464,-6.66667e-05,-0.00598449,-0.61224,nan
71,14.1241,719.067,0.0214788,0.291667,0.333333,0.33322,2.20113,0.0291406,-0.0115138,2.43191,5.85277e-05,0.0125543,0.296473,7733.33,0.696899,0.892067,-0.1,0.02,130.071,872448,0.0726359,0.0266893,0.466177,0.0676405,-0.170265,nan,1.383,nan,nan,nan,nan,-0.0328113,-0.169995,-0.037281,0.0491667,-0.292029,0,-0.00623713,-0.650483,nan
72,16.6792,812.067,0.0218021,0.458333,0.166667,0.327928,2.18701,0.0231655,-0.0110827,2.42714,5.85277e-05,0.0121505,0.296348,6881.29,1.05916,0.726548,-0.1,0.02,131.858,884736,0.0934469,0.0314278,0.527891,0.0817379,-0.189997,nan,1.5694,nan,nan,nan,nan,-0.0360449,-0.193293,-0.0424095,0.0553667,-0.328975,0,-0.00645288,-0.72814,nan
73,15.5886,758.421,0.0222224,0.541667,0.25,0.326221,2.21054,0.0328713,-0.0123246,2.42246,5.85277e-05,0.0155943,0.296263,6626.35,1.13155,0.722867,-0.1,0.02,133.716,897024,0.0887847,0.0296229,0.496574,0.0734081,-0.17804,nan,1.46771,nan,nan,nan,nan,-0.0338256,-0.181856,-0.038559,0.0495263,-0.30758,-5.26316e-05,-0.00618339,-0.680098,nan
74,11.3824,611.562,0.0220235,0.208333,0.458333,0.327692,2.22935,0.0282453,-0.0113689,2.41877,5.85277e-05,0.0120771,0.296142,6733.22,1.18675,0.638228,-0.1,0.02,135.543,909312,0.0757781,0.0225372,0.394198,0.051604,-0.144304,nan,1.13063,nan,nan,nan,nan,-0.0278378,-0.146724,-0.0274177,0.041375,-0.248605,0,-0.00495145,-0.547156,nan
75,13.6269,681.667,0.0227274,0.125,0.125,0.327664,2.21096,0.0225053,-0.0111922,2.41316,5.85277e-05,0.0172866,0.296013,6930.08,1.14649,0.626653,-0.1,0.02,137.318,921600,0.0789015,0.0236087,0.437506,0.0607875,-0.161624,nan,1.32175,nan,nan,nan,nan,-0.0326276,-0.167312,-0.0330886,0.0500833,-0.277378,0,-0.00586423,-0.613397,nan
76,16.9881,882.579,0.0230662,0.583333,0.208333,0.327012,2.19021,0.0232143,-0.0109638,2.40874,5.85277e-05,0.0145431,0.295941,6661.81,1.25405,0.59049,-0.1,0.02,139.172,933888,0.105515,0.0352112,0.578712,0.0770149,-0.207682,nan,1.63871,nan,nan,nan,nan,-0.0383043,-0.206614,-0.0421992,0.0598421,-0.35802,-0.000210526,-0.00706845,-0.785503,nan
77,15.8334,891.111,0.0222431,0.291667,0.0833333,0.328624,2.18831,0.0267382,-0.0117203,2.40636,5.85277e-05,0.016878,0.29589,6870.57,1.23322,0.555274,-0.1,0.02,140.964,946176,0.117297,0.0356609,0.580277,0.0764972,-0.208255,nan,1.56133,nan,nan,nan,nan,-0.0361157,-0.201426,-0.0399156,0.0588333,-0.361772,-0.000222222,-0.00636191,-0.784163,nan
78,14.7361,724.533,0.0224315,0.333333,0.291667,0.326681,2.18885,0.0292858,-0.0120252,2.40434,5.85277e-05,0.0137674,0.295852,6255.37,1.33572,0.628668,-0.1,0.02,142.93,958464,0.0843928,0.0300267,0.474403,0.0631255,-0.170062,nan,1.3834,nan,nan,nan,nan,-0.0325413,-0.172248,-0.0343305,0.0499333,-0.292677,-0.000333333,-0.00532196,-0.640963,nan
79,15.5217,726.818,0.0233623,0.5,0.416667,0.322091,2.16831,0.0312213,-0.0109417,2.40208,5.85277e-05,0.0126251,0.295777,6458.99,1.2823,0.620167,-0.1,0.02,144.835,970752,0.081429,0.0303277,0.475737,0.063485,-0.171814,nan,1.42316,nan,nan,nan,nan,-0.0336837,-0.177934,-0.0341993,0.0524545,-0.29399,0,-0.00549348,-0.633394,nan
80,16.7829,767.444,0.0227852,0.208333,0.166667,0.320396,2.18694,0.0301925,-0.0120088,2.39909,5.85277e-05,0.0154154,0.295723,6993.85,1.08505,0.671925,-0.1,0.02,146.594,983040,0.0807037,0.0312989,0.506769,0.067005,-0.18152,nan,1.5195,nan,nan,nan,nan,-0.0344591,-0.189121,-0.0367673,0.0553889,-0.311139,-0.000111111,-0.00528869,-0.663114,nan
81,16.4146,761.526,0.0225111,0.416667,0.375,0.323287,2.16405,0.0282098,-0.0111421,2.39703,5.85277e-05,0.0151758,0.295663,6446.26,1.24124,0.664985,-0.1,0.02,148.502,995328,0.0951737,0.0282305,0.502946,0.0643183,-0.179476,nan,1.49929,nan,nan,nan,nan,-0.0358194,-0.191835,-0.0355613,0.0577895,-0.309994,-0.000105263,-0.00510348,-0.669121,nan
82,18.3225,828,0.0228746,0.208333,0.125,0.320939,2.19884,0.0297986,-0.010808,2.39301,5.85277e-05,0.0135643,0.295519,6623.7,1.16249,0.692668,-0.1,0.02,150.359,1.00762e+06,0.101837,0.0343189,0.561073,0.0688349,-0.194757,nan,1.60631,nan,nan,nan,nan,-0.0363616,-0.197495,-0.0394539,0.0633125,-0.334292,0,-0.00555873,-0.711642,nan
83,18.3196,874.263,0.0233907,0.541667,0.25,0.320033,2.15106,0.0264722,-0.0109664,2.38638,5.85277e-05,0.0146947,0.295365,7425.16,0.9265,0.728414,-0.1,0.02,152.016,1.0199e+06,0.102541,0.0349031,0.586537,0.0706465,-0.205148,nan,1.66247,nan,nan,nan,nan,-0.0384442,-0.213332,-0.0406623,0.0672632,-0.354261,-5.26316e-05,-0.00628297,-0.750203,nan
84,16.0184,748.647,0.0237239,0.458333,0.25,0.318985,2.19203,0.0297624,-0.0119975,2.38119,5.85277e-05,0.0122562,0.295271,6690.39,1.0702,0.766468,-0.1,0.02,153.854,1.03219e+06,0.0914831,0.0295615,0.502306,0.060154,-0.175659,nan,1.446,nan,nan,nan,nan,-0.0334822,-0.180037,-0.0333961,0.0566176,-0.302065,-0.000352941,-0.00543708,-0.654774,nan
85,17.2696,821.214,0.0237953,0.375,0.208333,0.318782,2.17472,0.0242409,-0.0106364,2.37846,5.85277e-05,0.011123,0.295229,6945.69,0.936305,0.832849,-0.1,0.02,155.625,1.04448e+06,0.0992198,0.0336033,0.540865,0.0644702,-0.191483,nan,1.58368,nan,nan,nan,nan,-0.03783,-0.201609,-0.0368707,0.0658929,-0.33264,0,-0.00649674,-0.717321,nan
86,19.3364,922.833,0.0245397,0.416667,0.0833333,0.316407,2.17717,0.0200898,-0.0112022,2.37628,5.85277e-05,0.0157884,0.295153,7423.53,0.780909,0.874368,-0.1,0.02,157.283,1.05677e+06,0.117266,0.0350034,0.621387,0.074336,-0.217787,nan,1.76338,nan,nan,nan,nan,-0.0415954,-0.231321,-0.0424587,0.0685417,-0.372269,0,-0.00645067,-0.801205,nan
87,20.7173,935.267,0.0246583,0.541667,0.0833333,0.317432,2.15881,0.0241317,-0.0101157,2.37233,5.85277e-05,0.0113881,0.295039,6551.61,0.886842,0.988728,-0.1,0.02,159.16,1.06906e+06,0.112634,0.0380986,0.632703,0.0733567,-0.220687,nan,1.821,nan,nan,nan,nan,-0.0415984,-0.225996,-0.0430769,0.0726667,-0.378161,-6.66667e-05,-0.00647687,-0.798531,nan
88,18.437,807.333,0.0247495,0.333333,0.166667,0.320185,2.15938,0.0287453,-0.0118229,2.36821,5.85277e-05,0.0129155,0.294975,6555.73,0.828511,1.04588,-0.1,0.02,161.037,1.08134e+06,0.093542,0.0346631,0.550672,0.0617758,-0.189979,nan,1.58888,nan,nan,nan,nan,-0.0363439,-0.200126,-0.0368232,0.0661667,-0.326237,0,-0.00544592,-0.67889,nan
89,14.7872,706.938,0.0245511,0.375,0.291667,0.320603,2.17831,0.0269279,-0.0104547,2.3657,5.85277e-05,0.010966,0.294902,7696.72,0.79446,0.802064,-0.1,0.02,162.636,1.09363e+06,0.0775015,0.0295455,0.479287,0.0510737,-0.166897,nan,1.3395,nan,nan,nan,nan,-0.0315065,-0.166925,-0.0312352,0.0562813,-0.286211,0,-0.00504923,-0.606005,nan
90,18.7626,852.941,0.0250167,0.541667,0.166667,0.31811,2.15018,0.0237901,-0.011603,2.36216,5.85277e-05,0.0125186,0.294821,6099.11,1.01105,1.00367,-0.1,0.02,164.653,1.10592e+06,0.105728,0.0355557,0.579516,0.0613134,-0.201765,nan,1.64259,nan,nan,nan,nan,-0.0384174,-0.203788,-0.0366093,0.067,-0.345717,-0.000117647,-0.00568111,-0.721477,nan
91,19.8008,876.636,0.0254769,0.333333,0.125,0.316979,2.17404,0.0237495,-0.00951436,2.35878,5.85277e-05,0.00861123,0.294737,7216.98,0.918245,0.784405,-0.1,0.02,166.358,1.11821e+06,0.107683,0.0356172,0.60056,0.0646761,-0.20667,nan,1.71177,nan,nan,nan,nan,-0.039562,-0.213082,-0.0382804,0.0750455,-0.354371,0,-0.0057759,-0.747574,nan
92,18.7673,818.462,0.0258913,0.416667,0.125,0.309129,2.15179,0.0211857,-0.0101533,2.35471,5.85277e-05,0.0110063,0.29462,6798.58,1.00835,0.799086,-0.1,0.02,168.168,1.1305e+06,0.0931291,0.0351595,0.557709,0.0611807,-0.193105,nan,1.60442,nan,nan,nan,nan,-0.0358892,-0.18935,-0.0363502,0.0709615,-0.331194,-0.000384615,-0.0058264,-0.692097,nan
93,19.8819,873.1,0.0261007,0.291667,0.125,0.317638,2.15446,0.020348,-0.00954004,2.34977,5.85277e-05,0.0189531,0.294508,5859.49,1.0917,1.00541,-0.1,0.02,170.267,1.14278e+06,0.116557,0.0371919,0.601709,0.0619708,-0.20569,nan,1.6989,nan,nan,nan,nan,-0.0390631,-0.213979,-0.0380668,0.07425,-0.351963,0,-0.00620868,-0.741513,nan
94,18.2515,800,0.0253836,0.291667,0.208333,0.316191,2.1365,0.0284687,-0.0117181,2.34554,5.85277e-05,0.0112818,0.294414,6096.21,0.987233,1.02845,-0.1,0.02,172.29,1.15507e+06,0.0889659,0.0355954,0.552106,0.0540467,-0.189053,nan,1.563,nan,nan,nan,nan,-0.0361728,-0.193724,-0.0346838,0.0718333,-0.322966,0,-0.00474475,-0.671629,nan
95,21.1202,881.846,0.0252335,0.458333,0.0833333,0.315343,2.12612,0.0222273,-0.0108135,2.3415,5.85277e-05,0.00722056,0.294308,6145.46,0.953395,1.04613,-0.1,0.02,174.292,1.16736e+06,0.125628,0.0385252,0.614562,0.0615543,-0.207547,nan,1.73377,nan,nan,nan,nan,-0.0391073,-0.209531,-0.0372426,0.0785,-0.355383,0,-0.00562049,-0.742096,nan
96,20.0961,915.133,0.0255722,0.458333,0.166667,0.312177,2.11888,0.0286849,-0.0106606,2.33688,5.85277e-05,0.0146081,0.2942,5678.02,1.07057,1.09357,-0.1,0.02,176.459,1.17965e+06,0.113394,0.0399232,0.624606,0.0601046,-0.216685,nan,1.7678,nan,nan,nan,nan,-0.041749,-0.227647,-0.0390985,0.0750667,-0.369678,-6.66667e-05,-0.00643817,-0.774729,nan
97,20.3659,899.111,0.0258333,0.583333,0.166667,0.314649,2.14919,0.0217502,-0.0100193,2.333,5.85277e-05,0.013422,0.294119,6301.76,1.02933,0.920598,-0.1,0.02,178.412,1.19194e+06,0.104677,0.0395128,0.619212,0.0579215,-0.211745,nan,1.73467,nan,nan,nan,nan,-0.0403975,-0.216656,-0.0372599,0.0762222,-0.362509,0,-0.00587445,-0.739478,nan
98,21.4218,916.944,0.0259747,0.625,0.125,0.311916,2.10012,0.0226183,-0.00997556,2.32928,5.85277e-05,0.0192654,0.29402,6579.16,0.876099,0.991616,-0.1,0.02,180.282,1.20422e+06,0.114429,0.0385263,0.640093,0.059222,-0.217527,nan,1.80058,nan,nan,nan,nan,-0.0412521,-0.221405,-0.0384152,0.07925,-0.370032,-0.000111111,-0.00608229,-0.766191,nan
99,20.4939,959.643,0.0253328,0.541667,0.0416667,0.308662,2.10693,0.0232045,-0.0103424,2.32502,5.85277e-05,0.0174619,0.293919,6859.03,0.772047,1.01946,-0.1,0.02,182.075,1.21651e+06,0.121459,0.0436772,0.674794,0.0585262,-0.22418,nan,1.74729,nan,nan,nan,nan,-0.0393982,-0.216234,-0.0375343,0.0781429,-0.385253,0,-0.00632136,-0.790272,nan
100,17.9702,763,0.0255638,0.291667,0.166667,0.312431,2.11952,0.0218415,-0.0097755,2.32109,5.85277e-05,0.0121258,0.29384,6654.71,0.878564,0.967949,-0.1,0.02,183.924,1.2288e+06,0.0948968,0.0355387,0.535271,0.0470516,-0.181158,nan,1.50436,nan,nan,nan,nan,-0.0353452,-0.185968,-0.0322132,0.0675,-0.307476,-0.000454545,-0.00526256,-0.638235,nan
101,0.631106,21.5,0.0272488,0,0.0833333,0.336831,2.08236,0.126208,0.19231,2.3315,0.000666667,2.15046,0.295502,8652.46,0.864647,0.555527,-0.1,0.02,1.42031,1.24109e+06,0.00244717,0.000263865,0.010048,0.00142288,-0.00468352,nan,0.0615,nan,nan,nan,nan,-0.00190534,-0.00346048,-0.000580897,0.00025,-0.00808817,0,-0.000318745,-0.0253395,nan
102,0.838177,33,0.0250342,0,0.125,0.318353,2.08898,0.03811,0.0432576,2.41905,0.000444444,0.0919386,0.297153,9690.68,0.726668,0.541355,-0.1,0.02,2.69109,1.25338e+06,0.00347984,0.00121192,0.0155,0.00142326,-0.00760735,nan,0.0855,nan,nan,nan,nan,-0.00310317,-0.00406512,-0.000833078,0.00233333,-0.0133097,0,-0.000362958,-0.0382582,nan
103,0.49811,69,0.0259959,0,0.0833333,0.309177,2.073,0.0347553,-0.00716367,2.46042,0.000296296,0.0288376,0.297525,10469.6,0.689806,0.483879,-0.1,0.02,3.86896,1.26566e+06,0.0120784,0.00446009,0.0427726,0.000919536,-0.0172414,nan,0.07875,nan,nan,nan,nan,-0.00184002,-0.00455096,-0.00152475,0.00275,-0.0274434,0,-0.00173311,-0.0624915,nan
104,1.66631,84,0.026524,0,0.0416667,0.31025,2.12407,0.0282256,-0.00888055,2.46371,0.000296296,0.0175802,0.297463,10280.2,0.63221,0.563095,-0.1,0.02,5.0659,1.27795e+06,0.00126147,0.00249455,0.0497354,0.00386709,-0.020203,nan,0.2025,nan,nan,nan,nan,-0.00451669,-0.0181477,-0.00344999,0.006,-0.0335983,0,-0.00204452,-0.100583,nan
105,2.81445,115,0.0277119,0,0.0416667,0.309458,2.06245,0.0252467,-0.00925404,2.45997,0.000197531,0.0297907,0.297386,7722.7,0.773913,0.81724,-0.1,0.02,6.65847,1.29024e+06,0.00588293,0.00698439,0.0714305,0.00266813,-0.0313918,nan,0.273,nan,nan,nan,nan,-0.00966116,-0.0162173,-0.00422566,0.007,-0.04641,0,-0.00402505,-0.114313,nan
106,2.4297,139,0.0290991,0,0.0416667,0.311041,2.07163,0.0256812,-0.00919327,2.45585,0.000197531,0.0154807,0.297243,6858.9,0.907232,0.884308,-0.1,0.02,8.45184,1.30253e+06,0.0144133,0.00294564,0.0729304,0.00460707,-0.033408,nan,0.3045,nan,nan,nan,nan,-0.00810419,-0.0373307,-0.00498506,0.0085,-0.0548549,0,-0.00338871,-0.14434,nan
107,5.15967,159,0.0289849,0,0.0833333,0.309878,2.06066,0.0277168,-0.0103555,2.4511,0.000197531,0.0171627,0.297233,7855.77,0.818107,0.746093,-0.1,0.02,10.0181,1.31482e+06,0.0271847,0.00785169,0.100882,0.00317904,-0.039994,nan,0.38775,nan,nan,nan,nan,-0.00881482,-0.0293888,-0.00494467,0.0095,-0.0636951,0,-0.00553116,-0.125995,nan
108,nan,nan,0.0296155,0,0,0.307857,2.08327,0.0267676,-0.00869681,2.45033,0.000197531,0.0176146,0.297153,8899.04,0.773668,0.607155,-0.1,0.02,11.4012,1.3271e+06,nan,nan,nan,nan,nan,nan,nan,nan,nan,nan,nan,nan,nan,nan,nan,nan,nan,nan,nan,nan
109,6.02447,206,0.0294898,0,0.0833333,0.307862,2.05767,0.0253115,-0.0109746,2.44898,0.000197531,0.018902,0.297225,7305.33,0.818985,0.863074,-0.1,0.02,13.0851,1.33939e+06,0.0314991,0.010687,0.137762,0.0033493,-0.0536055,nan,0.49125,nan,nan,nan,nan,-0.00974061,-0.0343384,-0.00765371,0.01425,-0.0825756,0,-0.00786602,-0.191794,nan
110,5.84526,227.5,0.0310445,0,0.0833333,0.304128,2.07097,0.0252351,-0.0104793,2.44889,0.000197531,0.0187431,0.29712,6941.88,0.825146,0.944981,-0.1,0.02,14.8577,1.35168e+06,0.0287096,0.0119287,0.130403,0.00286775,-0.0595211,nan,0.53325,nan,nan,nan,nan,-0.0131087,-0.0408509,-0.0067418,0.01475,-0.0909903,-0.0005,-0.010289,-0.207644,nan
111,7.42313,251,0.0319257,0,0.0416667,0.302122,2.04001,0.0284964,-0.0111888,2.4434,0.000197531,0.0182835,0.296993,7325.76,0.932979,0.744389,-0.1,0.02,16.5371,1.36397e+06,0.0292679,0.00892458,0.17895,0.00347507,-0.067116,nan,0.6105,nan,nan,nan,nan,-0.0123243,-0.0454566,-0.00827499,0.0145,-0.100997,0,-0.00775728,-0.232535,nan
112,6.76301,270,0.0321191,0,0.0833333,0.302929,2.0501,0.0242888,-0.00874134,2.4381,0.000197531,0.017098,0.296876,7503.23,0.835178,0.802517,-0.1,0.02,18.1772,1.37626e+06,0.0362839,0.0137205,0.170555,0.00410261,-0.0711098,nan,0.6375,nan,nan,nan,nan,-0.0158564,-0.0743098,-0.00874491,0.02075,-0.109294,0,-0.00915713,-0.256289,nan
113,nan,nan,0.0321802,0,0,0.304869,2.04863,0.0233858,-0.0137429,2.43239,0.000131687,0.0219151,0.296728,7379.02,0.796602,0.868659,-0.1,0.02,19.8447,1.38854e+06,nan,nan,nan,nan,nan,nan,nan,nan,nan,nan,nan,nan,nan,nan,nan,nan,nan,nan,nan,nan
114,nan,nan,0.0332068,0,0,0.300908,2.03591,0.0211803,-0.0103383,2.42624,0.000131687,0.0194219,0.296564,7620.25,0.82869,0.783855,-0.1,0.02,21.4594,1.40083e+06,nan,nan,nan,nan,nan,nan,nan,nan,nan,nan,nan,nan,nan,nan,nan,nan,nan,nan,nan,nan
115,nan,nan,0.0336804,0,0,0.301165,2.03113,0.024147,-0.0103305,2.41781,8.77915e-05,0.0239121,0.296353,7584.92,0.754002,0.866054,-0.1,0.02,23.0815,1.41312e+06,nan,nan,nan,nan,nan,nan,nan,nan,nan,nan,nan,nan,nan,nan,nan,nan,nan,nan,nan,nan
116,nan,nan,0.0339535,0,0,0.300271,2.00932,0.022733,-0.00970957,2.41087,8.77915e-05,0.0142676,0.296231,7342.27,0.764168,0.90943,-0.1,0.02,24.7573,1.42541e+06,nan,nan,nan,nan,nan,nan,nan,nan,nan,nan,nan,nan,nan,nan,nan,nan,nan,nan,nan,nan
117,11.0093,398.333,0.0336143,0,0.125,0.29746,2.03849,0.027798,-0.0100568,2.40636,8.77915e-05,0.0150519,0.296142,7284.86,0.724642,0.962144,-0.1,0.02,26.4462,1.4377e+06,0.052156,0.0160086,0.256605,0.00467237,-0.102215,nan,0.934,nan,nan,nan,nan,-0.0193259,-0.0794276,-0.012294,0.0195,-0.159059,-0.002,-0.0148435,-0.34331,nan
118,13.3933,417,0.0349273,0,0.125,0.302523,2.01821,0.0324926,-0.00971003,2.40258,8.77915e-05,0.0176104,0.296055,8140.84,0.717622,0.791804,-0.1,0.02,27.9597,1.44998e+06,0.0495827,0.0233203,0.278656,0.00568629,-0.109378,nan,1.047,nan,nan,nan,nan,-0.0212322,-0.0833734,-0.0134389,0.0235,-0.167649,-0.000333333,-0.0136573,-0.349018,nan
119,14.0025,445,0.0346547,0,0.0833333,0.298485,2.03389,0.0345858,-0.00907756,2.39922,8.77915e-05,0.0137554,0.295966,7166.23,0.881674,0.833034,-0.1,0.02,29.6766,1.46227e+06,0.0439337,0.0166991,0.304048,0.0042483,-0.116826,nan,1.14825,nan,nan,nan,nan,-0.0221882,-0.0868848,-0.0146194,0.0175,-0.179148,-0.002,-0.0188367,-0.394053,nan
120,13.8519,463.5,0.0351777,0,0.0833333,0.296594,2.01465,0.026276,-0.0105526,2.39476,8.77915e-05,0.0137657,0.295837,7018.12,0.747239,1.00366,-0.1,0.02,31.4303,1.47456e+06,0.0644436,0.0191951,0.294805,0.00546653,-0.118695,nan,1.14675,nan,nan,nan,nan,-0.0247242,-0.103373,-0.0141956,0.02425,-0.185469,-0.0005,-0.0160695,-0.399291,nan
121,nan,nan,0.0363884,0,0,0.29881,2.04266,0.020546,-0.00957562,2.38882,8.77915e-05,0.0175668,0.295701,8639.13,0.71588,0.706485,-0.1,0.02,32.8551,1.48685e+06,nan,nan,nan,nan,nan,nan,nan,nan,nan,nan,nan,nan,nan,nan,nan,nan,nan,nan,nan,nan
122,17.612,509,0.0362771,0,0.0416667,0.294225,2.02791,0.0223509,-0.0101002,2.38267,8.77915e-05,0.015275,0.295517,8525.7,0.757039,0.68425,-0.1,0.02,34.2994,1.49914e+06,0.0853031,0.0272861,0.352851,0.00615755,-0.131402,nan,1.2225,nan,nan,nan,nan,-0.0221108,-0.0799641,-0.0154586,0.0345,-0.198488,0,-0.0209982,-0.379577,nan
123,nan,nan,0.0367374,0,0,0.29257,2.01362,0.0232682,-0.00982867,2.37458,8.77915e-05,0.0171554,0.295344,7428.74,0.684761,0.969356,-0.1,0.02,35.9578,1.51142e+06,nan,nan,nan,nan,nan,nan,nan,nan,nan,nan,nan,nan,nan,nan,nan,nan,nan,nan,nan,nan
124,7.19885,571,0.0364972,0,0.0416667,0.294209,2.02337,0.027563,-0.0104189,2.36775,8.77915e-05,0.0191494,0.295179,7207.06,0.731016,0.973978,-0.1,0.02,37.665,1.52371e+06,0.0880337,0.0289966,0.363038,0.00208311,-0.151241,nan,0.903,nan,nan,nan,nan,-0.0175341,-0.0685641,-0.0107712,0.016,-0.229602,-0.005,-0.0259353,-0.532562,nan
125,20.0286,590,0.0370841,0,0.0833333,0.295042,2.02742,0.0266324,-0.00914065,2.36285,8.77915e-05,0.0141037,0.295139,7108.9,0.757506,0.971031,-0.1,0.02,39.3959,1.536e+06,0.0965612,0.031658,0.423652,0.0067022,-0.155068,nan,1.4535,nan,nan,nan,nan,-0.0276439,-0.10088,-0.0195457,0.035,-0.234894,-0.001,-0.022605,-0.484006,nan
126,20.5031,624,0.0369923,0,0.0416667,0.293009,2.04834,0.0274117,-0.0101523,2.36092,8.77915e-05,0.012783,0.295038,7797.62,0.83059,0.745276,-0.1,0.02,40.9738,1.54829e+06,0.0916481,0.0351433,0.43306,0.00702146,-0.165209,nan,1.5255,nan,nan,nan,nan,-0.031226,-0.116789,-0.020637,0.0335,-0.250063,0,-0.0224292,-0.494364,nan
127,22.1483,635,0.03823,0,0.0416667,0.28977,2.02205,0.022319,-0.0102729,2.35615,8.77915e-05,0.0137924,0.294969,7914.33,0.821563,0.731063,-0.1,0.02,42.5283,1.56058e+06,0.102308,0.0314274,0.428961,0.00670425,-0.158114,nan,1.5465,nan,nan,nan,nan,-0.0336254,-0.0956934,-0.0183168,0.0335,-0.249608,-0.001,-0.0255281,-0.460101,nan
128,21.6956,665,0.0383704,0,0.0833333,0.291473,2.02178,0.0399682,-0.00914375,2.35327,8.77915e-05,0.0136395,0.294879,7340.26,0.857885,0.81617,-0.1,0.02,44.2042,1.57286e+06,0.0869991,0.0361442,0.471968,0.0062981,-0.169849,nan,1.617,nan,nan,nan,nan,-0.0297455,-0.120349,-0.0205111,0.03825,-0.263277,-0.002,-0.0253593,-0.540791,nan
129,20.1733,683,0.0392914,0,0.0833333,0.29297,2.00665,0.0260066,-0.0104759,2.34864,8.77915e-05,0.0109114,0.294768,6962.75,0.876951,0.887868,-0.1,0.02,45.9713,1.58515e+06,0.0940158,0.0295881,0.461224,0.00536734,-0.178527,nan,1.6815,nan,nan,nan,nan,-0.0342774,-0.145839,-0.0216828,0.0355,-0.272329,-0.0005,-0.0265426,-0.618831,nan
130,22.6913,717,0.0395292,0,0.0416667,0.2884,2.01001,0.0309807,-0.0101876,2.3423,8.77915e-05,0.018712,0.29456,7915.48,0.803689,0.748712,-0.1,0.02,47.5256,1.59744e+06,0.0856545,0.0400658,0.482102,0.00779618,-0.183752,nan,1.7295,nan,nan,nan,nan,-0.0363046,-0.143396,-0.0204076,0.033,-0.285497,0,-0.0261686,-0.548026,nan
131,24.2261,732.5,0.0394161,0,0.0833333,0.292104,2.00143,0.0305774,-0.0101061,2.33341,8.77915e-05,0.0137694,0.294356,7335.06,0.746422,0.92882,-0.1,0.02,49.2028,1.60973e+06,0.113391,0.0309933,0.51142,0.00658711,-0.187118,nan,1.827,nan,nan,nan,nan,-0.0302531,-0.119906,-0.0222502,0.0345,-0.291353,-0.0015,-0.0286032,-0.631603,nan
132,nan,nan,0.0407647,0,0,0.290479,1.96644,0.0229512,-0.00978744,2.32522,8.77915e-05,0.0123081,0.29416,7102.49,0.845923,0.884174,-0.1,0.02,50.9353,1.62202e+06,nan,nan,nan,nan,nan,nan,nan,nan,nan,nan,nan,nan,nan,nan,nan,nan,nan,nan,nan,nan
133,nan,nan,0.040407,0,0,0.288133,1.98107,0.0232309,-0.00972925,2.3176,8.77915e-05,0.0130143,0.294026,11353.5,0.684784,0.397521,-0.1,0.02,52.0219,1.6343e+06,nan,nan,nan,nan,nan,nan,nan,nan,nan,nan,nan,nan,nan,nan,nan,nan,nan,nan,nan,nan
134,19.6431,521,0.040814,0,0.0833333,0.285677,1.98532,0.0281177,-0.0103328,2.31434,8.77915e-05,0.0110983,0.294012,14073.7,0.537592,0.335527,-0.1,0.02,52.8963,1.64659e+06,0.0665583,0.0265035,0.362768,0.00516605,-0.134431,nan,1.359,nan,nan,nan,nan,-0.0238861,-0.0817127,-0.0145241,0.023,-0.207475,0,-0.0198096,-0.379005,nan
135,28.3298,827,0.0416305,0,0.0833333,0.284127,2.01191,0.033428,-0.00947557,2.3119,8.77915e-05,0.0120725,0.293874,13414.6,0.541985,0.374032,-0.1,0.02,53.8139,1.65888e+06,0.0874481,0.0342041,0.573945,0.00644791,-0.213246,nan,2.157,nan,nan,nan,nan,-0.0361741,-0.148208,-0.0233059,0.03575,-0.329481,-0.002,-0.0336724,-0.692218,nan
136,27.9216,851,0.0416351,0,0.0416667,0.285579,2.02068,0.0304005,-0.00955708,2.30441,8.77915e-05,0.0136349,0.293683,12168.6,0.564024,0.445785,-0.1,0.02,54.8252,1.67117e+06,0.0708669,0.0429302,0.558345,0.0072978,-0.217916,nan,2.2335,nan,nan,nan,nan,-0.0397229,-0.170468,-0.0264689,0.034,-0.336832,-0.001,-0.0367934,-0.721662,nan
137,32.2502,883.5,0.0419747,0,0.0833333,0.283385,1.99332,0.0329028,-0.0101886,2.29732,8.77915e-05,0.0140476,0.293565,7711.26,1.08147,0.512041,-0.1,0.02,56.4201,1.68346e+06,0.138313,0.0390977,0.62988,0.00664547,-0.222681,nan,2.25675,nan,nan,nan,nan,-0.0387355,-0.146085,-0.023525,0.04125,-0.347864,-0.0015,-0.0355105,-0.683526,nan
138,27.9535,894,0.042757,0,0.0416667,0.279836,1.99229,0.0393932,-0.00914312,2.29286,8.77915e-05,0.0138278,0.29347,7222.29,1.09039,0.611006,-0.1,0.02,58.1232,1.69574e+06,0.102717,0.0410966,0.611139,0.00866155,-0.229667,nan,2.181,nan,nan,nan,nan,-0.0397836,-0.16878,-0.0265293,0.0385,-0.352335,-0.001,-0.0377988,-0.729545,nan
139,32.2763,926.25,0.0431493,0,0.166667,0.281776,1.99412,0.0417502,-0.0100167,2.28949,8.77915e-05,0.0170101,0.293418,7443.17,0.997836,0.653073,-0.1,0.02,59.7759,1.70803e+06,0.12546,0.0445973,0.64051,0.00735981,-0.232011,nan,2.33475,nan,nan,nan,nan,-0.0415368,-0.152114,-0.0255644,0.0395,-0.365624,-0.0015,-0.0388602,-0.721153,nan
140,32.5411,941,0.0445088,0,0.0416667,0.280039,1.99066,0.040658,-0.00859445,2.28739,8.77915e-05,0.0130483,0.293372,7063.86,1.07252,0.667038,-0.1,0.02,61.5174,1.72032e+06,0.0870088,0.0416257,0.668277,0.00745881,-0.235538,nan,2.3865,nan,nan,nan,nan,-0.0401167,-0.146877,-0.0263504,0.0355,-0.36918,-0.003,-0.0412189,-0.737036,nan
141,32.5271,967.5,0.0447982,0,0.0833333,0.279463,2.00899,0.0354211,-0.010295,2.28436,8.77915e-05,0.0136754,0.293275,7413.15,0.845311,0.812284,-0.1,0.02,63.1792,1.73261e+06,0.12657,0.0431502,0.67718,0.00778544,-0.244685,nan,2.39325,nan,nan,nan,nan,-0.041821,-0.161269,-0.0275094,0.05125,-0.382602,-0.0015,-0.0426675,-0.77078,nan
142,35.6156,1000,0.0403198,19,0,0.315572,1.98783,0.0274791,-0.012354,2.27946,8.77915e-05,0.0151801,0.293156,6537.06,1.10393,0.775811,-0.1,0.02,65.0607,1.7449e+06,0.152745,0.0508275,0.719796,0.00753292,-0.252456,nan,2.49786,nan,nan,nan,nan,-0.0417066,-0.16174,-0.0276414,0.042239,-0.393396,-0.00109649,-0.0401224,-0.772058,nan
143,21.7408,583.857,0.0424768,0.166667,0.125,0.299554,2.02716,0.0458658,-0.00855196,2.27426,8.77915e-05,0.0178856,0.293043,7843.08,0.91464,0.652092,-0.1,0.02,66.6303,1.75718e+06,0.0865032,0.0305641,0.4177,0.00477881,-0.148495,nan,1.52721,nan,nan,nan,nan,-0.0262635,-0.102334,-0.0159337,0.0263571,-0.230099,-0.001,-0.0254841,-0.45647,nan
144,19.5178,514.5,0.0458741,0,0.0833333,0.278765,2.00121,0.034602,-0.00880633,2.26981,8.77915e-05,0.011969,0.292944,7860.54,0.825543,0.737708,-0.1,0.02,68.1952,1.76947e+06,0.072319,0.0260387,0.362775,0.00381948,-0.128998,nan,1.395,nan,nan,nan,nan,-0.0233544,-0.0825812,-0.0139156,0.019,-0.203235,-0.0015,-0.0226247,-0.42685,nan
145,16.6727,441.6,0.0461687,0.0833333,0.125,0.280531,2.0202,0.0418365,-0.00881378,2.26444,8.77915e-05,0.0143551,0.292773,7401.7,0.929946,0.730214,-0.1,0.02,69.857,1.78176e+06,0.0773949,0.0250586,0.320613,0.00350094,-0.112052,nan,1.1145,nan,nan,nan,nan,-0.0185904,-0.0663826,-0.0120106,0.0192,-0.174568,-0.001,-0.0171739,-0.324856,nan
146,19.1505,511,0.046525,0.0416667,0.125,0.279238,1.97324,0.0429461,-0.00627472,2.25736,8.77915e-05,0.0124124,0.292636,8262.29,0.832067,0.655172,-0.1,0.02,71.3464,1.79405e+06,0.0818331,0.0264518,0.361163,0.00400308,-0.127935,nan,1.34063,nan,nan,nan,nan,-0.0238915,-0.0800551,-0.0134702,0.01575,-0.20052,-0.00075,-0.0220794,-0.403598,nan
147,12.4167,292.2,0.0469683,0.0416667,0.166667,0.281256,2.00418,0.0401605,-0.00804534,2.25271,8.77915e-05,0.0130415,0.292554,8281.51,0.647547,0.83624,-0.1,0.02,72.8319,1.80634e+06,0.048745,0.0147195,0.209531,0.00234481,-0.071189,nan,0.8184,nan,nan,nan,nan,-0.01386,-0.0448971,-0.00714765,0.0102,-0.114998,0,-0.0113018,-0.219711,nan
148,22.9666,570.5,0.0461916,0.0416667,0.0416667,0.277963,1.97983,0.0371047,-0.00732317,2.24916,8.77915e-05,0.0117615,0.292472,7016.05,0.905137,0.846277,-0.1,0.02,74.5851,1.81862e+06,0.076517,0.028857,0.42359,0.00243953,-0.141902,nan,1.527,nan,nan,nan,nan,-0.0244768,-0.082,-0.0144892,0.0195,-0.223992,-0.0005,-0.0253756,-0.416838,nan
149,39.9228,1000,0.0479753,0.0833333,0,0.277771,1.98879,0.0366358,-0.0101063,2.24477,8.77915e-05,0.0113363,0.292348,8323.59,0.958949,0.517337,-0.1,0.02,76.0629,1.83091e+06,0.159413,0.0541784,0.736778,0.00647234,-0.250185,nan,2.65425,nan,nan,nan,nan,-0.0403469,-0.147401,-0.0260168,0.03375,-0.391556,-0.0005,-0.0435737,-0.749121,nan
150,15.5915,404.333,0.0478169,0.0416667,0.0833333,0.276377,2.01943,0.0395326,-0.00871791,2.24025,8.77915e-05,0.00954414,0.292273,8400.83,0.816749,0.645963,-0.1,0.02,77.5273,1.8432e+06,0.0595304,0.0225526,0.288998,0.00258597,-0.101913,nan,1.0785,nan,nan,nan,nan,-0.0191416,-0.0628718,-0.0101533,0.0121667,-0.158479,-0.001,-0.0147243,-0.316474,nan
151,23.8419,600.5,0.0476971,0.0416667,0.0416667,0.276315,2.01749,0.029221,-0.00911391,2.23549,8.77915e-05,0.0161777,0.292097,8577.09,0.805595,0.627058,-0.1,0.02,78.9617,1.85549e+06,0.0724376,0.035611,0.438132,0.00406199,-0.148445,nan,1.6155,nan,nan,nan,nan,-0.0253115,-0.0834094,-0.0161164,0.02375,-0.234871,-0.0015,-0.0290015,-0.45874,nan
152,39.2125,1000,0.0482493,0.0416667,0,0.274754,2.00653,0.0405988,-0.00909817,2.22758,8.77915e-05,0.0130815,0.291945,8599.64,0.846485,0.582412,-0.1,0.02,80.3923,1.86778e+06,0.163563,0.0534122,0.756321,0.00547777,-0.247681,nan,2.58,nan,nan,nan,nan,-0.0418598,-0.152775,-0.0306718,0.038,-0.391984,0,-0.0408941,-0.730283,nan
153,26.298,626.5,0.0489068,0.0833333,0.0833333,0.275104,1.99076,0.033444,-0.00924314,2.22206,8.77915e-05,0.0158575,0.2918,7653.29,0.856835,0.748748,-0.1,0.02,82.0003,1.88006e+06,0.104491,0.0342868,0.459741,0.00408012,-0.154613,nan,1.704,nan,nan,nan,nan,-0.0283034,-0.0922984,-0.0157117,0.020875,-0.24337,-0.00275,-0.027104,-0.448425,nan
154,21.9557,510,0.0494765,0.0416667,0.125,0.275169,1.99505,0.0476172,-0.00904869,2.21587,8.77915e-05,0.0137127,0.291681,7895.75,0.792365,0.763916,-0.1,0.02,83.559,1.89235e+06,0.0751069,0.0268042,0.386025,0.00351296,-0.12339,nan,1.39763,nan,nan,nan,nan,-0.0216204,-0.0685836,-0.0117866,0.014625,-0.196241,0,-0.0249136,-0.35938,nan
155,14.1031,314.8,0.0501207,0,0.208333,0.27358,2.01722,0.0455127,-0.00938315,2.21123,8.77915e-05,0.016994,0.291578,8546.93,0.704655,0.733054,-0.1,0.02,84.9986,1.90464e+06,0.0537679,0.017996,0.230756,0.00197335,-0.0748301,nan,0.8889,nan,nan,nan,nan,-0.0142269,-0.0398877,-0.00734534,0.0083,-0.120715,-0.0016,-0.0150263,-0.222907,nan
156,nan,nan,0.0511079,0,0,0.275872,1.96173,0.0351156,-0.00872032,2.20632,8.77915e-05,0.0108736,0.291464,7251.76,0.746504,0.947982,-0.1,0.02,86.6982,1.91693e+06,nan,nan,nan,nan,nan,nan,nan,nan,nan,nan,nan,nan,nan,nan,nan,nan,nan,nan,nan,nan
157,14.881,353,0.0501864,0,0.0416667,0.272689,1.95615,0.0275064,-0.00724867,2.20105,8.77915e-05,0.0121739,0.291325,7144.95,0.842771,0.877046,-0.1,0.02,88.4197,1.92922e+06,0.0735414,0.0160793,0.24823,0.00294964,-0.0834754,nan,0.9375,nan,nan,nan,nan,-0.0152226,-0.0422115,-0.0078367,0.0055,-0.136658,0,-0.0167211,-0.237624,nan
158,26.9319,582,0.0511855,0.0416667,0.208333,0.273761,1.98734,0.0578887,-0.00749978,2.19425,8.77915e-05,0.00987139,0.291168,7340.49,0.794478,0.879524,-0.1,0.02,90.0954,1.9415e+06,0.0985298,0.0331171,0.441439,0.00311719,-0.138488,nan,1.6645,nan,nan,nan,nan,-0.0245557,-0.0805036,-0.0138386,0.0165,-0.223872,-0.0005,-0.0274538,-0.401396,nan
159,43.9835,1000,0.0505276,0.125,0,0.272386,1.99721,0.0331336,-0.00667441,2.18896,8.77915e-05,0.0116019,0.291078,8010.05,0.804159,0.729913,-0.1,0.02,91.6312,1.95379e+06,0.172433,0.0519121,0.757369,0.00531341,-0.244546,nan,2.7645,nan,nan,nan,nan,-0.041107,-0.14362,-0.024883,0.0343333,-0.388394,-0.001,-0.0424463,-0.700689,nan
160,43.3998,1000,0.0518881,0.0833333,0,0.271379,1.96314,0.0266235,-0.0063985,2.18436,8.77915e-05,0.0130497,0.29093,7637.45,0.861507,0.747407,-0.1,0.02,93.2418,1.96608e+06,0.152457,0.0563913,0.765155,0.00558389,-0.241503,nan,2.7405,nan,nan,nan,nan,-0.042027,-0.137433,-0.0262405,0.03,-0.386957,0,-0.0455673,-0.700372,nan
161,33.1768,729.75,0.0514746,0.0833333,0.0833333,0.270746,1.97821,0.0482114,-0.00770033,2.17856,8.77915e-05,0.0136802,0.290851,7792.06,0.785515,0.791475,-0.1,0.02,94.8205,1.97837e+06,0.118999,0.0445943,0.556571,0.0036031,-0.174935,nan,2.058,nan,nan,nan,nan,-0.0310537,-0.0918057,-0.0171999,0.018125,-0.282551,-0.00125,-0.0365235,-0.505733,nan
162,30.7381,669,0.0513118,0.0416667,0.166667,0.271076,1.9752,0.0503848,-0.0075706,2.17516,8.77915e-05,0.0146615,0.290744,8262.57,0.7755,0.711689,-0.1,0.02,96.3099,1.99066e+06,0.119671,0.0369288,0.513549,0.00337506,-0.160806,nan,1.8693,nan,nan,nan,nan,-0.0278377,-0.0759495,-0.014868,0.0181,-0.258708,-0.0038,-0.0344271,-0.447622,nan
163,47.5185,1000,0.0527436,0.0416667,0,0.27246,1.98946,0.0262413,-0.00604453,2.17018,8.77915e-05,0.01691,0.290643,9009.37,0.674546,0.689368,-0.1,0.02,97.6756,2.00294e+06,0.172171,0.0568686,0.788302,0.00516462,-0.239274,nan,2.865,nan,nan,nan,nan,-0.042229,-0.129743,-0.0246738,0.0245,-0.386567,-0.002,-0.0391424,-0.67245,nan
164,nan,nan,0.0524112,0,0,0.270849,1.98093,0.0292369,-0.00757894,2.16457,8.77915e-05,0.0152421,0.290458,7816.57,0.833446,0.738598,-0.1,0.02,99.2496,2.01523e+06,nan,nan,nan,nan,nan,nan,nan,nan,nan,nan,nan,nan,nan,nan,nan,nan,nan,nan,nan,nan
165,nan,nan,0.0521396,0,0,0.268392,1.97302,0.0248189,-0.00760037,2.15507,8.77915e-05,0.0079569,0.290227,8223.87,0.824119,0.670068,-0.1,0.02,100.746,2.02752e+06,nan,nan,nan,nan,nan,nan,nan,nan,nan,nan,nan,nan,nan,nan,nan,nan,nan,nan,nan,nan
166,26.9539,576.5,0.0526909,0,0.0833333,0.270218,1.97179,0.037095,-0.00857144,2.14681,8.77915e-05,0.0146916,0.290121,8448.53,0.858944,0.59551,-0.1,0.02,102.202,2.03981e+06,0.0917974,0.0350474,0.43755,0.00284663,-0.135495,nan,1.65975,nan,nan,nan,nan,-0.0244362,-0.0614088,-0.0129653,0.01125,-0.219616,0,-0.033813,-0.402815,nan
167,47.5147,1000,0.0525551,0.0416667,0,0.268664,1.99543,0.0330164,-0.00769579,2.14357,8.77915e-05,0.0116331,0.290038,8333.56,0.776678,0.697842,-0.1,0.02,103.679,2.0521e+06,0.182312,0.0577004,0.76859,0.00512218,-0.238099,nan,2.8815,nan,nan,nan,nan,-0.0389493,-0.112517,-0.0227617,0.0265,-0.383652,0,-0.0531086,-0.696903,nan
168,34.0731,722.667,0.0528129,0.0416667,0.0833333,0.269595,1.97119,0.0354341,-0.00715868,2.13968,8.77915e-05,0.0128953,0.289971,8190.28,0.79227,0.708045,-0.1,0.02,105.181,2.06438e+06,0.108149,0.0381184,0.567137,0.00338401,-0.174391,nan,2.085,nan,nan,nan,nan,-0.0295542,-0.0800604,-0.0157333,0.0191667,-0.278761,-0.00533333,-0.0391826,-0.494288,nan
169,44.9663,1000,0.0533228,0.0416667,0,0.269994,1.9681,0.0335151,-0.00804842,2.13479,8.77915e-05,0.0156657,0.289768,9114.69,0.754905,0.593248,-0.1,0.02,106.53,2.07667e+06,0.163715,0.0566233,0.782255,0.00475694,-0.235867,nan,2.787,nan,nan,nan,nan,-0.0363801,-0.121396,-0.0242859,0.028,-0.381077,0,-0.0585484,-0.716483,nan
170,44.639,915.25,0.0524736,0.125,0.0416667,0.266964,1.96325,0.0282987,-0.00719522,2.12609,8.77915e-05,0.00677391,0.289611,7771.89,0.797291,0.783791,-0.1,0.02,108.113,2.08896e+06,0.142531,0.0506958,0.724145,0.00423772,-0.21898,nan,2.682,nan,nan,nan,nan,-0.0367344,-0.102617,-0.0198523,0.022375,-0.350312,-0.001,-0.0494954,-0.615047,nan
171,38.4668,851,0.0536187,0.0416667,0.0416667,0.269307,1.97072,0.0283702,-0.00819258,2.12078,8.77915e-05,0.0151091,0.28953,7206.57,0.861107,0.844003,-0.1,0.02,109.821,2.10125e+06,0.133951,0.0518644,0.641486,0.00352654,-0.199083,nan,2.36625,nan,nan,nan,nan,-0.0383677,-0.0980923,-0.0178596,0.01675,-0.326557,-0.003,-0.0469775,-0.560549,nan
172,45.5644,1000,0.0534001,0.0416667,0,0.266658,1.98988,0.0239862,-0.00523875,2.11662,8.77915e-05,0.0129908,0.289407,8560.24,0.850285,0.585189,-0.1,0.02,111.258,2.11354e+06,0.118513,0.0493226,0.773929,0.00474079,-0.240391,nan,2.859,nan,nan,nan,nan,-0.0424109,-0.125013,-0.0239853,0.031,-0.385699,0,-0.0541576,-0.686629,nan
173,48.344,1000,0.0538977,0.0416667,0,0.26619,1.93959,0.0251235,-0.00692273,2.1096,8.77915e-05,0.0139426,0.289215,7863.28,0.908714,0.653993,-0.1,0.02,112.822,2.12582e+06,0.214472,0.0468475,0.772734,0.00412253,-0.237128,nan,2.919,nan,nan,nan,nan,-0.0403547,-0.118748,-0.0201077,0.0215,-0.383686,0,-0.0508204,-0.710632,nan
174,nan,nan,0.0526799,0,0,0.272057,1.95099,0.0237815,-0.00658085,2.1016,8.77915e-05,0.00837883,0.289036,7579.9,0.834273,0.786856,-0.1,0.02,114.445,2.13811e+06,nan,nan,nan,nan,nan,nan,nan,nan,nan,nan,nan,nan,nan,nan,nan,nan,nan,nan,nan,nan
175,nan,nan,0.0536346,0,0,0.267859,1.94802,0.02392,-0.0065988,2.09318,8.77915e-05,0.011057,0.288814,7337.39,0.997795,0.676914,-0.1,0.02,116.121,2.1504e+06,nan,nan,nan,nan,nan,nan,nan,nan,nan,nan,nan,nan,nan,nan,nan,nan,nan,nan,nan,nan
176,50.8877,1000,0.0531798,0.0833333,0,0.270005,1.97587,0.0360163,-0.00806093,2.08445,8.77915e-05,0.0138954,0.288651,8404.81,0.917088,0.544932,-0.1,0.02,117.585,2.16269e+06,0.200568,0.0470248,0.762243,0.00394047,-0.233329,nan,3.00975,nan,nan,nan,nan,-0.0388636,-0.112525,-0.019336,0.01525,-0.38136,-0.002,-0.0495005,-0.657475,nan
177,45.425,902.667,0.0537512,0.0833333,0.0416667,0.267856,1.9836,0.0259423,-0.00768903,2.07756,8.77915e-05,0.015526,0.288478,7485.95,1.01511,0.62636,-0.1,0.02,119.228,2.17498e+06,0.168492,0.0555632,0.712135,0.00288648,-0.210818,nan,2.668,nan,nan,nan,nan,-0.0359275,-0.0947318,-0.0184019,0.0175,-0.342355,-0.00433333,-0.0496717,-0.597086,nan
178,47.8682,934,0.0534613,0.0416667,0.0416667,0.269063,1.95877,0.0420978,-0.00851699,2.07121,8.77915e-05,0.0144806,0.288389,7014.72,0.967698,0.784046,-0.1,0.02,120.981,2.18726e+06,0.163856,0.0568492,0.71654,0.00311993,-0.217581,nan,2.8575,nan,nan,nan,nan,-0.0367041,-0.0947014,-0.0169703,0.0195,-0.358458,0,-0.0543554,-0.645183,nan
179,44.9093,891.6,0.0536444,0.125,0.0833333,0.265253,1.97051,0.0371907,-0.00756333,2.06751,8.77915e-05,0.0127215,0.288283,7708.2,0.746724,0.847422,-0.1,0.02,122.577,2.19955e+06,0.157688,0.0497626,0.690012,0.00328152,-0.207863,nan,2.6682,nan,nan,nan,nan,-0.0357964,-0.0936807,-0.0173283,0.0171,-0.339689,-0.0042,-0.0527261,-0.589297,nan
180,46.5792,958,0.0539953,0.0416667,0.0416667,0.271583,1.95901,0.0285252,-0.0068614,2.06158,8.77915e-05,0.00935637,0.288137,6960.28,0.790271,0.975175,-0.1,0.02,124.344,2.21184e+06,0.165977,0.0582106,0.71774,0.00456771,-0.224117,nan,2.826,nan,nan,nan,nan,-0.0419789,-0.109837,-0.0201818,0.01825,-0.362234,0,-0.0607039,-0.642732,nan
181,48.0702,980.5,0.0551819,0.166667,0.0833333,0.264925,1.97929,0.0515118,-0.00702364,2.05602,8.77915e-05,0.0123438,0.288048,8135.86,0.760658,0.749692,-0.1,0.02,125.857,2.22413e+06,0.176732,0.0607473,0.767788,0.00294205,-0.22662,nan,2.83825,nan,nan,nan,nan,-0.0373484,-0.0962839,-0.0186563,0.0163333,-0.371995,-0.00483333,-0.0573315,-0.646214,nan
182,40.8109,853,0.0541051,0,0.0416667,0.267163,1.96215,0.0545903,-0.00596056,2.05316,8.77915e-05,0.0128477,0.288011,7213.15,0.677624,1.02593,-0.1,0.02,127.562,2.23642e+06,0.121475,0.0575097,0.632278,0.00211141,-0.199996,nan,2.55,nan,nan,nan,nan,-0.0340219,-0.0829996,-0.0144634,0.0125,-0.325952,-0.01,-0.0603941,-0.6075,nan
183,51.6697,990,0.0546139,0.0416667,0.0416667,0.265365,1.97687,0.038697,-0.00840806,2.05019,8.77915e-05,0.00943362,0.287916,7930.58,0.722156,0.82729,-0.1,0.02,129.114,2.2487e+06,0.177495,0.0533218,0.768908,0.00294807,-0.226034,nan,3.01875,nan,nan,nan,nan,-0.0400754,-0.103714,-0.019578,0.0195,-0.371565,-0.002,-0.0635853,-0.630885,nan
184,50.87,1000,0.0467844,17.1667,0,0.322256,1.99488,0.0348909,-0.0101266,2.04522,8.77915e-05,0.0153588,0.287808,7417.73,0.771284,0.885287,-0.1,0.02,130.773,2.26099e+06,0.184649,0.0596437,0.787715,0.00309928,-0.230696,nan,2.96513,nan,nan,nan,nan,-0.0387251,-0.0987151,-0.0189485,0.0174988,-0.378244,-0.00275728,-0.0621727,-0.643977,nan
185,46.4378,902.4,0.0549789,0.375,0.0416667,0.271715,1.96584,0.036815,-0.00682508,2.04009,8.77915e-05,0.0119136,0.2877,7505.15,0.718654,0.918622,-0.1,0.02,132.412,2.27328e+06,0.157295,0.0561933,0.701411,0.00251755,-0.208146,nan,2.7312,nan,nan,nan,nan,-0.0358697,-0.0937644,-0.0178521,0.01565,-0.340894,-0.0034,-0.0568177,-0.585633,nan
186,23.1402,435,0.0540236,0.0416667,0.0833333,0.272186,1.97218,0.0355957,-0.00998918,2.03365,8.77915e-05,0.0120536,0.287504,7417.33,0.734751,0.92191,-0.1,0.02,134.07,2.28557e+06,0.0915862,0.0250722,0.337625,0.00201092,-0.100081,nan,1.323,nan,nan,nan,nan,-0.017434,-0.0431104,-0.00911329,0.00783333,-0.164083,-0.002,-0.0271081,-0.267186,nan
187,50.6963,1000,0.0539248,0.208333,0,0.268458,1.97593,0.0315229,-0.00899521,2.02397,8.77915e-05,0.012836,0.287242,7646.94,0.72044,0.886478,-0.1,0.02,135.679,2.29786e+06,0.17019,0.0539664,0.790349,0.0029889,-0.234078,nan,2.9793,nan,nan,nan,nan,-0.0392294,-0.0982741,-0.0194825,0.0176,-0.379198,-0.0022,-0.0651595,-0.641957,nan
188,35.1238,700.333,0.0541374,0.0833333,0.0416667,0.265503,1.97061,0.0351115,-0.0073708,2.01393,8.77915e-05,0.0104721,0.287057,7975.72,0.697831,0.842845,-0.1,0.02,137.222,2.31014e+06,0.122517,0.0426569,0.545701,0.00260688,-0.159635,nan,2.0985,nan,nan,nan,nan,-0.0302654,-0.0764047,-0.0130864,0.0125,-0.26373,-0.000666667,-0.045603,-0.478899,nan
189,52.3263,1000,0.054795,0.0833333,0,0.265201,1.94052,0.0321186,-0.00898637,2.00623,8.77915e-05,0.0151508,0.286893,7948.53,0.743886,0.80206,-0.1,0.02,138.77,2.32243e+06,0.167509,0.0517488,0.800036,0.00300961,-0.224566,nan,3.02775,nan,nan,nan,nan,-0.0371994,-0.085289,-0.0170478,0.016,-0.372266,-0.0015,-0.0770563,-0.634813,nan
190,51.8913,1000,0.0542161,0.0833333,0,0.268146,1.98294,0.0423938,-0.00748896,1.99966,8.77915e-05,0.00914204,0.286767,7765.55,0.800113,0.782261,-0.1,0.02,140.357,2.33472e+06,0.14911,0.0602932,0.783056,0.00262306,-0.228586,nan,3.0645,nan,nan,nan,nan,-0.0377581,-0.0903963,-0.0175898,0.012,-0.37128,-0.0015,-0.0727328,-0.657177,nan
191,38.0076,720.667,0.0547501,0.0833333,0.0416667,0.26551,1.97021,0.0295591,-0.00804641,1.99479,8.77915e-05,0.0120161,0.286684,7847.68,0.723139,0.842674,-0.1,0.02,141.924,2.34701e+06,0.129341,0.0395004,0.566033,0.00211292,-0.165092,nan,2.191,nan,nan,nan,nan,-0.0296977,-0.0689919,-0.0139792,0.011,-0.270941,-0.001,-0.0429829,-0.445924,nan
192,42.6346,801,0.0543811,0.125,0.0416667,0.266515,1.97351,0.0383878,-0.00751242,1.99122,8.77915e-05,0.0140956,0.286602,7985.4,0.788996,0.749812,-0.1,0.02,143.465,2.3593e+06,0.148318,0.0436833,0.634208,0.00219544,-0.183488,nan,2.47838,nan,nan,nan,nan,-0.0331398,-0.078478,-0.0145156,0.010625,-0.303193,-0.003,-0.0520592,-0.517801,nan
193,38.9722,739,0.0548608,0.0833333,0.0416667,0.264166,1.96157,0.031225,-0.00773042,1.98675,8.77915e-05,0.0137808,0.286466,7351.35,0.773316,0.898214,-0.1,0.02,145.138,2.37158e+06,0.117015,0.0465716,0.582355,0.00213078,-0.168508,nan,2.2665,nan,nan,nan,nan,-0.0290409,-0.0676302,-0.0132651,0.00983333,-0.277453,-0.000333333,-0.0502733,-0.469293,nan
194,53.4166,1000,0.0555051,0.0833333,0,0.263621,1.95772,0.0281009,-0.00517039,1.98093,8.77915e-05,0.0114376,0.286368,8210.37,0.717398,0.779246,-0.1,0.02,146.637,2.38387e+06,0.167323,0.0609046,0.785839,0.00243223,-0.231329,nan,3.111,nan,nan,nan,nan,-0.0391445,-0.0912418,-0.01619,0.01375,-0.378859,-0.0035,-0.0673866,-0.64277,nan
195,53.2144,1000,0.0549954,0.166667,0,0.263766,1.94817,0.0289606,-0.00731562,1.97521,8.77915e-05,0.0140972,0.286167,7464.38,0.757739,0.88848,-0.1,0.02,148.289,2.39616e+06,0.205475,0.0575792,0.794286,0.00228731,-0.227828,nan,3.05738,nan,nan,nan,nan,-0.0392224,-0.0953286,-0.0179344,0.0115,-0.376601,-0.00725,-0.0620228,-0.641596,nan
196,54.4988,1000,0.0541585,0.125,0,0.262322,1.99275,0.0333662,-0.00825434,1.96752,8.77915e-05,0.0136253,0.286055,7068.3,0.880575,0.857892,-0.1,0.02,150.03,2.40845e+06,0.19044,0.0568335,0.795195,0.00230857,-0.229516,nan,3.1285,nan,nan,nan,nan,-0.0399208,-0.0921184,-0.0175249,0.0136667,-0.378825,-0.001,-0.0600247,-0.643073,nan
197,41.3584,830.75,0.0554906,0.125,0.0416667,0.26338,1.97182,0.0293466,-0.00606205,1.96405,8.77915e-05,0.00624511,0.285988,8719.71,0.742047,0.667174,-0.1,0.02,151.441,2.42074e+06,0.15837,0.0502022,0.655371,0.0017551,-0.190474,nan,2.39663,nan,nan,nan,nan,-0.031726,-0.0707717,-0.0139168,0.0105,-0.313923,-0.00225,-0.0470063,-0.534832,nan
198,21.2161,349,0.0551166,0,0.0416667,0.266456,1.95661,0.0742727,-0.00619487,1.96212,8.77915e-05,0.0156031,0.285988,7184.37,0.779358,0.931022,-0.1,0.02,153.153,2.43302e+06,0.0559826,0.0225899,0.283223,0.00110961,-0.0777674,nan,1.173,nan,nan,nan,nan,-0.013212,-0.0246449,-0.00599304,0.0065,-0.130412,0,-0.0203628,-0.209208,nan
199,34.7901,642.75,0.054835,0.0416667,0.125,0.262396,1.9349,0.0537109,-0.00799612,1.96196,8.77915e-05,0.00671563,0.285938,7312.17,0.8187,0.861785,-0.1,0.02,154.837,2.44531e+06,0.118076,0.0393873,0.507902,0.00181623,-0.145495,nan,1.99425,nan,nan,nan,nan,-0.0263053,-0.0597553,-0.0116821,0.010375,-0.242202,-0.001,-0.0419137,-0.403949,nan
200,49.7191,924.625,0.0547692,0.291667,0.0416667,0.267664,1.97172,0.0383857,-0.00807181,1.95794,5.85277e-05,0.0211942,0.285827,8486.95,0.776623,0.671247,-0.1,0.02,156.286,2.4576e+06,0.164464,0.0572567,0.735207,0.00197708,-0.209542,nan,2.85525,nan,nan,nan,nan,-0.0354884,-0.0822199,-0.0163499,0.013,-0.34727,-0.0035,-0.0655809,-0.581246,nan
201,39.536,736.5,0.0560403,0.166667,0.0833333,0.264362,1.99788,0.0432585,-0.00776422,1.95431,5.85277e-05,0.0125905,0.285796,7274.09,0.797972,0.891311,-0.1,0.02,161.011,2.46989e+06,0.139255,0.0476968,0.589472,0.00183807,-0.167589,nan,2.25975,nan,nan,nan,nan,-0.030317,-0.0689787,-0.0136402,0.0110833,-0.277765,-0.000666667,-0.049053,-0.464286,nan
202,nan,nan,0.0557798,0,0,0.266595,1.97642,0.0256477,-0.00652057,1.9522,5.85277e-05,0.0101652,0.285714,7220.23,0.690121,1.01176,-0.1,0.02,162.715,2.48218e+06,nan,nan,nan,nan,nan,nan,nan,nan,nan,nan,nan,nan,nan,nan,nan,nan,nan,nan,nan,nan
203,54.4218,1000,0.055455,0.25,0,0.26497,1.96752,0.0329253,-0.00755162,1.94767,5.85277e-05,0.0143577,0.285606,6678.2,0.690371,1.14964,-0.1,0.02,164.578,2.49446e+06,0.19988,0.0661575,0.795887,0.0021211,-0.225984,nan,3.052,nan,nan,nan,nan,-0.0366067,-0.0814959,-0.0162271,0.01175,-0.372164,-0.00366667,-0.0788045,-0.591755,nan
204,42.5113,792.2,0.0550374,0.125,0.0833333,0.266295,1.96743,0.0472177,-0.00672299,1.94378,8.77915e-05,0.00340762,0.285554,7733.29,0.733461,0.855514,-0.1,0.02,166.184,2.50675e+06,0.162338,0.0516066,0.634211,0.00158584,-0.180902,nan,2.4144,nan,nan,nan,nan,-0.031874,-0.069032,-0.0149458,0.0084,-0.298466,-0.0016,-0.0521518,-0.498004,nan
205,33.4446,617.333,0.0555609,0,0.125,0.26317,1.9409,0.0596733,-0.0074535,1.94158,8.77915e-05,0.0125379,0.285511,7391.1,0.744371,0.918169,-0.1,0.02,167.849,2.51904e+06,0.0993626,0.0372931,0.49993,0.00235012,-0.141859,nan,1.8955,nan,nan,nan,nan,-0.0239909,-0.046249,-0.0106661,0.00783333,-0.231168,-0.000333333,-0.0417062,-0.374068,nan
206,17.4989,360,0.0558253,0,0.0416667,0.264517,1.95816,0.0275269,-0.00791178,1.93921,8.77915e-05,0.0129265,0.285442,7593.5,0.785393,0.832834,-0.1,0.02,169.484,2.53133e+06,0.0827063,0.0195924,0.279993,0.001153,-0.0807273,nan,0.987,nan,nan,nan,nan,-0.0135494,-0.027439,-0.00566258,0.0035,-0.135578,0,-0.0233128,-0.212732,nan
207,nan,nan,0.0565783,0,0,0.263568,1.93718,0.0258163,-0.00763353,1.93416,8.77915e-05,0.0128132,0.285287,9344.61,0.68871,0.626272,-0.1,0.02,170.802,2.54362e+06,nan,nan,nan,nan,nan,nan,nan,nan,nan,nan,nan,nan,nan,nan,nan,nan,nan,nan,nan,nan
208,47.2721,863.667,0.0554324,0.0833333,0.0416667,0.269131,1.93894,0.057795,-0.0084687,1.9276,8.77915e-05,0.0199118,0.285177,7236.85,0.885145,0.812831,-0.1,0.02,172.502,2.5559e+06,0.132851,0.0565088,0.691783,0.00181812,-0.195013,nan,2.7095,nan,nan,nan,nan,-0.0346487,-0.0728609,-0.014056,0.00783333,-0.321976,-0.00133333,-0.0574092,-0.53939,nan
209,32.8411,631.333,0.0552173,0.0416667,0.0833333,0.263129,1.96081,0.0249065,-0.00682038,1.92247,8.77915e-05,0.0115957,0.285045,8312.2,0.696993,0.781316,-0.1,0.02,173.983,2.56819e+06,0.102265,0.0313096,0.493422,0.00155473,-0.142113,nan,1.933,nan,nan,nan,nan,-0.0257693,-0.0597494,-0.0125438,0.0085,-0.239146,-0.00133333,-0.0360116,-0.411329,nan
210,56.1825,1000,0.0549228,0.166667,0,0.265606,1.98444,0.034209,-0.00818296,1.91673,8.77915e-05,0.00993718,0.284937,8514.32,0.704054,0.739162,-0.1,0.02,175.429,2.58048e+06,0.21792,0.0632373,0.809882,0.00199864,-0.224961,nan,3.13125,nan,nan,nan,nan,-0.0376095,-0.0801105,-0.018167,0.011375,-0.372719,-0.0025,-0.0720401,-0.618429,nan
211,48.2421,883.333,0.0553804,0.0833333,0.0416667,0.265969,1.97276,0.0305792,-0.0075453,1.91146,8.77915e-05,0.0131584,0.28481,7675.51,0.740991,0.859945,-0.1,0.02,177.031,2.59277e+06,0.137764,0.0557361,0.698105,0.00169032,-0.198465,nan,2.79,nan,nan,nan,nan,-0.035402,-0.0808535,-0.015157,0.00866667,-0.333804,-0.00133333,-0.0563889,-0.558452,nan
212,56.6206,1000,0.0549563,0.0833333,0,0.264024,1.96269,0.0304646,-0.00810131,1.90544,8.77915e-05,0.0122564,0.284668,8062.45,0.785111,0.738991,-0.1,0.02,178.558,2.60506e+06,0.172602,0.063635,0.801961,0.00206061,-0.228655,nan,3.2205,nan,nan,nan,nan,-0.0384037,-0.085811,-0.0171738,0.0155,-0.372262,-0.0015,-0.0746844,-0.626738,nan
213,48.1778,852,0.0537357,0.0416667,0.0416667,0.265755,1.96696,0.0325443,-0.00851593,1.89818,8.77915e-05,0.0144566,0.284508,8153.64,0.707512,0.799544,-0.1,0.02,180.067,2.61734e+06,0.165097,0.0512579,0.687474,0.00190726,-0.194063,nan,2.69025,nan,nan,nan,nan,-0.0325798,-0.0682448,-0.0142432,0.01125,-0.319751,-0.002,-0.0694925,-0.497972,nan
214,34.8767,661.5,0.0556201,0.0416667,0.0416667,0.263471,1.93742,0.0360713,-0.00979827,1.89069,8.77915e-05,0.0134978,0.284312,7470.2,0.779093,0.865843,-0.1,0.02,181.714,2.62963e+06,0.138724,0.038008,0.522738,0.00186395,-0.144887,nan,1.9845,nan,nan,nan,nan,-0.0273792,-0.0587836,-0.0114239,0.00775,-0.245613,-0.0005,-0.0467067,-0.414456,nan
215,29.8256,597.4,0.0554995,0.0416667,0.166667,0.265689,1.95864,0.0401462,-0.00854624,1.88323,8.77915e-05,0.0132015,0.284188,7504.87,0.855179,0.782158,-0.1,0.02,183.353,2.64192e+06,0.115036,0.035155,0.472803,0.00167932,-0.135919,nan,1.7043,nan,nan,nan,nan,-0.0228539,-0.0500494,-0.00969438,0.0075,-0.224059,-0.0014,-0.037397,-0.363818,nan
216,nan,nan,0.0565787,0,0,0.264737,1.9831,0.0309539,-0.00761776,1.87729,8.77915e-05,0.0141725,0.284011,8773.16,0.721057,0.679578,-0.1,0.02,184.757,2.65421e+06,nan,nan,nan,nan,nan,nan,nan,nan,nan,nan,nan,nan,nan,nan,nan,nan,nan,nan,nan,nan
217,44.6061,785,0.0563947,0,0.0833333,0.265553,1.97234,0.0703328,-0.00822073,1.86966,8.77915e-05,0.0128419,0.283876,7607.14,0.777591,0.837734,-0.1,0.02,186.375,2.6665e+06,0.158529,0.0570592,0.632301,0.00199416,-0.178275,nan,2.49525,nan,nan,nan,nan,-0.0317978,-0.0732606,-0.0135958,0.01275,-0.293203,-0.0005,-0.0586912,-0.478257,nan
218,44.9919,829,0.0555338,0.166667,0.0833333,0.262811,1.93795,0.0367061,-0.0086637,1.86431,8.77915e-05,0.00723569,0.283721,6586.37,0.744648,1.12102,-0.1,0.02,188.242,2.67878e+06,0.161343,0.0522254,0.667452,0.001954,-0.187183,nan,2.52575,nan,nan,nan,nan,-0.0326246,-0.0750176,-0.0138295,0.00941667,-0.310546,-0.000333333,-0.0550609,-0.493949,nan
219,51.9611,927,0.0563544,0.0416667,0.0416667,0.264764,1.95779,0.0500516,-0.00762614,1.85698,8.77915e-05,0.0115242,0.283563,7495.87,0.805882,0.83342,-0.1,0.02,189.884,2.69107e+06,0.187089,0.0604396,0.760244,0.00206819,-0.20919,nan,2.89575,nan,nan,nan,nan,-0.0378596,-0.076453,-0.0159981,0.0125,-0.344262,-0.002,-0.0665392,-0.567732,nan
220,44.4063,796.75,0.0547387,0.125,0.0416667,0.265189,1.99149,0.0372411,-0.00880588,1.85086,8.77915e-05,0.0180215,0.283444,8207.53,0.72181,0.775351,-0.1,0.02,191.383,2.70336e+06,0.154831,0.054696,0.639817,0.00181056,-0.17844,nan,2.48888,nan,nan,nan,nan,-0.0326683,-0.0712905,-0.0138579,0.009875,-0.298647,-0.00175,-0.0522321,-0.480706,nan
221,51.5913,975,0.0560346,0.125,0.0416667,0.267346,1.95594,0.0417531,-0.00869577,1.84549,8.77915e-05,0.0108987,0.28333,8804.12,0.698568,0.697143,-0.1,0.02,192.792,2.71565e+06,0.181272,0.0627238,0.79344,0.00229832,-0.219688,nan,2.9025,nan,nan,nan,nan,-0.0361988,-0.0867244,-0.0160639,0.013375,-0.363885,-0.00125,-0.0710424,-0.581191,nan
222,44.09,799,0.0550641,0.125,0.0833333,0.265784,1.96408,0.042676,-0.00711124,1.84068,8.77915e-05,0.0169317,0.283222,8363.61,0.6987,0.770522,-0.1,0.02,194.263,2.72794e+06,0.141654,0.0481363,0.637579,0.00183376,-0.179517,nan,2.5089,nan,nan,nan,nan,-0.0314738,-0.0691523,-0.0135545,0.009,-0.296934,0,-0.057096,-0.494876,nan
223,51.2796,917,0.0551017,0.208333,0.125,0.267688,1.94834,0.0522803,-0.00767532,1.83665,8.77915e-05,0.0163929,0.283169,7774.8,0.796169,0.784321,-0.1,0.02,195.845,2.74022e+06,0.200966,0.0569398,0.737702,0.00226858,-0.203175,nan,2.85019,nan,nan,nan,nan,-0.0366371,-0.0791628,-0.0167674,0.0125625,-0.342873,-0.001,-0.0571966,-0.559835,nan
224,39.7835,721,0.0549693,0.0833333,0.0416667,0.263593,1.92577,0.0396283,-0.00824138,1.83319,8.77915e-05,0.0138892,0.283046,8226.26,0.732022,0.761731,-0.1,0.02,197.341,2.75251e+06,0.141342,0.0449732,0.583812,0.00171489,-0.162871,nan,2.2135,nan,nan,nan,nan,-0.0284679,-0.0619949,-0.0130031,0.012,-0.266754,-0.000666667,-0.0473522,-0.427059,nan
225,55.0274,1000,0.0556172,16,0,0.265361,1.94444,0.0329725,-0.00985907,1.82642,8.77915e-05,0.014558,0.282893,7091.13,0.796855,0.936014,-0.1,0.02,199.076,2.7648e+06,0.194718,0.0639444,0.813202,0.00221696,-0.223055,nan,3.07337,nan,nan,nan,nan,-0.0383899,-0.0885044,-0.0172237,0.0130938,-0.374611,-0.000893229,-0.0642691,-0.602225,nan
226,25.0724,507.75,0.0484495,0.0833333,0.0833333,0.311409,1.99661,0.0711046,-0.0107581,1.8213,8.77915e-05,0.0128346,0.282854,7347.88,0.766631,0.905689,-0.1,0.02,200.751,2.77709e+06,0.102128,0.0358535,0.404526,0.000919795,-0.111742,nan,1.42875,nan,nan,nan,nan,-0.0182918,-0.0390733,-0.00827112,0.00725,-0.190197,-0.0015,-0.033673,-0.323061,nan
227,45.4179,806.7,0.0546818,0.333333,0.0833333,0.268231,1.94484,0.0544507,-0.00817852,1.82026,8.77915e-05,0.0145655,0.282841,8193.85,0.776773,0.722889,-0.1,0.02,202.252,2.78938e+06,0.178242,0.0516953,0.654355,0.00206895,-0.181686,nan,2.52165,nan,nan,nan,nan,-0.0325829,-0.0688605,-0.0138383,0.00985,-0.302365,-0.0004,-0.0531383,-0.494094,nan
228,44.2457,800.333,0.0553424,0.166667,0.0833333,0.268086,1.9882,0.038686,-0.00661634,1.81896,8.77915e-05,0.0142879,0.282809,7409.48,0.771241,0.887174,-0.1,0.02,203.913,2.80166e+06,0.155671,0.0457824,0.646078,0.00224414,-0.177096,nan,2.478,nan,nan,nan,nan,-0.031372,-0.0683076,-0.0143032,0.00908333,-0.297464,-0.000666667,-0.0542855,-0.48108,nan
229,46.2622,818,0.056275,0.166667,0.0416667,0.2639,1.98752,0.0397943,-0.0085364,1.81551,5.85277e-05,0.0202032,0.282698,7165.78,0.723829,0.990987,-0.1,0.02,205.63,2.81395e+06,0.163592,0.0458423,0.657677,0.00170755,-0.1823,nan,2.5959,nan,nan,nan,nan,-0.0335603,-0.0737223,-0.0144209,0.0121,-0.308048,-0.003,-0.0447168,-0.503938,nan
230,36.4732,645.2,0.0558578,0.125,0.0833333,0.262704,1.96546,0.0414962,-0.00736865,1.81135,5.85277e-05,0.0122982,0.282652,7616.32,0.787667,0.82571,-0.1,0.02,207.246,2.82624e+06,0.116363,0.039726,0.524713,0.00193105,-0.143929,nan,2.0382,nan,nan,nan,nan,-0.0259548,-0.0581249,-0.0117111,0.0085,-0.240652,-0.0002,-0.0414929,-0.383709,nan
231,57.3039,1000,0.0564459,0.125,0,0.261024,1.97334,0.0265344,-0.0072013,1.80901,5.85277e-05,0.0117771,0.282586,6997.43,0.867935,0.888139,-0.1,0.02,209.003,2.83853e+06,0.229969,0.0663932,0.80437,0.00233428,-0.21996,nan,3.1735,nan,nan,nan,nan,-0.0391493,-0.0905988,-0.0174331,0.0143333,-0.376027,-0.000666667,-0.0651334,-0.616739,nan
232,56.7218,1000,0.0566591,0.0416667,0,0.264274,1.93694,0.0289131,-0.00718381,1.80565,5.85277e-05,0.0130994,0.282513,7771.67,0.731882,0.849245,-0.1,0.02,210.587,2.85082e+06,0.179777,0.0706531,0.820038,0.00228791,-0.219345,nan,3.1755,nan,nan,nan,nan,-0.0403208,-0.101077,-0.0146074,0.009,-0.372928,-0.003,-0.0595299,-0.610357,nan
233,51.823,938,0.0563839,0.0833333,0.0416667,0.26323,1.95074,0.0385617,-0.00689805,1.80139,5.85277e-05,0.00979309,0.282384,8296.67,0.754709,0.726368,-0.1,0.02,212.07,2.8631e+06,0.176378,0.0583982,0.765601,0.00235229,-0.208449,nan,2.8915,nan,nan,nan,nan,-0.0373895,-0.0886511,-0.0162663,0.0128333,-0.347628,0,-0.0642006,-0.553327,nan
234,48.2983,842.8,0.0561727,0.166667,0.0416667,0.264943,1.93547,0.0425313,-0.00661361,1.79636,5.85277e-05,0.00774373,0.282304,8125.33,0.740334,0.771974,-0.1,0.02,213.585,2.87539e+06,0.179626,0.0531394,0.690723,0.00220196,-0.187672,nan,2.6517,nan,nan,nan,nan,-0.0334,-0.0752532,-0.0144871,0.0136,-0.31551,-0.0006,-0.0539053,-0.495248,nan
235,60.2138,1000,0.0568392,0.0833333,0,0.262074,1.98046,0.0483928,-0.0068807,1.79355,5.85277e-05,0.0125259,0.282269,11330.9,0.623859,0.460611,-0.1,0.02,214.672,2.88768e+06,0.20539,0.0785572,0.83178,0.00253489,-0.218855,nan,3.21,nan,nan,nan,nan,-0.0349184,-0.0725595,-0.0166549,0.01425,-0.367054,0,-0.079987,-0.541792,nan
236,34.2934,702.4,0.056615,0.125,0.0833333,0.264399,1.93399,0.0495901,-0.00894582,1.79158,5.85277e-05,0.0131628,0.282226,13538.9,0.568614,0.338995,-0.1,0.02,215.581,2.89997e+06,0.121073,0.039868,0.562025,0.00185676,-0.155533,nan,1.9707,nan,nan,nan,nan,-0.0260769,-0.061846,-0.0101294,0.0062,-0.261902,-0.0002,-0.0481951,-0.423171,nan
237,38.1869,709.8,0.0570297,0.125,0.0833333,0.263019,1.95686,0.0290421,-0.00761868,1.78895,5.85277e-05,0.0122595,0.282138,14379.1,0.489972,0.364604,-0.1,0.02,216.436,2.91226e+06,0.128627,0.0437405,0.568398,0.00196063,-0.158411,nan,2.1456,nan,nan,nan,nan,-0.0270766,-0.0607075,-0.0116936,0.0074,-0.266243,-0.001,-0.0501322,-0.411117,nan
238,47.6046,1000,0.0573499,0.0833333,0,0.261429,1.95266,0.0324031,-0.00626063,1.78401,5.85277e-05,0.00718178,0.282021,13942,0.528413,0.352954,-0.1,0.02,217.322,2.92454e+06,0.184203,0.0603107,0.825444,0.00230334,-0.22301,nan,2.69925,nan,nan,nan,nan,-0.0342318,-0.0894532,-0.0156215,0.00925,-0.376199,-0.001,-0.0605815,-0.600433,nan
239,42.5527,815.25,0.0567274,0.0833333,0.0833333,0.266636,1.96238,0.0329473,-0.00793179,1.77939,5.85277e-05,0.00915228,0.281923,8052.97,0.983848,0.542048,-0.1,0.02,218.85,2.93683e+06,0.14726,0.0518971,0.66905,0.00225696,-0.180532,nan,2.3895,nan,nan,nan,nan,-0.0312954,-0.0692684,-0.0135868,0.007875,-0.30632,0,-0.054072,-0.485132,nan
240,46.5384,870.8,0.0569735,0.166667,0.0416667,0.265047,1.98256,0.056053,-0.00782529,1.77569,5.85277e-05,0.00585063,0.281866,8172.45,0.95207,0.551518,-0.1,0.02,220.355,2.94912e+06,0.184008,0.0559626,0.706157,0.00213988,-0.192146,nan,2.5935,nan,nan,nan,nan,-0.0337177,-0.0742967,-0.0145384,0.0133,-0.326019,-0.0002,-0.0560061,-0.531222,nan
241,44.7062,789,0.0572545,0.0833333,0.0416667,0.263369,1.94978,0.0229896,-0.00621917,1.7723,5.85277e-05,0.0072101,0.281757,8339.16,0.873206,0.600324,-0.1,0.02,221.833,2.96141e+06,0.120969,0.0502794,0.631024,0.00205737,-0.173564,nan,2.5155,nan,nan,nan,nan,-0.0317791,-0.0751746,-0.0142242,0.0103333,-0.294664,-0.001,-0.0429823,-0.461464,nan
242,56.2516,1000,0.0570861,0.25,0,0.265436,1.93775,0.041986,-0.00778746,1.76714,5.85277e-05,0.0173113,0.281653,7792.43,0.974996,0.60192,-0.1,0.02,223.412,2.9737e+06,0.206342,0.0605584,0.814359,0.00239375,-0.220204,nan,3.1415,nan,nan,nan,nan,-0.0405559,-0.096529,-0.0175674,0.01325,-0.375139,-0.000666667,-0.0586954,-0.616467,nan
243,50.2406,882,0.0572681,0.166667,0.0416667,0.262587,1.94731,0.0269316,-0.00745572,1.76299,5.85277e-05,0.00771015,0.281557,8027.89,0.978339,0.552325,-0.1,0.02,224.944,2.98598e+06,0.177416,0.056348,0.71939,0.00215939,-0.192636,nan,2.7804,nan,nan,nan,nan,-0.035709,-0.0878643,-0.0148445,0.0111,-0.330036,-0.0004,-0.0498524,-0.523439,nan
244,56.9496,1000,0.0571923,0.0416667,0,0.267283,1.95051,0.0543439,-0.00748549,1.75891,5.85277e-05,0.00944315,0.28149,7920.82,0.839044,0.71231,-0.1,0.02,226.497,2.99827e+06,0.190308,0.0656988,0.813952,0.00261109,-0.219817,nan,3.1545,nan,nan,nan,nan,-0.0393972,-0.0947391,-0.0161717,0.0085,-0.373083,0,-0.0652654,-0.579617,nan
245,46.8918,821.778,0.0572785,0.25,0.125,0.263639,1.94161,0.0578867,-0.00669764,1.75731,5.85277e-05,0.00679927,0.281494,8011.38,0.864586,0.669232,-0.1,0.02,228.035,3.01056e+06,0.143065,0.0543666,0.674044,0.00265664,-0.180269,nan,2.59767,nan,nan,nan,nan,-0.0327398,-0.0731852,-0.0143667,0.0122222,-0.30549,-0.00133333,-0.0573221,-0.474723,nan
246,42.4823,757.2,0.0577158,0.125,0.0833333,0.266114,1.96337,0.0339412,-0.0063737,1.75659,5.85277e-05,0.00677423,0.281442,7828.9,0.905426,0.664144,-0.1,0.02,229.606,3.02285e+06,0.129073,0.0493911,0.608015,0.0019459,-0.16693,nan,2.3877,nan,nan,nan,nan,-0.0308277,-0.0675865,-0.0139271,0.0091,-0.284854,-0.0016,-0.04283,-0.452556,nan
247,56.8302,1000,0.0570554,0.125,0,0.266719,1.93767,0.0240181,-0.00763887,1.75236,5.85277e-05,0.00697706,0.281316,7956.51,0.785597,0.758799,-0.1,0.02,231.153,3.03514e+06,0.169941,0.062762,0.823951,0.00249854,-0.219451,nan,3.169,nan,nan,nan,nan,-0.0392006,-0.0933092,-0.0174835,0.0113333,-0.372549,-0.00133333,-0.0577152,-0.596932,nan
248,nan,nan,0.0576917,0,0,0.262553,1.95738,0.0235436,-0.00875735,1.74636,5.85277e-05,0.0109806,0.281196,7691.32,0.756682,0.840964,-0.1,0.02,232.752,3.04742e+06,nan,nan,nan,nan,nan,nan,nan,nan,nan,nan,nan,nan,nan,nan,nan,nan,nan,nan,nan,nan
249,36.1181,783.5,0.0579612,0.0416667,0.0416667,0.262806,1.96737,0.0577882,-0.00722156,1.74237,5.85277e-05,0.0134521,0.281163,8056.08,0.770668,0.75464,-0.1,0.02,234.283,3.05971e+06,0.150903,0.0475851,0.633749,0.00211937,-0.172078,nan,2.07225,nan,nan,nan,nan,-0.0286012,-0.0578243,-0.0127204,0.00875,-0.293648,-0.001,-0.0509847,-0.492593,nan
250,48.0724,844.75,0.0577277,0.208333,0.125,0.263106,1.94689,0.0505005,-0.0076766,1.74094,5.85277e-05,0.0123996,0.281119,9653.63,0.716191,0.556698,-0.1,0.02,235.557,3.072e+06,0.142263,0.0580814,0.692511,0.00253983,-0.182826,nan,2.68275,nan,nan,nan,nan,-0.0343292,-0.0828567,-0.0143254,0.0110625,-0.313406,-0.000625,-0.056456,-0.500765,nan
251,43.0207,830.75,0.0569161,0.125,0.0416667,0.264131,1.92944,0.044148,-0.00603707,1.73855,5.85277e-05,0.00953168,0.281073,7777.86,0.710177,0.869691,-0.1,0.02,237.139,3.08429e+06,0.181924,0.0559627,0.682341,0.00206036,-0.183396,nan,2.37038,nan,nan,nan,nan,-0.0309716,-0.0735937,-0.0137603,0.008,-0.311547,-0.0005,-0.0495641,-0.486293,nan
252,46.5956,812.5,0.0572411,0.0416667,0.0416667,0.26487,1.96155,0.0286421,-0.00735426,1.73592,5.85277e-05,0.0136096,0.281009,7861.26,0.668067,0.895041,-0.1,0.02,238.705,3.09658e+06,0.14581,0.0474164,0.658293,0.0021229,-0.17493,nan,2.613,nan,nan,nan,nan,-0.0328046,-0.0803478,-0.0152946,0.01075,-0.301874,-0.0005,-0.0471208,-0.494741,nan
253,42.6123,833,0.0564917,0.0833333,0.0833333,0.265681,1.97219,0.0494433,-0.00740555,1.73258,5.85277e-05,0.0092493,0.280946,7491.12,0.861126,0.779216,-0.1,0.02,240.349,3.10886e+06,0.168437,0.0596712,0.67546,0.00209034,-0.180787,nan,2.3505,nan,nan,nan,nan,-0.0311873,-0.0636047,-0.0114744,0.00725,-0.308093,0,-0.0574702,-0.480179,nan
254,29.4885,548,0.0566249,0.0416667,0.0416667,0.264148,1.98104,0.0390917,-0.00687215,1.73049,5.85277e-05,0.011119,0.280907,8367.1,0.70924,0.759369,-0.1,0.02,241.82,3.12115e+06,0.0928583,0.0311181,0.439533,0.00228089,-0.119966,nan,1.7025,nan,nan,nan,nan,-0.0222555,-0.0538965,-0.00985588,0.00775,-0.205824,0,-0.0360157,-0.353802,nan
255,56.2352,1000,0.057941,0.125,0,0.262919,1.92481,0.0321305,-0.00732318,1.72725,5.85277e-05,0.00933416,0.280796,7977.3,0.809204,0.731167,-0.1,0.02,243.362,3.13344e+06,0.206273,0.0669522,0.800873,0.00237119,-0.217137,nan,3.1115,nan,nan,nan,nan,-0.0402738,-0.0989385,-0.0166345,0.014,-0.373864,0,-0.0539421,-0.589419,nan
256,51.8515,912,0.0570282,0.0833333,0.0416667,0.264479,1.94659,0.037233,-0.00754666,1.72169,5.85277e-05,0.0113693,0.280667,8446.31,0.773598,0.681238,-0.1,0.02,244.819,3.14573e+06,0.165781,0.0635715,0.742031,0.00222804,-0.196244,nan,2.903,nan,nan,nan,nan,-0.0392125,-0.0938455,-0.017369,0.0135,-0.342482,-0.00166667,-0.0505889,-0.556129,nan
257,54.046,941.25,0.0564036,0.125,0.0416667,0.262796,1.94831,0.0499139,-0.00694179,1.71615,5.85277e-05,0.00822063,0.280559,8194.33,0.818895,0.680678,-0.1,0.02,246.32,3.15802e+06,0.170262,0.0531352,0.781293,0.00246194,-0.207496,nan,2.96475,nan,nan,nan,nan,-0.0378811,-0.0813942,-0.0165236,0.013375,-0.351936,-0.00125,-0.0533432,-0.533151,nan
258,nan,nan,0.0564254,0,0,0.261067,1.9317,0.0338978,-0.00638688,1.71199,5.85277e-05,0.0133322,0.280485,8161.86,0.833685,0.671854,-0.1,0.02,247.827,3.1703e+06,nan,nan,nan,nan,nan,nan,nan,nan,nan,nan,nan,nan,nan,nan,nan,nan,nan,nan,nan,nan
259,43.23,764.5,0.0562531,0.125,0.0416667,0.263561,1.9614,0.0362653,-0.00685435,1.70931,5.85277e-05,0.00890232,0.280466,7858.28,0.82738,0.736321,-0.1,0.02,249.392,3.18259e+06,0.131406,0.0538777,0.628915,0.00199917,-0.165355,nan,2.39325,nan,nan,nan,nan,-0.0302105,-0.063692,-0.0129105,0.007875,-0.285376,-0.001,-0.0441549,-0.453123,nan
260,53.5566,916.5,0.0566957,0.125,0.125,0.266672,1.98482,0.0575235,-0.00657703,1.70821,5.85277e-05,0.0106912,0.280438,8441.79,0.773937,0.681679,-0.1,0.02,250.852,3.19488e+06,0.193855,0.0616028,0.757455,0.00241892,-0.197593,nan,2.9135,nan,nan,nan,nan,-0.0376683,-0.0804822,-0.0156187,0.01075,-0.341079,0,-0.051843,-0.537468,nan
261,55.026,954.667,0.0569646,0.0833333,0.0416667,0.260415,1.94943,0.0367414,-0.0076455,1.70625,5.85277e-05,0.0087725,0.28038,7848.31,0.765986,0.799701,-0.1,0.02,252.42,3.20717e+06,0.200053,0.0604051,0.776304,0.00265772,-0.209097,nan,3.0395,nan,nan,nan,nan,-0.0406634,-0.0934987,-0.0158246,0.012,-0.35619,-0.00166667,-0.0597829,-0.562896,nan
262,58.1721,1000,0.0566206,0.208333,0,0.264135,1.94906,0.0313498,-0.00679176,1.70277,5.85277e-05,0.0132621,0.280282,7974.46,0.795025,0.745894,-0.1,0.02,253.962,3.21946e+06,0.216017,0.0652525,0.806072,0.00233042,-0.216449,nan,3.1974,nan,nan,nan,nan,-0.0423613,-0.103411,-0.0171043,0.011,-0.374512,-0.0004,-0.05151,-0.583721,nan
263,58.8831,1000,0.0573272,0.125,0,0.261037,1.93996,0.0251297,-0.00626895,1.6985,5.85277e-05,0.00700256,0.280206,7817.35,0.764814,0.807073,-0.1,0.02,255.536,3.23174e+06,0.21809,0.0657338,0.826478,0.00248879,-0.21662,nan,3.179,nan,nan,nan,nan,-0.0395496,-0.09215,-0.0172647,0.0105,-0.371375,-0.001,-0.0566455,-0.563531,nan
264,58.0597,1000,0.0566618,0.291667,0,0.258655,1.95199,0.0253729,-0.00586556,1.6948,5.85277e-05,0.0139519,0.280111,7558.26,0.86191,0.76386,-0.1,0.02,257.165,3.24403e+06,0.216272,0.0632819,0.828173,0.00266033,-0.216086,nan,3.14786,nan,nan,nan,nan,-0.0403372,-0.0903197,-0.0165441,0.0116429,-0.371226,-0.000142857,-0.0652209,-0.567023,nan
265,49.4446,871.286,0.0569716,0.208333,0.0833333,0.260137,1.94852,0.051007,-0.00726081,1.69159,5.85277e-05,0.0106271,0.280105,8051.7,0.777204,0.748933,-0.1,0.02,258.693,3.25632e+06,0.177722,0.0594079,0.718018,0.00241515,-0.186947,nan,2.69529,nan,nan,nan,nan,-0.0336176,-0.0728472,-0.0143308,0.0106429,-0.323183,-0.00142857,-0.0573135,-0.501593,nan
266,51.5077,1000,0.0573895,0.166667,0,0.257883,1.91828,0.0409194,-0.00519994,1.69072,8.77915e-05,0.00277452,0.280053,9027.85,0.664566,0.696555,-0.1,0.02,260.058,3.26861e+06,0.220156,0.0669935,0.811085,0.00231849,-0.218014,nan,2.8665,nan,nan,nan,nan,-0.0374348,-0.0868642,-0.016081,0.0115,-0.376858,-0.0005,-0.0560251,-0.61139,nan
267,56.6553,998.283,0.0510884,14.5,0.0833333,0.29692,1.92568,0.0377494,-0.0101801,1.68638,8.77915e-05,0.0140533,0.279942,7153.78,0.882885,0.834807,-0.1,0.02,261.778,3.2809e+06,0.198903,0.065219,0.823605,0.00261322,-0.215707,nan,3.1059,nan,nan,nan,nan,-0.0395417,-0.0907112,-0.0166428,0.0116414,-0.372124,-0.000657143,-0.059783,-0.579954,nan
268,51.744,903.417,0.0581895,0.416667,0.0833333,0.267203,1.94251,0.0434672,-0.00852236,1.68119,8.77915e-05,0.0091823,0.279838,8188.05,0.843591,0.657133,-0.1,0.02,263.281,3.29318e+06,0.172564,0.0588936,0.748505,0.00250133,-0.195411,nan,2.8385,nan,nan,nan,nan,-0.03586,-0.079618,-0.0153029,0.0104167,-0.335884,-0.000416667,-0.0576754,-0.524013,nan
269,59.9012,1000,0.057085,0.208333,0,0.261902,1.94117,0.0288739,-0.00805492,1.67563,8.77915e-05,0.0165351,0.279698,9033.24,0.786951,0.573358,-0.1,0.02,264.643,3.30547e+06,0.218792,0.0724426,0.833571,0.00299189,-0.214881,nan,3.219,nan,nan,nan,nan,-0.0408763,-0.0892204,-0.0166867,0.0115,-0.372825,-0.0002,-0.0605319,-0.568014,nan
270,58.3893,1000,0.0558408,0.25,0,0.261004,1.90984,0.0321867,-0.00740026,1.66892,8.77915e-05,0.0116676,0.279573,8596.48,0.758453,0.670969,-0.1,0.02,266.074,3.31776e+06,0.19336,0.0636722,0.828652,0.00279959,-0.217616,nan,3.198,nan,nan,nan,nan,-0.0400994,-0.0961967,-0.0169238,0.0114167,-0.372501,-0.000166667,-0.0619347,-0.572997,nan
271,58.4506,1000,0.057147,0.208333,0,0.260044,1.92803,0.0305094,-0.0053635,1.66312,8.77915e-05,0.013117,0.279435,7507,0.755226,0.881646,-0.1,0.02,267.713,3.33005e+06,0.193623,0.0669551,0.827132,0.0027161,-0.214621,nan,3.183,nan,nan,nan,nan,-0.0393192,-0.0866433,-0.0174641,0.0128,-0.37074,0,-0.065327,-0.569583,nan
272,47.4499,853.667,0.0570934,0.208333,0.0416667,0.259941,1.92163,0.0285146,-0.00900438,1.65677,8.77915e-05,0.0126613,0.279294,8131.23,0.858219,0.652992,-0.1,0.02,269.228,3.34234e+06,0.163809,0.0563545,0.707301,0.00249245,-0.184782,nan,2.58575,nan,nan,nan,nan,-0.0320127,-0.0693864,-0.0128552,0.00966667,-0.316371,-0.0005,-0.0548518,-0.482119,nan
273,52.9939,940.333,0.0567103,0.0833333,0.0416667,0.259578,1.9262,0.0325361,-0.00816517,1.65156,8.77915e-05,0.00669101,0.279207,8212.03,0.812758,0.683584,-0.1,0.02,270.726,3.35462e+06,0.168902,0.0587537,0.757311,0.00261339,-0.203701,nan,2.959,nan,nan,nan,nan,-0.0392083,-0.0853588,-0.0153015,0.0113333,-0.347033,-0.001,-0.0646646,-0.551949,nan
274,58.3925,1000,0.0584312,0.0416667,0,0.26289,1.93199,0.0275858,-0.00779735,1.64803,8.77915e-05,0.0119751,0.279129,8333.2,0.744799,0.729785,-0.1,0.02,272.203,3.36691e+06,0.213271,0.0763112,0.839791,0.00307371,-0.214032,nan,3.1155,nan,nan,nan,nan,-0.0400211,-0.0796827,-0.0181292,0.012,-0.373016,0,-0.0582366,-0.557205,nan
275,57.6001,1000,0.057303,0.125,0,0.261787,1.93464,0.0251978,-0.00777892,1.64413,8.77915e-05,0.011369,0.27905,8503.81,0.686252,0.758747,-0.1,0.02,273.649,3.3792e+06,0.209438,0.0672034,0.824005,0.00253928,-0.215892,nan,3.1445,nan,nan,nan,nan,-0.0408978,-0.0894077,-0.0171803,0.0118333,-0.370748,-0.000666667,-0.059799,-0.584922,nan
276,42.3428,793.167,0.0570544,0.166667,0.0833333,0.260737,1.93738,0.0596951,-0.00728179,1.63972,8.77915e-05,0.012587,0.278929,8474.96,0.737324,0.712595,-0.1,0.02,275.101,3.39149e+06,0.136924,0.0485054,0.650528,0.00201098,-0.172214,nan,2.3615,nan,nan,nan,nan,-0.0305244,-0.0746895,-0.0129352,0.00841667,-0.293811,0,-0.0496465,-0.456925,nan
277,43.5306,743.333,0.0572691,0.0833333,0.0416667,0.262539,1.93121,0.0294747,-0.00790418,1.63409,8.77915e-05,0.0156086,0.278814,7925.24,0.777061,0.773428,-0.1,0.02,276.653,3.40378e+06,0.13442,0.0451663,0.616686,0.00192875,-0.159829,nan,2.3965,nan,nan,nan,nan,-0.0306353,-0.0700151,-0.0125038,0.00816667,-0.275781,-0.000333333,-0.0491345,-0.428107,nan
278,58.5188,1000,0.0572127,0.25,0,0.261544,1.92915,0.0255115,-0.00846549,1.62829,8.77915e-05,0.0122766,0.278676,8361.84,0.84572,0.623812,-0.1,0.02,278.124,3.41606e+06,0.197724,0.0590521,0.83453,0.00252144,-0.21499,nan,3.19025,nan,nan,nan,nan,-0.0407736,-0.0911889,-0.0166387,0.0116667,-0.371307,-0.0005,-0.0595648,-0.574841,nan
279,42.0895,716.6,0.0570506,0.125,0.0833333,0.264666,1.91723,0.0617189,-0.00868694,1.62209,8.77915e-05,0.0152855,0.27857,8553.8,0.876383,0.560171,-0.1,0.02,279.563,3.42835e+06,0.141798,0.0446272,0.589459,0.00183425,-0.155542,nan,2.3067,nan,nan,nan,nan,-0.0303579,-0.0674661,-0.0122365,0.0089,-0.266435,-0.0008,-0.0398072,-0.4162,nan
280,55.2603,1000,0.0570783,0.125,0,0.261304,1.92443,0.0316454,-0.00797687,1.61764,8.77915e-05,0.0125579,0.278479,8231.96,0.900031,0.592687,-0.1,0.02,281.057,3.44064e+06,0.213009,0.0692401,0.825357,0.00228032,-0.214359,nan,3.002,nan,nan,nan,nan,-0.0381093,-0.0867629,-0.014728,0.0103333,-0.370219,-0.000333333,-0.0610477,-0.573643,nan
281,28.4081,501,0.0579186,0.0416667,0.125,0.257812,1.9118,0.0407125,-0.00592467,1.61352,8.77915e-05,0.00830095,0.278413,8680.19,0.84344,0.572198,-0.1,0.02,282.474,3.45293e+06,0.103599,0.0337521,0.402051,0.00160678,-0.109879,nan,1.5645,nan,nan,nan,nan,-0.0205088,-0.0437243,-0.008369,0.006375,-0.184576,0,-0.0367486,-0.287675,nan
282,52.8195,1000,0.0577511,0.25,0,0.25843,1.93111,0.0283316,-0.0054473,1.60902,8.77915e-05,0.00688535,0.278277,8503.64,0.858153,0.586876,-0.1,0.02,283.92,3.46522e+06,0.203137,0.0683318,0.828264,0.00238194,-0.217224,nan,2.894,nan,nan,nan,nan,-0.0399146,-0.0919867,-0.0153272,0.0106667,-0.374253,-0.000166667,-0.056469,-0.570465,nan
283,50.1392,1000,0.0582778,0.25,0,0.258206,1.90656,0.0256945,-0.00723058,1.60173,8.77915e-05,0.00595844,0.278139,8156.02,0.881418,0.6252,-0.1,0.02,285.429,3.4775e+06,0.200088,0.0635057,0.828241,0.00232562,-0.216812,nan,2.76475,nan,nan,nan,nan,-0.0362108,-0.0884356,-0.0151895,0.01075,-0.373371,-0.000166667,-0.0603072,-0.572208,nan
284,57.2519,1000,0.0584565,0.208333,0,0.258511,1.90515,0.0250337,-0.00487425,1.59609,8.77915e-05,0.00566344,0.278025,8618.58,0.777077,0.648679,-0.1,0.02,286.856,3.48979e+06,0.205849,0.0671614,0.809143,0.00276713,-0.216074,nan,3.1461,nan,nan,nan,nan,-0.041355,-0.102308,-0.0163275,0.0109,-0.372333,0,-0.0573983,-0.57353,nan
285,52.7878,1000,0.0585219,0.0833333,0,0.262346,1.90306,0.0276372,-0.00871357,1.59083,8.77915e-05,0.0120662,0.277924,8358.76,0.834975,0.635099,-0.1,0.02,288.327,3.50208e+06,0.236357,0.0669541,0.825475,0.00205812,-0.214446,nan,2.895,nan,nan,nan,nan,-0.037269,-0.0874413,-0.0152401,0.00775,-0.368798,-0.0005,-0.0698366,-0.600671,nan
286,47.6426,823,0.0569329,0.208333,0.125,0.262356,1.92358,0.0545194,-0.00634249,1.58736,8.77915e-05,0.00919632,0.277885,8325.66,0.877273,0.598646,-0.1,0.02,289.805,3.51437e+06,0.151389,0.058214,0.673845,0.00214167,-0.178212,nan,2.61619,nan,nan,nan,nan,-0.033315,-0.074453,-0.0139805,0.0098125,-0.304553,-0.0005,-0.053387,-0.471061,nan
287,58.6869,1000,0.0568834,0.333333,0,0.264711,1.92407,0.0419643,-0.00682603,1.58449,8.77915e-05,0.0122653,0.277779,9275.29,0.777013,0.547797,-0.1,0.02,291.131,3.52666e+06,0.206372,0.063274,0.831043,0.0024973,-0.215504,nan,3.18075,nan,nan,nan,nan,-0.0410645,-0.091233,-0.0163132,0.010375,-0.371888,-0.000375,-0.0629835,-0.560607,nan
288,39.9076,783.75,0.0570478,0.125,0.0416667,0.261937,1.91206,0.0660236,-0.00702494,1.57999,8.77915e-05,0.00975543,0.277731,7941.82,0.757363,0.789889,-0.1,0.02,292.68,3.53894e+06,0.171127,0.0510561,0.642606,0.00182401,-0.170561,nan,2.18813,nan,nan,nan,nan,-0.0282883,-0.0632949,-0.0116812,0.007875,-0.29103,-0.0005,-0.0511157,-0.450762,nan
289,43.4106,753,0.0570133,0.0833333,0.0833333,0.262388,1.89284,0.0301677,-0.00835229,1.57798,8.77915e-05,0.0128658,0.277691,8531.06,0.760102,0.680282,-0.1,0.02,294.123,3.55123e+06,0.140619,0.0530499,0.61219,0.00177509,-0.160014,nan,2.37938,nan,nan,nan,nan,-0.0302566,-0.0613902,-0.0115571,0.006125,-0.276335,-0.00175,-0.0545849,-0.426718,nan
290,nan,nan,0.056724,0,0,0.262168,1.91583,0.042036,-0.00738742,1.57483,8.77915e-05,0.00893766,0.277617,9313.86,0.658831,0.660493,-0.1,0.02,295.444,3.56352e+06,nan,nan,nan,nan,nan,nan,nan,nan,nan,nan,nan,nan,nan,nan,nan,nan,nan,nan,nan,nan
291,49.0161,844.5,0.0566035,0.166667,0.0833333,0.25843,1.91579,0.0576072,-0.00655704,1.57065,8.77915e-05,0.0119314,0.277555,8053.86,0.730518,0.79521,-0.1,0.02,296.971,3.57581e+06,0.16832,0.0552703,0.691275,0.00200284,-0.181926,nan,2.68625,nan,nan,nan,nan,-0.0352995,-0.0798325,-0.013611,0.00966667,-0.312995,-0.0005,-0.0537333,-0.484081,nan
292,46.6269,840.8,0.0559912,0.166667,0.0416667,0.262191,1.91093,0.0283877,-0.00693949,1.56623,8.77915e-05,0.0141915,0.277435,8633.22,0.771699,0.65164,-0.1,0.02,298.397,3.5881e+06,0.173155,0.0578219,0.703404,0.00210114,-0.179077,nan,2.5155,nan,nan,nan,nan,-0.031047,-0.0708853,-0.0125644,0.0082,-0.308466,-0.0004,-0.0548383,-0.47156,nan
293,48.2437,844,0.0558468,0.208333,0.0416667,0.25995,1.93172,0.0419486,-0.00743859,1.56183,8.77915e-05,0.00972313,0.277422,8781.11,0.653325,0.746042,-0.1,0.02,299.798,3.60038e+06,0.174545,0.0565204,0.695812,0.00211451,-0.183247,nan,2.6375,nan,nan,nan,nan,-0.0338612,-0.071327,-0.0125004,0.0065,-0.311405,-0.001,-0.0608955,-0.486569,nan
294,58.5054,1000,0.0576943,0.0833333,0,0.259923,1.94185,0.0341465,-0.00706605,1.56199,8.77915e-05,0.0113128,0.277457,8184.27,0.767706,0.73371,-0.1,0.02,301.301,3.61267e+06,0.23726,0.0640439,0.831518,0.00244526,-0.214469,nan,3.132,nan,nan,nan,nan,-0.0378055,-0.0718771,-0.0158814,0.0125,-0.371203,0,-0.0725796,-0.57068,nan
295,49.1925,835.75,0.05668,0.0833333,0.0833333,0.257398,1.94131,0.0370396,-0.00794925,1.56123,8.77915e-05,0.00782206,0.277426,8243.32,0.769582,0.72108,-0.1,0.02,302.794,3.62496e+06,0.17507,0.0552626,0.680245,0.00205033,-0.179781,nan,2.67038,nan,nan,nan,nan,-0.0340607,-0.0719387,-0.0131379,0.009,-0.30605,-0.00075,-0.0633918,-0.463265,nan
296,53.0765,1000,0.0579269,0.125,0,0.260564,1.93341,0.0293121,-0.00680318,1.55785,8.77915e-05,0.0107585,0.277329,9393.34,0.675685,0.632476,-0.1,0.02,304.104,3.63725e+06,0.17857,0.0596902,0.826317,0.00185408,-0.211916,nan,2.9205,nan,nan,nan,nan,-0.0375832,-0.0794113,-0.0147567,0.0065,-0.368515,0,-0.0685276,-0.558893,nan
297,59.5204,1000,0.0577986,0.0416667,0,0.258637,1.93457,0.0317979,-0.00693157,1.55162,8.77915e-05,0.0171821,0.277153,8212.65,0.857803,0.638426,-0.1,0.02,305.602,3.64954e+06,0.182501,0.067412,0.846873,0.00205434,-0.21588,nan,3.1485,nan,nan,nan,nan,-0.0385169,-0.0752744,-0.0174107,0.0135,-0.373778,0,-0.0622631,-0.501698,nan
298,52.0214,899,0.0564532,0.166667,0.0416667,0.258211,1.95339,0.053003,-0.00825179,1.54541,8.77915e-05,0.0113675,0.277111,8134.11,0.835196,0.67548,-0.1,0.02,307.115,3.66182e+06,0.173611,0.0561751,0.743689,0.00193619,-0.190916,nan,2.8392,nan,nan,nan,nan,-0.0362536,-0.0722081,-0.0140775,0.0085,-0.330959,0,-0.0643677,-0.513261,nan
299,41.9455,724.6,0.0577836,0.0833333,0.125,0.257578,1.92682,0.0510842,-0.00704763,1.54456,8.77915e-05,0.0132919,0.277081,8350.86,0.683491,0.787974,-0.1,0.02,308.588,3.67411e+06,0.144053,0.046962,0.598267,0.00204689,-0.154907,nan,2.2884,nan,nan,nan,nan,-0.029842,-0.0620568,-0.0112187,0.0076,-0.267564,0,-0.0515813,-0.412884,nan
300,57.5742,1000,0.0583103,0.0833333,0,0.256858,1.95225,0.0281024,-0.00773497,1.54284,8.77915e-05,0.0111666,0.277075,7887.26,0.812888,0.745068,-0.1,0.02,310.148,3.6864e+06,0.186713,0.0657589,0.825443,0.00195558,-0.215512,nan,3.1275,nan,nan,nan,nan,-0.0394394,-0.0857036,-0.0160742,0.00975,-0.369277,0,-0.0677039,-0.5447,nan
301,55.4476,955.25,0.058499,0.125,0.0416667,0.255748,1.93974,0.0370359,-0.00653478,1.54234,8.77915e-05,0.00828105,0.277088,8653.83,0.888757,0.531192,-0.1,0.02,314.166,3.69869e+06,0.18864,0.0632033,0.793305,0.00218621,-0.201697,nan,3.0135,nan,nan,nan,nan,-0.0392832,-0.0815632,-0.0148471,0.008,-0.350269,-0.00075,-0.0669664,-0.541078,nan
302,56.4825,966.4,0.0593779,0.166667,0.0416667,0.256093,1.95119,0.0393299,-0.00676229,1.54083,8.77915e-05,0.0076039,0.277001,8450.18,0.883621,0.570549,-0.1,0.02,315.622,3.71098e+06,0.190799,0.0678844,0.80615,0.00217751,-0.205734,nan,3.0525,nan,nan,nan,nan,-0.0374829,-0.0737689,-0.014852,0.0115,-0.353373,-0.0004,-0.0750861,-0.546192,nan
303,58.3162,975.167,0.0589915,0.208333,0.0416667,0.255109,1.93422,0.0355245,-0.007008,1.53632,8.77915e-05,0.0109415,0.27694,8478.46,0.884545,0.564775,-0.1,0.02,317.073,3.72326e+06,0.208336,0.0648448,0.806766,0.00218132,-0.206817,nan,3.136,nan,nan,nan,nan,-0.0400029,-0.0866347,-0.0154236,0.0095,-0.35885,-0.000333333,-0.074266,-0.529491,nan
304,54.5985,1000,0.0596326,0.208333,0,0.258129,1.93594,0.0250163,-0.00590133,1.53183,8.77915e-05,0.0101474,0.276787,7810.46,0.983065,0.59021,-0.1,0.02,318.651,3.73555e+06,0.190804,0.0702876,0.840067,0.00174996,-0.211684,nan,2.9529,nan,nan,nan,nan,-0.0372389,-0.0811336,-0.0142535,0.0099,-0.367297,0,-0.0700713,-0.554106,nan
305,56.6122,984,0.0586129,0.166667,0.0416667,0.258199,1.94612,0.0374989,-0.00745782,1.52456,8.77915e-05,0.0141226,0.276688,7762.44,0.9942,0.588807,-0.1,0.02,320.235,3.74784e+06,0.216351,0.066391,0.809058,0.00196655,-0.208592,nan,3.0696,nan,nan,nan,nan,-0.0415373,-0.088221,-0.0152897,0.0085,-0.361633,-0.0002,-0.0728258,-0.552956,nan
306,54.3395,992.75,0.0586126,0.291667,0.0416667,0.257193,1.95933,0.0589161,-0.00746596,1.52124,8.77915e-05,0.0104067,0.276657,8981.04,0.853279,0.514937,-0.1,0.02,321.608,3.76013e+06,0.213921,0.0666425,0.828327,0.0020621,-0.211593,nan,2.9295,nan,nan,nan,nan,-0.0366979,-0.0782396,-0.0142609,0.009,-0.362777,-0.000375,-0.0777912,-0.550741,nan
307,47.5583,877,0.05887,0.166667,0.0416667,0.259136,1.94009,0.0441966,-0.00823649,1.51902,8.77915e-05,0.00932962,0.276583,8194.07,0.893101,0.60652,-0.1,0.02,323.109,3.77242e+06,0.19604,0.0589585,0.730038,0.00179928,-0.185967,nan,2.5461,nan,nan,nan,nan,-0.030918,-0.0581599,-0.0119908,0.0084,-0.319697,0,-0.0723362,-0.484353,nan
308,46.7061,801,0.0584853,0.166667,0.125,0.259972,1.96452,0.0571311,-0.00577325,1.51585,8.77915e-05,0.0082288,0.276554,8579.36,0.82056,0.611714,-0.1,0.02,324.543,3.7847e+06,0.160996,0.060064,0.668287,0.00166885,-0.167693,nan,2.51807,nan,nan,nan,nan,-0.0328293,-0.0647,-0.0112952,0.00714286,-0.293634,-0.002,-0.0627963,-0.445979,nan
309,57.6118,1000,0.0546754,13.75,0,0.299355,1.98825,0.0951307,-0.00962215,1.5148,8.77915e-05,0.0187976,0.276543,8289.12,0.866115,0.61631,-0.1,0.02,326.027,3.79699e+06,0.202511,0.0678056,0.832599,0.00200134,-0.211369,nan,3.10303,nan,nan,nan,nan,-0.0390051,-0.0787443,-0.0150765,0.00947424,-0.365442,-0.000181818,-0.0770006,-0.55001,nan
310,42.1936,751,0.0592008,0.541667,0.208333,0.261464,1.96284,0.103224,-0.00707914,1.51498,8.77915e-05,0.0099898,0.276593,7302.28,0.901522,0.781241,-0.1,0.02,327.716,3.80928e+06,0.149267,0.0508247,0.623068,0.00156544,-0.15901,nan,2.29175,nan,nan,nan,nan,-0.0297857,-0.0603389,-0.0112825,0.00669444,-0.275274,-0.000388889,-0.0571124,-0.420298,nan
311,33.762,620.889,0.0578775,0.166667,0.208333,0.258593,1.93846,0.0745765,-0.00756248,1.5155,8.77915e-05,0.0136839,0.276565,7650.37,0.874095,0.732101,-0.1,0.02,329.325,3.82157e+06,0.144841,0.042017,0.50937,0.00142698,-0.130878,nan,1.82133,nan,nan,nan,nan,-0.0236003,-0.0451359,-0.00868356,0.00677778,-0.227746,-0.00122222,-0.0489477,-0.351452,nan
312,59.0088,1000,0.0588221,0.166667,0,0.255911,1.97176,0.0497743,-0.00785356,1.51306,8.77915e-05,0.00991974,0.276514,8461.36,0.838105,0.614144,-0.1,0.02,330.779,3.83386e+06,0.195151,0.070368,0.831429,0.0021531,-0.212264,nan,3.16875,nan,nan,nan,nan,-0.0392011,-0.0780987,-0.0146872,0.008625,-0.362212,-0.0005,-0.0853571,-0.533716,nan
313,50.0291,844.333,0.0595182,0.208333,0.0416667,0.256238,1.94189,0.0318466,-0.00756679,1.50947,8.77915e-05,0.0110567,0.276424,7854.21,0.904375,0.660136,-0.1,0.02,332.345,3.84614e+06,0.178692,0.059392,0.701666,0.0018304,-0.177323,nan,2.689,nan,nan,nan,nan,-0.0339314,-0.0675354,-0.0127559,0.00758333,-0.307025,-0.001,-0.0708689,-0.466267,nan
314,45.8176,780.5,0.059158,0.125,0.0416667,0.257823,1.94986,0.0353695,-0.00840917,1.50476,8.77915e-05,0.0103643,0.276352,8274.83,0.886439,0.598547,-0.1,0.02,333.832,3.85843e+06,0.136943,0.0523294,0.64251,0.00156665,-0.165309,nan,2.51513,nan,nan,nan,nan,-0.0319772,-0.0680637,-0.0116954,0.00725,-0.286564,0,-0.0614377,-0.439795,nan
315,43.3768,800.25,0.0587117,0.125,0.0416667,0.258668,1.96384,0.0261245,-0.00738786,1.50041,8.77915e-05,0.0083151,0.276227,8046.96,0.943323,0.583713,-0.1,0.02,335.36,3.87072e+06,0.174832,0.0516558,0.662878,0.00161184,-0.168524,nan,2.34563,nan,nan,nan,nan,-0.0312474,-0.060933,-0.0113264,0.0075,-0.289388,0,-0.0679139,-0.445929,nan
316,59.0627,1000,0.0590501,0.0833333,0,0.253375,1.97922,0.0385883,-0.00744008,1.49388,8.77915e-05,0.0137433,0.276106,8427.92,0.855003,0.603008,-0.1,0.02,336.82,3.88301e+06,0.183521,0.0723133,0.848038,0.0023035,-0.210466,nan,3.1845,nan,nan,nan,nan,-0.0387737,-0.0819621,-0.0151081,0.01025,-0.363401,0,-0.0930037,-0.545077,nan
317,50.4663,962,0.0590324,0.125,0.0416667,0.258337,1.93533,0.0521627,-0.00755692,1.48908,8.77915e-05,0.0127375,0.276029,8139.28,0.854432,0.655285,-0.1,0.02,338.334,3.8953e+06,0.208274,0.0616105,0.796205,0.0014937,-0.204555,nan,2.73413,nan,nan,nan,nan,-0.0331904,-0.0665385,-0.0128232,0.007375,-0.354676,-0.00075,-0.0703462,-0.542887,nan
318,54.1496,901.875,0.0584634,0.291667,0.0416667,0.25886,1.94086,0.0361241,-0.00646513,1.4857,8.77915e-05,0.0122155,0.275967,8323.71,0.802616,0.673649,-0.1,0.02,339.813,3.90758e+06,0.217142,0.0663591,0.756726,0.00177774,-0.187096,nan,2.85469,nan,nan,nan,nan,-0.0357604,-0.0663849,-0.0136942,0.0085,-0.326386,-0.001,-0.0759935,-0.4914,nan
319,43.9284,745.667,0.0589645,0.0833333,0.0416667,0.255414,1.92911,0.0516972,-0.00779683,1.48133,8.77915e-05,0.0105109,0.275844,8613.06,0.781711,0.64496,-0.1,0.02,341.241,3.91987e+06,0.146804,0.0513765,0.620896,0.001789,-0.153814,nan,2.37,nan,nan,nan,nan,-0.0292048,-0.0579955,-0.0111529,0.00866667,-0.267529,0,-0.0715444,-0.411871,nan
320,53.3484,900,0.0594669,0.25,0.0416667,0.253001,1.9576,0.0281663,-0.00757825,1.47407,8.77915e-05,0.0143225,0.275667,8301.3,0.742115,0.738135,-0.1,0.02,342.723,3.93216e+06,0.198631,0.0589719,0.755443,0.001997,-0.18669,nan,2.85664,nan,nan,nan,nan,-0.0356388,-0.070014,-0.0136431,0.00807143,-0.32725,0,-0.0743039,-0.504799,nan
321,48.3921,825.75,0.0591311,0.125,0.0416667,0.256958,1.89698,0.0518154,-0.00776754,1.468,8.77915e-05,0.0136515,0.275645,8065.93,0.759132,0.764313,-0.1,0.02,344.249,3.94445e+06,0.167757,0.0509233,0.688497,0.00151875,-0.172572,nan,2.63063,nan,nan,nan,nan,-0.0328541,-0.068414,-0.0131773,0.008125,-0.302573,-0.0005,-0.0679755,-0.469777,nan
322,51.8769,884.833,0.05812,0.208333,0.0416667,0.255261,1.93422,0.0299238,-0.0074846,1.46669,8.77915e-05,0.00792258,0.275564,8701.91,0.776447,0.635656,-0.1,0.02,345.663,3.95674e+06,0.17376,0.053903,0.746559,0.00177452,-0.186203,nan,2.7785,nan,nan,nan,nan,-0.034351,-0.0619685,-0.0130413,0.0085,-0.32044,0,-0.0745149,-0.478633,nan
323,57.3216,1000,0.0589464,0.0833333,0,0.258451,1.9572,0.0301613,-0.00646168,1.46122,8.77915e-05,0.0197388,0.275465,9523.14,0.614591,0.675739,-0.1,0.02,346.956,3.96902e+06,0.180649,0.0657307,0.837079,0.00191049,-0.207872,nan,3.1035,nan,nan,nan,nan,-0.0381223,-0.0698713,-0.0143469,0.0095,-0.361441,0,-0.0895794,-0.551055,nan
324,47.6844,873.2,0.0586741,0.166667,0.0416667,0.259234,1.93873,0.03376,-0.00826074,1.45636,8.77915e-05,0.015522,0.275353,9548.59,0.629152,0.657739,-0.1,0.02,348.245,3.98131e+06,0.204252,0.0533793,0.727572,0.00150037,-0.179648,nan,2.541,nan,nan,nan,nan,-0.0318342,-0.0587635,-0.0114356,0.0075,-0.315863,0,-0.0714256,-0.482015,nan
325,51.2878,876.6,0.0600804,0.166667,0.0416667,0.256239,1.95281,0.0271509,-0.00828075,1.44948,8.77915e-05,0.00887993,0.275171,8167.3,0.6593,0.845236,-0.1,0.02,349.751,3.9936e+06,0.189663,0.0604337,0.737558,0.00172744,-0.183901,nan,2.7207,nan,nan,nan,nan,-0.0338079,-0.0639545,-0.0127605,0.0068,-0.316823,-0.0004,-0.0768016,-0.464043,nan
326,59.2655,1000,0.0595069,0.25,0,0.255334,1.9503,0.0237681,-0.00652674,1.44097,8.77915e-05,0.0143605,0.275003,7334.08,0.911893,0.763573,-0.1,0.02,351.428,4.00589e+06,0.212491,0.0688404,0.842545,0.00195846,-0.209546,nan,3.15225,nan,nan,nan,nan,-0.0382656,-0.0736594,-0.0151254,0.0105,-0.362398,0,-0.0815912,-0.544723,nan
327,nan,nan,0.0582789,0,0,0.257803,1.9372,0.0306062,-0.00834867,1.43383,8.77915e-05,0.0119076,0.274847,7655.73,0.829287,0.775785,-0.1,0.02,353.039,4.01818e+06,nan,nan,nan,nan,nan,nan,nan,nan,nan,nan,nan,nan,nan,nan,nan,nan,nan,nan,nan,nan
328,58.0131,975.333,0.0590104,0.458333,0.0416667,0.258928,1.94616,0.025854,-0.00682198,1.42661,8.77915e-05,0.0121701,0.274708,8063.16,0.765146,0.758822,-0.1,0.02,354.565,4.03046e+06,0.194026,0.0649558,0.814467,0.00184268,-0.202552,nan,3.11888,nan,nan,nan,nan,-0.0381808,-0.0730364,-0.0146919,0.00904167,-0.352807,-8.33333e-05,-0.0835725,-0.537632,nan
329,53.28,946.143,0.0597358,0.25,0.0416667,0.254666,1.9541,0.0436763,-0.00726105,1.42148,8.77915e-05,0.0142341,0.274658,6691.39,0.701331,1.13506,-0.1,0.02,356.403,4.04275e+06,0.209193,0.066685,0.793297,0.00194285,-0.196919,nan,2.83714,nan,nan,nan,nan,-0.0351549,-0.0681671,-0.0133079,0.00864286,-0.341515,0,-0.0842681,-0.513572,nan
330,45.0822,806.2,0.0593496,0.125,0.0833333,0.258039,1.94976,0.0579451,-0.00653818,1.41971,8.77915e-05,0.00971734,0.274641,8619.05,0.707466,0.718213,-0.1,0.02,357.831,4.05504e+06,0.161421,0.0574485,0.674689,0.00174828,-0.168449,nan,2.4162,nan,nan,nan,nan,-0.0290913,-0.0539807,-0.0114073,0.0064,-0.293678,-0.0002,-0.0703743,-0.436618,nan
331,54.1627,905.5,0.059164,0.125,0.0416667,0.256719,1.93938,0.0685095,-0.00789305,1.41943,8.77915e-05,0.0124262,0.274662,8770.97,0.703926,0.69706,-0.1,0.02,359.235,4.06733e+06,0.209634,0.0625076,0.759936,0.00213411,-0.18849,nan,2.85788,nan,nan,nan,nan,-0.0345919,-0.0665276,-0.0127813,0.009125,-0.326965,0,-0.0812442,-0.482475,nan
332,31.6438,551.333,0.0584661,0.0416667,0.0833333,0.257711,1.97371,0.043061,-0.00780908,1.41839,8.77915e-05,0.00819453,0.274606,7659.06,0.660906,0.943468,-0.1,0.02,360.842,4.07962e+06,0.108611,0.0371522,0.452171,0.00158139,-0.111951,nan,1.726,nan,nan,nan,nan,-0.0238694,-0.0430227,-0.00823923,0.00366667,-0.200316,-0.00133333,-0.0488321,-0.309427,nan
333,55.1298,918.4,0.0600614,0.166667,0.0416667,0.25719,1.93238,0.0464683,-0.00681127,1.41362,8.77915e-05,0.0121456,0.274488,7663.14,0.695212,0.908308,-0.1,0.02,362.448,4.0919e+06,0.185915,0.064639,0.774047,0.00184024,-0.192262,nan,2.9205,nan,nan,nan,nan,-0.0341819,-0.065105,-0.0130342,0.0091,-0.330568,-0.0002,-0.0804945,-0.483704,nan
334,59.1556,1000,0.0597846,0.166667,0,0.257984,1.91789,0.0226173,-0.00709145,1.40659,8.77915e-05,0.009487,0.274301,7985.96,0.67665,0.862051,-0.1,0.02,363.989,4.10419e+06,0.187163,0.0670153,0.841745,0.00204387,-0.208181,nan,3.17625,nan,nan,nan,nan,-0.0389889,-0.0720538,-0.0147969,0.00925,-0.360473,0,-0.0855596,-0.545635,nan
335,58.203,1000,0.0588044,0.25,0,0.259498,1.93257,0.0256723,-0.0064815,1.39802,8.77915e-05,0.0100623,0.27413,8883.39,0.684215,0.699041,-0.1,0.02,365.375,4.11648e+06,0.207919,0.0694107,0.84392,0.00237002,-0.208572,nan,3.113,nan,nan,nan,nan,-0.0368428,-0.0772174,-0.0142863,0.00991667,-0.3598,0,-0.0914492,-0.548221,nan
336,60.158,1000,0.0603672,0.125,0,0.257111,1.94032,0.022337,-0.00614127,1.39016,8.77915e-05,0.0101212,0.273953,7422.09,0.70852,0.947078,-0.1,0.02,367.032,4.12877e+06,0.227251,0.064965,0.83598,0.00213268,-0.20572,nan,3.2085,nan,nan,nan,nan,-0.0391146,-0.0717362,-0.0147623,0.00633333,-0.361781,0,-0.0793229,-0.564826,nan
337,58.2058,1000,0.060286,0.0416667,0,0.258651,1.92621,0.0213308,-0.00681399,1.38255,8.77915e-05,0.0134952,0.273794,11248.5,0.651676,0.440733,-0.1,0.02,368.129,4.14106e+06,0.212572,0.049926,0.827026,0.00195057,-0.206484,nan,3.153,nan,nan,nan,nan,-0.0409316,-0.0772451,-0.0156207,0.0095,-0.363608,0,-0.0770344,-0.562759,nan
338,54.4939,1000,0.0597838,0.125,0,0.255578,1.94749,0.0426387,-0.00711138,1.37634,8.77915e-05,0.0103519,0.273706,13446.8,0.530906,0.382917,-0.1,0.02,369.045,4.15334e+06,0.205063,0.0653128,0.833474,0.00177908,-0.204302,nan,2.926,nan,nan,nan,nan,-0.036292,-0.0705161,-0.0141307,0.0095,-0.362807,-0.001,-0.0713705,-0.556018,nan
339,42.6294,731,0.0598523,0.0833333,0.0416667,0.255807,1.95664,0.073114,-0.00806983,1.37347,8.77915e-05,0.0149576,0.273671,14524,0.510608,0.335441,-0.1,0.02,369.892,4.16563e+06,0.121118,0.0498614,0.604767,0.0018078,-0.151394,nan,2.336,nan,nan,nan,nan,-0.0302408,-0.0591179,-0.011558,0.0065,-0.264507,-0.000333333,-0.0619985,-0.409437,nan
340,56.4639,935.25,0.0603368,0.25,0.0833333,0.254804,1.95701,0.0290027,-0.00715223,1.37102,8.77915e-05,0.0106805,0.273597,13245.5,0.55487,0.372842,-0.1,0.02,370.821,4.17792e+06,0.228475,0.0611226,0.778892,0.00208913,-0.191601,nan,2.97638,nan,nan,nan,nan,-0.0370261,-0.0760897,-0.0131697,0.009125,-0.33651,-0.00075,-0.0796445,-0.498091,nan
341,58.9359,1000,0.0600233,0.0833333,0,0.254162,1.95529,0.0392008,-0.00756903,1.36598,8.77915e-05,0.0124417,0.273451,7380.09,0.935432,0.729589,-0.1,0.02,372.488,4.19021e+06,0.188268,0.0710988,0.835101,0.00237417,-0.205875,nan,3.12675,nan,nan,nan,nan,-0.0398609,-0.0697881,-0.0150678,0.0095,-0.360891,-0.0005,-0.0846263,-0.509686,nan
342,57.0114,942.2,0.058686,0.125,0.0833333,0.258584,1.92861,0.0362183,-0.00760813,1.36023,8.77915e-05,0.0117778,0.273378,7150.38,1.17207,0.546443,-0.1,0.02,374.208,4.2025e+06,0.191794,0.06632,0.793434,0.00200684,-0.195216,nan,3.0351,nan,nan,nan,nan,-0.035939,-0.0659815,-0.0136456,0.0089,-0.340433,0,-0.0831434,-0.512626,nan
343,57.9799,970.667,0.0591354,0.208333,0.0416667,0.25679,1.93608,0.0296254,-0.00814393,1.35596,8.77915e-05,0.0132266,0.273262,7447.9,0.973498,0.676364,-0.1,0.02,375.86,4.21478e+06,0.200188,0.0716697,0.812618,0.00196254,-0.199334,nan,3.07425,nan,nan,nan,nan,-0.0364721,-0.0667895,-0.0145345,0.00991667,-0.35028,0,-0.0797934,-0.524408,nan
344,56.8859,974.833,0.0589599,0.208333,0.0416667,0.259201,1.9645,0.0440596,-0.00766344,1.35083,8.77915e-05,0.00708814,0.273215,8225.5,0.855503,0.638388,-0.1,0.02,377.355,4.22707e+06,0.194444,0.0645281,0.807148,0.00189373,-0.202571,nan,3.07475,nan,nan,nan,nan,-0.0387431,-0.0770557,-0.0157444,0.00933333,-0.352297,0,-0.0813054,-0.540087,nan
345,58.2189,1000,0.0594447,0.125,0,0.254991,1.95987,0.0279045,-0.00758222,1.34834,8.77915e-05,0.00972683,0.273152,8668.71,0.752139,0.665373,-0.1,0.02,378.775,4.23936e+06,0.199402,0.0692673,0.826393,0.00194021,-0.206912,nan,3.146,nan,nan,nan,nan,-0.0405638,-0.0813191,-0.0150608,0.008,-0.36337,0,-0.075104,-0.557726,nan
346,58.0873,1000,0.0588168,0.125,0,0.251442,1.94611,0.0250785,-0.00781932,1.3449,8.77915e-05,0.0140378,0.273093,7983.83,0.8395,0.699611,-0.1,0.02,380.316,4.25165e+06,0.191315,0.0711038,0.839037,0.00203896,-0.207747,nan,3.1045,nan,nan,nan,nan,-0.0377736,-0.0722761,-0.0132942,0.0085,-0.360963,0,-0.0889838,-0.531093,nan
347,59.8243,1000,0.0593288,0.208333,0,0.252704,1.93957,0.0256296,-0.00677172,1.34131,8.77915e-05,0.0164005,0.272991,8312.77,0.837885,0.640322,-0.1,0.02,381.795,4.26394e+06,0.214055,0.0764773,0.834659,0.00201824,-0.205665,nan,3.1752,nan,nan,nan,nan,-0.0381688,-0.0777555,-0.0141894,0.0083,-0.363058,-0.0014,-0.0831767,-0.53608,nan
348,53.4672,903,0.0590887,0.333333,0.0416667,0.254579,1.96306,0.0359347,-0.00790082,1.33634,8.77915e-05,0.0124748,0.27292,8396,0.812475,0.65108,-0.1,0.02,383.261,4.27622e+06,0.179174,0.0604533,0.762073,0.00194431,-0.187857,nan,2.85917,nan,nan,nan,nan,-0.0347804,-0.0649656,-0.0131326,0.00838889,-0.325589,-0.000111111,-0.0822489,-0.489155,nan
349,58.9339,1000,0.0590324,0.166667,0,0.254329,1.95848,0.0258897,-0.00771734,1.3319,8.77915e-05,0.0132709,0.27279,7784.67,0.96887,0.609616,-0.1,0.02,384.841,4.28851e+06,0.211767,0.0598514,0.841268,0.00214823,-0.206104,nan,3.13988,nan,nan,nan,nan,-0.0379744,-0.0758603,-0.014838,0.010625,-0.361146,0,-0.0865116,-0.536405,nan
350,59.1091,1000,0.0592486,13,0,0.256074,1.94473,0.0244568,-0.00874851,1.32551,8.77915e-05,0.00856386,0.272681,7637.36,0.912035,0.696898,-0.1,0.02,386.451,4.3008e+06,0.211604,0.0691504,0.840704,0.00202513,-0.205097,nan,3.13045,nan,nan,nan,nan,-0.0377659,-0.0726702,-0.0144603,0.00908974,-0.360333,-0.00011859,-0.0860452,-0.531079,nan
351,54.8876,910.545,0.0564976,0.416667,0.0416667,0.292316,1.97384,0.0527826,-0.00865835,1.32069,8.77915e-05,0.0156401,0.272594,7623.02,1.05,0.561955,-0.1,0.02,388.065,4.31309e+06,0.204105,0.0611158,0.762544,0.00195915,-0.18731,nan,2.89377,nan,nan,nan,nan,-0.0350929,-0.0665306,-0.0133941,0.00868182,-0.329508,-9.09091e-05,-0.0751148,-0.480758,nan
352,53.2291,889,0.0576517,0.458333,0.0833333,0.257528,1.92354,0.0621694,-0.00752335,1.31694,8.77915e-05,0.00842615,0.272528,8748.85,0.840756,0.563772,-0.1,0.02,389.471,4.32538e+06,0.19662,0.0620879,0.745883,0.00189657,-0.182708,nan,2.80858,nan,nan,nan,nan,-0.0354587,-0.0671584,-0.0130593,0.00842308,-0.320483,0,-0.0750534,-0.468109,nan
353,47.5582,790.222,0.0584575,0.291667,0.0833333,0.252797,1.93524,0.038167,-0.00763854,1.31463,8.77915e-05,0.013095,0.272488,7657.35,0.949265,0.655469,-0.1,0.02,391.078,4.33766e+06,0.17073,0.0520624,0.658754,0.00189466,-0.161679,nan,2.5305,nan,nan,nan,nan,-0.0305085,-0.0566467,-0.0117038,0.00716667,-0.284519,0,-0.0672546,-0.430885,nan
354,60.2036,1000,0.0578103,0.208333,0,0.255144,1.9282,0.0301495,-0.00780199,1.31103,8.77915e-05,0.0139825,0.272364,8247.14,0.949792,0.54018,-0.1,0.02,392.57,4.34995e+06,0.2063,0.0674536,0.839588,0.00200769,-0.206907,nan,3.2106,nan,nan,nan,nan,-0.03842,-0.0693539,-0.0148268,0.0086,-0.361548,-0.0002,-0.0884108,-0.544701,nan
355,59.4678,1000,0.0587677,0.208333,0,0.257222,1.92535,0.0276669,-0.00915184,1.30522,8.77915e-05,0.0156591,0.272265,8681.61,0.805454,0.609951,-0.1,0.02,393.987,4.36224e+06,0.207084,0.0690609,0.837042,0.00210701,-0.209823,nan,3.1644,nan,nan,nan,nan,-0.0383696,-0.0720642,-0.0145537,0.0103,-0.362054,0,-0.0853364,-0.534404,nan
356,59.5046,1000,0.059573,0.25,0,0.260616,1.93489,0.0269903,-0.00818252,1.30071,8.77915e-05,0.00950664,0.272185,8344.39,0.802785,0.669822,-0.1,0.02,395.462,4.37453e+06,0.220486,0.0727474,0.834061,0.0017739,-0.205269,nan,3.15325,nan,nan,nan,nan,-0.0381695,-0.0782389,-0.0147261,0.007,-0.362414,-0.000166667,-0.0791817,-0.535921,nan
357,33.3392,577.5,0.0594688,0.0416667,0.0416667,0.256815,1.92048,0.026725,-0.00784469,1.29602,8.77915e-05,0.0116583,0.272058,7950.71,0.927673,0.61785,-0.1,0.02,397.009,4.38682e+06,0.114713,0.0404298,0.469516,0.00129588,-0.11528,nan,1.80225,nan,nan,nan,nan,-0.0244498,-0.0480821,-0.0091284,0.0045,-0.210049,-0.0005,-0.0387521,-0.319502,nan
358,49.6288,854.667,0.0586021,0.0833333,0.0416667,0.254773,1.91922,0.0554635,-0.00848727,1.28951,8.77915e-05,0.0144219,0.271934,8932.69,0.805879,0.569743,-0.1,0.02,398.386,4.3991e+06,0.143815,0.0557336,0.703439,0.00183153,-0.174609,nan,2.715,nan,nan,nan,nan,-0.0329892,-0.0643483,-0.01211,0.007,-0.306613,-0.000666667,-0.0756878,-0.478355,nan
359,48.0703,801.111,0.0578647,0.25,0.125,0.258117,1.94453,0.0922986,-0.00735496,1.28569,8.77915e-05,0.00919112,0.271925,8443.41,0.822334,0.633001,-0.1,0.02,399.843,4.41139e+06,0.175018,0.0550627,0.671321,0.00176356,-0.164391,nan,2.54017,nan,nan,nan,nan,-0.0306446,-0.054265,-0.0118916,0.007,-0.288863,-0.000333333,-0.066959,-0.429467,nan
360,44.1122,738.333,0.0589449,0.25,0.125,0.257701,1.91074,0.0330276,-0.00635387,1.28513,8.77915e-05,0.0111201,0.271894,8677.93,0.757465,0.65854,-0.1,0.02,401.261,4.42368e+06,0.163453,0.0500763,0.613063,0.00176721,-0.150584,nan,2.34533,nan,nan,nan,nan,-0.0291984,-0.05964,-0.0106179,0.00644444,-0.265734,-0.000333333,-0.0624478,-0.395972,nan
361,59.1902,1000,0.0594405,0.208333,0,0.25464,1.93421,0.0483675,-0.00841259,1.28282,8.77915e-05,0.015861,0.271835,8146.2,0.695468,0.812965,-0.1,0.02,402.771,4.43597e+06,0.215718,0.0648467,0.825857,0.0018899,-0.203974,nan,3.1611,nan,nan,nan,nan,-0.0391127,-0.077236,-0.0148508,0.0089,-0.360439,0,-0.0827962,-0.540394,nan
362,45.9305,762,0.05887,0.166667,0.0833333,0.255837,1.93709,0.0507503,-0.00800979,1.28162,8.77915e-05,0.0130272,0.271888,7750.48,0.748943,0.836507,-0.1,0.02,404.359,4.44826e+06,0.185047,0.0524372,0.632683,0.00175487,-0.152862,nan,2.4075,nan,nan,nan,nan,-0.0320498,-0.0631609,-0.0111463,0.00658333,-0.275914,-0.000166667,-0.0578741,-0.396308,nan
363,56.2907,1000,0.0591571,0.25,0,0.256135,1.91406,0.0276474,-0.00868634,1.28257,8.77915e-05,0.00932975,0.271866,8496.23,0.751074,0.695214,-0.1,0.02,405.807,4.46054e+06,0.221058,0.0660873,0.835661,0.00202434,-0.205984,nan,2.9855,nan,nan,nan,nan,-0.0360101,-0.0709788,-0.0136426,0.00966667,-0.36067,0,-0.0821532,-0.536025,nan
364,60.214,1000,0.0599415,0.166667,0,0.254128,1.91108,0.028702,-0.00734164,1.27843,8.77915e-05,0.00850064,0.271751,7866.77,0.692692,0.869322,-0.1,0.02,407.371,4.47283e+06,0.185614,0.0685207,0.820699,0.00166822,-0.203195,nan,3.23063,nan,nan,nan,nan,-0.0406936,-0.076398,-0.0149386,0.009,-0.360149,0,-0.0764586,-0.533596,nan
365,60.3155,1000,0.0586132,0.166667,0,0.255236,1.8816,0.0274321,-0.00885385,1.27111,8.77915e-05,0.0158934,0.271582,7896.94,0.759161,0.796884,-0.1,0.02,408.929,4.48512e+06,0.220606,0.0725383,0.83744,0.00215947,-0.20368,nan,3.16463,nan,nan,nan,nan,-0.0387737,-0.0775934,-0.0146131,0.011,-0.358949,-0.00025,-0.0814435,-0.517293,nan
366,51.5973,1000,0.058882,0.166667,0,0.256528,1.9189,0.0260359,-0.00557324,1.26445,8.77915e-05,0.00938594,0.271506,9890.58,0.659165,0.583229,-0.1,0.02,410.173,4.49741e+06,0.222741,0.0791076,0.840219,0.00185024,-0.202153,nan,2.69813,nan,nan,nan,nan,-0.0330013,-0.0666734,-0.0120845,0.009125,-0.358477,0,-0.0829335,-0.51598,nan
367,56.1552,1000,0.0589699,0.208333,0,0.257143,1.92489,0.0266059,-0.00824349,1.26114,8.77915e-05,0.0162006,0.271462,7405.67,0.749908,0.909361,-0.1,0.02,411.835,4.5097e+06,0.225113,0.0658713,0.826125,0.00207905,-0.203411,nan,2.9724,nan,nan,nan,nan,-0.0365718,-0.0724506,-0.0135658,0.0068,-0.359965,0,-0.0789467,-0.52572,nan
368,46.8284,864.4,0.059253,0.166667,0.0416667,0.255509,1.91278,0.0262126,-0.00761928,1.25856,8.77915e-05,0.0121636,0.271413,7716.39,0.76452,0.827935,-0.1,0.02,413.429,4.52198e+06,0.208084,0.0599242,0.725023,0.00178177,-0.174182,nan,2.4324,nan,nan,nan,nan,-0.0304261,-0.0574874,-0.0114411,0.0068,-0.311676,0,-0.0691418,-0.43824,nan
369,60.2209,1000,0.0591752,0.0833333,0,0.256512,1.91123,0.031387,-0.00762689,1.25451,8.77915e-05,0.017788,0.271288,8639.99,0.724453,0.697771,-0.1,0.02,414.853,4.53427e+06,0.192998,0.0754671,0.836011,0.00238617,-0.202573,nan,3.19275,nan,nan,nan,nan,-0.0390735,-0.0697797,-0.0147767,0.00875,-0.360326,0,-0.0904483,-0.520338,nan
370,59.0293,1000,0.0597746,0.416667,0,0.257456,1.9271,0.0254134,-0.00768176,1.24789,8.77915e-05,0.00848662,0.271164,7658.3,0.795093,0.80944,-0.1,0.02,416.459,4.54656e+06,0.221945,0.0691991,0.842516,0.00193753,-0.202847,nan,3.0984,nan,nan,nan,nan,-0.0377063,-0.0728762,-0.0139056,0.0072,-0.357264,0,-0.0909085,-0.514226,nan
371,60.1077,1000,0.0597239,0.291667,0,0.255557,1.92646,0.0214728,-0.00638439,1.24194,8.77915e-05,0.0134547,0.271025,7709.77,0.807115,0.786707,-0.1,0.02,418.055,4.55885e+06,0.19022,0.0739783,0.839737,0.00208681,-0.203168,nan,3.19157,nan,nan,nan,nan,-0.0385001,-0.0766653,-0.0141707,0.00971429,-0.359593,-0.000285714,-0.0841095,-0.525432,nan
372,52.3759,904.6,0.0588201,0.166667,0.0416667,0.256956,1.91811,0.0388304,-0.00786149,1.23462,5.85277e-05,0.0228817,0.27089,8614.02,0.720329,0.706183,-0.1,0.02,419.492,4.57114e+06,0.169273,0.0652621,0.764767,0.00170043,-0.181043,nan,2.7519,nan,nan,nan,nan,-0.0335289,-0.0626285,-0.0112582,0.0079,-0.324896,-0.0006,-0.0739904,-0.454064,nan
373,43.4549,732.167,0.0595339,0.125,0.125,0.254491,1.92333,0.0378658,-0.00789776,1.23002,5.85277e-05,0.00807578,0.270855,7080.53,0.828868,0.906594,-0.1,0.02,421.23,4.58342e+06,0.15384,0.0518603,0.609835,0.00174972,-0.148683,nan,2.315,nan,nan,nan,nan,-0.0304151,-0.0589117,-0.0110772,0.00533333,-0.264054,-0.000166667,-0.0608965,-0.390668,nan
374,54.1279,1000,0.0608108,0.0833333,0,0.253953,1.90982,0.0438353,-0.00753943,1.2274,5.85277e-05,0.0127537,0.27079,7503.92,0.861089,0.776455,-0.1,0.02,422.869,4.59571e+06,0.210141,0.0660011,0.837737,0.00151692,-0.199247,nan,2.87775,nan,nan,nan,nan,-0.0363357,-0.0772626,-0.0119263,0.0055,-0.360409,0,-0.0841457,-0.522925,nan
375,54.773,917.7,0.058525,0.333333,0.0833333,0.250172,1.91451,0.0330376,-0.00712004,1.22403,5.85277e-05,0.0105342,0.270745,6860.36,0.866769,0.92439,-0.1,0.02,424.679,4.608e+06,0.200765,0.065661,0.767203,0.00189175,-0.186282,nan,2.886,nan,nan,nan,nan,-0.0360383,-0.0675344,-0.0134461,0.00795,-0.330056,-0.0004,-0.0792445,-0.477819,nan
376,60.6789,1000,0.0592304,0.166667,0,0.251323,1.91449,0.0263429,-0.00746704,1.22084,5.85277e-05,0.00689722,0.270641,7415.11,0.786783,0.870374,-0.1,0.02,426.339,4.62029e+06,0.249502,0.0641322,0.838941,0.00167559,-0.2004,nan,3.13688,nan,nan,nan,nan,-0.0374359,-0.0682937,-0.014356,0.00825,-0.357513,0,-0.0864093,-0.501024,nan
377,60.3973,1000,0.0600924,0.0833333,0,0.250153,1.89208,0.0351264,-0.00866152,1.2159,5.85277e-05,0.00780146,0.270582,7868.29,0.734156,0.827555,-0.1,0.02,427.903,4.63258e+06,0.209898,0.0765628,0.837655,0.00206211,-0.204676,nan,3.186,nan,nan,nan,nan,-0.0397624,-0.0728942,-0.013908,0.008,-0.361263,0,-0.0861498,-0.52166,nan
378,50.2686,808,0.0587419,0.125,0.0416667,0.252829,1.89186,0.0482745,-0.00800973,1.21377,5.85277e-05,0.00650416,0.27054,8146.77,0.745629,0.762698,-0.1,0.02,429.413,4.64486e+06,0.200415,0.0583397,0.676688,0.0018003,-0.161728,nan,2.60738,nan,nan,nan,nan,-0.0320341,-0.0648647,-0.0119713,0.0085,-0.289171,0,-0.0686417,-0.411278,nan
379,46.5696,835.25,0.0597854,0.0833333,0.0833333,0.252039,1.87835,0.072558,-0.00601976,1.21105,5.85277e-05,0.0124543,0.270503,7749.23,0.785491,0.800215,-0.1,0.02,431,4.65715e+06,0.168745,0.0558585,0.689611,0.00160939,-0.169732,nan,2.481,nan,nan,nan,nan,-0.0309796,-0.0553431,-0.0115039,0.00625,-0.301057,0,-0.0702948,-0.435685,nan
380,52.643,872.2,0.0599441,0.125,0.0833333,0.254032,1.88801,0.0525432,-0.00676935,1.20911,5.85277e-05,0.00938224,0.270462,7762.2,0.81362,0.769436,-0.1,0.02,432.585,4.66944e+06,0.188839,0.0613079,0.723088,0.00163954,-0.175401,nan,2.7825,nan,nan,nan,nan,-0.0337502,-0.061731,-0.0119965,0.0071,-0.312489,-0.0004,-0.07704,-0.459515,nan
381,57.0287,951.875,0.0591272,0.291667,0.0416667,0.252681,1.88972,0.0335095,-0.00687169,1.2062,5.85277e-05,0.00862734,0.2704,7902.33,0.755653,0.799331,-0.1,0.02,434.145,4.68173e+06,0.196834,0.0674254,0.797516,0.00177125,-0.192363,nan,3.02213,nan,nan,nan,nan,-0.0369719,-0.0690408,-0.0137931,0.0078125,-0.342364,-0.000625,-0.0829109,-0.503979,nan
382,53.1234,953.6,0.0592218,0.166667,0.0416667,0.253172,1.91007,0.0391635,-0.00727608,1.2034,5.85277e-05,0.0113067,0.270358,8021.82,0.835353,0.696468,-0.1,0.02,435.678,4.69402e+06,0.205743,0.0680243,0.797749,0.00174767,-0.192259,nan,2.7903,nan,nan,nan,nan,-0.0352808,-0.0627887,-0.0119297,0.0063,-0.342,-0.001,-0.08302,-0.485417,nan
383,60.7825,1000,0.059211,0.0833333,0,0.251665,1.89895,0.0435909,-0.00578262,1.20059,5.85277e-05,0.00559009,0.270289,8028.37,0.890944,0.639628,-0.1,0.02,437.211,4.7063e+06,0.179805,0.0750992,0.848817,0.00211484,-0.198956,nan,3.19725,nan,nan,nan,nan,-0.0375783,-0.0685474,-0.013152,0.008,-0.355306,0,-0.0968579,-0.501563,nan
384,56.8505,1000,0.0596016,0.166667,0,0.252499,1.89197,0.0311149,-0.00766078,1.19632,5.85277e-05,0.0102081,0.270201,7764.9,0.869903,0.712604,-0.1,0.02,438.796,4.71859e+06,0.230775,0.0663321,0.836365,0.00192053,-0.202378,nan,3,nan,nan,nan,nan,-0.0365489,-0.0709569,-0.0133257,0.006625,-0.357203,0,-0.098276,-0.520805,nan
385,58.5966,979.5,0.0593934,0.291667,0.0416667,0.249438,1.91887,0.0371008,-0.00691588,1.19289,5.85277e-05,0.0102392,0.270144,7571.4,1.00539,0.617563,-0.1,0.02,440.437,4.73088e+06,0.201003,0.0674921,0.81195,0.00178954,-0.195527,nan,3.09806,nan,nan,nan,nan,-0.0381377,-0.0675338,-0.0134443,0.0079375,-0.35144,-0.0005,-0.0835543,-0.508266,nan
386,51.6073,874.333,0.0589482,0.208333,0.0416667,0.254388,1.90597,0.048094,-0.00726731,1.19066,5.85277e-05,0.00668516,0.270104,7799.16,1.06527,0.510281,-0.1,0.02,442.014,4.74317e+06,0.180234,0.0613215,0.738982,0.00184272,-0.176563,nan,2.732,nan,nan,nan,nan,-0.0336936,-0.0636335,-0.0126711,0.00758333,-0.312008,-0.000166667,-0.0759189,-0.466944,nan
387,56.0656,1000,0.0598713,0.125,0,0.252679,1.90619,0.0247455,-0.00737466,1.1876,5.85277e-05,0.0133922,0.27001,7695.63,1.02697,0.569776,-0.1,0.02,443.613,4.75546e+06,0.195753,0.0651571,0.840584,0.00213258,-0.202721,nan,2.968,nan,nan,nan,nan,-0.0370406,-0.0601689,-0.0142327,0.00916667,-0.359059,0,-0.0889445,-0.515348,nan
388,59.8359,1000,0.0604827,0.0833333,0,0.25225,1.91006,0.024078,-0.00746562,1.18247,5.85277e-05,0.00977896,0.269884,7387.64,1.05715,0.606169,-0.1,0.02,445.278,4.76774e+06,0.222813,0.0712142,0.82836,0.00203906,-0.200807,nan,3.1695,nan,nan,nan,nan,-0.0399049,-0.0824787,-0.0142669,0.00925,-0.358733,0,-0.0888643,-0.526329,nan
389,54.528,990.25,0.0601984,0.291667,0.0416667,0.250885,1.89585,0.0345831,-0.00696758,1.17645,5.85277e-05,0.0106604,0.26977,7390.72,1.06306,0.599568,-0.1,0.02,446.954,4.78003e+06,0.221936,0.0711859,0.827223,0.0016943,-0.198584,nan,2.8605,nan,nan,nan,nan,-0.0350205,-0.0656433,-0.0127158,0.0076875,-0.354001,-0.00025,-0.0860157,-0.511598,nan
390,53.1728,889.857,0.0602431,0.25,0.0416667,0.252967,1.91728,0.0310764,-0.00694739,1.17088,5.85277e-05,0.00774729,0.269631,7870.18,0.924258,0.637078,-0.1,0.02,448.517,4.79232e+06,0.189394,0.0596532,0.744515,0.0017736,-0.179533,nan,2.80736,nan,nan,nan,nan,-0.0344244,-0.0598167,-0.0123072,0.00835714,-0.31856,0,-0.0791996,-0.468568,nan
391,62.1423,1000,0.0598945,0.208333,0,0.253472,1.94126,0.0278805,-0.0068353,1.16461,5.85277e-05,0.00999045,0.269518,7616.31,0.938277,0.675103,-0.1,0.02,450.132,4.80461e+06,0.251675,0.0752915,0.836758,0.00204615,-0.198579,nan,3.2166,nan,nan,nan,nan,-0.0384703,-0.0762975,-0.0142926,0.01,-0.356309,0,-0.0875413,-0.513767,nan
392,59.1458,998.949,0.0561244,12.1667,0.0416667,0.285492,1.92768,0.0309733,-0.00787993,1.16064,5.85277e-05,0.011198,0.269471,7918.62,0.987674,0.564112,-0.1,0.02,451.685,4.8169e+06,0.21646,0.0722704,0.841024,0.00186975,-0.200404,nan,3.0952,nan,nan,nan,nan,-0.0378691,-0.0699817,-0.0137952,0.00860922,-0.356707,-0.000153584,-0.0894453,-0.509788,nan
393,59.5962,1000,0.0619206,0.666667,0,0.260028,1.91257,0.0379326,-0.00669136,1.15789,5.85277e-05,0.00895387,0.269402,7443.67,0.917465,0.733333,-0.1,0.02,453.338,4.82918e+06,0.228262,0.0738372,0.843784,0.0018242,-0.200527,nan,3.10275,nan,nan,nan,nan,-0.0379222,-0.0711489,-0.0137465,0.0093125,-0.356946,-0.000375,-0.0906029,-0.508689,nan
394,53.6953,893.556,0.0602718,0.333333,0.0416667,0.250963,1.91253,0.0346357,-0.00718422,1.1537,5.85277e-05,0.00932832,0.269314,5988.82,1.1284,0.923429,-0.1,0.02,455.392,4.84147e+06,0.188819,0.0658335,0.747468,0.00163053,-0.177987,nan,2.81783,nan,nan,nan,nan,-0.0352405,-0.0621395,-0.0129867,0.00916667,-0.318508,0,-0.0762856,-0.462838,nan
395,52.4304,866.286,0.0595104,0.25,0.0416667,0.256419,1.8921,0.0288401,-0.00671186,1.14928,5.85277e-05,0.0105002,0.269229,6674.91,1.03418,0.806748,-0.1,0.02,457.235,4.85376e+06,0.187048,0.0623145,0.734307,0.00178744,-0.174991,nan,2.7405,nan,nan,nan,nan,-0.0340907,-0.0607064,-0.0119182,0.00692857,-0.309401,0,-0.0778714,-0.442388,nan
396,61.7652,1000,0.0585033,0.166667,0,0.253141,1.88355,0.0276519,-0.00771762,1.14467,5.85277e-05,0.0099244,0.26912,6828.71,0.986283,0.813179,-0.1,0.02,459.036,4.86605e+06,0.209363,0.0745242,0.851781,0.00186614,-0.197802,nan,3.20288,nan,nan,nan,nan,-0.0400657,-0.0686705,-0.0139243,0.007875,-0.353946,0,-0.089283,-0.496332,nan
397,60.8775,1000,0.0598923,0.208333,0,0.251739,1.90504,0.0334613,-0.00678064,1.13957,5.85277e-05,0.0108865,0.269032,6454.24,1.28301,0.620861,-0.1,0.02,460.942,4.87834e+06,0.208888,0.0744774,0.849291,0.00169218,-0.197219,nan,3.1746,nan,nan,nan,nan,-0.0376696,-0.0652712,-0.0131361,0.0083,-0.354569,0,-0.0964731,-0.509038,nan
398,47.8925,827.8,0.0585057,0.166667,0.0416667,0.256937,1.8994,0.0289887,-0.00685017,1.13606,5.85277e-05,0.013767,0.268983,5715.09,1.35058,0.799515,-0.1,0.02,463.095,4.89062e+06,0.201595,0.0627125,0.69696,0.00154963,-0.16673,nan,2.4777,nan,nan,nan,nan,-0.0307879,-0.0522587,-0.0107079,0.0071,-0.295871,-0.0012,-0.0727829,-0.422657,nan
399,43.614,721.667,0.0595852,0.0833333,0.0416667,0.253007,1.94541,0.0510074,-0.00691638,1.13367,5.85277e-05,0.00838881,0.268946,6654.85,1.2137,0.632778,-0.1,0.02,464.944,4.90291e+06,0.150653,0.0585904,0.597661,0.0013761,-0.144565,nan,2.3045,nan,nan,nan,nan,-0.0290393,-0.0536624,-0.010281,0.00466667,-0.256989,0,-0.0667219,-0.375489,nan
400,41.7918,700.875,0.0602401,0.208333,0.125,0.253398,1.88603,0.0512109,-0.00716023,1.13123,5.85277e-05,0.00514372,0.268888,6859.62,1.19566,0.595693,-0.1,0.02,466.737,4.9152e+06,0.134918,0.0520748,0.586124,0.00132791,-0.140097,nan,2.20406,nan,nan,nan,nan,-0.0279813,-0.0458757,-0.00966363,0.006125,-0.250211,-0.00025,-0.0635811,-0.357381,nan
401,58.4099,949.462,0.0605915,0.458333,0.0833333,0.251446,1.91114,0.0395393,-0.00641617,1.12836,5.85277e-05,0.00996651,0.268857,7595.19,0.940429,0.677437,-0.1,0.02,471.179,4.92749e+06,0.214307,0.0739879,0.80323,0.00163009,-0.189731,nan,3.03208,nan,nan,nan,nan,-0.0360883,-0.0621796,-0.0133635,0.00746154,-0.337614,-0.000230769,-0.088503,-0.484488,nan
402,60.1674,1000,0.0599211,0.166667,0,0.25262,1.88987,0.0494379,-0.00702434,1.12597,5.85277e-05,0.00916178,0.268784,8001.04,0.928489,0.607312,-0.1,0.02,472.716,4.93978e+06,0.209238,0.0726206,0.848933,0.00204729,-0.198554,nan,3.11888,nan,nan,nan,nan,-0.0395221,-0.0680846,-0.0133543,0.00825,-0.353411,0,-0.0935137,-0.485155,nan
403,52.627,855.7,0.0590917,0.333333,0.0833333,0.25244,1.92956,0.0329625,-0.00715377,1.12228,5.85277e-05,0.0088872,0.268724,7790.43,0.891634,0.685685,-0.1,0.02,474.295,4.95206e+06,0.188266,0.0551088,0.720976,0.00160424,-0.170811,nan,2.76915,nan,nan,nan,nan,-0.0337555,-0.0626034,-0.0121603,0.00855,-0.305232,-0.0001,-0.0791916,-0.448453,nan
404,59.2961,1000,0.060484,0.25,0,0.253508,1.90158,0.0283091,-0.0074073,1.11959,5.85277e-05,0.0114798,0.268675,7449,0.972058,0.67756,-0.1,0.02,475.946,4.96435e+06,0.231656,0.0707844,0.84281,0.00173582,-0.199835,nan,3.099,nan,nan,nan,nan,-0.0381059,-0.0698175,-0.0138153,0.00933333,-0.355347,0,-0.0965484,-0.517044,nan
405,49.9549,862.8,0.0602122,0.166667,0.0416667,0.250283,1.90036,0.0365408,-0.0063139,1.11708,8.77915e-05,0.00365681,0.268631,7527.69,0.940131,0.692242,-0.1,0.02,477.58,4.97664e+06,0.193548,0.0607254,0.727464,0.00163962,-0.170868,nan,2.6139,nan,nan,nan,nan,-0.0320724,-0.0555324,-0.0121828,0.0082,-0.305963,0,-0.0837015,-0.447411,nan
406,55.3242,1000,0.0610586,0.125,0,0.249995,1.93088,0.0255231,-0.00746229,1.11361,8.77915e-05,0.0115873,0.268554,7231.9,1.03873,0.660408,-0.1,0.02,479.282,4.98893e+06,0.221836,0.0705521,0.846032,0.00140012,-0.200377,nan,2.9055,nan,nan,nan,nan,-0.0358125,-0.0674248,-0.0130255,0.00566667,-0.356462,0,-0.0877771,-0.523897,nan
407,55.4108,894.167,0.0607147,0.208333,0.0416667,0.250908,1.91174,0.0281489,-0.00834394,1.11029,8.77915e-05,0.0104762,0.26853,7670.71,0.956122,0.645816,-0.1,0.02,480.885,5.00122e+06,0.20852,0.0678868,0.758485,0.00180879,-0.176428,nan,2.861,nan,nan,nan,nan,-0.0353137,-0.0592009,-0.0123102,0.0075,-0.31834,-0.000166667,-0.0831062,-0.449796,nan
408,60.6744,1000,0.0607111,0.208333,0,0.251045,1.92888,0.0264527,-0.00744773,1.10844,8.77915e-05,0.00815659,0.268472,8193.08,0.847899,0.651904,-0.1,0.02,482.387,5.0135e+06,0.216348,0.0741839,0.843817,0.00194316,-0.196424,nan,3.1563,nan,nan,nan,nan,-0.0387416,-0.0711942,-0.0140314,0.0079,-0.355336,-0.0004,-0.0937774,-0.496867,nan
409,61.9166,1000,0.0609102,0.166667,0,0.25285,1.93891,0.0259652,-0.00798162,1.10453,8.77915e-05,0.0104727,0.268368,7882.39,0.925229,0.633689,-0.1,0.02,483.947,5.02579e+06,0.220665,0.0756318,0.846384,0.00179236,-0.196244,nan,3.20925,nan,nan,nan,nan,-0.0400274,-0.076547,-0.0139841,0.0095,-0.353513,0,-0.0901685,-0.49691,nan
410,61.5084,1000,0.059589,0.0833333,0,0.25431,1.94414,0.0263103,-0.0072628,1.09888,8.77915e-05,0.00879503,0.268235,7749.13,0.968269,0.617458,-0.1,0.02,485.535,5.03808e+06,0.276367,0.06805,0.852682,0.00176719,-0.203389,nan,3.15075,nan,nan,nan,nan,-0.038081,-0.06614,-0.0145953,0.00825,-0.356205,-0.0005,-0.0982766,-0.50526,nan
411,57.7985,1000,0.0611838,0.291667,0,0.250594,1.90095,0.0261512,-0.0074938,1.09286,8.77915e-05,0.00950861,0.268105,8599.26,0.695802,0.733158,-0.1,0.02,486.966,5.05037e+06,0.238446,0.071018,0.851347,0.00178976,-0.196438,nan,2.97921,nan,nan,nan,nan,-0.0357626,-0.0613606,-0.0134191,0.00735714,-0.354952,0,-0.0968281,-0.500488,nan
412,58.6607,957.375,0.0615502,0.291667,0.0416667,0.25483,1.91532,0.0424973,-0.0081391,1.08782,8.77915e-05,0.0132625,0.268056,7298.89,0.77062,0.912923,-0.1,0.02,488.652,5.06266e+06,0.217852,0.0703728,0.816105,0.00172354,-0.189834,nan,3.04988,nan,nan,nan,nan,-0.0376334,-0.0694126,-0.0131924,0.0068125,-0.339471,-0.000375,-0.0913945,-0.488395,nan
413,59.2429,1000,0.060646,0.25,0,0.25009,1.91194,0.0546249,-0.00774761,1.08539,8.77915e-05,0.0169171,0.268012,8198.02,0.814998,0.683901,-0.1,0.02,490.153,5.07494e+06,0.216625,0.0701458,0.853914,0.00163739,-0.196828,nan,3.08025,nan,nan,nan,nan,-0.0370925,-0.0644368,-0.0141427,0.00925,-0.354246,0,-0.0933172,-0.509614,nan
414,54.8908,930.571,0.0612159,0.25,0.0416667,0.251907,1.92081,0.0423681,-0.00767764,1.08193,8.77915e-05,0.00909258,0.267928,7327.75,0.740866,0.936047,-0.1,0.02,491.832,5.08723e+06,0.211482,0.0677418,0.792967,0.00182892,-0.184554,nan,2.83607,nan,nan,nan,nan,-0.0347301,-0.0629777,-0.0119369,0.00664286,-0.32944,0,-0.0898578,-0.458699,nan
415,48.1253,884.25,0.061109,0.125,0.0416667,0.250468,1.92834,0.0258382,-0.00654199,1.07722,8.77915e-05,0.0178066,0.267854,7918.51,0.750448,0.801359,-0.1,0.02,493.385,5.09952e+06,0.199047,0.0621938,0.744291,0.00153911,-0.173118,nan,2.5215,nan,nan,nan,nan,-0.03055,-0.0588724,-0.0113241,0.00725,-0.313917,0,-0.0844552,-0.457318,nan
416,57.2966,939.429,0.0613126,0.25,0.0416667,0.251219,1.95429,0.0422118,-0.00795587,1.07429,8.77915e-05,0.0121377,0.267816,7291.53,0.79596,0.889283,-0.1,0.02,495.073,5.11181e+06,0.207804,0.0730802,0.799338,0.00191775,-0.184832,nan,2.97964,nan,nan,nan,nan,-0.0364065,-0.0668231,-0.0133649,0.00771429,-0.332132,-0.000571429,-0.0927327,-0.477805,nan
417,56.3535,943.857,0.0616688,0.25,0.0416667,0.251208,1.92976,0.0382043,-0.00797685,1.07136,8.77915e-05,0.00969574,0.267753,6716.96,0.911047,0.918351,-0.1,0.02,496.906,5.1241e+06,0.197557,0.0672542,0.787558,0.00178899,-0.186808,nan,2.9895,nan,nan,nan,nan,-0.038445,-0.0723764,-0.0133495,0.00864286,-0.336313,-0.000428571,-0.0879016,-0.499003,nan
418,52.0294,845.75,0.0617936,0.125,0.0416667,0.251471,1.93685,0.0504242,-0.00712342,1.06757,8.77915e-05,0.0163219,0.267654,7834.39,0.75658,0.81189,-0.1,0.02,498.478,5.13638e+06,0.207866,0.0662729,0.718571,0.00167191,-0.167338,nan,2.66663,nan,nan,nan,nan,-0.0345907,-0.0645033,-0.0115844,0.010625,-0.299582,-0.0005,-0.0813077,-0.410755,nan
419,51.9036,914,0.061136,0.125,0.0416667,0.253166,1.93376,0.0402643,-0.00907439,1.062,8.77915e-05,0.014325,0.267516,8630.65,0.725274,0.698489,-0.1,0.02,499.905,5.14867e+06,0.203786,0.0711846,0.777011,0.00180454,-0.179575,nan,2.67638,nan,nan,nan,nan,-0.0335624,-0.0602828,-0.0115759,0.006875,-0.322044,-0.00025,-0.0935547,-0.441009,nan
420,46.8015,781.5,0.0616549,0.166667,0.0833333,0.25222,1.94849,0.0421536,-0.00847531,1.05571,8.77915e-05,0.0128881,0.267403,7295.69,0.81307,0.871212,-0.1,0.02,501.591,5.16096e+06,0.173748,0.0565072,0.660783,0.00151263,-0.154937,nan,2.45225,nan,nan,nan,nan,-0.0310645,-0.0534919,-0.0111492,0.00591667,-0.277347,-0.000166667,-0.0730496,-0.409439,nan
421,58.7519,951.6,0.0623605,0.166667,0.0416667,0.250986,1.89637,0.0516384,-0.00732149,1.05131,5.85277e-05,0.0246626,0.267328,8187.57,0.779739,0.721072,-0.1,0.02,503.094,5.17325e+06,0.226998,0.0661311,0.809114,0.00205805,-0.185577,nan,3.0309,nan,nan,nan,nan,-0.0377873,-0.071609,-0.0135452,0.008,-0.338339,0,-0.0894763,-0.469273,nan
422,46.3707,782.333,0.0610371,0.0833333,0.166667,0.250302,1.92764,0.0944924,-0.00664398,1.04881,5.85277e-05,0.0132551,0.267301,6772.69,0.749427,1.06492,-0.1,0.02,504.91,5.18554e+06,0.176484,0.0570392,0.664331,0.00158947,-0.155613,nan,2.40625,nan,nan,nan,nan,-0.0296262,-0.0519194,-0.0109544,0.0075,-0.278241,0,-0.073587,-0.394715,nan
423,52.5224,971.222,0.061092,0.333333,0.0416667,0.252688,1.91298,0.0434326,-0.00759026,1.0473,5.85277e-05,0.00724279,0.267282,6906.82,0.731688,1.04742,-0.1,0.02,506.692,5.19782e+06,0.21011,0.0686813,0.825726,0.00167186,-0.188778,nan,2.73133,nan,nan,nan,nan,-0.0340651,-0.0623075,-0.0123859,0.00733333,-0.344491,-0.000111111,-0.0898789,-0.486718,nan
424,59.1286,954.333,0.0607667,0.208333,0.0416667,0.253221,1.90671,0.02405,-0.00648259,1.04524,5.85277e-05,0.00870849,0.267225,7771.57,0.833662,0.747485,-0.1,0.02,508.275,5.21011e+06,0.231493,0.0674248,0.813118,0.00190739,-0.185751,nan,3.03625,nan,nan,nan,nan,-0.0374064,-0.0668136,-0.0138401,0.00925,-0.336983,-0.000166667,-0.0931462,-0.468908,nan
425,60.2486,1000,0.0606961,0.125,0,0.254175,1.90638,0.0275448,-0.00804696,1.04017,5.85277e-05,0.0104629,0.26707,7991.44,0.812879,0.724766,-0.1,0.02,509.815,5.2224e+06,0.201964,0.0712284,0.855893,0.00202707,-0.196486,nan,3.1465,nan,nan,nan,nan,-0.0407165,-0.0850212,-0.0138614,0.0095,-0.352403,0,-0.0945782,-0.491615,nan
426,62.7602,1000,0.0620501,0.208333,0,0.250045,1.9196,0.0341191,-0.0073188,1.03271,5.85277e-05,0.00840437,0.266964,7102.66,0.876665,0.853392,-0.1,0.02,511.546,5.23469e+06,0.233553,0.0740244,0.860162,0.00199526,-0.194032,nan,3.2112,nan,nan,nan,nan,-0.0400642,-0.0708761,-0.0145797,0.0081,-0.35417,-0.0002,-0.094147,-0.482956,nan
427,59.2679,964.4,0.0617133,0.166667,0.0416667,0.248429,1.93182,0.0254161,-0.00825483,1.02846,5.85277e-05,0.0106783,0.266911,7733.46,0.874427,0.714513,-0.1,0.02,513.137,5.24698e+06,0.211209,0.0732039,0.814144,0.0020364,-0.189112,nan,3.0891,nan,nan,nan,nan,-0.038213,-0.0784919,-0.0141764,0.0086,-0.340209,0,-0.0928089,-0.481887,nan
428,57.9177,970.444,0.0616265,0.291667,0.0833333,0.248688,1.88474,0.0650154,-0.00714582,1.02615,5.85277e-05,0.0119284,0.266905,6980.71,0.807918,0.952362,-0.1,0.02,514.9,5.25926e+06,0.20667,0.0691562,0.827152,0.0018331,-0.191896,nan,3.02233,nan,nan,nan,nan,-0.0374673,-0.0724393,-0.0130929,0.0085,-0.343461,0,-0.0959512,-0.48545,nan
429,62.0063,1000,0.0611203,0.125,0,0.252395,1.88904,0.025475,-0.00765639,1.02454,5.85277e-05,0.0120648,0.26685,7453.43,0.804747,0.84389,-0.1,0.02,516.551,5.27155e+06,0.226278,0.0740725,0.858635,0.00211316,-0.196632,nan,3.1995,nan,nan,nan,nan,-0.0402319,-0.075291,-0.0144345,0.009,-0.353861,0,-0.0939372,-0.494898,nan
430,61.8831,1000,0.0614337,0.125,0,0.252912,1.91821,0.0245532,-0.00712797,1.01946,5.85277e-05,0.00602732,0.266713,8071.03,0.763,0.759483,-0.1,0.02,518.075,5.28384e+06,0.259846,0.0736532,0.86046,0.00196076,-0.197047,nan,3.1625,nan,nan,nan,nan,-0.0388884,-0.0772044,-0.0146149,0.00916667,-0.353514,0,-0.0950723,-0.497089,nan
431,58.5282,1000,0.0604332,0.291667,0,0.252983,1.92159,0.0255571,-0.00649817,1.01299,5.85277e-05,0.00744643,0.266603,7026.74,1.03791,0.710841,-0.1,0.02,519.826,5.29613e+06,0.204572,0.0708205,0.854946,0.00171218,-0.195661,nan,3.066,nan,nan,nan,nan,-0.0375323,-0.0704228,-0.0139388,0.00807143,-0.35427,-0.000142857,-0.0951112,-0.512632,nan
432,60.9189,1000,0.0605982,0.166667,0,0.248179,1.9178,0.0252288,-0.00731047,1.00911,5.85277e-05,0.0135093,0.266549,7255.64,0.960025,0.733554,-0.1,0.02,521.521,5.30842e+06,0.189557,0.0685346,0.856244,0.0019445,-0.194415,nan,3.20513,nan,nan,nan,nan,-0.0401612,-0.0769795,-0.0143302,0.0075,-0.353825,0,-0.0938654,-0.509386,nan
433,62.9797,1000,0.0619524,0.25,0,0.2519,1.89401,0.0247933,-0.00566797,1.00533,5.85277e-05,0.00911057,0.266438,8284.99,0.781029,0.702135,-0.1,0.02,523.006,5.3207e+06,0.246446,0.072098,0.858444,0.00216895,-0.196836,nan,3.23025,nan,nan,nan,nan,-0.0395863,-0.0732998,-0.0141315,0.0105833,-0.35248,0,-0.0960944,-0.498575,nan
434,60.8491,1000,0.057594,11.4583,0,0.285784,1.91714,0.0521824,-0.0077334,0.999821,5.85277e-05,0.013221,0.266351,8286.74,0.873096,0.609755,-0.1,0.02,524.49,5.33299e+06,0.22282,0.0739149,0.85625,0.00192679,-0.195886,nan,3.14463,nan,nan,nan,nan,-0.0384437,-0.0708897,-0.0138399,0.00897273,-0.353193,-0.000174545,-0.0964256,-0.497211,nan
435,53.34,869.312,0.0616327,0.541667,0.125,0.252182,1.90983,0.0548574,-0.00682939,0.997156,5.85277e-05,0.00989335,0.266333,8103.13,0.816968,0.699484,-0.1,0.02,526.009,5.34528e+06,0.193366,0.0668988,0.743746,0.0016738,-0.168571,nan,2.75541,nan,nan,nan,nan,-0.0344077,-0.059873,-0.0121776,0.00775,-0.30551,-0.0008125,-0.0873543,-0.433134,nan
436,57.3611,927.231,0.0606099,0.5,0.0416667,0.250163,1.89321,0.0278829,-0.00771243,0.996207,5.85277e-05,0.010659,0.266319,7744.75,0.79081,0.795814,-0.1,0.02,527.597,5.35757e+06,0.204417,0.0700876,0.789842,0.00186991,-0.181183,nan,2.96665,nan,nan,nan,nan,-0.0362351,-0.0649806,-0.0131684,0.00984615,-0.328171,-0.000230769,-0.0888441,-0.461848,nan
437,60.0913,1000,0.0621002,0.166667,0,0.24889,1.87162,0.0271419,-0.00715886,0.994012,5.85277e-05,0.00766811,0.266266,7280.3,0.743558,0.944284,-0.1,0.02,529.288,5.36986e+06,0.214536,0.072674,0.856113,0.00206606,-0.197629,nan,3.1245,nan,nan,nan,nan,-0.0383662,-0.0736941,-0.0135736,0.009125,-0.353888,0,-0.0921747,-0.505124,nan
438,59.2963,1000,0.0619712,0.166667,0,0.252443,1.91565,0.0392367,-0.00632438,0.991739,5.85277e-05,0.0112918,0.266256,7389.84,0.78124,0.881583,-0.1,0.02,530.952,5.38214e+06,0.216961,0.0778212,0.860154,0.00177079,-0.19776,nan,3.04725,nan,nan,nan,nan,-0.0372979,-0.0704524,-0.0143371,0.00825,-0.354688,0,-0.0880226,-0.484832,nan
439,48.3909,779,0.0608724,0.125,0.0416667,0.249104,1.93845,0.0267207,-0.00685925,0.990773,5.85277e-05,0.0071915,0.266244,8558.49,0.725017,0.71075,-0.1,0.02,532.39,5.39443e+06,0.152538,0.0526669,0.665586,0.0016208,-0.151241,nan,2.52375,nan,nan,nan,nan,-0.0307071,-0.0583268,-0.0106417,0.005875,-0.273723,0,-0.0748036,-0.383051,nan
440,52.8328,860,0.0609401,0.208333,0.0416667,0.248719,1.91946,0.0502923,-0.00523538,0.989034,5.85277e-05,0.00987429,0.266203,11599.7,0.624611,0.434727,-0.1,0.02,533.451,5.40672e+06,0.197977,0.0660719,0.735056,0.00177839,-0.168028,nan,2.71675,nan,nan,nan,nan,-0.0335247,-0.0594512,-0.0116728,0.00775,-0.304342,0,-0.086201,-0.420523,nan
441,52.0898,836,0.0615451,0.208333,0.0416667,0.249821,1.89849,0.0372461,-0.00772733,0.985892,8.77915e-05,0.0043951,0.266136,12429.5,0.572284,0.41633,-0.1,0.02,534.444,5.41901e+06,0.194742,0.0599243,0.717946,0.00189225,-0.163641,nan,2.68175,nan,nan,nan,nan,-0.0324963,-0.0603919,-0.0122745,0.00791667,-0.296754,-0.0005,-0.0804443,-0.413178,nan
442,59.2,1000,0.0615108,0.375,0,0.25292,1.90234,0.0261214,-0.00665109,0.981593,8.77915e-05,0.00570526,0.266028,12898.3,0.562982,0.389701,-0.1,0.02,535.398,5.4313e+06,0.234464,0.0739835,0.858783,0.00190324,-0.194706,nan,3.051,nan,nan,nan,nan,-0.0369971,-0.0693065,-0.0138878,0.00772222,-0.353947,0,-0.0960982,-0.502914,nan
443,61.2501,1000,0.0613073,0.458333,0,0.254071,1.9268,0.0316935,-0.00821019,0.975655,8.77915e-05,0.0120761,0.265902,14036,0.520577,0.354887,-0.1,0.02,536.275,5.44358e+06,0.205154,0.0711876,0.861498,0.00199132,-0.193963,nan,3.17591,nan,nan,nan,nan,-0.0391999,-0.0717025,-0.014174,0.00863636,-0.352677,0,-0.0963295,-0.493826,nan
444,49.7933,808.25,0.0616586,0.125,0.0416667,0.254729,1.96247,0.0276714,-0.00789599,0.970825,8.77915e-05,0.012184,0.265844,7428.65,0.866207,0.787929,-0.1,0.02,537.931,5.45587e+06,0.177575,0.0571639,0.683719,0.00164641,-0.158264,nan,2.61263,nan,nan,nan,nan,-0.0318877,-0.0592953,-0.0108889,0.006625,-0.286315,-0.00175,-0.0804512,-0.42084,nan
445,51.8716,919.778,0.0618563,0.333333,0.0416667,0.2526,1.92454,0.0561325,-0.00724646,0.968499,8.77915e-05,0.0113412,0.265834,6735.09,1.02864,0.795833,-0.1,0.02,539.757,5.46816e+06,0.198968,0.0638319,0.788682,0.00164339,-0.177997,nan,2.68183,nan,nan,nan,nan,-0.0327819,-0.06032,-0.0119736,0.00722222,-0.324803,0,-0.085993,-0.454731,nan
446,49.8462,808.875,0.0609893,0.208333,0.125,0.251509,1.94254,0.0487039,-0.00846575,0.967571,8.77915e-05,0.00870522,0.265814,7704.28,0.99533,0.599628,-0.1,0.02,541.354,5.48045e+06,0.187817,0.0603622,0.694818,0.00172146,-0.158679,nan,2.56988,nan,nan,nan,nan,-0.0311398,-0.0595984,-0.0112854,0.0078125,-0.28643,0,-0.0804789,-0.402483,nan
447,59.3534,1000,0.0608316,0.25,0,0.251932,1.90598,0.0284638,-0.00797419,0.965783,8.77915e-05,0.0141009,0.265771,7869.63,0.847347,0.714098,-0.1,0.02,542.917,5.49274e+06,0.213375,0.0763188,0.853146,0.00187898,-0.195025,nan,3.09425,nan,nan,nan,nan,-0.038166,-0.0729555,-0.0138452,0.00941667,-0.353504,-0.000166667,-0.0930724,-0.513978,nan
448,62.341,1000,0.0607504,0.0833333,0,0.247517,1.91979,0.0292331,-0.00718838,0.963178,8.77915e-05,0.0179348,0.265743,7728.72,0.757117,0.832797,-0.1,0.02,544.51,5.50502e+06,0.228635,0.0650051,0.847147,0.00204091,-0.192116,nan,3.24975,nan,nan,nan,nan,-0.0405815,-0.07452,-0.0125733,0.0115,-0.351229,-0.0015,-0.103817,-0.510692,nan
449,58.849,951.286,0.0615957,0.25,0.0416667,0.249276,1.94504,0.0347507,-0.00650276,0.961703,8.77915e-05,0.0139766,0.265748,7310.15,0.770356,0.910595,-0.1,0.02,546.193,5.51731e+06,0.19579,0.0675961,0.81479,0.00192081,-0.184792,nan,3.06429,nan,nan,nan,nan,-0.0369294,-0.0684732,-0.0135189,0.0095,-0.33655,0,-0.0923799,-0.478791,nan
450,57.5017,1000,0.0620775,0.166667,0,0.25044,1.95327,0.0274147,-0.00709862,0.959727,8.77915e-05,0.0132068,0.265666,7669.18,0.700139,0.902119,-0.1,0.02,547.798,5.5296e+06,0.221744,0.0728487,0.85735,0.00177482,-0.194055,nan,2.95463,nan,nan,nan,nan,-0.0352852,-0.0617692,-0.0137078,0.0075,-0.350395,0,-0.0945102,-0.491036,nan
451,49.6626,832.571,0.0605665,0.208333,0.0833333,0.249868,1.91266,0.037059,-0.00681222,0.954186,8.77915e-05,0.00571641,0.265571,7310,0.788342,0.892643,-0.1,0.02,549.481,5.54189e+06,0.191002,0.0536631,0.713035,0.001791,-0.161544,nan,2.58943,nan,nan,nan,nan,-0.0314794,-0.0580571,-0.011796,0.007,-0.293831,0,-0.0814422,-0.434642,nan
452,27.796,441,0.0612515,0,0.0416667,0.252855,1.90387,0.0570258,-0.00760351,0.949683,8.77915e-05,0.0111867,0.265487,7871.29,0.721659,0.839457,-0.1,0.02,551.045,5.55418e+06,0.0917036,0.0358888,0.376585,0.00157278,-0.0846092,nan,1.4415,nan,nan,nan,nan,-0.0161468,-0.0254942,-0.00598951,0.0055,-0.155553,0,-0.0430013,-0.232158,nan
453,59.9067,960.455,0.0604699,0.416667,0.0416667,0.251624,1.93728,0.029878,-0.00680308,0.944638,8.77915e-05,0.0126853,0.265351,7393.28,0.805238,0.856811,-0.1,0.02,552.709,5.56646e+06,0.209234,0.0729299,0.822034,0.00195764,-0.186038,nan,3.09232,nan,nan,nan,nan,-0.0366305,-0.0684213,-0.0133734,0.00886364,-0.33814,0,-0.095191,-0.47421,nan
454,61.0986,1000,0.0619731,0.333333,0,0.248296,1.90555,0.0335702,-0.00706303,0.93745,8.77915e-05,0.0134289,0.265201,7894.52,0.854229,0.702294,-0.1,0.02,554.267,5.57875e+06,0.222833,0.0735666,0.859601,0.00188255,-0.194696,nan,3.153,nan,nan,nan,nan,-0.0379871,-0.0680422,-0.014299,0.008125,-0.355284,-0.000125,-0.093679,-0.499965,nan
455,61.897,995.667,0.0618413,0.208333,0.0416667,0.249898,1.91119,0.030691,-0.00767967,0.930708,8.77915e-05,0.0106554,0.265087,8133.93,0.789089,0.721619,-0.1,0.02,555.78,5.59104e+06,0.246154,0.0755422,0.854919,0.00193837,-0.192807,nan,3.168,nan,nan,nan,nan,-0.0387519,-0.0717841,-0.0141726,0.00891667,-0.349277,0,-0.099774,-0.494053,nan
456,62.726,1000,0.0614047,0.291667,0,0.250266,1.88282,0.0314578,-0.0073668,0.924384,8.77915e-05,0.0194584,0.264914,8919.28,0.77418,0.603509,-0.1,0.02,557.162,5.60333e+06,0.221828,0.0756035,0.863457,0.00189137,-0.193904,nan,3.21621,nan,nan,nan,nan,-0.037669,-0.0665852,-0.0139053,0.00878571,-0.351025,0,-0.0992025,-0.489189,nan
457,62.8371,1000,0.0609585,0.125,0,0.251227,1.89644,0.026447,-0.00844831,0.91702,8.77915e-05,0.0105914,0.264762,7542.02,0.749903,0.879368,-0.1,0.02,558.793,5.61562e+06,0.222175,0.0646191,0.866305,0.00203621,-0.193146,nan,3.234,nan,nan,nan,nan,-0.0388938,-0.0747579,-0.0144402,0.00933333,-0.353561,0,-0.0924155,-0.4894,nan
458,61.9391,1000,0.0619935,0.291667,0,0.251356,1.89987,0.0392317,-0.00856065,0.910198,8.77915e-05,0.00757989,0.264634,6865.38,0.73923,1.05062,-0.1,0.02,560.585,5.6279e+06,0.21254,0.0704153,0.861429,0.00192741,-0.190891,nan,3.21514,nan,nan,nan,nan,-0.0378921,-0.0676613,-0.0137851,0.00971429,-0.348331,0,-0.104609,-0.511044,nan
459,54.108,873.143,0.0616649,0.25,0.0416667,0.248401,1.90856,0.0314987,-0.00797276,0.90351,8.77915e-05,0.00927978,0.264479,8253.85,0.706136,0.782624,-0.1,0.02,562.075,5.64019e+06,0.20884,0.0663393,0.748679,0.0017883,-0.167047,nan,2.784,nan,nan,nan,nan,-0.0334398,-0.0642953,-0.0125496,0.00814286,-0.308121,-0.000142857,-0.079773,-0.447023,nan
460,59.5024,1000,0.0614627,0.166667,0,0.247424,1.88834,0.0274123,-0.00740246,0.896971,8.77915e-05,0.0103151,0.264391,7601.82,0.695777,0.920678,-0.1,0.02,563.694,5.65248e+06,0.230715,0.0688053,0.869153,0.00191903,-0.193449,nan,3.027,nan,nan,nan,nan,-0.0367312,-0.0722688,-0.0136218,0.011,-0.353457,0,-0.0895966,-0.474348,nan
461,61.184,1000,0.0619126,0.166667,0,0.249155,1.94827,0.0268295,-0.00726092,0.892295,8.77915e-05,0.0128197,0.264268,7620.74,0.750015,0.862427,-0.1,0.02,565.308,5.66477e+06,0.231816,0.071803,0.86507,0.00199813,-0.192925,nan,3.13575,nan,nan,nan,nan,-0.0364611,-0.068036,-0.0134664,0.008125,-0.353395,0,-0.0948812,-0.496198,nan
462,59.6086,1000,0.0612991,0.166667,0,0.251949,1.90398,0.039425,-0.00759819,0.886617,8.77915e-05,0.0126807,0.264185,8220.4,0.715487,0.779331,-0.1,0.02,566.806,5.67706e+06,0.244022,0.0806396,0.861863,0.00191574,-0.192826,nan,3.01313,nan,nan,nan,nan,-0.0356034,-0.0627907,-0.0126708,0.00775,-0.349819,0,-0.101022,-0.474152,nan
463,47.0753,854,0.0618183,0.25,0.0833333,0.251427,1.92151,0.0364232,-0.00629637,0.882671,8.77915e-05,0.0122807,0.2641,6589.9,0.877271,0.987402,-0.1,0.02,568.673,5.68934e+06,0.188831,0.0636017,0.733387,0.00147646,-0.165861,nan,2.41781,nan,nan,nan,nan,-0.0286709,-0.048658,-0.0104407,0.006,-0.2998,-0.0005,-0.0817754,-0.421639,nan
464,60.6037,969.222,0.0622637,0.333333,0.0416667,0.246479,1.87507,0.0265279,-0.00743474,0.878162,8.77915e-05,0.0108462,0.264026,7839.61,0.781967,0.785458,-0.1,0.02,570.243,5.70163e+06,0.213049,0.0668839,0.837819,0.00193797,-0.184447,nan,3.106,nan,nan,nan,nan,-0.0372549,-0.06683,-0.0132438,0.00888889,-0.340155,0,-0.0921596,-0.470304,nan
465,63.39,1000,0.0612326,0.333333,0,0.25171,1.90361,0.0243788,-0.00865198,0.873614,8.77915e-05,0.00964146,0.263938,7584.23,0.830356,0.789848,-0.1,0.02,571.865,5.71392e+06,0.232998,0.0752836,0.862487,0.00204836,-0.192094,nan,3.22913,nan,nan,nan,nan,-0.0374149,-0.0655329,-0.0128105,0.0085,-0.349656,0,-0.097214,-0.486221,nan
466,56.0524,935.5,0.0619244,0.125,0.0416667,0.250249,1.90978,0.048737,-0.00801174,0.869208,8.77915e-05,0.0139089,0.263861,7627.58,0.89408,0.716916,-0.1,0.02,573.478,5.72621e+06,0.22137,0.0680935,0.807434,0.00179796,-0.181303,nan,2.85038,nan,nan,nan,nan,-0.033317,-0.0584732,-0.0123478,0.007125,-0.329169,-0.00025,-0.0924968,-0.446216,nan
467,59.6147,957.2,0.0623214,0.166667,0.0416667,0.251389,1.91688,0.0285389,-0.00746334,0.865147,8.77915e-05,0.011216,0.263746,8377.05,0.884866,0.581998,-0.1,0.02,574.946,5.7385e+06,0.222971,0.0733759,0.820879,0.00210012,-0.181102,nan,3.0261,nan,nan,nan,nan,-0.036469,-0.0609725,-0.0130495,0.0077,-0.337515,-0.001,-0.0911059,-0.451177,nan
468,61.5464,1000,0.0618585,0.166667,0,0.250461,1.91702,0.0285195,-0.00573655,0.858765,8.77915e-05,0.0120563,0.263613,9033.49,0.855552,0.504719,-0.1,0.02,576.308,5.75078e+06,0.187314,0.0758524,0.852124,0.00211009,-0.194448,nan,3.22238,nan,nan,nan,nan,-0.0365712,-0.0681892,-0.0142035,0.009875,-0.353509,-0.00025,-0.0975586,-0.5076,nan
469,51.0668,817,0.0616405,0.333333,0.0833333,0.25059,1.91054,0.046809,-0.00823135,0.85368,8.77915e-05,0.0178054,0.263569,8032.13,1.04876,0.481095,-0.1,0.02,577.85,5.76307e+06,0.170733,0.0584577,0.701427,0.00171894,-0.157425,nan,2.64075,nan,nan,nan,nan,-0.0314122,-0.0560375,-0.0116448,0.00825,-0.286967,0,-0.0792491,-0.40526,nan
470,55.6487,1000,0.0616764,0.25,0,0.250028,1.92365,0.0536035,-0.00896582,0.851769,8.77915e-05,0.0158173,0.263515,8150.76,1.05295,0.454641,-0.1,0.02,579.36,5.77536e+06,0.211908,0.0766123,0.858781,0.00172325,-0.194526,nan,2.843,nan,nan,nan,nan,-0.0324512,-0.0598644,-0.0121179,0.00716667,-0.351083,0,-0.0912484,-0.475463,nan
471,42.2954,665.667,0.0616927,0.0416667,0.0833333,0.25047,1.91599,0.0463886,-0.0075401,0.848889,8.77915e-05,0.0140681,0.263473,8356.35,0.919984,0.550514,-0.1,0.02,580.832,5.78765e+06,0.144477,0.0572226,0.566249,0.00157852,-0.127453,nan,2.18,nan,nan,nan,nan,-0.0257361,-0.042847,-0.00886135,0.00533333,-0.233552,0,-0.0674064,-0.334236,nan
472,60.023,949.667,0.0623216,0.208333,0.0416667,0.249568,1.92802,0.0305983,-0.00754987,0.846451,8.77915e-05,0.0101965,0.263411,7840.32,0.976429,0.590853,-0.1,0.02,582.401,5.79994e+06,0.209678,0.0666915,0.814495,0.00213897,-0.18225,nan,3.09525,nan,nan,nan,nan,-0.036353,-0.0703277,-0.0132774,0.00783333,-0.334217,0,-0.0884214,-0.470092,nan
473,62.7819,1000,0.0614855,0.333333,0,0.251284,1.91211,0.0458442,-0.00733633,0.842684,8.77915e-05,0.00594344,0.263334,8671.16,0.857991,0.559121,-0.1,0.02,583.82,5.81222e+06,0.230762,0.0736315,0.866368,0.00214887,-0.192004,nan,3.19856,nan,nan,nan,nan,-0.0372284,-0.0662418,-0.0138235,0.0085625,-0.350875,0,-0.0964982,-0.48427,nan
474,62.6346,991.4,0.0621364,0.166667,0.0416667,0.24957,1.88953,0.0363112,-0.00711237,0.839255,8.77915e-05,0.00915424,0.263288,8276.49,0.864746,0.619942,-0.1,0.02,585.306,5.82451e+06,0.222998,0.0769825,0.851715,0.00232275,-0.192646,nan,3.2226,nan,nan,nan,nan,-0.038198,-0.0711953,-0.0142321,0.0103,-0.34936,0,-0.093394,-0.496161,nan
475,61.2126,997.251,0.0616035,10.9167,0.0416667,0.253504,1.92275,0.0275312,-0.00881487,0.835254,8.77915e-05,0.00810301,0.263174,7886.44,0.894534,0.663583,-0.1,0.02,586.866,5.8368e+06,0.227835,0.0738102,0.86239,0.00205537,-0.190985,nan,3.12536,nan,nan,nan,nan,-0.036869,-0.0659234,-0.0132986,0.00826996,-0.350647,-0.000102662,-0.0941777,-0.48708,nan
476,60.4976,1000,0.0607752,0.458333,0,0.279331,1.91496,0.031293,-0.00772964,0.826497,8.77915e-05,0.0149578,0.262956,9042.26,0.738861,0.620091,-0.1,0.02,588.226,5.84909e+06,0.220848,0.0764333,0.865453,0.00201156,-0.190648,nan,3.08659,nan,nan,nan,nan,-0.0364524,-0.0641227,-0.0134222,0.00890909,-0.350606,0,-0.0965234,-0.483592,nan
477,59.6278,953.583,0.0620397,0.458333,0.0416667,0.249385,1.89181,0.0272505,-0.00650184,0.818128,8.77915e-05,0.00869979,0.262848,7955.99,0.703608,0.840889,-0.1,0.02,589.773,5.86138e+06,0.204415,0.0729794,0.82395,0.00201364,-0.18192,nan,3.0585,nan,nan,nan,nan,-0.0361018,-0.0648149,-0.0126383,0.00841667,-0.333955,0,-0.0925678,-0.466885,nan
478,61.9685,1000,0.0613098,0.416667,0,0.250549,1.88864,0.03042,-0.00717563,0.813885,8.77915e-05,0.0112459,0.262784,7955.84,0.709241,0.835285,-0.1,0.02,591.319,5.87366e+06,0.226384,0.0778417,0.864064,0.00220941,-0.191284,nan,3.15915,nan,nan,nan,nan,-0.0378319,-0.0647298,-0.0134328,0.00785,-0.351237,-0.0005,-0.0915173,-0.488544,nan
479,62.7434,1000,0.0622268,0.125,0,0.249765,1.90674,0.0280676,-0.00694298,0.809607,8.77915e-05,0.0115548,0.262664,8914.61,0.682396,0.696015,-0.1,0.02,592.7,5.88595e+06,0.249074,0.074011,0.873094,0.0019994,-0.189657,nan,3.154,nan,nan,nan,nan,-0.0373715,-0.0629113,-0.013113,0.00983333,-0.350224,0,-0.096561,-0.475005,nan
480,63.1622,1000,0.0613539,0.25,0,0.248134,1.89594,0.0259605,-0.00819692,0.802487,8.77915e-05,0.00835846,0.262514,7637.18,0.759966,0.849005,-0.1,0.02,594.311,5.89824e+06,0.226648,0.0742151,0.865763,0.0022486,-0.189722,nan,3.2045,nan,nan,nan,nan,-0.0394051,-0.0690646,-0.0140703,0.00833333,-0.352093,0,-0.0903346,-0.468911,nan
481,62.4737,1000,0.0625119,0.25,0,0.24654,1.87055,0.0264558,-0.00702173,0.794833,8.77915e-05,0.00781201,0.262379,7952.46,0.787842,0.757341,-0.1,0.02,595.859,5.91053e+06,0.205841,0.0768091,0.866194,0.00212641,-0.189604,nan,3.1925,nan,nan,nan,nan,-0.0387862,-0.0655152,-0.0132202,0.006,-0.352305,-0.000833333,-0.0898239,-0.475696,nan
482,62.5818,1000,0.0621204,0.0833333,0,0.246007,1.86156,0.0275932,-0.00826271,0.788797,8.77915e-05,0.0151325,0.262283,8012.33,0.672205,0.861432,-0.1,0.02,597.394,5.92282e+06,0.196222,0.0793645,0.857564,0.00239194,-0.190892,nan,3.219,nan,nan,nan,nan,-0.0375922,-0.0725196,-0.0136852,0.008,-0.35361,0,-0.0821584,-0.482993,nan
483,58.9096,1000,0.0627695,0.291667,0,0.250251,1.89213,0.0267003,-0.00687553,0.783494,8.77915e-05,0.0142321,0.262174,7680.38,0.746005,0.853915,-0.1,0.02,598.996,5.9351e+06,0.213882,0.0800855,0.862519,0.00213578,-0.190498,nan,3.00729,nan,nan,nan,nan,-0.0370283,-0.0664753,-0.013129,0.00807143,-0.352089,-0.000142857,-0.0894884,-0.479651,nan
484,61.9511,1000,0.0622944,0.25,0,0.248165,1.88898,0.0379265,-0.00765145,0.778513,8.77915e-05,0.0182803,0.262131,8657.47,0.756287,0.663065,-0.1,0.02,600.417,5.94739e+06,0.231477,0.0700303,0.866871,0.00217682,-0.188709,nan,3.15275,nan,nan,nan,nan,-0.0380572,-0.0665052,-0.0137498,0.00841667,-0.353292,0,-0.0873052,-0.486545,nan
